PNDiscReq,66566
FindNodeRsp,65759
PNHello,210136
PNDiscRsp,97151
UpdateRouteReq,65210
QueryRouteRsp,121921
QueryRouteReq,187788
UpdateRouteReq,121759
QueryRouteReq,195451
UpdateRouteReq,172541
QueryRouteRsp,100748
PathSetupReq,109418
PathSetupReq,57095
QueryRouteReq,179405
QueryRouteRsp,168882
UpdateRouteReq,179183
UpdateRouteReq,125415
UpdateRouteReq,51674
UpdateRouteReq,47003
UpdateRouteReq,53419
FindNodeReq,165784
FindNodeReq,171027
PNDiscReq,233449
FindNodeRsp,111876
PNHello,126307
PNDiscRsp,66865
UpdateRouteReq,416984
UpdateRouteReq,508207
UpdateRouteReq,557742
UpdateRouteReq,47678
UpdateRouteReq,80660
QueryRouteReq,243887
UpdateRouteReq,164080
UpdateRouteReq,61539
QueryRouteRsp,131589
PathSetupReq,63734
FindNodeRsp,133426
FindNodeReq,201228
FindNodeRsp,128952
PNDiscReq,135604
FindNodeReq,179849
FindNodeRsp,127166
PNHello,203055
PNDiscRsp,71073
FindNodeRsp,122584
FindNodeReq,224985
FindNodeRsp,141909
FindNodeRsp,125323
PNDiscReq,243735
FindNodeRsp,120048
FindNodeRsp,133043
FindNodeRsp,137924
FindNodeRsp,143751
PNHello,124194
PNDiscRsp,68370
FindNodeRsp,178831
FindNodeReq,178510
FindNodeRsp,127501
FindNodeReq,179071
FindNodeReq,206643
FindNodeRsp,111409
FindNodeReq,172390
FindNodeReq,176800
FindNodeRsp,138133
FindNodeRsp,130484
FindNodeRsp,135797
FindNodeRsp,127889
PNDiscReq,131659
FindNodeRsp,117774
FindNodeRsp,133061
FindNodeRsp,135926
FindNodeRsp,122450
FindNodeRsp,127396
FindNodeReq,176272
FindNodeRsp,138997
PNHello,124084
PNDiscRsp,66974
FindNodeRsp,128228
FindNodeRsp,128566
FindNodeRsp,128901
FindNodeReq,176212
FindNodeReq,252882
FindNodeRsp,141676
FindNodeReq,178937
FindNodeRsp,136033
FindNodeRsp,123021
FindNodeReq,170229
FindNodeRsp,130270
FindNodeRsp,136157
FindNodeReq,173160
FindNodeReq,179333
FindNodeRsp,127070
FindNodeReq,178287
FindNodeRsp,136817
FindNodeReq,177851
FindNodeRsp,126525
FindNodeRsp,128267
FindNodeReq,176298
FindNodeRsp,135054
FindNodeRsp,132070
FindNodeReq,174760
PNDiscReq,129829
FindNodeRsp,140010
FindNodeRsp,144771
FindNodeReq,175109
FindNodeReq,173580
FindNodeRsp,126757
FindNodeRsp,143019
FindNodeRsp,127349
FindNodeRsp,134289
FindNodeReq,170749
FindNodeRsp,125422
FindNodeRsp,130449
FindNodeReq,172872
FindNodeRsp,120257
FindNodeRsp,170815
PathSetupReq,83467
FindNodeRsp,134449
FindNodeRsp,138793
FindNodeRsp,135054
PathSetupReq,82039
PathSetupReq,56339
FindNodeRsp,139606
FindNodeReq,172833
PathSetupReq,81802
FindNodeRsp,147112
FindNodeRsp,112662
PathSetupReq,106909
PathSetupReq,74627
PathSetupReq,76775
FindNodeReq,130159
PathSetupReq,56771
FindNodeReq,136890
PathSetupReq,122732
PNHello,125093
PNDiscRsp,69044
FindNodeRsp,150480
FindNodeRsp,126721
FindNodeRsp,128537
FindNodeRsp,142315
FindNodeRsp,123837
FindNodeRsp,125609
FindNodeRsp,124812
FindNodeRsp,134226
FindNodeRsp,135969
FindNodeRsp,124181
FindNodeRsp,141988
FindNodeRsp,133227
FindNodeRsp,128045
FindNodeRsp,115572
FindNodeReq,128566
FindNodeRsp,112957
FindNodeRsp,134895
FindNodeRsp,142879
FindNodeReq,163869
FindNodeReq,173676
FindNodeReq,176856
FindNodeRsp,123362
FindNodeReq,178124
FindNodeRsp,131487
FindNodeReq,179366
FindNodeRsp,123377
FindNodeRsp,126141
FindNodeRsp,131202
FindNodeRsp,139053
FindNodeRsp,134677
FindNodeReq,177464
FindNodeRsp,133027
PNDiscReq,135385
FindNodeRsp,154125
FindNodeReq,178050
FindNodeReq,177576
FindNodeRsp,141163
FindNodeRsp,124415
FindNodeRsp,135791
FindNodeReq,177799
FindNodeReq,129727
FindNodeReq,138277
FindNodeRsp,128953
FindNodeRsp,111729
FindNodeReq,174597
FindNodeRsp,123933
FindNodeReq,176526
FindNodeRsp,125851
FindNodeReq,175536
FindNodeRsp,133975
FindNodeRsp,128609
FindNodeReq,179560
FindNodeReq,254888
FindNodeRsp,126013
FindNodeRsp,128777
FindNodeReq,175652
FindNodeRsp,141572
FindNodeRsp,140453
FindNodeReq,111739
FindNodeRsp,117255
FindNodeRsp,127532
FindNodeRsp,129357
FindNodeRsp,145285
FindNodeReq,177548
FindNodeRsp,140857
FindNodeReq,169918
FindNodeRsp,118785
FindNodeRsp,140102
FindNodeRsp,126630
FindNodeReq,173433
FindNodeRsp,130105
FindNodeReq,181072
FindNodeRsp,133853
FindNodeRsp,126386
FindNodeReq,176341
FindNodeRsp,156248
PathSetupReq,85705
FindNodeRsp,142378
FindNodeRsp,124334
FindNodeReq,174540
FindNodeRsp,130332
PathSetupReq,175011
PathSetupReq,96713
FindNodeRsp,139042
PathSetupReq,83423
FindNodeRsp,153904
FindNodeRsp,139495
PathSetupReq,79562
FindNodeRsp,124793
PathSetupReq,74315
PathSetupReq,81766
PathSetupReq,65107
FindNodeReq,178325
FindNodeReq,173784
PathSetupReq,62083
FindNodeReq,176735
FindNodeRsp,122183
FindNodeReq,175808
FindNodeReq,171712
FindNodeRsp,146092
PNHello,123478
PNDiscRsp,67111
FindNodeRsp,120573
FindNodeReq,179828
FindNodeRsp,120244
FindNodeRsp,124733
FindNodeRsp,142481
FindNodeRsp,136626
FindNodeReq,177625
FindNodeRsp,136814
FindNodeRsp,171589
FindNodeRsp,121218
FindNodeRsp,121745
FindNodeReq,178296
FindNodeRsp,125932
FindNodeReq,172085
FindNodeRsp,131539
FindNodeRsp,109694
FindNodeReq,177976
FindNodeReq,178080
FindNodeRsp,125277
FindNodeRsp,132422
FindNodeRsp,119251
FindNodeRsp,134743
FindNodeRsp,131221
FindNodeReq,170975
FindNodeRsp,116602
FindNodeRsp,128242
FindNodeRsp,135950
FindNodeRsp,127802
FindNodeReq,179880
FindNodeRsp,123589
FindNodeRsp,137085
FindNodeRsp,142602
FindNodeReq,178269
FindNodeRsp,152626
FindNodeRsp,130207
FindNodeReq,175020
FindNodeReq,175258
FindNodeRsp,124105
FindNodeRsp,128277
FindNodeRsp,142069
FindNodeRsp,148853
FindNodeRsp,127026
FindNodeRsp,144968
FindNodeRsp,134037
FindNodeReq,177706
FindNodeRsp,136699
FindNodeRsp,133578
FindNodeRsp,130401
FindNodeReq,179120
FindNodeRsp,110112
FindNodeRsp,128793
FindNodeRsp,130125
FindNodeRsp,145721
FindNodeReq,175940
FindNodeReq,177156
FindNodeRsp,129058
FindNodeRsp,114338
FindNodeReq,180392
FindNodeRsp,136847
FindNodeRsp,129141
FindNodeRsp,134776
FindNodeRsp,142821
FindNodeRsp,136718
FindNodeRsp,139001
PathSetupReq,43474
FindNodeRsp,55849
FindNodeReq,116335
FindNodeReq,82025
FindNodeRsp,56997
PathSetupReq,37364
PathSetupReq,30709
FindNodeRsp,57297
PNDiscReq,132610
FindNodeReq,111923
FindNodeRsp,61522
PathSetupReq,30486
FindNodeRsp,135950
FindNodeRsp,135173
PathSetupReq,28983
PathSetupReq,34830
PathSetupReq,39101
FindNodeRsp,105701
PathSetupReq,38949
FindNodeReq,87319
FindNodeReq,127388
PathSetupReq,49366
FindNodeRsp,87706
FindNodeRsp,146639
FindNodeReq,175978
FindNodeRsp,138309
FindNodeRsp,139550
FindNodeRsp,118001
FindNodeRsp,140989
FindNodeRsp,143970
FindNodeRsp,135182
FindNodeRsp,137411
FindNodeRsp,135523
FindNodeReq,171523
FindNodeReq,176805
FindNodeRsp,135456
FindNodeRsp,142861
FindNodeRsp,170841
FindNodeRsp,136097
FindNodeReq,198210
FindNodeReq,218930
FindNodeRsp,140588
FindNodeRsp,111444
FindNodeRsp,119933
FindNodeReq,175253
FindNodeReq,175596
PNHello,124644
PNDiscRsp,67130
FindNodeRsp,133813
FindNodeRsp,140885
FindNodeRsp,123152
FindNodeRsp,140757
FindNodeRsp,114732
FindNodeRsp,136883
FindNodeRsp,137682
FindNodeRsp,132987
FindNodeRsp,143011
FindNodeReq,177028
FindNodeReq,175956
FindNodeRsp,140648
FindNodeRsp,119678
FindNodeRsp,119366
FindNodeReq,168885
FindNodeRsp,137377
FindNodeRsp,137442
FindNodeRsp,114121
PathSetupReq,66503
FindNodeRsp,140557
FindNodeReq,180731
FindNodeRsp,135646
PathSetupReq,84029
FindNodeRsp,129370
FindNodeRsp,137161
PathSetupReq,77624
PathSetupReq,76906
PathSetupReq,95787
PathSetupReq,139332
FindNodeReq,126722
FindNodeRsp,145784
FindNodeReq,177660
FindNodeRsp,131558
FindNodeRsp,125490
FindNodeRsp,115843
FindNodeReq,179296
FindNodeRsp,159185
FindNodeRsp,146864
FindNodeReq,177777
FindNodeRsp,138190
FindNodeRsp,140541
FindNodeRsp,115534
FindNodeRsp,103917
FindNodeReq,176141
FindNodeRsp,137968
FindNodeRsp,137402
FindNodeReq,180533
FindNodeReq,179292
FindNodeReq,173067
FindNodeReq,176216
FindNodeRsp,123997
FindNodeRsp,125446
FindNodeRsp,139557
FindNodeRsp,145244
FindNodeRsp,142804
FindNodeRsp,135125
PNDiscReq,131806
FindNodeRsp,140723
FindNodeRsp,151357
FindNodeReq,178127
FindNodeReq,178152
FindNodeRsp,132475
FindNodeRsp,137197
FindNodeRsp,143789
FindNodeRsp,129577
FindNodeReq,179622
FindNodeRsp,143912
FindNodeRsp,132121
FindNodeRsp,158421
FindNodeRsp,140037
FindNodeReq,177152
FindNodeReq,177697
FindNodeRsp,134713
FindNodeReq,169016
FindNodeRsp,141737
FindNodeRsp,146676
FindNodeRsp,127031
FindNodeReq,178800
FindNodeReq,179921
PathSetupReq,67105
FindNodeReq,175364
FindNodeRsp,135432
PathSetupReq,65434
FindNodeRsp,125721
PathSetupReq,77974
PathSetupReq,75126
PathSetupReq,83554
PathSetupReq,139344
FindNodeReq,180365
PNHello,125505
PNDiscRsp,69211
FindNodeRsp,132430
FindNodeRsp,122497
FindNodeReq,200183
FindNodeRsp,134469
FindNodeReq,168917
FindNodeRsp,144356
FindNodeRsp,143859
FindNodeRsp,116454
FindNodeReq,178429
FindNodeRsp,165612
FindNodeRsp,130157
FindNodeRsp,125547
FindNodeRsp,137357
FindNodeRsp,131457
FindNodeReq,170058
FindNodeReq,172025
FindNodeRsp,130477
FindNodeRsp,129142
FindNodeRsp,126007
FindNodeReq,170253
FindNodeRsp,130439
FindNodeRsp,111136
FindNodeReq,164620
FindNodeReq,167024
FindNodeRsp,121672
FindNodeRsp,101705
FindNodeReq,171376
FindNodeReq,171305
FindNodeRsp,126642
FindNodeRsp,135942
FindNodeRsp,128523
FindNodeReq,171002
FindNodeRsp,136300
FindNodeRsp,148438
FindNodeRsp,70486
FindNodeRsp,126361
FindNodeRsp,155132
FindNodeReq,154679
FindNodeRsp,134259
FindNodeRsp,126035
FindNodeReq,168036
FindNodeRsp,126243
FindNodeRsp,143813
FindNodeReq,162417
FindNodeReq,161738
FindNodeReq,157880
FindNodeReq,119717
FindNodeRsp,124625
FindNodeReq,158416
FindNodeRsp,116564
FindNodeRsp,125988
FindNodeReq,162887
FindNodeRsp,125487
FindNodeRsp,122366
FindNodeRsp,157459
PathSetupReq,88242
FindNodeRsp,73646
PNDiscReq,126208
FindNodeRsp,126802
PathSetupReq,95967
FindNodeRsp,123980
FindNodeRsp,100254
PathSetupReq,74493
FindNodeReq,163605
PathSetupReq,71308
PathSetupReq,76971
PathSetupReq,134303
FindNodeReq,161301
FindNodeReq,163060
FindNodeRsp,123444
FindNodeRsp,72759
FindNodeReq,156184
FindNodeReq,161997
FindNodeReq,156465
FindNodeReq,175804
FindNodeRsp,124077
FindNodeReq,162061
FindNodeRsp,126624
FindNodeRsp,127398
FindNodeReq,167622
FindNodeRsp,128096
FindNodeRsp,121993
FindNodeRsp,153087
FindNodeRsp,102325
FindNodeReq,140967
UpdateRouteReq,130192
UpdateRouteReq,82236
FindNodeReq,180176
FindNodeRsp,116782
FindNodeRsp,90230
FindNodeRsp,91751
FindNodeReq,177360
UpdateRouteReq,193596
FindNodeRsp,112150
UpdateRouteReq,114851
UpdateRouteReq,133265
FindNodeRsp,127062
UpdateRouteReq,90953
UpdateRouteReq,81344
Error,159808
Error,56344
UpdateRouteReq,77663
FindNodeRsp,104892
UpdateRouteReq,118091
UpdateRouteReq,185704
UpdateRouteReq,155270
UpdateRouteReq,49159
FindNodeRsp,94158
UpdateRouteReq,70723
FindNodeReq,187068
FindNodeRsp,73190
FindNodeRsp,73891
UpdateRouteReq,265153
UpdateRouteReq,363342
UpdateRouteReq,80606
UpdateRouteReq,228388
UpdateRouteReq,178346
UpdateRouteReq,83753
UpdateRouteReq,76787
UpdateRouteReq,149021
UpdateRouteReq,75052
FindNodeReq,183987
PathTeardownReq,189704
UpdateRouteReq,181938
UpdateRouteReq,77768
UpdateRouteReq,83330
PathTeardownReq,64217
UpdateRouteReq,107892
PathSetupReq,109363
UpdateRouteReq,76013
UpdateRouteReq,74166
PathSetupReq,60241
UpdateRouteReq,78953
Error,209014
UpdateRouteReq,202673
UpdateRouteReq,156324
Error,210215
UpdateRouteReq,222752
UpdateRouteReq,161011
PathTeardownReq,147936
UpdateRouteReq,82278
UpdateRouteReq,158477
UpdateRouteReq,97309
UpdateRouteReq,80920
PathTeardownReq,121191
Error,274538
UpdateRouteReq,81132
UpdateRouteReq,77673
UpdateRouteReq,83730
UpdateRouteReq,73500
PathSetupReq,61909
Error,150046
UpdateRouteReq,78649
PathSetupReq,65698
UpdateRouteReq,78808
UpdateRouteReq,80042
UpdateRouteReq,82105
UpdateRouteReq,78250
UpdateRouteReq,140688
UpdateRouteReq,72579
Error,150553
UpdateRouteReq,88956
UpdateRouteReq,86890
Error,162285
UpdateRouteReq,80263
UpdateRouteReq,78775
UpdateRouteReq,72182
Error,166461
UpdateRouteReq,87048
UpdateRouteReq,75013
UpdateRouteReq,80984
UpdateRouteReq,67358
Error,174421
UpdateRouteReq,82258
UpdateRouteReq,79801
UpdateRouteReq,78215
UpdateRouteReq,72240
UpdateRouteReq,74206
Error,95577
UpdateRouteReq,145887
UpdateRouteReq,135025
UpdateRouteReq,149754
UpdateRouteReq,91630
UpdateRouteReq,84240
UpdateRouteReq,65804
Error,87305
UpdateRouteReq,68172
UpdateRouteReq,70122
UpdateRouteReq,61333
UpdateRouteReq,59250
UpdateRouteReq,68215
UpdateRouteReq,63180
UpdateRouteReq,56869
UpdateRouteReq,88148
UpdateRouteReq,82254
UpdateRouteReq,49225
UpdateRouteReq,49803
FindNodeReq,166024
UpdateRouteReq,123598
UpdateRouteReq,90632
UpdateRouteReq,73984
UpdateRouteReq,88263
FindNodeRsp,116312
UpdateRouteReq,79093
UpdateRouteReq,56970
PathTeardownReq,63382
UpdateRouteReq,88418
PathTeardownReq,41421
Error,179154
UpdateRouteReq,233075
UpdateRouteReq,176271
UpdateRouteReq,103812
UpdateRouteReq,92435
UpdateRouteReq,147601
UpdateRouteReq,149373
UpdateRouteReq,84923
UpdateRouteReq,109961
PathSetupReq,117404
UpdateRouteReq,78262
FindNodeReq,181880
UpdateRouteReq,193936
UpdateRouteReq,157284
PathSetupReq,155968
UpdateRouteReq,117606
UpdateRouteReq,134663
UpdateRouteReq,82796
UpdateRouteReq,126637
PathTeardownReq,124126
Error,214315
Error,297036
UpdateRouteReq,179572
PathSetupReq,180475
UpdateRouteReq,236060
UpdateRouteReq,77438
Error,163665
Error,131559
Error,177711
Error,150069
UpdateRouteReq,83582
Error,144601
UpdateRouteReq,85628
UpdateRouteReq,69107
Error,173493
UpdateRouteReq,78898
Error,143172
UpdateRouteReq,156141
Error,65987
UpdateRouteReq,77262
FindNodeReq,165538
UpdateRouteReq,69255
UpdateRouteReq,88154
UpdateRouteReq,158220
UpdateRouteReq,90485
UpdateRouteReq,96051
FindNodeReq,163404
FindNodeRsp,106858
UpdateRouteReq,142170
FindNodeReq,172704
UpdateRouteReq,70767
FindNodeRsp,102425
FindNodeRsp,88910
Error,67546
Error,91776
Error,87639
Error,138549
Error,146788
Error,138392
Error,140637
Error,59190
Error,57055
FindNodeReq,173879
UpdateRouteReq,67112
Error,60738
UpdateRouteReq,242319
Error,172200
Error,139723
Error,142945
Error,103884
Error,73582
Error,55111
Error,52228
Error,179568
Error,126897
Error,92009
Error,106527
Error,47848
Error,58146
UpdateRouteReq,65933
Error,61877
UpdateRouteReq,98490
UpdateRouteReq,169720
UpdateRouteReq,76302
Error,154089
Error,188884
UpdateRouteReq,93752
UpdateRouteReq,81011
Error,111424
Error,175990
Error,61833
UpdateRouteReq,105290
UpdateRouteReq,77497
UpdateRouteReq,84673
FindNodeRsp,110619
FindNodeReq,165096
FindNodeReq,174199
UpdateRouteReq,81819
UpdateRouteReq,111809
FindNodeReq,144853
FindNodeReq,163829
UpdateRouteReq,85007
FindNodeReq,146029
FindNodeRsp,92550
PNHello,103310
PNDiscRsp,58846
FindNodeRsp,70384
UpdateRouteReq,179082
PathTeardownReq,62646
Error,243678
UpdateRouteReq,291514
UpdateRouteReq,76758
UpdateRouteReq,84006
UpdateRouteReq,153498
Error,144237
FindNodeReq,141233
UpdateRouteReq,77960
UpdateRouteReq,73074
Error,132471
UpdateRouteReq,82865
PathSetupReq,145999
UpdateRouteReq,86762
UpdateRouteReq,140519
Error,185896
UpdateRouteReq,474770
UpdateRouteReq,221866
Error,361527
UpdateRouteReq,383445
FindNodeRsp,391539
UpdateRouteReq,407592
UpdateRouteReq,523262
UpdateRouteReq,572803
UpdateRouteReq,620202
Error,594750
UpdateRouteReq,274084
UpdateRouteReq,288714
UpdateRouteReq,84964
UpdateRouteReq,110922
PathTeardownReq,92518
UpdateRouteReq,81589
UpdateRouteReq,77130
FindNodeReq,267792
UpdateRouteReq,278898
UpdateRouteReq,291879
UpdateRouteReq,105056
UpdateRouteReq,114606
UpdateRouteReq,96694
PathSetupReq,98513
Error,136241
UpdateRouteReq,73573
UpdateRouteReq,61313
UpdateRouteReq,134057
UpdateRouteReq,213327
UpdateRouteReq,99298
Error,245099
UpdateRouteReq,186181
UpdateRouteReq,196875
Error,152964
UpdateRouteReq,109850
UpdateRouteReq,111121
UpdateRouteReq,66778
UpdateRouteReq,74380
UpdateRouteReq,120362
UpdateRouteReq,195812
UpdateRouteReq,142697
UpdateRouteReq,172764
UpdateRouteReq,256768
UpdateRouteReq,361785
UpdateRouteReq,75055
UpdateRouteReq,61970
UpdateRouteReq,87343
UpdateRouteReq,73404
Error,206341
UpdateRouteReq,101571
UpdateRouteReq,110122
FindNodeReq,121423
UpdateRouteReq,60867
UpdateRouteReq,72789
UpdateRouteReq,95486
Error,165360
Error,150563
Error,124564
UpdateRouteReq,73243
UpdateRouteReq,62928
UpdateRouteReq,180123
UpdateRouteReq,192729
UpdateRouteReq,61911
UpdateRouteReq,58877
UpdateRouteReq,52183
Error,179856
UpdateRouteReq,127224
UpdateRouteReq,177887
UpdateRouteReq,189198
Error,151590
UpdateRouteReq,160293
UpdateRouteReq,57663
Error,109462
Error,100907
UpdateRouteReq,65550
UpdateRouteReq,60842
UpdateRouteReq,91594
Error,131193
Error,167210
UpdateRouteReq,267212
UpdateRouteReq,268245
UpdateRouteReq,370442
Error,409957
Error,413057
UpdateRouteReq,415976
UpdateRouteReq,427116
UpdateRouteReq,152555
UpdateRouteReq,105767
Error,44804
UpdateRouteReq,47826
Error,48556
UpdateRouteReq,44087
Error,39435
Error,64617
UpdateRouteReq,71367
UpdateRouteReq,68318
Error,52441
Error,57027
UpdateRouteReq,75697
UpdateRouteReq,179070
UpdateRouteReq,218058
UpdateRouteReq,258424
UpdateRouteReq,290881
UpdateRouteReq,299831
UpdateRouteReq,185799
UpdateRouteReq,237427
Error,305570
Error,101442
FindNodeReq,72768
UpdateRouteReq,58201
UpdateRouteReq,61365
Error,76595
Error,86218
UpdateRouteReq,93778
Error,124350
UpdateRouteReq,127922
UpdateRouteReq,72854
UpdateRouteReq,104933
UpdateRouteReq,60636
UpdateRouteReq,66565
UpdateRouteReq,148058
Error,163501
UpdateRouteReq,258817
UpdateRouteReq,266163
UpdateRouteReq,297379
Error,323355
Error,328273
Error,135117
Error,167911
Error,32910
UpdateRouteReq,43239
UpdateRouteReq,39316
UpdateRouteReq,34804
UpdateRouteReq,39324
UpdateRouteReq,50053
Error,35851
Error,33300
Error,31267
Error,29362
Error,29712
UpdateRouteReq,58844
UpdateRouteReq,63704
UpdateRouteReq,80214
Error,79111
UpdateRouteReq,42057
UpdateRouteReq,38604
Error,109345
UpdateRouteReq,135909
UpdateRouteReq,91118
Error,100471
UpdateRouteReq,48240
UpdateRouteReq,42319
UpdateRouteReq,44636
UpdateRouteReq,44951
UpdateRouteReq,41905
Error,79424
FindNodeReq,95002
Error,48856
Error,32074
UpdateRouteReq,47559
UpdateRouteReq,42126
UpdateRouteReq,55720
UpdateRouteReq,58940
UpdateRouteReq,104518
UpdateRouteReq,39894
UpdateRouteReq,68635
UpdateRouteReq,71887
Error,145263
UpdateRouteReq,37304
UpdateRouteReq,42372
UpdateRouteReq,33359
UpdateRouteReq,41618
UpdateRouteReq,41656
UpdateRouteReq,40567
Error,88181
UpdateRouteReq,39832
UpdateRouteReq,42291
UpdateRouteReq,51734
UpdateRouteReq,104959
Error,119586
UpdateRouteReq,36814
UpdateRouteReq,43973
Error,82834
UpdateRouteReq,43989
FindNodeReq,77882
Error,80131
UpdateRouteReq,42065
Error,109629
Error,30189
PathTeardownReq,50941
Error,101092
Error,77608
Error,98672
Error,101050
Error,44915
UpdateRouteReq,46018
Error,32476
UpdateRouteReq,63962
UpdateRouteReq,37037
UpdateRouteReq,42048
UpdateRouteReq,50447
UpdateRouteReq,44182
UpdateRouteReq,46652
PathSetupReq,32925
UpdateRouteReq,44205
UpdateRouteReq,94177
UpdateRouteReq,38931
UpdateRouteReq,57846
UpdateRouteReq,39511
UpdateRouteReq,102808
PathTeardownReq,36452
FindNodeReq,99151
UpdateRouteReq,44993
UpdateRouteReq,44993
UpdateRouteReq,87321
UpdateRouteReq,40464
UpdateRouteReq,45305
UpdateRouteReq,98842
UpdateRouteReq,58107
UpdateRouteReq,56302
UpdateRouteReq,47047
PathSetupReq,36670
UpdateRouteReq,43409
UpdateRouteReq,41877
UpdateRouteReq,45699
UpdateRouteReq,42829
UpdateRouteReq,42819
UpdateRouteReq,115103
UpdateRouteReq,147517
UpdateRouteReq,88693
UpdateRouteReq,104711
UpdateRouteReq,47973
UpdateRouteReq,56073
UpdateRouteReq,57201
UpdateRouteReq,113111
UpdateRouteReq,45503
UpdateRouteReq,45553
UpdateRouteReq,130773
UpdateRouteReq,201343
UpdateRouteReq,352734
Error,408234
Error,410845
UpdateRouteReq,442010
Error,90196
UpdateRouteReq,46271
UpdateRouteReq,46239
UpdateRouteReq,95609
Error,197189
UpdateRouteReq,206991
Error,81363
Error,80029
Error,46890
Error,34574
UpdateRouteReq,46930
UpdateRouteReq,46690
UpdateRouteReq,42711
UpdateRouteReq,47948
Error,111883
UpdateRouteReq,62405
UpdateRouteReq,65689
UpdateRouteReq,86493
UpdateRouteReq,242234
UpdateRouteReq,139514
UpdateRouteReq,134213
Error,159819
UpdateRouteReq,171719
UpdateRouteReq,122854
UpdateRouteReq,265806
UpdateRouteReq,66282
UpdateRouteReq,67469
UpdateRouteReq,37568
UpdateRouteReq,40171
UpdateRouteReq,41604
UpdateRouteReq,39487
UpdateRouteReq,37097
UpdateRouteReq,125592
UpdateRouteReq,153898
Error,136391
UpdateRouteReq,167239
PathTeardownReq,170473
Error,219808
UpdateRouteReq,40301
UpdateRouteReq,39038
UpdateRouteReq,37826
UpdateRouteReq,153789
UpdateRouteReq,179281
UpdateRouteReq,36875
FindNodeReq,82044
UpdateRouteReq,67747
PathSetupReq,66383
UpdateRouteReq,68741
UpdateRouteReq,78395
UpdateRouteReq,32324
UpdateRouteReq,76536
UpdateRouteReq,46401
UpdateRouteReq,36377
Error,61445
UpdateRouteReq,32588
UpdateRouteReq,34145
Error,83131
UpdateRouteReq,32322
Error,60060
UpdateRouteReq,48748
UpdateRouteReq,50133
UpdateRouteReq,28269
UpdateRouteReq,37402
UpdateRouteReq,44986
UpdateRouteReq,30597
UpdateRouteReq,139940
UpdateRouteReq,191008
UpdateRouteReq,197343
UpdateRouteReq,247601
Error,145287
UpdateRouteReq,154561
UpdateRouteReq,155427
Error,57265
UpdateRouteReq,30816
Error,66109
Error,59462
UpdateRouteReq,32542
UpdateRouteReq,30327
UpdateRouteReq,26793
UpdateRouteReq,29381
UpdateRouteReq,31631
UpdateRouteReq,42155
UpdateRouteReq,26923
UpdateRouteReq,104090
UpdateRouteReq,108428
Error,57877
UpdateRouteReq,29283
UpdateRouteReq,27421
UpdateRouteReq,30352
UpdateRouteReq,28644
UpdateRouteReq,25707
UpdateRouteReq,43667
Error,71401
Error,65454
Error,81634
Error,89421
UpdateRouteReq,94050
UpdateRouteReq,85316
UpdateRouteReq,104796
Error,25024
UpdateRouteReq,28910
UpdateRouteReq,29610
UpdateRouteReq,71332
Error,76092
UpdateRouteReq,81543
UpdateRouteReq,30270
UpdateRouteReq,25760
UpdateRouteReq,32495
Error,24776
Error,22766
UpdateRouteReq,44483
Error,44194
UpdateRouteReq,30719
UpdateRouteReq,29196
Error,51552
Error,23289
UpdateRouteReq,33643
Error,23410
UpdateRouteReq,30036
UpdateRouteReq,28678
UpdateRouteReq,29772
UpdateRouteReq,38508
UpdateRouteReq,45028
UpdateRouteReq,46672
Error,26002
UpdateRouteReq,43366
UpdateRouteReq,27481
Error,52125
Error,68104
Error,49671
Error,57876
UpdateRouteReq,26494
FindNodeReq,47849
UpdateRouteReq,34050
UpdateRouteReq,27342
UpdateRouteReq,42962
UpdateRouteReq,28181
UpdateRouteReq,23916
UpdateRouteReq,34060
UpdateRouteReq,39473
UpdateRouteReq,49115
UpdateRouteReq,31889
UpdateRouteReq,30526
UpdateRouteReq,30509
UpdateRouteReq,27173
UpdateRouteReq,29209
UpdateRouteReq,38027
Error,67884
UpdateRouteReq,29092
UpdateRouteReq,28113
UpdateRouteReq,24622
UpdateRouteReq,34846
UpdateRouteReq,32158
UpdateRouteReq,29086
Error,53196
UpdateRouteReq,28436
FindNodeReq,80408
Error,56730
Error,32173
Error,76883
Error,52669
UpdateRouteReq,53815
UpdateRouteReq,54024
UpdateRouteReq,28743
UpdateRouteReq,50248
UpdateRouteReq,68768
Error,65188
UpdateRouteReq,31658
UpdateRouteReq,28402
UpdateRouteReq,27300
UpdateRouteReq,49750
UpdateRouteReq,70548
Error,62236
FindNodeReq,53330
Error,82431
Error,55153
Error,21716
UpdateRouteReq,26946
Error,89659
UpdateRouteReq,93367
UpdateRouteReq,97269
UpdateRouteReq,27128
UpdateRouteReq,29159
UpdateRouteReq,32261
UpdateRouteReq,30790
UpdateRouteReq,27786
Error,65588
UpdateRouteReq,39309
UpdateRouteReq,27604
UpdateRouteReq,29798
UpdateRouteReq,30684
UpdateRouteReq,37917
Error,55709
Error,66408
Error,31277
UpdateRouteReq,99108
Error,98175
UpdateRouteReq,41928
UpdateRouteReq,56756
UpdateRouteReq,53271
Error,67299
UpdateRouteReq,27448
UpdateRouteReq,28958
UpdateRouteReq,27685
UpdateRouteReq,28534
UpdateRouteReq,30979
UpdateRouteReq,28550
Error,69782
UpdateRouteReq,57539
UpdateRouteReq,63969
UpdateRouteReq,37874
FindNodeReq,53949
Error,77228
Error,51458
UpdateRouteReq,42830
Error,39353
Error,118269
UpdateRouteReq,121713
FindNodeReq,78841
Error,56091
UpdateRouteReq,30359
UpdateRouteReq,54165
UpdateRouteReq,68397
UpdateRouteReq,31815
UpdateRouteReq,28265
Error,63555
Error,73407
UpdateRouteReq,53133
Error,76617
UpdateRouteReq,29211
Error,32111
Error,47482
FindNodeReq,53926
Error,53381
UpdateRouteReq,45887
UpdateRouteReq,27255
UpdateRouteReq,28720
UpdateRouteReq,26882
Error,51704
UpdateRouteReq,30269
UpdateRouteReq,28147
UpdateRouteReq,30386
Error,76472
UpdateRouteReq,41059
UpdateRouteReq,62564
UpdateRouteReq,67921
Error,76782
UpdateRouteReq,31442
UpdateRouteReq,25145
Error,33199
UpdateRouteReq,50295
Error,65626
FindNodeReq,55070
Error,81437
UpdateRouteReq,31937
UpdateRouteReq,28233
UpdateRouteReq,56397
Error,95366
UpdateRouteReq,30971
UpdateRouteReq,54550
UpdateRouteReq,31675
UpdateRouteReq,28701
Error,116344
Error,65349
UpdateRouteReq,53766
UpdateRouteReq,55152
UpdateRouteReq,72316
UpdateRouteReq,44750
UpdateRouteReq,28967
Error,90967
UpdateRouteReq,95546
Error,55101
FindNodeReq,68770
Error,70116
UpdateRouteReq,59979
UpdateRouteReq,100224
UpdateRouteReq,43450
UpdateRouteReq,29215
UpdateRouteReq,30183
UpdateRouteReq,28451
Error,106290
UpdateRouteReq,30448
UpdateRouteReq,29751
UpdateRouteReq,41396
UpdateRouteReq,38093
Error,54130
UpdateRouteReq,26957
Error,67740
UpdateRouteReq,119572
Error,32201
Error,34690
FindNodeReq,61736
Error,53222
UpdateRouteReq,32246
UpdateRouteReq,31151
UpdateRouteReq,38271
UpdateRouteReq,31470
UpdateRouteReq,83191
Error,79643
UpdateRouteReq,50864
UpdateRouteReq,32787
UpdateRouteReq,38003
UpdateRouteReq,27464
Error,61705
UpdateRouteReq,53606
Error,71603
FindNodeReq,52707
Error,31227
Error,105950
Error,79541
UpdateRouteReq,40477
UpdateRouteReq,44339
UpdateRouteReq,32673
UpdateRouteReq,39700
UpdateRouteReq,29753
UpdateRouteReq,27577
UpdateRouteReq,31398
Error,54223
UpdateRouteReq,53226
UpdateRouteReq,54751
UpdateRouteReq,91557
UpdateRouteReq,120646
Error,82824
UpdateRouteReq,29182
FindNodeReq,58511
Error,55203
Error,54613
Error,32791
Error,66236
UpdateRouteReq,58703
UpdateRouteReq,25744
UpdateRouteReq,31952
UpdateRouteReq,60922
UpdateRouteReq,26591
UpdateRouteReq,83203
UpdateRouteReq,30934
UpdateRouteReq,42974
UpdateRouteReq,37727
UpdateRouteReq,40297
UpdateRouteReq,38308
UpdateRouteReq,31372
UpdateRouteReq,27191
Error,79863
UpdateRouteReq,52392
Error,78596
FindNodeReq,51540
Error,52116
Error,44023
Error,161161
UpdateRouteReq,221793
Error,174512
UpdateRouteReq,217138
UpdateRouteReq,220627
UpdateRouteReq,224952
UpdateRouteReq,33046
UpdateRouteReq,28697
UpdateRouteReq,41901
UpdateRouteReq,31260
UpdateRouteReq,25721
UpdateRouteReq,32559
Error,56830
UpdateRouteReq,30958
UpdateRouteReq,27687
Error,187918
UpdateRouteReq,193496
UpdateRouteReq,220329
Error,275103
UpdateRouteReq,281009
UpdateRouteReq,285273
UpdateRouteReq,291216
UpdateRouteReq,294947
Error,61850
UpdateRouteReq,29410
UpdateRouteReq,27980
UpdateRouteReq,24966
UpdateRouteReq,29117
UpdateRouteReq,31185
UpdateRouteReq,28590
Error,86969
Error,151179
Error,180722
UpdateRouteReq,68307
UpdateRouteReq,73216
UpdateRouteReq,75140
UpdateRouteReq,115940
UpdateRouteReq,121860
Error,182684
UpdateRouteReq,188643
UpdateRouteReq,96375
UpdateRouteReq,135143
UpdateRouteReq,138876
UpdateRouteReq,158022
UpdateRouteReq,29009
UpdateRouteReq,45613
UpdateRouteReq,36233
UpdateRouteReq,30576
Error,81286
Error,108402
UpdateRouteReq,77998
UpdateRouteReq,99893
UpdateRouteReq,121525
UpdateRouteReq,66687
UpdateRouteReq,74441
Error,159039
Error,186296
Error,194640
Error,196285
UpdateRouteReq,228718
UpdateRouteReq,234627
UpdateRouteReq,131421
UpdateRouteReq,174404
UpdateRouteReq,219086
UpdateRouteReq,223757
Error,224164
UpdateRouteReq,81232
UpdateRouteReq,98449
UpdateRouteReq,39144
UpdateRouteReq,29302
UpdateRouteReq,28100
UpdateRouteReq,24214
UpdateRouteReq,59344
UpdateRouteReq,62741
UpdateRouteReq,133212
Error,154045
UpdateRouteReq,156670
UpdateRouteReq,162877
UpdateRouteReq,182362
Error,200858
Error,202787
Error,57932
Error,59223
Error,62686
UpdateRouteReq,131474
UpdateRouteReq,134948
Error,25689
Error,36644
UpdateRouteReq,38446
UpdateRouteReq,25965
UpdateRouteReq,23979
UpdateRouteReq,23004
Error,27480
UpdateRouteReq,33885
UpdateRouteReq,29374
UpdateRouteReq,74217
UpdateRouteReq,76672
Error,46667
Error,35967
UpdateRouteReq,27079
UpdateRouteReq,38566
UpdateRouteReq,26353
UpdateRouteReq,31814
UpdateRouteReq,28867
UpdateRouteReq,71467
Error,69211
UpdateRouteReq,71239
UpdateRouteReq,69427
UpdateRouteReq,74336
UpdateRouteReq,28016
UpdateRouteReq,26240
UpdateRouteReq,23907
UpdateRouteReq,26387
Error,58871
FindNodeReq,65848
UpdateRouteReq,29971
Error,56133
UpdateRouteReq,31676
UpdateRouteReq,29055
UpdateRouteReq,96168
UpdateRouteReq,99115
UpdateRouteReq,105875
UpdateRouteReq,110652
UpdateRouteReq,32869
Error,52631
UpdateRouteReq,67487
UpdateRouteReq,78124
UpdateRouteReq,39943
UpdateRouteReq,41200
UpdateRouteReq,29468
UpdateRouteReq,70021
UpdateRouteReq,63894
UpdateRouteReq,80683
UpdateRouteReq,103841
UpdateRouteReq,121976
UpdateRouteReq,123289
UpdateRouteReq,41051
UpdateRouteReq,42740
Error,79327
UpdateRouteReq,83410
UpdateRouteReq,86800
UpdateRouteReq,92152
UpdateRouteReq,100431
UpdateRouteReq,104130
UpdateRouteReq,109097
UpdateRouteReq,41129
UpdateRouteReq,43702
Error,52444
UpdateRouteReq,39625
UpdateRouteReq,24636
UpdateRouteReq,24329
UpdateRouteReq,30716
Error,55273
UpdateRouteReq,31995
Error,77720
UpdateRouteReq,80459
UpdateRouteReq,67761
Error,96801
UpdateRouteReq,76746
UpdateRouteReq,115986
UpdateRouteReq,127340
UpdateRouteReq,158300
UpdateRouteReq,162453
UpdateRouteReq,31388
UpdateRouteReq,28998
UpdateRouteReq,27575
Error,61804
Error,50357
UpdateRouteReq,39353
UpdateRouteReq,27683
UpdateRouteReq,24606
Error,56172
Error,71946
UpdateRouteReq,75205
UpdateRouteReq,36265
UpdateRouteReq,28703
Error,72806
UpdateRouteReq,101834
UpdateRouteReq,105477
Error,48701
UpdateRouteReq,35939
UpdateRouteReq,28292
UpdateRouteReq,27595
UpdateRouteReq,26787
Error,25208
Error,35008
Error,36896
Error,23703
Error,22664
UpdateRouteReq,26199
UpdateRouteReq,24489
UpdateRouteReq,32439
UpdateRouteReq,63208
Error,39772
UpdateRouteReq,28806
UpdateRouteReq,28051
UpdateRouteReq,35371
Error,37466
Error,24041
Error,21601
Error,21876
UpdateRouteReq,30086
UpdateRouteReq,30028
UpdateRouteReq,38571
UpdateRouteReq,27742
UpdateRouteReq,28244
UpdateRouteReq,33409
Error,27050
UpdateRouteReq,32571
UpdateRouteReq,28166
Error,55994
UpdateRouteReq,60106
UpdateRouteReq,27334
UpdateRouteReq,26808
UpdateRouteReq,31654
UpdateRouteReq,58865
UpdateRouteReq,57782
UpdateRouteReq,63495
FindNodeReq,90307
UpdateRouteReq,94610
UpdateRouteReq,99097
UpdateRouteReq,71328
UpdateRouteReq,61816
UpdateRouteReq,50116
UpdateRouteReq,39179
UpdateRouteReq,33925
UpdateRouteReq,59946
UpdateRouteReq,50246
Error,53325
UpdateRouteReq,27241
UpdateRouteReq,59737
UpdateRouteReq,28509
Error,91568
Error,55365
UpdateRouteReq,28403
Error,63505
UpdateRouteReq,173688
Error,214286
Error,74370
FindNodeReq,64155
UpdateRouteReq,61513
UpdateRouteReq,78673
UpdateRouteReq,66021
UpdateRouteReq,108707
Error,111886
Error,89087
UpdateRouteReq,39858
Error,84798
UpdateRouteReq,39658
Error,31077
FindNodeReq,150168
Error,151601
Error,78441
UpdateRouteReq,86058
UpdateRouteReq,110215
UpdateRouteReq,50993
UpdateRouteReq,35516
UpdateRouteReq,61358
UpdateRouteReq,57329
UpdateRouteReq,39214
UpdateRouteReq,30625
Error,85555
UpdateRouteReq,74410
UpdateRouteReq,78624
Error,94044
UpdateRouteReq,58080
UpdateRouteReq,73558
UpdateRouteReq,25741
Error,78550
UpdateRouteReq,28378
UpdateRouteReq,45762
UpdateRouteReq,26212
Error,34119
UpdateRouteReq,52803
Error,127001
UpdateRouteReq,130776
UpdateRouteReq,38054
FindNodeReq,53895
UpdateRouteReq,28203
UpdateRouteReq,26990
UpdateRouteReq,24860
UpdateRouteReq,25711
UpdateRouteReq,26482
Error,60703
UpdateRouteReq,30651
UpdateRouteReq,48838
UpdateRouteReq,58073
UpdateRouteReq,28575
Error,110142
UpdateRouteReq,44133
UpdateRouteReq,28654
UpdateRouteReq,28204
UpdateRouteReq,29671
UpdateRouteReq,29727
FindNodeReq,55287
Error,103131
Error,140032
Error,79509
Error,156378
UpdateRouteReq,140932
UpdateRouteReq,139795
UpdateRouteReq,176031
Error,90764
UpdateRouteReq,30697
UpdateRouteReq,210763
UpdateRouteReq,230316
Error,272598
UpdateRouteReq,75768
Error,101841
Error,62537
UpdateRouteReq,33561
UpdateRouteReq,28033
Error,89564
UpdateRouteReq,69229
UpdateRouteReq,75472
UpdateRouteReq,27825
Error,68831
UpdateRouteReq,68926
UpdateRouteReq,90995
Error,125109
Error,51304
UpdateRouteReq,70167
UpdateRouteReq,76272
Error,68522
UpdateRouteReq,80884
UpdateRouteReq,27238
Error,59026
Error,61852
Error,90156
Error,62236
UpdateRouteReq,58334
UpdateRouteReq,59427
UpdateRouteReq,40791
Error,67769
UpdateRouteReq,87335
UpdateRouteReq,111463
Error,57438
UpdateRouteReq,82987
UpdateRouteReq,105933
UpdateRouteReq,142293
Error,144404
Error,89315
UpdateRouteReq,90906
UpdateRouteReq,104781
Error,112790
UpdateRouteReq,138918
UpdateRouteReq,145150
UpdateRouteReq,185402
Error,187964
Error,94712
Error,98321
UpdateRouteReq,102961
UpdateRouteReq,46643
UpdateRouteReq,37576
UpdateRouteReq,78842
Error,81242
Error,37512
Error,37665
Error,23467
Error,41345
UpdateRouteReq,42531
UpdateRouteReq,69027
UpdateRouteReq,31155
UpdateRouteReq,28619
UpdateRouteReq,122038
Error,142266
Error,147118
Error,149323
Error,190297
UpdateRouteReq,191822
UpdateRouteReq,139078
Error,142379
UpdateRouteReq,182070
UpdateRouteReq,200959
UpdateRouteReq,81732
Error,128145
UpdateRouteReq,33210
UpdateRouteReq,40563
UpdateRouteReq,100264
Error,159054
UpdateRouteReq,164302
UpdateRouteReq,56672
Error,64978
Error,49847
Error,63758
UpdateRouteReq,46545
UpdateRouteReq,44897
UpdateRouteReq,28163
UpdateRouteReq,38616
UpdateRouteReq,42374
Error,105015
UpdateRouteReq,107562
Error,60270
UpdateRouteReq,67497
UpdateRouteReq,72021
UpdateRouteReq,51809
UpdateRouteReq,71173
UpdateRouteReq,25705
UpdateRouteReq,39484
UpdateRouteReq,64259
Error,156318
UpdateRouteReq,158457
UpdateRouteReq,92697
UpdateRouteReq,120899
Error,72702
Error,73182
Error,98895
Error,67225
UpdateRouteReq,81631
UpdateRouteReq,63182
UpdateRouteReq,79333
UpdateRouteReq,25119
UpdateRouteReq,56262
Error,83579
Error,121087
UpdateRouteReq,127437
UpdateRouteReq,80435
Error,126381
UpdateRouteReq,43731
UpdateRouteReq,46932
UpdateRouteReq,51547
Error,159152
Error,187024
Error,121783
Error,145129
UpdateRouteReq,148966
UpdateRouteReq,152736
UpdateRouteReq,178463
Error,120468
UpdateRouteReq,163986
UpdateRouteReq,169932
UpdateRouteReq,174659
UpdateRouteReq,89119
Error,169830
UpdateRouteReq,72166
Error,102298
UpdateRouteReq,107798
UpdateRouteReq,63285
Error,108741
UpdateRouteReq,112029
UpdateRouteReq,28889
Error,95683
Error,149006
Error,159835
UpdateRouteReq,88512
Error,89487
Error,22752
Error,25515
Error,24779
UpdateRouteReq,31236
UpdateRouteReq,25627
Error,30080
UpdateRouteReq,67415
Error,69336
Error,73841
UpdateRouteReq,74806
UpdateRouteReq,80833
Error,85225
UpdateRouteReq,26513
Error,37492
UpdateRouteReq,67438
UpdateRouteReq,106336
Error,46136
Error,61790
UpdateRouteReq,32144
UpdateRouteReq,56828
Error,48912
Error,53128
UpdateRouteReq,27172
Error,35034
Error,35258
Error,24528
Error,23878
Error,25653
Error,28104
UpdateRouteReq,42338
UpdateRouteReq,57918
Error,77590
Error,82102
UpdateRouteReq,55437
UpdateRouteReq,55144
Error,59572
UpdateRouteReq,51776
Error,79190
FindNodeReq,54931
Error,24465
UpdateRouteReq,55000
UpdateRouteReq,55631
UpdateRouteReq,53080
UpdateRouteReq,71677
UpdateRouteReq,78342
UpdateRouteReq,117887
UpdateRouteReq,100543
UpdateRouteReq,120302
UpdateRouteReq,103780
UpdateRouteReq,109133
UpdateRouteReq,144220
UpdateRouteReq,166826
UpdateRouteReq,187560
UpdateRouteReq,207920
UpdateRouteReq,230924
UpdateRouteReq,51500
UpdateRouteReq,78068
UpdateRouteReq,57436
UpdateRouteReq,77307
UpdateRouteReq,54412
QueryRouteReq,83295
UpdateRouteReq,85577
QueryRouteReq,74731
UpdateRouteReq,77348
UpdateRouteReq,28114
UpdateRouteReq,41785
PathSetupReq,41577
UpdateRouteReq,25014
FindNodeRsp,31690
PathTeardownReq,152242
UpdateRouteReq,153636
UpdateRouteReq,158244
FindNodeReq,193073
UpdateRouteReq,196611
UpdateRouteReq,201548
FindNodeReq,227684
UpdateRouteReq,234513
UpdateRouteReq,235481
FindNodeReq,257260
UpdateRouteReq,263955
UpdateRouteReq,266668
UpdateRouteReq,272921
UpdateRouteReq,126281
UpdateRouteReq,126323
FindNodeReq,149700
UpdateRouteReq,154335
UpdateRouteReq,160421
FindNodeReq,182019
UpdateRouteReq,186540
UpdateRouteReq,190527
FindNodeReq,214466
UpdateRouteReq,219669
UpdateRouteReq,224595
FindNodeReq,245907
UpdateRouteReq,41989
PathSetupReq,40580
UpdateRouteReq,27334
FindNodeReq,67169
UpdateRouteReq,70061
UpdateRouteReq,27590
UpdateRouteReq,29091
UpdateRouteReq,38766
UpdateRouteReq,39643
UpdateRouteReq,24556
UpdateRouteReq,80279
FindNodeReq,77523
PathTeardownReq,96051
PathSetupReq,96911
PathTeardownReq,31850
FindNodeReq,50987
UpdateRouteReq,31955
UpdateRouteReq,37878
UpdateRouteReq,37277
UpdateRouteReq,23979
UpdateRouteReq,24769
UpdateRouteReq,35978
UpdateRouteReq,67516
FindNodeReq,103769
UpdateRouteReq,108498
UpdateRouteReq,71919
UpdateRouteReq,170857
UpdateRouteReq,177323
UpdateRouteReq,182226
UpdateRouteReq,185428
UpdateRouteReq,92203
UpdateRouteReq,123251
UpdateRouteReq,159892
UpdateRouteReq,179470
UpdateRouteReq,69000
UpdateRouteReq,99119
PathSetupReq,100261
PathTeardownReq,104945
UpdateRouteReq,28361
PathSetupReq,23134
PathTeardownReq,22684
PathSetupReq,23955
PathTeardownReq,22184
UpdateRouteReq,29718
UpdateRouteReq,26944
UpdateRouteReq,27072
UpdateRouteReq,56735
PathSetupReq,26294
PathTeardownReq,24375
PathSetupReq,38568
PathTeardownReq,13970
UpdateRouteReq,24320
UpdateRouteReq,38440
FindNodeReq,50288
UpdateRouteReq,50203
UpdateRouteReq,64723
UpdateRouteReq,87217
UpdateRouteReq,90770
FindNodeReq,115525
UpdateRouteReq,115846
UpdateRouteReq,124545
UpdateRouteReq,115151
UpdateRouteReq,129480
UpdateRouteReq,150030
UpdateRouteReq,181748
FindNodeReq,224647
UpdateRouteReq,226323
UpdateRouteReq,90993
FindNodeReq,127204
FindNodeReq,149934
UpdateRouteReq,154222
FindNodeReq,49874
FindNodeReq,68555
UpdateRouteReq,58601
FindNodeReq,43611
PathSetupReq,34065
PathTeardownReq,34215
UpdateRouteReq,57616
UpdateRouteReq,43667
UpdateRouteReq,70408
FindNodeReq,100630
UpdateRouteReq,100612
UpdateRouteReq,99333
UpdateRouteReq,29355
UpdateRouteReq,22015
UpdateRouteReq,21857
UpdateRouteReq,26591
UpdateRouteReq,17073
UpdateRouteReq,18068
UpdateRouteReq,25632
UpdateRouteReq,65493
UpdateRouteReq,67989
QueryRouteReq,81734
UpdateRouteReq,43115
PathSetupReq,35027
FindNodeRsp,75559
FindNodeRsp,135736
UpdateRouteReq,216085
UpdateRouteReq,558210
FindNodeReq,627476
UpdateRouteReq,635943
UpdateRouteReq,673877
UpdateRouteReq,729166
UpdateRouteReq,761948
UpdateRouteReq,778591
UpdateRouteReq,810312
UpdateRouteReq,862296
UpdateRouteReq,893675
FindNodeReq,941679
UpdateRouteReq,949228
UpdateRouteReq,965631
FindNodeReq,1023466
PathTeardownReq,1020198
UpdateRouteReq,104157
UpdateRouteReq,105829
FindNodeReq,182767
UpdateRouteReq,47979
FindNodeReq,65762
UpdateRouteReq,43853
UpdateRouteReq,39336
UpdateRouteReq,45888
UpdateRouteReq,109214
UpdateRouteReq,116848
UpdateRouteReq,100130
PathSetupReq,88962
UpdateRouteReq,82838
UpdateRouteReq,43383
PathTeardownReq,39398
UpdateRouteReq,98030
UpdateRouteReq,92550
UpdateRouteReq,68066
UpdateRouteReq,68471
UpdateRouteReq,62068
PathSetupReq,60864
UpdateRouteReq,43031
UpdateRouteReq,55843
PathTeardownReq,56587
PathSetupReq,85565
PathTeardownReq,36415
UpdateRouteReq,41761
UpdateRouteReq,41975
UpdateRouteReq,60072
UpdateRouteReq,159045
UpdateRouteReq,127899
FindNodeReq,210424
UpdateRouteReq,217935
UpdateRouteReq,255037
UpdateRouteReq,218791
UpdateRouteReq,249602
FindNodeReq,308149
UpdateRouteReq,314821
UpdateRouteReq,268322
UpdateRouteReq,308028
UpdateRouteReq,342478
UpdateRouteReq,416236
UpdateRouteReq,461655
FindNodeReq,570591
UpdateRouteReq,580758
UpdateRouteReq,610497
FindNodeReq,244127
FindNodeReq,444181
PathSetupReq,450898
PathTeardownReq,83240
UpdateRouteReq,86191
UpdateRouteReq,93174
FindNodeReq,129712
FindNodeReq,64094
FindNodeReq,67058
UpdateRouteReq,41441
UpdateRouteReq,55155
UpdateRouteReq,84858
FindNodeReq,144069
UpdateRouteReq,151853
UpdateRouteReq,114685
UpdateRouteReq,60315
UpdateRouteReq,40274
PathSetupReq,35794
PathTeardownReq,35708
PathSetupReq,34494
PathTeardownReq,36096
Error,88230
Error,83986
UpdateRouteReq,89837
UpdateRouteReq,96758
Error,179408
UpdateRouteReq,96654
UpdateRouteReq,127995
UpdateRouteReq,66984
Error,107309
Error,102918
Error,82380
UpdateRouteReq,103774
Error,68959
UpdateRouteReq,383695
UpdateRouteReq,391077
FindNodeReq,571162
Error,575500
UpdateRouteReq,584343
UpdateRouteReq,592175
FindNodeReq,639335
UpdateRouteReq,648078
UpdateRouteReq,656231
UpdateRouteReq,663909
FindNodeReq,698540
UpdateRouteReq,707517
UpdateRouteReq,714928
FindNodeReq,774476
QueryRouteReq,1004486
Error,1052305
Error,1114616
UpdateRouteReq,1128005
Error,1173554
Error,1215865
UpdateRouteReq,479906
Error,529175
UpdateRouteReq,540886
UpdateRouteReq,548354
UpdateRouteReq,557177
UpdateRouteReq,566019
UpdateRouteReq,627971
UpdateRouteReq,661149
PathSetupReq,798850
Error,800842
PathTeardownReq,806339
FindNodeReq,870428
Error,872276
UpdateRouteReq,881449
UpdateRouteReq,925131
FindNodeRsp,945692
UpdateRouteReq,952443
UpdateRouteReq,170812
Error,91545
Error,92234
Error,105625
UpdateRouteReq,50875
UpdateRouteReq,43759
UpdateRouteReq,48843
UpdateRouteReq,102146
Error,125697
Error,124781
Error,192932
UpdateRouteReq,47661
UpdateRouteReq,44235
Error,90543
PathSetupReq,38529
PathTeardownReq,96551
UpdateRouteReq,167461
UpdateRouteReq,200804
UpdateRouteReq,235220
Error,104684
FindNodeRsp,80702
Error,202410
UpdateRouteReq,240046
UpdateRouteReq,275994
UpdateRouteReq,311645
UpdateRouteReq,245239
UpdateRouteReq,325093
Error,94758
Error,95838
Error,155253
Error,105465
Error,114803
FindNodeRsp,109194
PathSetupReq,105245
Error,121181
PathTeardownReq,124168
PathSetupReq,49766
PathTeardownReq,49501
PathSetupReq,32839
PathTeardownReq,35757
UpdateRouteReq,53623
UpdateRouteReq,48586
UpdateRouteReq,112121
Error,160617
UpdateRouteReq,67415
UpdateRouteReq,223387
UpdateRouteReq,257821
Error,260650
UpdateRouteReq,293042
Error,318606
Error,82954
Error,94446
Error,179560
UpdateRouteReq,50724
UpdateRouteReq,44862
Error,80592
Error,105203
PathSetupReq,38210
PathTeardownReq,51742
PathSetupReq,72159
Error,67278
PathTeardownReq,71199
UpdateRouteReq,77218
UpdateRouteReq,152915
Error,103850
Error,35224
Error,35720
FindNodeRsp,69783
Error,35496
UpdateRouteReq,104630
UpdateRouteReq,89763
UpdateRouteReq,277196
UpdateRouteReq,320289
FindNodeReq,636531
UpdateRouteReq,190487
UpdateRouteReq,194368
UpdateRouteReq,239360
UpdateRouteReq,293102
UpdateRouteReq,144209
Error,219708
Error,220039
UpdateRouteReq,48647
UpdateRouteReq,67118
Error,89909
UpdateRouteReq,67735
UpdateRouteReq,43792
UpdateRouteReq,41399
Error,94617
Error,111912
Error,85497
UpdateRouteReq,65559
Error,73423
Error,37252
UpdateRouteReq,47965
UpdateRouteReq,102125
UpdateRouteReq,47730
UpdateRouteReq,43913
UpdateRouteReq,44784
FindNodeReq,168942
FindNodeReq,165761
UpdateRouteReq,73158
UpdateRouteReq,52129
UpdateRouteReq,49314
UpdateRouteReq,48170
FindNodeRsp,77338
Error,160289
Error,107938
Error,89131
Error,45896
FindNodeRsp,72620
FindNodeReq,160431
FindNodeRsp,103253
FindNodeReq,157391
FindNodeRsp,75731
UpdateRouteReq,67183
UpdateRouteReq,72818
UpdateRouteReq,156395
UpdateRouteReq,191843
UpdateRouteReq,220629
FindNodeReq,296685
UpdateRouteReq,120397
UpdateRouteReq,156396
FindNodeReq,223666
FindNodeReq,152227
FindNodeReq,204512
UpdateRouteReq,199147
FindNodeReq,85220
FindNodeReq,74146
FindNodeReq,74240
UpdateRouteReq,59824
Error,98361
Error,150001
Error,87628
FindNodeReq,75974
UpdateRouteReq,46746
Error,86778
FindNodeReq,71610
Error,80158
FindNodeReq,74847
Error,82525
FindNodeReq,71462
Error,46771
UpdateRouteReq,64720
Error,36013
UpdateRouteReq,45308
UpdateRouteReq,79883
FindNodeRsp,129503
UpdateRouteReq,121129
UpdateRouteReq,58739
FindNodeRsp,73493
FindNodeReq,179777
FindNodeRsp,74006
FindNodeRsp,73518
FindNodeReq,156392
FindNodeRsp,100534
FindNodeRsp,101842
FindNodeRsp,104791
UpdateRouteReq,71188
UpdateRouteReq,318618
UpdateRouteReq,351672
UpdateRouteReq,398543
UpdateRouteReq,428310
UpdateRouteReq,476839
UpdateRouteReq,489659
FindNodeReq,553179
FindNodeReq,86126
FindNodeReq,73670
FindNodeReq,69938
FindNodeReq,72126
UpdateRouteReq,59021
UpdateRouteReq,178011
FindNodeReq,146001
UpdateRouteReq,404372
FindNodeRsp,99205
FindNodeRsp,75165
FindNodeReq,162883
FindNodeRsp,120288
FindNodeReq,181310
FindNodeRsp,99757
PathSetupReq,75846
PathSetupReq,69266
PathSetupReq,156573
FindNodeReq,156371
FindNodeRsp,116593
FindNodeRsp,75367
FindNodeRsp,114399
FindNodeRsp,78779
FindNodeRsp,97998
FindNodeRsp,80382
FindNodeReq,164592
FindNodeReq,158980
FindNodeRsp,120338
FindNodeRsp,116746
FindNodeReq,157729
FindNodeRsp,75817
FindNodeRsp,122041
FindNodeReq,161888
FindNodeRsp,79907
FindNodeReq,166229
FindNodeRsp,101689
FindNodeRsp,122704
PNDiscReq,174536
FindNodeReq,161955
FindNodeReq,157205
FindNodeRsp,113194
FindNodeRsp,94590
FindNodeReq,157128
FindNodeRsp,102879
FindNodeRsp,117146
FindNodeRsp,113079
FindNodeReq,158149
FindNodeRsp,112425
FindNodeReq,161957
FindNodeRsp,97434
FindNodeReq,158251
FindNodeRsp,74795
FindNodeReq,159631
FindNodeReq,159089
FindNodeReq,160825
FindNodeRsp,102859
FindNodeRsp,104207
FindNodeRsp,79516
FindNodeReq,158470
FindNodeRsp,78171
FindNodeReq,197328
FindNodeRsp,77375
FindNodeReq,183989
FindNodeRsp,151601
PathSetupReq,76173
PathSetupReq,72551
PathSetupReq,134235
FindNodeRsp,104111
FindNodeReq,161780
FindNodeReq,157618
PNHello,124678
PNDiscRsp,65174
FindNodeRsp,77199
FindNodeRsp,120437
FindNodeRsp,97394
FindNodeRsp,81904
FindNodeRsp,84899
FindNodeRsp,120389
FindNodeReq,160904
FindNodeRsp,80907
FindNodeRsp,96906
FindNodeRsp,116655
FindNodeReq,159946
FindNodeRsp,119893
FindNodeRsp,99549
FindNodeRsp,98126
FindNodeRsp,112185
FindNodeReq,159493
FindNodeReq,161645
FindNodeRsp,106449
FindNodeRsp,79811
FindNodeRsp,116399
FindNodeRsp,119654
UpdateRouteReq,72604
UpdateRouteReq,46384
UpdateRouteReq,84301
UpdateRouteReq,116841
UpdateRouteReq,153847
FindNodeReq,221959
UpdateRouteReq,133717
UpdateRouteReq,178083
FindNodeReq,292598
FindNodeRsp,64363
FindNodeReq,153941
UpdateRouteReq,212213
UpdateRouteReq,98252
UpdateRouteReq,44154
FindNodeRsp,80465
FindNodeRsp,85171
FindNodeReq,163878
FindNodeRsp,107151
FindNodeRsp,106724
FindNodeRsp,103725
FindNodeReq,162672
FindNodeRsp,106182
FindNodeRsp,103410
FindNodeReq,160693
FindNodeRsp,81362
FindNodeRsp,80518
PNDiscReq,120308
FindNodeRsp,80332
PathSetupReq,77058
PathSetupReq,73574
PathSetupReq,135073
FindNodeRsp,103873
FindNodeReq,161860
FindNodeRsp,112237
FindNodeRsp,106543
UpdateRouteReq,171560
UpdateRouteReq,118875
FindNodeReq,169612
UpdateRouteReq,81751
UpdateRouteReq,126437
UpdateRouteReq,162248
UpdateRouteReq,47708
FindNodeReq,160117
FindNodeRsp,98316
FindNodeReq,162809
FindNodeRsp,82722
FindNodeReq,181387
FindNodeRsp,79670
FindNodeRsp,85078
UpdateRouteReq,126971
UpdateRouteReq,207122
FindNodeReq,248206
UpdateRouteReq,256339
UpdateRouteReq,304049
UpdateRouteReq,360924
UpdateRouteReq,392343
FindNodeReq,183368
UpdateRouteReq,189112
UpdateRouteReq,232955
QueryRouteReq,176178
UpdateRouteReq,235535
UpdateRouteReq,86828
QueryRouteRsp,177420
UpdateRouteReq,48831
UpdateRouteReq,57135
QueryRouteReq,80854
UpdateRouteReq,45719
QueryRouteRsp,96514
UpdateRouteReq,76666
PathSetupReq,41019
UpdateRouteReq,51139
FindNodeRsp,108727
FindNodeReq,163775
FindNodeReq,163220
UpdateRouteReq,54206
UpdateRouteReq,48639
UpdateRouteReq,52104
UpdateRouteReq,46851
UpdateRouteReq,46810
FindNodeReq,162706
FindNodeRsp,132443
FindNodeReq,132905
FindNodeRsp,120025
FindNodeReq,156772
FindNodeRsp,117890
FindNodeReq,163057
FindNodeReq,157933
FindNodeRsp,118277
FindNodeRsp,128530
FindNodeReq,157625
UpdateRouteReq,286765
FindNodeRsp,131553
FindNodeRsp,125991
FindNodeReq,162744
FindNodeReq,179927
FindNodeRsp,155695
FindNodeRsp,133590
FindNodeRsp,114803
FindNodeReq,158531
FindNodeRsp,88049
PNHello,126184
PNDiscRsp,67265
FindNodeRsp,96670
FindNodeReq,168262
FindNodeReq,158828
UpdateRouteReq,85570
UpdateRouteReq,52575
UpdateRouteReq,49570
UpdateRouteReq,47044
PathTeardownReq,45663
FindNodeRsp,141889
FindNodeRsp,119370
FindNodeReq,161833
UpdateRouteReq,81960
UpdateRouteReq,48197
UpdateRouteReq,46813
PathSetupReq,40349
UpdateRouteReq,49384
UpdateRouteReq,47245
UpdateRouteReq,45979
UpdateRouteReq,52390
FindNodeRsp,132217
FindNodeReq,160249
FindNodeRsp,101666
FindNodeReq,159953
FindNodeRsp,127689
FindNodeRsp,90618
FindNodeRsp,129849
FindNodeReq,166333
FindNodeRsp,96946
FindNodeRsp,100470
FindNodeRsp,96422
FindNodeReq,162105
FindNodeRsp,135915
FindNodeReq,164637
FindNodeRsp,130812
FindNodeRsp,94995
FindNodeRsp,119242
FindNodeRsp,113757
FindNodeRsp,73486
FindNodeRsp,100012
FindNodeReq,246740
FindNodeRsp,100714
FindNodeRsp,128584
FindNodeReq,163681
PathSetupReq,82683
FindNodeRsp,126132
FindNodeReq,149018
FindNodeReq,97305
UpdateRouteReq,136792
UpdateRouteReq,174623
UpdateRouteReq,283958
UpdateRouteReq,217116
FindNodeReq,167092
FindNodeRsp,126421
PathSetupReq,108181
PathSetupReq,169855
FindNodeRsp,201108
PathSetupReq,63418
PathSetupReq,136479
FindNodeRsp,92178
FindNodeRsp,121776
FindNodeReq,164401
FindNodeRsp,118938
FindNodeRsp,126126
PathSetupReq,114238
FindNodeReq,151969
UpdateRouteReq,271603
FindNodeRsp,125795
FindNodeReq,168029
FindNodeReq,163497
UpdateRouteReq,341296
UpdateRouteReq,607731
UpdateRouteReq,729960
UpdateRouteReq,874131
UpdateRouteReq,982310
Error,1139524
Error,1165930
Error,117264
UpdateRouteReq,83122
Error,91253
Error,93582
Error,82154
Error,102210
Error,72410
Error,76793
Error,92014
UpdateRouteReq,96198
Error,88395
UpdateRouteReq,44775
Error,122610
Error,91245
UpdateRouteReq,92012
UpdateRouteReq,87508
Error,79464
UpdateRouteReq,84119
Error,84358
Error,88909
Error,90256
Error,86012
Error,85467
Error,46195
Error,35259
UpdateRouteReq,127779
FindNodeReq,159420
FindNodeRsp,98113
QueryRouteRsp,109925
FindNodeRsp,125661
UpdateRouteReq,96030
UpdateRouteReq,133197
FindNodeReq,166741
UpdateRouteReq,130773
UpdateRouteReq,365396
UpdateRouteReq,458825
UpdateRouteReq,600445
UpdateRouteReq,739267
Error,833054
Error,832813
Error,111269
Error,108230
Error,133411
Error,84302
Error,82591
Error,48307
Error,126073
Error,37350
Error,237463
Error,137850
UpdateRouteReq,156393
Error,173201
UpdateRouteReq,134818
FindNodeReq,152201
FindNodeReq,152924
FindNodeReq,100932
FindNodeReq,78570
UpdateRouteReq,87626
UpdateRouteReq,92818
UpdateRouteReq,92078
UpdateRouteReq,69578
UpdateRouteReq,74038
FindNodeReq,156249
FindNodeReq,152435
FindNodeRsp,92578
QueryRouteRsp,105148
UpdateRouteReq,60846
FindNodeReq,156620
FindNodeRsp,86480
FindNodeRsp,91788
UpdateRouteReq,86965
UpdateRouteReq,655558
UpdateRouteReq,766656
UpdateRouteReq,866769
UpdateRouteReq,985666
UpdateRouteReq,1114890
UpdateRouteReq,1165790
Error,58426
Error,53030
UpdateRouteReq,270929
UpdateRouteReq,507858
FindNodeRsp,87464
FindNodeReq,158720
FindNodeReq,188836
FindNodeReq,154944
FindNodeReq,150207
FindNodeReq,95978
FindNodeReq,79080
FindNodeReq,76163
UpdateRouteReq,64270
UpdateRouteReq,548166
UpdateRouteReq,661498
UpdateRouteReq,840945
UpdateRouteReq,962928
FindNodeReq,1070017
FindNodeReq,71894
FindNodeReq,141563
FindNodeReq,137950
FindNodeReq,119402
UpdateRouteReq,91342
Error,113870
UpdateRouteReq,329265
UpdateRouteReq,464075
FindNodeReq,582743
FindNodeReq,198241
FindNodeReq,77122
FindNodeReq,134274
Error,214435
FindNodeReq,120902
UpdateRouteReq,294185
UpdateRouteReq,277126
UpdateRouteReq,380160
FindNodeReq,493627
FindNodeReq,80420
FindNodeReq,109770
FindNodeReq,77915
FindNodeReq,78451
UpdateRouteReq,91351
UpdateRouteReq,292192
UpdateRouteReq,416953
FindNodeReq,521622
FindNodeReq,167306
FindNodeReq,80911
FindNodeReq,70659
FindNodeReq,78782
Error,90638
UpdateRouteReq,152623
UpdateRouteReq,279382
UpdateRouteReq,381620
FindNodeReq,494488
FindNodeReq,80522
FindNodeReq,70322
FindNodeReq,77768
FindNodeReq,78774
UpdateRouteReq,88349
UpdateRouteReq,273003
UpdateRouteReq,373895
FindNodeReq,485586
FindNodeReq,80090
FindNodeReq,70387
FindNodeReq,77543
Error,88110
FindNodeReq,76310
UpdateRouteReq,87394
UpdateRouteReq,274526
UpdateRouteReq,376589
FindNodeReq,485950
FindNodeReq,78711
FindNodeReq,74051
FindNodeReq,76688
FindNodeReq,109535
UpdateRouteReq,90102
UpdateRouteReq,272479
UpdateRouteReq,373587
FindNodeReq,483138
FindNodeReq,114065
Error,126911
FindNodeReq,223817
UpdateRouteReq,249907
FindNodeReq,120517
FindNodeReq,94585
UpdateRouteReq,120729
UpdateRouteReq,155289
UpdateRouteReq,194088
UpdateRouteReq,45850
FindNodeReq,159598
UpdateRouteReq,181935
UpdateRouteReq,284370
UpdateRouteReq,394998
UpdateRouteReq,511082
UpdateRouteReq,605820
UpdateRouteReq,340373
UpdateRouteReq,401866
QueryRouteRsp,628223
UpdateRouteReq,686519
UpdateRouteReq,811603
UpdateRouteReq,913503
UpdateRouteReq,1033944
UpdateRouteReq,1129376
UpdateRouteReq,956799
UpdateRouteReq,1108741
UpdateRouteReq,1251861
UpdateRouteReq,1259380
UpdateRouteReq,1546323
UpdateRouteReq,1650135
UpdateRouteReq,1731086
UpdateRouteReq,1883493
Error,750558
UpdateRouteReq,872492
UpdateRouteReq,975178
UpdateRouteReq,1075561
UpdateRouteReq,1229281
UpdateRouteReq,1316606
Error,298121
Error,301389
UpdateRouteReq,456170
Error,457530
Error,457794
Error,153884
UpdateRouteReq,144813
Error,100180
Error,84233
FindNodeRsp,60677
UpdateRouteReq,90238
UpdateRouteReq,223902
UpdateRouteReq,350037
UpdateRouteReq,372035
UpdateRouteReq,476838
Error,310349
Error,313963
Error,320350
Error,323137
Error,324792
Error,140666
UpdateRouteReq,153704
Error,210636
Error,86047
Error,86398
UpdateRouteReq,725520
UpdateRouteReq,780647
Error,806510
UpdateRouteReq,867358
UpdateRouteReq,943668
UpdateRouteReq,1023521
UpdateRouteReq,1148604
UpdateRouteReq,1184186
UpdateRouteReq,871373
UpdateRouteReq,971180
UpdateRouteReq,1124039
Error,1256242
Error,1330720
UpdateRouteReq,1339799
Error,1367472
Error,1418625
UpdateRouteReq,1482108
UpdateRouteReq,440569
UpdateRouteReq,565687
UpdateRouteReq,665326
Error,768870
Error,841226
FindNodeReq,913067
Error,35815
Error,105445
Error,35977
UpdateRouteReq,145625
Error,209143
UpdateRouteReq,608552
UpdateRouteReq,716976
UpdateRouteReq,818034
UpdateRouteReq,940460
UpdateRouteReq,1020905
Error,128653
Error,126295
Error,212599
Error,307102
Error,155813
Error,197467
UpdateRouteReq,116789
Error,189462
UpdateRouteReq,573215
UpdateRouteReq,679517
UpdateRouteReq,783650
UpdateRouteReq,908065
UpdateRouteReq,1010502
Error,98096
Error,96271
Error,181780
Error,228463
Error,125271
UpdateRouteReq,170866
Error,100207
UpdateRouteReq,175038
Error,294718
UpdateRouteReq,567683
UpdateRouteReq,692301
UpdateRouteReq,796470
UpdateRouteReq,921012
UpdateRouteReq,1024398
Error,144713
Error,142613
Error,274326
Error,321204
Error,290302
Error,247010
UpdateRouteReq,376234
Error,135965
UpdateRouteReq,336247
Error,477376
UpdateRouteReq,537869
UpdateRouteReq,643358
UpdateRouteReq,769868
UpdateRouteReq,874605
Error,431270
Error,435464
Error,424153
Error,509937
Error,535283
Error,544670
UpdateRouteReq,247023
UpdateRouteReq,326953
Error,148933
Error,169891
Error,338640
Error,84298
Error,47231
Error,51688
UpdateRouteReq,98054
FindNodeReq,117056
UpdateRouteReq,260667
UpdateRouteReq,97290
FindNodeReq,147240
FindNodeReq,89247
FindNodeReq,75954
FindNodeReq,73252
UpdateRouteReq,82873
UpdateRouteReq,500418
UpdateRouteReq,601547
UpdateRouteReq,751805
UpdateRouteReq,850726
FindNodeReq,981899
UpdateRouteReq,43370
FindNodeReq,97184
FindNodeReq,99643
FindNodeReq,69367
FindNodeReq,79432
UpdateRouteReq,74505
FindNodeRsp,70387
FindNodeReq,158457
FindNodeRsp,83733
UpdateRouteReq,247826
UpdateRouteReq,87589
FindNodeReq,150050
FindNodeReq,150009
FindNodeReq,97253
FindNodeReq,78690
UpdateRouteReq,59359
UpdateRouteReq,360094
UpdateRouteReq,404511
UpdateRouteReq,528261
UpdateRouteReq,627443
FindNodeReq,788388
FindNodeReq,78981
FindNodeReq,140317
FindNodeReq,152968
FindNodeReq,78214
UpdateRouteReq,87412
Error,90340
UpdateRouteReq,352446
UpdateRouteReq,455429
FindNodeReq,544397
FindNodeReq,247355
FindNodeReq,73494
FindNodeReq,115582
Error,196721
FindNodeReq,96634
UpdateRouteReq,199307
UpdateRouteReq,276562
UpdateRouteReq,378924
FindNodeReq,489874
FindNodeReq,79744
FindNodeReq,74074
FindNodeReq,76744
FindNodeReq,78415
UpdateRouteReq,90262
UpdateRouteReq,293894
UpdateRouteReq,418182
FindNodeReq,521371
FindNodeReq,165791
FindNodeReq,78642
FindNodeReq,68847
FindNodeReq,78391
Error,86162
UpdateRouteReq,85218
FindNodeRsp,61105
FindNodeReq,148472
UpdateRouteReq,284838
UpdateRouteReq,386773
FindNodeReq,499109
FindNodeReq,123428
FindNodeReq,76412
FindNodeReq,77087
FindNodeReq,76259
UpdateRouteReq,194736
UpdateRouteReq,275970
UpdateRouteReq,379352
FindNodeReq,489833
FindNodeReq,79586
FindNodeReq,69051
FindNodeReq,78645
Error,89918
FindNodeReq,116825
UpdateRouteReq,83958
UpdateRouteReq,276560
UpdateRouteReq,379028
FindNodeReq,490351
FindNodeReq,79388
FindNodeReq,69584
FindNodeReq,93618
FindNodeReq,77133
UpdateRouteReq,88036
UpdateRouteReq,276748
UpdateRouteReq,378276
FindNodeReq,488248
FindNodeReq,92996
Error,93039
FindNodeReq,133368
FindNodeReq,171284
UpdateRouteReq,196819
FindNodeReq,87805
FindNodeReq,127579
UpdateRouteReq,210647
UpdateRouteReq,62623
FindNodeReq,154337
FindNodeReq,97862
FindNodeReq,84636
FindNodeReq,79848
UpdateRouteReq,50601
FindNodeReq,167565
UpdateRouteReq,56544
UpdateRouteReq,150302
QueryRouteRsp,110011
UpdateRouteReq,414984
UpdateRouteReq,606173
UpdateRouteReq,668538
UpdateRouteReq,765507
UpdateRouteReq,63451
UpdateRouteReq,60200
UpdateRouteReq,89881
UpdateRouteReq,155433
FindNodeReq,89763
FindNodeReq,156601
FindNodeRsp,81282
FindNodeReq,154429
Error,115982
Error,88846
Error,86580
Error,47747
Error,60598
UpdateRouteReq,467840
UpdateRouteReq,573772
UpdateRouteReq,674265
UpdateRouteReq,794620
UpdateRouteReq,207137
Error,303497
Error,302466
FindNodeRsp,87316
FindNodeRsp,90978
FindNodeReq,151237
FindNodeReq,101361
FindNodeReq,90354
FindNodeReq,79564
UpdateRouteReq,95725
UpdateRouteReq,66606
Error,170389
Error,114407
Error,95113
Error,52039
FindNodeReq,141830
FindNodeReq,88874
FindNodeReq,73660
UpdateRouteReq,45299
UpdateRouteReq,163777
UpdateRouteReq,185052
UpdateRouteReq,289793
UpdateRouteReq,199608
QueryRouteRsp,238358
UpdateRouteReq,43438
FindNodeRsp,67114
FindNodeReq,174977
FindNodeReq,101918
FindNodeReq,141610
FindNodeReq,86662
UpdateRouteReq,83924
UpdateRouteReq,298740
UpdateRouteReq,414391
UpdateRouteReq,541164
UpdateRouteReq,727344
FindNodeReq,836968
FindNodeReq,74136
FindNodeReq,73014
FindNodeReq,128842
FindNodeReq,77992
UpdateRouteReq,91894
FindNodeRsp,96612
FindNodeReq,160881
UpdateRouteReq,124413
UpdateRouteReq,356696
UpdateRouteReq,223542
Error,345921
Error,347944
Error,140575
Error,123050
Error,122739
Error,91220
Error,48205
Error,36351
UpdateRouteReq,103132
FindNodeRsp,81167
FindNodeReq,157289
FindNodeReq,100281
FindNodeReq,83743
FindNodeReq,75135
FindNodeReq,94310
UpdateRouteReq,100374
UpdateRouteReq,51579
Error,137619
UpdateRouteReq,68132
UpdateRouteReq,71103
UpdateRouteReq,96774
UpdateRouteReq,95638
UpdateRouteReq,41084
Error,140232
Error,110089
Error,154333
UpdateRouteReq,44350
UpdateRouteReq,41360
Error,88058
Error,65038
Error,67508
UpdateRouteReq,42270
Error,38941
FindNodeReq,145248
FindNodeReq,90545
FindNodeReq,74444
FindNodeReq,71651
UpdateRouteReq,45606
UpdateRouteReq,49797
UpdateRouteReq,70610
FindNodeReq,160532
FindNodeReq,152062
FindNodeReq,97238
FindNodeReq,80195
FindNodeReq,78822
UpdateRouteReq,49249
UpdateRouteReq,61957
FindNodeReq,160394
FindNodeRsp,90638
UpdateRouteReq,228227
QueryRouteRsp,242855
UpdateRouteReq,358572
UpdateRouteReq,220212
Error,83977
FindNodeRsp,134576
UpdateRouteReq,58241
FindNodeRsp,79997
FindNodeRsp,99018
UpdateRouteReq,107536
UpdateRouteReq,77664
UpdateRouteReq,96982
UpdateRouteReq,42619
UpdateRouteReq,89892
UpdateRouteReq,632842
UpdateRouteReq,737419
UpdateRouteReq,837754
UpdateRouteReq,992266
UpdateRouteReq,1022712
UpdateRouteReq,1105271
Error,58103
Error,53803
FindNodeRsp,79549
FindNodeReq,164073
FindNodeReq,161859
UpdateRouteReq,264108
UpdateRouteReq,90053
FindNodeRsp,86283
Error,117551
Error,89891
Error,84934
Error,45394
Error,59230
UpdateRouteReq,476472
UpdateRouteReq,582022
UpdateRouteReq,679955
UpdateRouteReq,798164
UpdateRouteReq,224175
Error,301713
Error,300217
FindNodeRsp,77434
UpdateRouteReq,266371
FindNodeRsp,77994
FindNodeRsp,85879
FindNodeRsp,75095
FindNodeReq,161295
FindNodeReq,151372
FindNodeReq,150283
FindNodeReq,95342
FindNodeReq,79493
UpdateRouteReq,60285
UpdateRouteReq,392393
UpdateRouteReq,438976
UpdateRouteReq,575328
UpdateRouteReq,681365
FindNodeReq,828554
Error,878629
FindNodeReq,84949
FindNodeReq,73131
FindNodeReq,121339
FindNodeReq,82660
UpdateRouteReq,93671
UpdateRouteReq,93491
UpdateRouteReq,364092
FindNodeReq,97406
Error,89117
FindNodeReq,77466
FindNodeReq,80158
FindNodeReq,81971
FindNodeReq,79799
UpdateRouteReq,133145
Error,92858
Error,82207
UpdateRouteReq,41171
Error,85440
Error,51295
UpdateRouteReq,91026
FindNodeReq,74773
FindNodeReq,71716
FindNodeReq,71660
FindNodeReq,88307
UpdateRouteReq,97398
UpdateRouteReq,93167
UpdateRouteReq,140917
UpdateRouteReq,72273
FindNodeReq,160640
UpdateRouteReq,74830
FindNodeRsp,89614
PNDiscReq,132441
QueryRouteRsp,83749
UpdateRouteReq,50797
UpdateRouteReq,466309
UpdateRouteReq,571471
UpdateRouteReq,693752
UpdateRouteReq,798190
UpdateRouteReq,807643
UpdateRouteReq,564795
UpdateRouteReq,626334
Error,707024
Error,709368
UpdateRouteReq,745612
UpdateRouteReq,631054
Error,705200
UpdateRouteReq,788363
Error,832563
UpdateRouteReq,960127
UpdateRouteReq,1065205
Error,162138
Error,80994
UpdateRouteReq,142935
Error,87283
UpdateRouteReq,49271
Error,95136
UpdateRouteReq,85447
UpdateRouteReq,66979
UpdateRouteReq,88082
UpdateRouteReq,105292
UpdateRouteReq,574635
UpdateRouteReq,682479
UpdateRouteReq,786348
UpdateRouteReq,913516
UpdateRouteReq,1018535
Error,220525
Error,340384
Error,345712
Error,347889
Error,438780
Error,110153
Error,69318
Error,69604
Error,105336
Error,76843
UpdateRouteReq,118088
FindNodeReq,154408
FindNodeReq,101330
FindNodeReq,83222
FindNodeReq,79521
FindNodeReq,160278
FindNodeReq,88671
FindNodeRsp,76798
FindNodeReq,83125
FindNodeReq,81738
UpdateRouteReq,266695
UpdateRouteReq,79704
UpdateRouteReq,91080
UpdateRouteReq,645142
UpdateRouteReq,759603
UpdateRouteReq,865919
UpdateRouteReq,1023503
UpdateRouteReq,1059647
UpdateRouteReq,1186889
Error,74224
Error,70462
FindNodeReq,173323
FindNodeRsp,92542
UpdateRouteReq,259150
UpdateRouteReq,89926
FindNodeRsp,82871
FindNodeRsp,83068
FindNodeReq,154269
FindNodeRsp,108894
FindNodeRsp,79806
FindNodeRsp,84678
Error,116827
Error,90306
Error,86010
Error,43928
Error,61574
UpdateRouteReq,470610
UpdateRouteReq,580155
UpdateRouteReq,686734
UpdateRouteReq,815794
UpdateRouteReq,226624
Error,314225
Error,313209
FindNodeRsp,78295
UpdateRouteReq,257506
FindNodeReq,156273
FindNodeReq,152076
FindNodeRsp,88330
FindNodeRsp,86898
FindNodeReq,153433
FindNodeReq,146731
FindNodeReq,143861
FindNodeReq,91966
FindNodeReq,77803
UpdateRouteReq,92457
UpdateRouteReq,343250
UpdateRouteReq,475601
UpdateRouteReq,604741
UpdateRouteReq,747064
FindNodeReq,889572
Error,943540
FindNodeReq,82407
FindNodeReq,73520
FindNodeReq,123401
FindNodeReq,82067
UpdateRouteReq,93370
UpdateRouteReq,137159
UpdateRouteReq,343193
FindNodeReq,461854
Error,130194
FindNodeReq,78138
FindNodeReq,80593
FindNodeReq,79579
FindNodeReq,113135
UpdateRouteReq,90902
UpdateRouteReq,152583
UpdateRouteReq,201691
FindNodeReq,347348
FindNodeReq,200255
FindNodeReq,78710
FindNodeReq,74914
FindNodeReq,78006
UpdateRouteReq,90693
Error,92942
UpdateRouteReq,155294
UpdateRouteReq,240764
FindNodeReq,416796
FindNodeReq,88874
FindNodeReq,75153
FindNodeReq,71610
FindNodeReq,82006
Error,92089
UpdateRouteReq,137757
UpdateRouteReq,135187
UpdateRouteReq,276452
FindNodeReq,422223
FindNodeReq,190112
FindNodeReq,75605
FindNodeReq,84439
FindNodeReq,80262
UpdateRouteReq,92774
Error,191691
UpdateRouteReq,134577
UpdateRouteReq,280219
FindNodeReq,445375
FindNodeReq,78140
FindNodeReq,75482
FindNodeReq,76787
FindNodeReq,73962
UpdateRouteReq,94292
Error,166335
UpdateRouteReq,260464
UpdateRouteReq,369975
FindNodeReq,486509
FindNodeReq,290179
FindNodeReq,116079
FindNodeReq,82318
FindNodeReq,71181
UpdateRouteReq,91662
UpdateRouteReq,84986
FindNodeReq,161178
UpdateRouteReq,56607
FindNodeRsp,84290
FindNodeReq,180478
QueryRouteRsp,92194
FindNodeReq,140397
FindNodeReq,88231
FindNodeReq,74114
UpdateRouteReq,271498
UpdateRouteReq,664202
UpdateRouteReq,790108
UpdateRouteReq,895224
FindNodeReq,1014506
UpdateRouteReq,1174432
UpdateRouteReq,1237745
FindNodeReq,210485
UpdateRouteReq,280497
UpdateRouteReq,739653
UpdateRouteReq,883980
UpdateRouteReq,1010673
UpdateRouteReq,1100953
FindNodeReq,1213146
FindNodeReq,1284804
UpdateRouteReq,1320495
UpdateRouteReq,1426773
Error,1527531
UpdateRouteReq,1589499
FindNodeReq,204541
FindNodeReq,263615
FindNodeReq,297399
FindNodeReq,70114
FindNodeReq,63635
UpdateRouteReq,91560
UpdateRouteReq,187002
UpdateRouteReq,242778
UpdateRouteReq,72160
FindNodeReq,140131
FindNodeReq,89038
FindNodeReq,72995
FindNodeReq,72169
UpdateRouteReq,104266
UpdateRouteReq,292574
UpdateRouteReq,419950
UpdateRouteReq,548144
UpdateRouteReq,690934
FindNodeReq,810046
FindNodeReq,118869
FindNodeReq,103099
FindNodeReq,80226
FindNodeReq,73836
UpdateRouteReq,91256
FindNodeReq,158102
FindNodeRsp,88998
UpdateRouteReq,240239
UpdateRouteReq,89113
FindNodeReq,158240
FindNodeRsp,85958
Error,118055
Error,91753
Error,85967
Error,45387
Error,62318
UpdateRouteReq,463465
UpdateRouteReq,638151
UpdateRouteReq,798120
UpdateRouteReq,923911
UpdateRouteReq,228375
Error,327045
Error,309836
FindNodeRsp,78004
UpdateRouteReq,89139
UpdateRouteReq,255989
UpdateRouteReq,79554
FindNodeReq,140421
FindNodeReq,88308
FindNodeReq,73547
FindNodeReq,71111
UpdateRouteReq,86209
UpdateRouteReq,504764
UpdateRouteReq,615462
UpdateRouteReq,777184
UpdateRouteReq,911643
FindNodeReq,1020660
UpdateRouteReq,65896
FindNodeReq,116468
FindNodeReq,103382
FindNodeReq,70639
FindNodeReq,81013
UpdateRouteReq,89918
FindNodeReq,157166
FindNodeReq,158389
FindNodeRsp,72715
FindNodeReq,149647
FindNodeReq,94716
FindNodeReq,81491
FindNodeReq,78044
UpdateRouteReq,309961
UpdateRouteReq,416607
FindNodeReq,576911
UpdateRouteReq,66007
FindNodeReq,101225
FindNodeReq,123197
FindNodeReq,81878
FindNodeReq,71624
UpdateRouteReq,90442
FindNodeRsp,90314
FindNodeReq,150348
FindNodeReq,96146
FindNodeReq,79905
FindNodeReq,77764
UpdateRouteReq,290447
UpdateRouteReq,222819
FindNodeReq,339042
FindNodeReq,79674
FindNodeReq,73946
FindNodeReq,100889
FindNodeReq,140951
UpdateRouteReq,109635
FindNodeReq,157569
UpdateRouteReq,238263
UpdateRouteReq,89557
FindNodeReq,140669
FindNodeReq,87644
FindNodeReq,74520
FindNodeReq,102288
UpdateRouteReq,104193
UpdateRouteReq,289410
UpdateRouteReq,411521
UpdateRouteReq,540846
UpdateRouteReq,680593
FindNodeReq,800657
FindNodeReq,119881
FindNodeReq,102506
FindNodeReq,82433
FindNodeReq,71543
UpdateRouteReq,91190
FindNodeReq,157809
FindNodeRsp,76179
FindNodeRsp,100362
UpdateRouteReq,237643
UpdateRouteReq,117217
FindNodeRsp,87130
FindNodeReq,152133
FindNodeReq,141466
FindNodeReq,87342
FindNodeReq,73626
FindNodeReq,71683
UpdateRouteReq,103723
UpdateRouteReq,510345
UpdateRouteReq,616096
UpdateRouteReq,771562
UpdateRouteReq,904876
FindNodeReq,1012183
UpdateRouteReq,64963
FindNodeReq,117687
FindNodeReq,105926
FindNodeReq,73155
FindNodeReq,80078
UpdateRouteReq,90785
FindNodeRsp,72976
UpdateRouteReq,240688
UpdateRouteReq,90985
FindNodeReq,151289
FindNodeReq,167793
FindNodeReq,91182
FindNodeReq,75817
FindNodeReq,71886
UpdateRouteReq,83483
UpdateRouteReq,293298
UpdateRouteReq,423946
UpdateRouteReq,583483
UpdateRouteReq,725249
FindNodeReq,841585
FindNodeReq,118170
FindNodeReq,102688
FindNodeReq,80634
FindNodeReq,71206
UpdateRouteReq,90373
UpdateRouteReq,277761
UpdateRouteReq,92387
FindNodeReq,150918
FindNodeRsp,85573
UpdateRouteReq,89278
UpdateRouteReq,645266
UpdateRouteReq,761101
UpdateRouteReq,870317
UpdateRouteReq,1006452
UpdateRouteReq,1039886
UpdateRouteReq,1146351
Error,73985
Error,70146
Error,123143
Error,95776
Error,91323
Error,49727
Error,39615
FindNodeRsp,93253
UpdateRouteReq,252035
UpdateRouteReq,88586
FindNodeReq,150197
FindNodeReq,88898
FindNodeReq,75354
FindNodeReq,70755
UpdateRouteReq,84455
UpdateRouteReq,285547
UpdateRouteReq,467643
UpdateRouteReq,599903
UpdateRouteReq,736171
FindNodeReq,852581
FindNodeReq,104165
FindNodeReq,101800
FindNodeReq,96250
FindNodeReq,71564
UpdateRouteReq,89578
FindNodeReq,146973
FindNodeReq,94333
FindNodeReq,78156
FindNodeReq,77783
UpdateRouteReq,286590
UpdateRouteReq,214311
FindNodeReq,329682
FindNodeReq,78694
FindNodeReq,72806
FindNodeReq,99503
FindNodeReq,141341
UpdateRouteReq,88454
FindNodeRsp,75988
FindNodeReq,146005
FindNodeReq,146648
FindNodeReq,93086
FindNodeReq,78250
FindNodeReq,78680
UpdateRouteReq,331237
UpdateRouteReq,436130
FindNodeReq,550208
UpdateRouteReq,578952
FindNodeReq,77038
FindNodeReq,73460
FindNodeReq,144559
FindNodeReq,79256
UpdateRouteReq,90120
FindNodeRsp,72623
FindNodeReq,96382
FindNodeReq,78058
FindNodeReq,75607
FindNodeReq,74154
UpdateRouteReq,91862
UpdateRouteReq,602074
UpdateRouteReq,745969
FindNodeReq,867577
FindNodeReq,143133
FindNodeReq,93618
FindNodeReq,75183
FindNodeReq,149505
UpdateRouteReq,139610
FindNodeReq,160545
FindNodeReq,156344
FindNodeReq,244839
UpdateRouteReq,279734
FindNodeRsp,80911
FindNodeReq,145977
FindNodeReq,97053
FindNodeReq,81242
FindNodeReq,77378
UpdateRouteReq,550473
UpdateRouteReq,655158
UpdateRouteReq,784467
UpdateRouteReq,817678
UpdateRouteReq,921466
FindNodeReq,1059417
Error,109910
FindNodeReq,141185
FindNodeReq,87087
FindNodeReq,70263
Error,84084
FindNodeReq,77257
UpdateRouteReq,90938
Error,115426
Error,95465
Error,51415
Error,87931
UpdateRouteReq,87734
FindNodeReq,154407
FindNodeRsp,73362
FindNodeRsp,92370
FindNodeReq,145707
FindNodeReq,93160
FindNodeReq,80890
FindNodeReq,78858
UpdateRouteReq,98622
UpdateRouteReq,70924
FindNodeReq,154736
FindNodeReq,183007
QueryRouteRsp,90827
UpdateRouteReq,86443
UpdateRouteReq,42011
UpdateRouteReq,73098
UpdateRouteReq,67938
FindNodeRsp,78814
FindNodeRsp,86131
FindNodeRsp,96436
UpdateRouteReq,66198
FindNodeReq,152198
FindNodeReq,182301
FindNodeReq,94752
FindNodeReq,77102
UpdateRouteReq,62595
UpdateRouteReq,333699
UpdateRouteReq,472220
UpdateRouteReq,571645
UpdateRouteReq,705597
FindNodeReq,840353
FindNodeReq,78402
FindNodeReq,120317
FindNodeReq,159441
FindNodeReq,141041
UpdateRouteReq,145808
Error,91498
UpdateRouteReq,288108
UpdateRouteReq,396107
FindNodeReq,513532
FindNodeReq,80554
FindNodeReq,74715
FindNodeReq,78415
FindNodeReq,95705
UpdateRouteReq,157877
FindNodeRsp,60499
UpdateRouteReq,278138
UpdateRouteReq,382920
FindNodeReq,497158
FindNodeReq,97389
Error,144396
Error,116318
FindNodeReq,178876
FindNodeReq,78491
FindNodeReq,79206
UpdateRouteReq,191591
UpdateRouteReq,275793
UpdateRouteReq,379375
FindNodeReq,493391
FindNodeReq,80282
FindNodeReq,75107
FindNodeReq,78504
FindNodeReq,78330
UpdateRouteReq,90426
UpdateRouteReq,292389
UpdateRouteReq,427586
FindNodeReq,538972
FindNodeReq,143952
FindNodeReq,79174
FindNodeReq,70283
FindNodeReq,79339
Error,56430
Error,148784
UpdateRouteReq,213511
UpdateRouteReq,284302
UpdateRouteReq,383708
FindNodeReq,497265
FindNodeReq,79925
FindNodeReq,68624
FindNodeReq,75177
FindNodeReq,74238
UpdateRouteReq,89028
UpdateRouteReq,274885
UpdateRouteReq,375396
FindNodeReq,481400
FindNodeReq,77569
FindNodeReq,73918
FindNodeReq,69546
FindNodeReq,76751
UpdateRouteReq,88154
UpdateRouteReq,274451
UpdateRouteReq,376597
FindNodeReq,487631
FindNodeReq,78304
FindNodeReq,70239
FindNodeReq,77043
FindNodeReq,74282
UpdateRouteReq,146209
UpdateRouteReq,274434
UpdateRouteReq,375218
FindNodeReq,484569
FindNodeReq,98259
FindNodeReq,70252
UpdateRouteReq,82726
FindNodeReq,155408
FindNodeReq,62717
UpdateRouteReq,174388
UpdateRouteReq,46812
UpdateRouteReq,44313
UpdateRouteReq,44235
FindNodeReq,79332
UpdateRouteReq,43835
FindNodeReq,85020
FindNodeReq,169028
FindNodeRsp,79438
Error,56335
Error,52606
UpdateRouteReq,50963
UpdateRouteReq,73937
FindNodeReq,145997
FindNodeReq,93234
FindNodeReq,78347
FindNodeReq,75314
UpdateRouteReq,51710
UpdateRouteReq,167808
UpdateRouteReq,70866
UpdateRouteReq,70904
FindNodeRsp,108743
FindNodeReq,156694
FindNodeRsp,90964
QueryRouteRsp,86626
UpdateRouteReq,105570
UpdateRouteReq,62448
FindNodeReq,162698
UpdateRouteReq,67216
FindNodeReq,151809
FindNodeRsp,80751
FindNodeReq,152037
FindNodeRsp,86878
FindNodeRsp,87063
FindNodeReq,144855
FindNodeReq,144377
FindNodeReq,91134
FindNodeReq,77102
UpdateRouteReq,91742
UpdateRouteReq,270118
UpdateRouteReq,567422
UpdateRouteReq,705156
UpdateRouteReq,838352
FindNodeReq,956591
Error,982304
FindNodeReq,77440
FindNodeReq,75278
FindNodeReq,81736
FindNodeReq,73950
UpdateRouteReq,150917
UpdateRouteReq,117123
UpdateRouteReq,272271
FindNodeReq,412003
FindNodeReq,94552
FindNodeReq,81071
FindNodeReq,77463
Error,89590
FindNodeReq,75130
UpdateRouteReq,92069
Error,182668
Error,94378
Error,113025
Error,51619
UpdateRouteReq,90060
FindNodeReq,157971
FindNodeReq,148392
FindNodeRsp,72533
FindNodeReq,138677
FindNodeReq,86918
FindNodeReq,72931
FindNodeReq,70384
UpdateRouteReq,101206
UpdateRouteReq,69818
FindNodeReq,154707
FindNodeReq,156801
FindNodeReq,94704
FindNodeReq,78276
FindNodeReq,77348
UpdateRouteReq,52794
UpdateRouteReq,61133
FindNodeRsp,80743
QueryRouteRsp,85231
UpdateRouteReq,43631
Error,116095
Error,90376
Error,85188
Error,45633
Error,59378
UpdateRouteReq,463749
UpdateRouteReq,575554
UpdateRouteReq,679475
UpdateRouteReq,805618
UpdateRouteReq,530023
UpdateRouteReq,720891
Error,800050
UpdateRouteReq,835802
UpdateRouteReq,945610
UpdateRouteReq,1054021
Error,520550
Error,517065
UpdateRouteReq,557823
UpdateRouteReq,681957
UpdateRouteReq,785882
FindNodeRsp,932456
UpdateRouteReq,971043
UpdateRouteReq,721440
Error,775683
UpdateRouteReq,813782
UpdateRouteReq,923182
UpdateRouteReq,1028541
UpdateRouteReq,1154734
UpdateRouteReq,1276940
Error,71119
Error,65746
Error,65346
FindNodeReq,149085
FindNodeReq,156185
FindNodeRsp,80033
FindNodeRsp,75357
UpdateRouteReq,297934
FindNodeReq,146181
FindNodeReq,150515
UpdateRouteReq,89966
UpdateRouteReq,642441
UpdateRouteReq,753317
UpdateRouteReq,859732
UpdateRouteReq,993240
UpdateRouteReq,1026316
UpdateRouteReq,1174442
Error,73269
Error,68710
FindNodeRsp,98781
FindNodeReq,157649
FindNodeRsp,78091
UpdateRouteReq,254774
UpdateRouteReq,90953
FindNodeRsp,70428
FindNodeRsp,88569
Error,114857
Error,91351
Error,85758
Error,48614
Error,60674
UpdateRouteReq,467762
UpdateRouteReq,575835
UpdateRouteReq,677644
UpdateRouteReq,798277
UpdateRouteReq,220290
Error,304871
Error,303748
UpdateRouteReq,255730
FindNodeRsp,78423
FindNodeRsp,88563
FindNodeRsp,89150
Error,115805
Error,87810
Error,86086
Error,44632
Error,61001
UpdateRouteReq,469168
UpdateRouteReq,583285
UpdateRouteReq,686460
UpdateRouteReq,813361
UpdateRouteReq,248939
Error,325867
Error,307365
UpdateRouteReq,103422
FindNodeRsp,80166
FindNodeReq,145677
FindNodeReq,144901
FindNodeReq,90342
FindNodeReq,74980
UpdateRouteReq,63501
UpdateRouteReq,371233
UpdateRouteReq,409032
UpdateRouteReq,541928
UpdateRouteReq,648306
FindNodeReq,791157
Error,840245
FindNodeReq,81930
FindNodeReq,77316
FindNodeReq,79650
FindNodeReq,70551
UpdateRouteReq,144617
UpdateRouteReq,151746
UpdateRouteReq,200042
FindNodeReq,344009
FindNodeReq,70027
FindNodeReq,79947
FindNodeReq,100990
Error,148141
FindNodeReq,78290
UpdateRouteReq,176456
Error,89414
Error,100110
Error,118362
Error,52823
UpdateRouteReq,109348
FindNodeReq,140337
FindNodeReq,86918
FindNodeReq,72614
FindNodeReq,71164
UpdateRouteReq,72534
FindNodeReq,155349
FindNodeRsp,89962
FindNodeReq,148531
FindNodeReq,96602
FindNodeReq,80202
FindNodeReq,77737
UpdateRouteReq,75405
UpdateRouteReq,73110
FindNodeReq,149186
QueryRouteRsp,91760
FindNodeRsp,68706
UpdateRouteReq,90993
UpdateRouteReq,668589
UpdateRouteReq,777431
UpdateRouteReq,881479
UpdateRouteReq,1001052
UpdateRouteReq,1033797
UpdateRouteReq,1159195
UpdateRouteReq,870816
UpdateRouteReq,930858
Error,1010792
Error,1011158
UpdateRouteReq,1044249
UpdateRouteReq,1153698
UpdateRouteReq,1260756
UpdateRouteReq,1388120
UpdateRouteReq,1489900
Error,247407
UpdateRouteReq,310993
Error,40223
Error,34639
UpdateRouteReq,187596
UpdateRouteReq,171743
UpdateRouteReq,564988
UpdateRouteReq,674314
UpdateRouteReq,782238
UpdateRouteReq,910408
UpdateRouteReq,1014612
Error,144439
Error,172466
UpdateRouteReq,70867
FindNodeRsp,90085
FindNodeRsp,78349
FindNodeReq,156506
UpdateRouteReq,296148
UpdateRouteReq,89102
FindNodeRsp,89558
FindNodeReq,151512
Error,114625
Error,89710
Error,84152
Error,46483
Error,60890
UpdateRouteReq,465279
UpdateRouteReq,573006
UpdateRouteReq,674900
UpdateRouteReq,800622
UpdateRouteReq,313325
UpdateRouteReq,467198
Error,603561
Error,599379
UpdateRouteReq,643902
UpdateRouteReq,752691
UpdateRouteReq,857710
UpdateRouteReq,983725
UpdateRouteReq,1116532
Error,37630
Error,35537
PathSetupReq,109772
UpdateRouteReq,200168
FindNodeRsp,81719
PathSetupReq,117483
PathSetupReq,85720
FindNodeRsp,91018
FindNodeRsp,80263
FindNodeReq,155163
FindNodeRsp,83913
Error,117549
Error,88324
Error,85647
Error,46831
Error,62350
UpdateRouteReq,467499
UpdateRouteReq,572080
UpdateRouteReq,692101
UpdateRouteReq,818411
UpdateRouteReq,234120
Error,316533
Error,315833
FindNodeRsp,63614
FindNodeReq,146664
FindNodeReq,109641
FindNodeReq,84638
FindNodeReq,75551
UpdateRouteReq,95696
FindNodeRsp,85395
UpdateRouteReq,43520
FindNodeReq,150768
UpdateRouteReq,219945
UpdateRouteReq,97106
UpdateRouteReq,88278
FindNodeReq,173424
FindNodeRsp,89034
FindNodeRsp,89115
FindNodeRsp,80331
PNHello,127550
PNDiscRsp,120817
FindNodeReq,157095
UpdateRouteReq,90227
UpdateRouteReq,645911
UpdateRouteReq,756543
UpdateRouteReq,860790
UpdateRouteReq,1015486
UpdateRouteReq,1023320
UpdateRouteReq,1129074
Error,74729
Error,70039
FindNodeRsp,76893
FindNodeRsp,90907
UpdateRouteReq,290195
UpdateRouteReq,89271
FindNodeReq,150601
FindNodeRsp,90323
FindNodeReq,156904
PathSetupReq,94314
Error,114747
Error,92144
Error,86287
Error,48446
Error,60591
UpdateRouteReq,470946
UpdateRouteReq,577491
UpdateRouteReq,678064
UpdateRouteReq,798919
UpdateRouteReq,224455
Error,322595
Error,305014
UpdateRouteReq,253808
FindNodeRsp,87574
UpdateRouteReq,90273
UpdateRouteReq,643990
UpdateRouteReq,747188
UpdateRouteReq,848521
UpdateRouteReq,977632
UpdateRouteReq,1008318
UpdateRouteReq,1141124
Error,73807
Error,69781
FindNodeRsp,71374
FindNodeRsp,91678
FindNodeReq,262971
UpdateRouteReq,298739
Error,116345
Error,89818
Error,85635
Error,48424
Error,60399
UpdateRouteReq,473966
UpdateRouteReq,582975
UpdateRouteReq,682110
UpdateRouteReq,806160
UpdateRouteReq,224920
Error,318564
Error,317987
FindNodeRsp,77708
FindNodeRsp,77428
Error,126396
Error,93974
Error,90296
Error,50919
Error,38626
UpdateRouteReq,252646
UpdateRouteReq,85963
FindNodeRsp,77336
FindNodeReq,149644
FindNodeReq,137341
FindNodeReq,88233
FindNodeReq,73304
FindNodeReq,71268
UpdateRouteReq,80511
UpdateRouteReq,297606
UpdateRouteReq,439779
UpdateRouteReq,567864
UpdateRouteReq,703516
FindNodeReq,818582
Error,840885
FindNodeReq,118545
FindNodeReq,75026
FindNodeReq,81339
FindNodeReq,79453
UpdateRouteReq,91382
FindNodeReq,146837
FindNodeReq,109632
FindNodeReq,82723
FindNodeReq,76746
UpdateRouteReq,62723
UpdateRouteReq,257615
UpdateRouteReq,360228
FindNodeReq,106040
FindNodeReq,76362
FindNodeReq,73795
FindNodeReq,72542
FindNodeReq,78914
UpdateRouteReq,92478
FindNodeReq,80918
FindNodeReq,79088
FindNodeReq,77783
FindNodeReq,76774
UpdateRouteReq,278442
UpdateRouteReq,168405
FindNodeReq,291570
FindNodeReq,101466
FindNodeReq,95238
FindNodeReq,73481
FindNodeReq,72955
UpdateRouteReq,90110
FindNodeRsp,75306
UpdateRouteReq,138322
FindNodeRsp,85778
FindNodeReq,147279
FindNodeReq,94329
FindNodeReq,81078
FindNodeReq,75946
FindNodeReq,142810
FindNodeReq,89116
FindNodeReq,80249
FindNodeReq,70806
FindNodeReq,71690
UpdateRouteReq,274896
UpdateRouteReq,358976
UpdateRouteReq,488049
UpdateRouteReq,588323
FindNodeReq,335491
UpdateRouteReq,445520
UpdateRouteReq,524401
FindNodeReq,69887
UpdateRouteReq,152726
UpdateRouteReq,283020
UpdateRouteReq,387379
UpdateRouteReq,475614
UpdateRouteReq,600791
FindNodeReq,755040
FindNodeReq,812298
UpdateRouteReq,888599
UpdateRouteReq,393018
UpdateRouteReq,498948
FindNodeReq,612950
FindNodeReq,672633
FindNodeReq,708697
FindNodeReq,70760
FindNodeReq,66539
UpdateRouteReq,92414
UpdateRouteReq,91958
UpdateRouteReq,150279
UpdateRouteReq,182364
FindNodeReq,292505
FindNodeReq,177249
FindNodeReq,166714
FindNodeReq,73964
FindNodeReq,81171
UpdateRouteReq,89844
UpdateRouteReq,135339
UpdateRouteReq,206383
FindNodeReq,322366
FindNodeReq,80413
FindNodeReq,91684
FindNodeReq,75953
FindNodeReq,76202
UpdateRouteReq,86730
UpdateRouteReq,134484
UpdateRouteReq,242895
FindNodeReq,381976
FindNodeReq,71173
FindNodeReq,73731
FindNodeReq,69562
FindNodeReq,78310
UpdateRouteReq,177717
UpdateRouteReq,129589
UpdateRouteReq,288203
FindNodeReq,452190
FindNodeReq,70969
FindNodeReq,73202
FindNodeReq,79633
FindNodeReq,91293
UpdateRouteReq,88294
UpdateRouteReq,133544
UpdateRouteReq,276798
FindNodeReq,446510
FindNodeReq,74150
FindNodeReq,73922
FindNodeReq,79782
FindNodeReq,159955
UpdateRouteReq,88489
UpdateRouteReq,135139
UpdateRouteReq,258024
FindNodeReq,422035
FindNodeReq,72871
FindNodeReq,72194
FindNodeReq,79750
FindNodeReq,156215
UpdateRouteReq,144497
UpdateRouteReq,267625
UpdateRouteReq,419245
FindNodeReq,234332
FindNodeReq,70191
FindNodeReq,74651
FindNodeReq,134925
FindNodeReq,87767
UpdateRouteReq,88569
UpdateRouteReq,245912
UpdateRouteReq,373878
FindNodeReq,512423
FindNodeReq,73998
FindNodeReq,80123
FindNodeReq,102610
FindNodeReq,71522
UpdateRouteReq,88085
UpdateRouteReq,267894
UpdateRouteReq,414452
FindNodeReq,281638
FindNodeReq,77327
FindNodeReq,75090
FindNodeReq,101947
FindNodeReq,89667
UpdateRouteReq,88439
UpdateRouteReq,291553
UpdateRouteReq,417940
FindNodeReq,262779
FindNodeReq,75158
FindNodeReq,81440
FindNodeReq,102872
FindNodeReq,70696
UpdateRouteReq,86902
UpdateRouteReq,329405
UpdateRouteReq,452863
FindNodeReq,589051
FindNodeReq,75071
FindNodeReq,119282
FindNodeReq,107412
FindNodeReq,72846
UpdateRouteReq,84831
UpdateRouteReq,338457
UpdateRouteReq,176382
FindNodeReq,328139
FindNodeReq,74582
FindNodeReq,91640
FindNodeReq,72286
FindNodeReq,74195
UpdateRouteReq,88222
UpdateRouteReq,291926
UpdateRouteReq,418049
FindNodeReq,262062
FindNodeReq,168820
FindNodeReq,72665
FindNodeReq,73101
FindNodeReq,79438
UpdateRouteReq,201289
UpdateRouteReq,296789
UpdateRouteReq,261644
FindNodeReq,371179
FindNodeReq,88622
FindNodeReq,74471
FindNodeReq,196410
FindNodeReq,146397
UpdateRouteReq,227813
UpdateRouteReq,373922
UpdateRouteReq,376101
FindNodeReq,476851
FindNodeReq,170137
FindNodeReq,117572
FindNodeReq,257290
FindNodeReq,146121
UpdateRouteReq,145769
UpdateRouteReq,187543
UpdateRouteReq,247814
FindNodeReq,412707
FindNodeReq,71304
FindNodeReq,72184
FindNodeReq,125899
FindNodeReq,73582
UpdateRouteReq,151007
UpdateRouteReq,160352
UpdateRouteReq,180211
FindNodeReq,288220
FindNodeReq,88414
FindNodeReq,74163
FindNodeReq,118820
FindNodeReq,85300
UpdateRouteReq,88194
UpdateRouteReq,237824
UpdateRouteReq,344097
FindNodeReq,291934
FindNodeReq,82129
FindNodeReq,137825
FindNodeReq,216377
FindNodeReq,84989
UpdateRouteReq,199887
UpdateRouteReq,453560
UpdateRouteReq,554532
FindNodeReq,324280
FindNodeReq,73975
FindNodeReq,172376
FindNodeReq,102629
FindNodeReq,72084
UpdateRouteReq,135358
UpdateRouteReq,164011
UpdateRouteReq,262709
FindNodeReq,373250
FindNodeReq,113509
FindNodeReq,80087
FindNodeReq,118371
FindNodeReq,98097
UpdateRouteReq,89342
UpdateRouteReq,89539
UpdateRouteReq,290883
FindNodeReq,153937
FindNodeReq,229834
FindNodeReq,74534
FindNodeReq,69872
FindNodeReq,81202
UpdateRouteReq,166565
UpdateRouteReq,211797
UpdateRouteReq,244128
FindNodeReq,354745
FindNodeReq,71227
FindNodeReq,73959
FindNodeReq,91598
FindNodeReq,73110
UpdateRouteReq,87734
UpdateRouteReq,182904
UpdateRouteReq,195916
FindNodeReq,302611
FindNodeReq,230468
FindNodeReq,71678
FindNodeReq,82017
FindNodeReq,122839
UpdateRouteReq,150708
UpdateRouteReq,217247
UpdateRouteReq,344984
FindNodeReq,174365
FindNodeReq,125351
FindNodeReq,70033
FindNodeReq,73618
FindNodeReq,134649
UpdateRouteReq,173081
UpdateRouteReq,249886
UpdateRouteReq,356791
FindNodeReq,203108
FindNodeReq,209575
FindNodeReq,76474
FindNodeReq,98472
FindNodeReq,239499
UpdateRouteReq,88686
UpdateRouteReq,282127
UpdateRouteReq,389332
FindNodeReq,202876
FindNodeReq,70487
FindNodeReq,64839
FindNodeReq,132886
FindNodeReq,66498
UpdateRouteReq,104710
UpdateRouteReq,220497
UpdateRouteReq,172112
FindNodeReq,286850
FindNodeReq,84836
FindNodeReq,212337
FindNodeReq,67518
FindNodeReq,66909
UpdateRouteReq,207582
UpdateRouteReq,220684
UpdateRouteReq,171021
FindNodeReq,289260
FindNodeReq,92467
FindNodeReq,66357
FindNodeReq,62749
FindNodeReq,118573
UpdateRouteReq,118667
UpdateRouteReq,81210
UpdateRouteReq,261294
FindNodeReq,175262
FindNodeReq,93388
FindNodeReq,79421
FindNodeReq,76187
FindNodeReq,65543
UpdateRouteReq,125714
UpdateRouteReq,95985
UpdateRouteReq,290661
FindNodeReq,406598
FindNodeReq,80963
FindNodeReq,93884
FindNodeReq,65986
FindNodeReq,94111
UpdateRouteReq,145011
UpdateRouteReq,250083
UpdateRouteReq,369284
FindNodeReq,464497
UpdateRouteReq,425872
UpdateRouteReq,523948
UpdateRouteReq,619520
FindNodeReq,717465
FindNodeReq,891654
UpdateRouteReq,973872
UpdateRouteReq,1031202
UpdateRouteReq,1137604
FindNodeReq,1241259
FindNodeReq,1318780
UpdateRouteReq,1347522
UpdateRouteReq,1494867
UpdateRouteReq,1598407
FindNodeReq,1097083
UpdateRouteReq,1161258
UpdateRouteReq,1283362
UpdateRouteReq,1396195
FindNodeReq,1545401
FindNodeReq,1622114
FindNodeReq,1705653
FindNodeReq,1732178
UpdateRouteReq,1792542
UpdateRouteReq,1869160
UpdateRouteReq,1946480
FindNodeReq,2039776
UpdateRouteReq,2151889
UpdateRouteReq,2227331
UpdateRouteReq,2321388
FindNodeReq,2398191
UpdateRouteReq,1367085
UpdateRouteReq,1462956
UpdateRouteReq,1549290
FindNodeReq,1643168
FindNodeReq,1708755
FindNodeReq,1774142
FindNodeReq,1826085
UpdateRouteReq,1937512
UpdateRouteReq,2031537
UpdateRouteReq,2103693
FindNodeReq,2180526
FindNodeReq,2265024
FindNodeReq,2288083
FindNodeReq,2343655
UpdateRouteReq,2366052
UpdateRouteReq,2437845
UpdateRouteReq,2509534
FindNodeReq,2581599
FindNodeReq,2665084
UpdateRouteReq,2733591
UpdateRouteReq,2802934
UpdateRouteReq,2876029
FindNodeReq,2965551
FindNodeReq,984050
FindNodeReq,1010938
FindNodeReq,1091768
FindNodeReq,1117743
UpdateRouteReq,1201169
UpdateRouteReq,1277756
UpdateRouteReq,1353294
FindNodeReq,1432240
FindNodeReq,1490829
FindNodeReq,1588842
FindNodeReq,1613779
FindNodeReq,1638421
UpdateRouteReq,1685234
UpdateRouteReq,1759927
UpdateRouteReq,1843724
FindNodeReq,1927050
UpdateRouteReq,2023113
UpdateRouteReq,2087427
UpdateRouteReq,2164929
FindNodeReq,2230645
UpdateRouteReq,1027916
UpdateRouteReq,1104954
UpdateRouteReq,1177797
FindNodeReq,1255926
UpdateRouteReq,1372058
UpdateRouteReq,1440306
UpdateRouteReq,1550091
FindNodeReq,1652628
FindNodeReq,1724062
UpdateRouteReq,1745642
UpdateRouteReq,1814201
UpdateRouteReq,1884188
FindNodeReq,1956177
FindNodeReq,2014025
UpdateRouteReq,2075071
UpdateRouteReq,2172002
UpdateRouteReq,689617
FindNodeReq,776916
FindNodeReq,798505
UpdateRouteReq,894728
UpdateRouteReq,963490
UpdateRouteReq,1031660
FindNodeReq,1098436
FindNodeReq,1135550
FindNodeReq,1158350
UpdateRouteReq,1195640
UpdateRouteReq,1287504
UpdateRouteReq,1383503
FindNodeReq,1463821
FindNodeReq,1484373
FindNodeReq,1505845
UpdateRouteReq,590567
UpdateRouteReq,661845
UpdateRouteReq,726096
FindNodeReq,808215
FindNodeReq,903552
FindNodeReq,925503
UpdateRouteReq,948124
UpdateRouteReq,1017721
UpdateRouteReq,1124841
FindNodeReq,1184241
FindNodeReq,1216944
FindNodeReq,1236362
FindNodeReq,1268130
FindNodeReq,1362627
UpdateRouteReq,418786
UpdateRouteReq,481738
UpdateRouteReq,541738
FindNodeReq,610478
UpdateRouteReq,632511
UpdateRouteReq,790837
UpdateRouteReq,849447
FindNodeReq,915770
FindNodeReq,250423
FindNodeReq,44133
FindNodeReq,71297
FindNodeReq,43329
UpdateRouteReq,51847
UpdateRouteReq,71021
UpdateRouteReq,93306
FindNodeReq,158157
FindNodeReq,99381
FindNodeReq,43489
FindNodeReq,41298
FindNodeReq,85802
UpdateRouteReq,51793
UpdateRouteReq,83396
UpdateRouteReq,105521
FindNodeReq,177529
FindNodeReq,52558
FindNodeReq,43390
FindNodeReq,71183
FindNodeReq,63684
UpdateRouteReq,51521
UpdateRouteReq,62068
UpdateRouteReq,156172
FindNodeReq,77076
FindNodeReq,63409
FindNodeReq,103619
FindNodeReq,44451
FindNodeReq,86261
FindNodeReq,43846
UpdateRouteReq,68790
UpdateRouteReq,121049
UpdateRouteReq,91719
FindNodeReq,154123
FindNodeReq,77238
FindNodeReq,39922
FindNodeReq,43471
FindNodeReq,75604
UpdateRouteReq,50455
UpdateRouteReq,53365
UpdateRouteReq,216318
FindNodeReq,310559
FindNodeReq,40974
FindNodeReq,42729
FindNodeReq,72672
FindNodeReq,42832
UpdateRouteReq,26137
UpdateRouteReq,84667
UpdateRouteReq,118439
UpdateRouteReq,96729
UpdateRouteReq,173414
UpdateRouteReq,132726
FindNodeReq,197856
UpdateRouteReq,219085
UpdateRouteReq,295172
UpdateRouteReq,149097
FindNodeReq,214510
FindNodeReq,249513
UpdateRouteReq,268049
UpdateRouteReq,339255
UpdateRouteReq,415158
FindNodeReq,152100
FindNodeReq,173285
Error,206410
FindNodeReq,227750
UpdateRouteReq,293242
UpdateRouteReq,347951
UpdateRouteReq,439093
FindNodeReq,505177
FindNodeReq,290554
FindNodeReq,325194
FindNodeReq,345709
UpdateRouteReq,364821
UpdateRouteReq,426051
UpdateRouteReq,502112
FindNodeReq,580105
FindNodeReq,264753
UpdateRouteReq,285788
UpdateRouteReq,350340
UpdateRouteReq,417134
FindNodeReq,481004
FindNodeReq,500813
FindNodeReq,519884
FindNodeReq,539216
FindNodeReq,294460
UpdateRouteReq,352690
UpdateRouteReq,441673
UpdateRouteReq,505540
FindNodeReq,571447
FindNodeReq,322176
Error,365289
FindNodeReq,389003
FindNodeReq,410680
FindNodeReq,432886
UpdateRouteReq,452926
UpdateRouteReq,557017
UpdateRouteReq,666190
FindNodeReq,735884
UpdateRouteReq,756708
UpdateRouteReq,244649
UpdateRouteReq,332850
FindNodeReq,413320
FindNodeReq,207817
FindNodeReq,44044
FindNodeReq,45485
FindNodeReq,46762
UpdateRouteReq,83713
UpdateRouteReq,97198
UpdateRouteReq,109246
FindNodeReq,178023
Error,207772
FindNodeReq,95215
FindNodeReq,44040
FindNodeReq,115583
FindNodeReq,83185
UpdateRouteReq,65800
UpdateRouteReq,150083
UpdateRouteReq,213781
FindNodeReq,96683
FindNodeReq,61186
FindNodeReq,51388
Error,59460
FindNodeReq,168947
UpdateRouteReq,94950
FindNodeReq,119998
UpdateRouteReq,126585
UpdateRouteReq,162637
UpdateRouteReq,124107
UpdateRouteReq,174648
UpdateRouteReq,179604
UpdateRouteReq,194844
UpdateRouteReq,198935
UpdateRouteReq,262025
FindNodeReq,325493
FindNodeReq,141253
FindNodeReq,81506
FindNodeReq,59649
FindNodeReq,45054
UpdateRouteReq,52235
UpdateRouteReq,220810
UpdateRouteReq,277977
UpdateRouteReq,281769
UpdateRouteReq,332508
FindNodeReq,371759
FindNodeReq,123268
FindNodeReq,64746
FindNodeReq,47321
FindNodeReq,79409
UpdateRouteReq,87657
UpdateRouteReq,203799
UpdateRouteReq,265646
FindNodeReq,329880
FindNodeReq,64446
FindNodeReq,72063
FindNodeReq,91843
FindNodeReq,75675
UpdateRouteReq,147278
UpdateRouteReq,226814
UpdateRouteReq,149189
FindNodeReq,212280
UpdateRouteReq,216586
UpdateRouteReq,219095
UpdateRouteReq,236226
FindNodeReq,40353
FindNodeReq,44965
FindNodeReq,37585
FindNodeReq,51430
UpdateRouteReq,131209
UpdateRouteReq,181211
UpdateRouteReq,263239
FindNodeReq,324885
FindNodeReq,57879
FindNodeReq,50945
FindNodeReq,83295
FindNodeReq,36395
UpdateRouteReq,49994
UpdateRouteReq,148540
UpdateRouteReq,205545
FindNodeReq,265812
FindNodeReq,112831
FindNodeReq,39532
FindNodeReq,41092
FindNodeReq,39851
UpdateRouteReq,97631
UpdateRouteReq,153035
UpdateRouteReq,210285
FindNodeReq,293863
FindNodeReq,40442
FindNodeReq,38757
FindNodeReq,51918
FindNodeReq,83898
UpdateRouteReq,74819
UpdateRouteReq,169961
UpdateRouteReq,229766
FindNodeReq,275764
FindNodeReq,125430
FindNodeReq,43505
FindNodeReq,38626
FindNodeReq,51892
UpdateRouteReq,151952
UpdateRouteReq,148722
UpdateRouteReq,207326
FindNodeReq,269210
FindNodeReq,172451
FindNodeReq,40077
FindNodeReq,41520
FindNodeReq,38772
UpdateRouteReq,107871
UpdateRouteReq,140128
UpdateRouteReq,201546
FindNodeReq,261771
FindNodeReq,153738
FindNodeReq,38884
FindNodeReq,52306
FindNodeReq,87073
UpdateRouteReq,72829
UpdateRouteReq,161345
UpdateRouteReq,219809
FindNodeReq,281609
FindNodeReq,127157
FindNodeReq,43583
FindNodeReq,38301
FindNodeReq,67852
UpdateRouteReq,132764
UpdateRouteReq,149838
UpdateRouteReq,208553
FindNodeReq,270557
FindNodeReq,150484
FindNodeReq,43882
FindNodeReq,41208
FindNodeReq,38075
UpdateRouteReq,141938
UpdateRouteReq,138688
UpdateRouteReq,207720
FindNodeReq,262459
FindNodeReq,89496
FindNodeReq,35502
FindNodeReq,39805
FindNodeReq,35382
UpdateRouteReq,100850
UpdateRouteReq,173392
UpdateRouteReq,189785
FindNodeReq,210808
FindNodeReq,290553
FindNodeReq,37550
FindNodeReq,41061
FindNodeReq,37162
FindNodeReq,63997
UpdateRouteReq,144401
UpdateRouteReq,142274
UpdateRouteReq,195953
FindNodeReq,254315
FindNodeReq,109601
FindNodeReq,38009
FindNodeReq,40725
FindNodeReq,36428
UpdateRouteReq,101726
UpdateRouteReq,175521
UpdateRouteReq,182445
FindNodeReq,262379
FindNodeReq,39016
FindNodeReq,37427
FindNodeReq,49617
FindNodeReq,79796
UpdateRouteReq,70494
UpdateRouteReq,139436
UpdateRouteReq,193738
FindNodeReq,252958
FindNodeReq,118183
FindNodeReq,40550
FindNodeReq,37246
FindNodeReq,48739
UpdateRouteReq,122591
UpdateRouteReq,140034
UpdateRouteReq,192222
FindNodeReq,251449
FindNodeReq,109814
FindNodeReq,37868
FindNodeReq,37550
FindNodeReq,49080
UpdateRouteReq,100510
UpdateRouteReq,141039
UpdateRouteReq,193756
FindNodeReq,250029
FindNodeReq,78553
FindNodeReq,35696
FindNodeReq,40175
FindNodeReq,33829
UpdateRouteReq,74394
UpdateRouteReq,156274
UpdateRouteReq,206430
FindNodeReq,261491
FindNodeReq,32823
FindNodeReq,38187
FindNodeReq,36821
FindNodeReq,34682
UpdateRouteReq,90178
UpdateRouteReq,124593
UpdateRouteReq,175554
FindNodeReq,227698
FindNodeReq,74502
FindNodeReq,33288
FindNodeReq,36547
FindNodeReq,35461
UpdateRouteReq,76070
UpdateRouteReq,158287
UpdateRouteReq,209305
FindNodeReq,263954
FindNodeReq,32993
FindNodeReq,38037
FindNodeReq,35284
FindNodeReq,45601
UpdateRouteReq,93968
UpdateRouteReq,130740
UpdateRouteReq,182722
FindNodeReq,235925
FindNodeReq,74807
FindNodeReq,33333
FindNodeReq,36381
FindNodeReq,33699
UpdateRouteReq,74594
UpdateRouteReq,173618
UpdateRouteReq,225776
FindNodeReq,281556
FindNodeReq,49000
FindNodeReq,38366
FindNodeReq,33492
FindNodeReq,45779
UpdateRouteReq,95390
UpdateRouteReq,131386
UpdateRouteReq,182180
FindNodeReq,235785
FindNodeReq,72481
FindNodeReq,32844
FindNodeReq,51041
FindNodeReq,38451
UpdateRouteReq,76968
UpdateRouteReq,157279
UpdateRouteReq,207146
FindNodeReq,261904
FindNodeReq,33581
FindNodeReq,37169
FindNodeReq,38470
FindNodeReq,33695
UpdateRouteReq,89616
UpdateRouteReq,122886
UpdateRouteReq,173764
FindNodeReq,259989
FindNodeReq,74770
FindNodeReq,32985
FindNodeReq,38387
FindNodeReq,33809
UpdateRouteReq,74478
UpdateRouteReq,176178
UpdateRouteReq,227538
FindNodeReq,282616
FindNodeReq,32622
FindNodeReq,37326
FindNodeReq,34985
FindNodeReq,46824
UpdateRouteReq,100695
UpdateRouteReq,132133
UpdateRouteReq,182206
FindNodeReq,234904
FindNodeReq,83897
FindNodeReq,33182
FindNodeReq,37248
FindNodeReq,38191
UpdateRouteReq,156065
UpdateRouteReq,207711
UpdateRouteReq,258782
FindNodeReq,312378
UpdateRouteReq,217524
UpdateRouteReq,312761
UpdateRouteReq,375512
FindNodeReq,430718
FindNodeReq,120958
FindNodeReq,136762
UpdateRouteReq,171336
UpdateRouteReq,273758
UpdateRouteReq,323560
FindNodeReq,375462
FindNodeReq,405961
FindNodeReq,421511
UpdateRouteReq,446850
UpdateRouteReq,511832
UpdateRouteReq,569015
FindNodeReq,86645
FindNodeReq,101572
FindNodeReq,115761
FindNodeReq,130308
UpdateRouteReq,155658
UpdateRouteReq,204255
UpdateRouteReq,253092
FindNodeReq,303969
FindNodeReq,335467
FindNodeReq,350381
FindNodeReq,367243
FindNodeReq,221652
UpdateRouteReq,236325
UpdateRouteReq,293572
UpdateRouteReq,371819
FindNodeReq,429103
FindNodeReq,443430
FindNodeReq,457134
FindNodeReq,469906
FindNodeReq,483445
UpdateRouteReq,61691
UpdateRouteReq,119426
UpdateRouteReq,165585
FindNodeReq,287973
FindNodeReq,43197
FindNodeReq,89391
FindNodeReq,32352
FindNodeReq,30781
UpdateRouteReq,67188
UpdateRouteReq,110646
UpdateRouteReq,155336
FindNodeReq,204286
FindNodeReq,35033
FindNodeReq,34192
FindNodeReq,33260
FindNodeReq,33378
UpdateRouteReq,57384
UpdateRouteReq,110952
UpdateRouteReq,155279
FindNodeReq,203937
FindNodeReq,80789
FindNodeReq,29782
FindNodeReq,33588
FindNodeReq,34501
UpdateRouteReq,68025
UpdateRouteReq,143848
UpdateRouteReq,186587
FindNodeReq,235274
FindNodeReq,31023
FindNodeReq,34593
FindNodeReq,33466
FindNodeReq,30126
UpdateRouteReq,82537
UpdateRouteReq,118884
UpdateRouteReq,167512
FindNodeReq,218367
FindNodeReq,115362
FindNodeReq,58552
FindNodeReq,52006
FindNodeReq,36181
UpdateRouteReq,41731
UpdateRouteReq,126780
UpdateRouteReq,175952
FindNodeReq,228230
FindNodeReq,82046
FindNodeReq,32567
FindNodeReq,35486
FindNodeReq,30735
UpdateRouteReq,68568
UpdateRouteReq,153484
UpdateRouteReq,199411
FindNodeReq,250226
FindNodeReq,45066
FindNodeReq,34149
FindNodeReq,34204
FindNodeReq,30833
UpdateRouteReq,81490
UpdateRouteReq,106148
UpdateRouteReq,151483
FindNodeReq,43622
FindNodeReq,61120
FindNodeReq,43080
FindNodeReq,34362
FindNodeReq,31049
UpdateRouteReq,118419
UpdateRouteReq,165442
UpdateRouteReq,234521
FindNodeReq,290617
UpdateRouteReq,306921
UpdateRouteReq,373930
UpdateRouteReq,424722
FindNodeReq,478050
FindNodeReq,30481
FindNodeReq,26613
FindNodeReq,28443
FindNodeReq,28421
UpdateRouteReq,158435
UpdateRouteReq,204665
UpdateRouteReq,248398
FindNodeReq,298637
UpdateRouteReq,86647
UpdateRouteReq,121032
UpdateRouteReq,168079
FindNodeReq,217728
FindNodeReq,40070
FindNodeReq,35287
FindNodeReq,33601
FindNodeReq,53875
UpdateRouteReq,54770
UpdateRouteReq,112741
UpdateRouteReq,160156
FindNodeReq,216304
FindNodeReq,77440
FindNodeReq,43469
FindNodeReq,34412
FindNodeReq,33416
UpdateRouteReq,145041
UpdateRouteReq,191172
UpdateRouteReq,235342
FindNodeReq,280514
UpdateRouteReq,185171
UpdateRouteReq,250815
UpdateRouteReq,306556
FindNodeReq,64336
FindNodeReq,78939
UpdateRouteReq,99731
UpdateRouteReq,147319
UpdateRouteReq,140825
FindNodeReq,200545
FindNodeReq,229642
FindNodeReq,244832
UpdateRouteReq,185119
UpdateRouteReq,230412
UpdateRouteReq,277126
FindNodeReq,327028
FindNodeReq,340625
FindNodeReq,353310
FindNodeReq,366489
FindNodeReq,72985
UpdateRouteReq,87769
UpdateRouteReq,106016
UpdateRouteReq,152247
FindNodeReq,202114
FindNodeReq,33008
FindNodeReq,45938
FindNodeReq,38553
FindNodeReq,30648
UpdateRouteReq,32381
UpdateRouteReq,162862
UpdateRouteReq,192301
FindNodeReq,244325
FindNodeReq,33185
FindNodeReq,33225
FindNodeReq,31988
FindNodeReq,33290
UpdateRouteReq,54911
UpdateRouteReq,114798
UpdateRouteReq,159517
FindNodeReq,205593
FindNodeReq,33249
FindNodeReq,43692
FindNodeReq,45255
FindNodeReq,30045
UpdateRouteReq,36779
UpdateRouteReq,105440
UpdateRouteReq,148747
FindNodeReq,201596
FindNodeReq,34197
FindNodeReq,46153
FindNodeReq,28794
FindNodeReq,32252
UpdateRouteReq,31250
UpdateRouteReq,125917
UpdateRouteReq,171417
FindNodeReq,228231
FindNodeReq,50546
FindNodeReq,76471
FindNodeReq,29657
FindNodeReq,32449
UpdateRouteReq,137110
UpdateRouteReq,182187
UpdateRouteReq,224279
FindNodeReq,273331
UpdateRouteReq,142930
UpdateRouteReq,189048
UpdateRouteReq,232514
FindNodeReq,90882
FindNodeReq,122691
FindNodeReq,25873
FindNodeReq,26955
FindNodeReq,26772
UpdateRouteReq,31523
UpdateRouteReq,127421
UpdateRouteReq,170633
FindNodeReq,218736
FindNodeReq,50676
FindNodeReq,77398
FindNodeReq,30027
FindNodeReq,31919
UpdateRouteReq,30913
UpdateRouteReq,126539
UpdateRouteReq,169490
FindNodeReq,221942
FindNodeReq,38135
FindNodeReq,47200
FindNodeReq,42922
FindNodeReq,34406
UpdateRouteReq,37366
UpdateRouteReq,126390
UpdateRouteReq,170946
FindNodeReq,218141
FindNodeReq,33454
FindNodeReq,33115
FindNodeReq,32668
FindNodeReq,58243
UpdateRouteReq,50251
UpdateRouteReq,36761
UpdateRouteReq,60359
UpdateRouteReq,41849
UpdateRouteReq,130897
UpdateRouteReq,176478
FindNodeReq,222715
QueryRouteRsp,264171
UpdateRouteReq,221485
UpdateRouteReq,250605
UpdateRouteReq,294234
FindNodeReq,350405
UpdateRouteReq,371770
UpdateRouteReq,392191
UpdateRouteReq,421907
FindNodeReq,27094
FindNodeReq,29495
FindNodeReq,26549
UpdateRouteReq,143323
UpdateRouteReq,185509
UpdateRouteReq,227562
FindNodeReq,269503
UpdateRouteReq,283855
UpdateRouteReq,205266
UpdateRouteReq,258990
UpdateRouteReq,290594
FindNodeReq,63191
FindNodeReq,77623
FindNodeReq,28422
FindNodeReq,27157
FindNodeReq,38981
UpdateRouteReq,53981
UpdateRouteReq,108380
UpdateRouteReq,151066
FindNodeReq,204490
FindNodeReq,70106
FindNodeReq,27711
FindNodeReq,49018
FindNodeReq,33273
UpdateRouteReq,151359
UpdateRouteReq,197956
UpdateRouteReq,241318
FindNodeReq,294401
UpdateRouteReq,213541
UpdateRouteReq,258185
UpdateRouteReq,299341
FindNodeReq,347331
FindNodeReq,38300
FindNodeReq,43473
UpdateRouteReq,70968
UpdateRouteReq,154467
UpdateRouteReq,195278
FindNodeReq,254068
FindNodeReq,283894
FindNodeReq,311162
UpdateRouteReq,131496
UpdateRouteReq,173180
UpdateRouteReq,217355
FindNodeReq,260122
FindNodeReq,272395
FindNodeReq,76393
FindNodeReq,87222
UpdateRouteReq,115375
UpdateRouteReq,112738
UpdateRouteReq,185047
FindNodeReq,227277
FindNodeReq,255113
FindNodeReq,268983
FindNodeReq,199829
FindNodeReq,211257
UpdateRouteReq,226163
UpdateRouteReq,271229
UpdateRouteReq,318462
FindNodeReq,364225
FindNodeReq,384447
FindNodeReq,404442
FindNodeReq,432484
FindNodeReq,72468
UpdateRouteReq,85286
UpdateRouteReq,102241
UpdateRouteReq,144310
FindNodeReq,195340
FindNodeReq,36160
FindNodeReq,32863
FindNodeReq,31232
FindNodeReq,30856
UpdateRouteReq,53156
UpdateRouteReq,102719
UpdateRouteReq,145767
FindNodeReq,197490
FindNodeReq,36789
FindNodeReq,31955
FindNodeReq,30961
FindNodeReq,64569
UpdateRouteReq,30037
UpdateRouteReq,101582
UpdateRouteReq,144532
FindNodeReq,190239
FindNodeReq,36800
FindNodeReq,31766
FindNodeReq,30855
FindNodeReq,30796
UpdateRouteReq,30181
UpdateRouteReq,128754
UpdateRouteReq,181861
FindNodeReq,231296
FindNodeReq,93483
FindNodeReq,27923
FindNodeReq,31947
FindNodeReq,31250
UpdateRouteReq,132477
UpdateRouteReq,176109
UpdateRouteReq,218280
FindNodeReq,262363
UpdateRouteReq,186833
UpdateRouteReq,240582
UpdateRouteReq,309388
FindNodeReq,47388
FindNodeReq,58755
FindNodeReq,133767
FindNodeReq,145370
UpdateRouteReq,159981
UpdateRouteReq,202810
UpdateRouteReq,245194
FindNodeReq,62622
FindNodeReq,91180
FindNodeReq,105993
UpdateRouteReq,148209
UpdateRouteReq,170861
UpdateRouteReq,211462
FindNodeReq,257268
FindNodeReq,46940
FindNodeReq,57177
FindNodeReq,70157
FindNodeReq,31078
UpdateRouteReq,52574
UpdateRouteReq,109286
UpdateRouteReq,149600
FindNodeReq,201833
FindNodeReq,39403
FindNodeReq,33192
FindNodeReq,31022
FindNodeReq,30823
UpdateRouteReq,30149
FindNodeReq,76874
FindNodeReq,96082
UpdateRouteReq,107437
FindNodeRsp,123436
FindNodeRsp,101528
UpdateRouteReq,139945
UpdateRouteReq,60600
FindNodeRsp,85894
FindNodeReq,166717
FindNodeRsp,82134
FindNodeReq,156681
UpdateRouteReq,205839
UpdateRouteReq,235083
UpdateRouteReq,339949
UpdateRouteReq,271246
UpdateRouteReq,361374
UpdateRouteReq,240144
FindNodeReq,156160
FindNodeReq,155571
FindNodeReq,155341
FindNodeRsp,70810
FindNodeReq,154069
FindNodeReq,159680
FindNodeRsp,86494
FindNodeReq,156421
FindNodeRsp,99826
FindNodeRsp,93146
FindNodeReq,160502
FindNodeRsp,91582
FindNodeRsp,88126
FindNodeRsp,84642
FindNodeReq,163468
FindNodeRsp,91856
FindNodeReq,161499
FindNodeReq,154939
FindNodeRsp,73054
FindNodeReq,155997
FindNodeReq,162905
FindNodeReq,159489
PathSetupReq,109106
PathSetupReq,119239
FindNodeRsp,90544
FindNodeRsp,81010
FindNodeRsp,112109
FindNodeRsp,90818
FindNodeReq,185244
FindNodeRsp,93551
FindNodeRsp,75023
FindNodeRsp,94854
FindNodeRsp,89769
FindNodeReq,160002
FindNodeRsp,90034
FindNodeRsp,84066
UpdateRouteReq,207591
UpdateRouteReq,239442
UpdateRouteReq,342504
UpdateRouteReq,253731
UpdateRouteReq,344108
UpdateRouteReq,245314
FindNodeRsp,88477
FindNodeReq,162756
FindNodeRsp,82891
FindNodeRsp,87468
FindNodeRsp,92574
PNHello,127612
PNDiscRsp,131001
FindNodeRsp,98753
FindNodeRsp,99652
FindNodeRsp,97368
FindNodeRsp,84686
FindNodeReq,260830
FindNodeReq,162744
FindNodeReq,158131
FindNodeRsp,97718
FindNodeRsp,85590
UpdateRouteReq,89594
UpdateRouteReq,64034
FindNodeReq,146109
FindNodeReq,145261
FindNodeRsp,60480
FindNodeReq,144359
FindNodeReq,152738
FindNodeReq,140453
FindNodeReq,85704
FindNodeReq,71687
FindNodeReq,70788
UpdateRouteReq,46652
UpdateRouteReq,64055
FindNodeReq,152020
FindNodeReq,146277
FindNodeRsp,60049
UpdateRouteReq,96247
Error,110422
Error,84170
Error,83840
Error,40139
UpdateRouteReq,75803
FindNodeRsp,67377
FindNodeReq,148293
FindNodeReq,145353
FindNodeReq,141076
FindNodeReq,90406
FindNodeReq,75078
FindNodeReq,72602
UpdateRouteReq,45891
UpdateRouteReq,46419
UpdateRouteReq,55565
FindNodeRsp,47327
Error,157441
Error,103936
Error,45014
FindNodeReq,144247
Error,112102
Error,87503
Error,81216
Error,41182
FindNodeRsp,74710
UpdateRouteReq,52019
UpdateRouteReq,48997
UpdateRouteReq,63514
FindNodeReq,79351
UpdateRouteReq,51835
FindNodeReq,84290
FindNodeReq,76089
FindNodeReq,73173
UpdateRouteReq,70106
UpdateRouteReq,67622
FindNodeRsp,57285
FindNodeReq,147641
FindNodeReq,145283
FindNodeRsp,74784
FindNodeReq,147038
FindNodeReq,144711
UpdateRouteReq,119543
UpdateRouteReq,51715
UpdateRouteReq,65718
FindNodeReq,77822
UpdateRouteReq,52161
FindNodeReq,80544
FindNodeReq,74766
FindNodeReq,73894
UpdateRouteReq,42931
UpdateRouteReq,67059
FindNodeRsp,48479
Error,156513
Error,102946
Error,42983
FindNodeReq,144557
FindNodeRsp,72397
UpdateRouteReq,63535
PathSetupReq,57227
UpdateRouteReq,64003
FindNodeRsp,49100
FindNodeRsp,66576
FindNodeRsp,61198
FindNodeReq,144607
FindNodeReq,149932
FindNodeReq,143808
FindNodeReq,146789
FindNodeReq,144556
FindNodeRsp,61329
FindNodeReq,149324
FindNodeReq,142821
FindNodeRsp,67126
FindNodeReq,142977
FindNodeRsp,62662
FindNodeReq,144485
FindNodeRsp,89452
FindNodeReq,143609
FindNodeRsp,62847
FindNodeReq,143297
FindNodeRsp,67279
FindNodeReq,150137
FindNodeReq,139901
FindNodeReq,83426
UpdateRouteReq,45230
UpdateRouteReq,58884
UpdateRouteReq,59767
FindNodeReq,77469
UpdateRouteReq,68410
UpdateRouteReq,65822
FindNodeReq,72833
FindNodeReq,75144
FindNodeReq,73558
FindNodeReq,74464
FindNodeReq,75798
UpdateRouteReq,45579
FindNodeRsp,56817
FindNodeReq,182218
UpdateRouteReq,176643
FindNodeReq,143197
FindNodeRsp,75229
FindNodeRsp,74958
FindNodeReq,149209
FindNodeReq,143671
FindNodeRsp,67659
FindNodeReq,151710
FindNodeReq,144661
FindNodeRsp,62800
FindNodeReq,143645
FindNodeRsp,68319
FindNodeRsp,73572
FindNodeReq,147821
FindNodeReq,145251
FindNodeReq,150326
FindNodeRsp,74015
FindNodeReq,149463
FindNodeReq,143822
FindNodeRsp,62654
FindNodeReq,145757
FindNodeRsp,73727
FindNodeReq,150244
FindNodeRsp,75230
UpdateRouteReq,53450
UpdateRouteReq,48541
UpdateRouteReq,41575
FindNodeRsp,77370
UpdateRouteReq,67908
UpdateRouteReq,69595
FindNodeRsp,63898
FindNodeReq,149135
FindNodeRsp,76213
UpdateRouteReq,56223
UpdateRouteReq,50969
UpdateRouteReq,108741
FindNodeRsp,69064
UpdateRouteReq,74357
FindNodeReq,149913
UpdateRouteReq,71488
FindNodeReq,146951
FindNodeRsp,64975
FindNodeReq,149964
FindNodeReq,144744
FindNodeRsp,64062
FindNodeReq,149765
FindNodeRsp,64966
FindNodeRsp,68639
FindNodeRsp,70167
FindNodeRsp,66429
FindNodeReq,143229
FindNodeReq,149600
FindNodeReq,145141
FindNodeRsp,74232
FindNodeRsp,75909
FindNodeRsp,63555
FindNodeReq,144949
FindNodeRsp,65716
FindNodeReq,170947
FindNodeRsp,64784
FindNodeReq,149327
FindNodeRsp,64883
FindNodeReq,146791
FindNodeReq,146223
FindNodeRsp,64298
FindNodeReq,151362
FindNodeReq,143139
FindNodeRsp,74864
FindNodeReq,145848
FindNodeRsp,71651
FindNodeRsp,63774
FindNodeReq,148237
FindNodeReq,144482
FindNodeRsp,63066
FindNodeReq,146102
FindNodeRsp,89054
FindNodeRsp,64319
FindNodeReq,146741
FindNodeReq,145418
FindNodeReq,146209
FindNodeRsp,64895
FindNodeReq,150989
FindNodeReq,145049
FindNodeRsp,68189
FindNodeReq,143695
FindNodeRsp,75295
FindNodeReq,150645
FindNodeReq,143137
FindNodeRsp,105034
FindNodeReq,149837
FindNodeReq,144120
FindNodeRsp,75063
FindNodeReq,152476
FindNodeReq,147257
FindNodeRsp,65731
FindNodeReq,150550
FindNodeRsp,73358
FindNodeRsp,76240
FindNodeReq,146213
FindNodeRsp,75152
FindNodeReq,148113
FindNodeReq,193457
FindNodeRsp,68022
FindNodeReq,143842
FindNodeRsp,74765
FindNodeReq,192147
PathSetupReq,59751
FindNodeReq,147664
PathSetupReq,54583
FindNodeRsp,66697
FindNodeRsp,69527
FindNodeReq,167249
FindNodeRsp,76662
FindNodeReq,143975
FindNodeReq,176925
FindNodeReq,143813
PNHello,127050
PNDiscRsp,64102
FindNodeRsp,77050
FindNodeRsp,66478
FindNodeReq,148453
FindNodeRsp,66045
FindNodeReq,148469
FindNodeRsp,65075
FindNodeReq,150384
FindNodeRsp,76118
FindNodeRsp,76215
FindNodeReq,146877
FindNodeRsp,74851
FindNodeReq,148789
FindNodeReq,146069
FindNodeRsp,86624
FindNodeReq,147825
FindNodeRsp,75742
FindNodeRsp,74723
FindNodeReq,147885
FindNodeRsp,70958
FindNodeReq,144864
FindNodeRsp,71591
FindNodeRsp,65940
FindNodeReq,149351
FindNodeReq,146880
FindNodeReq,143781
FindNodeReq,149021
FindNodeRsp,64522
FindNodeRsp,65255
FindNodeReq,153853
FindNodeReq,145061
FindNodeRsp,65911
FindNodeRsp,74234
FindNodeReq,152190
FindNodeReq,147593
FindNodeRsp,64807
FindNodeReq,146597
FindNodeRsp,68842
FindNodeRsp,78434
FindNodeReq,147970
FindNodeRsp,66644
FindNodeReq,150453
FindNodeRsp,65219
FindNodeReq,147840
FindNodeRsp,66258
FindNodeReq,150333
FindNodeReq,144345
FindNodeRsp,101671
FindNodeReq,148605
FindNodeRsp,72090
FindNodeRsp,64915
FindNodeReq,146256
FindNodeRsp,66358
FindNodeReq,150696
FindNodeReq,148143
FindNodeReq,145937
FindNodeRsp,74998
FindNodeReq,139087
FindNodeReq,146763
FindNodeRsp,67267
FindNodeReq,150171
FindNodeRsp,65234
FindNodeReq,173654
FindNodeRsp,66639
FindNodeReq,151163
FindNodeRsp,65634
FindNodeRsp,65128
FindNodeReq,145480
FindNodeRsp,76314
FindNodeRsp,76474
FindNodeReq,147425
FindNodeRsp,75971
FindNodeReq,148669
FindNodeRsp,65290
FindNodeReq,151156
FindNodeReq,144247
FindNodeRsp,64383
FindNodeRsp,70318
FindNodeRsp,64867
FindNodeReq,144325
FindNodeReq,149352
FindNodeRsp,64326
FindNodeRsp,67974
FindNodeRsp,68039
FindNodeRsp,64985
FindNodeReq,150247
FindNodeRsp,72711
FindNodeReq,152902
FindNodeReq,147801
FindNodeRsp,65673
FindNodeReq,150413
UpdateRouteReq,112505
UpdateRouteReq,53391
UpdateRouteReq,67450
FindNodeReq,77756
UpdateRouteReq,53427
FindNodeReq,80662
FindNodeReq,78162
FindNodeReq,78547
UpdateRouteReq,47998
FindNodeRsp,72837
UpdateRouteReq,46948
FindNodeReq,174212
FindNodeRsp,65503
FindNodeReq,152818
FindNodeRsp,65759
UpdateRouteReq,56271
UpdateRouteReq,50479
UpdateRouteReq,66438
FindNodeReq,80587
UpdateRouteReq,52010
FindNodeReq,84978
FindNodeReq,79557
FindNodeReq,75024
UpdateRouteReq,47788
UpdateRouteReq,68952
FindNodeRsp,58669
FindNodeReq,174144
FindNodeReq,146093
FindNodeRsp,76402
PathSetupReq,59071
FindNodeReq,152332
PathSetupReq,54615
FindNodeReq,145068
FindNodeRsp,71303
FindNodeRsp,74710
FindNodeReq,147413
FindNodeReq,144705
FindNodeRsp,71148
FindNodeReq,150101
FindNodeReq,149042
FindNodeRsp,76462
FindNodeReq,147002
FindNodeRsp,77903
FindNodeReq,151325
FindNodeReq,144839
