PNHello,88957
PNDiscRsp,27360
QueryRouteReq,45275
QueryRouteReq,29162
UpdateRouteReq,19353
QueryRouteRsp,29393
UpdateRouteReq,16754
QueryRouteRsp,15990
FindNodeReq,141563
PNDiscReq,170722
QueryRouteRsp,198128
QueryRouteReq,216439
UpdateRouteReq,338636
UpdateRouteReq,74651
QueryRouteRsp,101852
UpdateRouteReq,58164
QueryRouteReq,94989
PathSetupReq,63187
PathSetupReq,77672
UpdateRouteReq,51675
FindNodeRsp,100002
FindNodeReq,155278
UpdateRouteReq,515196
UpdateRouteReq,103886
UpdateRouteReq,549821
UpdateRouteReq,262292
UpdateRouteReq,460439
UpdateRouteReq,323413
UpdateRouteReq,107130
UpdateRouteReq,73447
FindNodeReq,103506
UpdateRouteReq,55094
FindNodeReq,151242
PNHello,202930
PNDiscRsp,109187
PathSetupReq,72891
FindNodeRsp,128870
FindNodeReq,154342
PNDiscReq,201626
FindNodeRsp,128146
FindNodeReq,156362
FindNodeReq,177478
FindNodeRsp,125037
PNHello,121469
PNDiscRsp,66952
FindNodeRsp,128677
FindNodeRsp,117685
FindNodeReq,152744
FindNodeReq,169696
FindNodeReq,176804
FindNodeRsp,124671
PNDiscReq,198039
FindNodeReq,182065
FindNodeRsp,114689
FindNodeReq,156183
FindNodeRsp,124937
FindNodeRsp,138517
FindNodeReq,178829
PNHello,122717
PNDiscRsp,68277
FindNodeReq,161581
FindNodeRsp,121306
FindNodeReq,172747
FindNodeRsp,145245
FindNodeRsp,132271
FindNodeRsp,124938
FindNodeReq,164705
FindNodeReq,174696
FindNodeReq,175188
FindNodeRsp,136293
FindNodeReq,342478
FindNodeRsp,115125
FindNodeReq,164561
FindNodeReq,189089
FindNodeRsp,124973
FindNodeReq,174338
PNDiscReq,125854
FindNodeRsp,128217
FindNodeRsp,115616
FindNodeRsp,115518
FindNodeReq,174758
FindNodeReq,170196
FindNodeRsp,143793
FindNodeRsp,117725
FindNodeReq,174756
FindNodeReq,175833
FindNodeRsp,136644
FindNodeReq,164792
FindNodeReq,173477
FindNodeReq,167420
PNHello,124270
PNDiscRsp,67913
FindNodeRsp,123630
FindNodeReq,176890
FindNodeRsp,128922
FindNodeReq,205491
FindNodeReq,164826
FindNodeRsp,134827
FindNodeRsp,105826
FindNodeRsp,114278
FindNodeReq,174644
FindNodeReq,169760
FindNodeRsp,135513
FindNodeReq,174324
FindNodeReq,170382
FindNodeReq,170776
FindNodeRsp,140941
FindNodeReq,187827
FindNodeReq,239382
FindNodeRsp,103862
FindNodeReq,168209
FindNodeRsp,131306
FindNodeReq,177443
FindNodeRsp,135637
FindNodeReq,170307
FindNodeRsp,118563
FindNodeReq,169031
FindNodeReq,170940
FindNodeReq,176490
FindNodeRsp,129546
FindNodeRsp,122705
PNDiscReq,124737
FindNodeReq,164845
FindNodeRsp,122266
FindNodeReq,171698
FindNodeReq,168304
FindNodeRsp,134246
FindNodeReq,188088
FindNodeRsp,119797
FindNodeRsp,144561
FindNodeReq,179190
FindNodeRsp,148784
FindNodeReq,167627
FindNodeRsp,136469
FindNodeReq,173818
FindNodeReq,175143
FindNodeReq,160807
FindNodeRsp,137117
FindNodeRsp,118001
FindNodeReq,166900
FindNodeReq,163166
FindNodeReq,176352
FindNodeRsp,112723
FindNodeRsp,128117
FindNodeReq,176080
FindNodeRsp,136836
FindNodeRsp,115183
FindNodeReq,169888
FindNodeRsp,118190
PNHello,122715
PNDiscRsp,67308
FindNodeReq,175464
FindNodeRsp,122359
FindNodeReq,161868
FindNodeRsp,135197
PathSetupReq,84873
FindNodeReq,293033
PathSetupReq,66550
FindNodeRsp,164973
FindNodeReq,168884
FindNodeReq,224404
FindNodeRsp,134541
FindNodeRsp,148584
FindNodeRsp,130993
PathSetupReq,97681
PathSetupReq,92691
PathSetupReq,140457
PathSetupReq,221980
FindNodeReq,171252
PathSetupReq,90049
PathSetupReq,93413
FindNodeRsp,123997
PathSetupReq,62808
FindNodeReq,173126
FindNodeReq,171442
FindNodeReq,168362
FindNodeRsp,120242
FindNodeReq,175698
FindNodeReq,194319
FindNodeRsp,112041
FindNodeRsp,131727
FindNodeReq,170622
FindNodeReq,164036
FindNodeRsp,134446
FindNodeRsp,128987
FindNodeReq,174653
FindNodeReq,165632
FindNodeRsp,124153
FindNodeReq,165867
FindNodeReq,159255
FindNodeRsp,120252
FindNodeRsp,141888
FindNodeReq,175469
FindNodeRsp,132225
FindNodeReq,167230
FindNodeReq,179723
FindNodeRsp,135537
FindNodeReq,175016
FindNodeReq,166150
FindNodeRsp,148671
FindNodeRsp,130373
FindNodeRsp,141436
FindNodeReq,283994
FindNodeRsp,154627
FindNodeReq,174076
FindNodeReq,176268
FindNodeRsp,115740
FindNodeRsp,111657
FindNodeReq,172188
FindNodeRsp,116973
FindNodeRsp,113427
FindNodeReq,171831
PNDiscReq,126066
FindNodeReq,196042
FindNodeRsp,135265
FindNodeRsp,122783
FindNodeReq,173764
FindNodeReq,170754
FindNodeRsp,115134
FindNodeRsp,126859
FindNodeReq,172987
FindNodeRsp,141378
FindNodeRsp,151291
FindNodeReq,172825
FindNodeReq,166585
FindNodeReq,159838
FindNodeRsp,125750
FindNodeReq,166601
FindNodeReq,165225
FindNodeRsp,142625
FindNodeRsp,148744
FindNodeRsp,143333
FindNodeRsp,120566
FindNodeReq,176084
FindNodeReq,174300
FindNodeRsp,109666
FindNodeReq,165776
FindNodeReq,176117
FindNodeReq,173684
FindNodeRsp,125092
FindNodeReq,179448
FindNodeRsp,125957
FindNodeReq,173008
FindNodeReq,160992
FindNodeRsp,130685
FindNodeRsp,117594
FindNodeReq,175213
FindNodeReq,175218
FindNodeReq,169356
FindNodeRsp,136283
FindNodeReq,167946
FindNodeRsp,129153
FindNodeReq,169079
FindNodeRsp,124171
FindNodeRsp,132086
FindNodeReq,176248
FindNodeRsp,127247
FindNodeRsp,146787
FindNodeRsp,135077
FindNodeRsp,137313
FindNodeReq,171000
FindNodeReq,160912
FindNodeRsp,131715
FindNodeReq,175060
FindNodeReq,174552
FindNodeRsp,118462
FindNodeReq,170689
FindNodeRsp,142913
FindNodeReq,178333
FindNodeRsp,112962
FindNodeReq,166029
FindNodeReq,179269
PNHello,122281
PNDiscRsp,65018
FindNodeRsp,118841
FindNodeReq,168210
FindNodeReq,161062
FindNodeRsp,165108
FindNodeReq,164758
FindNodeReq,173036
FindNodeReq,169671
FindNodeReq,169406
FindNodeReq,160318
FindNodeRsp,135406
FindNodeReq,163078
FindNodeReq,178016
FindNodeRsp,112862
FindNodeReq,174389
FindNodeReq,172796
FindNodeRsp,131177
FindNodeReq,170024
FindNodeRsp,137039
FindNodeReq,173222
PathSetupReq,63602
PathSetupReq,86730
FindNodeReq,159202
FindNodeRsp,124050
FindNodeRsp,134245
FindNodeRsp,150148
FindNodeRsp,135577
PathSetupReq,62755
FindNodeRsp,135095
PathSetupReq,76171
PathSetupReq,163457
PathSetupReq,64104
PathSetupReq,92374
PathSetupReq,94640
PathSetupReq,64202
FindNodeReq,175888
FindNodeReq,175465
FindNodeRsp,130921
FindNodeReq,164545
FindNodeReq,174800
FindNodeReq,162248
FindNodeRsp,158501
FindNodeReq,165841
FindNodeReq,175605
FindNodeRsp,133045
FindNodeReq,177912
FindNodeRsp,141065
FindNodeReq,165422
FindNodeRsp,121432
FindNodeReq,163176
FindNodeReq,175460
FindNodeReq,200300
FindNodeRsp,137547
FindNodeReq,173093
FindNodeReq,171483
FindNodeRsp,139813
FindNodeRsp,124749
FindNodeReq,164657
FindNodeRsp,123664
FindNodeRsp,117569
FindNodeRsp,124577
FindNodeReq,163791
FindNodeRsp,114821
FindNodeRsp,129128
FindNodeRsp,113257
FindNodeRsp,135906
FindNodeReq,161857
FindNodeReq,173545
FindNodeReq,172125
FindNodeReq,172883
FindNodeRsp,141097
FindNodeReq,191908
FindNodeRsp,113721
FindNodeReq,170610
FindNodeRsp,131583
FindNodeReq,170360
FindNodeReq,167680
FindNodeRsp,136571
FindNodeReq,173004
FindNodeRsp,122018
FindNodeReq,166496
FindNodeReq,179500
FindNodeRsp,134062
FindNodeReq,175178
FindNodeRsp,114175
FindNodeReq,168760
FindNodeRsp,105121
FindNodeRsp,119005
FindNodeReq,171306
FindNodeReq,170397
FindNodeReq,167452
FindNodeRsp,111100
FindNodeReq,174940
FindNodeReq,165130
FindNodeRsp,110371
FindNodeRsp,147986
FindNodeRsp,127102
FindNodeReq,173413
FindNodeReq,173932
FindNodeReq,201568
FindNodeReq,173544
FindNodeRsp,115493
FindNodeRsp,136333
FindNodeReq,173436
FindNodeReq,168205
FindNodeRsp,130947
FindNodeRsp,137086
FindNodeReq,164956
FindNodeReq,177798
FindNodeRsp,139639
FindNodeReq,174062
FindNodeRsp,132384
FindNodeReq,175131
FindNodeRsp,134625
FindNodeRsp,133990
FindNodeReq,172916
FindNodeRsp,115414
FindNodeReq,163590
FindNodeReq,175908
FindNodeRsp,139976
FindNodeReq,172689
PNDiscReq,125370
FindNodeRsp,112487
FindNodeReq,176743
FindNodeRsp,138543
FindNodeReq,163978
FindNodeRsp,131333
FindNodeRsp,141864
FindNodeReq,178156
FindNodeRsp,135196
FindNodeReq,177036
FindNodeReq,166245
FindNodeRsp,126236
FindNodeReq,173676
FindNodeReq,171298
FindNodeReq,161612
FindNodeRsp,118177
FindNodeReq,174527
FindNodeReq,171880
FindNodeRsp,136430
FindNodeReq,174407
FindNodeRsp,132388
FindNodeRsp,126041
FindNodeReq,171644
FindNodeRsp,116766
FindNodeReq,174887
FindNodeReq,161323
FindNodeRsp,124481
FindNodeReq,175022
FindNodeReq,172245
FindNodeRsp,128523
FindNodeReq,174728
FindNodeReq,192946
FindNodeRsp,112746
PathSetupReq,64166
FindNodeReq,172716
PathSetupReq,65151
FindNodeReq,187268
FindNodeReq,240131
FindNodeRsp,135621
FindNodeRsp,141702
FindNodeRsp,135386
FindNodeRsp,131634
PathSetupReq,97078
FindNodeRsp,123525
PathSetupReq,109737
PathSetupReq,137348
PathSetupReq,81127
FindNodeReq,175190
PathSetupReq,158925
FindNodeReq,167504
PathSetupReq,80026
PathSetupReq,83953
FindNodeReq,103320
FindNodeRsp,124241
FindNodeRsp,140319
FindNodeRsp,138922
FindNodeReq,161846
FindNodeRsp,137581
FindNodeRsp,131697
FindNodeRsp,132417
FindNodeReq,162840
FindNodeReq,176256
FindNodeRsp,133901
FindNodeRsp,119758
FindNodeReq,174991
FindNodeReq,162402
FindNodeReq,166352
FindNodeRsp,157476
FindNodeRsp,109766
FindNodeReq,175619
FindNodeReq,169586
FindNodeRsp,144363
FindNodeReq,174636
FindNodeReq,174038
FindNodeReq,167068
FindNodeRsp,115403
FindNodeReq,164188
FindNodeRsp,135649
FindNodeReq,166670
FindNodeRsp,137785
FindNodeReq,164863
PNHello,123574
PNDiscRsp,65057
FindNodeRsp,116383
FindNodeReq,171890
FindNodeReq,163038
FindNodeRsp,140741
FindNodeRsp,142657
FindNodeRsp,139188
FindNodeRsp,136457
FindNodeReq,177429
FindNodeReq,173596
FindNodeRsp,130270
FindNodeReq,171652
FindNodeRsp,133231
FindNodeRsp,141090
FindNodeReq,158448
FindNodeReq,173769
FindNodeReq,179336
FindNodeRsp,134338
FindNodeReq,171391
FindNodeReq,179508
FindNodeRsp,131225
FindNodeReq,175204
FindNodeRsp,134453
FindNodeReq,160605
FindNodeRsp,113663
FindNodeReq,172996
FindNodeRsp,126255
FindNodeReq,177894
FindNodeRsp,119074
FindNodeReq,174371
FindNodeReq,161957
FindNodeReq,174300
FindNodeReq,166733
FindNodeRsp,134377
FindNodeReq,161727
FindNodeRsp,138947
FindNodeRsp,179812
FindNodeReq,172060
FindNodeReq,176958
FindNodeReq,172084
FindNodeReq,168891
FindNodeRsp,136481
FindNodeReq,173558
FindNodeRsp,114016
FindNodeReq,172977
FindNodeRsp,132935
FindNodeRsp,135188
FindNodeRsp,135348
FindNodeReq,180836
FindNodeRsp,128371
FindNodeReq,172366
FindNodeReq,172563
PathSetupReq,66255
FindNodeReq,170792
FindNodeReq,118870
FindNodeReq,175882
FindNodeReq,189385
FindNodeReq,176888
FindNodeRsp,181682
PathSetupReq,97419
PathSetupReq,91032
PathSetupReq,163907
PathSetupReq,105534
PathSetupReq,65013
FindNodeReq,176668
FindNodeReq,172668
FindNodeReq,160863
FindNodeReq,175556
FindNodeRsp,131930
FindNodeReq,177022
FindNodeRsp,118668
FindNodeRsp,131297
FindNodeRsp,141172
FindNodeRsp,141842
FindNodeRsp,131581
FindNodeRsp,138199
FindNodeReq,176565
FindNodeReq,170556
FindNodeRsp,135865
FindNodeReq,174108
FindNodeReq,170348
FindNodeRsp,135304
FindNodeReq,173808
PNDiscReq,99516
FindNodeReq,172103
FindNodeReq,160498
FindNodeRsp,120554
FindNodeRsp,135457
FindNodeRsp,116086
FindNodeReq,172223
FindNodeReq,171790
FindNodeReq,160976
FindNodeReq,176867
FindNodeRsp,144498
FindNodeReq,172726
FindNodeReq,172397
FindNodeReq,168966
FindNodeRsp,144720
FindNodeRsp,139065
FindNodeRsp,136308
FindNodeRsp,144305
FindNodeRsp,125313
FindNodeRsp,136411
FindNodeReq,165590
FindNodeRsp,147992
FindNodeReq,174566
FindNodeReq,159227
FindNodeReq,197228
FindNodeRsp,129361
FindNodeRsp,144356
FindNodeReq,191471
FindNodeReq,174361
FindNodeReq,174341
FindNodeReq,169478
FindNodeRsp,129176
FindNodeReq,173121
FindNodeReq,178068
FindNodeRsp,136706
FindNodeRsp,128109
FindNodeReq,176821
FindNodeReq,177839
FindNodeRsp,136551
FindNodeReq,176492
FindNodeReq,174757
FindNodeRsp,132099
FindNodeRsp,128754
FindNodeReq,169956
FindNodeReq,173040
FindNodeRsp,137719
FindNodeReq,189515
FindNodeReq,188322
FindNodeRsp,131615
FindNodeRsp,133197
FindNodeRsp,137866
FindNodeReq,174392
FindNodeRsp,157699
FindNodeReq,173785
FindNodeReq,171944
FindNodeReq,171837
FindNodeReq,160972
FindNodeReq,174668
FindNodeRsp,139827
PNHello,122659
PNDiscRsp,65034
FindNodeReq,174052
FindNodeReq,166984
FindNodeRsp,173727
FindNodeReq,173140
FindNodeRsp,134670
PathSetupReq,67495
FindNodeReq,173471
FindNodeRsp,115225
FindNodeReq,176344
FindNodeRsp,111818
FindNodeReq,173456
FindNodeRsp,141109
FindNodeRsp,144743
PathSetupReq,78605
PathSetupReq,92066
PathSetupReq,96700
PathSetupReq,124005
PathSetupReq,63686
FindNodeReq,191164
FindNodeReq,172484
FindNodeRsp,137347
FindNodeRsp,131157
FindNodeReq,174843
FindNodeRsp,111896
FindNodeReq,159977
FindNodeRsp,141247
FindNodeReq,171612
FindNodeRsp,129530
FindNodeReq,172849
FindNodeReq,172703
FindNodeRsp,141635
FindNodeRsp,128269
FindNodeRsp,126785
FindNodeReq,171756
FindNodeReq,212064
FindNodeReq,173996
FindNodeReq,169268
FindNodeReq,176520
FindNodeReq,165582
FindNodeRsp,111762
FindNodeReq,157075
FindNodeRsp,107405
FindNodeReq,168042
FindNodeRsp,131014
FindNodeReq,169516
FindNodeRsp,117011
FindNodeRsp,140762
FindNodeReq,173783
FindNodeRsp,126966
FindNodeRsp,141744
FindNodeReq,172805
UpdateRouteReq,344019
UpdateRouteReq,485109
UpdateRouteReq,641041
UpdateRouteReq,751594
UpdateRouteReq,185976
UpdateRouteReq,303912
FindNodeReq,170324
FindNodeReq,157129
FindNodeReq,104565
FindNodeRsp,122185
FindNodeRsp,71504
FindNodeReq,164528
FindNodeReq,153195
FindNodeRsp,71682
FindNodeRsp,127050
FindNodeReq,155741
FindNodeReq,149175
FindNodeRsp,113874
FindNodeRsp,72309
FindNodeReq,161497
PNDiscReq,141785
Error,108293
Error,120824
Error,76599
Error,71103
Error,43348
Error,109025
Error,76021
Error,61254
FindNodeReq,154791
FindNodeRsp,127793
FindNodeRsp,73228
FindNodeRsp,119570
FindNodeRsp,130797
FindNodeRsp,123511
UpdateRouteReq,146697
UpdateRouteReq,153701
FindNodeRsp,71862
FindNodeReq,161664
UpdateRouteReq,41708
UpdateRouteReq,154183
FindNodeReq,185065
FindNodeReq,151053
FindNodeRsp,123250
FindNodeReq,159806
FindNodeReq,156650
FindNodeReq,150237
UpdateRouteReq,153652
UpdateRouteReq,67986
FindNodeReq,151405
FindNodeReq,161957
UpdateRouteReq,156822
UpdateRouteReq,156858
UpdateRouteReq,67491
FindNodeRsp,124322
FindNodeReq,144941
UpdateRouteReq,44043
UpdateRouteReq,175245
UpdateRouteReq,40872
UpdateRouteReq,113945
FindNodeRsp,123701
FindNodeReq,162216
UpdateRouteReq,41259
UpdateRouteReq,41732
UpdateRouteReq,38337
FindNodeRsp,96538
FindNodeRsp,126330
FindNodeReq,185203
FindNodeReq,163533
FindNodeReq,165874
FindNodeRsp,119764
FindNodeReq,153388
FindNodeRsp,127200
PathSetupReq,80713
UpdateRouteReq,164122
FindNodeRsp,113170
UpdateRouteReq,143109
UpdateRouteReq,96631
Error,60843
Error,55654
UpdateRouteReq,51295
UpdateRouteReq,99312
Error,167837
Error,108886
UpdateRouteReq,51790
UpdateRouteReq,46843
UpdateRouteReq,54499
UpdateRouteReq,104500
Error,107574
Error,81846
UpdateRouteReq,56387
UpdateRouteReq,51479
PathTeardownReq,46953
UpdateRouteReq,52126
PathTeardownReq,55462
PathSetupReq,41806
PathTeardownReq,56010
Error,115813
UpdateRouteReq,51917
Error,84451
PathSetupReq,40027
UpdateRouteReq,49000
FindNodeReq,113942
UpdateRouteReq,120416
Error,106115
Error,146716
Error,54317
Error,35117
Error,110831
UpdateRouteReq,164064
PathSetupReq,205928
Error,215632
UpdateRouteReq,309559
UpdateRouteReq,336245
Error,262205
FindNodeRsp,282583
UpdateRouteReq,393935
UpdateRouteReq,398951
Error,421328
Error,443710
UpdateRouteReq,137117
UpdateRouteReq,120713
Error,95923
Error,72933
Error,106259
UpdateRouteReq,100918
Error,246300
Error,129578
Error,126883
Error,79198
Error,111101
Error,164513
Error,170100
Error,151335
UpdateRouteReq,252725
Error,307597
UpdateRouteReq,350027
Error,359971
UpdateRouteReq,359015
Error,382861
UpdateRouteReq,390652
Error,123615
Error,128146
Error,128325
Error,173358
UpdateRouteReq,203405
Error,210653
Error,209545
Error,153218
Error,133637
Error,96302
Error,143577
Error,145281
Error,144141
Error,134153
Error,122769
Error,123038
Error,116959
Error,143156
Error,143604
Error,156053
Error,159421
Error,156346
Error,151645
Error,140260
Error,139961
Error,145337
Error,149064
UpdateRouteReq,159618
Error,158776
UpdateRouteReq,95194
Error,166870
Error,174148
Error,96158
Error,141328
Error,142572
Error,141461
Error,152052
Error,155657
Error,155809
Error,205870
Error,255749
UpdateRouteReq,265094
Error,263858
Error,214548
UpdateRouteReq,248463
Error,254884
Error,236983
Error,122173
Error,125422
Error,95558
Error,142255
Error,143846
Error,143092
Error,133469
Error,137273
Error,137737
Error,151981
Error,140033
Error,122938
Error,270834
UpdateRouteReq,258422
Error,263556
Error,292694
UpdateRouteReq,327594
UpdateRouteReq,160568
Error,228498
Error,263099
Error,261967
Error,139261
Error,142397
Error,142493
UpdateRouteReq,134092
Error,250715
Error,258019
Error,252709
Error,123145
Error,111811
Error,111129
Error,103393
Error,105811
Error,105954
Error,118740
Error,121351
Error,121399
Error,146353
Error,132252
Error,115891
Error,128426
Error,134248
Error,125287
Error,172608
Error,149927
Error,148613
Error,95564
Error,98034
Error,97850
Error,109418
Error,111351
Error,111117
Error,115239
Error,94030
Error,93310
Error,131971
Error,112534
Error,112168
Error,110650
Error,100740
Error,89367
Error,74319
Error,76282
Error,71021
Error,116193
Error,116772
Error,115913
Error,99256
Error,89766
Error,89048
Error,99721
Error,102124
Error,101534
Error,99298
Error,90945
Error,74255
Error,106189
Error,106809
Error,106404
Error,91481
Error,82431
Error,81914
Error,93051
Error,86488
Error,85803
Error,67112
Error,68809
Error,74970
Error,115531
Error,116269
Error,105714
Error,86804
Error,78335
Error,78174
Error,84362
Error,85844
Error,75364
Error,72143
Error,73964
Error,78592
Error,98063
Error,98757
Error,88888
Error,110690
Error,112536
Error,112412
Error,100889
Error,82375
Error,80481
Error,79270
Error,80751
Error,80458
Error,83042
Error,70790
Error,70457
Error,107195
Error,109236
Error,99952
UpdateRouteReq,117944
Error,81044
Error,85169
Error,81234
Error,122321
Error,122722
Error,157867
Error,157820
Error,182763
Error,119535
Error,130227
Error,162400
Error,184943
FindNodeRsp,195537
Error,195722
Error,199053
Error,106662
UpdateRouteReq,107649
Error,145562
Error,168570
Error,199501
Error,222605
Error,234582
Error,670944
Error,671340
Error,661320
Error,63387
Error,61539
Error,61941
Error,62265
Error,70448
Error,70335
Error,85630
Error,59302
Error,58676
Error,27062
Error,18810
UpdateRouteReq,89788
Error,20443
Error,16691
Error,15599
UpdateRouteReq,22393
Error,18165
Error,15552
Error,22519
Error,21285
Error,21998
Error,20583
Error,48223
Error,49152
Error,52213
Error,50651
Error,51624
Error,52347
UpdateRouteReq,54247
Error,54833
Error,25885
UpdateRouteReq,46075
Error,16763
Error,27463
Error,59429
Error,19479
Error,62801
Error,46002
Error,53243
Error,53317
Error,52447
Error,26912
Error,62812
UpdateRouteReq,63091
Error,64830
UpdateRouteReq,51397
Error,55005
Error,18839
Error,34162
Error,33450
Error,29675
Error,39655
UpdateRouteReq,70011
Error,17526
UpdateRouteReq,22159
UpdateRouteReq,64945
Error,44885
UpdateRouteReq,46461
Error,65468
UpdateRouteReq,69043
UpdateRouteReq,43311
Error,77248
UpdateRouteReq,81604
Error,42159
Error,24388
Error,27837
UpdateRouteReq,20037
Error,40352
Error,26812
UpdateRouteReq,25991
UpdateRouteReq,22109
UpdateRouteReq,33059
UpdateRouteReq,22525
Error,63139
Error,70838
Error,64912
Error,103305
Error,101498
Error,159882
Error,106189
Error,165600
Error,114181
Error,126167
Error,142073
Error,265959
UpdateRouteReq,393964
Error,415878
Error,106716
UpdateRouteReq,297743
Error,349910
UpdateRouteReq,379406
Error,137172
UpdateRouteReq,134813
Error,109321
UpdateRouteReq,136563
Error,84394
UpdateRouteReq,131259
Error,55203
UpdateRouteReq,73417
UpdateRouteReq,54519
PathTeardownReq,40103
PathSetupReq,32285
PathTeardownReq,32847
UpdateRouteReq,45007
FindNodeReq,120461
UpdateRouteReq,70857
PathTeardownReq,43737
PathSetupReq,37036
UpdateRouteReq,45701
UpdateRouteReq,43187
PathTeardownReq,37480
FindNodeRsp,129521
UpdateRouteReq,122441
PathSetupReq,123275
PathSetupReq,76436
UpdateRouteReq,51735
Error,51551
FindNodeReq,164084
PathSetupReq,160133
UpdateRouteReq,77944
UpdateRouteReq,98910
PathSetupReq,107059
UpdateRouteReq,93331
UpdateRouteReq,89887
UpdateRouteReq,157546
UpdateRouteReq,192057
UpdateRouteReq,200161
UpdateRouteReq,203548
UpdateRouteReq,63149
UpdateRouteReq,51157
Error,166720
UpdateRouteReq,252601
Error,149736
Error,141863
Error,137200
Error,161766
Error,68422
FindNodeReq,142106
PathSetupReq,139297
UpdateRouteReq,138463
UpdateRouteReq,66023
FindNodeRsp,117496
UpdateRouteReq,214288
UpdateRouteReq,101903
Error,135029
Error,109704
Error,131723
Error,143733
Error,66115
UpdateRouteReq,153513
UpdateRouteReq,182438
PathSetupReq,57967
FindNodeRsp,72815
FindNodeReq,143043
FindNodeReq,113202
Error,167865
UpdateRouteReq,239415
UpdateRouteReq,202672
UpdateRouteReq,64066
UpdateRouteReq,82734
UpdateRouteReq,69778
UpdateRouteReq,101994
PathTeardownReq,99774
Error,172084
FindNodeReq,121305
UpdateRouteReq,104580
UpdateRouteReq,93226
UpdateRouteReq,78592
UpdateRouteReq,66555
UpdateRouteReq,70350
PathSetupReq,56897
Error,143952
UpdateRouteReq,73000
UpdateRouteReq,76050
UpdateRouteReq,135664
UpdateRouteReq,76144
UpdateRouteReq,103150
UpdateRouteReq,75374
UpdateRouteReq,129642
Error,244236
UpdateRouteReq,243289
UpdateRouteReq,184032
PathTeardownReq,95731
Error,206324
UpdateRouteReq,213506
Error,128346
UpdateRouteReq,133181
Error,109389
UpdateRouteReq,105810
UpdateRouteReq,160222
UpdateRouteReq,132741
UpdateRouteReq,95757
Error,190325
UpdateRouteReq,135057
FindNodeReq,165241
Error,234944
FindNodeReq,346622
UpdateRouteReq,164862
UpdateRouteReq,209779
UpdateRouteReq,79423
PathSetupReq,73709
PathTeardownReq,75092
Error,220551
UpdateRouteReq,241075
UpdateRouteReq,142569
UpdateRouteReq,87225
UpdateRouteReq,51983
Error,311413
UpdateRouteReq,358250
UpdateRouteReq,396588
UpdateRouteReq,297656
UpdateRouteReq,331951
UpdateRouteReq,89943
UpdateRouteReq,103662
UpdateRouteReq,162874
UpdateRouteReq,170272
UpdateRouteReq,44050
FindNodeReq,77531
UpdateRouteReq,41654
Error,106836
Error,125285
UpdateRouteReq,126339
UpdateRouteReq,56705
FindNodeReq,103036
UpdateRouteReq,55897
Error,111572
UpdateRouteReq,43165
UpdateRouteReq,39292
UpdateRouteReq,37967
UpdateRouteReq,43359
UpdateRouteReq,186146
UpdateRouteReq,95580
PathSetupReq,40979
Error,76619
UpdateRouteReq,64230
UpdateRouteReq,63506
UpdateRouteReq,52331
UpdateRouteReq,49236
Error,67747
UpdateRouteReq,126737
PathTeardownReq,127572
Error,81395
PathSetupReq,29604
Error,71193
Error,65692
UpdateRouteReq,66580
UpdateRouteReq,32610
Error,78887
PathTeardownReq,81873
PathSetupReq,26506
UpdateRouteReq,33163
UpdateRouteReq,45804
UpdateRouteReq,42529
PathTeardownReq,30239
Error,74827
Error,124643
UpdateRouteReq,37512
UpdateRouteReq,30876
PathSetupReq,23731
UpdateRouteReq,40918
UpdateRouteReq,43607
UpdateRouteReq,36922
UpdateRouteReq,46196
UpdateRouteReq,43831
Error,70590
Error,106817
Error,65300
Error,52658
Error,72479
Error,107420
Error,134822
UpdateRouteReq,137052
UpdateRouteReq,141968
UpdateRouteReq,30463
UpdateRouteReq,30551
Error,100581
Error,95216
UpdateRouteReq,71968
UpdateRouteReq,48440
UpdateRouteReq,96938
Error,141511
UpdateRouteReq,155341
PathTeardownReq,186514
PathSetupReq,185551
Error,263061
PathTeardownReq,267348
UpdateRouteReq,270799
UpdateRouteReq,285550
UpdateRouteReq,287150
UpdateRouteReq,302667
UpdateRouteReq,303443
Error,71037
Error,81997
Error,61795
Error,77290
UpdateRouteReq,38714
UpdateRouteReq,38257
UpdateRouteReq,25659
Error,96142
Error,121057
Error,113959
UpdateRouteReq,113573
Error,159185
Error,185834
UpdateRouteReq,63328
UpdateRouteReq,81831
Error,82147
Error,109111
UpdateRouteReq,77742
UpdateRouteReq,77953
UpdateRouteReq,98034
Error,96855
Error,131501
UpdateRouteReq,138892
Error,153865
Error,156829
UpdateRouteReq,120757
UpdateRouteReq,136684
UpdateRouteReq,157154
Error,75954
Error,34738
Error,20790
Error,24051
UpdateRouteReq,25009
UpdateRouteReq,28091
UpdateRouteReq,26575
Error,25675
UpdateRouteReq,29135
UpdateRouteReq,27637
Error,25769
Error,20675
UpdateRouteReq,30634
UpdateRouteReq,23967
Error,56822
Error,23468
UpdateRouteReq,29919
UpdateRouteReq,37820
UpdateRouteReq,31206
UpdateRouteReq,53021
UpdateRouteReq,26195
UpdateRouteReq,42219
Error,40552
PathTeardownReq,23394
PathSetupReq,53379
Error,25033
PathTeardownReq,21380
UpdateRouteReq,27760
UpdateRouteReq,40414
UpdateRouteReq,36306
UpdateRouteReq,53019
Error,52901
Error,54610
Error,80791
Error,79442
UpdateRouteReq,80154
UpdateRouteReq,98952
PathTeardownReq,47268
UpdateRouteReq,97840
UpdateRouteReq,130560
PathSetupReq,142931
Error,144525
UpdateRouteReq,31232
UpdateRouteReq,40687
UpdateRouteReq,37738
Error,79966
UpdateRouteReq,31581
UpdateRouteReq,41009
UpdateRouteReq,37857
FindNodeReq,63228
UpdateRouteReq,36474
UpdateRouteReq,29455
PathTeardownReq,37083
Error,54832
UpdateRouteReq,28099
UpdateRouteReq,38237
UpdateRouteReq,27815
FindNodeReq,54503
UpdateRouteReq,41180
PathSetupReq,23141
UpdateRouteReq,25596
UpdateRouteReq,33431
UpdateRouteReq,54705
PathTeardownReq,78825
Error,64827
UpdateRouteReq,39899
UpdateRouteReq,37358
Error,101683
UpdateRouteReq,113331
UpdateRouteReq,66314
PathTeardownReq,25180
Error,47616
Error,118812
UpdateRouteReq,57467
UpdateRouteReq,73178
QueryRouteReq,78042
UpdateRouteReq,61318
UpdateRouteReq,62459
UpdateRouteReq,34516
FindNodeReq,109063
UpdateRouteReq,110081
UpdateRouteReq,131288
UpdateRouteReq,132381
PathSetupReq,133382
UpdateRouteReq,46305
PathSetupReq,44853
Error,73354
UpdateRouteReq,59846
UpdateRouteReq,78193
Error,99238
UpdateRouteReq,114895
PathTeardownReq,115020
UpdateRouteReq,122173
PathSetupReq,36308
PathTeardownReq,35698
UpdateRouteReq,46543
PathSetupReq,46660
UpdateRouteReq,50751
UpdateRouteReq,25871
UpdateRouteReq,28132
UpdateRouteReq,25355
Error,92967
FindNodeRsp,89609
UpdateRouteReq,88647
PathTeardownReq,89007
PathSetupReq,88480
PathTeardownReq,91134
Error,124285
UpdateRouteReq,76137
PathSetupReq,61911
UpdateRouteReq,27889
UpdateRouteReq,28295
Error,63744
UpdateRouteReq,30544
UpdateRouteReq,26709
PathTeardownReq,50752
UpdateRouteReq,26214
PathSetupReq,24481
Error,45637
UpdateRouteReq,36716
UpdateRouteReq,55669
UpdateRouteReq,40087
PathTeardownReq,41833
PathSetupReq,12917
PathTeardownReq,12656
UpdateRouteReq,16506
PathSetupReq,43202
Error,64089
Error,96607
UpdateRouteReq,110971
UpdateRouteReq,141454
PathTeardownReq,29998
UpdateRouteReq,45871
PathSetupReq,44875
UpdateRouteReq,47564
UpdateRouteReq,50579
Error,69148
Error,41587
Error,38728
Error,33998
UpdateRouteReq,34897
UpdateRouteReq,33760
PathTeardownReq,51864
UpdateRouteReq,29361
PathSetupReq,21155
UpdateRouteReq,18611
UpdateRouteReq,34060
Error,24901
UpdateRouteReq,32644
PathTeardownReq,12900
PathSetupReq,11353
Error,15340
Error,14584
PathTeardownReq,12842
Error,14494
Error,14893
Error,13303
Error,12918
UpdateRouteReq,16115
PathSetupReq,11883
Error,14874
Error,13471
Error,12917
Error,14377
Error,13229
Error,14171
Error,14136
UpdateRouteReq,17836
UpdateRouteReq,22574
UpdateRouteReq,14988
PathTeardownReq,13091
PathSetupReq,11488
PathTeardownReq,11807
Error,13552
Error,13073
UpdateRouteReq,15205
UpdateRouteReq,15059
PathSetupReq,11521
UpdateRouteReq,14841
Error,14548
Error,13271
Error,14339
UpdateRouteReq,17368
UpdateRouteReq,16174
Error,13360
Error,14371
Error,13831
Error,13155
UpdateRouteReq,16617
PathTeardownReq,12405
Error,14418
UpdateRouteReq,17454
PathSetupReq,15110
UpdateRouteReq,17811
UpdateRouteReq,17245
PathTeardownReq,14993
PathSetupReq,13029
PathTeardownReq,12654
UpdateRouteReq,17628
UpdateRouteReq,17349
UpdateRouteReq,15752
PathSetupReq,12237
UpdateRouteReq,15998
PathTeardownReq,12842
PathSetupReq,11589
PathTeardownReq,11935
UpdateRouteReq,17506
UpdateRouteReq,15499
PathSetupReq,12099
UpdateRouteReq,15395
PathTeardownReq,13283
PathSetupReq,11634
PathTeardownReq,11514
UpdateRouteReq,208987
UpdateRouteReq,279628
UpdateRouteReq,435231
UpdateRouteReq,485703
UpdateRouteReq,574349
UpdateRouteReq,678345
QueryRouteReq,200252
UpdateRouteReq,327992
QueryRouteReq,362477
UpdateRouteReq,493213
UpdateRouteReq,524640
PathSetupReq,525800
PathTeardownReq,528926
FindNodeReq,687541
Error,379950
FindNodeReq,417745
Error,456315
Error,494138
Error,531676
UpdateRouteReq,561584
Error,663012
Error,702413
FindNodeReq,751399
UpdateRouteReq,756752
UpdateRouteReq,807050
UpdateRouteReq,861081
Error,304161
Error,377583
UpdateRouteReq,425077
UpdateRouteReq,336158
UpdateRouteReq,362792
PathSetupReq,363952
UpdateRouteReq,85329
PathTeardownReq,83628
PathSetupReq,114945
UpdateRouteReq,38903
UpdateRouteReq,55521
UpdateRouteReq,82938
PathTeardownReq,48843
PathSetupReq,46429
UpdateRouteReq,98830
PathTeardownReq,70329
UpdateRouteReq,84083
UpdateRouteReq,41306
UpdateRouteReq,43595
PathTeardownReq,75430
PathSetupReq,49599
UpdateRouteReq,50275
UpdateRouteReq,39678
FindNodeRsp,78385
Error,80326
FindNodeRsp,55077
UpdateRouteReq,102218
UpdateRouteReq,118277
UpdateRouteReq,145535
FindNodeRsp,64271
Error,128788
UpdateRouteReq,44938
UpdateRouteReq,83833
PathTeardownReq,140301
PathSetupReq,83524
PathTeardownReq,86518
PathSetupReq,83515
PathTeardownReq,86186
UpdateRouteReq,99448
UpdateRouteReq,113884
UpdateRouteReq,141949
UpdateRouteReq,39640
QueryRouteReq,88059
Error,132033
Error,238082
UpdateRouteReq,83719
Error,87078
UpdateRouteReq,85770
UpdateRouteReq,108534
UpdateRouteReq,155930
UpdateRouteReq,161037
UpdateRouteReq,146853
UpdateRouteReq,151822
UpdateRouteReq,203644
UpdateRouteReq,56581
Error,47711
UpdateRouteReq,122930
PathSetupReq,153329
PathTeardownReq,154947
PathTeardownReq,232051
PathSetupReq,229145
UpdateRouteReq,235531
PathTeardownReq,237627
PathSetupReq,239201
PathTeardownReq,240648
Error,241221
FindNodeReq,296965
UpdateRouteReq,286502
FindNodeReq,125429
FindNodeReq,141049
UpdateRouteReq,144290
PathSetupReq,34379
PathTeardownReq,30885
UpdateRouteReq,40811
UpdateRouteReq,40155
UpdateRouteReq,39915
FindNodeReq,73440
Error,82240
FindNodeReq,89913
UpdateRouteReq,39251
FindNodeReq,73811
UpdateRouteReq,64840
PathSetupReq,61789
UpdateRouteReq,78964
PathSetupReq,34732
UpdateRouteReq,37992
PathTeardownReq,321313
PathSetupReq,345681
UpdateRouteReq,415976
UpdateRouteReq,485125
UpdateRouteReq,488125
PathTeardownReq,72078
Error,93502
PathSetupReq,102098
PathTeardownReq,100926
UpdateRouteReq,159548
UpdateRouteReq,83693
FindNodeRsp,118489
UpdateRouteReq,105185
QueryRouteRsp,216234
UpdateRouteReq,78540
PathSetupReq,124873
UpdateRouteReq,153136
UpdateRouteReq,187995
UpdateRouteReq,154079
FindNodeReq,163595
UpdateRouteReq,52442
FindNodeRsp,105469
FindNodeReq,163189
UpdateRouteReq,88351
UpdateRouteReq,90202
UpdateRouteReq,40421
Error,63191
Error,58046
UpdateRouteReq,50972
FindNodeReq,163149
UpdateRouteReq,98926
PathTeardownReq,70572
UpdateRouteReq,52562
PathTeardownReq,63063
Error,160157
Error,102794
Error,49655
UpdateRouteReq,43083
Error,60917
Error,162933
UpdateRouteReq,262660
Error,281682
UpdateRouteReq,43577
UpdateRouteReq,208919
QueryRouteReq,285938
Error,151357
Error,76671
Error,113709
Error,82704
UpdateRouteReq,54873
Error,65372
Error,142801
FindNodeRsp,43709
UpdateRouteReq,40087
UpdateRouteReq,37126
UpdateRouteReq,38775
UpdateRouteReq,143477
UpdateRouteReq,123865
UpdateRouteReq,131759
UpdateRouteReq,37590
PathSetupReq,38327
FindNodeReq,81591
PathTeardownReq,37163
PathTeardownReq,61679
UpdateRouteReq,53595
PathSetupReq,44165
UpdateRouteReq,41270
PathTeardownReq,35225
UpdateRouteReq,39805
PathSetupReq,32339
UpdateRouteReq,40943
UpdateRouteReq,42093
UpdateRouteReq,108429
UpdateRouteReq,61366
PathTeardownReq,150677
PathTeardownReq,175364
FindNodeReq,179734
UpdateRouteReq,189551
PathSetupReq,190853
PathTeardownReq,192644
UpdateRouteReq,124213
PathSetupReq,57149
UpdateRouteReq,42365
UpdateRouteReq,42219
UpdateRouteReq,54379
QueryRouteReq,95374
UpdateRouteReq,77567
UpdateRouteReq,44748
FindNodeReq,78333
UpdateRouteReq,38746
UpdateRouteReq,40363
UpdateRouteReq,67755
PathSetupReq,39029
UpdateRouteReq,203876
UpdateRouteReq,309249
UpdateRouteReq,70439
Error,209835
UpdateRouteReq,247184
Error,269931
UpdateRouteReq,273543
UpdateRouteReq,53654
Error,165351
Error,102225
Error,154938
Error,95451
Error,88585
Error,88677
Error,102768
Error,73906
Error,76134
UpdateRouteReq,48387
Error,34719
Error,52139
UpdateRouteReq,54633
PathTeardownReq,60468
PathTeardownReq,62469
PathTeardownReq,61035
PathSetupReq,64474
PathTeardownReq,36735
UpdateRouteReq,45741
PathSetupReq,35119
PathTeardownReq,59922
FindNodeRsp,102017
UpdateRouteReq,69031
PathSetupReq,36349
PathTeardownReq,62006
QueryRouteReq,154885
FindNodeReq,192221
UpdateRouteReq,103938
UpdateRouteReq,98088
PathSetupReq,35299
UpdateRouteReq,46202
PathSetupReq,32836
UpdateRouteReq,41455
PathTeardownReq,60938
PathSetupReq,92845
PathTeardownReq,95357
UpdateRouteReq,231544
PathSetupReq,613963
UpdateRouteReq,619882
PathTeardownReq,605216
PathSetupReq,620355
UpdateRouteReq,648535
UpdateRouteReq,692101
PathTeardownReq,775492
UpdateRouteReq,801136
PathSetupReq,112110
PathTeardownReq,135976
PathSetupReq,165564
PathTeardownReq,166986
PathSetupReq,35023
PathTeardownReq,32689
PathSetupReq,74763
PathTeardownReq,59420
PathSetupReq,34123
PathTeardownReq,31405
FindNodeReq,187440
PathSetupReq,181716
PathTeardownReq,183843
PathSetupReq,51195
PathTeardownReq,47510
PathSetupReq,128804
PathTeardownReq,37494
PathTeardownReq,77160
UpdateRouteReq,45632
UpdateRouteReq,56753
PathSetupReq,53289
UpdateRouteReq,98921
UpdateRouteReq,82067
QueryRouteReq,212319
PathSetupReq,32787
UpdateRouteReq,40564
UpdateRouteReq,55539
UpdateRouteReq,79554
PathTeardownReq,80546
FindNodeReq,156203
UpdateRouteReq,70256
UpdateRouteReq,49977
UpdateRouteReq,43199
UpdateRouteReq,43771
UpdateRouteReq,42724
PathSetupReq,36355
UpdateRouteReq,45820
UpdateRouteReq,45415
PathTeardownReq,80453
FindNodeRsp,99805
FindNodeRsp,91351
UpdateRouteReq,69384
PathSetupReq,38544
PathTeardownReq,56115
PathTeardownReq,39366
QueryRouteReq,144493
UpdateRouteReq,76527
PathSetupReq,55787
UpdateRouteReq,80063
UpdateRouteReq,43586
UpdateRouteReq,141660
UpdateRouteReq,49646
PathSetupReq,63386
UpdateRouteReq,77071
PathTeardownReq,39843
UpdateRouteReq,37279
UpdateRouteReq,45386
PathSetupReq,30879
PathTeardownReq,34193
PathTeardownReq,35459
UpdateRouteReq,153950
UpdateRouteReq,91700
UpdateRouteReq,80809
UpdateRouteReq,45827
FindNodeReq,92865
UpdateRouteReq,42891
PathSetupReq,37269
UpdateRouteReq,43871
UpdateRouteReq,46056
FindNodeReq,90080
UpdateRouteReq,104503
PathTeardownReq,156837
UpdateRouteReq,80215
QueryRouteReq,183228
UpdateRouteReq,48508
UpdateRouteReq,41753
PathSetupReq,34928
PathTeardownReq,79962
PathTeardownReq,63851
FindNodeRsp,73091
Error,41390
UpdateRouteReq,121325
UpdateRouteReq,91339
UpdateRouteReq,63302
Error,97645
PathSetupReq,46326
UpdateRouteReq,48117
UpdateRouteReq,51263
PathSetupReq,34268
PathTeardownReq,35112
UpdateRouteReq,42184
Error,91949
PathTeardownReq,37495
FindNodeReq,120725
UpdateRouteReq,71784
UpdateRouteReq,61642
PathSetupReq,59228
FindNodeReq,126124
Error,119158
Error,165609
UpdateRouteReq,75901
PathSetupReq,73714
UpdateRouteReq,44245
UpdateRouteReq,73511
Error,137277
Error,53455
UpdateRouteReq,71671
Error,134316
FindNodeReq,104502
Error,168569
PathTeardownReq,63759
UpdateRouteReq,50441
PathSetupReq,37223
UpdateRouteReq,42527
Error,104607
UpdateRouteReq,48578
FindNodeReq,166188
Error,179532
UpdateRouteReq,52561
PathTeardownReq,62355
UpdateRouteReq,74250
PathTeardownReq,41228
QueryRouteReq,129622
FindNodeRsp,78502
FindNodeReq,153848
UpdateRouteReq,97787
PathSetupReq,87187
UpdateRouteReq,89084
PathSetupReq,79660
FindNodeReq,160457
FindNodeReq,149673
UpdateRouteReq,90418
PathTeardownReq,62394
PathTeardownReq,63691
PathTeardownReq,67923
QueryRouteReq,103939
UpdateRouteReq,172837
UpdateRouteReq,128566
UpdateRouteReq,53834
PathSetupReq,34752
PathTeardownReq,143284
UpdateRouteReq,172849
PathTeardownReq,82037
Error,413371
UpdateRouteReq,419747
Error,410443
UpdateRouteReq,168411
UpdateRouteReq,200463
Error,211131
Error,210613
Error,36251
Error,34787
Error,232527
Error,230893
Error,175628
Error,143637
UpdateRouteReq,179380
Error,59043
FindNodeRsp,89282
Error,92538
Error,92058
QueryRouteReq,138102
QueryRouteReq,140747
PathSetupReq,40691
UpdateRouteReq,50427
Error,42535
PathSetupReq,35659
UpdateRouteReq,46605
Error,37677
UpdateRouteReq,84616
Error,83998
Error,79535
Error,129601
Error,146909
UpdateRouteReq,166989
Error,227099
Error,230738
Error,271092
Error,243149
UpdateRouteReq,294441
Error,303215
Error,301857
Error,239902
Error,261942
Error,146909
Error,145689
Error,34337
Error,33659
Error,63846
Error,128727
Error,226229
Error,298840
Error,342750
UpdateRouteReq,240410
FindNodeRsp,275334
Error,322073
FindNodeRsp,330789
Error,196488
Error,220416
Error,106560
Error,202682
Error,172189
Error,214628
Error,119947
Error,162815
Error,164634
Error,164117
Error,886406
UpdateRouteReq,182645
UpdateRouteReq,232690
UpdateRouteReq,263309
UpdateRouteReq,309298
Error,89542
Error,34405
Error,32497
FindNodeReq,86230
UpdateRouteReq,94505
UpdateRouteReq,86023
Error,92060
Error,91636
Error,285453
Error,294828
UpdateRouteReq,70460
UpdateRouteReq,107282
Error,166484
Error,216599
Error,243696
UpdateRouteReq,273809
Error,87499
FindNodeRsp,64048
UpdateRouteReq,132617
UpdateRouteReq,130285
Error,93236
Error,92797
Error,59991
Error,58312
Error,265858
UpdateRouteReq,294935
UpdateRouteReq,324560
Error,325515
UpdateRouteReq,375928
Error,397933
Error,71879
Error,117325
FindNodeReq,194940
UpdateRouteReq,63493
Error,99474
Error,99140
Error,120539
Error,159897
UpdateRouteReq,170476
PathTeardownReq,76922
PathSetupReq,48917
PathTeardownReq,47175
Error,142536
Error,205669
Error,268322
UpdateRouteReq,158404
UpdateRouteReq,159716
Error,207497
PathSetupReq,211168
UpdateRouteReq,218720
FindNodeRsp,225723
Error,241706
UpdateRouteReq,257159
Error,262490
UpdateRouteReq,290512
UpdateRouteReq,333493
Error,348509
Error,306861
Error,357468
UpdateRouteReq,392137
Error,392343
Error,390024
Error,181278
Error,181760
FindNodeReq,232630
Error,232139
Error,200520
Error,198186
UpdateRouteReq,238223
UpdateRouteReq,288293
Error,309679
Error,308937
UpdateRouteReq,50249
Error,144769
Error,81298
PathTeardownReq,73974
Error,118606
UpdateRouteReq,124159
PathSetupReq,60087
UpdateRouteReq,61959
Error,77141
UpdateRouteReq,65590
Error,96438
Error,136726
FindNodeReq,94454
Error,103291
Error,141243
Error,52993
Error,67402
Error,66593
Error,37890
Error,62165
UpdateRouteReq,234546
Error,232549
Error,235515
Error,235674
UpdateRouteReq,348496
UpdateRouteReq,382402
Error,382466
UpdateRouteReq,64236
Error,78150
UpdateRouteReq,126134
Error,129146
UpdateRouteReq,137441
UpdateRouteReq,187122
UpdateRouteReq,219719
Error,283609
UpdateRouteReq,313440
UpdateRouteReq,162596
Error,93706
UpdateRouteReq,124579
Error,100766
UpdateRouteReq,108694
UpdateRouteReq,188664
UpdateRouteReq,234444
Error,255000
UpdateRouteReq,180087
UpdateRouteReq,47607
UpdateRouteReq,43692
Error,88708
FindNodeReq,87450
UpdateRouteReq,42950
UpdateRouteReq,127286
Error,173564
Error,77266
Error,85599
Error,49773
Error,140231
UpdateRouteReq,224509
Error,245298
UpdateRouteReq,109453
Error,147089
Error,77814
Error,81171
UpdateRouteReq,192114
Error,305821
Error,61122
Error,152609
UpdateRouteReq,184068
UpdateRouteReq,230784
UpdateRouteReq,66314
UpdateRouteReq,64534
UpdateRouteReq,67178
Error,83554
FindNodeReq,82155
PathTeardownReq,43052
UpdateRouteReq,66350
PathTeardownReq,37384
PathSetupReq,64562
PathTeardownReq,97392
Error,97342
UpdateRouteReq,102227
UpdateRouteReq,49019
UpdateRouteReq,161981
FindNodeRsp,189524
UpdateRouteReq,194875
PathSetupReq,227152
PathTeardownReq,33792
Error,81818
Error,78943
UpdateRouteReq,44755
PathSetupReq,36311
UpdateRouteReq,41643
UpdateRouteReq,40247
PathSetupReq,49259
UpdateRouteReq,53895
Error,49222
FindNodeReq,103974
UpdateRouteReq,44165
PathTeardownReq,34344
UpdateRouteReq,47392
UpdateRouteReq,274849
UpdateRouteReq,608187
UpdateRouteReq,663315
UpdateRouteReq,749717
QueryRouteReq,844213
UpdateRouteReq,891213
UpdateRouteReq,1021158
PathSetupReq,37671
PathTeardownReq,35454
UpdateRouteReq,79699
UpdateRouteReq,70710
PathSetupReq,40023
PathTeardownReq,36523
QueryRouteReq,83387
UpdateRouteReq,42819
UpdateRouteReq,39545
UpdateRouteReq,39595
FindNodeReq,84729
UpdateRouteReq,77691
PathSetupReq,36219
FindNodeReq,89290
UpdateRouteReq,46589
PathSetupReq,48789
FindNodeRsp,104387
FindNodeRsp,115081
Error,40019
UpdateRouteReq,116917
UpdateRouteReq,70839
Error,93157
UpdateRouteReq,53887
UpdateRouteReq,48459
Error,107918
UpdateRouteReq,45739
Error,88010
Error,88071
UpdateRouteReq,56595
Error,54144
UpdateRouteReq,91236
Error,125434
PathTeardownReq,60511
UpdateRouteReq,43636
PathTeardownReq,36552
UpdateRouteReq,47606
UpdateRouteReq,47453
FindNodeReq,90934
UpdateRouteReq,55783
PathSetupReq,37567
UpdateRouteReq,48047
UpdateRouteReq,44915
UpdateRouteReq,48822
PathSetupReq,37564
UpdateRouteReq,43925
Error,90422
UpdateRouteReq,65428
Error,75811
UpdateRouteReq,196100
Error,152149
UpdateRouteReq,54483
Error,153412
UpdateRouteReq,73473
Error,190141
Error,235491
UpdateRouteReq,243535
PathTeardownReq,275540
UpdateRouteReq,281725
Error,212299
Error,248227
PathSetupReq,285166
UpdateRouteReq,294390
Error,308593
FindNodeReq,355364
UpdateRouteReq,364148
Error,75586
Error,72002
UpdateRouteReq,78348
UpdateRouteReq,92830
UpdateRouteReq,95136
UpdateRouteReq,65398
UpdateRouteReq,72215
UpdateRouteReq,163829
Error,216284
UpdateRouteReq,259244
UpdateRouteReq,320878
PathTeardownReq,325831
PathSetupReq,328757
PathTeardownReq,328928
UpdateRouteReq,335447
PathSetupReq,337241
UpdateRouteReq,47789
UpdateRouteReq,59973
Error,112512
UpdateRouteReq,156189
Error,134409
FindNodeRsp,140118
UpdateRouteReq,80542
FindNodeRsp,139898
UpdateRouteReq,204787
PathTeardownReq,62851
UpdateRouteReq,52997
UpdateRouteReq,67598
UpdateRouteReq,47431
UpdateRouteReq,52959
UpdateRouteReq,88574
Error,37743
Error,90824
Error,72315
PathSetupReq,99599
UpdateRouteReq,118729
UpdateRouteReq,173665
FindNodeReq,342196
PathTeardownReq,345678
UpdateRouteReq,390118
UpdateRouteReq,401019
UpdateRouteReq,434997
UpdateRouteReq,126473
PathTeardownReq,101838
UpdateRouteReq,133040
PathSetupReq,135211
UpdateRouteReq,44861
UpdateRouteReq,51923
UpdateRouteReq,159356
UpdateRouteReq,58560
UpdateRouteReq,106732
PathSetupReq,105410
UpdateRouteReq,164436
UpdateRouteReq,120282
PathTeardownReq,122154
UpdateRouteReq,50359
UpdateRouteReq,62222
PathSetupReq,61549
UpdateRouteReq,45097
PathTeardownReq,37451
PathSetupReq,52459
PathTeardownReq,53543
Error,32894
UpdateRouteReq,102274
UpdateRouteReq,70346
PathTeardownReq,59611
FindNodeReq,119053
FindNodeReq,127486
UpdateRouteReq,189862
UpdateRouteReq,147429
UpdateRouteReq,200218
UpdateRouteReq,41749
UpdateRouteReq,51208
PathSetupReq,40335
UpdateRouteReq,123397
UpdateRouteReq,147669
PathSetupReq,145511
UpdateRouteReq,154291
UpdateRouteReq,195984
UpdateRouteReq,62635
UpdateRouteReq,43503
UpdateRouteReq,93680
UpdateRouteReq,84902
UpdateRouteReq,94247
UpdateRouteReq,125533
UpdateRouteReq,142844
UpdateRouteReq,72889
UpdateRouteReq,64109
PathTeardownReq,51777
UpdateRouteReq,134678
PathSetupReq,132622
Error,221675
Error,183476
UpdateRouteReq,89258
UpdateRouteReq,139211
UpdateRouteReq,194292
Error,81903
UpdateRouteReq,145413
UpdateRouteReq,218612
PathTeardownReq,156669
UpdateRouteReq,159768
UpdateRouteReq,200439
PathSetupReq,228184
PathTeardownReq,231699
UpdateRouteReq,184624
PathSetupReq,186276
UpdateRouteReq,194524
UpdateRouteReq,166006
UpdateRouteReq,93058
FindNodeReq,203972
UpdateRouteReq,211171
PathTeardownReq,71526
UpdateRouteReq,156955
UpdateRouteReq,173816
Error,226434
UpdateRouteReq,205910
UpdateRouteReq,214911
PathSetupReq,325428
Error,257665
UpdateRouteReq,292917
Error,369412
Error,377818
Error,415209
UpdateRouteReq,537572
UpdateRouteReq,567652
UpdateRouteReq,605411
UpdateRouteReq,637686
UpdateRouteReq,695736
UpdateRouteReq,523281
Error,571008
UpdateRouteReq,582267
UpdateRouteReq,617753
Error,659016
UpdateRouteReq,666109
UpdateRouteReq,696403
Error,764046
UpdateRouteReq,800795
UpdateRouteReq,851169
PathTeardownReq,879115
PathSetupReq,904647
PathTeardownReq,908515
FindNodeReq,962487
Error,897305
Error,899700
UpdateRouteReq,932724
FindNodeReq,1005189
PathSetupReq,1008862
FindNodeReq,1054310
UpdateRouteReq,1063655
UpdateRouteReq,1071199
FindNodeReq,1116811
PathTeardownReq,1172494
Error,1376601
Error,1446281
UpdateRouteReq,1462295
UpdateRouteReq,1434194
UpdateRouteReq,1442897
UpdateRouteReq,1451695
FindNodeReq,1497653
UpdateRouteReq,521759
UpdateRouteReq,555763
UpdateRouteReq,585844
Error,863526
UpdateRouteReq,865923
PathSetupReq,903000
UpdateRouteReq,957857
UpdateRouteReq,965277
PathTeardownReq,992345
PathSetupReq,1017353
PathTeardownReq,1149471
UpdateRouteReq,1179601
Error,1182030
Error,1183438
Error,1184985
FindNodeReq,1266676
UpdateRouteReq,1350413
UpdateRouteReq,1389879
UpdateRouteReq,1450271
UpdateRouteReq,1494201
Error,1494296
UpdateRouteReq,1525083
UpdateRouteReq,1605220
UpdateRouteReq,1632675
PathTeardownReq,1016690
FindNodeReq,1102515
UpdateRouteReq,1108401
UpdateRouteReq,1116086
FindNodeReq,1373345
UpdateRouteReq,1379350
Error,1383596
PathSetupReq,1386676
UpdateRouteReq,1415569
UpdateRouteReq,1461959
PathTeardownReq,1485747
PathSetupReq,1509150
PathTeardownReq,1532010
UpdateRouteReq,1618435
UpdateRouteReq,1686645
UpdateRouteReq,1734343
UpdateRouteReq,1762948
FindNodeReq,1810851
FindNodeReq,1919215
UpdateRouteReq,1925084
PathSetupReq,1948547
UpdateRouteReq,1976890
UpdateRouteReq,1985173
UpdateRouteReq,690745
UpdateRouteReq,765819
UpdateRouteReq,819420
PathTeardownReq,809317
UpdateRouteReq,839989
UpdateRouteReq,918275
UpdateRouteReq,967634
UpdateRouteReq,1017570
UpdateRouteReq,1047130
UpdateRouteReq,1091974
UpdateRouteReq,1142182
UpdateRouteReq,1202547
UpdateRouteReq,1207618
UpdateRouteReq,1194875
PathSetupReq,1196782
UpdateRouteReq,1202006
PathTeardownReq,1204139
UpdateRouteReq,531414
UpdateRouteReq,561930
UpdateRouteReq,586481
UpdateRouteReq,612055
PathSetupReq,657304
PathTeardownReq,660121
UpdateRouteReq,664925
PathSetupReq,666310
UpdateRouteReq,673451
UpdateRouteReq,700071
UpdateRouteReq,730366
PathSetupReq,769751
UpdateRouteReq,799861
UpdateRouteReq,824849
UpdateRouteReq,848900
UpdateRouteReq,874855
UpdateRouteReq,918055
UpdateRouteReq,614327
UpdateRouteReq,651458
PathTeardownReq,676650
PathSetupReq,700066
UpdateRouteReq,762529
UpdateRouteReq,827862
PathTeardownReq,831780
PathSetupReq,834729
UpdateRouteReq,894042
UpdateRouteReq,914711
UpdateRouteReq,952283
PathTeardownReq,956287
UpdateRouteReq,960790
PathSetupReq,333913
UpdateRouteReq,340497
Error,413113
Error,445440
UpdateRouteReq,453474
UpdateRouteReq,460186
UpdateRouteReq,550438
UpdateRouteReq,592380
UpdateRouteReq,477897
UpdateRouteReq,519453
FindNodeRsp,549355
FindNodeRsp,551634
UpdateRouteReq,597084
PathTeardownReq,600254
PathSetupReq,636415
UpdateRouteReq,644186
UpdateRouteReq,668554
PathTeardownReq,670896
UpdateRouteReq,677416
UpdateRouteReq,736496
UpdateRouteReq,781395
UpdateRouteReq,803367
UpdateRouteReq,843773
Error,861533
PathTeardownReq,202349
PathSetupReq,242963
Error,262014
PathSetupReq,326939
PathTeardownReq,157000
UpdateRouteReq,183933
UpdateRouteReq,190388
UpdateRouteReq,210600
PathSetupReq,212304
UpdateRouteReq,236367
Error,210862
UpdateRouteReq,234010
UpdateRouteReq,260677
PathSetupReq,296869
UpdateRouteReq,322013
UpdateRouteReq,360002
UpdateRouteReq,187788
PathTeardownReq,242193
FindNodeReq,199775
UpdateRouteReq,242542
UpdateRouteReq,261925
UpdateRouteReq,294899
UpdateRouteReq,327392
UpdateRouteReq,167151
UpdateRouteReq,206470
UpdateRouteReq,211624
Error,212924
UpdateRouteReq,215915
PathSetupReq,124840
UpdateRouteReq,157549
UpdateRouteReq,105492
UpdateRouteReq,113255
UpdateRouteReq,147789
Error,154596
UpdateRouteReq,55364
Error,100846
UpdateRouteReq,132203
UpdateRouteReq,126494
Error,187446
Error,285219
FindNodeReq,329240
UpdateRouteReq,336676
UpdateRouteReq,377044
UpdateRouteReq,415462
PathTeardownReq,418683
PathSetupReq,437221
PathTeardownReq,495948
Error,526161
Error,201547
Error,209083
UpdateRouteReq,260972
UpdateRouteReq,295848
UpdateRouteReq,316112
UpdateRouteReq,177899
Error,205698
Error,246082
Error,230823
PathTeardownReq,232209
Error,288579
FindNodeReq,317401
UpdateRouteReq,322448
Error,352805
UpdateRouteReq,373939
Error,425487
PathSetupReq,249437
Error,277929
Error,294016
Error,326555
Error,371021
FindNodeReq,424682
UpdateRouteReq,443571
UpdateRouteReq,449423
UpdateRouteReq,488094
PathSetupReq,490358
PathTeardownReq,524621
FindNodeReq,552493
UpdateRouteReq,558695
PathTeardownReq,151138
Error,179670
Error,221690
Error,247613
PathSetupReq,265677
PathTeardownReq,256036
Error,316051
Error,224884
UpdateRouteReq,216596
PathSetupReq,218305
UpdateRouteReq,223345
UpdateRouteReq,245577
Error,298845
UpdateRouteReq,305874
Error,358927
Error,397369
Error,273696
UpdateRouteReq,324856
Error,350045
UpdateRouteReq,371467
PathSetupReq,420108
Error,463018
UpdateRouteReq,487208
UpdateRouteReq,424195
UpdateRouteReq,444375
UpdateRouteReq,464978
UpdateRouteReq,483236
Error,540879
UpdateRouteReq,544793
PathTeardownReq,563013
PathSetupReq,579758
Error,641420
PathTeardownReq,677684
Error,716390
Error,759752
UpdateRouteReq,751141
Error,805270
UpdateRouteReq,363773
PathTeardownReq,363742
UpdateRouteReq,368670
PathSetupReq,393916
UpdateRouteReq,400134
UpdateRouteReq,405259
Error,434734
Error,485935
UpdateRouteReq,489614
Error,525801
FindNodeRsp,567813
UpdateRouteReq,569286
UpdateRouteReq,629749
FindNodeRsp,633147
UpdateRouteReq,249414
UpdateRouteReq,286035
Error,317531
Error,375661
Error,364376
Error,365800
UpdateRouteReq,371317
UpdateRouteReq,373722
PathSetupReq,375587
UpdateRouteReq,183673
UpdateRouteReq,171933
UpdateRouteReq,201415
Error,242416
UpdateRouteReq,277496
Error,294971
PathTeardownReq,297453
Error,157822
UpdateRouteReq,204003
Error,278634
UpdateRouteReq,168379
UpdateRouteReq,67616
Error,101259
UpdateRouteReq,390486
Error,434230
UpdateRouteReq,438867
PathSetupReq,440560
UpdateRouteReq,445233
UpdateRouteReq,450294
UpdateRouteReq,454310
PathTeardownReq,444817
PathSetupReq,435391
UpdateRouteReq,441609
PathTeardownReq,444016
UpdateRouteReq,484293
UpdateRouteReq,164554
UpdateRouteReq,189149
UpdateRouteReq,209323
Error,260015
UpdateRouteReq,279134
UpdateRouteReq,312965
Error,50695
Error,175468
PathTeardownReq,168202
Error,170050
Error,171397
UpdateRouteReq,222263
Error,317945
UpdateRouteReq,354800
PathSetupReq,372507
UpdateRouteReq,377516
UpdateRouteReq,399246
Error,440343
UpdateRouteReq,463857
UpdateRouteReq,466830
PathSetupReq,468944
UpdateRouteReq,472665
UpdateRouteReq,492561
Error,161003
FindNodeRsp,210068
PathTeardownReq,135525
PathSetupReq,151536
Error,154543
PathTeardownReq,145031
Error,188239
Error,206211
PathTeardownReq,206605
UpdateRouteReq,200317
UpdateRouteReq,204920
UpdateRouteReq,207251
PathSetupReq,208380
Error,243000
UpdateRouteReq,263535
UpdateRouteReq,294813
PathSetupReq,312269
UpdateRouteReq,317658
UpdateRouteReq,152051
UpdateRouteReq,164635
UpdateRouteReq,185145
Error,225654
UpdateRouteReq,229890
Error,63097
UpdateRouteReq,76643
Error,89135
UpdateRouteReq,108860
UpdateRouteReq,123910
PathTeardownReq,123327
PathSetupReq,142364
PathTeardownReq,144264
Error,155807
UpdateRouteReq,176943
Error,207667
PathTeardownReq,95346
Error,131194
Error,149515
UpdateRouteReq,154033
UpdateRouteReq,168401
Error,201720
UpdateRouteReq,49974
PathSetupReq,48709
UpdateRouteReq,53678
UpdateRouteReq,26580
UpdateRouteReq,28445
PathSetupReq,22443
UpdateRouteReq,40421
UpdateRouteReq,57282
PathTeardownReq,75630
UpdateRouteReq,84743
PathSetupReq,122040
UpdateRouteReq,126201
PathTeardownReq,237509
PathSetupReq,256089
UpdateRouteReq,375809
UpdateRouteReq,337920
Error,375514
Error,376940
UpdateRouteReq,397122
PathTeardownReq,428280
PathSetupReq,430187
PathTeardownReq,446400
FindNodeReq,476222
UpdateRouteReq,510200
UpdateRouteReq,527339
PathSetupReq,542718
UpdateRouteReq,546059
UpdateRouteReq,548877
PathTeardownReq,566258
UpdateRouteReq,182941
FindNodeRsp,231294
UpdateRouteReq,235588
Error,135130
Error,138089
UpdateRouteReq,189261
UpdateRouteReq,208948
Error,253592
UpdateRouteReq,257195
PathSetupReq,277546
UpdateRouteReq,297177
UpdateRouteReq,330598
UpdateRouteReq,362577
UpdateRouteReq,395920
PathTeardownReq,98490
PathSetupReq,99822
PathTeardownReq,120072
UpdateRouteReq,142948
UpdateRouteReq,62184
UpdateRouteReq,83343
UpdateRouteReq,155448
PathSetupReq,154755
UpdateRouteReq,161129
UpdateRouteReq,164510
UpdateRouteReq,186388
PathTeardownReq,179013
PathSetupReq,180906
PathTeardownReq,175321
UpdateRouteReq,199706
Error,235595
UpdateRouteReq,253810
PathSetupReq,255548
UpdateRouteReq,259516
UpdateRouteReq,269299
UpdateRouteReq,322924
UpdateRouteReq,342899
UpdateRouteReq,364592
Error,163852
PathTeardownReq,167458
PathSetupReq,185895
PathTeardownReq,238552
UpdateRouteReq,301370
PathTeardownReq,303710
PathSetupReq,305411
PathTeardownReq,307037
UpdateRouteReq,132896
UpdateRouteReq,154437
UpdateRouteReq,185869
UpdateRouteReq,217315
PathSetupReq,61726
UpdateRouteReq,64027
UpdateRouteReq,68192
UpdateRouteReq,70260
Error,108763
PathSetupReq,42712
UpdateRouteReq,44105
UpdateRouteReq,48528
UpdateRouteReq,49811
UpdateRouteReq,67043
Error,105156
Error,89352
Error,328395
UpdateRouteReq,364532
PathTeardownReq,382873
Error,430696
PathSetupReq,140677
PathTeardownReq,145352
Error,170721
Error,214655
Error,95660
Error,127411
Error,167050
UpdateRouteReq,239063
UpdateRouteReq,239655
Error,279597
Error,302240
UpdateRouteReq,306623
PathSetupReq,334453
Error,364940
UpdateRouteReq,368258
UpdateRouteReq,400797
UpdateRouteReq,420388
UpdateRouteReq,439951
UpdateRouteReq,478908
UpdateRouteReq,155052
Error,194780
UpdateRouteReq,198618
Error,209681
UpdateRouteReq,249388
Error,70392
Error,54610
Error,90747
UpdateRouteReq,111438
UpdateRouteReq,65998
UpdateRouteReq,253111
PathTeardownReq,254953
PathSetupReq,269529
PathTeardownReq,271039
UpdateRouteReq,303258
UpdateRouteReq,100255
Error,119222
FindNodeReq,142026
UpdateRouteReq,144552
PathSetupReq,151539
UpdateRouteReq,153637
Error,60195
UpdateRouteReq,86172
PathTeardownReq,93254
UpdateRouteReq,111989
PathSetupReq,112291
PathTeardownReq,126555
UpdateRouteReq,129877
UpdateRouteReq,31646
Error,46121
UpdateRouteReq,44737
PathTeardownReq,43899
UpdateRouteReq,117729
PathSetupReq,108751
UpdateRouteReq,111893
UpdateRouteReq,142332
FindNodeReq,165031
UpdateRouteReq,48824
UpdateRouteReq,65335
PathSetupReq,66780
UpdateRouteReq,23062
UpdateRouteReq,21682
PathSetupReq,18457
PathTeardownReq,16653
UpdateRouteReq,21903
UpdateRouteReq,21454
UpdateRouteReq,20755
UpdateRouteReq,121213
PathSetupReq,122243
Error,57398
Error,80518
UpdateRouteReq,84337
Error,49301
UpdateRouteReq,46677
UpdateRouteReq,21692
UpdateRouteReq,44351
UpdateRouteReq,97491
UpdateRouteReq,114361
PathTeardownReq,115746
Error,117331
UpdateRouteReq,181678
PathSetupReq,180626
UpdateRouteReq,212962
PathTeardownReq,214290
PathSetupReq,215448
PathTeardownReq,208754
Error,211315
FindNodeReq,244799
FindNodeReq,266973
UpdateRouteReq,278133
UpdateRouteReq,281227
UpdateRouteReq,309340
PathSetupReq,322550
UpdateRouteReq,49756
UpdateRouteReq,90651
UpdateRouteReq,121613
UpdateRouteReq,122964
PathTeardownReq,141700
PathSetupReq,158279
PathTeardownReq,158990
Error,190932
UpdateRouteReq,215413
PathSetupReq,216028
UpdateRouteReq,219835
UpdateRouteReq,29566
Error,19345
UpdateRouteReq,20828
Error,19566
PathSetupReq,15525
UpdateRouteReq,20782
UpdateRouteReq,19486
UpdateRouteReq,20679
UpdateRouteReq,33425
UpdateRouteReq,34901
UpdateRouteReq,37367
UpdateRouteReq,49077
Error,98338
PathTeardownReq,116183
UpdateRouteReq,119322
UpdateRouteReq,123268
UpdateRouteReq,126210
UpdateRouteReq,21900
UpdateRouteReq,45431
PathSetupReq,121553
PathTeardownReq,147172
UpdateRouteReq,181571
PathSetupReq,180094
UpdateRouteReq,184338
Error,209786
UpdateRouteReq,252286
UpdateRouteReq,282942
UpdateRouteReq,310658
Error,335211
PathTeardownReq,336983
Error,367965
PathSetupReq,381325
PathTeardownReq,68698
Error,127273
Error,146379
UpdateRouteReq,161462
PathSetupReq,163165
UpdateRouteReq,166226
UpdateRouteReq,184073
PathTeardownReq,198064
UpdateRouteReq,52914
UpdateRouteReq,110940
UpdateRouteReq,182421
UpdateRouteReq,198289
Error,106798
UpdateRouteReq,110401
UpdateRouteReq,169674
Error,215310
UpdateRouteReq,231488
UpdateRouteReq,260561
UpdateRouteReq,278030
UpdateRouteReq,293892
UpdateRouteReq,310830
Error,205526
UpdateRouteReq,236025
PathSetupReq,237413
UpdateRouteReq,240026
PathTeardownReq,242380
PathSetupReq,268452
Error,341840
PathTeardownReq,365930
Error,171349
UpdateRouteReq,176356
UpdateRouteReq,178938
UpdateRouteReq,207287
Error,288440
Error,333565
FindNodeReq,251137
UpdateRouteReq,251843
PathSetupReq,252888
UpdateRouteReq,271098
UpdateRouteReq,273849
UpdateRouteReq,291956
UpdateRouteReq,306296
UpdateRouteReq,323928
UpdateRouteReq,337962
UpdateRouteReq,362399
Error,399713
Error,428883
FindNodeReq,462227
Error,483197
PathTeardownReq,485134
Error,191316
UpdateRouteReq,207598
UpdateRouteReq,208910
PathSetupReq,209600
UpdateRouteReq,233492
UpdateRouteReq,236705
Error,258437
Error,287530
Error,320844
PathTeardownReq,157322
Error,172685
Error,200773
Error,211980
UpdateRouteReq,215473
UpdateRouteReq,232855
UpdateRouteReq,248961
UpdateRouteReq,275835
Error,87956
Error,98670
Error,97933
FindNodeReq,115090
Error,129217
Error,74828
UpdateRouteReq,76583
PathSetupReq,91988
PathSetupReq,93745
PathTeardownReq,89190
Error,138037
UpdateRouteReq,141077
PathSetupReq,141910
UpdateRouteReq,146046
FindNodeRsp,101393
UpdateRouteReq,102953
UpdateRouteReq,122657
UpdateRouteReq,90369
PathTeardownReq,93127
PathSetupReq,94147
PathTeardownReq,118036
UpdateRouteReq,120677
PathSetupReq,122220
UpdateRouteReq,125414
UpdateRouteReq,140166
UpdateRouteReq,155018
UpdateRouteReq,19213
Error,84751
UpdateRouteReq,88467
UpdateRouteReq,105570
Error,118908
UpdateRouteReq,91285
Error,91041
UpdateRouteReq,126981
UpdateRouteReq,153504
PathTeardownReq,155506
PathSetupReq,25310
PathTeardownReq,24373
PathTeardownReq,25275
UpdateRouteReq,26539
PathSetupReq,25825
UpdateRouteReq,19227
UpdateRouteReq,21138
UpdateRouteReq,59484
Error,86325
UpdateRouteReq,90298
UpdateRouteReq,125578
UpdateRouteReq,142813
Error,156399
PathSetupReq,158288
Error,159289
UpdateRouteReq,178289
PathTeardownReq,190735
Error,193680
UpdateRouteReq,196383
PathSetupReq,197567
UpdateRouteReq,59176
PathTeardownReq,58436
PathSetupReq,60449
PathTeardownReq,88420
UpdateRouteReq,19322
PathSetupReq,57745
UpdateRouteReq,59029
UpdateRouteReq,71589
UpdateRouteReq,20557
UpdateRouteReq,29175
FindNodeReq,56740
UpdateRouteReq,22096
UpdateRouteReq,21460
PathTeardownReq,84471
PathSetupReq,114185
UpdateRouteReq,177121
PathTeardownReq,122438
UpdateRouteReq,117115
UpdateRouteReq,21018
UpdateRouteReq,61769
UpdateRouteReq,21925
UpdateRouteReq,20759
UpdateRouteReq,42097
UpdateRouteReq,20093
UpdateRouteReq,62914
UpdateRouteReq,93398
Error,18449
UpdateRouteReq,53207
UpdateRouteReq,70850
FindNodeReq,91448
UpdateRouteReq,92024
PathTeardownReq,93598
PathSetupReq,94442
UpdateRouteReq,99557
PathTeardownReq,124584
PathSetupReq,152070
PathTeardownReq,177539
UpdateRouteReq,224700
UpdateRouteReq,239260
UpdateRouteReq,88580
Error,70118
PathTeardownReq,17401
FindNodeReq,63123
UpdateRouteReq,40940
PathSetupReq,106980
UpdateRouteReq,109891
UpdateRouteReq,72241
UpdateRouteReq,89151
UpdateRouteReq,105375
UpdateRouteReq,36651
Error,39353
PathTeardownReq,17671
PathSetupReq,38734
PathTeardownReq,40334
UpdateRouteReq,21887
FindNodeReq,41049
FindNodeReq,63363
UpdateRouteReq,55639
PathSetupReq,56645
UpdateRouteReq,20011
UpdateRouteReq,31713
UpdateRouteReq,42233
UpdateRouteReq,92737
UpdateRouteReq,117025
UpdateRouteReq,169984
UpdateRouteReq,184609
UpdateRouteReq,208806
UpdateRouteReq,223239
Error,266765
UpdateRouteReq,281612
UpdateRouteReq,155464
PathTeardownReq,157623
Error,219755
UpdateRouteReq,240026
PathSetupReq,255339
UpdateRouteReq,259973
PathTeardownReq,143677
PathSetupReq,144779
PathTeardownReq,182889
UpdateRouteReq,200771
UpdateRouteReq,138974
PathTeardownReq,154750
UpdateRouteReq,168212
PathSetupReq,169700
UpdateRouteReq,173002
UpdateRouteReq,137325
UpdateRouteReq,137381
Error,171323
PathSetupReq,187462
UpdateRouteReq,191558
UpdateRouteReq,207289
PathTeardownReq,104292
PathSetupReq,105454
Error,89578
PathTeardownReq,89405
Error,117671
UpdateRouteReq,136326
UpdateRouteReq,150145
UpdateRouteReq,110155
UpdateRouteReq,127892
UpdateRouteReq,144737
PathTeardownReq,147769
PathSetupReq,149281
PathTeardownReq,18224
UpdateRouteReq,22855
PathSetupReq,17280
UpdateRouteReq,22277
UpdateRouteReq,29069
UpdateRouteReq,43521
PathTeardownReq,42148
PathSetupReq,60998
PathTeardownReq,146885
UpdateRouteReq,138812
PathSetupReq,139602
UpdateRouteReq,160605
UpdateRouteReq,177219
UpdateRouteReq,203190
PathTeardownReq,204516
UpdateRouteReq,206139
PathSetupReq,206845
UpdateRouteReq,209515
PathTeardownReq,211576
PathSetupReq,212283
PathTeardownReq,130185
FindNodeReq,151672
UpdateRouteReq,161968
UpdateRouteReq,164622
PathSetupReq,176836
UpdateRouteReq,191036
UpdateRouteReq,207228
UpdateRouteReq,44713
PathTeardownReq,43460
PathSetupReq,45090
UpdateRouteReq,40087
UpdateRouteReq,28753
UpdateRouteReq,42860
PathSetupReq,110085
UpdateRouteReq,112992
Error,157414
Error,178289
UpdateRouteReq,83589
UpdateRouteReq,104500
Error,144064
UpdateRouteReq,33069
PathTeardownReq,16701
PathSetupReq,16926
PathTeardownReq,32228
UpdateRouteReq,18002
PathSetupReq,15641
UpdateRouteReq,101030
UpdateRouteReq,119138
UpdateRouteReq,143657
PathTeardownReq,146273
PathSetupReq,118824
PathTeardownReq,144324
PathTeardownReq,146435
UpdateRouteReq,174970
FindNodeReq,204577
UpdateRouteReq,207069
PathSetupReq,208305
FindNodeReq,219675
UpdateRouteReq,41657
UpdateRouteReq,69394
FindNodeReq,120006
PathTeardownReq,133451
UpdateRouteReq,28025
UpdateRouteReq,57930
UpdateRouteReq,89537
PathTeardownReq,131265
UpdateRouteReq,149088
Error,83983
Error,48517
UpdateRouteReq,50134
Error,37011
UpdateRouteReq,20581
PathSetupReq,17069
UpdateRouteReq,19689
UpdateRouteReq,33284
UpdateRouteReq,39054
PathTeardownReq,17025
UpdateRouteReq,43152
PathSetupReq,41784
UpdateRouteReq,44328
UpdateRouteReq,43598
PathTeardownReq,42573
PathSetupReq,55705
PathTeardownReq,57771
UpdateRouteReq,49209
UpdateRouteReq,54936
UpdateRouteReq,73142
UpdateRouteReq,110128
PathSetupReq,122330
UpdateRouteReq,125853
Error,174804
UpdateRouteReq,190993
Error,119778
FindNodeReq,169941
Error,191843
FindNodeReq,209807
UpdateRouteReq,120421
UpdateRouteReq,134962
Error,144839
UpdateRouteReq,148323
PathSetupReq,149223
PathTeardownReq,150549
PathTeardownReq,151876
UpdateRouteReq,192763
UpdateRouteReq,21974
UpdateRouteReq,64124
PathSetupReq,53825
UpdateRouteReq,72864
UpdateRouteReq,75711
UpdateRouteReq,114570
Error,67360
UpdateRouteReq,20013
UpdateRouteReq,23394
PathSetupReq,72935
Error,121223
UpdateRouteReq,79558
Error,113928
UpdateRouteReq,128577
UpdateRouteReq,103359
PathTeardownReq,97226
PathSetupReq,98922
PathTeardownReq,99919
FindNodeRsp,105747
UpdateRouteReq,184493
UpdateRouteReq,49910
PathTeardownReq,26986
PathSetupReq,26744
PathTeardownReq,31776
Error,76724
UpdateRouteReq,79077
PathSetupReq,79743
UpdateRouteReq,92648
UpdateRouteReq,119541
FindNodeReq,47683
UpdateRouteReq,59214
UpdateRouteReq,60486
UpdateRouteReq,63199
UpdateRouteReq,79356
PathSetupReq,82864
Error,103552
Error,125887
PathSetupReq,138803
PathTeardownReq,47610
UpdateRouteReq,30579
PathSetupReq,104553
UpdateRouteReq,125085
Error,147082
Error,199072
UpdateRouteReq,202196
PathSetupReq,213772
UpdateRouteReq,217681
Error,101583
Error,134828
UpdateRouteReq,138762
Error,158268
UpdateRouteReq,174010
Error,118250
UpdateRouteReq,134042
Error,170710
Error,101261
UpdateRouteReq,129219
Error,155749
Error,67268
Error,68420
Error,99917
Error,124424
PathTeardownReq,40129
PathSetupReq,39175
Error,54118
Error,63663
PathTeardownReq,65924
Error,47409
UpdateRouteReq,47818
PathSetupReq,48362
UpdateRouteReq,49892
Error,79417
UpdateRouteReq,66907
Error,82163
UpdateRouteReq,83934
UpdateRouteReq,111733
UpdateRouteReq,51310
UpdateRouteReq,63774
Error,77574
PathTeardownReq,78906
UpdateRouteReq,17975
PathTeardownReq,38720
PathSetupReq,54120
PathTeardownReq,53279
UpdateRouteReq,39962
PathSetupReq,40680
UpdateRouteReq,20853
UpdateRouteReq,18241
UpdateRouteReq,18841
Error,48170
UpdateRouteReq,50494
UpdateRouteReq,142655
PathTeardownReq,142410
PathSetupReq,143934
PathTeardownReq,173155
UpdateRouteReq,186390
PathTeardownReq,211108
PathSetupReq,211456
Error,223427
PathTeardownReq,224489
UpdateRouteReq,69118
PathSetupReq,69660
UpdateRouteReq,72950
UpdateRouteReq,21473
UpdateRouteReq,19647
PathSetupReq,26934
UpdateRouteReq,27741
UpdateRouteReq,44559
UpdateRouteReq,49539
PathTeardownReq,51273
PathSetupReq,52573
PathTeardownReq,53584
UpdateRouteReq,49065
UpdateRouteReq,115455
FindNodeReq,160419
UpdateRouteReq,200088
UpdateRouteReq,202906
PathTeardownReq,204157
Error,217036
PathSetupReq,217719
PathTeardownReq,218844
UpdateRouteReq,230732
PathSetupReq,37444
UpdateRouteReq,38540
Error,75016
UpdateRouteReq,61839
Error,31930
UpdateRouteReq,21081
Error,42154
UpdateRouteReq,17829
FindNodeRsp,25843
Error,89620
UpdateRouteReq,90966
UpdateRouteReq,107488
UpdateRouteReq,133354
PathTeardownReq,134812
Error,148393
PathTeardownReq,42835
UpdateRouteReq,32283
PathSetupReq,30885
UpdateRouteReq,34185
UpdateRouteReq,17880
PathSetupReq,21488
UpdateRouteReq,21343
PathTeardownReq,13274
PathSetupReq,18861
PathTeardownReq,18267
UpdateRouteReq,17805
FindNodeReq,36002
UpdateRouteReq,18251
UpdateRouteReq,87243
PathTeardownReq,88771
PathSetupReq,89761
Error,47170
PathTeardownReq,48457
UpdateRouteReq,17477
PathSetupReq,13368
UpdateRouteReq,24137
UpdateRouteReq,24937
UpdateRouteReq,56499
UpdateRouteReq,48460
UpdateRouteReq,119601
UpdateRouteReq,134473
UpdateRouteReq,168679
UpdateRouteReq,179535
UpdateRouteReq,211711
PathTeardownReq,65508
PathSetupReq,65311
PathTeardownReq,97891
Error,110398
PathTeardownReq,111755
UpdateRouteReq,110708
PathSetupReq,111408
UpdateRouteReq,106693
UpdateRouteReq,121396
PathTeardownReq,133971
UpdateRouteReq,74333
PathSetupReq,73071
UpdateRouteReq,67117
UpdateRouteReq,68589
PathSetupReq,68940
UpdateRouteReq,37826
UpdateRouteReq,27006
UpdateRouteReq,28898
UpdateRouteReq,20524
UpdateRouteReq,29252
PathTeardownReq,77753
UpdateRouteReq,88852
PathSetupReq,89286
UpdateRouteReq,48639
Error,39357
UpdateRouteReq,44570
Error,35625
Error,35941
Error,36417
FindNodeRsp,47107
UpdateRouteReq,33659
UpdateRouteReq,46674
UpdateRouteReq,21380
FindNodeRsp,24889
UpdateRouteReq,19464
UpdateRouteReq,58131
PathTeardownReq,95311
PathSetupReq,106614
PathTeardownReq,110551
UpdateRouteReq,125647
UpdateRouteReq,145765
UpdateRouteReq,94451
PathSetupReq,117085
UpdateRouteReq,119784
UpdateRouteReq,137810
UpdateRouteReq,161204
UpdateRouteReq,175911
UpdateRouteReq,197044
UpdateRouteReq,234363
UpdateRouteReq,258562
PathTeardownReq,297062
UpdateRouteReq,304141
UpdateRouteReq,316442
PathSetupReq,332105
UpdateRouteReq,62775
UpdateRouteReq,76716
UpdateRouteReq,19048
PathTeardownReq,15140
PathSetupReq,14387
PathTeardownReq,69348
UpdateRouteReq,84720
PathTeardownReq,110152
PathTeardownReq,122175
UpdateRouteReq,25817
PathSetupReq,23666
UpdateRouteReq,16968
UpdateRouteReq,19354
PathSetupReq,17232
UpdateRouteReq,19688
UpdateRouteReq,18101
UpdateRouteReq,59029
PathTeardownReq,16233
PathSetupReq,83566
PathTeardownReq,84685
FindNodeReq,84666
UpdateRouteReq,87403
UpdateRouteReq,25104
FindNodeReq,97469
UpdateRouteReq,32425
PathSetupReq,42826
UpdateRouteReq,116508
UpdateRouteReq,143832
UpdateRouteReq,175033
PathTeardownReq,169522
PathSetupReq,170753
PathTeardownReq,57146
UpdateRouteReq,67040
PathSetupReq,68094
UpdateRouteReq,70750
UpdateRouteReq,35875
UpdateRouteReq,51259
UpdateRouteReq,18471
UpdateRouteReq,35352
PathTeardownReq,88160
Error,131394
FindNodeReq,151277
UpdateRouteReq,166226
PathSetupReq,175771
UpdateRouteReq,89869
UpdateRouteReq,21852
UpdateRouteReq,51878
PathTeardownReq,16847
PathSetupReq,16811
UpdateRouteReq,36521
Error,40562
PathTeardownReq,14411
UpdateRouteReq,55216
UpdateRouteReq,107135
UpdateRouteReq,132852
PathSetupReq,175813
UpdateRouteReq,171488
UpdateRouteReq,74271
UpdateRouteReq,127890
PathTeardownReq,139989
UpdateRouteReq,46786
PathSetupReq,61841
PathTeardownReq,33283
UpdateRouteReq,47566
UpdateRouteReq,27985
PathTeardownReq,32051
FindNodeReq,91418
UpdateRouteReq,94882
UpdateRouteReq,73768
PathSetupReq,96068
UpdateRouteReq,47898
PathSetupReq,48326
UpdateRouteReq,51287
UpdateRouteReq,37262
PathTeardownReq,18220
PathSetupReq,15378
PathTeardownReq,13976
UpdateRouteReq,17436
Error,47951
UpdateRouteReq,19195
UpdateRouteReq,16463
UpdateRouteReq,18308
UpdateRouteReq,18142
PathSetupReq,49863
UpdateRouteReq,48893
UpdateRouteReq,60638
UpdateRouteReq,78482
Error,42819
PathTeardownReq,13872
UpdateRouteReq,148574
PathSetupReq,168814
UpdateRouteReq,171623
UpdateRouteReq,194723
UpdateRouteReq,228427
UpdateRouteReq,242135
Error,270742
UpdateRouteReq,274159
PathTeardownReq,229276
UpdateRouteReq,221822
PathTeardownReq,239579
Error,260654
PathSetupReq,261842
PathTeardownReq,263020
UpdateRouteReq,265033
PathSetupReq,265329
UpdateRouteReq,267914
PathSetupReq,268804
UpdateRouteReq,272089
UpdateRouteReq,274498
UpdateRouteReq,277444
UpdateRouteReq,279708
UpdateRouteReq,293113
PathTeardownReq,306053
PathSetupReq,317142
PathTeardownReq,337999
UpdateRouteReq,362502
Error,60516
Error,77627
UpdateRouteReq,18612
UpdateRouteReq,16900
UpdateRouteReq,35730
UpdateRouteReq,48375
Error,39277
UpdateRouteReq,27456
PathSetupReq,66077
FindNodeRsp,83287
UpdateRouteReq,20625
UpdateRouteReq,17774
Error,68181
Error,61062
Error,71794
UpdateRouteReq,36823
UpdateRouteReq,48698
UpdateRouteReq,24881
PathTeardownReq,66430
PathSetupReq,65461
PathTeardownReq,66326
UpdateRouteReq,82324
Error,100237
PathTeardownReq,78642
Error,123442
UpdateRouteReq,124923
PathSetupReq,125631
Error,51955
Error,44136
Error,31040
Error,44259
Error,50162
UpdateRouteReq,149685
PathSetupReq,150160
UpdateRouteReq,153574
Error,179464
UpdateRouteReq,181646
UpdateRouteReq,193630
FindNodeReq,222309
FindNodeReq,238934
UpdateRouteReq,242499
Error,114134
UpdateRouteReq,46164
Error,59690
UpdateRouteReq,72370
Error,34822
UpdateRouteReq,57662
Error,68761
Error,109058
Error,146230
UpdateRouteReq,149443
Error,186402
UpdateRouteReq,191144
PathTeardownReq,193089
PathSetupReq,193612
PathTeardownReq,215909
Error,233752
Error,65569
Error,81298
Error,72380
Error,87311
Error,103073
Error,72495
Error,94363
Error,111566
UpdateRouteReq,115096
PathSetupReq,125727
UpdateRouteReq,72827
UpdateRouteReq,86784
Error,122660
UpdateRouteReq,124548
Error,136554
Error,53642
UpdateRouteReq,57873
PathTeardownReq,71739
Error,83105
Error,85812
Error,79307
UpdateRouteReq,38632
Error,25407
UpdateRouteReq,33376
PathTeardownReq,68606
PathSetupReq,67459
PathTeardownReq,68481
Error,79620
UpdateRouteReq,84012
UpdateRouteReq,95170
UpdateRouteReq,116553
PathSetupReq,43524
UpdateRouteReq,38656
UpdateRouteReq,59313
UpdateRouteReq,19097
UpdateRouteReq,42792
UpdateRouteReq,115663
PathTeardownReq,117285
PathSetupReq,118156
Error,140928
PathTeardownReq,142570
PathSetupReq,171093
Error,172351
UpdateRouteReq,175707
Error,43742
UpdateRouteReq,120358
UpdateRouteReq,140414
UpdateRouteReq,154149
UpdateRouteReq,57697
FindNodeReq,102845
UpdateRouteReq,106046
PathTeardownReq,107702
PathSetupReq,120016
PathTeardownReq,121185
PathTeardownReq,140978
UpdateRouteReq,72675
UpdateRouteReq,84695
PathSetupReq,39644
UpdateRouteReq,42495
UpdateRouteReq,51781
UpdateRouteReq,65774
PathTeardownReq,47193
PathSetupReq,45880
PathTeardownReq,46884
UpdateRouteReq,48475
PathSetupReq,49665
UpdateRouteReq,53025
UpdateRouteReq,48299
PathTeardownReq,47886
UpdateRouteReq,69408
PathSetupReq,34793
PathTeardownReq,36124
UpdateRouteReq,22865
PathSetupReq,22148
UpdateRouteReq,20150
Error,13422
UpdateRouteReq,18467
UpdateRouteReq,36064
PathTeardownReq,60777
Error,73636
PathSetupReq,74771
UpdateRouteReq,85670
Error,31371
UpdateRouteReq,18115
UpdateRouteReq,20196
UpdateRouteReq,24476
Error,22560
Error,21993
UpdateRouteReq,16677
UpdateRouteReq,19578
UpdateRouteReq,16503
PathSetupReq,68007
PathTeardownReq,69346
Error,75148
Error,76654
Error,77644
UpdateRouteReq,73268
PathSetupReq,72992
Error,73891
UpdateRouteReq,77285
UpdateRouteReq,92796
PathSetupReq,104362
PathTeardownReq,125534
PathTeardownReq,117516
UpdateRouteReq,141737
PathSetupReq,142657
UpdateRouteReq,145835
UpdateRouteReq,177380
PathTeardownReq,188744
FindNodeReq,237884
PathTeardownReq,81023
UpdateRouteReq,14641
PathTeardownReq,33559
Error,18233
UpdateRouteReq,15955
UpdateRouteReq,37118
UpdateRouteReq,37528
UpdateRouteReq,24999
UpdateRouteReq,17105
UpdateRouteReq,17341
UpdateRouteReq,22259
UpdateRouteReq,34265
PathSetupReq,32374
PathTeardownReq,47281
PathSetupReq,53635
PathTeardownReq,53552
PathSetupReq,78784
PathTeardownReq,92373
UpdateRouteReq,48458
PathSetupReq,15201
PathTeardownReq,14126
PathSetupReq,12545
PathTeardownReq,13684
PathSetupReq,12599
PathTeardownReq,13680
UpdateRouteReq,14549
FindNodeReq,55680
Error,45433
PathSetupReq,44946
PathTeardownReq,46034
PathSetupReq,46294
PathTeardownReq,47456
PathSetupReq,53131
PathTeardownReq,54325
PathTeardownReq,24635
PathSetupReq,23570
PathTeardownReq,24500
PathSetupReq,25707
PathTeardownReq,34491
PathSetupReq,19051
PathTeardownReq,18517
UpdateRouteReq,17327
UpdateRouteReq,16835
UpdateRouteReq,19623
UpdateRouteReq,18820
PathSetupReq,15784
UpdateRouteReq,34690
UpdateRouteReq,77625
UpdateRouteReq,100260
UpdateRouteReq,56210
UpdateRouteReq,17238
UpdateRouteReq,17136
Error,71840
UpdateRouteReq,40755
PathTeardownReq,42675
PathSetupReq,12723
PathTeardownReq,12566
FindNodeReq,85571
UpdateRouteReq,104030
UpdateRouteReq,46676
PathTeardownReq,59143
PathSetupReq,59667
PathTeardownReq,65704
UpdateRouteReq,60209
PathSetupReq,14922
UpdateRouteReq,33223
Error,69210
UpdateRouteReq,18733
Error,57165
FindNodeReq,75857
FindNodeReq,53492
FindNodeReq,68830
FindNodeReq,84404
UpdateRouteReq,24162
PathTeardownReq,14872
PathSetupReq,13692
PathTeardownReq,22852
UpdateRouteReq,36544
UpdateRouteReq,33025
PathSetupReq,32310
UpdateRouteReq,34991
UpdateRouteReq,46828
UpdateRouteReq,16254
UpdateRouteReq,26030
PathTeardownReq,25879
UpdateRouteReq,38241
UpdateRouteReq,92617
UpdateRouteReq,94212
PathSetupReq,105749
UpdateRouteReq,47364
UpdateRouteReq,60718
UpdateRouteReq,135373
PathTeardownReq,157267
PathTeardownReq,80288
PathSetupReq,39397
PathTeardownReq,40691
UpdateRouteReq,24306
Error,43530
PathSetupReq,46486
UpdateRouteReq,37613
UpdateRouteReq,40645
QueryRouteReq,45667
UpdateRouteReq,64987
UpdateRouteReq,35095
UpdateRouteReq,47830
UpdateRouteReq,40318
PathTeardownReq,42358
PathTeardownReq,30030
PathSetupReq,49487
PathTeardownReq,55803
Error,73925
UpdateRouteReq,76923
UpdateRouteReq,20440
UpdateRouteReq,18344
PathTeardownReq,15026
PathSetupReq,14143
PathTeardownReq,14132
UpdateRouteReq,16951
PathSetupReq,14201
UpdateRouteReq,39587
UpdateRouteReq,63296
PathTeardownReq,76942
PathSetupReq,28992
Error,38768
PathTeardownReq,14175
UpdateRouteReq,35879
UpdateRouteReq,85706
Error,103197
UpdateRouteReq,100082
UpdateRouteReq,102921
UpdateRouteReq,99137
PathSetupReq,100307
UpdateRouteReq,48070
Error,95747
Error,42824
Error,33421
Error,42211
UpdateRouteReq,43974
Error,47656
UpdateRouteReq,49029
Error,21747
UpdateRouteReq,57145
Error,72445
PathTeardownReq,74176
Error,59156
FindNodeReq,85150
FindNodeReq,101622
PathSetupReq,103000
PathTeardownReq,104256
Error,117973
Error,36848
Error,37892
Error,26795
Error,25977
Error,90808
UpdateRouteReq,93550
UpdateRouteReq,95012
UpdateRouteReq,97994
UpdateRouteReq,98169
PathSetupReq,15261
UpdateRouteReq,16229
UpdateRouteReq,25397
UpdateRouteReq,23852
UpdateRouteReq,17205
PathTeardownReq,13652
UpdateRouteReq,56974
PathSetupReq,56017
UpdateRouteReq,71765
PathTeardownReq,72364
PathSetupReq,81919
PathTeardownReq,15444
UpdateRouteReq,25829
PathSetupReq,24852
UpdateRouteReq,18364
UpdateRouteReq,34716
UpdateRouteReq,33456
PathTeardownReq,32498
PathSetupReq,33091
PathTeardownReq,33975
UpdateRouteReq,15355
PathSetupReq,12862
UpdateRouteReq,18428
UpdateRouteReq,105430
UpdateRouteReq,52265
UpdateRouteReq,50577
FindNodeReq,35159
UpdateRouteReq,43058
UpdateRouteReq,49603
UpdateRouteReq,360545
PathTeardownReq,86866
UpdateRouteReq,75117
PathTeardownReq,73933
PathSetupReq,86249
PathTeardownReq,87339
UpdateRouteReq,48171
PathSetupReq,46677
UpdateRouteReq,49704
UpdateRouteReq,51307
PathSetupReq,54144
UpdateRouteReq,55039
UpdateRouteReq,17575
Error,14557
UpdateRouteReq,18971
UpdateRouteReq,16972
UpdateRouteReq,40234
PathTeardownReq,39488
PathSetupReq,44686
PathTeardownReq,43606
UpdateRouteReq,127616
PathSetupReq,128373
UpdateRouteReq,141633
Error,143389
UpdateRouteReq,154978
PathTeardownReq,167094
PathSetupReq,92865
PathTeardownReq,116153
Error,138269
Error,138498
UpdateRouteReq,165724
PathSetupReq,16591
UpdateRouteReq,19181
UpdateRouteReq,17666
UpdateRouteReq,41822
UpdateRouteReq,99139
UpdateRouteReq,113509
PathTeardownReq,114124
PathSetupReq,114591
PathTeardownReq,115653
UpdateRouteReq,94768
PathTeardownReq,96310
PathSetupReq,97274
PathTeardownReq,129888
UpdateRouteReq,104942
UpdateRouteReq,24506
PathSetupReq,23499
UpdateRouteReq,34970
UpdateRouteReq,76627
PathSetupReq,88997
UpdateRouteReq,92289
UpdateRouteReq,117797
UpdateRouteReq,131027
PathTeardownReq,64412
PathSetupReq,63093
PathTeardownReq,28888
UpdateRouteReq,28295
Error,28742
PathSetupReq,20098
UpdateRouteReq,21284
UpdateRouteReq,27215
PathTeardownReq,26471
PathSetupReq,16423
PathTeardownReq,13163
UpdateRouteReq,72836
PathTeardownReq,84654
UpdateRouteReq,96076
PathSetupReq,96713
UpdateRouteReq,32651
UpdateRouteReq,44100
PathSetupReq,99035
UpdateRouteReq,111791
UpdateRouteReq,93253
Error,123756
UpdateRouteReq,136985
UpdateRouteReq,158518
PathTeardownReq,159497
PathSetupReq,169875
PathTeardownReq,170087
UpdateRouteReq,17140
UpdateRouteReq,32790
UpdateRouteReq,23180
UpdateRouteReq,29765
PathSetupReq,40865
Error,49547
UpdateRouteReq,50418
UpdateRouteReq,57792
Error,75002
Error,108395
PathTeardownReq,110076
UpdateRouteReq,59179
PathSetupReq,57494
UpdateRouteReq,87556
Error,31655
Error,29021
UpdateRouteReq,38225
Error,12708
UpdateRouteReq,19917
UpdateRouteReq,18722
UpdateRouteReq,17066
UpdateRouteReq,104731
Error,105032
Error,40319
PathTeardownReq,54166
PathSetupReq,27569
PathTeardownReq,27081
UpdateRouteReq,28371
UpdateRouteReq,25172
PathSetupReq,66011
UpdateRouteReq,82358
UpdateRouteReq,78866
UpdateRouteReq,19541
UpdateRouteReq,39012
UpdateRouteReq,33929
UpdateRouteReq,61639
UpdateRouteReq,84244
UpdateRouteReq,158142
UpdateRouteReq,208552
UpdateRouteReq,230727
UpdateRouteReq,241686
UpdateRouteReq,252433
UpdateRouteReq,254265
Error,92588
Error,91139
PathTeardownReq,106554
FindNodeReq,136831
Error,138074
UpdateRouteReq,151586
Error,111971
UpdateRouteReq,114664
PathSetupReq,126218
Error,127888
UpdateRouteReq,144699
FindNodeRsp,169589
UpdateRouteReq,20283
PathTeardownReq,38349
UpdateRouteReq,39076
PathTeardownReq,52792
PathSetupReq,36024
PathTeardownReq,28552
FindNodeReq,47117
Error,16941
UpdateRouteReq,24182
PathSetupReq,23497
UpdateRouteReq,26137
UpdateRouteReq,26794
UpdateRouteReq,17586
UpdateRouteReq,15742
PathSetupReq,13930
UpdateRouteReq,16803
UpdateRouteReq,57489
UpdateRouteReq,95714
UpdateRouteReq,43277
UpdateRouteReq,79738
UpdateRouteReq,104398
PathTeardownReq,106273
PathSetupReq,123611
PathTeardownReq,125173
UpdateRouteReq,79468
PathTeardownReq,79140
UpdateRouteReq,95366
UpdateRouteReq,131154
UpdateRouteReq,44358
UpdateRouteReq,44687
FindNodeReq,184481
FindNodeReq,210721
PathSetupReq,212832
PathTeardownReq,214412
UpdateRouteReq,216466
PathSetupReq,227756
UpdateRouteReq,231203
UpdateRouteReq,252219
UpdateRouteReq,296428
UpdateRouteReq,226789
PathSetupReq,238086
UpdateRouteReq,241252
UpdateRouteReq,254963
UpdateRouteReq,277738
PathTeardownReq,289940
UpdateRouteReq,291822
PathSetupReq,292231
UpdateRouteReq,295030
UpdateRouteReq,301623
PathTeardownReq,325108
PathSetupReq,335146
PathTeardownReq,59401
UpdateRouteReq,22435
UpdateRouteReq,17092
Error,13916
PathTeardownReq,16702
PathSetupReq,99353
PathTeardownReq,101394
Error,15323
UpdateRouteReq,28784
UpdateRouteReq,37476
UpdateRouteReq,48103
PathSetupReq,50104
PathSetupReq,33759
PathTeardownReq,33271
UpdateRouteReq,34885
PathSetupReq,36213
UpdateRouteReq,30041
UpdateRouteReq,29649
PathSetupReq,30323
UpdateRouteReq,33271
UpdateRouteReq,45793
UpdateRouteReq,41092
UpdateRouteReq,47959
UpdateRouteReq,48049
UpdateRouteReq,49839
PathTeardownReq,51563
PathSetupReq,27073
PathTeardownReq,26849
PathTeardownReq,14564
PathSetupReq,14052
PathTeardownReq,14000
FindNodeReq,76298
UpdateRouteReq,135056
FindNodeReq,153590
FindNodeReq,170293
PathSetupReq,171196
UpdateRouteReq,194127
UpdateRouteReq,25429
UpdateRouteReq,43656
UpdateRouteReq,43904
PathSetupReq,57265
UpdateRouteReq,67529
UpdateRouteReq,90942
UpdateRouteReq,116958
UpdateRouteReq,120901
UpdateRouteReq,134957
PathTeardownReq,146235
Error,177008
UpdateRouteReq,106994
PathSetupReq,108247
UpdateRouteReq,122280
UpdateRouteReq,145457
PathTeardownReq,44735
PathSetupReq,14110
PathTeardownReq,14230
Error,43572
UpdateRouteReq,25669
Error,44844
UpdateRouteReq,16292
PathSetupReq,30196
UpdateRouteReq,16978
UpdateRouteReq,40685
Error,62994
UpdateRouteReq,64580
Error,42199
FindNodeReq,35348
Error,57748
Error,47342
Error,61918
UpdateRouteReq,19079
Error,49667
Error,36848
UpdateRouteReq,18415
Error,28780
UpdateRouteReq,30209
Error,46324
UpdateRouteReq,18332
Error,51863
UpdateRouteReq,52702
PathTeardownReq,53985
PathSetupReq,54560
PathTeardownReq,93044
FindNodeRsp,104719
UpdateRouteReq,90651
Error,91897
PathSetupReq,102636
UpdateRouteReq,115778
UpdateRouteReq,131775
Error,152291
PathTeardownReq,15082
UpdateRouteReq,21383
UpdateRouteReq,68928
UpdateRouteReq,98277
PathSetupReq,99663
UpdateRouteReq,102034
UpdateRouteReq,126943
PathTeardownReq,61577
UpdateRouteReq,94590
PathSetupReq,103617
UpdateRouteReq,39938
UpdateRouteReq,46027
UpdateRouteReq,18168
UpdateRouteReq,47388
UpdateRouteReq,45373
PathTeardownReq,46342
PathSetupReq,47232
PathTeardownReq,59602
Error,58679
UpdateRouteReq,77330
PathTeardownReq,78551
Error,79531
PathSetupReq,79519
PathTeardownReq,51688
UpdateRouteReq,17533
PathSetupReq,13417
UpdateRouteReq,56318
UpdateRouteReq,58873
PathSetupReq,69955
UpdateRouteReq,73008
UpdateRouteReq,71267
UpdateRouteReq,93974
UpdateRouteReq,107991
UpdateRouteReq,104860
PathTeardownReq,106375
PathSetupReq,115635
PathTeardownReq,126053
UpdateRouteReq,42085
UpdateRouteReq,164858
UpdateRouteReq,201323
PathSetupReq,220249
UpdateRouteReq,222594
UpdateRouteReq,243454
UpdateRouteReq,265522
UpdateRouteReq,164314
UpdateRouteReq,208197
PathTeardownReq,209699
UpdateRouteReq,212962
PathTeardownReq,213829
PathSetupReq,224179
Error,225227
Error,225661
PathTeardownReq,226030
Error,227457
UpdateRouteReq,25040
PathSetupReq,23740
Error,35580
UpdateRouteReq,26227
PathSetupReq,24609
UpdateRouteReq,48605
UpdateRouteReq,59567
PathTeardownReq,71864
UpdateRouteReq,33491
UpdateRouteReq,26465
UpdateRouteReq,53659
PathSetupReq,54270
UpdateRouteReq,19959
UpdateRouteReq,16888
FindNodeReq,44994
UpdateRouteReq,28171
UpdateRouteReq,81147
PathTeardownReq,96129
UpdateRouteReq,116342
PathSetupReq,117041
UpdateRouteReq,64155
UpdateRouteReq,49889
UpdateRouteReq,53659
PathTeardownReq,48139
UpdateRouteReq,19216
PathTeardownReq,14493
UpdateRouteReq,28012
UpdateRouteReq,37317
UpdateRouteReq,39441
UpdateRouteReq,52754
PathTeardownReq,54051
PathSetupReq,97689
PathTeardownReq,108023
FindNodeReq,125430
FindNodeReq,140853
UpdateRouteReq,77340
UpdateRouteReq,77261
PathSetupReq,77970
UpdateRouteReq,18056
PathSetupReq,13972
UpdateRouteReq,26431
UpdateRouteReq,23445
UpdateRouteReq,40800
PathTeardownReq,95878
PathSetupReq,96778
PathTeardownReq,128165
UpdateRouteReq,145273
FindNodeReq,163703
UpdateRouteReq,176273
PathTeardownReq,191688
UpdateRouteReq,193405
PathSetupReq,194095
UpdateRouteReq,58546
UpdateRouteReq,41588
UpdateRouteReq,54491
UpdateRouteReq,20411
Error,59236
UpdateRouteReq,109775
PathSetupReq,122119
UpdateRouteReq,124673
Error,163948
UpdateRouteReq,197156
Error,95610
Error,67422
PathTeardownReq,69453
UpdateRouteReq,40479
FindNodeReq,57939
Error,79247
Error,57501
FindNodeReq,81365
UpdateRouteReq,84098
UpdateRouteReq,85087
PathSetupReq,19642
Error,35949
Error,33186
Error,20070
UpdateRouteReq,71697
UpdateRouteReq,84774
PathTeardownReq,112013
Error,41170
UpdateRouteReq,18851
PathSetupReq,13726
UpdateRouteReq,16376
UpdateRouteReq,20733
UpdateRouteReq,19081
UpdateRouteReq,72420
UpdateRouteReq,93607
UpdateRouteReq,19123
UpdateRouteReq,54600
PathTeardownReq,56619
UpdateRouteReq,34988
UpdateRouteReq,97148
PathTeardownReq,96775
PathSetupReq,97617
PathTeardownReq,113727
UpdateRouteReq,115512
PathSetupReq,116836
UpdateRouteReq,133218
UpdateRouteReq,147887
PathSetupReq,120694
PathTeardownReq,145889
PathTeardownReq,148172
FindNodeReq,167534
UpdateRouteReq,163496
UpdateRouteReq,185248
PathSetupReq,90624
FindNodeReq,189031
FindNodeReq,89698
FindNodeReq,105503
FindNodeReq,130766
UpdateRouteReq,132419
PathSetupReq,153290
UpdateRouteReq,20958
PathTeardownReq,16483
UpdateRouteReq,17982
UpdateRouteReq,17438
UpdateRouteReq,35441
UpdateRouteReq,46919
PathTeardownReq,71480
PathSetupReq,15505
PathTeardownReq,14470
UpdateRouteReq,17205
PathSetupReq,14029
UpdateRouteReq,16890
UpdateRouteReq,111329
UpdateRouteReq,137397
UpdateRouteReq,144911
PathTeardownReq,146524
PathSetupReq,147968
PathTeardownReq,168487
UpdateRouteReq,28704
UpdateRouteReq,68035
UpdateRouteReq,70065
PathSetupReq,84363
UpdateRouteReq,87258
UpdateRouteReq,18740
UpdateRouteReq,105209
PathTeardownReq,158592
UpdateRouteReq,171653
UpdateRouteReq,193256
UpdateRouteReq,195067
PathSetupReq,195904
UpdateRouteReq,26285
UpdateRouteReq,18513
UpdateRouteReq,94302
UpdateRouteReq,116643
PathSetupReq,107624
UpdateRouteReq,110847
UpdateRouteReq,145064
PathTeardownReq,146314
PathSetupReq,15738
PathTeardownReq,42333
UpdateRouteReq,44784
UpdateRouteReq,50128
PathTeardownReq,63400
UpdateRouteReq,40936
UpdateRouteReq,92682
PathSetupReq,113704
FindNodeReq,100030
FindNodeReq,151439
UpdateRouteReq,161505
PathSetupReq,40448
UpdateRouteReq,41879
UpdateRouteReq,19346
UpdateRouteReq,31838
UpdateRouteReq,33106
UpdateRouteReq,36605
PathTeardownReq,49341
PathSetupReq,61021
UpdateRouteReq,77091
Error,41729
UpdateRouteReq,18906
UpdateRouteReq,17651
PathSetupReq,22847
UpdateRouteReq,16900
UpdateRouteReq,16982
UpdateRouteReq,17715
UpdateRouteReq,21400
UpdateRouteReq,17754
UpdateRouteReq,38726
PathTeardownReq,40857
PathSetupReq,50363
PathTeardownReq,64920
UpdateRouteReq,116476
UpdateRouteReq,117232
PathSetupReq,120835
UpdateRouteReq,127274
UpdateRouteReq,151733
UpdateRouteReq,163653
PathTeardownReq,165632
PathSetupReq,166719
PathTeardownReq,167861
FindNodeReq,102720
FindNodeReq,34533
UpdateRouteReq,39940
PathSetupReq,38905
UpdateRouteReq,42494
UpdateRouteReq,18264
UpdateRouteReq,18406
UpdateRouteReq,39068
PathTeardownReq,38663
PathSetupReq,39021
PathTeardownReq,35761
Error,53207
Error,90689
UpdateRouteReq,17837
PathSetupReq,14593
Error,43902
UpdateRouteReq,31733
UpdateRouteReq,50030
Error,36203
UpdateRouteReq,28916
Error,46868
Error,38434
Error,41761
Error,31576
Error,39046
UpdateRouteReq,27147
Error,54816
UpdateRouteReq,44465
PathSetupReq,22673
Error,30106
UpdateRouteReq,88203
UpdateRouteReq,106716
UpdateRouteReq,119472
UpdateRouteReq,35847
Error,21076
UpdateRouteReq,25398
UpdateRouteReq,49806
UpdateRouteReq,56721
Error,77486
PathTeardownReq,22368
PathSetupReq,14128
PathTeardownReq,13782
UpdateRouteReq,24000
PathSetupReq,27151
UpdateRouteReq,24453
Error,23396
UpdateRouteReq,81891
UpdateRouteReq,84391
PathSetupReq,85247
UpdateRouteReq,87198
UpdateRouteReq,102095
PathTeardownReq,47803
PathSetupReq,46410
PathTeardownReq,53408
UpdateRouteReq,24576
PathSetupReq,13693
UpdateRouteReq,19460
UpdateRouteReq,17484
PathTeardownReq,55220
UpdateRouteReq,97312
UpdateRouteReq,108595
PathSetupReq,119554
UpdateRouteReq,117797
UpdateRouteReq,141094
UpdateRouteReq,176950
UpdateRouteReq,218833
PathTeardownReq,62382
Error,94092
PathSetupReq,95931
FindNodeRsp,54329
UpdateRouteReq,66777
UpdateRouteReq,17309
PathTeardownReq,55353
UpdateRouteReq,32134
PathSetupReq,31041
UpdateRouteReq,19983
UpdateRouteReq,19072
UpdateRouteReq,16045
PathTeardownReq,34890
PathSetupReq,27879
PathTeardownReq,26653
UpdateRouteReq,29146
UpdateRouteReq,50189
UpdateRouteReq,16468
UpdateRouteReq,22908
PathSetupReq,27020
UpdateRouteReq,16806
UpdateRouteReq,17092
Error,45766
Error,46929
Error,45720
Error,66367
Error,67143
Error,16292
UpdateRouteReq,20556
UpdateRouteReq,18045
Error,35453
PathTeardownReq,14621
UpdateRouteReq,22121
PathSetupReq,20873
PathTeardownReq,71378
UpdateRouteReq,53035
UpdateRouteReq,64383
PathSetupReq,55879
UpdateRouteReq,48727
PathTeardownReq,49556
PathSetupReq,50701
UpdateRouteReq,31241
UpdateRouteReq,28933
PathTeardownReq,66731
UpdateRouteReq,50233
PathSetupReq,50568
UpdateRouteReq,55901
UpdateRouteReq,57353
PathTeardownReq,83795
PathSetupReq,15717
PathTeardownReq,13968
Error,32874
UpdateRouteReq,23896
PathSetupReq,12297
FindNodeReq,34745
Error,36735
UpdateRouteReq,50706
UpdateRouteReq,76689
UpdateRouteReq,56350
PathTeardownReq,56344
PathSetupReq,57396
PathTeardownReq,14190
UpdateRouteReq,15230
PathSetupReq,19880
UpdateRouteReq,21197
UpdateRouteReq,25433
UpdateRouteReq,37152
PathTeardownReq,47490
UpdateRouteReq,37882
PathSetupReq,36514
UpdateRouteReq,39215
UpdateRouteReq,16089
PathTeardownReq,13889
FindNodeReq,34049
UpdateRouteReq,57834
Error,29931
UpdateRouteReq,70661
UpdateRouteReq,73154
PathSetupReq,74199
UpdateRouteReq,75948
UpdateRouteReq,65263
UpdateRouteReq,103914
UpdateRouteReq,100265
PathTeardownReq,86552
UpdateRouteReq,89304
Error,115420
PathTeardownReq,117429
PathSetupReq,118074
PathTeardownReq,119175
Error,70879
UpdateRouteReq,82576
PathSetupReq,83145
UpdateRouteReq,30496
PathSetupReq,28901
Error,81538
UpdateRouteReq,86632
UpdateRouteReq,103271
UpdateRouteReq,57540
UpdateRouteReq,78685
UpdateRouteReq,31932
UpdateRouteReq,19326
UpdateRouteReq,17314
UpdateRouteReq,27261
PathTeardownReq,60813
PathSetupReq,73257
PathTeardownReq,74461
Error,100361
Error,92314
UpdateRouteReq,25354
PathTeardownReq,18024
PathSetupReq,16782
Error,39094
UpdateRouteReq,18887
PathTeardownReq,31704
Error,35738
UpdateRouteReq,60403
PathSetupReq,48718
UpdateRouteReq,51531
FindNodeReq,83279
UpdateRouteReq,16195
PathSetupReq,12949
UpdateRouteReq,16856
UpdateRouteReq,16314
FindNodeReq,71409
UpdateRouteReq,70981
PathSetupReq,71385
UpdateRouteReq,95145
UpdateRouteReq,44539
UpdateRouteReq,62276
Error,81226
UpdateRouteReq,84037
UpdateRouteReq,96388
UpdateRouteReq,30959
Error,47932
Error,73532
Error,31318
Error,53519
FindNodeRsp,39331
Error,64163
Error,80267
PathTeardownReq,24687
Error,47668
PathSetupReq,21872
Error,37512
Error,28171
PathTeardownReq,27375
Error,93667
UpdateRouteReq,94203
PathSetupReq,95176
UpdateRouteReq,97984
UpdateRouteReq,130928
UpdateRouteReq,142890
PathTeardownReq,153309
PathSetupReq,100690
PathTeardownReq,99829
UpdateRouteReq,122483
PathSetupReq,123072
UpdateRouteReq,145683
Error,145535
UpdateRouteReq,78744
Error,14256
Error,24442
UpdateRouteReq,86545
UpdateRouteReq,101819
UpdateRouteReq,128600
Error,130911
PathTeardownReq,143019
PathSetupReq,144387
PathTeardownReq,31763
Error,31396
UpdateRouteReq,33076
UpdateRouteReq,46475
PathSetupReq,58543
Error,60415
UpdateRouteReq,75642
PathTeardownReq,76134
UpdateRouteReq,90073
UpdateRouteReq,32893
PathSetupReq,13654
PathTeardownReq,23173
Error,61936
FindNodeReq,84553
Error,86012
UpdateRouteReq,19915
PathTeardownReq,20018
PathSetupReq,13550
Error,110457
Error,138536
UpdateRouteReq,138463
PathTeardownReq,140423
PathSetupReq,134780
PathTeardownReq,160122
UpdateRouteReq,173529
PathSetupReq,201581
UpdateRouteReq,204060
UpdateRouteReq,106056
UpdateRouteReq,161194
UpdateRouteReq,27564
UpdateRouteReq,88265
Error,148495
Error,150045
PathTeardownReq,163312
Error,175406
Error,176656
FindNodeReq,203630
UpdateRouteReq,205516
PathSetupReq,206766
UpdateRouteReq,202628
UpdateRouteReq,65379
UpdateRouteReq,18452
PathSetupReq,14474
PathTeardownReq,15161
FindNodeReq,34566
UpdateRouteReq,17672
UpdateRouteReq,22475
PathSetupReq,21856
UpdateRouteReq,20035
UpdateRouteReq,25359
PathTeardownReq,86306
UpdateRouteReq,48454
Error,37987
UpdateRouteReq,16308
PathSetupReq,15205
UpdateRouteReq,27329
UpdateRouteReq,47651
UpdateRouteReq,39016
FindNodeReq,82441
UpdateRouteReq,65728
PathSetupReq,64903
UpdateRouteReq,70300
PathTeardownReq,72707
PathSetupReq,77533
UpdateRouteReq,68553
PathTeardownReq,44061
UpdateRouteReq,107193
Error,41103
UpdateRouteReq,22161
PathSetupReq,15834
UpdateRouteReq,18392
UpdateRouteReq,18878
UpdateRouteReq,128515
UpdateRouteReq,92414
PathSetupReq,84565
UpdateRouteReq,88021
UpdateRouteReq,104901
UpdateRouteReq,118217
PathTeardownReq,119659
PathSetupReq,131003
UpdateRouteReq,16410
UpdateRouteReq,57272
UpdateRouteReq,148211
Error,166122
PathTeardownReq,168288
PathSetupReq,180603
PathTeardownReq,200765
PathTeardownReq,212828
UpdateRouteReq,214803
PathSetupReq,215437
UpdateRouteReq,229846
UpdateRouteReq,242157
Error,43688
UpdateRouteReq,26812
UpdateRouteReq,62378
UpdateRouteReq,77362
PathSetupReq,43150
Error,74889
PathTeardownReq,17941
PathSetupReq,35156
PathTeardownReq,34693
UpdateRouteReq,49142
UpdateRouteReq,27731
UpdateRouteReq,32385
UpdateRouteReq,32252
UpdateRouteReq,34693
PathSetupReq,35709
Error,53834
UpdateRouteReq,19829
PathSetupReq,14761
PathTeardownReq,31606
Error,33488
UpdateRouteReq,46938
PathSetupReq,38346
UpdateRouteReq,54963
UpdateRouteReq,18951
UpdateRouteReq,24753
UpdateRouteReq,27574
UpdateRouteReq,37440
Error,72776
UpdateRouteReq,76955
PathTeardownReq,59105
UpdateRouteReq,86424
UpdateRouteReq,55125
PathSetupReq,53888
UpdateRouteReq,69429
PathTeardownReq,71419
UpdateRouteReq,40033
UpdateRouteReq,88795
PathSetupReq,63570
UpdateRouteReq,64302
UpdateRouteReq,96607
PathTeardownReq,40569
PathSetupReq,65003
PathTeardownReq,66131
UpdateRouteReq,20636
Error,32824
FindNodeReq,53398
UpdateRouteReq,18844
UpdateRouteReq,22827
PathSetupReq,22263
UpdateRouteReq,23279
UpdateRouteReq,27544
UpdateRouteReq,18293
UpdateRouteReq,37039
UpdateRouteReq,37178
UpdateRouteReq,23615
PathTeardownReq,43007
UpdateRouteReq,44643
PathSetupReq,45160
UpdateRouteReq,31929
UpdateRouteReq,33347
UpdateRouteReq,16586
UpdateRouteReq,16155
UpdateRouteReq,16107
UpdateRouteReq,61019
Error,143544
Error,161567
Error,194742
UpdateRouteReq,196761
PathSetupReq,197846
UpdateRouteReq,200282
UpdateRouteReq,212333
UpdateRouteReq,226724
UpdateRouteReq,63622
Error,42455
UpdateRouteReq,17098
PathTeardownReq,13487
PathSetupReq,14008
PathTeardownReq,13475
Error,33108
UpdateRouteReq,32880
Error,74459
UpdateRouteReq,18695
UpdateRouteReq,17063
PathSetupReq,15877
UpdateRouteReq,18663
UpdateRouteReq,19851
UpdateRouteReq,35366
PathTeardownReq,95340
UpdateRouteReq,95962
PathSetupReq,111504
UpdateRouteReq,115950
UpdateRouteReq,131204
UpdateRouteReq,152584
PathTeardownReq,162769
PathSetupReq,49695
PathTeardownReq,62372
Error,82028
UpdateRouteReq,35221
UpdateRouteReq,20815
UpdateRouteReq,154939
PathSetupReq,168108
UpdateRouteReq,170447
UpdateRouteReq,194603
PathTeardownReq,29145
FindNodeReq,56202
UpdateRouteReq,19568
Error,65840
UpdateRouteReq,30381
PathSetupReq,29781
UpdateRouteReq,33135
FindNodeReq,42409
UpdateRouteReq,34607
UpdateRouteReq,18119
Error,33545
UpdateRouteReq,63511
UpdateRouteReq,34941
UpdateRouteReq,123117
UpdateRouteReq,81338
PathTeardownReq,115952
PathSetupReq,116921
PathTeardownReq,60190
Error,78582
PathTeardownReq,44314
PathSetupReq,57828
PathTeardownReq,59003
UpdateRouteReq,60966
PathSetupReq,84482
UpdateRouteReq,88025
UpdateRouteReq,102257
PathTeardownReq,113618
UpdateRouteReq,115185
PathSetupReq,29461
UpdateRouteReq,30560
UpdateRouteReq,32937
PathSetupReq,25292
UpdateRouteReq,78056
UpdateRouteReq,104126
UpdateRouteReq,116493
UpdateRouteReq,90849
UpdateRouteReq,20119
PathTeardownReq,14988
Error,36081
UpdateRouteReq,25965
FindNodeReq,37554
UpdateRouteReq,37072
Error,59075
PathSetupReq,60345
UpdateRouteReq,63171
Error,42434
UpdateRouteReq,18155
UpdateRouteReq,16702
Error,91408
UpdateRouteReq,88227
UpdateRouteReq,22761
UpdateRouteReq,156319
PathTeardownReq,169388
UpdateRouteReq,172428
PathSetupReq,189048
UpdateRouteReq,191723
UpdateRouteReq,206180
Error,239756
UpdateRouteReq,255186
PathTeardownReq,265794
PathSetupReq,166885
PathTeardownReq,187094
Error,217081
UpdateRouteReq,228647
UpdateRouteReq,239105
PathSetupReq,240556
UpdateRouteReq,243412
Error,330737
UpdateRouteReq,228097
Error,266036
Error,291498
Error,307686
UpdateRouteReq,312197
Error,330382
UpdateRouteReq,333653
Error,369028
Error,402774
Error,439178
UpdateRouteReq,453442
UpdateRouteReq,456663
Error,457910
Error,468971
UpdateRouteReq,471409
Error,152011
PathSetupReq,165704
Error,176151
PathTeardownReq,177315
Error,187342
Error,188199
Error,199412
Error,199856
UpdateRouteReq,125045
PathSetupReq,125746
UpdateRouteReq,128865
Error,148175
UpdateRouteReq,151249
UpdateRouteReq,154556
Error,175753
UpdateRouteReq,178401
Error,179250
Error,16642
UpdateRouteReq,17073
Error,58627
PathTeardownReq,80509
UpdateRouteReq,83162
UpdateRouteReq,95805
UpdateRouteReq,55767
UpdateRouteReq,58782
UpdateRouteReq,57535
PathSetupReq,13551
PathTeardownReq,12669
Error,14308
UpdateRouteReq,44543
Error,45866
PathSetupReq,81901
UpdateRouteReq,83730
Error,102830
UpdateRouteReq,105463
PathSetupReq,106441
UpdateRouteReq,109778
UpdateRouteReq,111708
UpdateRouteReq,25680
Error,30829
UpdateRouteReq,31614
Error,54682
UpdateRouteReq,63413
Error,63824
PathTeardownReq,65355
PathSetupReq,66412
PathTeardownReq,13058
UpdateRouteReq,92711
PathSetupReq,102072
UpdateRouteReq,105409
Error,68873
UpdateRouteReq,84039
UpdateRouteReq,106661
PathTeardownReq,117303
FindNodeReq,42347
UpdateRouteReq,25237
UpdateRouteReq,25949
UpdateRouteReq,18439
UpdateRouteReq,47975
PathSetupReq,53145
UpdateRouteReq,38034
PathSetupReq,60628
PathTeardownReq,18580
UpdateRouteReq,31288
Error,39360
UpdateRouteReq,18229
PathTeardownReq,88640
UpdateRouteReq,120206
PathSetupReq,225130
UpdateRouteReq,221410
Error,222132
UpdateRouteReq,234448
UpdateRouteReq,236793
PathSetupReq,255930
UpdateRouteReq,258420
UpdateRouteReq,285090
UpdateRouteReq,319539
UpdateRouteReq,334626
PathTeardownReq,88159
UpdateRouteReq,89480
Error,90351
PathSetupReq,74792
UpdateRouteReq,77442
UpdateRouteReq,56543
PathTeardownReq,56298
PathSetupReq,57454
UpdateRouteReq,85322
PathTeardownReq,94041
UpdateRouteReq,94976
PathSetupReq,95809
UpdateRouteReq,98519
UpdateRouteReq,100420
UpdateRouteReq,15991
UpdateRouteReq,61361
UpdateRouteReq,76354
PathSetupReq,77150
UpdateRouteReq,42215
UpdateRouteReq,50705
FindNodeReq,35999
UpdateRouteReq,38125
UpdateRouteReq,55005
Error,123176
UpdateRouteReq,119101
PathTeardownReq,133756
PathSetupReq,134716
Error,172372
PathTeardownReq,176431
UpdateRouteReq,85441
UpdateRouteReq,107962
UpdateRouteReq,122523
PathSetupReq,51184
UpdateRouteReq,45390
UpdateRouteReq,27376
UpdateRouteReq,27912
UpdateRouteReq,17329
PathTeardownReq,34468
UpdateRouteReq,16298
PathSetupReq,13913
UpdateRouteReq,17844
UpdateRouteReq,20049
UpdateRouteReq,17757
Error,42581
UpdateRouteReq,42603
Error,94914
UpdateRouteReq,86958
UpdateRouteReq,119794
Error,153356
UpdateRouteReq,99868
PathTeardownReq,92013
Error,124659
PathSetupReq,126127
UpdateRouteReq,162064
Error,122304
PathTeardownReq,135488
UpdateRouteReq,139806
UpdateRouteReq,77223
Error,113856
Error,59628
Error,64129
PathSetupReq,64484
UpdateRouteReq,67159
Error,38474
Error,32747
Error,39810
UpdateRouteReq,20694
Error,21292
UpdateRouteReq,28791
UpdateRouteReq,33645
UpdateRouteReq,70898
Error,65507
UpdateRouteReq,18711
PathSetupReq,25942
UpdateRouteReq,17332
PathTeardownReq,20491
PathSetupReq,15049
PathTeardownReq,29192
UpdateRouteReq,87788
PathSetupReq,88681
UpdateRouteReq,91908
UpdateRouteReq,107848
PathTeardownReq,119867
UpdateRouteReq,122645
PathSetupReq,15789
UpdateRouteReq,26216
UpdateRouteReq,29029
Error,56132
Error,46636
UpdateRouteReq,59887
UpdateRouteReq,64175
UpdateRouteReq,50770
UpdateRouteReq,34798
UpdateRouteReq,43246
PathTeardownReq,63239
PathSetupReq,82966
UpdateRouteReq,18862
PathTeardownReq,21602
Error,21822
PathTeardownReq,36418
UpdateRouteReq,35782
Error,37370
PathSetupReq,38560
UpdateRouteReq,39918
PathSetupReq,38932
UpdateRouteReq,42384
UpdateRouteReq,35459
PathTeardownReq,34475
UpdateRouteReq,16855
PathSetupReq,14839
PathTeardownReq,82142
UpdateRouteReq,84817
PathSetupReq,95344
UpdateRouteReq,97936
Error,107484
UpdateRouteReq,154766
Error,165903
Error,184057
UpdateRouteReq,188226
Error,189293
PathTeardownReq,191051
PathSetupReq,192728
PathTeardownReq,194361
Error,196119
UpdateRouteReq,198813
PathTeardownReq,200661
UpdateRouteReq,203120
PathSetupReq,204328
UpdateRouteReq,206953
UpdateRouteReq,222906
UpdateRouteReq,38963
Error,49592
UpdateRouteReq,52783
PathTeardownReq,27424
PathSetupReq,27139
PathTeardownReq,28817
FindNodeReq,79716
UpdateRouteReq,72554
PathSetupReq,85255
PathTeardownReq,19599
PathSetupReq,19183
PathTeardownReq,44258
Error,56180
Error,68416
UpdateRouteReq,54010
UpdateRouteReq,67187
PathSetupReq,17048
UpdateRouteReq,19455
UpdateRouteReq,19046
PathTeardownReq,26790
PathSetupReq,61044
UpdateRouteReq,65178
UpdateRouteReq,80414
UpdateRouteReq,25783
PathSetupReq,24853
UpdateRouteReq,18092
UpdateRouteReq,79255
PathTeardownReq,86670
PathSetupReq,88728
PathTeardownReq,89997
FindNodeReq,109458
UpdateRouteReq,112633
PathSetupReq,113742
Error,37284
Error,62584
UpdateRouteReq,66236
UpdateRouteReq,22989
UpdateRouteReq,25579
UpdateRouteReq,16375
FindNodeRsp,77044
Error,103625
UpdateRouteReq,36768
Error,60427
Error,31939
Error,90061
Error,108516
Error,154357
UpdateRouteReq,156856
Error,147074
UpdateRouteReq,158508
UpdateRouteReq,193915
UpdateRouteReq,195725
Error,109078
UpdateRouteReq,101425
Error,118401
UpdateRouteReq,132352
UpdateRouteReq,61300
UpdateRouteReq,86156
Error,104440
Error,126355
Error,69702
Error,86279
PathTeardownReq,88953
PathSetupReq,74986
PathTeardownReq,67768
Error,76322
Error,102267
Error,76199
Error,100694
Error,56709
Error,72806
Error,39384
Error,60091
Error,31100
Error,37826
Error,20876
Error,27676
UpdateRouteReq,27764
UpdateRouteReq,40830
PathSetupReq,20291
PathTeardownReq,19589
UpdateRouteReq,16406
PathSetupReq,38798
UpdateRouteReq,66672
Error,70190
UpdateRouteReq,72957
Error,73019
UpdateRouteReq,42359
UpdateRouteReq,58664
UpdateRouteReq,35679
PathTeardownReq,13726
PathSetupReq,13714
PathTeardownReq,13851
Error,16693
UpdateRouteReq,17112
PathSetupReq,12352
Error,15451
UpdateRouteReq,17212
Error,21764
Error,14845
UpdateRouteReq,27526
UpdateRouteReq,30973
PathTeardownReq,41944
UpdateRouteReq,28524
PathSetupReq,27493
Error,42221
UpdateRouteReq,175056
FindNodeReq,194095
UpdateRouteReq,220432
UpdateRouteReq,235072
PathTeardownReq,236360
PathSetupReq,230843
PathTeardownReq,231965
UpdateRouteReq,233829
PathSetupReq,233548
UpdateRouteReq,246859
UpdateRouteReq,169744
UpdateRouteReq,180568
UpdateRouteReq,221382
UpdateRouteReq,242395
Error,253913
Error,273612
Error,309575
UpdateRouteReq,73761
UpdateRouteReq,112971
FindNodeRsp,126520
UpdateRouteReq,23363
UpdateRouteReq,33514
Error,35972
UpdateRouteReq,28013
UpdateRouteReq,18867
Error,16484
UpdateRouteReq,16919
UpdateRouteReq,23829
Error,23800
Error,14810
UpdateRouteReq,18285
UpdateRouteReq,47359
UpdateRouteReq,61804
UpdateRouteReq,51438
Error,63649
UpdateRouteReq,66333
UpdateRouteReq,46522
Error,60855
UpdateRouteReq,108117
Error,26943
UpdateRouteReq,33758
UpdateRouteReq,25314
UpdateRouteReq,26689
Error,21538
Error,20983
Error,39491
UpdateRouteReq,52142
UpdateRouteReq,18993
UpdateRouteReq,17089
UpdateRouteReq,36985
PathSetupReq,13962
Error,42573
UpdateRouteReq,21081
UpdateRouteReq,23887
PathTeardownReq,14024
UpdateRouteReq,26737
UpdateRouteReq,47017
PathSetupReq,46227
UpdateRouteReq,63655
UpdateRouteReq,48975
UpdateRouteReq,19200
UpdateRouteReq,24055
UpdateRouteReq,36199
UpdateRouteReq,32377
UpdateRouteReq,45209
PathTeardownReq,13530
PathSetupReq,12520
PathTeardownReq,13034
UpdateRouteReq,42366
UpdateRouteReq,24756
PathSetupReq,35612
PathTeardownReq,35333
UpdateRouteReq,36967
PathSetupReq,28825
UpdateRouteReq,30024
UpdateRouteReq,30259
PathTeardownReq,40758
UpdateRouteReq,15775
PathSetupReq,22834
UpdateRouteReq,65889
UpdateRouteReq,56263
UpdateRouteReq,17544
UpdateRouteReq,73576
UpdateRouteReq,57313
Error,57877
UpdateRouteReq,58625
UpdateRouteReq,28116
UpdateRouteReq,19571
PathTeardownReq,15530
PathSetupReq,39138
PathTeardownReq,40731
UpdateRouteReq,91118
PathSetupReq,89505
UpdateRouteReq,106667
UpdateRouteReq,127481
UpdateRouteReq,59160
UpdateRouteReq,37447
UpdateRouteReq,43715
UpdateRouteReq,40840
UpdateRouteReq,19408
UpdateRouteReq,36035
UpdateRouteReq,44199
UpdateRouteReq,71223
Error,31351
Error,55943
Error,61422
UpdateRouteReq,74113
PathTeardownReq,75260
PathSetupReq,31802
PathTeardownReq,14900
Error,33172
Error,36958
UpdateRouteReq,50075
UpdateRouteReq,54597
PathSetupReq,55348
UpdateRouteReq,59256
Error,50331
UpdateRouteReq,43915
UpdateRouteReq,41056
UpdateRouteReq,54791
UpdateRouteReq,32063
PathTeardownReq,43495
UpdateRouteReq,35417
PathSetupReq,17929
PathTeardownReq,15688
UpdateRouteReq,19366
PathTeardownReq,28621
Error,40038
UpdateRouteReq,25483
UpdateRouteReq,16773
PathSetupReq,13949
UpdateRouteReq,27074
UpdateRouteReq,33875
PathTeardownReq,31235
UpdateRouteReq,40404
PathSetupReq,52686
Error,62681
UpdateRouteReq,115780
Error,170026
UpdateRouteReq,172894
UpdateRouteReq,185371
PathTeardownReq,195976
UpdateRouteReq,95867
PathSetupReq,107910
UpdateRouteReq,111622
UpdateRouteReq,114742
Error,166978
Error,91413
UpdateRouteReq,95976
UpdateRouteReq,73633
Error,95027
Error,53839
PathTeardownReq,39044
Error,53021
UpdateRouteReq,51550
Error,90181
UpdateRouteReq,92556
UpdateRouteReq,93499
Error,108056
PathTeardownReq,109463
PathSetupReq,121186
PathTeardownReq,121977
UpdateRouteReq,134647
Error,162440
PathSetupReq,163536
UpdateRouteReq,64415
Error,99016
UpdateRouteReq,102283
FindNodeRsp,114562
Error,54845
Error,83651
PathTeardownReq,85490
FindNodeReq,111637
UpdateRouteReq,113440
UpdateRouteReq,33015
Error,62948
Error,52197
Error,65442
Error,54020
PathSetupReq,53522
PathTeardownReq,63915
Error,41451
Error,32572
Error,51385
UpdateRouteReq,43730
PathSetupReq,13398
UpdateRouteReq,19922
Error,21848
UpdateRouteReq,26613
UpdateRouteReq,19161
UpdateRouteReq,17520
PathTeardownReq,84870
UpdateRouteReq,88472
Error,127556
UpdateRouteReq,34823
UpdateRouteReq,24995
PathTeardownReq,14863
UpdateRouteReq,38293
UpdateRouteReq,39468
PathSetupReq,41028
PathSetupReq,13918
PathTeardownReq,22109
FindNodeReq,91636
UpdateRouteReq,104893
PathSetupReq,105655
UpdateRouteReq,18698
UpdateRouteReq,25254
UpdateRouteReq,20634
UpdateRouteReq,16403
Error,22258
UpdateRouteReq,25951
UpdateRouteReq,41723
UpdateRouteReq,41297
PathTeardownReq,77489
Error,76927
UpdateRouteReq,101563
PathSetupReq,101506
Error,103351
UpdateRouteReq,115543
Error,24339
Error,17272
UpdateRouteReq,52787
UpdateRouteReq,54774
UpdateRouteReq,71187
UpdateRouteReq,76342
PathSetupReq,88490
UpdateRouteReq,90500
UpdateRouteReq,87855
Error,109268
UpdateRouteReq,111681
UpdateRouteReq,128438
UpdateRouteReq,113388
UpdateRouteReq,139204
PathTeardownReq,141822
PathSetupReq,155901
UpdateRouteReq,189936
UpdateRouteReq,38949
PathTeardownReq,63514
UpdateRouteReq,26466
PathTeardownReq,29905
PathSetupReq,22038
PathTeardownReq,28419
UpdateRouteReq,24160
PathSetupReq,23406
UpdateRouteReq,29812
Error,62217
UpdateRouteReq,47968
UpdateRouteReq,60245
UpdateRouteReq,62262
Error,38114
UpdateRouteReq,32309
UpdateRouteReq,33823
PathTeardownReq,58302
PathSetupReq,70416
Error,16577
PathTeardownReq,14356
UpdateRouteReq,17656
PathSetupReq,21160
UpdateRouteReq,22190
UpdateRouteReq,37034
UpdateRouteReq,37857
UpdateRouteReq,36227
UpdateRouteReq,49179
PathTeardownReq,50834
PathSetupReq,38519
PathTeardownReq,38403
UpdateRouteReq,55765
UpdateRouteReq,77914
PathTeardownReq,15919
PathSetupReq,14058
PathTeardownReq,30796
UpdateRouteReq,30331
PathSetupReq,31409
UpdateRouteReq,17004
UpdateRouteReq,18466
PathSetupReq,15873
FindNodeRsp,25952
UpdateRouteReq,32163
UpdateRouteReq,56154
UpdateRouteReq,26741
Error,14719
UpdateRouteReq,18606
UpdateRouteReq,26118
UpdateRouteReq,20260
UpdateRouteReq,25103
UpdateRouteReq,34249
UpdateRouteReq,128509
UpdateRouteReq,142702
PathTeardownReq,144916
UpdateRouteReq,148588
UpdateRouteReq,164002
PathTeardownReq,35376
PathSetupReq,12797
PathTeardownReq,13765
PathSetupReq,14287
PathTeardownReq,20549
UpdateRouteReq,16948
PathSetupReq,14272
UpdateRouteReq,17822
UpdateRouteReq,16317
PathSetupReq,13091
UpdateRouteReq,17202
Error,34445
UpdateRouteReq,21025
UpdateRouteReq,26807
Error,56396
UpdateRouteReq,27189
UpdateRouteReq,18554
Error,59606
Error,65577
UpdateRouteReq,78699
UpdateRouteReq,60162
Error,103883
Error,121661
PathTeardownReq,53547
Error,125280
Error,144264
FindNodeRsp,150642
UpdateRouteReq,153981
PathTeardownReq,155618
PathSetupReq,85548
PathTeardownReq,86849
UpdateRouteReq,89515
UpdateRouteReq,104978
Error,139601
Error,154754
Error,80300
Error,97015
Error,76146
Error,93340
PathTeardownReq,77516
FindNodeReq,104377
UpdateRouteReq,106943
PathSetupReq,108052
UpdateRouteReq,110922
UpdateRouteReq,125580
Error,141787
UpdateRouteReq,145277
Error,61761
UpdateRouteReq,62579
Error,143872
Error,152858
UpdateRouteReq,166997
UpdateRouteReq,170786
UpdateRouteReq,183932
UpdateRouteReq,205887
Error,61146
Error,82557
Error,39864
Error,61256
Error,33457
Error,36403
PathTeardownReq,16109
PathSetupReq,16538
Error,37469
PathTeardownReq,37860
UpdateRouteReq,39030
Error,40046
PathSetupReq,39576
UpdateRouteReq,33927
UpdateRouteReq,46528
UpdateRouteReq,59396
PathTeardownReq,70875
UpdateRouteReq,36459
UpdateRouteReq,34144
Error,19494
FindNodeReq,50018
UpdateRouteReq,17375
PathTeardownReq,13422
PathSetupReq,36859
PathTeardownReq,14791
UpdateRouteReq,18385
Error,30609
UpdateRouteReq,31605
UpdateRouteReq,33434
PathSetupReq,69092
UpdateRouteReq,61469
UpdateRouteReq,91113
UpdateRouteReq,23163
UpdateRouteReq,76703
UpdateRouteReq,18100
PathSetupReq,14343
FindNodeRsp,31195
UpdateRouteReq,33747
PathTeardownReq,33315
PathSetupReq,21742
PathTeardownReq,120811
UpdateRouteReq,116780
PathSetupReq,117972
UpdateRouteReq,134843
UpdateRouteReq,147532
UpdateRouteReq,108386
UpdateRouteReq,124013
UpdateRouteReq,136962
PathTeardownReq,160482
UpdateRouteReq,185889
PathSetupReq,13828
PathTeardownReq,19129
PathTeardownReq,18889
Error,19244
Error,47136
Error,92100
UpdateRouteReq,93518
PathSetupReq,94451
UpdateRouteReq,97922
UpdateRouteReq,100599
Error,101288
UpdateRouteReq,104676
PathTeardownReq,75077
Error,76279
UpdateRouteReq,78949
UpdateRouteReq,52631
UpdateRouteReq,67400
PathTeardownReq,13439
PathSetupReq,13279
PathTeardownReq,74084
UpdateRouteReq,90124
UpdateRouteReq,93476
UpdateRouteReq,107856
PathSetupReq,118758
UpdateRouteReq,18086
PathSetupReq,30229
UpdateRouteReq,29697
PathSetupReq,33099
PathTeardownReq,37138
FindNodeReq,34692
UpdateRouteReq,17456
UpdateRouteReq,25720
UpdateRouteReq,17512
PathSetupReq,15714
UpdateRouteReq,19339
UpdateRouteReq,16669
UpdateRouteReq,33707
UpdateRouteReq,94954
PathTeardownReq,96754
UpdateRouteReq,72902
Error,73590
UpdateRouteReq,71989
PathSetupReq,71684
UpdateRouteReq,74931
UpdateRouteReq,78004
UpdateRouteReq,96225
UpdateRouteReq,98054
Error,119885
PathTeardownReq,121015
PathSetupReq,122090
PathTeardownReq,133611
UpdateRouteReq,129026
PathSetupReq,129154
UpdateRouteReq,131934
UpdateRouteReq,134553
UpdateRouteReq,60555
UpdateRouteReq,75422
UpdateRouteReq,97425
UpdateRouteReq,59706
UpdateRouteReq,66401
PathTeardownReq,90240
PathSetupReq,91097
PathTeardownReq,14186
UpdateRouteReq,18443
PathTeardownReq,19626
PathSetupReq,18535
PathTeardownReq,21515
UpdateRouteReq,21517
PathSetupReq,12573
UpdateRouteReq,16364
UpdateRouteReq,18392
PathSetupReq,15848
UpdateRouteReq,19127
UpdateRouteReq,17254
UpdateRouteReq,30618
Error,21456
UpdateRouteReq,22366
PathTeardownReq,16274
PathSetupReq,21694
PathTeardownReq,35813
UpdateRouteReq,32267
UpdateRouteReq,41445
UpdateRouteReq,52453
UpdateRouteReq,17387
PathTeardownReq,13986
UpdateRouteReq,88672
PathSetupReq,89740
UpdateRouteReq,93439
UpdateRouteReq,115660
UpdateRouteReq,114899
PathSetupReq,143408
PathTeardownReq,145002
UpdateRouteReq,117644
PathSetupReq,116613
UpdateRouteReq,120025
UpdateRouteReq,146116
UpdateRouteReq,148140
UpdateRouteReq,160262
PathTeardownReq,170912
UpdateRouteReq,64264
PathSetupReq,62723
UpdateRouteReq,65887
UpdateRouteReq,61806
UpdateRouteReq,79199
UpdateRouteReq,17901
PathTeardownReq,13526
PathSetupReq,13450
PathTeardownReq,13213
UpdateRouteReq,17913
UpdateRouteReq,18513
PathSetupReq,74736
Error,89034
UpdateRouteReq,91894
UpdateRouteReq,64745
FindNodeRsp,81763
UpdateRouteReq,17435
UpdateRouteReq,16290
UpdateRouteReq,23940
PathSetupReq,22465
PathTeardownReq,52165
UpdateRouteReq,17464
PathSetupReq,13704
UpdateRouteReq,17030
UpdateRouteReq,19046
UpdateRouteReq,17439
UpdateRouteReq,29353
UpdateRouteReq,63838
PathSetupReq,65013
UpdateRouteReq,68547
Error,50958
UpdateRouteReq,52350
UpdateRouteReq,66337
PathTeardownReq,59668
PathSetupReq,58512
PathTeardownReq,59434
UpdateRouteReq,74612
PathSetupReq,74803
UpdateRouteReq,77800
UpdateRouteReq,74073
UpdateRouteReq,87913
PathTeardownReq,13841
UpdateRouteReq,19878
UpdateRouteReq,26550
FindNodeReq,46910
PathTeardownReq,46837
UpdateRouteReq,24874
PathSetupReq,13160
UpdateRouteReq,18713
PathSetupReq,16053
UpdateRouteReq,25512
UpdateRouteReq,23780
UpdateRouteReq,45031
UpdateRouteReq,46344
UpdateRouteReq,60744
UpdateRouteReq,16555
PathTeardownReq,14156
PathSetupReq,35888
PathTeardownReq,49991
UpdateRouteReq,22502
PathTeardownReq,16577
PathSetupReq,21541
UpdateRouteReq,50159
UpdateRouteReq,32539
PathTeardownReq,106799
PathSetupReq,60567
UpdateRouteReq,61455
UpdateRouteReq,88008
Error,117196
Error,134902
UpdateRouteReq,147626
PathTeardownReq,62058
PathSetupReq,62776
PathTeardownReq,83292
Error,107852
UpdateRouteReq,17817
UpdateRouteReq,21053
UpdateRouteReq,26568
UpdateRouteReq,17092
UpdateRouteReq,50942
PathTeardownReq,41897
PathSetupReq,42430
PathTeardownReq,47654
UpdateRouteReq,19431
UpdateRouteReq,38820
PathSetupReq,16854
UpdateRouteReq,18733
UpdateRouteReq,89456
UpdateRouteReq,117001
UpdateRouteReq,129532
UpdateRouteReq,143161
UpdateRouteReq,155951
PathTeardownReq,97718
PathSetupReq,87167
Error,119100
UpdateRouteReq,141462
PathTeardownReq,27984
UpdateRouteReq,29037
Error,57281
PathTeardownReq,25709
PathSetupReq,25086
PathTeardownReq,25924
UpdateRouteReq,46054
UpdateRouteReq,61810
Error,80790
PathSetupReq,82087
UpdateRouteReq,41878
Error,50966
UpdateRouteReq,53543
PathSetupReq,22016
UpdateRouteReq,18641
UpdateRouteReq,16868
UpdateRouteReq,15937
PathTeardownReq,36645
Error,67066
UpdateRouteReq,60347
UpdateRouteReq,75529
PathSetupReq,22127
UpdateRouteReq,23565
UpdateRouteReq,24532
PathTeardownReq,12595
PathSetupReq,13255
PathTeardownReq,13439
UpdateRouteReq,27502
UpdateRouteReq,16199
UpdateRouteReq,19518
PathTeardownReq,102956
UpdateRouteReq,141419
UpdateRouteReq,154034
UpdateRouteReq,167512
UpdateRouteReq,180581
Error,145768
UpdateRouteReq,140482
UpdateRouteReq,142641
PathSetupReq,143877
UpdateRouteReq,138992
UpdateRouteReq,149064
UpdateRouteReq,162716
UpdateRouteReq,63995
FindNodeRsp,45480
Error,58208
UpdateRouteReq,60256
UpdateRouteReq,32738
UpdateRouteReq,93137
PathTeardownReq,98266
Error,115670
Error,53891
Error,42097
Error,40284
Error,32900
PathSetupReq,29872
Error,42688
Error,57909
Error,65258
PathTeardownReq,64962
Error,66133
Error,81257
UpdateRouteReq,84155
Error,104813
Error,417810
Error,172041
Error,173418
UpdateRouteReq,184577
UpdateRouteReq,188088
PathSetupReq,199098
UpdateRouteReq,202256
UpdateRouteReq,216798
UpdateRouteReq,230127
UpdateRouteReq,242562
Error,244239
Error,256961
UpdateRouteReq,260533
PathTeardownReq,261835
PathSetupReq,98855
PathTeardownReq,99863
UpdateRouteReq,103696
PathTeardownReq,24850
PathSetupReq,58919
PathTeardownReq,60153
UpdateRouteReq,24738
PathSetupReq,23687
UpdateRouteReq,36321
UpdateRouteReq,32426
PathSetupReq,49335
UpdateRouteReq,20136
UpdateRouteReq,58979
UpdateRouteReq,94746
UpdateRouteReq,106717
UpdateRouteReq,126204
PathTeardownReq,128803
PathSetupReq,130890
PathTeardownReq,30124
UpdateRouteReq,17253
PathSetupReq,15037
UpdateRouteReq,17565
UpdateRouteReq,17686
UpdateRouteReq,19878
UpdateRouteReq,18724
PathTeardownReq,16414
Error,136955
PathSetupReq,176100
UpdateRouteReq,187140
PathTeardownReq,197433
Error,223617
UpdateRouteReq,93979
FindNodeRsp,117679
UpdateRouteReq,18460
PathSetupReq,46721
UpdateRouteReq,74896
UpdateRouteReq,79133
PathTeardownReq,65563
PathSetupReq,94579
PathTeardownReq,96174
UpdateRouteReq,35209
UpdateRouteReq,48092
PathSetupReq,49160
PathTeardownReq,37217
UpdateRouteReq,81535
PathSetupReq,43594
UpdateRouteReq,21677
UpdateRouteReq,18534
PathTeardownReq,33556
UpdateRouteReq,68341
UpdateRouteReq,91777
UpdateRouteReq,51517
UpdateRouteReq,38667
PathSetupReq,37745
UpdateRouteReq,55822
UpdateRouteReq,75431
UpdateRouteReq,78283
UpdateRouteReq,92604
PathTeardownReq,93708
PathSetupReq,95293
PathTeardownReq,96136
UpdateRouteReq,20917
PathTeardownReq,16503
UpdateRouteReq,23382
UpdateRouteReq,38019
PathSetupReq,15858
UpdateRouteReq,26316
UpdateRouteReq,18019
UpdateRouteReq,58090
UpdateRouteReq,72795
Error,76657
FindNodeReq,96034
UpdateRouteReq,97723
PathSetupReq,98064
UpdateRouteReq,101595
UpdateRouteReq,135728
UpdateRouteReq,71464
PathSetupReq,72283
UpdateRouteReq,86456
UpdateRouteReq,88516
UpdateRouteReq,39435
UpdateRouteReq,33397
Error,35024
UpdateRouteReq,47674
UpdateRouteReq,30463
Error,43043
UpdateRouteReq,50460
Error,101169
PathTeardownReq,108772
UpdateRouteReq,110197
PathSetupReq,112481
UpdateRouteReq,85438
Error,128388
Error,153272
Error,171823
UpdateRouteReq,19154
UpdateRouteReq,20557
UpdateRouteReq,21091
UpdateRouteReq,36236
UpdateRouteReq,27900
UpdateRouteReq,29185
UpdateRouteReq,70217
UpdateRouteReq,40889
PathTeardownReq,48346
UpdateRouteReq,50407
PathTeardownReq,50665
PathSetupReq,52364
UpdateRouteReq,69555
PathTeardownReq,33604
Error,42940
FindNodeReq,43931
UpdateRouteReq,45523
UpdateRouteReq,16604
UpdateRouteReq,16920
PathSetupReq,13708
UpdateRouteReq,17582
UpdateRouteReq,17658
PathTeardownReq,14637
UpdateRouteReq,16794
PathSetupReq,12676
UpdateRouteReq,21653
UpdateRouteReq,18908
Error,34826
UpdateRouteReq,17447
UpdateRouteReq,26668
Error,92533
UpdateRouteReq,128079
UpdateRouteReq,91076
Error,123006
UpdateRouteReq,163040
Error,203752
UpdateRouteReq,206725
UpdateRouteReq,240614
Error,274195
PathTeardownReq,276433
PathSetupReq,41573
PathTeardownReq,41460
Error,61914
Error,96717
Error,66518
Error,80901
Error,106201
UpdateRouteReq,45812
Error,73629
Error,43441
Error,55696
UpdateRouteReq,57397
FindNodeReq,104145
UpdateRouteReq,73117
PathTeardownReq,72141
Error,94887
PathSetupReq,67447
PathTeardownReq,31486
Error,33222
UpdateRouteReq,18177
UpdateRouteReq,25207
UpdateRouteReq,17751
FindNodeReq,63365
UpdateRouteReq,42478
PathSetupReq,41863
UpdateRouteReq,43560
PathSetupReq,44201
Error,45242
Error,45450
UpdateRouteReq,17735
UpdateRouteReq,289518
UpdateRouteReq,296304
PathTeardownReq,290985
UpdateRouteReq,260534
UpdateRouteReq,251035
UpdateRouteReq,245349
PathTeardownReq,46715
UpdateRouteReq,18319
PathSetupReq,14600
UpdateRouteReq,47716
Error,83588
UpdateRouteReq,35753
PathSetupReq,27111
UpdateRouteReq,35126
UpdateRouteReq,50962
Error,56334
UpdateRouteReq,49548
UpdateRouteReq,61937
PathTeardownReq,73559
UpdateRouteReq,58665
PathSetupReq,57530
UpdateRouteReq,61239
UpdateRouteReq,63371
FindNodeReq,94894
UpdateRouteReq,81151
PathTeardownReq,80196
PathSetupReq,80682
PathTeardownReq,96938
Error,117656
UpdateRouteReq,148159
UpdateRouteReq,118082
PathSetupReq,132418
UpdateRouteReq,135133
UpdateRouteReq,149689
UpdateRouteReq,164178
UpdateRouteReq,106510
UpdateRouteReq,139509
UpdateRouteReq,42032
UpdateRouteReq,56585
UpdateRouteReq,35808
UpdateRouteReq,17060
UpdateRouteReq,19705
PathTeardownReq,16069
UpdateRouteReq,61619
PathSetupReq,119524
UpdateRouteReq,142596
PathTeardownReq,143590
UpdateRouteReq,70718
PathTeardownReq,81729
UpdateRouteReq,83892
PathSetupReq,83982
UpdateRouteReq,86543
PathSetupReq,72798
UpdateRouteReq,86115
PathTeardownReq,96246
PathSetupReq,19187
PathTeardownReq,18787
UpdateRouteReq,18017
UpdateRouteReq,16810
UpdateRouteReq,15252
PathSetupReq,13625
UpdateRouteReq,19546
UpdateRouteReq,16779
UpdateRouteReq,20248
PathTeardownReq,16343
PathSetupReq,15416
PathTeardownReq,13302
FindNodeReq,47469
UpdateRouteReq,27212
UpdateRouteReq,71827
UpdateRouteReq,76867
UpdateRouteReq,34430
PathSetupReq,81432
Error,46375
UpdateRouteReq,19351
Error,53800
FindNodeReq,46599
UpdateRouteReq,18244
FindNodeReq,32367
UpdateRouteReq,50469
UpdateRouteReq,48356
Error,90067
UpdateRouteReq,93264
UpdateRouteReq,55737
Error,58177
UpdateRouteReq,25920
PathTeardownReq,73050
PathSetupReq,74370
PathTeardownReq,150175
PathTeardownReq,15597
FindNodeReq,43580
UpdateRouteReq,42605
PathSetupReq,19994
UpdateRouteReq,20683
UpdateRouteReq,17380
PathTeardownReq,13942
FindNodeReq,122367
FindNodeReq,142486
UpdateRouteReq,145880
UpdateRouteReq,157908
UpdateRouteReq,77135
PathSetupReq,13850
UpdateRouteReq,16541
PathSetupReq,13877
UpdateRouteReq,25413
UpdateRouteReq,17838
UpdateRouteReq,152552
UpdateRouteReq,166577
UpdateRouteReq,179482
Error,207492
UpdateRouteReq,209689
Error,255147
Error,42792
UpdateRouteReq,25387
UpdateRouteReq,21044
UpdateRouteReq,18233
PathTeardownReq,65367
UpdateRouteReq,90408
PathTeardownReq,102139
PathSetupReq,65456
PathTeardownReq,49715
UpdateRouteReq,51108
PathSetupReq,51741
UpdateRouteReq,67031
UpdateRouteReq,18352
UpdateRouteReq,26923
UpdateRouteReq,27608
PathSetupReq,15863
UpdateRouteReq,27960
UpdateRouteReq,17159
UpdateRouteReq,136681
PathTeardownReq,157415
UpdateRouteReq,171091
PathTeardownReq,183856
PathSetupReq,177977
Error,126814
PathTeardownReq,149036
UpdateRouteReq,18793
PathSetupReq,13751
UpdateRouteReq,23803
UpdateRouteReq,62490
UpdateRouteReq,75665
UpdateRouteReq,100055
PathTeardownReq,112171
PathSetupReq,113511
FindNodeRsp,65093
PathTeardownReq,77988
UpdateRouteReq,80801
PathSetupReq,93501
UpdateRouteReq,95929
UpdateRouteReq,42276
PathTeardownReq,45025
UpdateRouteReq,18301
UpdateRouteReq,16717
Error,103124
UpdateRouteReq,119362
PathSetupReq,120542
UpdateRouteReq,132438
UpdateRouteReq,135448
Error,79198
Error,80807
UpdateRouteReq,83058
PathSetupReq,24127
UpdateRouteReq,27089
Error,18217
UpdateRouteReq,24185
Error,49980
FindNodeRsp,24201
Error,34427
Error,41290
Error,29193
PathTeardownReq,83731
PathSetupReq,104385
PathTeardownReq,125178
UpdateRouteReq,83857
PathSetupReq,84354
UpdateRouteReq,87257
UpdateRouteReq,90212
FindNodeReq,127951
UpdateRouteReq,120395
UpdateRouteReq,136021
Error,17842
UpdateRouteReq,18372
UpdateRouteReq,38045
PathTeardownReq,14087
FindNodeReq,36033
UpdateRouteReq,32634
Error,31321
Error,34997
PathTeardownReq,37307
Error,14975
UpdateRouteReq,28846
UpdateRouteReq,32254
FindNodeReq,61415
FindNodeReq,82086
UpdateRouteReq,85011
PathSetupReq,196340
UpdateRouteReq,199579
UpdateRouteReq,233518
PathTeardownReq,283041
UpdateRouteReq,285172
PathSetupReq,285992
UpdateRouteReq,288564
UpdateRouteReq,299520
PathTeardownReq,309890
UpdateRouteReq,322068
PathTeardownReq,62832
PathSetupReq,86150
PathTeardownReq,130505
UpdateRouteReq,125387
FindNodeRsp,129298
UpdateRouteReq,37462
UpdateRouteReq,39206
UpdateRouteReq,48702
UpdateRouteReq,52281
UpdateRouteReq,78238
PathTeardownReq,104164
UpdateRouteReq,104716
PathSetupReq,105519
UpdateRouteReq,108748
UpdateRouteReq,112485
UpdateRouteReq,115573
UpdateRouteReq,117408
PathSetupReq,132945
UpdateRouteReq,19783
UpdateRouteReq,19116
UpdateRouteReq,17832
UpdateRouteReq,17782
UpdateRouteReq,30041
UpdateRouteReq,91497
UpdateRouteReq,106484
PathTeardownReq,108452
PathSetupReq,62461
PathTeardownReq,64027
UpdateRouteReq,42706
PathSetupReq,15651
UpdateRouteReq,18374
UpdateRouteReq,18186
UpdateRouteReq,32684
UpdateRouteReq,39762
PathSetupReq,41087
UpdateRouteReq,56890
UpdateRouteReq,91806
PathTeardownReq,103283
PathSetupReq,105458
UpdateRouteReq,140076
Error,77354
PathTeardownReq,46800
UpdateRouteReq,18732
Error,113036
UpdateRouteReq,116444
PathSetupReq,117986
UpdateRouteReq,121614
UpdateRouteReq,124233
UpdateRouteReq,70165
UpdateRouteReq,85145
Error,136592
Error,122765
UpdateRouteReq,126070
UpdateRouteReq,141022
UpdateRouteReq,154639
PathTeardownReq,166490
Error,56318
Error,76691
Error,46340
Error,66802
PathSetupReq,31408
Error,36111
Error,36038
Error,25179
PathTeardownReq,35783
Error,34573
Error,36185
UpdateRouteReq,39243
PathTeardownReq,95689
PathSetupReq,112429
PathTeardownReq,113760
FindNodeReq,133440
Error,134072
UpdateRouteReq,137068
UpdateRouteReq,153468
UpdateRouteReq,178147
PathSetupReq,114768
PathTeardownReq,115926
Error,117455
FindNodeReq,148584
Error,150292
UpdateRouteReq,152411
Error,152351
UpdateRouteReq,28388
UpdateRouteReq,16889
PathSetupReq,14036
Error,23271
UpdateRouteReq,18800
PathSetupReq,14012
UpdateRouteReq,43667
PathTeardownReq,39222
UpdateRouteReq,42674
UpdateRouteReq,37273
PathSetupReq,38206
UpdateRouteReq,15926
Error,12630
UpdateRouteReq,16151
UpdateRouteReq,40540
PathTeardownReq,81335
PathSetupReq,81647
PathTeardownReq,15027
FindNodeReq,36992
UpdateRouteReq,35138
FindNodeRsp,32227
UpdateRouteReq,61952
UpdateRouteReq,154791
FindNodeReq,198077
PathSetupReq,199045
UpdateRouteReq,70498
UpdateRouteReq,93141
UpdateRouteReq,105270
PathTeardownReq,69837
FindNodeReq,97242
UpdateRouteReq,99386
UpdateRouteReq,34725
Error,55029
PathSetupReq,114728
UpdateRouteReq,108775
Error,109448
UpdateRouteReq,139217
Error,180867
PathTeardownReq,191614
PathSetupReq,192652
PathTeardownReq,193697
UpdateRouteReq,216172
PathSetupReq,216977
UpdateRouteReq,226815
UpdateRouteReq,258579
UpdateRouteReq,264772
UpdateRouteReq,294589
PathSetupReq,314300
UpdateRouteReq,78812
UpdateRouteReq,35456
UpdateRouteReq,16530
UpdateRouteReq,20707
UpdateRouteReq,18517
Error,22854
UpdateRouteReq,18996
UpdateRouteReq,16576
PathSetupReq,12796
Error,20102
UpdateRouteReq,46687
UpdateRouteReq,59385
UpdateRouteReq,25487
PathTeardownReq,14146
PathSetupReq,38712
PathTeardownReq,40185
UpdateRouteReq,64113
UpdateRouteReq,25654
PathSetupReq,24863
UpdateRouteReq,33629
UpdateRouteReq,46346
Error,74350
UpdateRouteReq,90101
UpdateRouteReq,103089
UpdateRouteReq,107217
UpdateRouteReq,109228
PathTeardownReq,111337
PathSetupReq,145414
PathTeardownReq,146624
Error,152710
PathTeardownReq,154209
PathSetupReq,155278
PathTeardownReq,155988
UpdateRouteReq,123799
PathSetupReq,135235
UpdateRouteReq,138705
PathSetupReq,175282
PathTeardownReq,61801
UpdateRouteReq,90110
UpdateRouteReq,150175
FindNodeReq,175631
PathTeardownReq,177549
Error,205456
FindNodeReq,223122
UpdateRouteReq,220221
Error,237214
PathSetupReq,247326
UpdateRouteReq,272008
PathTeardownReq,157990
Error,176340
UpdateRouteReq,196815
PathSetupReq,197666
PathSetupReq,198898
PathTeardownReq,200610
FindNodeReq,237074
UpdateRouteReq,241927
UpdateRouteReq,157419
UpdateRouteReq,175720
UpdateRouteReq,213123
Error,54261
Error,74789
Error,86952
FindNodeRsp,105597
UpdateRouteReq,145748
Error,180856
Error,197850
UpdateRouteReq,201122
PathTeardownReq,202571
Error,91292
UpdateRouteReq,120253
UpdateRouteReq,133383
PathSetupReq,115296
PathTeardownReq,116412
PathSetupReq,117180
PathTeardownReq,117926
FindNodeReq,137830
Error,148676
UpdateRouteReq,152274
Error,199122
Error,108353
Error,115528
UpdateRouteReq,158844
Error,78255
Error,83666
Error,113284
Error,121280
UpdateRouteReq,122528
PathSetupReq,123409
UpdateRouteReq,127615
UpdateRouteReq,67696
UpdateRouteReq,80305
Error,104137
PathSetupReq,65316
Error,65605
UpdateRouteReq,69257
Error,69284
UpdateRouteReq,53614
UpdateRouteReq,59661
UpdateRouteReq,66884
Error,68755
PathTeardownReq,71024
PathSetupReq,72589
PathTeardownReq,46759
UpdateRouteReq,34550
Error,44428
PathSetupReq,17250
UpdateRouteReq,25946
UpdateRouteReq,33268
Error,13236
FindNodeReq,41514
UpdateRouteReq,16500
UpdateRouteReq,21918
Error,14093
PathSetupReq,16332
UpdateRouteReq,44438
UpdateRouteReq,18869
UpdateRouteReq,19574
UpdateRouteReq,69029
UpdateRouteReq,97504
UpdateRouteReq,101124
Error,112822
PathTeardownReq,154536
PathSetupReq,155889
PathTeardownReq,195549
UpdateRouteReq,198574
UpdateRouteReq,135032
UpdateRouteReq,151755
Error,195703
UpdateRouteReq,211343
Error,89840
UpdateRouteReq,134198
Error,56258
PathTeardownReq,58741
FindNodeReq,76823
Error,128441
FindNodeReq,149285
UpdateRouteReq,151684
PathSetupReq,152564
UpdateRouteReq,165654
UpdateRouteReq,168742
UpdateRouteReq,171387
PathSetupReq,172550
UpdateRouteReq,175855
Error,203317
UpdateRouteReq,207168
FindNodeRsp,54245
UpdateRouteReq,20798
UpdateRouteReq,18266
Error,16350
UpdateRouteReq,47798
PathTeardownReq,15907
PathSetupReq,15342
UpdateRouteReq,49276
Error,67249
UpdateRouteReq,68683
UpdateRouteReq,93701
UpdateRouteReq,60893
PathTeardownReq,62604
PathSetupReq,75999
PathTeardownReq,111599
UpdateRouteReq,133395
PathSetupReq,144908
UpdateRouteReq,147895
UpdateRouteReq,50106
UpdateRouteReq,75328
Error,21131
UpdateRouteReq,17913
PathSetupReq,14950
Error,15780
UpdateRouteReq,17434
Error,32512
UpdateRouteReq,33363
PathTeardownReq,22289
PathSetupReq,14168
PathTeardownReq,14025
UpdateRouteReq,19677
Error,41485
PathSetupReq,20104
UpdateRouteReq,16972
FindNodeRsp,33211
UpdateRouteReq,33902
PathSetupReq,65926
UpdateRouteReq,69469
FindNodeRsp,71924
UpdateRouteReq,59275
Error,69745
PathTeardownReq,70939
PathSetupReq,72408
UpdateRouteReq,190043
UpdateRouteReq,209115
UpdateRouteReq,220686
UpdateRouteReq,99509
UpdateRouteReq,123531
UpdateRouteReq,120585
UpdateRouteReq,134961
PathTeardownReq,105592
PathSetupReq,105280
Error,128678
UpdateRouteReq,132421
UpdateRouteReq,159767
UpdateRouteReq,161831
PathTeardownReq,172642
PathSetupReq,81725
UpdateRouteReq,103197
UpdateRouteReq,154578
Error,117324
Error,135079
UpdateRouteReq,80879
UpdateRouteReq,94685
Error,64035
Error,86218
UpdateRouteReq,99032
Error,39211
Error,59517
Error,31489
Error,36330
UpdateRouteReq,25043
Error,19601
Error,27414
UpdateRouteReq,36218
PathTeardownReq,47447
PathSetupReq,55643
PathTeardownReq,66367
UpdateRouteReq,106474
FindNodeReq,72316
UpdateRouteReq,84113
Error,35270
Error,17280
UpdateRouteReq,21167
UpdateRouteReq,31753
FindNodeRsp,23635
UpdateRouteReq,16517
Error,16099
UpdateRouteReq,26754
UpdateRouteReq,26894
UpdateRouteReq,31768
Error,39689
PathSetupReq,24864
PathTeardownReq,20249
Error,21386
Error,15805
UpdateRouteReq,44500
Error,62771
UpdateRouteReq,65603
UpdateRouteReq,92279
UpdateRouteReq,62847
PathTeardownReq,62445
PathSetupReq,76800
PathTeardownReq,78033
Error,79709
FindNodeReq,35248
UpdateRouteReq,25427
UpdateRouteReq,25922
UpdateRouteReq,34873
UpdateRouteReq,48553
UpdateRouteReq,78437
Error,90910
PathSetupReq,48210
UpdateRouteReq,56901
UpdateRouteReq,71831
UpdateRouteReq,32090
Error,40271
Error,22132
UpdateRouteReq,38197
UpdateRouteReq,32154
PathSetupReq,27912
Error,40692
UpdateRouteReq,88294
UpdateRouteReq,121997
UpdateRouteReq,73238
Error,72314
Error,73625
Error,87645
UpdateRouteReq,90398
Error,16209
UpdateRouteReq,17898
UpdateRouteReq,25633
UpdateRouteReq,36987
PathTeardownReq,36851
UpdateRouteReq,40026
UpdateRouteReq,42809
PathTeardownReq,30343
PathSetupReq,29063
PathSetupReq,29973
PathTeardownReq,31163
UpdateRouteReq,19587
PathSetupReq,17708
UpdateRouteReq,20158
UpdateRouteReq,17232
UpdateRouteReq,15863
PathTeardownReq,115554
UpdateRouteReq,117531
PathSetupReq,118290
UpdateRouteReq,121879
UpdateRouteReq,125148
UpdateRouteReq,136499
PathTeardownReq,147513
UpdateRouteReq,143319
Error,181923
FindNodeRsp,42197
Error,34450
UpdateRouteReq,17182
UpdateRouteReq,26149
UpdateRouteReq,16787
PathSetupReq,12965
PathTeardownReq,35153
UpdateRouteReq,67557
PathSetupReq,69493
UpdateRouteReq,72066
UpdateRouteReq,17621
UpdateRouteReq,16420
PathTeardownReq,14384
PathSetupReq,13024
UpdateRouteReq,17881
UpdateRouteReq,15907
FindNodeReq,72196
UpdateRouteReq,67907
UpdateRouteReq,57687
PathSetupReq,69609
FindNodeReq,40863
UpdateRouteReq,20361
UpdateRouteReq,38018
UpdateRouteReq,81504
FindNodeReq,100350
PathSetupReq,101687
PathTeardownReq,118530
UpdateRouteReq,115714
PathTeardownReq,109547
PathSetupReq,110013
PathTeardownReq,110986
UpdateRouteReq,48261
PathSetupReq,14362
UpdateRouteReq,17374
UpdateRouteReq,16683
UpdateRouteReq,22966
Error,21935
Error,19823
Error,122630
UpdateRouteReq,126183
UpdateRouteReq,159864
UpdateRouteReq,189701
UpdateRouteReq,41878
UpdateRouteReq,36746
UpdateRouteReq,39898
PathTeardownReq,51236
PathSetupReq,52418
PathTeardownReq,87781
UpdateRouteReq,83450
UpdateRouteReq,85487
PathSetupReq,85855
UpdateRouteReq,93815
UpdateRouteReq,106225
FindNodeRsp,60924
UpdateRouteReq,67313
UpdateRouteReq,74475
UpdateRouteReq,97408
Error,41060
PathTeardownReq,46828
PathSetupReq,64585
Error,106545
PathTeardownReq,119347
Error,129265
Error,157955
UpdateRouteReq,37730
PathSetupReq,36762
FindNodeReq,63725
UpdateRouteReq,33850
UpdateRouteReq,31531
Error,36924
Error,29033
UpdateRouteReq,16954
Error,38066
Error,33326
Error,20367
UpdateRouteReq,35137
UpdateRouteReq,20251
UpdateRouteReq,18584
UpdateRouteReq,23839
PathSetupReq,28129
UpdateRouteReq,29986
UpdateRouteReq,33025
Error,29063
PathTeardownReq,14674
PathSetupReq,13131
UpdateRouteReq,23949
UpdateRouteReq,30140
UpdateRouteReq,78561
UpdateRouteReq,64796
UpdateRouteReq,66967
UpdateRouteReq,44117
PathSetupReq,54978
UpdateRouteReq,64443
UpdateRouteReq,65615
UpdateRouteReq,105151
UpdateRouteReq,58044
PathTeardownReq,60350
Error,61530
PathSetupReq,62708
FindNodeReq,80994
UpdateRouteReq,22308
PathTeardownReq,73888
UpdateRouteReq,73349
PathSetupReq,73926
UpdateRouteReq,77708
UpdateRouteReq,93964
UpdateRouteReq,17850
PathTeardownReq,13603
PathSetupReq,14874
PathTeardownReq,34902
UpdateRouteReq,59201
PathSetupReq,59930
UpdateRouteReq,75269
UpdateRouteReq,17898
UpdateRouteReq,18837
PathSetupReq,14706
UpdateRouteReq,18284
UpdateRouteReq,37853
UpdateRouteReq,24526
PathSetupReq,24168
UpdateRouteReq,18147
UpdateRouteReq,17445
Error,15991
PathTeardownReq,15829
PathSetupReq,28557
PathTeardownReq,12790
UpdateRouteReq,33644
UpdateRouteReq,17808
UpdateRouteReq,16729
PathSetupReq,55078
UpdateRouteReq,158638
UpdateRouteReq,184732
UpdateRouteReq,208454
Error,244443
UpdateRouteReq,258064
Error,285441
UpdateRouteReq,289903
UpdateRouteReq,112354
Error,19491
PathTeardownReq,20168
Error,30503
UpdateRouteReq,45407
UpdateRouteReq,68523
UpdateRouteReq,81927
UpdateRouteReq,86123
PathTeardownReq,15555
PathSetupReq,14296
PathTeardownReq,14328
FindNodeReq,34807
UpdateRouteReq,20185
UpdateRouteReq,79075
PathSetupReq,108508
FindNodeReq,119282
UpdateRouteReq,109756
UpdateRouteReq,58692
UpdateRouteReq,71582
UpdateRouteReq,84015
UpdateRouteReq,20639
UpdateRouteReq,17088
PathSetupReq,14609
UpdateRouteReq,17191
PathTeardownReq,16220
PathSetupReq,32629
UpdateRouteReq,54615
PathTeardownReq,30694
UpdateRouteReq,25359
UpdateRouteReq,28314
PathSetupReq,15538
UpdateRouteReq,19156
UpdateRouteReq,18787
UpdateRouteReq,20067
PathTeardownReq,28204
PathSetupReq,51404
PathTeardownReq,52192
UpdateRouteReq,66417
UpdateRouteReq,96082
UpdateRouteReq,59079
UpdateRouteReq,71284
FindNodeReq,68812
UpdateRouteReq,83150
PathTeardownReq,98518
PathSetupReq,110810
PathTeardownReq,112414
UpdateRouteReq,152136
PathSetupReq,180547
UpdateRouteReq,626980
UpdateRouteReq,99908
UpdateRouteReq,181123
Error,96633
UpdateRouteReq,100225
UpdateRouteReq,125947
PathTeardownReq,75022
UpdateRouteReq,87813
UpdateRouteReq,25646
Error,32993
UpdateRouteReq,32276
Error,69741
UpdateRouteReq,73649
UpdateRouteReq,75365
PathSetupReq,78847
UpdateRouteReq,72880
Error,94855
UpdateRouteReq,100797
UpdateRouteReq,112568
UpdateRouteReq,81163
UpdateRouteReq,97624
Error,116520
Error,62425
Error,61687
PathTeardownReq,66112
PathSetupReq,35045
Error,46332
Error,57470
PathTeardownReq,59937
UpdateRouteReq,47577
UpdateRouteReq,141617
FindNodeRsp,150437
PathTeardownReq,151561
PathSetupReq,164681
PathTeardownReq,166001
FindNodeReq,195211
UpdateRouteReq,198812
Error,247322
UpdateRouteReq,251843
UpdateRouteReq,77705
UpdateRouteReq,114805
Error,165533
PathSetupReq,51247
Error,65812
UpdateRouteReq,68548
UpdateRouteReq,54168
Error,46117
UpdateRouteReq,32220
Error,66069
Error,94533
Error,39054
Error,67094
PathTeardownReq,69999
Error,87007
Error,39793
Error,63739
Error,40958
Error,28946
FindNodeReq,39726
Error,21731
UpdateRouteReq,42222
Error,43968
UpdateRouteReq,94718
UpdateRouteReq,100293
PathSetupReq,110350
UpdateRouteReq,113337
UpdateRouteReq,46124
UpdateRouteReq,48297
Error,13512
UpdateRouteReq,16537
FindNodeRsp,33555
UpdateRouteReq,34284
UpdateRouteReq,17673
Error,16305
UpdateRouteReq,16751
PathTeardownReq,13479
PathTeardownReq,13894
UpdateRouteReq,16798
PathSetupReq,12618
UpdateRouteReq,15629
UpdateRouteReq,37612
PathTeardownReq,33245
PathTeardownReq,25192
PathSetupReq,25884
PathTeardownReq,27587
UpdateRouteReq,27205
PathSetupReq,28022
UpdateRouteReq,45495
UpdateRouteReq,73435
PathSetupReq,74230
UpdateRouteReq,30333
UpdateRouteReq,32085
UpdateRouteReq,34849
PathTeardownReq,103326
PathSetupReq,95052
PathTeardownReq,96136
FindNodeReq,119407
UpdateRouteReq,122934
UpdateRouteReq,159671
UpdateRouteReq,162603
UpdateRouteReq,28563
PathSetupReq,39093
UpdateRouteReq,43896
Error,45126
UpdateRouteReq,41085
UpdateRouteReq,17220
Error,39460
UpdateRouteReq,65133
PathTeardownReq,28204
UpdateRouteReq,34857
Error,13840
UpdateRouteReq,36771
PathSetupReq,64883
UpdateRouteReq,67936
UpdateRouteReq,71215
UpdateRouteReq,74333
UpdateRouteReq,26563
UpdateRouteReq,18676
PathTeardownReq,16258
PathSetupReq,15238
Error,53989
UpdateRouteReq,56036
PathSetupReq,57180
UpdateRouteReq,42174
UpdateRouteReq,46345
PathTeardownReq,14039
UpdateRouteReq,64854
PathSetupReq,65605
UpdateRouteReq,68541
UpdateRouteReq,86800
UpdateRouteReq,31460
Error,73266
UpdateRouteReq,36232
UpdateRouteReq,49522
UpdateRouteReq,16499
PathTeardownReq,41126
PathSetupReq,53805
PathTeardownReq,54900
UpdateRouteReq,18120
UpdateRouteReq,17979
PathTeardownReq,35119
PathSetupReq,69977
PathTeardownReq,71325
UpdateRouteReq,72870
PathSetupReq,73890
UpdateRouteReq,76599
UpdateRouteReq,79923
PathTeardownReq,51765
PathSetupReq,51126
UpdateRouteReq,55168
PathTeardownReq,56623
PathSetupReq,50062
PathTeardownReq,31291
UpdateRouteReq,32424
PathTeardownReq,14761
UpdateRouteReq,18002
UpdateRouteReq,15240
PathSetupReq,12885
UpdateRouteReq,15991
UpdateRouteReq,22990
UpdateRouteReq,17062
PathTeardownReq,13195
UpdateRouteReq,18180
UpdateRouteReq,16010
FindNodeRsp,24280
PathSetupReq,34319
PathTeardownReq,69602
UpdateRouteReq,77209
PathSetupReq,77980
UpdateRouteReq,80836
UpdateRouteReq,75794
UpdateRouteReq,114699
UpdateRouteReq,128685
UpdateRouteReq,141106
PathTeardownReq,152197
PathSetupReq,161184
UpdateRouteReq,181408
PathSetupReq,191417
Error,82069
Error,118046
UpdateRouteReq,121759
UpdateRouteReq,134175
UpdateRouteReq,146846
Error,148749
UpdateRouteReq,151239
UpdateRouteReq,38626
UpdateRouteReq,31231
UpdateRouteReq,25306
UpdateRouteReq,18458
UpdateRouteReq,16118
UpdateRouteReq,24166
UpdateRouteReq,21169
UpdateRouteReq,24520
UpdateRouteReq,53561
PathSetupReq,14042
FindNodeReq,41998
UpdateRouteReq,20060
UpdateRouteReq,17574
UpdateRouteReq,58042
UpdateRouteReq,80495
UpdateRouteReq,41786
Error,119644
UpdateRouteReq,123104
UpdateRouteReq,59351
PathTeardownReq,71835
PathSetupReq,72855
Error,90147
PathTeardownReq,91419
FindNodeRsp,95413
Error,118610
PathTeardownReq,120772
PathSetupReq,121631
Error,139711
PathTeardownReq,141739
Error,67768
Error,85123
Error,46113
Error,27651
UpdateRouteReq,17404
Error,26900
PathSetupReq,26984
UpdateRouteReq,103331
UpdateRouteReq,111754
UpdateRouteReq,115614
Error,115447
UpdateRouteReq,118888
UpdateRouteReq,120465
PathSetupReq,121714
UpdateRouteReq,56618
Error,92716
PathTeardownReq,51408
Error,64531
PathSetupReq,66324
PathTeardownReq,78065
UpdateRouteReq,67391
Error,78049
FindNodeRsp,24671
UpdateRouteReq,70578
Error,43636
UpdateRouteReq,20045
PathTeardownReq,14535
Error,35543
PathSetupReq,38785
PathTeardownReq,53839
FindNodeReq,77187
UpdateRouteReq,79714
UpdateRouteReq,101957
UpdateRouteReq,18990
PathTeardownReq,15162
Error,21655
PathSetupReq,21444
PathTeardownReq,47667
UpdateRouteReq,69199
PathSetupReq,71206
UpdateRouteReq,74883
UpdateRouteReq,78368
UpdateRouteReq,107301
UpdateRouteReq,54693
Error,40376
Error,13558
UpdateRouteReq,19318
PathTeardownReq,15457
UpdateRouteReq,42584
UpdateRouteReq,27901
UpdateRouteReq,31229
PathTeardownReq,13771
UpdateRouteReq,50338
PathSetupReq,49559
UpdateRouteReq,67586
Error,62085
Error,14870
UpdateRouteReq,19920
UpdateRouteReq,17669
UpdateRouteReq,71345
FindNodeRsp,94823
UpdateRouteReq,109488
UpdateRouteReq,16058
UpdateRouteReq,35925
UpdateRouteReq,142630
PathSetupReq,143618
UpdateRouteReq,147297
Error,162772
Error,172747
UpdateRouteReq,176306
UpdateRouteReq,189888
UpdateRouteReq,203042
UpdateRouteReq,206635
PathTeardownReq,209150
PathSetupReq,77852
UpdateRouteReq,121833
PathTeardownReq,72863
UpdateRouteReq,75728
UpdateRouteReq,112644
Error,72267
UpdateRouteReq,88231
Error,97655
PathTeardownReq,99783
PathSetupReq,34146
Error,44594
FindNodeReq,57230
Error,60000
UpdateRouteReq,61198
UpdateRouteReq,15792
PathSetupReq,25075
UpdateRouteReq,25618
UpdateRouteReq,19263
UpdateRouteReq,74699
PathTeardownReq,89522
UpdateRouteReq,92043
PathSetupReq,93903
UpdateRouteReq,97056
UpdateRouteReq,89352
PathSetupReq,101605
PathTeardownReq,103431
UpdateRouteReq,116907
PathSetupReq,118315
UpdateRouteReq,120618
Error,122866
Error,22377
UpdateRouteReq,19904
PathTeardownReq,15628
PathSetupReq,13168
PathTeardownReq,14777
FindNodeRsp,178166
PathTeardownReq,197175
UpdateRouteReq,201096
Error,202820
Error,274239
FindNodeReq,292730
Error,311616
UpdateRouteReq,314527
PathSetupReq,315672
UpdateRouteReq,319107
UpdateRouteReq,323656
UpdateRouteReq,327302
UpdateRouteReq,340934
PathSetupReq,44384
Error,91013
UpdateRouteReq,94537
Error,119360
UpdateRouteReq,121633
Error,84723
UpdateRouteReq,105167
Error,121978
Error,73128
Error,87993
UpdateRouteReq,101755
Error,111584
Error,18498
Error,41313
Error,89749
UpdateRouteReq,113070
PathTeardownReq,53435
PathSetupReq,70360
PathTeardownReq,82221
UpdateRouteReq,72433
Error,91958
Error,89432
Error,139028
PathTeardownReq,140532
Error,57332
UpdateRouteReq,57674
Error,74044
PathSetupReq,75610
UpdateRouteReq,44660
Error,51706
UpdateRouteReq,54682
UpdateRouteReq,68449
Error,19591
Error,17823
UpdateRouteReq,25878
PathSetupReq,24713
UpdateRouteReq,17726
UpdateRouteReq,24403
PathTeardownReq,32016
PathSetupReq,20271
Error,14573
PathTeardownReq,14419
UpdateRouteReq,17867
UpdateRouteReq,17077
PathSetupReq,29275
Error,16697
UpdateRouteReq,18306
PathTeardownReq,14845
FindNodeReq,55120
UpdateRouteReq,46955
PathSetupReq,47793
UpdateRouteReq,43138
UpdateRouteReq,57561
UpdateRouteReq,59378
PathTeardownReq,70867
UpdateRouteReq,72912
PathSetupReq,73161
UpdateRouteReq,47675
UpdateRouteReq,199030
Error,223074
UpdateRouteReq,226845
PathTeardownReq,227983
PathSetupReq,239143
PathTeardownReq,240285
UpdateRouteReq,242290
PathSetupReq,241856
UpdateRouteReq,244634
UpdateRouteReq,250104
UpdateRouteReq,262382
UpdateRouteReq,275487
PathTeardownReq,286414
PathSetupReq,17403
PathTeardownReq,28767
UpdateRouteReq,17574
UpdateRouteReq,86329
UpdateRouteReq,16266
UpdateRouteReq,27141
Error,64999
UpdateRouteReq,102336
Error,78472
UpdateRouteReq,112778
UpdateRouteReq,87061
PathTeardownReq,99456
UpdateRouteReq,103399
PathTeardownReq,115773
PathSetupReq,116760
PathTeardownReq,117834
Error,119204
UpdateRouteReq,40521
UpdateRouteReq,23157
UpdateRouteReq,19052
UpdateRouteReq,35605
UpdateRouteReq,17227
Error,16892
UpdateRouteReq,111550
PathTeardownReq,122640
Error,124451
Error,143148
FindNodeReq,60617
UpdateRouteReq,61908
Error,91101
UpdateRouteReq,94686
Error,115700
UpdateRouteReq,111387
PathSetupReq,112869
UpdateRouteReq,116676
UpdateRouteReq,120155
Error,136866
UpdateRouteReq,140181
PathTeardownReq,134538
PathSetupReq,135758
UpdateRouteReq,34230
PathTeardownReq,17187
UpdateRouteReq,17348
UpdateRouteReq,20221
UpdateRouteReq,105643
UpdateRouteReq,135464
Error,162220
FindNodeReq,190814
UpdateRouteReq,204917
PathSetupReq,205967
PathTeardownReq,207415
UpdateRouteReq,209104
PathSetupReq,209548
UpdateRouteReq,58319
Error,43738
UpdateRouteReq,55618
Error,42219
UpdateRouteReq,27847
UpdateRouteReq,33134
UpdateRouteReq,17106
PathTeardownReq,105198
PathSetupReq,105989
FindNodeRsp,112145
PathTeardownReq,112967
PathTeardownReq,114200
UpdateRouteReq,156375
UpdateRouteReq,97576
UpdateRouteReq,109487
UpdateRouteReq,131724
UpdateRouteReq,142853
UpdateRouteReq,28076
UpdateRouteReq,29272
UpdateRouteReq,36957
UpdateRouteReq,17966
PathSetupReq,29079
UpdateRouteReq,30039
UpdateRouteReq,37741
UpdateRouteReq,49487
UpdateRouteReq,16654
PathTeardownReq,12740
PathSetupReq,46486
PathTeardownReq,46188
Error,73602
UpdateRouteReq,76228
PathSetupReq,77347
Error,47596
UpdateRouteReq,64301
Error,144357
Error,145853
Error,146782
UpdateRouteReq,158573
UpdateRouteReq,171686
UpdateRouteReq,194375
UpdateRouteReq,79019
Error,97356
UpdateRouteReq,109195
Error,98161
PathSetupReq,98226
Error,110967
UpdateRouteReq,124995
UpdateRouteReq,157786
Error,57227
UpdateRouteReq,16499
FindNodeRsp,24387
Error,30180
Error,55464
Error,38642
UpdateRouteReq,115010
Error,125345
UpdateRouteReq,132720
UpdateRouteReq,117030
UpdateRouteReq,128913
UpdateRouteReq,150641
UpdateRouteReq,169954
Error,203266
Error,34131
Error,47161
Error,36178
Error,57061
Error,39788
FindNodeRsp,23120
Error,39267
Error,37779
UpdateRouteReq,33783
UpdateRouteReq,43446
UpdateRouteReq,55116
Error,72163
Error,20901
Error,40814
Error,26353
Error,15392
Error,15051
PathTeardownReq,38454
FindNodeRsp,23849
FindNodeRsp,21735
UpdateRouteReq,31487
UpdateRouteReq,15495
UpdateRouteReq,31404
UpdateRouteReq,33319
Error,13888
FindNodeReq,61910
UpdateRouteReq,46760
PathSetupReq,57014
UpdateRouteReq,61150
Error,62153
UpdateRouteReq,41674
UpdateRouteReq,16033
Error,15383
UpdateRouteReq,29277
UpdateRouteReq,33384
UpdateRouteReq,45236
UpdateRouteReq,30928
Error,16713
Error,13030
Error,15098
UpdateRouteReq,108145
UpdateRouteReq,128697
Error,56479
UpdateRouteReq,60480
UpdateRouteReq,46545
Error,31281
UpdateRouteReq,15733
UpdateRouteReq,15941
UpdateRouteReq,45555
UpdateRouteReq,18109
UpdateRouteReq,30160
UpdateRouteReq,14881
UpdateRouteReq,13954
UpdateRouteReq,26261
UpdateRouteReq,33944
UpdateRouteReq,34733
UpdateRouteReq,49375
UpdateRouteReq,33561
UpdateRouteReq,120870
UpdateRouteReq,31353
UpdateRouteReq,22216
UpdateRouteReq,18775
UpdateRouteReq,18999
Error,16377
Error,60917
UpdateRouteReq,67241
UpdateRouteReq,100727
UpdateRouteReq,81483
UpdateRouteReq,93816
UpdateRouteReq,105182
UpdateRouteReq,19539
PathTeardownReq,28701
UpdateRouteReq,59299
UpdateRouteReq,53473
PathSetupReq,67114
UpdateRouteReq,79931
UpdateRouteReq,34510
Error,44813
FindNodeRsp,48768
UpdateRouteReq,37004
UpdateRouteReq,36315
PathSetupReq,35634
UpdateRouteReq,38992
UpdateRouteReq,42168
UpdateRouteReq,69754
UpdateRouteReq,17999
UpdateRouteReq,44007
UpdateRouteReq,17586
Error,12388
Error,49075
Error,65478
UpdateRouteReq,16821
UpdateRouteReq,14698
Error,47260
Error,63861
Error,81281
UpdateRouteReq,18782
Error,29608
UpdateRouteReq,35974
UpdateRouteReq,57515
UpdateRouteReq,72914
UpdateRouteReq,21330
UpdateRouteReq,87859
PathTeardownReq,110778
PathSetupReq,122701
PathTeardownReq,124275
FindNodeReq,164020
UpdateRouteReq,167345
UpdateRouteReq,169382
PathSetupReq,171106
UpdateRouteReq,173922
Error,194397
Error,126003
UpdateRouteReq,138655
UpdateRouteReq,150356
UpdateRouteReq,161559
UpdateRouteReq,172705
Error,40712
Error,41956
Error,29045
Error,31641
UpdateRouteReq,17722
Error,21076
UpdateRouteReq,20163
UpdateRouteReq,16147
PathTeardownReq,16249
PathTeardownReq,13373
UpdateRouteReq,15997
PathSetupReq,38384
UpdateRouteReq,60561
UpdateRouteReq,72982
Error,73048
UpdateRouteReq,72839
UpdateRouteReq,58753
PathTeardownReq,71351
Error,73547
UpdateRouteReq,55093
UpdateRouteReq,17290
PathSetupReq,20295
UpdateRouteReq,22321
UpdateRouteReq,18857
PathSetupReq,16401
UpdateRouteReq,24971
UpdateRouteReq,27207
UpdateRouteReq,32433
UpdateRouteReq,49883
UpdateRouteReq,26619
UpdateRouteReq,16871
PathTeardownReq,22243
PathSetupReq,94031
UpdateRouteReq,110347
UpdateRouteReq,126392
UpdateRouteReq,140544
PathTeardownReq,142003
UpdateRouteReq,164559
PathSetupReq,15995
PathTeardownReq,13192
FindNodeReq,43359
UpdateRouteReq,18355
UpdateRouteReq,26441
UpdateRouteReq,17509
PathSetupReq,19451
PathTeardownReq,19348
Error,17428
UpdateRouteReq,18083
PathTeardownReq,33062
UpdateRouteReq,35195
PathSetupReq,22271
PathSetupReq,18617
UpdateRouteReq,16193
UpdateRouteReq,17312
UpdateRouteReq,24702
UpdateRouteReq,16601
UpdateRouteReq,14843
UpdateRouteReq,14540
FindNodeRsp,24548
Error,57049
UpdateRouteReq,33817
Error,23482
UpdateRouteReq,57464
UpdateRouteReq,64778
Error,13665
Error,36456
Error,29636
UpdateRouteReq,22706
Error,15804
Error,16066
UpdateRouteReq,57633
UpdateRouteReq,90474
UpdateRouteReq,102207
UpdateRouteReq,53190
UpdateRouteReq,16790
UpdateRouteReq,93328
UpdateRouteReq,105121
UpdateRouteReq,126139
UpdateRouteReq,137312
UpdateRouteReq,42021
UpdateRouteReq,97855
UpdateRouteReq,113507
PathTeardownReq,115112
PathSetupReq,127548
PathTeardownReq,129109
UpdateRouteReq,131740
PathSetupReq,132178
FindNodeReq,152179
UpdateRouteReq,65709
UpdateRouteReq,98638
UpdateRouteReq,17531
UpdateRouteReq,14722
Error,31330
UpdateRouteReq,18397
UpdateRouteReq,58190
UpdateRouteReq,74109
UpdateRouteReq,76341
PathSetupReq,77210
Error,103812
Error,122556
Error,132733
UpdateRouteReq,137134
UpdateRouteReq,150717
UpdateRouteReq,180087
Error,212132
Error,31057
Error,39185
Error,27592
UpdateRouteReq,49130
UpdateRouteReq,74756
UpdateRouteReq,35930
UpdateRouteReq,44501
UpdateRouteReq,61775
Error,62291
UpdateRouteReq,26861
Error,47797
UpdateRouteReq,50169
PathTeardownReq,14543
PathSetupReq,14228
FindNodeReq,40971
PathSetupReq,19996
PathTeardownReq,20121
UpdateRouteReq,34610
UpdateRouteReq,23898
Error,63996
UpdateRouteReq,76903
PathSetupReq,78191
UpdateRouteReq,100134
PathSetupReq,99866
UpdateRouteReq,104454
UpdateRouteReq,107183
UpdateRouteReq,123539
Error,136417
UpdateRouteReq,143304
UpdateRouteReq,145712
UpdateRouteReq,35477
PathTeardownReq,68655
UpdateRouteReq,103450
PathTeardownReq,104842
PathSetupReq,55579
PathTeardownReq,55149
Error,68947
UpdateRouteReq,85076
UpdateRouteReq,62901
PathSetupReq,63994
UpdateRouteReq,67000
UpdateRouteReq,21671
Error,16444
UpdateRouteReq,37022
Error,34278
UpdateRouteReq,24318
UpdateRouteReq,20011
PathTeardownReq,16707
PathSetupReq,30846
PathTeardownReq,15844
UpdateRouteReq,34588
PathTeardownReq,34017
PathSetupReq,34792
PathTeardownReq,35805
UpdateRouteReq,16467
PathSetupReq,13343
Error,59137
UpdateRouteReq,19868
FindNodeRsp,26060
Error,14426
FindNodeRsp,21576
UpdateRouteReq,23309
PathSetupReq,22841
UpdateRouteReq,23366
UpdateRouteReq,25191
UpdateRouteReq,29730
Error,29363
Error,30779
Error,13164
UpdateRouteReq,17097
UpdateRouteReq,45865
Error,56561
UpdateRouteReq,66600
Error,65405
UpdateRouteReq,62332
UpdateRouteReq,75128
UpdateRouteReq,50895
PathTeardownReq,50663
UpdateRouteReq,84376
UpdateRouteReq,37999
Error,14187
UpdateRouteReq,17210
PathSetupReq,13887
PathTeardownReq,13755
UpdateRouteReq,21754
PathSetupReq,21418
Error,15336
UpdateRouteReq,20447
UpdateRouteReq,18132
Error,12128
Error,15501
UpdateRouteReq,17109
Error,32409
UpdateRouteReq,35407
UpdateRouteReq,17226
Error,33286
UpdateRouteReq,17807
Error,17462
Error,40617
Error,63374
UpdateRouteReq,43491
UpdateRouteReq,24575
UpdateRouteReq,33502
Error,60568
Error,78415
Error,54086
UpdateRouteReq,65272
UpdateRouteReq,104455
UpdateRouteReq,15844
UpdateRouteReq,26393
Error,51800
PathTeardownReq,69909
PathSetupReq,17233
PathTeardownReq,32189
Error,45018
UpdateRouteReq,47494
UpdateRouteReq,17483
UpdateRouteReq,15641
Error,39355
UpdateRouteReq,41797
Error,31503
UpdateRouteReq,18503
PathTeardownReq,45745
UpdateRouteReq,61622
PathSetupReq,62719
UpdateRouteReq,39137
PathTeardownReq,59377
UpdateRouteReq,32123
UpdateRouteReq,32522
UpdateRouteReq,14747
UpdateRouteReq,57804
PathSetupReq,58310
UpdateRouteReq,90824
UpdateRouteReq,19199
UpdateRouteReq,15593
PathTeardownReq,16476
PathSetupReq,21285
PathTeardownReq,29894
UpdateRouteReq,33174
PathTeardownReq,19196
PathSetupReq,19210
PathTeardownReq,77334
UpdateRouteReq,92145
PathSetupReq,93182
FindNodeReq,110824
FindNodeReq,126716
UpdateRouteReq,129666
PathSetupReq,131470
UpdateRouteReq,18419
UpdateRouteReq,17815
UpdateRouteReq,15707
UpdateRouteReq,33811
Error,73248
Error,64313
UpdateRouteReq,67100
UpdateRouteReq,55607
FindNodeRsp,88998
Error,41648
Error,33412
Error,38843
Error,32016
Error,21832
UpdateRouteReq,97529
Error,97409
PathSetupReq,98485
Error,99758
Error,123618
Error,124517
UpdateRouteReq,128390
UpdateRouteReq,130175
Error,130350
UpdateRouteReq,142654
UpdateRouteReq,67702
UpdateRouteReq,80653
UpdateRouteReq,38466
PathSetupReq,16110
UpdateRouteReq,17198
UpdateRouteReq,14875
Error,27057
UpdateRouteReq,36552
UpdateRouteReq,29628
Error,16669
Error,55569
FindNodeRsp,59744
Error,60233
UpdateRouteReq,49540
UpdateRouteReq,62061
Error,15096
FindNodeRsp,20600
UpdateRouteReq,15015
UpdateRouteReq,25352
Error,25229
UpdateRouteReq,16154
Error,13945
UpdateRouteReq,39583
PathTeardownReq,37965
UpdateRouteReq,57806
UpdateRouteReq,31961
UpdateRouteReq,54191
UpdateRouteReq,113069
PathSetupReq,114277
UpdateRouteReq,134368
UpdateRouteReq,146130
Error,147928
PathTeardownReq,167370
UpdateRouteReq,71308
UpdateRouteReq,81793
UpdateRouteReq,67826
UpdateRouteReq,84884
Error,81231
UpdateRouteReq,83320
UpdateRouteReq,36592
FindNodeRsp,20780
UpdateRouteReq,16902
UpdateRouteReq,25920
UpdateRouteReq,29723
UpdateRouteReq,49296
PathTeardownReq,36635
PathSetupReq,47659
UpdateRouteReq,30250
UpdateRouteReq,13442
UpdateRouteReq,27810
UpdateRouteReq,28903
UpdateRouteReq,16665
Error,12424
UpdateRouteReq,15301
UpdateRouteReq,13415
UpdateRouteReq,13265
Error,14512
UpdateRouteReq,27506
Error,53569
UpdateRouteReq,39001
UpdateRouteReq,41739
UpdateRouteReq,32204
Error,98861
UpdateRouteReq,101504
Error,114446
UpdateRouteReq,27747
Error,60739
UpdateRouteReq,60595
Error,27496
Error,25793
UpdateRouteReq,22423
UpdateRouteReq,58526
UpdateRouteReq,69413
Error,103728
Error,50788
Error,46527
Error,60873
Error,76668
Error,26813
FindNodeRsp,22265
Error,29127
FindNodeRsp,19032
Error,17939
Error,27879
UpdateRouteReq,299502
Error,20520
Error,19834
UpdateRouteReq,32224
UpdateRouteReq,51884
UpdateRouteReq,175565
UpdateRouteReq,178646
Error,189817
UpdateRouteReq,41905
UpdateRouteReq,69450
Error,13521
Error,20572
PathTeardownReq,18939
UpdateRouteReq,16849
UpdateRouteReq,15372
UpdateRouteReq,37755
UpdateRouteReq,51575
PathSetupReq,13822
UpdateRouteReq,38039
UpdateRouteReq,92987
UpdateRouteReq,100481
PathTeardownReq,72817
PathSetupReq,87588
PathTeardownReq,99693
UpdateRouteReq,84727
PathSetupReq,94632
Error,96432
UpdateRouteReq,100067
UpdateRouteReq,114389
UpdateRouteReq,15588
Error,27595
FindNodeRsp,22348
Error,11648
Error,26848
UpdateRouteReq,21750
PathTeardownReq,22185
PathSetupReq,17583
PathTeardownReq,17793
Error,33150
Error,13446
Error,20619
FindNodeReq,34935
UpdateRouteReq,22076
PathSetupReq,21697
UpdateRouteReq,15005
UpdateRouteReq,14693
PathTeardownReq,18032
PathSetupReq,18019
PathTeardownReq,19768
UpdateRouteReq,20401
PathSetupReq,11752
UpdateRouteReq,14751
UpdateRouteReq,13354
UpdateRouteReq,16727
UpdateRouteReq,22003
Error,21654
UpdateRouteReq,16160
UpdateRouteReq,14604
UpdateRouteReq,20314
UpdateRouteReq,61347
UpdateRouteReq,71964
Error,26527
UpdateRouteReq,14880
UpdateRouteReq,14602
UpdateRouteReq,12888
UpdateRouteReq,13311
FindNodeRsp,42909
UpdateRouteReq,44727
UpdateRouteReq,24962
Error,17815
Error,28177
UpdateRouteReq,61436
Error,53668
UpdateRouteReq,15329
Error,28979
Error,29474
Error,36577
Error,17939
UpdateRouteReq,42327
UpdateRouteReq,30028
Error,21621
UpdateRouteReq,22368
UpdateRouteReq,53506
UpdateRouteReq,51627
UpdateRouteReq,62077
Error,16220
Error,18280
PathTeardownReq,18377
UpdateRouteReq,15532
PathSetupReq,32459
UpdateRouteReq,22142
Error,22975
Error,14831
UpdateRouteReq,15391
UpdateRouteReq,23053
UpdateRouteReq,22243
UpdateRouteReq,27709
UpdateRouteReq,27648
UpdateRouteReq,40256
UpdateRouteReq,42629
UpdateRouteReq,53294
UpdateRouteReq,33760
PathTeardownReq,97477
UpdateRouteReq,99510
PathSetupReq,100426
UpdateRouteReq,103813
UpdateRouteReq,127850
UpdateRouteReq,138528
UpdateRouteReq,35027
UpdateRouteReq,16177
Error,39997
UpdateRouteReq,41305
UpdateRouteReq,15923
PathTeardownReq,13267
UpdateRouteReq,76261
PathSetupReq,76919
UpdateRouteReq,79911
UpdateRouteReq,92615
Error,62253
UpdateRouteReq,92096
UpdateRouteReq,40047
UpdateRouteReq,52336
UpdateRouteReq,64402
Error,14262
UpdateRouteReq,16543
Error,61961
UpdateRouteReq,63404
FindNodeRsp,69530
FindNodeRsp,80877
UpdateRouteReq,50833
UpdateRouteReq,63940
UpdateRouteReq,30287
UpdateRouteReq,23620
Error,14081
UpdateRouteReq,15641
UpdateRouteReq,15579
UpdateRouteReq,14139
Error,13757
Error,11620
UpdateRouteReq,21198
Error,40851
Error,36606
UpdateRouteReq,62329
UpdateRouteReq,73719
Error,108496
Error,131787
Error,84885
Error,100057
Error,45214
Error,61792
Error,69869
Error,57324
Error,74534
Error,95284
UpdateRouteReq,98884
Error,28496
Error,19100
Error,12693
UpdateRouteReq,16645
PathTeardownReq,92519
UpdateRouteReq,94200
PathSetupReq,95034
UpdateRouteReq,98425
Error,98935
Error,22076
UpdateRouteReq,17233
Error,14679
UpdateRouteReq,32290
UpdateRouteReq,14057
UpdateRouteReq,35248
Error,73196
Error,68652
UpdateRouteReq,30826
UpdateRouteReq,18989
Error,67658
UpdateRouteReq,68431
PathTeardownReq,107963
UpdateRouteReq,110543
PathSetupReq,111836
Error,113647
UpdateRouteReq,17647
Error,23017
UpdateRouteReq,73820
UpdateRouteReq,123754
UpdateRouteReq,80895
UpdateRouteReq,81665
UpdateRouteReq,83749
UpdateRouteReq,84329
Error,118898
UpdateRouteReq,32349
UpdateRouteReq,32930
FindNodeRsp,34482
UpdateRouteReq,45898
UpdateRouteReq,34069
UpdateRouteReq,17453
PathTeardownReq,41497
UpdateRouteReq,55070
Error,13278
UpdateRouteReq,17584
FindNodeRsp,26148
Error,26395
Error,13567
UpdateRouteReq,38671
UpdateRouteReq,16007
UpdateRouteReq,41061
UpdateRouteReq,41636
UpdateRouteReq,20914
Error,14634
UpdateRouteReq,49250
UpdateRouteReq,18393
UpdateRouteReq,15910
UpdateRouteReq,14959
UpdateRouteReq,22891
UpdateRouteReq,31074
Error,26317
Error,21476
UpdateRouteReq,21674
UpdateRouteReq,27536
UpdateRouteReq,13002
UpdateRouteReq,33446
UpdateRouteReq,16514
Error,31384
Error,72751
UpdateRouteReq,76091
UpdateRouteReq,33201
Error,62886
UpdateRouteReq,66872
Error,27980
Error,51771
Error,73008
Error,37749
Error,57428
Error,28469
Error,34022
FindNodeRsp,22730
PathTeardownReq,13844
PathSetupReq,12488
PathTeardownReq,14119
Error,25830
UpdateRouteReq,26416
PathSetupReq,53411
Error,53539
UpdateRouteReq,56060
UpdateRouteReq,74222
UpdateRouteReq,87033
UpdateRouteReq,32260
Error,93031
UpdateRouteReq,104466
PathSetupReq,105557
UpdateRouteReq,102296
Error,112888
Error,113305
UpdateRouteReq,15678
UpdateRouteReq,15228
Error,19016
Error,13045
UpdateRouteReq,15995
UpdateRouteReq,15051
Error,13137
UpdateRouteReq,18683
UpdateRouteReq,21786
UpdateRouteReq,20654
PathTeardownReq,20691
UpdateRouteReq,32954
PathSetupReq,43284
PathTeardownReq,44820
UpdateRouteReq,26380
PathSetupReq,25784
UpdateRouteReq,28287
UpdateRouteReq,32924
UpdateRouteReq,32624
UpdateRouteReq,48147
UpdateRouteReq,47596
UpdateRouteReq,62627
PathTeardownReq,25781
PathSetupReq,24952
PathTeardownReq,12396
UpdateRouteReq,15080
PathSetupReq,12171
UpdateRouteReq,16883
FindNodeRsp,21149
FindNodeRsp,17873
UpdateRouteReq,16368
UpdateRouteReq,15623
UpdateRouteReq,13479
UpdateRouteReq,18116
UpdateRouteReq,26510
Error,33035
UpdateRouteReq,12980
UpdateRouteReq,90601
UpdateRouteReq,92527
UpdateRouteReq,16993
UpdateRouteReq,15832
UpdateRouteReq,36194
UpdateRouteReq,55399
UpdateRouteReq,50292
UpdateRouteReq,68606
UpdateRouteReq,50496
UpdateRouteReq,28315
UpdateRouteReq,41425
UpdateRouteReq,14105
UpdateRouteReq,23113
UpdateRouteReq,14251
UpdateRouteReq,23067
UpdateRouteReq,14645
Error,44583
Error,35350
UpdateRouteReq,15725
UpdateRouteReq,13022
UpdateRouteReq,13527
UpdateRouteReq,13428
Error,30470
UpdateRouteReq,21829
UpdateRouteReq,16234
UpdateRouteReq,15592
UpdateRouteReq,14171
Error,41239
UpdateRouteReq,23955
UpdateRouteReq,25034
UpdateRouteReq,28351
Error,48267
Error,62658
UpdateRouteReq,22201
PathSetupReq,28166
UpdateRouteReq,25202
UpdateRouteReq,31573
UpdateRouteReq,17110
UpdateRouteReq,35445
UpdateRouteReq,17408
UpdateRouteReq,17091
PathTeardownReq,33521
PathSetupReq,18336
PathTeardownReq,18006
UpdateRouteReq,14921
PathSetupReq,12360
Error,36169
UpdateRouteReq,17955
Error,29899
UpdateRouteReq,18033
UpdateRouteReq,64623
UpdateRouteReq,34455
UpdateRouteReq,26923
Error,33722
Error,28706
Error,13015
UpdateRouteReq,23197
UpdateRouteReq,23532
UpdateRouteReq,31598
UpdateRouteReq,43443
UpdateRouteReq,14543
Error,32063
Error,44614
Error,30462
Error,38702
UpdateRouteReq,19825
UpdateRouteReq,23767
Error,46235
UpdateRouteReq,29409
PathSetupReq,22705
Error,42679
Error,57002
Error,77875
UpdateRouteReq,17165
Error,38660
Error,20973
UpdateRouteReq,33536
Error,12652
UpdateRouteReq,13147
Error,13180
UpdateRouteReq,17392
PathTeardownReq,19104
Error,19041
UpdateRouteReq,46739
Error,12504
Error,12147
Error,13231
UpdateRouteReq,15542
PathSetupReq,12450
UpdateRouteReq,17317
UpdateRouteReq,24811
UpdateRouteReq,22476
UpdateRouteReq,17531
PathTeardownReq,14390
Error,14434
UpdateRouteReq,17111
PathTeardownReq,12998
PathSetupReq,17763
PathTeardownReq,18265
UpdateRouteReq,15790
PathSetupReq,19248
UpdateRouteReq,19806
UpdateRouteReq,15295
UpdateRouteReq,14643
PathSetupReq,21242
PathTeardownReq,21353
UpdateRouteReq,21421
UpdateRouteReq,17243
UpdateRouteReq,17623
PathSetupReq,13287
Error,18602
PathTeardownReq,19315
UpdateRouteReq,17009
UpdateRouteReq,23222
UpdateRouteReq,13701
UpdateRouteReq,12780
Error,14187
Error,15152
Error,19404
Error,13493
Error,12429
UpdateRouteReq,15124
Error,13341
UpdateRouteReq,15678
UpdateRouteReq,15005
UpdateRouteReq,13037
UpdateRouteReq,14911
UpdateRouteReq,13524
UpdateRouteReq,19315
UpdateRouteReq,22741
Error,12138
PathTeardownReq,13542
UpdateRouteReq,17904
PathSetupReq,12303
UpdateRouteReq,15420
UpdateRouteReq,16763
UpdateRouteReq,15296
UpdateRouteReq,14593
UpdateRouteReq,18671
UpdateRouteReq,19321
UpdateRouteReq,15046
UpdateRouteReq,17572
UpdateRouteReq,16318
UpdateRouteReq,25609
UpdateRouteReq,37653
PathTeardownReq,13648
PathTeardownReq,18457
UpdateRouteReq,27493
UpdateRouteReq,13479
UpdateRouteReq,12796
PathTeardownReq,19910
UpdateRouteReq,20789
UpdateRouteReq,13581
FindNodeReq,37683
UpdateRouteReq,14475
UpdateRouteReq,14684
UpdateRouteReq,14638
UpdateRouteReq,13560
UpdateRouteReq,15160
UpdateRouteReq,28246
UpdateRouteReq,23432
UpdateRouteReq,16230
UpdateRouteReq,21732
UpdateRouteReq,29821
UpdateRouteReq,33303
QueryRouteReq,45682
FindNodeReq,29751
UpdateRouteReq,22281
UpdateRouteReq,43281
UpdateRouteReq,30475
UpdateRouteReq,20887
UpdateRouteReq,23694
UpdateRouteReq,23466
UpdateRouteReq,28769
UpdateRouteReq,54171
UpdateRouteReq,40801
UpdateRouteReq,42658
PathTeardownReq,26668
UpdateRouteReq,92293
UpdateRouteReq,189911
FindNodeReq,241026
FindNodeReq,278202
FindNodeReq,308374
FindNodeReq,159486
UpdateRouteReq,220009
FindNodeReq,249919
Error,288453
UpdateRouteReq,208410
UpdateRouteReq,309286
FindNodeReq,368339
FindNodeReq,397384
FindNodeReq,470000
FindNodeReq,512123
UpdateRouteReq,13564
UpdateRouteReq,13136
UpdateRouteReq,21234
UpdateRouteReq,53221
UpdateRouteReq,30098
FindNodeReq,30434
FindNodeReq,32682
UpdateRouteReq,61907
UpdateRouteReq,20872
UpdateRouteReq,13271
UpdateRouteReq,28609
UpdateRouteReq,26100
UpdateRouteReq,20520
UpdateRouteReq,13306
PathTeardownReq,18281
UpdateRouteReq,32660
UpdateRouteReq,43868
UpdateRouteReq,20407
Error,36046
UpdateRouteReq,20901
UpdateRouteReq,30832
UpdateRouteReq,13088
UpdateRouteReq,40152
UpdateRouteReq,28791
UpdateRouteReq,13396
UpdateRouteReq,12826
Error,18821
Error,56727
UpdateRouteReq,80863
UpdateRouteReq,114522
PathSetupReq,58701
UpdateRouteReq,69219
UpdateRouteReq,15787
UpdateRouteReq,15098
Error,16346
UpdateRouteReq,84023
QueryRouteReq,72241
UpdateRouteReq,68370
UpdateRouteReq,87045
PathSetupReq,87994
UpdateRouteReq,100032
UpdateRouteReq,101772
UpdateRouteReq,142002
FindNodeRsp,16248
FindNodeRsp,87627
UpdateRouteReq,119332
UpdateRouteReq,67783
UpdateRouteReq,108076
UpdateRouteReq,68815
UpdateRouteReq,21313
UpdateRouteReq,36013
UpdateRouteReq,36347
UpdateRouteReq,21213
PathTeardownReq,13092
PathSetupReq,11988
PathTeardownReq,11983
UpdateRouteReq,14634
PathSetupReq,10985
UpdateRouteReq,15591
UpdateRouteReq,15447
UpdateRouteReq,13233
UpdateRouteReq,13609
UpdateRouteReq,13336
UpdateRouteReq,14392
UpdateRouteReq,15895
Error,29751
Error,30582
UpdateRouteReq,15827
UpdateRouteReq,31336
UpdateRouteReq,36529
UpdateRouteReq,17490
UpdateRouteReq,50065
UpdateRouteReq,100394
UpdateRouteReq,112437
UpdateRouteReq,123111
UpdateRouteReq,118329
UpdateRouteReq,130688
UpdateRouteReq,27952
UpdateRouteReq,64230
Error,50773
FindNodeRsp,22164
UpdateRouteReq,19928
PathTeardownReq,17556
UpdateRouteReq,30247
UpdateRouteReq,13265
UpdateRouteReq,29172
UpdateRouteReq,39221
UpdateRouteReq,13449
FindNodeRsp,21138
FindNodeRsp,23754
UpdateRouteReq,13430
UpdateRouteReq,22238
UpdateRouteReq,30025
UpdateRouteReq,43172
UpdateRouteReq,59416
UpdateRouteReq,77018
UpdateRouteReq,96159
UpdateRouteReq,15126
UpdateRouteReq,23004
UpdateRouteReq,20944
UpdateRouteReq,29832
UpdateRouteReq,15028
UpdateRouteReq,13702
UpdateRouteReq,30885
Error,29580
UpdateRouteReq,15495
UpdateRouteReq,13467
UpdateRouteReq,13205
FindNodeReq,32270
UpdateRouteReq,28935
UpdateRouteReq,29345
UpdateRouteReq,14752
UpdateRouteReq,15325
UpdateRouteReq,13524
Error,46561
UpdateRouteReq,46193
FindNodeRsp,47576
UpdateRouteReq,23658
Error,32787
UpdateRouteReq,81060
PathTeardownReq,89116
UpdateRouteReq,142500
UpdateRouteReq,153545
PathSetupReq,12994
PathTeardownReq,12482
UpdateRouteReq,24952
UpdateRouteReq,34189
Error,14152
PathSetupReq,13676
UpdateRouteReq,17259
UpdateRouteReq,17295
UpdateRouteReq,16245
UpdateRouteReq,15005
UpdateRouteReq,17345
UpdateRouteReq,22741
UpdateRouteReq,16861
UpdateRouteReq,30768
UpdateRouteReq,44190
UpdateRouteReq,65140
UpdateRouteReq,89099
Error,82818
UpdateRouteReq,97715
PathTeardownReq,109576
UpdateRouteReq,95877
Error,146715
UpdateRouteReq,149307
PathSetupReq,150218
UpdateRouteReq,152706
UpdateRouteReq,155502
UpdateRouteReq,158006
UpdateRouteReq,56051
UpdateRouteReq,76817
UpdateRouteReq,15881
Error,30281
FindNodeRsp,149876
Error,70286
Error,96670
UpdateRouteReq,116493
UpdateRouteReq,126216
Error,34990
Error,29342
Error,61320
Error,79244
Error,78771
Error,103776
Error,118694
UpdateRouteReq,144039
UpdateRouteReq,52176
Error,77109
Error,84159
Error,18904
UpdateRouteReq,25013
UpdateRouteReq,35513
PathTeardownReq,37641
PathSetupReq,44311
PathTeardownReq,44629
UpdateRouteReq,65920
PathTeardownReq,60978
PathSetupReq,51243
PathTeardownReq,53284
UpdateRouteReq,55696
Error,32778
UpdateRouteReq,33245
PathSetupReq,28132
UpdateRouteReq,15698
UpdateRouteReq,16106
UpdateRouteReq,14578
PathSetupReq,19105
UpdateRouteReq,20777
UpdateRouteReq,15522
UpdateRouteReq,68231
UpdateRouteReq,82402
UpdateRouteReq,108392
UpdateRouteReq,154490
UpdateRouteReq,174740
UpdateRouteReq,185212
UpdateRouteReq,30443
Error,14742
UpdateRouteReq,25361
UpdateRouteReq,22115
Error,36570
UpdateRouteReq,45799
UpdateRouteReq,64039
PathTeardownReq,97015
UpdateRouteReq,100114
PathTeardownReq,111003
PathSetupReq,121804
PathTeardownReq,132326
UpdateRouteReq,134944
PathSetupReq,135874
UpdateRouteReq,139158
Error,67915
FindNodeRsp,71870
UpdateRouteReq,74525
FindNodeReq,38608
Error,52516
UpdateRouteReq,18854
Error,29113
UpdateRouteReq,69330
Error,88063
PathSetupReq,99100
UpdateRouteReq,102440
Error,104013
UpdateRouteReq,105622
Error,131074
UpdateRouteReq,176057
UpdateRouteReq,199314
UpdateRouteReq,211944
PathTeardownReq,222508
Error,57911
Error,38541
UpdateRouteReq,68568
UpdateRouteReq,80296
Error,97736
UpdateRouteReq,108309
UpdateRouteReq,25506
Error,35338
PathTeardownReq,36689
PathSetupReq,13692
Error,71189
PathTeardownReq,67044
FindNodeReq,87580
UpdateRouteReq,87688
PathSetupReq,100783
UpdateRouteReq,104026
UpdateRouteReq,107332
UpdateRouteReq,117980
Error,135787
Error,37911
Error,35668
Error,35108
UpdateRouteReq,15902
PathSetupReq,12883
Error,20174
Error,36292
UpdateRouteReq,25161
Error,27921
UpdateRouteReq,17811
UpdateRouteReq,34644
Error,40390
Error,41706
UpdateRouteReq,55770
UpdateRouteReq,97274
Error,52539
UpdateRouteReq,56557
PathTeardownReq,58663
UpdateRouteReq,61861
PathTeardownReq,40018
PathSetupReq,52429
PathTeardownReq,53732
UpdateRouteReq,54845
UpdateRouteReq,15837
UpdateRouteReq,33659
Error,12922
UpdateRouteReq,40742
UpdateRouteReq,35309
FindNodeReq,51963
PathSetupReq,52869
PathTeardownReq,19239
UpdateRouteReq,15729
FindNodeReq,30254
UpdateRouteReq,15817
UpdateRouteReq,20982
UpdateRouteReq,21894
UpdateRouteReq,34371
Error,94480
FindNodeRsp,99590
UpdateRouteReq,113300
PathTeardownReq,123886
FindNodeReq,141087
FindNodeRsp,136753
UpdateRouteReq,41285
FindNodeReq,49038
FindNodeReq,47060
Error,46395
UpdateRouteReq,48155
UpdateRouteReq,28558
PathSetupReq,47177
UpdateRouteReq,22111
UpdateRouteReq,15289
UpdateRouteReq,23008
UpdateRouteReq,15285
UpdateRouteReq,48854
UpdateRouteReq,19510
Error,15831
UpdateRouteReq,29467
PathTeardownReq,39653
UpdateRouteReq,16537
PathSetupReq,13895
UpdateRouteReq,21745
PathTeardownReq,22111
UpdateRouteReq,17269
UpdateRouteReq,14709
UpdateRouteReq,17804
PathSetupReq,21958
PathTeardownReq,15191
UpdateRouteReq,37135
FindNodeRsp,56762
UpdateRouteReq,70041
UpdateRouteReq,48144
Error,27137
PathTeardownReq,18203
PathSetupReq,17842
UpdateRouteReq,32262
Error,33378
PathTeardownReq,13397
FindNodeReq,32540
UpdateRouteReq,31728
UpdateRouteReq,33309
UpdateRouteReq,35778
PathSetupReq,21232
Error,49411
Error,74128
UpdateRouteReq,94239
PathSetupReq,102502
Error,64871
UpdateRouteReq,66929
UpdateRouteReq,85494
Error,28678
Error,35241
Error,35296
Error,19765
Error,14962
UpdateRouteReq,30941
Error,31179
UpdateRouteReq,16352
UpdateRouteReq,32666
PathTeardownReq,66893
Error,113798
PathSetupReq,76499
PathTeardownReq,40718
FindNodeReq,35238
UpdateRouteReq,33799
Error,27405
UpdateRouteReq,15750
PathSetupReq,32354
UpdateRouteReq,34952
Error,56367
Error,56755
UpdateRouteReq,71647
FindNodeReq,41587
UpdateRouteReq,43319
UpdateRouteReq,27535
FindNodeRsp,30107
UpdateRouteReq,30593
UpdateRouteReq,13846
UpdateRouteReq,13390
Error,28928
Error,37636
UpdateRouteReq,39116
Error,90339
PathTeardownReq,101872
UpdateRouteReq,103582
PathSetupReq,104436
UpdateRouteReq,107425
PathTeardownReq,109602
UpdateRouteReq,113236
PathSetupReq,114683
UpdateRouteReq,118209
UpdateRouteReq,114191
PathTeardownReq,142641
Error,159916
Error,161256
PathSetupReq,163149
PathTeardownReq,164923
UpdateRouteReq,187202
Error,71876
Error,48406
Error,75928
UpdateRouteReq,78273
UpdateRouteReq,91582
UpdateRouteReq,112529
PathSetupReq,122690
UpdateRouteReq,123920
UpdateRouteReq,152085
UpdateRouteReq,46037
Error,61182
Error,62562
Error,59145
FindNodeRsp,69604
FindNodeRsp,75278
UpdateRouteReq,92668
UpdateRouteReq,27992
Error,40963
Error,35298
Error,29488
Error,26703
Error,17184
Error,15245
UpdateRouteReq,76140
Error,104627
UpdateRouteReq,40622
UpdateRouteReq,36110
UpdateRouteReq,57392
PathTeardownReq,34907
UpdateRouteReq,65999
UpdateRouteReq,80389
UpdateRouteReq,91552
UpdateRouteReq,114590
UpdateRouteReq,42849
UpdateRouteReq,19193
UpdateRouteReq,15794
UpdateRouteReq,67899
PathTeardownReq,69067
UpdateRouteReq,71445
PathTeardownReq,43474
PathSetupReq,43323
PathTeardownReq,44540
PathSetupReq,45330
PathTeardownReq,14231
UpdateRouteReq,15296
PathSetupReq,12458
UpdateRouteReq,16306
UpdateRouteReq,36419
Error,60413
UpdateRouteReq,16903
Error,14910
UpdateRouteReq,15402
UpdateRouteReq,16974
Error,32158
Error,41251
UpdateRouteReq,44168
Error,45964
UpdateRouteReq,47309
UpdateRouteReq,81769
Error,25626
UpdateRouteReq,27100
UpdateRouteReq,39228
UpdateRouteReq,15980
PathTeardownReq,59804
PathTeardownReq,79918
UpdateRouteReq,81376
PathSetupReq,12378
UpdateRouteReq,21712
UpdateRouteReq,29709
PathSetupReq,40264
UpdateRouteReq,33773
PathTeardownReq,34060
UpdateRouteReq,82771
UpdateRouteReq,104479
PathTeardownReq,115360
FindNodeReq,140328
UpdateRouteReq,92282
PathSetupReq,94190
UpdateRouteReq,97688
UpdateRouteReq,123177
FindNodeReq,158414
PathTeardownReq,160203
UpdateRouteReq,101494
UpdateRouteReq,103658
PathSetupReq,112405
FindNodeReq,134725
UpdateRouteReq,33004
UpdateRouteReq,37540
Error,37113
Error,31732
UpdateRouteReq,29556
UpdateRouteReq,42901
PathTeardownReq,35372
PathSetupReq,35431
PathTeardownReq,48647
UpdateRouteReq,67714
PathSetupReq,68712
Error,79836
UpdateRouteReq,82863
Error,85004
Error,97777
UpdateRouteReq,48600
PathTeardownReq,65361
UpdateRouteReq,100194
FindNodeRsp,22595
FindNodeRsp,18822
FindNodeRsp,18157
UpdateRouteReq,12944
UpdateRouteReq,14929
PathSetupReq,24030
UpdateRouteReq,16849
UpdateRouteReq,29156
UpdateRouteReq,31698
UpdateRouteReq,16766
UpdateRouteReq,42209
UpdateRouteReq,19019
UpdateRouteReq,17503
UpdateRouteReq,60329
PathTeardownReq,74081
PathSetupReq,82695
PathTeardownReq,84060
UpdateRouteReq,64901
PathTeardownReq,67098
UpdateRouteReq,124980
PathSetupReq,126084
UpdateRouteReq,150136
UpdateRouteReq,155427
UpdateRouteReq,167258
PathTeardownReq,168780
FindNodeReq,186588
UpdateRouteReq,100059
PathSetupReq,99520
PathTeardownReq,352699
UpdateRouteReq,355202
PathSetupReq,356286
FindNodeReq,377348
UpdateRouteReq,380784
UpdateRouteReq,62793
UpdateRouteReq,34518
UpdateRouteReq,48049
PathSetupReq,13056
UpdateRouteReq,14999
UpdateRouteReq,15722
PathTeardownReq,18643
PathSetupReq,11018
UpdateRouteReq,15942
PathTeardownReq,27616
UpdateRouteReq,17209
UpdateRouteReq,17499
UpdateRouteReq,30128
UpdateRouteReq,37230
PathTeardownReq,32353
PathSetupReq,43149
PathTeardownReq,34177
UpdateRouteReq,30768
UpdateRouteReq,50367
UpdateRouteReq,77626
PathSetupReq,88768
UpdateRouteReq,24715
UpdateRouteReq,18775
UpdateRouteReq,39575
PathTeardownReq,67480
UpdateRouteReq,40447
PathTeardownReq,41982
PathSetupReq,42957
UpdateRouteReq,50021
PathTeardownReq,72151
UpdateRouteReq,74670
UpdateRouteReq,76429
PathSetupReq,77279
UpdateRouteReq,80324
Error,116510
UpdateRouteReq,16256
PathSetupReq,12400
UpdateRouteReq,15676
UpdateRouteReq,16244
FindNodeReq,37286
UpdateRouteReq,35754
Error,49495
Error,71580
UpdateRouteReq,16458
UpdateRouteReq,16093
Error,34334
UpdateRouteReq,51432
Error,35436
Error,31639
UpdateRouteReq,17836
PathTeardownReq,15304
PathSetupReq,13502
PathTeardownReq,12834
FindNodeReq,84109
UpdateRouteReq,98075
UpdateRouteReq,118532
UpdateRouteReq,90183
UpdateRouteReq,110972
UpdateRouteReq,119104
UpdateRouteReq,131261
Error,126928
UpdateRouteReq,141524
FindNodeReq,174612
PathTeardownReq,176023
UpdateRouteReq,179267
Error,189307
Error,190415
UpdateRouteReq,192674
PathSetupReq,193244
UpdateRouteReq,182098
UpdateRouteReq,15950
FindNodeReq,30192
Error,30164
UpdateRouteReq,16578
PathSetupReq,16091
UpdateRouteReq,15683
UpdateRouteReq,14693
UpdateRouteReq,17217
UpdateRouteReq,16496
Error,60951
UpdateRouteReq,74334
UpdateRouteReq,22810
PathTeardownReq,20295
UpdateRouteReq,27634
PathSetupReq,38840
UpdateRouteReq,15811
UpdateRouteReq,52562
UpdateRouteReq,92335
Error,104708
PathSetupReq,105765
UpdateRouteReq,108035
UpdateRouteReq,113675
UpdateRouteReq,115759
UpdateRouteReq,118555
UpdateRouteReq,51251
UpdateRouteReq,52621
Error,54768
UpdateRouteReq,69272
UpdateRouteReq,80447
Error,14568
Error,12511
PathTeardownReq,12611
PathSetupReq,12639
PathTeardownReq,12092
FindNodeReq,32266
UpdateRouteReq,30994
Error,28261
FindNodeRsp,23062
Error,29805
Error,30302
Error,21420
Error,12420
UpdateRouteReq,109078
UpdateRouteReq,128877
Error,147163
Error,61787
UpdateRouteReq,101006
PathTeardownReq,113339
PathSetupReq,132553
PathTeardownReq,133978
Error,135491
UpdateRouteReq,175466
UpdateRouteReq,67668
UpdateRouteReq,87732
PathTeardownReq,46116
UpdateRouteReq,75468
PathSetupReq,76350
UpdateRouteReq,31781
UpdateRouteReq,36807
Error,31707
UpdateRouteReq,16315
UpdateRouteReq,16732
Error,65883
FindNodeReq,88660
PathTeardownReq,93175
Error,94436
Error,95826
UpdateRouteReq,24496
Error,59547
Error,59610
UpdateRouteReq,74273
UpdateRouteReq,76972
Error,77807
Error,78740
UpdateRouteReq,18467
UpdateRouteReq,15081
PathTeardownReq,13035
PathSetupReq,18104
PathTeardownReq,18492
FindNodeReq,42683
UpdateRouteReq,26756
UpdateRouteReq,48135
UpdateRouteReq,52585
UpdateRouteReq,53962
UpdateRouteReq,43830
UpdateRouteReq,28649
PathSetupReq,19158
FindNodeRsp,48521
UpdateRouteReq,51904
PathSetupReq,53227
PathTeardownReq,27905
PathSetupReq,41387
UpdateRouteReq,33880
UpdateRouteReq,24357
Error,11947
UpdateRouteReq,16227
UpdateRouteReq,22880
Error,14919
UpdateRouteReq,16164
Error,57741
Error,58954
UpdateRouteReq,62064
UpdateRouteReq,34411
UpdateRouteReq,35102
PathSetupReq,36682
Error,32833
Error,34325
FindNodeRsp,22345
UpdateRouteReq,16482
Error,19664
UpdateRouteReq,41900
UpdateRouteReq,16747
UpdateRouteReq,14676
UpdateRouteReq,16730
UpdateRouteReq,24709
UpdateRouteReq,15609
UpdateRouteReq,50228
UpdateRouteReq,45567
PathTeardownReq,33779
UpdateRouteReq,44931
PathSetupReq,44521
UpdateRouteReq,47400
Error,60454
Error,61488
UpdateRouteReq,19053
UpdateRouteReq,17189
UpdateRouteReq,38906
UpdateRouteReq,43249
UpdateRouteReq,39682
UpdateRouteReq,43085
Error,60586
PathTeardownReq,36824
PathSetupReq,43375
PathTeardownReq,45513
UpdateRouteReq,29405
Error,47819
PathTeardownReq,48569
UpdateRouteReq,24256
UpdateRouteReq,33945
Error,73166
UpdateRouteReq,29039
Error,52724
UpdateRouteReq,34238
PathTeardownReq,29988
UpdateRouteReq,43410
PathSetupReq,29117
UpdateRouteReq,24828
UpdateRouteReq,15962
PathTeardownReq,24088
PathSetupReq,35094
PathTeardownReq,35298
Error,78835
UpdateRouteReq,19411
Error,32885
UpdateRouteReq,16776
Error,30288
UpdateRouteReq,34471
Error,49746
UpdateRouteReq,52729
PathSetupReq,25519
UpdateRouteReq,27180
Error,38149
Error,21338
Error,15696
UpdateRouteReq,16632
UpdateRouteReq,19974
Error,29728
UpdateRouteReq,201322
PathTeardownReq,203822
PathSetupReq,205547
UpdateRouteReq,226645
FindNodeRsp,232374
Error,37809
PathTeardownReq,34960
PathTeardownReq,20984
UpdateRouteReq,20539
PathSetupReq,11561
UpdateRouteReq,32487
UpdateRouteReq,39993
PathTeardownReq,50632
UpdateRouteReq,52785
PathSetupReq,53372
UpdateRouteReq,14536
UpdateRouteReq,29563
UpdateRouteReq,43720
PathTeardownReq,22985
PathSetupReq,22489
PathTeardownReq,23552
UpdateRouteReq,15544
UpdateRouteReq,14644
PathSetupReq,14575
Error,14518
UpdateRouteReq,15126
UpdateRouteReq,17534
UpdateRouteReq,18273
UpdateRouteReq,117146
PathTeardownReq,127408
UpdateRouteReq,130802
PathTeardownReq,132907
PathSetupReq,69333
PathTeardownReq,70912
UpdateRouteReq,116079
UpdateRouteReq,155582
PathSetupReq,166988
UpdateRouteReq,170841
UpdateRouteReq,183206
UpdateRouteReq,189744
Error,200621
UpdateRouteReq,28752
UpdateRouteReq,40232
PathTeardownReq,28777
UpdateRouteReq,16138
Error,16226
Error,12628
Error,20214
Error,20179
UpdateRouteReq,25020
Error,24668
Error,30743
UpdateRouteReq,29575
UpdateRouteReq,15168
UpdateRouteReq,15715
UpdateRouteReq,33941
PathTeardownReq,46958
PathTeardownReq,31636
Error,32472
Error,34119
Error,35732
FindNodeReq,31987
Error,36013
FindNodeReq,56275
UpdateRouteReq,20936
PathSetupReq,20197
UpdateRouteReq,14294
Error,30223
Error,19596
UpdateRouteReq,16133
UpdateRouteReq,15122
FindNodeReq,27478
UpdateRouteReq,26472
UpdateRouteReq,33239
UpdateRouteReq,52564
PathTeardownReq,54184
PathSetupReq,54731
PathTeardownReq,56024
UpdateRouteReq,59529
UpdateRouteReq,16072
Error,34024
PathTeardownReq,45307
PathSetupReq,44527
PathTeardownReq,45714
UpdateRouteReq,46749
PathSetupReq,47307
UpdateRouteReq,50602
UpdateRouteReq,36482
UpdateRouteReq,49472
PathSetupReq,11382
UpdateRouteReq,18305
UpdateRouteReq,15625
UpdateRouteReq,14748
PathTeardownReq,37447
PathSetupReq,43499
PathTeardownReq,44500
FindNodeRsp,30734
FindNodeReq,41449
UpdateRouteReq,39915
Error,59487
UpdateRouteReq,60754
UpdateRouteReq,136037
Error,153317
PathTeardownReq,164573
Error,166496
Error,176518
Error,206884
UpdateRouteReq,211275
UpdateRouteReq,212728
Error,214114
UpdateRouteReq,69163
Error,104317
Error,128152
UpdateRouteReq,48059
Error,19893
Error,48323
Error,51863
UpdateRouteReq,109302
UpdateRouteReq,121260
FindNodeReq,148137
UpdateRouteReq,150397
Error,153213
PathSetupReq,163526
UpdateRouteReq,165800
UpdateRouteReq,186227
PathTeardownReq,37960
FindNodeReq,47541
UpdateRouteReq,70528
PathSetupReq,70262
UpdateRouteReq,87168
UpdateRouteReq,89778
PathTeardownReq,91052
PathSetupReq,92070
PathTeardownReq,93287
UpdateRouteReq,95429
UpdateRouteReq,97249
PathSetupReq,26843
UpdateRouteReq,41129
UpdateRouteReq,15792
UpdateRouteReq,49952
UpdateRouteReq,72467
UpdateRouteReq,84317
UpdateRouteReq,94774
Error,85465
UpdateRouteReq,97625
Error,98827
UpdateRouteReq,111263
UpdateRouteReq,123393
UpdateRouteReq,26564
UpdateRouteReq,19932
Error,31958
UpdateRouteReq,15620
UpdateRouteReq,28401
UpdateRouteReq,31016
Error,32627
PathTeardownReq,26556
UpdateRouteReq,29189
UpdateRouteReq,32576
PathTeardownReq,47757
Error,44119
FindNodeReq,123824
UpdateRouteReq,59689
UpdateRouteReq,115100
UpdateRouteReq,57572
UpdateRouteReq,69068
UpdateRouteReq,36292
UpdateRouteReq,42702
UpdateRouteReq,36658
PathSetupReq,13223
Error,37640
Error,30284
Error,38847
Error,19050
PathTeardownReq,21221
UpdateRouteReq,23982
Error,14789
Error,13389
UpdateRouteReq,17453
Error,20877
UpdateRouteReq,40882
UpdateRouteReq,43086
UpdateRouteReq,60879
UpdateRouteReq,68968
PathSetupReq,15133
PathTeardownReq,12679
UpdateRouteReq,24366
PathSetupReq,45717
UpdateRouteReq,56821
Error,67727
UpdateRouteReq,48226
UpdateRouteReq,54859
PathTeardownReq,65067
UpdateRouteReq,22768
UpdateRouteReq,29412
UpdateRouteReq,17060
UpdateRouteReq,17292
UpdateRouteReq,23570
UpdateRouteReq,56853
PathSetupReq,28783
UpdateRouteReq,30729
UpdateRouteReq,34242
UpdateRouteReq,16065
PathTeardownReq,67106
PathSetupReq,81093
Error,101492
Error,107890
FindNodeReq,142357
UpdateRouteReq,145677
UpdateRouteReq,157753
UpdateRouteReq,167920
UpdateRouteReq,45519
Error,63084
PathTeardownReq,65214
PathTeardownReq,12380
FindNodeReq,42973
PathSetupReq,184539
PathTeardownReq,186409
UpdateRouteReq,34176
PathSetupReq,12865
UpdateRouteReq,33798
FindNodeReq,64449
FindNodeReq,43320
UpdateRouteReq,18012
UpdateRouteReq,15402
UpdateRouteReq,107829
UpdateRouteReq,123144
UpdateRouteReq,155267
UpdateRouteReq,176437
Error,203286
UpdateRouteReq,47374
Error,57942
FindNodeRsp,73310
UpdateRouteReq,15192
UpdateRouteReq,14467
UpdateRouteReq,14519
UpdateRouteReq,13529
UpdateRouteReq,13301
UpdateRouteReq,15846
UpdateRouteReq,40050
Error,86290
FindNodeReq,108106
Error,42305
UpdateRouteReq,18286
UpdateRouteReq,16900
UpdateRouteReq,91065
Error,112420
UpdateRouteReq,119536
PathTeardownReq,141057
PathTeardownReq,152548
FindNodeReq,28619
Error,12984
UpdateRouteReq,18748
UpdateRouteReq,24846
UpdateRouteReq,24100
UpdateRouteReq,30700
UpdateRouteReq,41680
UpdateRouteReq,25061
UpdateRouteReq,25326
UpdateRouteReq,68820
PathSetupReq,35384
UpdateRouteReq,46259
UpdateRouteReq,39756
PathSetupReq,67172
PathTeardownReq,43276
UpdateRouteReq,63970
UpdateRouteReq,38253
UpdateRouteReq,16350
Error,12989
Error,70899
UpdateRouteReq,71794
UpdateRouteReq,73683
PathSetupReq,74255
UpdateRouteReq,76999
UpdateRouteReq,79734
Error,111362
FindNodeRsp,31408
UpdateRouteReq,32471
UpdateRouteReq,16475
UpdateRouteReq,22836
UpdateRouteReq,17532
Error,40785
PathTeardownReq,30224
PathSetupReq,57568
PathTeardownReq,92713
Error,110397
Error,120056
UpdateRouteReq,115272
PathSetupReq,116157
UpdateRouteReq,128436
UpdateRouteReq,139694
UpdateRouteReq,160753
UpdateRouteReq,180105
Error,195059
Error,36641
Error,43404
UpdateRouteReq,45521
UpdateRouteReq,57987
PathTeardownReq,81225
FindNodeReq,97877
UpdateRouteReq,64371
Error,80833
UpdateRouteReq,93907
Error,108339
Error,189481
Error,206382
Error,207010
Error,217101
UpdateRouteReq,219790
FindNodeReq,235901
Error,238034
UpdateRouteReq,73099
UpdateRouteReq,96551
PathTeardownReq,116106
UpdateRouteReq,15365
UpdateRouteReq,16549
PathSetupReq,14726
UpdateRouteReq,17566
UpdateRouteReq,15433
UpdateRouteReq,19028
UpdateRouteReq,51613
UpdateRouteReq,77201
PathTeardownReq,71758
PathSetupReq,13617
PathTeardownReq,11755
PathTeardownReq,12489
UpdateRouteReq,15387
UpdateRouteReq,21437
PathSetupReq,40173
UpdateRouteReq,40433
UpdateRouteReq,50019
PathSetupReq,14755
UpdateRouteReq,25110
UpdateRouteReq,36966
UpdateRouteReq,16540
UpdateRouteReq,77540
PathTeardownReq,78921
UpdateRouteReq,82202
UpdateRouteReq,34664
Error,19207
PathSetupReq,13550
PathTeardownReq,43797
UpdateRouteReq,44090
UpdateRouteReq,45674
PathSetupReq,46194
UpdateRouteReq,87162
UpdateRouteReq,90402
FindNodeReq,107722
UpdateRouteReq,105100
UpdateRouteReq,21493
Error,13532
UpdateRouteReq,15193
Error,15020
UpdateRouteReq,17357
UpdateRouteReq,16597
Error,112066
UpdateRouteReq,119022
FindNodeReq,135623
UpdateRouteReq,75635
UpdateRouteReq,87113
UpdateRouteReq,99515
PathTeardownReq,100594
PathSetupReq,101664
UpdateRouteReq,60914
UpdateRouteReq,78950
FindNodeRsp,43312
FindNodeRsp,36518
PathTeardownReq,13800
UpdateRouteReq,15133
PathSetupReq,12182
UpdateRouteReq,16387
UpdateRouteReq,14820
UpdateRouteReq,23569
UpdateRouteReq,52674
Error,88040
Error,30341
Error,29106
Error,46718
UpdateRouteReq,40912
Error,58411
UpdateRouteReq,61674
UpdateRouteReq,58483
UpdateRouteReq,77700
Error,77512
Error,12350
UpdateRouteReq,14529
UpdateRouteReq,20713
UpdateRouteReq,52607
PathSetupReq,53775
Error,32396
UpdateRouteReq,52543
UpdateRouteReq,16320
UpdateRouteReq,28721
PathTeardownReq,30595
PathSetupReq,29682
PathTeardownReq,40313
UpdateRouteReq,73439
UpdateRouteReq,74294
PathSetupReq,75740
UpdateRouteReq,92683
UpdateRouteReq,92148
UpdateRouteReq,60933
FindNodeReq,84652
FindNodeRsp,101416
Error,117047
FindNodeReq,120048
UpdateRouteReq,122350
UpdateRouteReq,77083
PathSetupReq,24513
UpdateRouteReq,17240
Error,108593
UpdateRouteReq,112358
UpdateRouteReq,132772
UpdateRouteReq,152946
PathTeardownReq,154831
PathSetupReq,156530
UpdateRouteReq,55044
UpdateRouteReq,44847
UpdateRouteReq,55428
UpdateRouteReq,66745
Error,26256
PathTeardownReq,12498
UpdateRouteReq,43998
UpdateRouteReq,59730
FindNodeReq,83834
UpdateRouteReq,86667
PathSetupReq,87762
UpdateRouteReq,90521
UpdateRouteReq,14626
UpdateRouteReq,16300
PathSetupReq,19546
UpdateRouteReq,21584
UpdateRouteReq,15278
UpdateRouteReq,39082
UpdateRouteReq,37936
UpdateRouteReq,35060
Error,36665
UpdateRouteReq,27054
UpdateRouteReq,57425
Error,68020
UpdateRouteReq,69581
UpdateRouteReq,83977
UpdateRouteReq,103360
Error,73881
PathSetupReq,54148
UpdateRouteReq,60704
UpdateRouteReq,80896
UpdateRouteReq,90824
UpdateRouteReq,21594
PathTeardownReq,21921
UpdateRouteReq,29444
UpdateRouteReq,27904
UpdateRouteReq,27299
UpdateRouteReq,16282
FindNodeRsp,21268
FindNodeRsp,19550
FindNodeRsp,19047
UpdateRouteReq,17182
UpdateRouteReq,16155
UpdateRouteReq,27088
PathTeardownReq,36936
UpdateRouteReq,12871
UpdateRouteReq,13279
Error,66874
UpdateRouteReq,37307
UpdateRouteReq,30944
UpdateRouteReq,32299
PathSetupReq,40837
UpdateRouteReq,44160
UpdateRouteReq,15288
Error,29928
PathTeardownReq,28982
UpdateRouteReq,14151
UpdateRouteReq,16708
UpdateRouteReq,16130
UpdateRouteReq,44820
Error,54183
UpdateRouteReq,62805
UpdateRouteReq,73399
Error,68632
Error,53157
Error,65875
FindNodeRsp,69975
Error,35803
Error,27757
Error,26565
Error,13947
Error,13111
FindNodeReq,36414
Error,37452
Error,13731
UpdateRouteReq,22174
Error,14670
UpdateRouteReq,28500
UpdateRouteReq,30218
UpdateRouteReq,13151
PathTeardownReq,31169
UpdateRouteReq,24060
UpdateRouteReq,22029
UpdateRouteReq,27475
Error,16083
UpdateRouteReq,95430
PathTeardownReq,133814
PathSetupReq,135872
PathTeardownReq,155186
Error,156258
UpdateRouteReq,158926
UpdateRouteReq,40327
PathSetupReq,33743
UpdateRouteReq,49153
UpdateRouteReq,72882
UpdateRouteReq,84246
UpdateRouteReq,33896
Error,24991
UpdateRouteReq,17199
Error,31847
PathTeardownReq,32230
FindNodeReq,49889
UpdateRouteReq,51326
PathSetupReq,11655
UpdateRouteReq,52144
Error,52204
Error,53121
FindNodeReq,70366
UpdateRouteReq,73567
Error,74768
Error,75609
Error,31271
UpdateRouteReq,31636
UpdateRouteReq,15220
UpdateRouteReq,15376
UpdateRouteReq,13888
UpdateRouteReq,52672
Error,37967
UpdateRouteReq,39018
Error,60592
UpdateRouteReq,41425
PathTeardownReq,41517
Error,66755
PathSetupReq,68207
PathTeardownReq,69285
Error,84372
UpdateRouteReq,23578
PathSetupReq,23692
UpdateRouteReq,13074
Error,108492
Error,124718
Error,41866
Error,49867
UpdateRouteReq,52788
UpdateRouteReq,49275
UpdateRouteReq,51903
UpdateRouteReq,64619
Error,82043
UpdateRouteReq,94116
Error,116785
UpdateRouteReq,128597
UpdateRouteReq,47155
UpdateRouteReq,61403
Error,112131
PathTeardownReq,137548
Error,152500
PathSetupReq,86271
PathTeardownReq,98856
UpdateRouteReq,101577
Error,124504
FindNodeRsp,145346
Error,168745
UpdateRouteReq,171041
Error,75955
PathSetupReq,77656
UpdateRouteReq,80195
Error,120353
Error,73765
Error,87360
UpdateRouteReq,101418
Error,126358
Error,29061
Error,19579
UpdateRouteReq,36243
Error,37091
PathSetupReq,38953
Error,39027
Error,43450
UpdateRouteReq,44446
UpdateRouteReq,47673
Error,51299
UpdateRouteReq,62306
Error,21242
UpdateRouteReq,22944
Error,30595
UpdateRouteReq,16981
PathTeardownReq,13502
UpdateRouteReq,21338
UpdateRouteReq,27604
PathSetupReq,12950
PathTeardownReq,13022
FindNodeRsp,27608
UpdateRouteReq,17866
UpdateRouteReq,16387
UpdateRouteReq,35694
UpdateRouteReq,51192
PathSetupReq,52608
UpdateRouteReq,55249
UpdateRouteReq,55727
Error,69787
UpdateRouteReq,128632
UpdateRouteReq,182245
UpdateRouteReq,198237
UpdateRouteReq,34513
Error,13935
UpdateRouteReq,18478
UpdateRouteReq,16399
PathTeardownReq,61286
UpdateRouteReq,72379
PathSetupReq,72650
UpdateRouteReq,83332
FindNodeRsp,22846
UpdateRouteReq,15670
Error,16120
FindNodeReq,48038
UpdateRouteReq,30996
UpdateRouteReq,21090
UpdateRouteReq,28506
UpdateRouteReq,47652
UpdateRouteReq,42999
PathTeardownReq,18982
FindNodeRsp,116389
Error,109017
PathSetupReq,123402
UpdateRouteReq,126361
UpdateRouteReq,174960
UpdateRouteReq,120093
PathTeardownReq,121479
PathSetupReq,131296
PathTeardownReq,132373
Error,134070
FindNodeReq,150367
FindNodeReq,102827
FindNodeReq,115638
FindNodeReq,130769
Error,132326
UpdateRouteReq,162251
Error,64295
UpdateRouteReq,94955
UpdateRouteReq,113896
UpdateRouteReq,47820
UpdateRouteReq,64720
UpdateRouteReq,16705
UpdateRouteReq,16975
PathTeardownReq,13171
PathSetupReq,32668
PathTeardownReq,16125
Error,15630
UpdateRouteReq,18867
UpdateRouteReq,34963
PathTeardownReq,39431
UpdateRouteReq,41869
PathSetupReq,43295
UpdateRouteReq,36659
UpdateRouteReq,48352
PathTeardownReq,43234
UpdateRouteReq,45774
UpdateRouteReq,45190
PathTeardownReq,72701
UpdateRouteReq,63163
UpdateRouteReq,86683
PathSetupReq,91649
UpdateRouteReq,114385
UpdateRouteReq,134775
UpdateRouteReq,60740
UpdateRouteReq,73713
PathSetupReq,83990
PathTeardownReq,85720
UpdateRouteReq,98725
UpdateRouteReq,118033
UpdateRouteReq,68645
UpdateRouteReq,79597
UpdateRouteReq,95446
PathTeardownReq,48471
PathSetupReq,50027
PathTeardownReq,61284
Error,30296
UpdateRouteReq,26003
PathSetupReq,12615
UpdateRouteReq,15951
UpdateRouteReq,16059
UpdateRouteReq,14895
PathSetupReq,12876
Error,30673
UpdateRouteReq,16394
UpdateRouteReq,15556
Error,35880
UpdateRouteReq,15906
Error,28961
UpdateRouteReq,31219
Error,20333
Error,25208
UpdateRouteReq,64747
UpdateRouteReq,158773
UpdateRouteReq,171568
UpdateRouteReq,186016
Error,227380
UpdateRouteReq,231232
PathTeardownReq,233020
UpdateRouteReq,244034
PathSetupReq,245599
UpdateRouteReq,247057
UpdateRouteReq,257973
PathTeardownReq,269416
PathSetupReq,270426
UpdateRouteReq,58167
Error,58912
PathTeardownReq,98760
UpdateRouteReq,94490
Error,110428
UpdateRouteReq,112002
PathSetupReq,122626
UpdateRouteReq,124727
UpdateRouteReq,138538
UpdateRouteReq,32903
Error,14446
UpdateRouteReq,18157
UpdateRouteReq,15681
PathTeardownReq,21426
UpdateRouteReq,17068
UpdateRouteReq,14816
UpdateRouteReq,17284
Error,27012
UpdateRouteReq,15910
UpdateRouteReq,65377
PathTeardownReq,87817
PathSetupReq,89086
PathTeardownReq,144354
UpdateRouteReq,146559
PathSetupReq,147234
FindNodeReq,164478
Error,167313
UpdateRouteReq,170625
UpdateRouteReq,184063
Error,186229
UpdateRouteReq,199886
UpdateRouteReq,211634
UpdateRouteReq,54758
UpdateRouteReq,49686
UpdateRouteReq,29867
FindNodeRsp,24489
UpdateRouteReq,14189
Error,71457
Error,82965
Error,84288
Error,86050
Error,27504
UpdateRouteReq,28704
PathTeardownReq,29857
UpdateRouteReq,29136
UpdateRouteReq,43225
UpdateRouteReq,53476
UpdateRouteReq,17482
PathSetupReq,41056
UpdateRouteReq,42880
UpdateRouteReq,34557
FindNodeReq,33784
FindNodeReq,29470
UpdateRouteReq,15458
UpdateRouteReq,14863
PathSetupReq,12589
UpdateRouteReq,23949
UpdateRouteReq,15465
FindNodeReq,29708
UpdateRouteReq,31984
UpdateRouteReq,39128
UpdateRouteReq,56428
UpdateRouteReq,22360
UpdateRouteReq,31723
UpdateRouteReq,106978
UpdateRouteReq,123368
UpdateRouteReq,136393
PathSetupReq,146752
UpdateRouteReq,148449
UpdateRouteReq,82625
PathSetupReq,83664
UpdateRouteReq,15243
UpdateRouteReq,16815
FindNodeRsp,21355
Error,31798
UpdateRouteReq,15646
Error,30002
FindNodeReq,39440
Error,31724
Error,18371
UpdateRouteReq,72617
Error,72844
UpdateRouteReq,90676
UpdateRouteReq,104310
UpdateRouteReq,41433
UpdateRouteReq,51087
UpdateRouteReq,69664
Error,17555
Error,12860
UpdateRouteReq,16984
UpdateRouteReq,13073
UpdateRouteReq,19821
PathSetupReq,13545
UpdateRouteReq,14865
UpdateRouteReq,13650
UpdateRouteReq,15860
UpdateRouteReq,14759
UpdateRouteReq,25979
PathTeardownReq,26593
PathSetupReq,27849
PathTeardownReq,24301
Error,25124
Error,26454
UpdateRouteReq,34727
PathSetupReq,34576
UpdateRouteReq,37501
UpdateRouteReq,37555
UpdateRouteReq,28451
UpdateRouteReq,15479
Error,31116
Error,53600
UpdateRouteReq,42430
UpdateRouteReq,15185
UpdateRouteReq,15603
UpdateRouteReq,28234
PathSetupReq,39525
UpdateRouteReq,31643
PathTeardownReq,12639
UpdateRouteReq,107121
PathSetupReq,118775
UpdateRouteReq,121126
PathTeardownReq,132139
PathSetupReq,12185
PathTeardownReq,13420
UpdateRouteReq,26318
PathSetupReq,36527
UpdateRouteReq,28791
UpdateRouteReq,15200
UpdateRouteReq,14417
UpdateRouteReq,14037
FindNodeReq,39686
Error,54966
Error,41261
UpdateRouteReq,43012
UpdateRouteReq,28019
Error,29114
Error,17350
UpdateRouteReq,16460
Error,36665
UpdateRouteReq,76394
Error,86616
UpdateRouteReq,89120
PathSetupReq,16207
Error,37035
PathTeardownReq,37333
UpdateRouteReq,53019
UpdateRouteReq,61693
UpdateRouteReq,32816
UpdateRouteReq,15424
PathSetupReq,13308
UpdateRouteReq,14656
UpdateRouteReq,24499
UpdateRouteReq,21431
UpdateRouteReq,37822
Error,40034
UpdateRouteReq,15411
UpdateRouteReq,12987
UpdateRouteReq,33141
UpdateRouteReq,44121
UpdateRouteReq,30258
PathTeardownReq,31162
PathSetupReq,32654
PathTeardownReq,47473
UpdateRouteReq,51022
PathTeardownReq,30242
PathSetupReq,30080
PathTeardownReq,44799
UpdateRouteReq,38159
PathSetupReq,38161
UpdateRouteReq,22744
UpdateRouteReq,15287
UpdateRouteReq,46783
UpdateRouteReq,41529
UpdateRouteReq,52046
UpdateRouteReq,25557
UpdateRouteReq,26383
Error,18825
Error,35154
FindNodeReq,29531
UpdateRouteReq,23109
UpdateRouteReq,23968
UpdateRouteReq,15111
Error,29973
FindNodeRsp,23037
UpdateRouteReq,20332
Error,44067
Error,29202
Error,18739
UpdateRouteReq,14739
UpdateRouteReq,14541
FindNodeRsp,28342
UpdateRouteReq,13268
UpdateRouteReq,16324
UpdateRouteReq,30050
UpdateRouteReq,37385
UpdateRouteReq,31046
UpdateRouteReq,75740
UpdateRouteReq,71332
Error,49070
UpdateRouteReq,70216
UpdateRouteReq,39988
UpdateRouteReq,13620
UpdateRouteReq,24233
FindNodeReq,57573
FindNodeRsp,53782
UpdateRouteReq,64766
FindNodeRsp,61109
UpdateRouteReq,72486
UpdateRouteReq,36331
UpdateRouteReq,27573
UpdateRouteReq,27496
UpdateRouteReq,38495
PathTeardownReq,15350
FindNodeReq,28767
UpdateRouteReq,38899
PathSetupReq,51866
UpdateRouteReq,55081
UpdateRouteReq,37137
PathTeardownReq,37681
UpdateRouteReq,53593
UpdateRouteReq,21724
UpdateRouteReq,16164
UpdateRouteReq,30180
Error,20633
Error,20490
FindNodeRsp,23497
FindNodeRsp,18887
UpdateRouteReq,22608
UpdateRouteReq,24069
PathTeardownReq,18492
UpdateRouteReq,44838
UpdateRouteReq,14998
UpdateRouteReq,13610
FindNodeReq,51892
Error,52737
UpdateRouteReq,21444
UpdateRouteReq,13916
UpdateRouteReq,19584
UpdateRouteReq,14885
UpdateRouteReq,15732
PathSetupReq,20170
UpdateRouteReq,21138
Error,38681
Error,40474
UpdateRouteReq,47148
UpdateRouteReq,20194
UpdateRouteReq,40135
UpdateRouteReq,25737
PathTeardownReq,26176
PathSetupReq,27870
PathTeardownReq,30744
UpdateRouteReq,31840
UpdateRouteReq,44779
PathSetupReq,13374
UpdateRouteReq,45344
UpdateRouteReq,56311
PathTeardownReq,19269
FindNodeReq,33278
PathTeardownReq,20767
UpdateRouteReq,29263
PathSetupReq,12712
UpdateRouteReq,25344
UpdateRouteReq,43289
UpdateRouteReq,47173
UpdateRouteReq,47596
Error,65893
UpdateRouteReq,78785
Error,29061
Error,29501
Error,19305
Error,57200
UpdateRouteReq,38348
UpdateRouteReq,48548
UpdateRouteReq,38013
UpdateRouteReq,62702
UpdateRouteReq,73088
Error,15912
Error,31758
Error,42732
UpdateRouteReq,45652
Error,45391
UpdateRouteReq,41327
UpdateRouteReq,28110
PathTeardownReq,51325
UpdateRouteReq,73732
UpdateRouteReq,31334
UpdateRouteReq,31841
UpdateRouteReq,47996
UpdateRouteReq,15396
PathSetupReq,89090
UpdateRouteReq,90534
PathTeardownReq,91912
PathSetupReq,92692
Error,113939
UpdateRouteReq,128314
PathTeardownReq,147607
FindNodeReq,166967
Error,96386
UpdateRouteReq,98002
Error,109201
UpdateRouteReq,122211
UpdateRouteReq,158573
UpdateRouteReq,76045
UpdateRouteReq,88549
UpdateRouteReq,99108
Error,114037
Error,36862
Error,29419
Error,35886
Error,18447
UpdateRouteReq,86666
Error,97053
UpdateRouteReq,17302
UpdateRouteReq,31987
Error,56273
UpdateRouteReq,51581
PathTeardownReq,52802
PathSetupReq,66622
PathTeardownReq,68631
FindNodeReq,84766
UpdateRouteReq,22304
UpdateRouteReq,14998
UpdateRouteReq,17142
UpdateRouteReq,26962
UpdateRouteReq,16266
UpdateRouteReq,14818
UpdateRouteReq,28091
Error,39775
Error,61651
UpdateRouteReq,15628
UpdateRouteReq,40671
UpdateRouteReq,133467
PathTeardownReq,155012
UpdateRouteReq,167550
PathSetupReq,168284
UpdateRouteReq,171189
Error,68884
UpdateRouteReq,50404
UpdateRouteReq,14589
FindNodeRsp,32971
UpdateRouteReq,34271
UpdateRouteReq,27853
PathTeardownReq,39697
UpdateRouteReq,15186
UpdateRouteReq,16926
UpdateRouteReq,33584
Error,11910
UpdateRouteReq,67438
PathTeardownReq,80885
PathSetupReq,81869
PathTeardownReq,104357
Error,113639
UpdateRouteReq,115555
UpdateRouteReq,23791
PathSetupReq,26558
FindNodeRsp,27604
UpdateRouteReq,18853
UpdateRouteReq,45325
UpdateRouteReq,17032
PathTeardownReq,71062
UpdateRouteReq,70968
PathSetupReq,71634
UpdateRouteReq,81883
UpdateRouteReq,96286
UpdateRouteReq,77742
UpdateRouteReq,106012
Error,63701
Error,28730
UpdateRouteReq,22942
Error,31334
Error,61447
Error,71337
PathTeardownReq,73923
UpdateRouteReq,16021
PathSetupReq,20040
Error,110701
UpdateRouteReq,112195
UpdateRouteReq,126426
UpdateRouteReq,173173
Error,45427
UpdateRouteReq,92811
Error,44256
UpdateRouteReq,58828
Error,82585
PathTeardownReq,57792
Error,82599
PathSetupReq,84598
PathTeardownReq,94995
Error,96545
Error,74113
FindNodeReq,97917
FindNodeReq,113679
UpdateRouteReq,115746
PathSetupReq,117022
Error,74528
UpdateRouteReq,77277
Error,105078
UpdateRouteReq,108209
Error,27777
Error,19212
Error,27419
FindNodeRsp,29411
FindNodeRsp,19352
Error,28600
Error,13481
UpdateRouteReq,16428
Error,12569
FindNodeReq,30746
UpdateRouteReq,17813
UpdateRouteReq,16288
UpdateRouteReq,26841
PathTeardownReq,14384
PathSetupReq,13156
PathTeardownReq,12808
UpdateRouteReq,33049
UpdateRouteReq,28950
UpdateRouteReq,24547
Error,77879
Error,78839
Error,118502
Error,127971
UpdateRouteReq,58126
Error,68189
UpdateRouteReq,91320
UpdateRouteReq,111783
UpdateRouteReq,58887
PathTeardownReq,61412
FindNodeReq,87040
FindNodeReq,101798
PathSetupReq,131167
PathTeardownReq,132245
UpdateRouteReq,153680
PathSetupReq,95643
UpdateRouteReq,103265
UpdateRouteReq,115749
UpdateRouteReq,129791
UpdateRouteReq,34128
UpdateRouteReq,35664
Error,58446
UpdateRouteReq,62422
PathTeardownReq,56915
Error,57876
PathSetupReq,59946
PathTeardownReq,83857
Error,85115
Error,24576
UpdateRouteReq,24807
PathSetupReq,25790
UpdateRouteReq,14609
UpdateRouteReq,35241
FindNodeRsp,22741
Error,33002
UpdateRouteReq,31619
UpdateRouteReq,44191
PathTeardownReq,13212
Error,13619
Error,12640
UpdateRouteReq,32298
Error,13913
Error,11469
UpdateRouteReq,17713
PathSetupReq,13694
UpdateRouteReq,24024
UpdateRouteReq,45060
UpdateRouteReq,94449
UpdateRouteReq,107664
UpdateRouteReq,130519
UpdateRouteReq,151874
UpdateRouteReq,90449
UpdateRouteReq,111408
Error,113203
PathSetupReq,114120
UpdateRouteReq,116871
UpdateRouteReq,131323
UpdateRouteReq,97125
UpdateRouteReq,125784
PathTeardownReq,126952
PathSetupReq,137402
PathTeardownReq,148730
UpdateRouteReq,38458
Error,31231
FindNodeReq,43735
UpdateRouteReq,39426
UpdateRouteReq,58210
PathSetupReq,59229
Error,83690
Error,100429
UpdateRouteReq,16651
UpdateRouteReq,37211
UpdateRouteReq,17246
UpdateRouteReq,14807
FindNodeRsp,22769
UpdateRouteReq,14426
Error,28512
UpdateRouteReq,18284
PathSetupReq,20326
UpdateRouteReq,27411
UpdateRouteReq,28842
UpdateRouteReq,31844
Error,35572
UpdateRouteReq,38327
UpdateRouteReq,48588
Error,50718
UpdateRouteReq,24182
UpdateRouteReq,14043
UpdateRouteReq,20054
UpdateRouteReq,40918
UpdateRouteReq,46306
PathSetupReq,47024
Error,63975
FindNodeReq,87966
UpdateRouteReq,29830
UpdateRouteReq,50625
FindNodeRsp,21971
UpdateRouteReq,21730
FindNodeReq,41647
Error,44399
UpdateRouteReq,55650
UpdateRouteReq,38925
PathTeardownReq,67812
Error,92145
UpdateRouteReq,93568
PathSetupReq,94558
UpdateRouteReq,36219
Error,72353
Error,58070
Error,50878
UpdateRouteReq,66892
UpdateRouteReq,78285
PathTeardownReq,88483
Error,116740
Error,139954
Error,102272
UpdateRouteReq,102973
PathSetupReq,122446
UpdateRouteReq,125858
Error,144257
UpdateRouteReq,167114
UpdateRouteReq,179259
Error,55391
FindNodeRsp,74012
Error,57327
UpdateRouteReq,34179
UpdateRouteReq,16235
Error,32386
Error,26826
UpdateRouteReq,16156
Error,13560
UpdateRouteReq,31033
Error,34205
UpdateRouteReq,15577
Error,11575
UpdateRouteReq,16067
Error,34349
UpdateRouteReq,48811
PathSetupReq,60511
UpdateRouteReq,63535
Error,72147
UpdateRouteReq,69227
UpdateRouteReq,64690
FindNodeReq,35972
UpdateRouteReq,19535
UpdateRouteReq,22414
UpdateRouteReq,15392
PathTeardownReq,26278
PathSetupReq,40522
PathTeardownReq,41130
UpdateRouteReq,58553
UpdateRouteReq,16580
UpdateRouteReq,29560
UpdateRouteReq,15140
FindNodeReq,125484
UpdateRouteReq,126964
PathSetupReq,140911
UpdateRouteReq,144596
UpdateRouteReq,160007
UpdateRouteReq,174076
PathTeardownReq,186296
UpdateRouteReq,208187
UpdateRouteReq,210381
PathSetupReq,212142
UpdateRouteReq,47220
UpdateRouteReq,58981
PathTeardownReq,13779
Error,26292
UpdateRouteReq,27976
Error,29141
Error,21813
UpdateRouteReq,23269
UpdateRouteReq,16126
UpdateRouteReq,22350
UpdateRouteReq,21268
UpdateRouteReq,16566
Error,13211
UpdateRouteReq,15490
UpdateRouteReq,25069
UpdateRouteReq,46476
Error,58309
UpdateRouteReq,130173
Error,144514
PathTeardownReq,146437
Error,148524
PathSetupReq,149592
PathTeardownReq,150871
FindNodeReq,167902
FindNodeReq,147093
Error,147208
UpdateRouteReq,149926
PathSetupReq,150743
UpdateRouteReq,153458
UpdateRouteReq,201916
Error,93326
Error,135155
Error,156703
Error,173411
Error,189251
UpdateRouteReq,88259
Error,105042
Error,130902
FindNodeRsp,136807
UpdateRouteReq,139885
FindNodeRsp,85625
PathTeardownReq,97335
PathSetupReq,101735
Error,103785
Error,104833
Error,105984
PathTeardownReq,107134
Error,124052
Error,63567
UpdateRouteReq,73054
Error,93885
UpdateRouteReq,104813
Error,18727
Error,13945
Error,11848
FindNodeRsp,20786
FindNodeReq,43028
Error,16340
Error,26731
UpdateRouteReq,15924
Error,14919
UpdateRouteReq,16212
Error,13916
Error,30927
UpdateRouteReq,43841
UpdateRouteReq,47027
UpdateRouteReq,33224
Error,36066
UpdateRouteReq,28784
UpdateRouteReq,99439
UpdateRouteReq,121034
UpdateRouteReq,79991
UpdateRouteReq,20434
FindNodeReq,65550
PathTeardownReq,31020
PathTeardownReq,31186
Error,56607
FindNodeReq,56629
UpdateRouteReq,37393
Error,28719
Error,76170
Error,46847
Error,19147
Error,37397
Error,35774
Error,36001
FindNodeRsp,22224
FindNodeRsp,18623
FindNodeReq,29957
Error,27214
Error,26941
UpdateRouteReq,29708
PathSetupReq,14477
UpdateRouteReq,33718
Error,43338
UpdateRouteReq,36113
UpdateRouteReq,22424
UpdateRouteReq,33335
Error,38431
PathSetupReq,40184
UpdateRouteReq,31203
UpdateRouteReq,24216
Error,22730
PathTeardownReq,13899
PathSetupReq,13041
PathTeardownReq,13012
UpdateRouteReq,15261
PathSetupReq,12847
UpdateRouteReq,15691
Error,13408
UpdateRouteReq,16291
UpdateRouteReq,15842
Error,15459
Error,19660
Error,20101
FindNodeReq,52110
PathTeardownReq,61242
UpdateRouteReq,22039
PathSetupReq,21755
UpdateRouteReq,15260
Error,43191
UpdateRouteReq,57493
UpdateRouteReq,80093
Error,29105
UpdateRouteReq,109365
UpdateRouteReq,134568
UpdateRouteReq,146598
UpdateRouteReq,167010
UpdateRouteReq,186129
UpdateRouteReq,188666
Error,204784
UpdateRouteReq,123051
UpdateRouteReq,135972
UpdateRouteReq,155447
PathTeardownReq,144756
UpdateRouteReq,156683
Error,200882
UpdateRouteReq,203631
Error,69974
PathSetupReq,63923
UpdateRouteReq,66851
FindNodeRsp,70897
UpdateRouteReq,74011
PathTeardownReq,76368
PathSetupReq,69943
PathTeardownReq,71091
Error,93302
UpdateRouteReq,106984
UpdateRouteReq,24618
Error,39036
UpdateRouteReq,22129
PathSetupReq,12622
Error,28891
Error,17918
UpdateRouteReq,66279
Error,66616
UpdateRouteReq,17207
FindNodeRsp,21613
UpdateRouteReq,16602
Error,11845
Error,97042
UpdateRouteReq,90005
Error,100492
UpdateRouteReq,107341
UpdateRouteReq,112183
UpdateRouteReq,133494
FindNodeRsp,21879
UpdateRouteReq,20874
UpdateRouteReq,20934
UpdateRouteReq,42721
UpdateRouteReq,98776
UpdateRouteReq,120382
UpdateRouteReq,57037
UpdateRouteReq,84006
UpdateRouteReq,17217
UpdateRouteReq,53626
UpdateRouteReq,66263
UpdateRouteReq,15362
FindNodeRsp,22764
FindNodeRsp,18503
Error,15159
Error,13763
UpdateRouteReq,16858
UpdateRouteReq,24232
UpdateRouteReq,25300
UpdateRouteReq,34890
UpdateRouteReq,31221
UpdateRouteReq,68028
PathTeardownReq,70223
UpdateRouteReq,135457
UpdateRouteReq,158772
UpdateRouteReq,169583
UpdateRouteReq,180323
PathSetupReq,98475
PathTeardownReq,93345
UpdateRouteReq,107497
UpdateRouteReq,152493
Error,84330
UpdateRouteReq,129903
FindNodeRsp,29991
FindNodeRsp,18930
UpdateRouteReq,22675
PathSetupReq,21729
Error,19113
UpdateRouteReq,20436
UpdateRouteReq,15265
UpdateRouteReq,15336
UpdateRouteReq,13851
UpdateRouteReq,13543
UpdateRouteReq,55593
UpdateRouteReq,26058
UpdateRouteReq,78932
UpdateRouteReq,88975
Error,30993
Error,30522
Error,29678
Error,18518
UpdateRouteReq,13133
UpdateRouteReq,13177
UpdateRouteReq,16213
FindNodeReq,36916
UpdateRouteReq,15574
UpdateRouteReq,68135
UpdateRouteReq,79080
Error,79296
UpdateRouteReq,16095
UpdateRouteReq,22080
UpdateRouteReq,21636
UpdateRouteReq,15347
Error,13084
UpdateRouteReq,15374
UpdateRouteReq,22257
Error,18916
FindNodeReq,30533
Error,12393
UpdateRouteReq,16629
Error,11500
FindNodeReq,32288
FindNodeReq,28364
Error,14931
UpdateRouteReq,15456
Error,29454
UpdateRouteReq,26528
UpdateRouteReq,15802
FindNodeReq,28333
UpdateRouteReq,17039
PathTeardownReq,14550
FindNodeReq,28171
PathSetupReq,13036
PathTeardownReq,11800
PathTeardownReq,11969
Error,16497
UpdateRouteReq,15666
PathSetupReq,12096
Error,13981
UpdateRouteReq,20177
Error,11274
PathTeardownReq,14136
UpdateRouteReq,16414
Error,14248
UpdateRouteReq,19743
PathTeardownReq,13176
PathTeardownReq,13613
PathTeardownReq,12199
UpdateRouteReq,17537
UpdateRouteReq,14253
PathSetupReq,14453
PathSetupReq,14067
PathTeardownReq,13373
UpdateRouteReq,99251
UpdateRouteReq,56088
UpdateRouteReq,82831
QueryRouteReq,39126
UpdateRouteReq,22820
PathSetupReq,23377
UpdateRouteReq,22425
UpdateRouteReq,14351
UpdateRouteReq,14267
UpdateRouteReq,14161
PathTeardownReq,15062
UpdateRouteReq,14631
UpdateRouteReq,14264
FindNodeReq,30880
UpdateRouteReq,14961
PathSetupReq,12381
PathTeardownReq,12858
UpdateRouteReq,36992
UpdateRouteReq,33601
UpdateRouteReq,51252
UpdateRouteReq,14055
FindNodeReq,29442
FindNodeReq,45643
FindNodeReq,26186
FindNodeReq,27198
UpdateRouteReq,15496
PathSetupReq,13016
UpdateRouteReq,18562
PathSetupReq,13106
UpdateRouteReq,16517
UpdateRouteReq,14122
UpdateRouteReq,14588
UpdateRouteReq,13694
FindNodeReq,30746
UpdateRouteReq,13864
UpdateRouteReq,14932
UpdateRouteReq,14464
UpdateRouteReq,14487
FindNodeReq,29864
UpdateRouteReq,15758
FindNodeRsp,30300
FindNodeRsp,25981
UpdateRouteReq,13891
FindNodeRsp,26845
FindNodeRsp,24331
PathTeardownReq,13416
UpdateRouteReq,16577
PathTeardownReq,12980
UpdateRouteReq,14615
QueryRouteReq,25293
UpdateRouteReq,15863
UpdateRouteReq,18969
UpdateRouteReq,15328
PathSetupReq,12758
FindNodeReq,33883
PathTeardownReq,12645
PathTeardownReq,12510
UpdateRouteReq,17122
UpdateRouteReq,15903
UpdateRouteReq,23359
FindNodeRsp,27138
FindNodeRsp,42630
QueryRouteReq,69851
UpdateRouteReq,88606
PathSetupReq,25969
UpdateRouteReq,29812
PathSetupReq,16373
UpdateRouteReq,14829
UpdateRouteReq,30311
PathTeardownReq,55358
PathTeardownReq,107732
PathTeardownReq,46200
UpdateRouteReq,132537
UpdateRouteReq,123997
QueryRouteReq,104543
FindNodeReq,136243
UpdateRouteReq,57335
UpdateRouteReq,58005
UpdateRouteReq,53505
UpdateRouteReq,56638
UpdateRouteReq,227121
UpdateRouteReq,407191
UpdateRouteReq,203708
FindNodeRsp,98800
UpdateRouteReq,305974
UpdateRouteReq,369381
Error,163528
QueryRouteReq,104859
FindNodeReq,116837
Error,69092
PathSetupReq,59106
UpdateRouteReq,73249
PathSetupReq,57671
UpdateRouteReq,82059
PathTeardownReq,56695
Error,134681
UpdateRouteReq,65178
PathSetupReq,50397
UpdateRouteReq,67659
UpdateRouteReq,70867
UpdateRouteReq,85779
PathTeardownReq,64771
UpdateRouteReq,72050
UpdateRouteReq,63579
PathSetupReq,55133
PathTeardownReq,93579
UpdateRouteReq,103420
UpdateRouteReq,120224
UpdateRouteReq,166716
UpdateRouteReq,74638
UpdateRouteReq,124046
PathSetupReq,126224
UpdateRouteReq,141931
UpdateRouteReq,68153
UpdateRouteReq,107060
PathTeardownReq,150696
UpdateRouteReq,79095
PathSetupReq,51340
Error,122511
UpdateRouteReq,173210
PathTeardownReq,216462
UpdateRouteReq,129523
UpdateRouteReq,212149
PathTeardownReq,127677
UpdateRouteReq,63906
UpdateRouteReq,57811
UpdateRouteReq,79702
PathSetupReq,87568
Error,116218
UpdateRouteReq,62190
PathSetupReq,48936
UpdateRouteReq,62420
PathTeardownReq,81189
UpdateRouteReq,65157
UpdateRouteReq,79362
UpdateRouteReq,48677
UpdateRouteReq,74819
UpdateRouteReq,42723
UpdateRouteReq,44994
PathSetupReq,32900
PathTeardownReq,43770
PathTeardownReq,40006
UpdateRouteReq,87313
PathSetupReq,84432
FindNodeReq,89344
PathTeardownReq,55879
Error,92022
UpdateRouteReq,42998
PathSetupReq,31542
UpdateRouteReq,41899
UpdateRouteReq,47683
FindNodeReq,81187
FindNodeReq,75203
PathTeardownReq,41814
UpdateRouteReq,80196
PathSetupReq,76080
UpdateRouteReq,83394
FindNodeReq,72528
Error,56502
PathTeardownReq,69841
UpdateRouteReq,45095
PathSetupReq,30552
PathTeardownReq,28924
PathTeardownReq,31579
PathSetupReq,36119
UpdateRouteReq,47129
UpdateRouteReq,48017
PathTeardownReq,31849
UpdateRouteReq,36494
PathSetupReq,24631
UpdateRouteReq,35368
FindNodeReq,64420
FindNodeReq,57206
Error,26244
UpdateRouteReq,31559
PathTeardownReq,38973
UpdateRouteReq,33507
UpdateRouteReq,32223
PathSetupReq,24970
UpdateRouteReq,30658
UpdateRouteReq,41372
PathSetupReq,37850
QueryRouteReq,65388
PathTeardownReq,36785
PathTeardownReq,29923
UpdateRouteReq,39503
PathSetupReq,25683
PathTeardownReq,27797
PathTeardownReq,22898
FindNodeRsp,28910
PathSetupReq,18485
PathTeardownReq,22484
UpdateRouteReq,31326
PathSetupReq,23298
UpdateRouteReq,23790
UpdateRouteReq,22968
UpdateRouteReq,26683
UpdateRouteReq,23031
PathTeardownReq,23554
PathSetupReq,26718
PathTeardownReq,20129
UpdateRouteReq,30429
PathSetupReq,18928
PathTeardownReq,19252
PathTeardownReq,19367
QueryRouteReq,43539
PathSetupReq,22980
PathTeardownReq,19663
PathSetupReq,20597
PathTeardownReq,23814
PathTeardownReq,21760
PathSetupReq,27579
PathTeardownReq,22869
PathSetupReq,22439
PathTeardownReq,22308
QueryRouteReq,42084
FindNodeReq,48216
UpdateRouteReq,35765
PathSetupReq,18608
FindNodeReq,47038
FindNodeReq,46546
FindNodeReq,36706
PathTeardownReq,23177
UpdateRouteReq,27817
UpdateRouteReq,22264
PathSetupReq,17734
PathTeardownReq,19133
UpdateRouteReq,26961
UpdateRouteReq,25455
UpdateRouteReq,23047
PathSetupReq,18476
PathTeardownReq,16644
PathSetupReq,15127
PathTeardownReq,19520
UpdateRouteReq,30714
PathSetupReq,24469
UpdateRouteReq,23769
UpdateRouteReq,25005
PathSetupReq,20321
FindNodeReq,44784
UpdateRouteReq,26330
UpdateRouteReq,21970
PathTeardownReq,18305
PathSetupReq,17089
PathTeardownReq,20630
PathSetupReq,16129
PathTeardownReq,18017
PathTeardownReq,18575
UpdateRouteReq,26956
UpdateRouteReq,23634
FindNodeReq,54473
UpdateRouteReq,26916
PathSetupReq,17040
UpdateRouteReq,23120
QueryRouteReq,37114
PathTeardownReq,18253
FindNodeReq,41036
FindNodeReq,48019
FindNodeReq,66354
UpdateRouteReq,37598
PathSetupReq,36070
PathSetupReq,22569
PathTeardownReq,19291
UpdateRouteReq,23368
UpdateRouteReq,21692
PathSetupReq,17502
UpdateRouteReq,25729
UpdateRouteReq,31572
UpdateRouteReq,30826
PathTeardownReq,29043
PathTeardownReq,23184
PathTeardownReq,20092
QueryRouteReq,47653
PathSetupReq,19537
UpdateRouteReq,24706
UpdateRouteReq,23585
PathTeardownReq,20171
FindNodeReq,46798
FindNodeReq,74913
UpdateRouteReq,77230
PathSetupReq,19379
PathTeardownReq,18880
PathTeardownReq,28419
QueryRouteReq,36655
UpdateRouteReq,26940
PathSetupReq,22059
QueryRouteReq,44895
UpdateRouteReq,33885
UpdateRouteReq,58032
UpdateRouteReq,53348
UpdateRouteReq,145431
Error,157877
UpdateRouteReq,145898
UpdateRouteReq,58202
Error,83404
UpdateRouteReq,22570
UpdateRouteReq,20464
UpdateRouteReq,19528
FindNodeRsp,31944
UpdateRouteReq,21737
UpdateRouteReq,21256
FindNodeReq,56015
FindNodeReq,78862
UpdateRouteReq,25143
UpdateRouteReq,111795
UpdateRouteReq,139805
Error,17432
UpdateRouteReq,65327
FindNodeReq,50755
FindNodeReq,69396
Error,40965
UpdateRouteReq,44025
Error,37066
Error,22113
FindNodeReq,42604
FindNodeRsp,85049
QueryRouteReq,83765
UpdateRouteReq,80273
UpdateRouteReq,76899
UpdateRouteReq,18144
UpdateRouteReq,12533
UpdateRouteReq,14382
UpdateRouteReq,40425
UpdateRouteReq,19954
FindNodeReq,48807
FindNodeRsp,31202
FindNodeRsp,48767
PNHello,110724
PNDiscRsp,94022
UpdateRouteReq,214715
FindNodeReq,152752
UpdateRouteReq,159373
UpdateRouteReq,432171
UpdateRouteReq,688630
UpdateRouteReq,738644
UpdateRouteReq,145741
UpdateRouteReq,120765
Error,138946
FindNodeRsp,95274
UpdateRouteReq,85917
UpdateRouteReq,366187
UpdateRouteReq,446250
Error,165197
Error,147506
Error,140445
Error,83900
Error,68902
FindNodeReq,115154
FindNodeReq,114309
FindNodeReq,152408
UpdateRouteReq,44730
UpdateRouteReq,160575
QueryRouteReq,101854
UpdateRouteReq,53083
UpdateRouteReq,214162
FindNodeRsp,94694
UpdateRouteReq,206076
FindNodeReq,165724
UpdateRouteReq,136296
FindNodeReq,151783
UpdateRouteReq,144253
FindNodeRsp,93426
QueryRouteReq,156387
UpdateRouteReq,139196
FindNodeReq,152813
UpdateRouteReq,211637
UpdateRouteReq,144377
FindNodeRsp,79251
FindNodeRsp,95143
FindNodeReq,156317
FindNodeRsp,72834
FindNodeReq,157462
FindNodeReq,158397
UpdateRouteReq,201048
FindNodeReq,190678
UpdateRouteReq,158158
FindNodeRsp,77288
FindNodeReq,145773
FindNodeRsp,70387
FindNodeReq,181408
FindNodeReq,455906
FindNodeReq,150431
FindNodeReq,155919
UpdateRouteReq,127153
UpdateRouteReq,136341
FindNodeRsp,74423
UpdateRouteReq,224111
UpdateRouteReq,279701
UpdateRouteReq,319758
UpdateRouteReq,126418
Error,146317
Error,137191
Error,120248
Error,140937
Error,77566
UpdateRouteReq,41846
FindNodeRsp,72564
UpdateRouteReq,229149
FindNodeReq,125587
UpdateRouteReq,141437
UpdateRouteReq,63286
UpdateRouteReq,91662
FindNodeReq,140445
FindNodeReq,128022
FindNodeRsp,116679
FindNodeRsp,77275
FindNodeRsp,108201
FindNodeReq,139306
FindNodeReq,158261
FindNodeReq,150720
FindNodeReq,155872
FindNodeRsp,76260
FindNodeReq,138208
FindNodeRsp,77620
FindNodeReq,151260
FindNodeRsp,80080
FindNodeRsp,79510
FindNodeRsp,77495
PathSetupReq,154340
PathSetupReq,69958
PathSetupReq,137040
FindNodeRsp,112454
FindNodeReq,157233
FindNodeRsp,79798
FindNodeReq,139300
FindNodeReq,141657
FindNodeRsp,105667
FindNodeReq,141308
FindNodeReq,154218
FindNodeReq,149531
FindNodeReq,140628
FindNodeRsp,107872
FindNodeReq,140969
PNDiscReq,161805
FindNodeReq,141675
FindNodeReq,158088
FindNodeReq,141826
FindNodeReq,153030
FindNodeRsp,82491
FindNodeRsp,79210
FindNodeReq,142966
UpdateRouteReq,184234
Error,84505
UpdateRouteReq,164490
FindNodeRsp,123942
FindNodeRsp,88386
FindNodeReq,160668
FindNodeReq,154133
FindNodeReq,159296
FindNodeRsp,109797
FindNodeReq,152357
FindNodeRsp,84815
FindNodeRsp,125601
FindNodeReq,159245
FindNodeReq,162341
FindNodeRsp,78858
FindNodeReq,151629
FindNodeRsp,115679
FindNodeReq,159561
FindNodeRsp,84127
UpdateRouteReq,179408
UpdateRouteReq,114263
UpdateRouteReq,47306
UpdateRouteReq,186257
Error,168889
Error,173157
Error,104827
Error,94669
Error,83870
FindNodeRsp,113926
FindNodeReq,165709
UpdateRouteReq,41794
UpdateRouteReq,166670
UpdateRouteReq,106292
UpdateRouteReq,100379
FindNodeReq,155378
FindNodeRsp,114820
FindNodeReq,161936
FindNodeReq,162661
FindNodeReq,149379
FindNodeReq,159665
FindNodeRsp,107489
FindNodeReq,159837
FindNodeRsp,79699
PNHello,121518
PNDiscRsp,66206
FindNodeReq,151246
FindNodeRsp,82494
FindNodeReq,158253
FindNodeRsp,83706
FindNodeReq,156652
PathSetupReq,72273
PathSetupReq,103241
PathSetupReq,137761
FindNodeReq,150265
FindNodeRsp,106266
FindNodeRsp,83651
FindNodeRsp,107679
FindNodeReq,157445
FindNodeReq,158058
FindNodeReq,160183
FindNodeRsp,115900
FindNodeReq,157044
FindNodeRsp,116395
FindNodeReq,151248
FindNodeReq,155958
FindNodeReq,163732
FindNodeRsp,77878
FindNodeReq,149869
FindNodeRsp,96918
FindNodeRsp,77758
FindNodeRsp,81504
FindNodeRsp,100936
FindNodeReq,156417
FindNodeRsp,82610
FindNodeReq,152100
FindNodeReq,151346
FindNodeReq,158581
FindNodeReq,162337
FindNodeRsp,98704
FindNodeReq,152725
FindNodeRsp,80889
FindNodeReq,162513
FindNodeReq,156602
FindNodeReq,152629
FindNodeRsp,77138
FindNodeRsp,112182
FindNodeRsp,80230
FindNodeReq,157109
PNDiscReq,161895
FindNodeRsp,78229
FindNodeRsp,98579
FindNodeReq,159737
FindNodeRsp,79073
FindNodeRsp,79011
UpdateRouteReq,174949
UpdateRouteReq,48306
UpdateRouteReq,64591
UpdateRouteReq,80363
FindNodeReq,129622
UpdateRouteReq,98892
UpdateRouteReq,142780
FindNodeReq,195236
FindNodeRsp,77907
FindNodeReq,153867
FindNodeRsp,78510
FindNodeRsp,83981
FindNodeReq,158905
FindNodeReq,154557
FindNodeReq,153791
FindNodeReq,180416
FindNodeReq,151521
FindNodeRsp,85822
FindNodeReq,158205
FindNodeRsp,77886
PathSetupReq,72146
PathSetupReq,182215
PathSetupReq,137463
FindNodeReq,154504
FindNodeRsp,77618
FindNodeRsp,38847
FindNodeReq,87873
FindNodeRsp,35426
UpdateRouteReq,51908
FindNodeReq,167640
FindNodeRsp,109066
FindNodeReq,135508
FindNodeReq,159163
FindNodeRsp,81128
FindNodeReq,154609
FindNodeRsp,103508
FindNodeReq,156323
FindNodeReq,232846
FindNodeReq,327284
FindNodeReq,153323
FindNodeReq,157683
FindNodeRsp,79549
FindNodeReq,150829
FindNodeReq,155924
FindNodeReq,161684
FindNodeRsp,89914
FindNodeReq,74413
FindNodeReq,161105
FindNodeRsp,78533
QueryRouteReq,208817
UpdateRouteReq,391472
QueryRouteRsp,270220
UpdateRouteReq,39945
UpdateRouteReq,176622
QueryRouteReq,115077
QueryRouteRsp,105762
UpdateRouteReq,77735
PathSetupReq,44352
UpdateRouteReq,50019
UpdateRouteReq,122081
UpdateRouteReq,49337
UpdateRouteReq,48099
UpdateRouteReq,303406
UpdateRouteReq,429862
UpdateRouteReq,550586
UpdateRouteReq,678154
UpdateRouteReq,824754
UpdateRouteReq,946228
FindNodeRsp,198084
UpdateRouteReq,221423
UpdateRouteReq,356782
FindNodeReq,160940
FindNodeReq,167361
FindNodeReq,154309
PNHello,124323
PNDiscRsp,112354
UpdateRouteReq,114289
UpdateRouteReq,241868
UpdateRouteReq,382253
UpdateRouteReq,577456
UpdateRouteReq,702537
UpdateRouteReq,850777
UpdateRouteReq,978990
UpdateRouteReq,118538
UpdateRouteReq,216929
UpdateRouteReq,351457
FindNodeReq,176027
FindNodeRsp,109896
FindNodeReq,180209
UpdateRouteReq,55823
UpdateRouteReq,50508
UpdateRouteReq,50828
FindNodeReq,166033
FindNodeReq,159745
UpdateRouteReq,142899
Error,149776
Error,696711
Error,697072
UpdateRouteReq,48774
Error,218478
Error,208117
Error,167665
UpdateRouteReq,83024
UpdateRouteReq,86488
UpdateRouteReq,95693
Error,123527
Error,170325
Error,147635
Error,202515
Error,110683
Error,123121
UpdateRouteReq,69089
Error,117798
Error,108787
UpdateRouteReq,43039
Error,51454
Error,36002
Error,99756
Error,114583
UpdateRouteReq,109177
Error,106230
FindNodeRsp,59342
UpdateRouteReq,202484
PathTeardownReq,173996
UpdateRouteReq,61615
UpdateRouteReq,66426
UpdateRouteReq,56897
Error,56781
Error,102208
Error,103801
Error,103106
Error,97041
Error,140137
UpdateRouteReq,50907
UpdateRouteReq,45716
Error,108134
Error,106118
Error,117790
Error,40346
Error,80937
Error,94197
Error,115045
UpdateRouteReq,50373
Error,103328
Error,91871
Error,246090
Error,313732
Error,315360
Error,410031
Error,109861
UpdateRouteReq,53883
UpdateRouteReq,94685
UpdateRouteReq,108812
Error,84939
Error,104929
Error,169545
Error,257184
Error,82810
Error,123255
Error,99554
Error,96570
Error,95408
Error,165013
Error,66379
Error,72922
UpdateRouteReq,49215
UpdateRouteReq,42807
UpdateRouteReq,40273
UpdateRouteReq,41176
UpdateRouteReq,39215
UpdateRouteReq,53252
Error,125790
Error,69716
FindNodeReq,117019
Error,59759
Error,156501
Error,83246
Error,107957
Error,32899
Error,87650
UpdateRouteReq,67970
Error,97037
FindNodeReq,99209
Error,35479
Error,257674
Error,86102
UpdateRouteReq,94834
UpdateRouteReq,62243
Error,120985
Error,63951
Error,95762
UpdateRouteReq,47095
UpdateRouteReq,41511
Error,106596
Error,84576
Error,64723
Error,114454
Error,39779
UpdateRouteReq,52175
Error,93844
UpdateRouteReq,74298
Error,88517
Error,109222
Error,76918
UpdateRouteReq,55949
Error,66350
Error,51181
PathSetupReq,50339
Error,171628
UpdateRouteReq,100595
UpdateRouteReq,72259
UpdateRouteReq,137401
Error,165563
UpdateRouteReq,55926
UpdateRouteReq,46275
UpdateRouteReq,100526
UpdateRouteReq,99594
FindNodeReq,179843
UpdateRouteReq,52635
UpdateRouteReq,44368
PathTeardownReq,36628
Error,102173
UpdateRouteReq,51464
Error,65153
FindNodeReq,109421
UpdateRouteReq,113126
Error,34905
UpdateRouteReq,97684
FindNodeReq,139570
UpdateRouteReq,49047
UpdateRouteReq,46171
UpdateRouteReq,44136
UpdateRouteReq,99418
PathSetupReq,122497
UpdateRouteReq,48502
FindNodeReq,133941
FindNodeReq,155601
UpdateRouteReq,75527
UpdateRouteReq,75145
UpdateRouteReq,48243
FindNodeReq,157473
FindNodeReq,161549
QueryRouteRsp,78710
UpdateRouteReq,119607
Error,120332
Error,81051
Error,72166
Error,92652
Error,72776
Error,72680
Error,90227
Error,98701
Error,44639
Error,46090
FindNodeReq,403442
UpdateRouteReq,413287
FindNodeReq,697813
UpdateRouteReq,708740
QueryRouteRsp,371726
UpdateRouteReq,592195
FindNodeReq,625126
UpdateRouteReq,614271
FindNodeReq,213562
UpdateRouteReq,239622
UpdateRouteReq,271334
FindNodeReq,67066
UpdateRouteReq,183521
UpdateRouteReq,88423
UpdateRouteReq,172660
UpdateRouteReq,93912
UpdateRouteReq,59435
UpdateRouteReq,125485
UpdateRouteReq,48311
Error,181644
Error,99124
Error,250582
Error,319703
Error,178416
Error,200991
Error,160910
Error,202532
Error,125592
UpdateRouteReq,108856
Error,48499
Error,100037
Error,86238
Error,93838
Error,52852
Error,35727
Error,32700
UpdateRouteReq,47927
UpdateRouteReq,38587
PathTeardownReq,33768
UpdateRouteReq,50078
UpdateRouteReq,42079
UpdateRouteReq,38551
UpdateRouteReq,68507
PathSetupReq,70326
UpdateRouteReq,37259
UpdateRouteReq,41007
UpdateRouteReq,38339
FindNodeRsp,74318
QueryRouteReq,75975
UpdateRouteReq,47539
UpdateRouteReq,74143
UpdateRouteReq,70105
FindNodeReq,162904
QueryRouteRsp,72182
UpdateRouteReq,156424
UpdateRouteReq,194316
UpdateRouteReq,46905
UpdateRouteReq,168510
UpdateRouteReq,41672
FindNodeReq,155548
QueryRouteReq,184196
UpdateRouteReq,62786
UpdateRouteReq,42030
FindNodeRsp,80342
UpdateRouteReq,129412
Error,78811
FindNodeRsp,68374
FindNodeReq,136405
UpdateRouteReq,42006
UpdateRouteReq,79314
FindNodeReq,155406
UpdateRouteReq,67521
UpdateRouteReq,94790
UpdateRouteReq,40988
UpdateRouteReq,43807
UpdateRouteReq,44463
UpdateRouteReq,68717
FindNodeRsp,74855
QueryRouteReq,85484
UpdateRouteReq,78698
UpdateRouteReq,41240
UpdateRouteReq,42843
UpdateRouteReq,39567
UpdateRouteReq,43555
UpdateRouteReq,68642
Error,95331
Error,246122
Error,448346
Error,532618
Error,51161
Error,376645
FindNodeReq,589099
FindNodeRsp,682481
FindNodeReq,716242
UpdateRouteReq,202552
UpdateRouteReq,237063
UpdateRouteReq,244408
UpdateRouteReq,318302
FindNodeReq,373366
Error,205208
FindNodeReq,372491
FindNodeReq,403233
Error,375872
FindNodeReq,491074
UpdateRouteReq,632106
UpdateRouteReq,663728
UpdateRouteReq,694953
FindNodeReq,713144
UpdateRouteReq,767197
FindNodeReq,733593
Error,743760
FindNodeReq,897370
Error,940008
FindNodeReq,972746
FindNodeReq,217679
FindNodeReq,244382
FindNodeReq,274389
Error,279514
Error,585971
FindNodeReq,844687
Error,968126
FindNodeReq,455537
UpdateRouteReq,569808
Error,37026
Error,31653
UpdateRouteReq,83099
UpdateRouteReq,71886
UpdateRouteReq,57257
UpdateRouteReq,47383
UpdateRouteReq,41515
UpdateRouteReq,43123
Error,117010
FindNodeRsp,59679
Error,86530
UpdateRouteReq,72610
UpdateRouteReq,113816
UpdateRouteReq,85437
UpdateRouteReq,123823
UpdateRouteReq,92333
Error,130464
Error,94794
Error,111816
Error,86197
Error,49857
Error,172116
UpdateRouteReq,59343
FindNodeRsp,87265
FindNodeReq,141649
UpdateRouteReq,49523
FindNodeReq,142849
FindNodeReq,92604
FindNodeReq,73550
FindNodeReq,71562
UpdateRouteReq,97616
QueryRouteReq,176716
FindNodeReq,98455
FindNodeReq,82673
FindNodeReq,67067
UpdateRouteReq,51065
FindNodeReq,68830
UpdateRouteReq,48994
FindNodeReq,76913
FindNodeReq,153184
QueryRouteReq,73904
UpdateRouteReq,76606
UpdateRouteReq,51450
UpdateRouteReq,49709
UpdateRouteReq,103194
UpdateRouteReq,177751
UpdateRouteReq,95416
FindNodeRsp,133225
FindNodeRsp,70668
QueryRouteReq,85091
UpdateRouteReq,142381
UpdateRouteReq,149203
UpdateRouteReq,86084
QueryRouteReq,71820
UpdateRouteReq,42350
UpdateRouteReq,127159
UpdateRouteReq,42142
UpdateRouteReq,40517
UpdateRouteReq,70312
UpdateRouteReq,104878
FindNodeRsp,117030
UpdateRouteReq,113428
UpdateRouteReq,168144
UpdateRouteReq,70199
UpdateRouteReq,82850
Error,100278
Error,76048
FindNodeReq,75380
FindNodeRsp,47775
QueryRouteReq,89598
UpdateRouteReq,49026
UpdateRouteReq,48599
FindNodeRsp,60789
UpdateRouteReq,108982
UpdateRouteReq,101334
UpdateRouteReq,41812
UpdateRouteReq,81167
FindNodeReq,150060
UpdateRouteReq,84229
UpdateRouteReq,122695
Error,79169
Error,78820
FindNodeRsp,49695
FindNodeReq,128884
QueryRouteReq,201205
UpdateRouteReq,42605
FindNodeRsp,87775
FindNodeRsp,83102
UpdateRouteReq,43839
UpdateRouteReq,127413
FindNodeReq,302265
FindNodeReq,459662
UpdateRouteReq,233779
FindNodeRsp,85270
FindNodeReq,152817
UpdateRouteReq,41388
Error,117588
Error,77649
FindNodeReq,71542
QueryRouteReq,70163
FindNodeRsp,67947
UpdateRouteReq,45085
FindNodeRsp,87873
FindNodeReq,114377
UpdateRouteReq,45534
UpdateRouteReq,65386
UpdateRouteReq,42919
UpdateRouteReq,82865
UpdateRouteReq,41019
Error,92802
QueryRouteReq,134214
FindNodeReq,182271
UpdateRouteReq,191588
UpdateRouteReq,41323
Error,82882
Error,77842
Error,127196
FindNodeReq,462005
Error,673850
FindNodeReq,713992
Error,188722
UpdateRouteReq,194876
Error,195643
FindNodeReq,235110
UpdateRouteReq,243811
Error,243585
Error,297726
FindNodeRsp,86732
FindNodeReq,123966
FindNodeReq,166084
Error,95730
FindNodeReq,116697
Error,156864
FindNodeReq,84925
Error,96874
UpdateRouteReq,123181
UpdateRouteReq,55299
FindNodeReq,147433
FindNodeRsp,55456
Error,153817
FindNodeReq,81770
UpdateRouteReq,47677
UpdateRouteReq,91364
UpdateRouteReq,86722
UpdateRouteReq,65404
UpdateRouteReq,38827
Error,170772
UpdateRouteReq,66071
UpdateRouteReq,49792
FindNodeReq,139617
Error,140081
UpdateRouteReq,50767
UpdateRouteReq,39934
Error,163473
FindNodeReq,95921
UpdateRouteReq,42979
FindNodeReq,84402
Error,87799
Error,58586
Error,49405
Error,96024
Error,31339
Error,86042
Error,75703
UpdateRouteReq,47579
Error,87060
Error,42929
Error,119584
Error,161644
Error,202207
Error,186597
Error,85799
Error,62075
Error,113928
Error,38432
UpdateRouteReq,47768
UpdateRouteReq,45223
UpdateRouteReq,40124
UpdateRouteReq,59566
UpdateRouteReq,43588
Error,80506
UpdateRouteReq,44279
UpdateRouteReq,43220
Error,84096
Error,114041
Error,159454
Error,52283
FindNodeReq,83249
Error,55227
Error,51977
Error,30453
Error,172093
Error,103314
Error,123793
Error,91698
Error,55979
Error,35107
UpdateRouteReq,45235
Error,56259
Error,84518
Error,111766
Error,106178
Error,101424
Error,140944
Error,101154
FindNodeRsp,77427
UpdateRouteReq,81758
Error,79558
Error,34723
Error,82459
Error,64047
Error,62467
Error,38055
Error,34643
UpdateRouteReq,47878
UpdateRouteReq,45719
UpdateRouteReq,40719
Error,112557
Error,139486
UpdateRouteReq,74803
Error,161906
Error,119003
Error,119005
Error,129014
Error,89199
Error,76642
Error,102937
Error,58162
Error,69845
UpdateRouteReq,76277
UpdateRouteReq,78844
UpdateRouteReq,79366
UpdateRouteReq,114047
UpdateRouteReq,61915
QueryRouteRsp,161126
UpdateRouteReq,96162
UpdateRouteReq,164962
UpdateRouteReq,117837
UpdateRouteReq,77547
UpdateRouteReq,47245
UpdateRouteReq,149764
Error,115326
Error,112462
FindNodeRsp,104222
FindNodeRsp,127602
UpdateRouteReq,121525
UpdateRouteReq,40089
UpdateRouteReq,41735
UpdateRouteReq,44916
UpdateRouteReq,42019
UpdateRouteReq,89204
UpdateRouteReq,123585
UpdateRouteReq,111570
UpdateRouteReq,160740
UpdateRouteReq,85290
FindNodeRsp,120991
UpdateRouteReq,192076
UpdateRouteReq,75774
UpdateRouteReq,205376
UpdateRouteReq,88753
UpdateRouteReq,133204
QueryRouteReq,118256
UpdateRouteReq,65762
UpdateRouteReq,67738
UpdateRouteReq,206910
FindNodeReq,142437
UpdateRouteReq,70918
QueryRouteReq,115903
UpdateRouteReq,86425
Error,119072
Error,108073
FindNodeRsp,246087
FindNodeReq,425505
FindNodeReq,551214
FindNodeRsp,668126
UpdateRouteReq,722328
UpdateRouteReq,257386
Error,266486
UpdateRouteReq,303793
Error,303622
FindNodeReq,475733
Error,785377
FindNodeReq,648367
FindNodeReq,1009560
Error,1009784
Error,1008840
FindNodeReq,398833
FindNodeReq,431763
FindNodeReq,473397
UpdateRouteReq,171308
FindNodeReq,211775
FindNodeReq,305977
FindNodeReq,337586
Error,969710
Error,408709
Error,830534
Error,830057
FindNodeReq,1043178
FindNodeReq,666850
Error,691255
Error,691638
FindNodeReq,710900
Error,718641
Error,135343
FindNodeReq,171415
FindNodeReq,214065
Error,236104
Error,234898
UpdateRouteReq,82193
PathSetupReq,46696
UpdateRouteReq,59275
Error,110147
FindNodeRsp,67701
Error,92065
Error,127189
Error,90523
Error,111837
Error,52694
UpdateRouteReq,51795
UpdateRouteReq,409583
UpdateRouteReq,469782
QueryRouteRsp,616517
Error,1238780
FindNodeReq,1428572
FindNodeReq,1769752
Error,1769797
UpdateRouteReq,249656
Error,243377
FindNodeReq,363048
Error,437546
Error,480157
Error,543712
FindNodeReq,172776
FindNodeRsp,90982
Error,158056
FindNodeReq,67696
Error,78470
FindNodeReq,103306
Error,76079
Error,100390
Error,97067
UpdateRouteReq,58065
UpdateRouteReq,174715
Error,138261
Error,122324
Error,119115
Error,299641
FindNodeReq,215126
FindNodeReq,255307
Error,310494
Error,353234
Error,239347
Error,98649
Error,159075
UpdateRouteReq,54875
Error,155013
UpdateRouteReq,70246
Error,103883
Error,179088
Error,64615
UpdateRouteReq,49626
Error,58371
Error,107245
Error,42595
Error,184142
FindNodeReq,101767
Error,85517
Error,40737
Error,83359
Error,38348
Error,119520
Error,51088
Error,85743
UpdateRouteReq,50434
UpdateRouteReq,47077
UpdateRouteReq,39550
UpdateRouteReq,84151
Error,153611
UpdateRouteReq,109222
UpdateRouteReq,166624
Error,137086
FindNodeReq,144409
FindNodeReq,110317
Error,176940
UpdateRouteReq,51666
Error,50598
UpdateRouteReq,48449
Error,57687
Error,109294
Error,40171
UpdateRouteReq,54852
Error,106730
UpdateRouteReq,49463
UpdateRouteReq,45258
FindNodeReq,74914
Error,87834
FindNodeReq,67486
Error,84104
FindNodeReq,68060
Error,83025
FindNodeReq,92729
Error,56070
Error,61551
UpdateRouteReq,62614
UpdateRouteReq,60642
UpdateRouteReq,52341
PathTeardownReq,55441
UpdateRouteReq,46344
Error,190696
UpdateRouteReq,202075
Error,219623
UpdateRouteReq,231795
Error,187724
FindNodeRsp,102893
Error,91115
Error,90532
Error,116751
Error,58508
Error,31086
UpdateRouteReq,43595
Error,31524
UpdateRouteReq,74023
Error,94283
UpdateRouteReq,60467
Error,117934
Error,137845
Error,75986
Error,93810
Error,184212
Error,228189
Error,118111
Error,128109
Error,94819
FindNodeReq,143012
UpdateRouteReq,60198
Error,83408
FindNodeReq,182173
Error,277366
UpdateRouteReq,285399
Error,232085
Error,171835
FindNodeRsp,180276
Error,51364
Error,149564
Error,93572
Error,181025
Error,158795
FindNodeRsp,134185
FindNodeReq,178152
Error,254759
Error,325811
UpdateRouteReq,136185
FindNodeRsp,106141
Error,168425
UpdateRouteReq,177584
Error,45303
Error,31439
Error,27510
UpdateRouteReq,101086
Error,309929
Error,429207
Error,176402
Error,78227
Error,32371
Error,145457
Error,127481
Error,86545
Error,78766
Error,156396
Error,154404
Error,170313
Error,258791
Error,132661
Error,176744
Error,117553
PathSetupReq,40499
FindNodeReq,83014
PathTeardownReq,40074
FindNodeReq,72002
Error,87206
UpdateRouteReq,82651
UpdateRouteReq,66402
UpdateRouteReq,70287
Error,246976
Error,323749
Error,207067
Error,282341
Error,283352
Error,324863
Error,358074
Error,131089
Error,50304
Error,34831
Error,32486
Error,77312
Error,122969
Error,160101
UpdateRouteReq,51063
Error,93236
FindNodeRsp,52524
Error,109652
UpdateRouteReq,48211
UpdateRouteReq,48245
UpdateRouteReq,41489
UpdateRouteReq,42153
UpdateRouteReq,42861
UpdateRouteReq,90778
Error,126581
Error,128637
Error,33183
UpdateRouteReq,54232
Error,174608
Error,52514
Error,84463
Error,85766
Error,146897
Error,130117
Error,83186
FindNodeReq,98278
Error,48859
Error,113148
Error,99666
Error,37741
Error,76667
Error,106282
Error,120913
Error,120955
Error,123010
Error,125585
Error,45486
Error,55047
Error,52748
Error,192348
FindNodeReq,92871
Error,84465
Error,54643
UpdateRouteReq,68372
Error,98959
Error,90568
Error,93094
Error,95162
UpdateRouteReq,69782
UpdateRouteReq,70302
UpdateRouteReq,72428
UpdateRouteReq,75078
UpdateRouteReq,48518
FindNodeReq,117044
UpdateRouteReq,120745
UpdateRouteReq,122423
FindNodeReq,180684
UpdateRouteReq,188116
UpdateRouteReq,195664
FindNodeReq,76048
UpdateRouteReq,78734
UpdateRouteReq,51248
UpdateRouteReq,42992
UpdateRouteReq,44792
UpdateRouteReq,42583
UpdateRouteReq,132924
UpdateRouteReq,227170
UpdateRouteReq,146397
UpdateRouteReq,213373
QueryRouteRsp,159720
PathSetupReq,256651
UpdateRouteReq,55527
PathTeardownReq,37019
PathSetupReq,34473
PathTeardownReq,33970
QueryRouteReq,64371
UpdateRouteReq,69695
PathSetupReq,42087
PathTeardownReq,37854
PathSetupReq,62526
PathTeardownReq,39152
PathSetupReq,84702
PathTeardownReq,38687
PathSetupReq,35676
PathTeardownReq,33059
FindNodeReq,95030
UpdateRouteReq,98771
FindNodeReq,84066
UpdateRouteReq,211780
UpdateRouteReq,41031
UpdateRouteReq,71823
PathSetupReq,38189
UpdateRouteReq,48079
PathTeardownReq,73101
FindNodeReq,159618
UpdateRouteReq,54859
UpdateRouteReq,45988
PathSetupReq,36350
UpdateRouteReq,104922
UpdateRouteReq,43048
UpdateRouteReq,44651
UpdateRouteReq,218066
Error,214754
UpdateRouteReq,309622
Error,309483
Error,128563
UpdateRouteReq,68191
UpdateRouteReq,50401
Error,106798
UpdateRouteReq,71364
UpdateRouteReq,48291
UpdateRouteReq,47299
UpdateRouteReq,53900
Error,89499
FindNodeReq,82711
Error,93341
UpdateRouteReq,170198
Error,109597
Error,42897
PathTeardownReq,39977
Error,88911
FindNodeRsp,54175
UpdateRouteReq,51075
UpdateRouteReq,49334
UpdateRouteReq,66459
UpdateRouteReq,48514
UpdateRouteReq,43018
Error,107278
UpdateRouteReq,47719
Error,90055
Error,123353
UpdateRouteReq,209528
Error,100657
UpdateRouteReq,102856
UpdateRouteReq,105030
FindNodeRsp,140460
UpdateRouteReq,117734
Error,117230
UpdateRouteReq,159921
FindNodeRsp,137804
Error,71298
Error,67215
Error,95058
UpdateRouteReq,45175
Error,31263
Error,32929
Error,33616
Error,30219
Error,79804
UpdateRouteReq,43459
UpdateRouteReq,42731
UpdateRouteReq,39608
FindNodeRsp,69813
FindNodeRsp,58910
UpdateRouteReq,64446
UpdateRouteReq,43551
UpdateRouteReq,64859
UpdateRouteReq,162240
Error,83079
FindNodeReq,112419
UpdateRouteReq,115122
UpdateRouteReq,151215
Error,224455
Error,162329
UpdateRouteReq,201076
Error,248518
Error,309837
Error,352974
Error,398479
UpdateRouteReq,104474
UpdateRouteReq,111261
Error,109504
UpdateRouteReq,118601
Error,92838
Error,107298
UpdateRouteReq,77986
FindNodeRsp,95653
PathSetupReq,37550
Error,98456
Error,98696
Error,108401
UpdateRouteReq,121178
FindNodeRsp,251948
UpdateRouteReq,292398
Error,365652
FindNodeRsp,400839
PathTeardownReq,61099
UpdateRouteReq,60124
PathSetupReq,58422
UpdateRouteReq,42815
Error,33069
UpdateRouteReq,43049
Error,121722
Error,136201
Error,190841
Error,203261
Error,226650
FindNodeRsp,242226
Error,291997
FindNodeRsp,172984
Error,172001
Error,174386
FindNodeRsp,188665
Error,138549
Error,194384
Error,183581
UpdateRouteReq,92233
Error,120172
Error,32954
Error,84826
UpdateRouteReq,50044
Error,87722
Error,116611
Error,80899
Error,50132
Error,250027
Error,208850
UpdateRouteReq,92074
UpdateRouteReq,91111
UpdateRouteReq,42154
UpdateRouteReq,41977
UpdateRouteReq,45210
UpdateRouteReq,172186
UpdateRouteReq,46919
UpdateRouteReq,93187
UpdateRouteReq,48106
UpdateRouteReq,43945
UpdateRouteReq,45966
UpdateRouteReq,44879
FindNodeReq,152736
UpdateRouteReq,96412
UpdateRouteReq,45447
UpdateRouteReq,59510
FindNodeRsp,67215
FindNodeReq,154267
UpdateRouteReq,71206
Error,281959
Error,277343
UpdateRouteReq,316732
UpdateRouteReq,427027
Error,126557
Error,123194
FindNodeRsp,131713
UpdateRouteReq,91440
UpdateRouteReq,84482
UpdateRouteReq,116386
Error,173900
FindNodeReq,135237
Error,89119
FindNodeReq,105781
Error,115338
Error,86020
Error,102301
Error,106985
Error,89889
Error,49778
Error,53037
Error,39861
FindNodeReq,161836
UpdateRouteReq,63572
UpdateRouteReq,51155
UpdateRouteReq,45105
UpdateRouteReq,42812
FindNodeReq,89033
UpdateRouteReq,47128
Error,93098
Error,159767
Error,102086
Error,86448
Error,44679
UpdateRouteReq,53444
UpdateRouteReq,62252
Error,111928
Error,77513
Error,110530
Error,45168
UpdateRouteReq,54263
UpdateRouteReq,67678
PathSetupReq,41567
QueryRouteRsp,85831
PathTeardownReq,85418
UpdateRouteReq,199084
UpdateRouteReq,197712
UpdateRouteReq,305655
UpdateRouteReq,43545
QueryRouteReq,78778
UpdateRouteReq,92514
UpdateRouteReq,42107
UpdateRouteReq,111763
UpdateRouteReq,82454
UpdateRouteReq,96928
UpdateRouteReq,58981
UpdateRouteReq,55091
UpdateRouteReq,49850
UpdateRouteReq,46262
QueryRouteReq,173321
UpdateRouteReq,44548
UpdateRouteReq,41361
UpdateRouteReq,82078
UpdateRouteReq,43430
UpdateRouteReq,123128
UpdateRouteReq,45564
UpdateRouteReq,104642
PathSetupReq,34952
UpdateRouteReq,51139
UpdateRouteReq,69926
UpdateRouteReq,97895
FindNodeReq,152665
QueryRouteReq,186396
UpdateRouteReq,141509
UpdateRouteReq,41773
UpdateRouteReq,307013
UpdateRouteReq,43627
UpdateRouteReq,41537
UpdateRouteReq,70537
UpdateRouteReq,47205
UpdateRouteReq,95783
FindNodeReq,161521
FindNodeRsp,93366
FindNodeReq,790019
Error,290570
Error,322335
FindNodeReq,365260
UpdateRouteReq,423881
UpdateRouteReq,498021
FindNodeReq,159637
UpdateRouteReq,167910
FindNodeReq,76299
FindNodeReq,78878
UpdateRouteReq,49583
UpdateRouteReq,45088
PathTeardownReq,33767
UpdateRouteReq,46454
UpdateRouteReq,44591
UpdateRouteReq,43439
FindNodeReq,82022
FindNodeReq,129833
FindNodeRsp,54155
UpdateRouteReq,57848
FindNodeReq,90717
Error,144246
Error,92161
Error,217961
Error,136759
Error,131324
Error,129942
Error,201021
Error,85782
Error,125078
UpdateRouteReq,131129
Error,48439
Error,172321
Error,208831
Error,225482
Error,33736
Error,27301
FindNodeReq,135766
UpdateRouteReq,61098
UpdateRouteReq,49115
Error,168797
UpdateRouteReq,55339
PathSetupReq,39295
UpdateRouteReq,93778
QueryRouteReq,157829
FindNodeReq,62097
UpdateRouteReq,39742
UpdateRouteReq,33225
UpdateRouteReq,30299
UpdateRouteReq,86186
FindNodeReq,140168
UpdateRouteReq,92593
FindNodeReq,217447
UpdateRouteReq,124017
QueryRouteReq,158565
FindNodeReq,237529
FindNodeReq,281665
UpdateRouteReq,259658
UpdateRouteReq,350016
UpdateRouteReq,426259
UpdateRouteReq,426355
QueryRouteRsp,459695
UpdateRouteReq,614772
FindNodeReq,105306
UpdateRouteReq,195803
UpdateRouteReq,77512
UpdateRouteReq,58699
UpdateRouteReq,52859
UpdateRouteReq,104448
UpdateRouteReq,49497
FindNodeReq,753002
Error,161425
Error,160665
FindNodeReq,237048
FindNodeReq,79803
FindNodeReq,89736
FindNodeReq,80414
UpdateRouteReq,51063
Error,154540
UpdateRouteReq,50489
UpdateRouteReq,68834
FindNodeRsp,59441
UpdateRouteReq,43948
UpdateRouteReq,71835
UpdateRouteReq,120823
UpdateRouteReq,119342
UpdateRouteReq,39387
Error,122649
UpdateRouteReq,69795
UpdateRouteReq,77186
FindNodeReq,124195
FindNodeReq,156001
FindNodeReq,141482
FindNodeReq,102290
Error,144121
Error,56679
Error,35621
Error,90302
Error,84599
Error,108138
FindNodeReq,85270
Error,84593
Error,50919
UpdateRouteReq,53983
FindNodeReq,87790
UpdateRouteReq,87363
Error,67119
UpdateRouteReq,80226
UpdateRouteReq,58531
UpdateRouteReq,53699
UpdateRouteReq,620797
UpdateRouteReq,701120
UpdateRouteReq,709772
UpdateRouteReq,722400
Error,988854
UpdateRouteReq,1262669
FindNodeReq,2168941
FindNodeRsp,1182998
UpdateRouteReq,1194640
UpdateRouteReq,1179462
FindNodeReq,1336736
UpdateRouteReq,1511003
UpdateRouteReq,2028518
UpdateRouteReq,356936
UpdateRouteReq,436949
UpdateRouteReq,448375
UpdateRouteReq,609923
UpdateRouteReq,654700
UpdateRouteReq,853882
UpdateRouteReq,1005971
FindNodeRsp,1026918
UpdateRouteReq,271162
UpdateRouteReq,243331
UpdateRouteReq,253338
UpdateRouteReq,57779
UpdateRouteReq,53989
UpdateRouteReq,156841
UpdateRouteReq,54307
UpdateRouteReq,126596
FindNodeReq,76180
QueryRouteReq,126917
FindNodeReq,193576
UpdateRouteReq,44181
UpdateRouteReq,214200
UpdateRouteReq,192859
FindNodeRsp,89328
QueryRouteReq,103721
UpdateRouteReq,177696
QueryRouteReq,67150
UpdateRouteReq,168520
UpdateRouteReq,57421
UpdateRouteReq,62665
UpdateRouteReq,41072
UpdateRouteReq,44719
UpdateRouteReq,51299
QueryRouteReq,106694
QueryRouteReq,187786
UpdateRouteReq,213368
UpdateRouteReq,74727
UpdateRouteReq,199200
UpdateRouteReq,69051
UpdateRouteReq,91190
UpdateRouteReq,59900
FindNodeReq,120706
UpdateRouteReq,80194
PathTeardownReq,73322
UpdateRouteReq,73770
PathSetupReq,39469
UpdateRouteReq,47633
UpdateRouteReq,47792
UpdateRouteReq,75819
QueryRouteReq,507036
FindNodeReq,617955
UpdateRouteReq,1069490
UpdateRouteReq,306123
UpdateRouteReq,93644
UpdateRouteReq,108632
UpdateRouteReq,214074
UpdateRouteReq,218416
FindNodeReq,112210
FindNodeReq,151847
FindNodeRsp,90373
FindNodeReq,160274
UpdateRouteReq,95139
Error,1542179
Error,1597364
UpdateRouteReq,322544
Error,641385
Error,194139
Error,297549
Error,391900
Error,433423
FindNodeRsp,443400
Error,224408
Error,343972
UpdateRouteReq,228951
Error,256744
FindNodeReq,284962
Error,48571
Error,95743
Error,93060
Error,96802
Error,92658
Error,111097
Error,133201
Error,113527
Error,109317
Error,99318
Error,83613
UpdateRouteReq,74662
UpdateRouteReq,49157
UpdateRouteReq,48033
FindNodeReq,160769
UpdateRouteReq,100016
UpdateRouteReq,95241
UpdateRouteReq,45164
PathTeardownReq,35264
UpdateRouteReq,153936
PathSetupReq,150162
Error,150033
Error,158771
Error,99938
FindNodeRsp,56309
Error,91446
Error,113918
Error,118712
Error,83018
Error,83326
Error,117591
Error,183414
UpdateRouteReq,206281
Error,267742
Error,224468
Error,296001
UpdateRouteReq,304077
UpdateRouteReq,313907
FindNodeRsp,321409
FindNodeReq,360021
Error,91486
Error,103433
Error,37808
UpdateRouteReq,50430
UpdateRouteReq,49568
Error,37267
UpdateRouteReq,41728
UpdateRouteReq,42017
Error,36554
UpdateRouteReq,39231
UpdateRouteReq,76610
Error,145306
UpdateRouteReq,54969
FindNodeRsp,54055
UpdateRouteReq,130771
UpdateRouteReq,94718
Error,75371
Error,82868
Error,78292
Error,77482
Error,69563
Error,76700
Error,80624
Error,119011
Error,71543
Error,41619
Error,53179
UpdateRouteReq,75027
UpdateRouteReq,73599
UpdateRouteReq,128202
UpdateRouteReq,133032
UpdateRouteReq,82216
UpdateRouteReq,125426
UpdateRouteReq,141316
PathTeardownReq,64427
UpdateRouteReq,81916
PathSetupReq,60838
UpdateRouteReq,72902
UpdateRouteReq,73698
UpdateRouteReq,78003
QueryRouteReq,128438
QueryRouteReq,337661
UpdateRouteReq,293010
UpdateRouteReq,44552
UpdateRouteReq,129909
QueryRouteRsp,145726
UpdateRouteReq,386279
UpdateRouteReq,528014
UpdateRouteReq,137349
UpdateRouteReq,193187
UpdateRouteReq,134456
UpdateRouteReq,76697
QueryRouteReq,171554
UpdateRouteReq,138590
UpdateRouteReq,188406
UpdateRouteReq,52143
UpdateRouteReq,47449
FindNodeReq,93595
FindNodeReq,78003
UpdateRouteReq,45552
UpdateRouteReq,42792
UpdateRouteReq,42732
UpdateRouteReq,43306
FindNodeReq,72927
UpdateRouteReq,41793
FindNodeReq,72129
UpdateRouteReq,41316
Error,187472
Error,268582
Error,216076
Error,281582
Error,415179
UpdateRouteReq,349772
FindNodeRsp,357108
Error,439482
QueryRouteReq,539103
FindNodeRsp,246594
Error,404635
Error,177913
UpdateRouteReq,123133
UpdateRouteReq,328054
QueryRouteReq,94487
UpdateRouteReq,57780
UpdateRouteReq,52599
UpdateRouteReq,77198
UpdateRouteReq,69242
UpdateRouteReq,111374
FindNodeRsp,135455
UpdateRouteReq,58037
Error,123283
Error,114270
Error,521613
Error,597435
UpdateRouteReq,687295
FindNodeRsp,688425
Error,272830
QueryRouteReq,307718
UpdateRouteReq,315144
UpdateRouteReq,78466
FindNodeRsp,101286
Error,191932
UpdateRouteReq,866649
FindNodeReq,1136703
Error,1295917
UpdateRouteReq,1356195
UpdateRouteReq,1405155
UpdateRouteReq,1478492
FindNodeReq,1545079
UpdateRouteReq,1547398
UpdateRouteReq,1547585
FindNodeReq,804902
Error,1071465
UpdateRouteReq,1205833
UpdateRouteReq,439609
Error,514354
Error,556583
Error,169195
Error,177000
Error,141307
Error,119370
Error,145087
Error,157085
Error,111692
Error,83632
Error,118732
Error,100979
UpdateRouteReq,118298
Error,249404
QueryRouteReq,319366
Error,364834
UpdateRouteReq,372148
Error,412741
FindNodeReq,469921
Error,481834
Error,549448
Error,551542
Error,121952
Error,120357
Error,94559
Error,150588
Error,84529
Error,114272
Error,63995
Error,112397
Error,111304
Error,68813
Error,57895
Error,63806
UpdateRouteReq,54099
UpdateRouteReq,39368
UpdateRouteReq,42004
UpdateRouteReq,57623
QueryRouteReq,130221
QueryRouteReq,81805
QueryRouteRsp,91244
UpdateRouteReq,62020
UpdateRouteReq,48223
Error,43866
Error,101010
Error,87052
Error,268129
QueryRouteReq,137893
Error,193276
UpdateRouteReq,223352
Error,188956
UpdateRouteReq,293991
Error,212829
FindNodeRsp,282467
FindNodeRsp,327013
Error,119216
UpdateRouteReq,170768
Error,226550
Error,149158
Error,87207
Error,51038
UpdateRouteReq,61126
UpdateRouteReq,44491
UpdateRouteReq,90626
UpdateRouteReq,46748
UpdateRouteReq,80876
UpdateRouteReq,118289
UpdateRouteReq,49785
UpdateRouteReq,45594
UpdateRouteReq,81444
UpdateRouteReq,44189
FindNodeReq,198142
UpdateRouteReq,83054
UpdateRouteReq,75647
UpdateRouteReq,185708
UpdateRouteReq,73175
UpdateRouteReq,82310
Error,219333
Error,285284
Error,527398
QueryRouteReq,582856
UpdateRouteReq,658403
Error,773912
UpdateRouteReq,307526
UpdateRouteReq,315881
Error,435035
FindNodeRsp,477285
Error,124422
UpdateRouteReq,205079
Error,229679
UpdateRouteReq,293296
UpdateRouteReq,70229
UpdateRouteReq,54611
UpdateRouteReq,81946
UpdateRouteReq,55280
UpdateRouteReq,54031
UpdateRouteReq,54395
FindNodeReq,133254
UpdateRouteReq,79582
UpdateRouteReq,148857
FindNodeReq,91861
UpdateRouteReq,35288
UpdateRouteReq,29050
UpdateRouteReq,26689
UpdateRouteReq,26465
Error,65222
Error,140807
UpdateRouteReq,181549
Error,101424
Error,118662
Error,131438
Error,164779
QueryRouteReq,225766
Error,98401
Error,63333
Error,91032
UpdateRouteReq,51648
QueryRouteReq,84063
UpdateRouteReq,52410
UpdateRouteReq,51184
UpdateRouteReq,134432
UpdateRouteReq,178734
UpdateRouteReq,1125491
UpdateRouteReq,554235
UpdateRouteReq,614535
UpdateRouteReq,120840
UpdateRouteReq,147135
UpdateRouteReq,51091
UpdateRouteReq,77190
UpdateRouteReq,55185
UpdateRouteReq,50097
UpdateRouteReq,38768
Error,137717
Error,194975
UpdateRouteReq,256946
Error,271243
Error,315993
Error,404178
FindNodeRsp,269304
UpdateRouteReq,271814
Error,324228
UpdateRouteReq,333757
FindNodeRsp,460997
Error,244766
Error,139965
Error,91277
Error,53378
UpdateRouteReq,81661
UpdateRouteReq,43391
UpdateRouteReq,44789
UpdateRouteReq,110412
UpdateRouteReq,48775
UpdateRouteReq,86199
UpdateRouteReq,125099
UpdateRouteReq,122733
UpdateRouteReq,46317
UpdateRouteReq,43751
UpdateRouteReq,73775
UpdateRouteReq,83638
UpdateRouteReq,68091
UpdateRouteReq,121910
FindNodeReq,221595
UpdateRouteReq,181006
UpdateRouteReq,276256
UpdateRouteReq,331535
UpdateRouteReq,472206
FindNodeRsp,89118
Error,276779
Error,460934
Error,632270
QueryRouteReq,731977
Error,782772
UpdateRouteReq,747447
Error,820513
UpdateRouteReq,177490
UpdateRouteReq,196574
UpdateRouteReq,224061
UpdateRouteReq,282323
UpdateRouteReq,183354
FindNodeRsp,197947
Error,151324
FindNodeReq,212829
FindNodeReq,250613
FindNodeReq,245851
UpdateRouteReq,163843
FindNodeRsp,197083
UpdateRouteReq,203870
UpdateRouteReq,208463
UpdateRouteReq,215589
UpdateRouteReq,311553
Error,225906
FindNodeReq,101732
UpdateRouteReq,43174
Error,53343
UpdateRouteReq,292601
Error,97840
FindNodeRsp,59765
Error,92814
FindNodeRsp,62444
Error,49379
UpdateRouteReq,108876
UpdateRouteReq,63945
UpdateRouteReq,109570
UpdateRouteReq,45205
UpdateRouteReq,40466
FindNodeReq,129172
UpdateRouteReq,72067
UpdateRouteReq,138157
UpdateRouteReq,44235
UpdateRouteReq,52679
UpdateRouteReq,51898
FindNodeReq,85446
UpdateRouteReq,69961
UpdateRouteReq,119825
UpdateRouteReq,48487
UpdateRouteReq,64559
UpdateRouteReq,71818
UpdateRouteReq,78978
FindNodeReq,141732
FindNodeReq,69142
UpdateRouteReq,144537
FindNodeReq,163164
QueryRouteReq,74240
UpdateRouteReq,41938
FindNodeReq,85547
UpdateRouteReq,73880
UpdateRouteReq,150905
FindNodeRsp,105759
QueryRouteReq,140465
UpdateRouteReq,156017
UpdateRouteReq,53175
UpdateRouteReq,79661
UpdateRouteReq,99879
PathTeardownReq,74646
UpdateRouteReq,666030
Error,1034805
Error,1038694
UpdateRouteReq,910632
UpdateRouteReq,1026605
UpdateRouteReq,1130107
UpdateRouteReq,1242258
Error,874507
Error,877551
Error,368532
FindNodeReq,406264
FindNodeReq,473934
PathSetupReq,632192
PathTeardownReq,629522
Error,805592
UpdateRouteReq,850596
PathSetupReq,857053
FindNodeReq,953220
UpdateRouteReq,957399
UpdateRouteReq,1064151
PathTeardownReq,1110549
UpdateRouteReq,1120575
FindNodeRsp,299594
UpdateRouteReq,339892
UpdateRouteReq,392998
Error,425046
Error,523552
FindNodeReq,771634
FindNodeReq,868687
Error,989008
FindNodeReq,1056505
FindNodeReq,1123043
Error,613170
Error,685957
Error,758912
Error,1004818
Error,1001482
UpdateRouteReq,215302
Error,296745
UpdateRouteReq,342752
UpdateRouteReq,342893
Error,218319
UpdateRouteReq,222299
UpdateRouteReq,233407
FindNodeRsp,266980
Error,39479
FindNodeRsp,186130
Error,189494
Error,73063
FindNodeRsp,102669
Error,150796
Error,142143
Error,86054
UpdateRouteReq,368292
Error,208171
Error,34651
Error,83528
Error,268874
Error,312384
UpdateRouteReq,42287
Error,183930
Error,183910
Error,182189
Error,178443
Error,156671
Error,101950
UpdateRouteReq,102418
UpdateRouteReq,186976
UpdateRouteReq,194226
UpdateRouteReq,255486
UpdateRouteReq,312835
UpdateRouteReq,317864
UpdateRouteReq,376334
UpdateRouteReq,310224
Error,476350
Error,278620
UpdateRouteReq,336201
Error,433758
Error,479669
Error,408042
Error,448834
FindNodeRsp,472352
FindNodeRsp,396510
Error,431629
Error,430411
Error,495315
Error,565608
Error,581108
UpdateRouteReq,589984
PathSetupReq,592449
UpdateRouteReq,600867
Error,377735
Error,428269
Error,482545
Error,528228
Error,528744
Error,527408
Error,530275
FindNodeReq,596198
FindNodeReq,635877
Error,639734
Error,645100
Error,38459
Error,33901
Error,67522
Error,57394
Error,55966
UpdateRouteReq,55094
Error,169900
UpdateRouteReq,181747
UpdateRouteReq,137257
Error,218926
UpdateRouteReq,229686
UpdateRouteReq,312225
UpdateRouteReq,426425
Error,559599
Error,603523
Error,77610
Error,76394
UpdateRouteReq,217271
Error,277699
Error,324701
UpdateRouteReq,336400
UpdateRouteReq,351513
Error,381964
Error,409803
QueryRouteReq,90222
UpdateRouteReq,182443
UpdateRouteReq,193896
FindNodeReq,235187
Error,285703
Error,365278
FindNodeReq,270247
UpdateRouteReq,352641
UpdateRouteReq,361325
UpdateRouteReq,308829
FindNodeRsp,320389
Error,417831
UpdateRouteReq,303856
UpdateRouteReq,312945
Error,439152
Error,115993
Error,50249
Error,60351
Error,37314
Error,89239
Error,32707
Error,106448
Error,85610
Error,83648
Error,46539
Error,50183
FindNodeRsp,66550
UpdateRouteReq,123043
Error,269530
Error,146377
UpdateRouteReq,177351
UpdateRouteReq,160945
Error,142901
Error,86700
FindNodeReq,196142
UpdateRouteReq,290053
UpdateRouteReq,94298
Error,136748
Error,226847
Error,318366
Error,204682
Error,278781
Error,191515
Error,320661
Error,400131
Error,187240
Error,207851
Error,149213
Error,405091
UpdateRouteReq,408302
Error,557540
Error,516209
Error,674273
UpdateRouteReq,691595
Error,762703
UpdateRouteReq,459914
UpdateRouteReq,549946
Error,860803
QueryRouteRsp,994146
Error,1034324
UpdateRouteReq,1047292
UpdateRouteReq,1060423
PathTeardownReq,1264042
UpdateRouteReq,1343709
PathSetupReq,1344813
UpdateRouteReq,1358730
UpdateRouteReq,928173
Error,931527
UpdateRouteReq,1078512
Error,1075305
UpdateRouteReq,1171145
FindNodeReq,663306
FindNodeReq,774208
UpdateRouteReq,794171
Error,966267
Error,1143667
FindNodeRsp,900781
FindNodeRsp,911384
UpdateRouteReq,224851
UpdateRouteReq,550568
Error,545776
UpdateRouteReq,635790
Error,640066
Error,243414
UpdateRouteReq,253381
UpdateRouteReq,437004
Error,588330
UpdateRouteReq,603814
UpdateRouteReq,695033
Error,868546
Error,397346
Error,466977
UpdateRouteReq,484493
Error,723996
Error,337593
Error,430185
Error,518758
Error,436888
FindNodeReq,500597
Error,554372
UpdateRouteReq,637322
Error,698694
Error,477530
UpdateRouteReq,485337
UpdateRouteReq,578551
Error,427425
UpdateRouteReq,500469
UpdateRouteReq,720520
UpdateRouteReq,806415
Error,920348
UpdateRouteReq,925592
UpdateRouteReq,1002888
Error,1192997
UpdateRouteReq,1313277
Error,271373
UpdateRouteReq,272884
Error,326551
Error,435275
QueryRouteRsp,551578
Error,585541
Error,611938
Error,268856
Error,298100
Error,312248
FindNodeRsp,319122
UpdateRouteReq,322650
UpdateRouteReq,327858
FindNodeRsp,329939
FindNodeRsp,353387
UpdateRouteReq,359092
FindNodeRsp,154515
Error,201771
UpdateRouteReq,231985
Error,233126
FindNodeRsp,147194
UpdateRouteReq,63164
Error,74003
Error,60413
UpdateRouteReq,33184
UpdateRouteReq,31882
UpdateRouteReq,31367
UpdateRouteReq,32009
Error,36300
Error,27236
UpdateRouteReq,81671
Error,45268
UpdateRouteReq,48172
UpdateRouteReq,78541
Error,32269
Error,34539
Error,112364
Error,80341
Error,85198
Error,100928
Error,49359
Error,39298
UpdateRouteReq,53736
UpdateRouteReq,52632
UpdateRouteReq,161207
UpdateRouteReq,143308
UpdateRouteReq,180378
UpdateRouteReq,74267
PathTeardownReq,59039
UpdateRouteReq,119017
PathSetupReq,75191
UpdateRouteReq,59242
FindNodeReq,98011
UpdateRouteReq,53090
UpdateRouteReq,52996
UpdateRouteReq,55049
UpdateRouteReq,52231
UpdateRouteReq,53574
UpdateRouteReq,46545
UpdateRouteReq,57212
UpdateRouteReq,54926
PathTeardownReq,43502
FindNodeReq,81892
UpdateRouteReq,57395
UpdateRouteReq,52867
UpdateRouteReq,52539
PathSetupReq,38970
UpdateRouteReq,83334
FindNodeReq,289527
UpdateRouteReq,344794
UpdateRouteReq,395777
UpdateRouteReq,292536
UpdateRouteReq,242722
Error,373265
Error,255135
Error,326484
Error,38857
Error,85014
Error,59556
Error,90588
Error,91929
Error,61555
UpdateRouteReq,57397
UpdateRouteReq,72786
UpdateRouteReq,45347
Error,178489
Error,209156
UpdateRouteReq,218655
UpdateRouteReq,247202
Error,75949
UpdateRouteReq,46826
FindNodeReq,169422
UpdateRouteReq,199071
UpdateRouteReq,92785
UpdateRouteReq,114040
Error,138633
UpdateRouteReq,52544
UpdateRouteReq,52546
UpdateRouteReq,55796
FindNodeReq,92611
UpdateRouteReq,41152
FindNodeReq,60981
UpdateRouteReq,36669
UpdateRouteReq,36002
FindNodeRsp,49983
FindNodeReq,87580
UpdateRouteReq,39884
UpdateRouteReq,40402
UpdateRouteReq,40155
UpdateRouteReq,29924
FindNodeReq,96038
FindNodeReq,91664
FindNodeRsp,93602
UpdateRouteReq,115831
Error,102662
Error,285237
Error,408295
UpdateRouteReq,443047
Error,173138
Error,217335
Error,275841
Error,150725
Error,206003
Error,127085
Error,198668
Error,180510
Error,241990
Error,150459
Error,241608
Error,83663
FindNodeReq,127202
UpdateRouteReq,104697
Error,56830
Error,91073
Error,88225
Error,132077
Error,130776
Error,212356
Error,221206
Error,164993
Error,72709
Error,106308
