PNHello,139071
PNDiscRsp,43881
FindNodeReq,224582
UpdateRouteReq,65606
QueryRouteReq,124244
QueryRouteRsp,103479
PNDiscReq,148061
UpdateRouteReq,152425
UpdateRouteReq,191108
UpdateRouteReq,214899
UpdateRouteReq,243015
UpdateRouteReq,254158
UpdateRouteReq,201301
UpdateRouteReq,273829
QueryRouteReq,153985
UpdateRouteReq,168387
QueryRouteRsp,87174
QueryRouteReq,274516
UpdateRouteReq,359068
UpdateRouteReq,132627
QueryRouteRsp,266654
UpdateRouteReq,154785
UpdateRouteReq,73974
QueryRouteReq,172654
QueryRouteRsp,85105
UpdateRouteReq,65199
PathSetupReq,42497
FindNodeRsp,96558
UpdateRouteReq,165103
PathSetupReq,86574
UpdateRouteReq,153324
UpdateRouteReq,266653
UpdateRouteReq,547233
UpdateRouteReq,94877
PathSetupReq,123270
PNHello,200868
PNDiscRsp,112637
PNDiscReq,223457
FindNodeRsp,115423
FindNodeRsp,127061
FindNodeReq,209780
FindNodeRsp,114889
PNHello,126877
PNDiscRsp,69632
PNDiscReq,134330
FindNodeRsp,130101
FindNodeReq,158533
FindNodeRsp,116290
FindNodeRsp,124342
FindNodeReq,156214
FindNodeReq,152489
FindNodeRsp,119814
FindNodeRsp,130299
FindNodeReq,160788
PNDiscReq,131906
FindNodeRsp,146364
PNHello,126646
PNDiscRsp,69114
FindNodeReq,180507
FindNodeReq,166709
FindNodeReq,115118
FindNodeReq,162488
FindNodeReq,129814
FindNodeRsp,113790
FindNodeReq,114380
FindNodeRsp,116613
FindNodeRsp,121805
FindNodeRsp,129524
FindNodeRsp,124725
FindNodeRsp,135317
FindNodeReq,170932
FindNodeRsp,111963
FindNodeRsp,130848
FindNodeRsp,120936
FindNodeRsp,133133
FindNodeReq,153443
FindNodeRsp,122550
PNDiscReq,131323
FindNodeRsp,133657
FindNodeReq,168883
PNHello,124538
PNDiscRsp,67802
FindNodeRsp,133409
FindNodeRsp,131123
FindNodeReq,176420
FindNodeReq,225141
FindNodeReq,156403
FindNodeReq,156105
FindNodeRsp,135542
FindNodeReq,157055
FindNodeReq,167763
FindNodeRsp,124135
FindNodeRsp,119496
FindNodeRsp,118461
FindNodeReq,176560
FindNodeRsp,122502
FindNodeRsp,141627
FindNodeRsp,127424
FindNodeRsp,121757
FindNodeReq,158460
FindNodeRsp,116641
FindNodeReq,168510
FindNodeRsp,126852
FindNodeRsp,122902
FindNodeRsp,129546
FindNodeRsp,128518
FindNodeReq,151621
FindNodeReq,175804
FindNodeReq,175965
FindNodeReq,173832
FindNodeReq,156701
FindNodeReq,126499
FindNodeReq,152457
FindNodeRsp,118128
FindNodeReq,168012
FindNodeRsp,111685
FindNodeRsp,106178
FindNodeRsp,116489
FindNodeReq,152899
FindNodeRsp,123783
FindNodeRsp,126313
FindNodeRsp,112975
FindNodeRsp,117238
PNDiscReq,132485
FindNodeReq,176840
FindNodeRsp,146010
FindNodeRsp,133269
FindNodeReq,175072
FindNodeRsp,128185
PNHello,124388
PNDiscRsp,69790
FindNodeRsp,152755
FindNodeReq,158260
FindNodeRsp,118501
PathSetupReq,80044
FindNodeRsp,117037
FindNodeReq,176420
FindNodeReq,178734
PathSetupReq,89622
FindNodeReq,159716
FindNodeReq,105769
PathSetupReq,103790
PathSetupReq,83862
FindNodeRsp,95480
PathSetupReq,146570
PathSetupReq,182005
PathSetupReq,45920
FindNodeReq,172412
PathSetupReq,77666
FindNodeRsp,119001
PathSetupReq,77399
FindNodeRsp,112190
FindNodeRsp,121232
FindNodeRsp,132081
FindNodeRsp,123937
FindNodeRsp,123872
FindNodeRsp,112354
FindNodeRsp,118919
FindNodeRsp,122397
FindNodeRsp,115724
FindNodeRsp,146635
FindNodeReq,151078
FindNodeRsp,155038
FindNodeReq,177712
FindNodeReq,175802
FindNodeReq,157152
FindNodeReq,157200
FindNodeRsp,158924
FindNodeReq,170147
FindNodeRsp,149456
FindNodeRsp,119706
FindNodeRsp,128261
FindNodeReq,177642
FindNodeReq,174588
FindNodeRsp,109509
FindNodeRsp,122339
FindNodeReq,134421
FindNodeRsp,125037
FindNodeRsp,146353
FindNodeRsp,153604
FindNodeRsp,121034
FindNodeReq,120399
FindNodeRsp,111470
FindNodeRsp,107912
FindNodeRsp,139499
FindNodeReq,180116
FindNodeReq,178274
FindNodeReq,176873
FindNodeRsp,122787
FindNodeReq,161072
FindNodeReq,129182
FindNodeReq,134948
FindNodeRsp,105659
FindNodeReq,215215
FindNodeReq,161697
FindNodeRsp,121271
FindNodeRsp,125647
FindNodeRsp,127447
FindNodeRsp,123757
FindNodeReq,153647
FindNodeRsp,118517
FindNodeRsp,128166
FindNodeRsp,161140
FindNodeReq,158317
FindNodeRsp,113469
FindNodeReq,138726
FindNodeRsp,151325
FindNodeRsp,121093
FindNodeRsp,122910
FindNodeReq,168060
PNDiscReq,130059
FindNodeRsp,135581
FindNodeReq,177471
FindNodeReq,176012
FindNodeReq,178118
FindNodeReq,158027
FindNodeReq,129084
FindNodeRsp,131646
FindNodeReq,135395
FindNodeReq,170196
FindNodeRsp,126214
FindNodeRsp,117094
FindNodeRsp,152114
FindNodeReq,177078
FindNodeRsp,123049
FindNodeRsp,121893
FindNodeReq,168976
FindNodeReq,181596
FindNodeRsp,126278
FindNodeRsp,126222
PNHello,124605
PNDiscRsp,66766
FindNodeRsp,122783
FindNodeRsp,124090
FindNodeRsp,121263
FindNodeReq,167792
FindNodeRsp,152859
FindNodeRsp,111057
PathSetupReq,65033
PathSetupReq,80674
FindNodeReq,153872
FindNodeReq,174744
FindNodeReq,156612
FindNodeReq,157082
FindNodeRsp,119671
PathSetupReq,104714
FindNodeReq,109705
PathSetupReq,80184
FindNodeRsp,122145
PathSetupReq,98839
PathSetupReq,89159
PathSetupReq,45884
FindNodeReq,168956
PathSetupReq,76471
PathSetupReq,85747
FindNodeRsp,102625
FindNodeRsp,188636
FindNodeReq,173160
FindNodeRsp,112349
FindNodeRsp,157740
FindNodeRsp,112383
FindNodeRsp,138624
FindNodeRsp,125409
FindNodeReq,177537
FindNodeRsp,184592
FindNodeReq,169109
FindNodeRsp,129583
FindNodeRsp,94836
FindNodeRsp,93379
FindNodeRsp,118898
FindNodeReq,175676
FindNodeReq,165551
FindNodeReq,184448
FindNodeReq,179076
FindNodeReq,130257
FindNodeReq,110438
FindNodeRsp,174393
FindNodeReq,166561
FindNodeRsp,111338
FindNodeRsp,119130
FindNodeRsp,193627
FindNodeReq,169090
FindNodeRsp,110925
FindNodeReq,168309
FindNodeRsp,116851
FindNodeReq,180420
FindNodeReq,109912
FindNodeRsp,117622
FindNodeRsp,121566
FindNodeRsp,187621
FindNodeReq,171532
FindNodeRsp,127556
FindNodeRsp,126826
FindNodeRsp,118438
FindNodeReq,174025
FindNodeRsp,123470
FindNodeReq,175356
FindNodeReq,228355
FindNodeReq,138845
FindNodeReq,178963
FindNodeReq,178861
FindNodeRsp,274934
FindNodeReq,178081
FindNodeRsp,95653
FindNodeReq,168941
FindNodeRsp,120474
FindNodeRsp,177807
FindNodeReq,180429
FindNodeRsp,133461
FindNodeRsp,115546
FindNodeRsp,120717
FindNodeReq,171658
FindNodeRsp,135153
FindNodeRsp,111938
FindNodeReq,171174
FindNodeRsp,129530
FindNodeRsp,133077
FindNodeReq,176800
FindNodeRsp,120029
FindNodeRsp,116952
FindNodeRsp,115605
FindNodeReq,175522
FindNodeReq,123777
FindNodeReq,178736
FindNodeReq,179177
FindNodeRsp,117009
FindNodeReq,170678
FindNodeRsp,128737
FindNodeRsp,119521
FindNodeRsp,117944
FindNodeRsp,134483
FindNodeReq,168872
FindNodeReq,169802
FindNodeRsp,134677
FindNodeRsp,130448
FindNodeRsp,109061
FindNodeReq,177615
FindNodeRsp,119123
FindNodeRsp,132221
FindNodeReq,128369
FindNodeReq,170241
FindNodeRsp,129642
FindNodeRsp,133383
FindNodeReq,177701
FindNodeRsp,133393
FindNodeReq,175889
FindNodeReq,168162
PathSetupReq,67168
PathSetupReq,65711
FindNodeReq,176043
FindNodeReq,178151
FindNodeReq,179505
FindNodeReq,182772
FindNodeReq,178854
FindNodeReq,178227
FindNodeRsp,113289
PathSetupReq,105538
PathSetupReq,83831
FindNodeReq,167349
FindNodeRsp,129229
PathSetupReq,80163
PathSetupReq,66267
PathSetupReq,64106
FindNodeReq,123202
FindNodeReq,170408
PathSetupReq,80480
PathSetupReq,64903
FindNodeRsp,119955
FindNodeRsp,119205
FindNodeRsp,55110
FindNodeReq,172922
FindNodeReq,173135
FindNodeRsp,133161
PNDiscReq,133739
FindNodeReq,180707
FindNodeReq,180558
FindNodeRsp,132158
FindNodeReq,198308
FindNodeRsp,124957
FindNodeRsp,119129
FindNodeRsp,131904
FindNodeRsp,135139
PNHello,125429
PNDiscRsp,70806
FindNodeRsp,136512
FindNodeReq,179276
FindNodeReq,181024
FindNodeReq,178528
FindNodeRsp,130771
FindNodeReq,171741
FindNodeRsp,115074
FindNodeRsp,139131
FindNodeReq,171531
FindNodeReq,177420
FindNodeRsp,107065
FindNodeRsp,133173
FindNodeRsp,130068
FindNodeRsp,136891
FindNodeRsp,129838
FindNodeRsp,116077
FindNodeReq,180012
FindNodeReq,180229
FindNodeReq,170685
FindNodeRsp,126978
FindNodeRsp,126252
FindNodeRsp,115145
FindNodeRsp,139543
FindNodeReq,173021
FindNodeRsp,110209
FindNodeReq,176925
FindNodeRsp,136285
FindNodeRsp,137881
PathSetupReq,87354
FindNodeReq,180344
FindNodeReq,179525
FindNodeReq,142397
FindNodeRsp,136865
PathSetupReq,75547
PathSetupReq,103192
PathSetupReq,90004
FindNodeReq,169620
PathSetupReq,111615
PathSetupReq,98604
FindNodeReq,171212
FindNodeRsp,117279
FindNodeRsp,132090
FindNodeReq,171451
FindNodeReq,176876
FindNodeRsp,136957
FindNodeReq,170444
FindNodeRsp,130777
FindNodeRsp,141252
FindNodeReq,181832
FindNodeReq,174082
FindNodeReq,183187
FindNodeReq,181727
FindNodeReq,180784
FindNodeRsp,130493
FindNodeReq,229947
FindNodeReq,172538
FindNodeRsp,125706
FindNodeRsp,105826
FindNodeReq,170296
FindNodeRsp,113630
FindNodeReq,173220
FindNodeReq,171674
FindNodeRsp,116485
FindNodeReq,175183
FindNodeReq,181592
FindNodeReq,169706
FindNodeReq,181975
FindNodeReq,181284
FindNodeReq,142743
FindNodeRsp,132107
FindNodeReq,170340
FindNodeRsp,128643
FindNodeReq,176655
FindNodeRsp,116392
FindNodeReq,174076
FindNodeReq,174647
FindNodeRsp,133341
FindNodeReq,169799
FindNodeReq,177732
FindNodeReq,169525
FindNodeRsp,135670
FindNodeReq,170336
FindNodeRsp,133773
FindNodeReq,181516
FindNodeReq,175789
PNDiscReq,130701
FindNodeRsp,134547
FindNodeReq,182614
FindNodeReq,180064
FindNodeReq,173180
FindNodeRsp,119678
FindNodeRsp,109558
FindNodeRsp,131525
FindNodeRsp,112490
FindNodeRsp,128794
FindNodeRsp,128576
PNHello,125005
PNDiscRsp,67455
FindNodeRsp,136047
FindNodeRsp,112850
FindNodeRsp,128646
PathSetupReq,87910
FindNodeReq,180036
FindNodeReq,177864
PathSetupReq,66883
PathSetupReq,82158
PathSetupReq,89367
FindNodeReq,168144
PathSetupReq,110341
PathSetupReq,113743
FindNodeRsp,124072
FindNodeRsp,157166
FindNodeReq,175516
FindNodeRsp,138533
FindNodeRsp,130612
FindNodeReq,169770
FindNodeRsp,123737
FindNodeReq,172048
FindNodeRsp,105413
FindNodeRsp,110804
FindNodeReq,177352
FindNodeReq,177935
FindNodeReq,190596
FindNodeReq,167896
FindNodeRsp,117437
FindNodeRsp,112954
FindNodeReq,215562
FindNodeRsp,109802
FindNodeRsp,131507
FindNodeRsp,111749
FindNodeRsp,126907
FindNodeRsp,115494
FindNodeReq,166557
FindNodeRsp,126353
FindNodeReq,177283
FindNodeReq,175256
FindNodeReq,164756
FindNodeRsp,126312
FindNodeRsp,115259
UpdateRouteReq,278006
UpdateRouteReq,401255
UpdateRouteReq,567595
UpdateRouteReq,691528
UpdateRouteReq,275676
UpdateRouteReq,406535
FindNodeReq,521969
FindNodeReq,79192
FindNodeReq,74855
FindNodeReq,108366
FindNodeReq,76146
UpdateRouteReq,94414
FindNodeRsp,123379
FindNodeRsp,77182
FindNodeReq,175744
FindNodeRsp,111513
FindNodeReq,157675
FindNodeRsp,76342
UpdateRouteReq,87559
FindNodeRsp,76855
FindNodeReq,156208
UpdateRouteReq,48692
UpdateRouteReq,40181
Error,112460
Error,85451
Error,82582
Error,43494
FindNodeRsp,149587
FindNodeReq,164551
FindNodeReq,155887
FindNodeRsp,127303
UpdateRouteReq,72227
PathTeardownReq,37987
FindNodeReq,167315
UpdateRouteReq,72919
PathSetupReq,144016
UpdateRouteReq,44680
UpdateRouteReq,45935
UpdateRouteReq,44936
UpdateRouteReq,45044
UpdateRouteReq,107465
UpdateRouteReq,68443
UpdateRouteReq,84204
FindNodeReq,154811
FindNodeRsp,75295
UpdateRouteReq,162295
UpdateRouteReq,164789
FindNodeReq,155429
UpdateRouteReq,158073
FindNodeRsp,76594
UpdateRouteReq,168368
Error,165055
Error,164636
Error,75309
FindNodeRsp,111922
UpdateRouteReq,74642
PathTeardownReq,54421
UpdateRouteReq,94630
UpdateRouteReq,64245
UpdateRouteReq,47323
UpdateRouteReq,43494
PathSetupReq,36603
UpdateRouteReq,42455
FindNodeReq,149961
FindNodeReq,149782
FindNodeReq,151429
FindNodeReq,152208
UpdateRouteReq,73538
FindNodeReq,166724
FindNodeReq,93318
FindNodeReq,76172
FindNodeReq,73175
UpdateRouteReq,42132
UpdateRouteReq,47362
UpdateRouteReq,93356
FindNodeRsp,106508
UpdateRouteReq,48926
FindNodeReq,158137
FindNodeReq,99377
FindNodeReq,156077
UpdateRouteReq,150587
UpdateRouteReq,85630
UpdateRouteReq,103120
PathTeardownReq,54801
Error,164497
Error,34968
Error,212208
UpdateRouteReq,208702
UpdateRouteReq,70205
UpdateRouteReq,71607
Error,133449
Error,83725
Error,100450
Error,47951
Error,35271
UpdateRouteReq,50023
UpdateRouteReq,65599
PathTeardownReq,91185
PathSetupReq,68454
FindNodeReq,91698
FindNodeReq,78813
UpdateRouteReq,56409
FindNodeReq,82544
FindNodeReq,77060
PathSetupReq,43473
Error,97958
UpdateRouteReq,70260
UpdateRouteReq,98986
PathTeardownReq,40507
PathSetupReq,64694
Error,157253
UpdateRouteReq,57604
UpdateRouteReq,68997
Error,155116
UpdateRouteReq,47850
Error,175977
Error,84420
FindNodeReq,185200
UpdateRouteReq,61039
UpdateRouteReq,62071
UpdateRouteReq,44763
UpdateRouteReq,54849
FindNodeRsp,121799
UpdateRouteReq,91854
Error,89439
UpdateRouteReq,49631
UpdateRouteReq,209722
UpdateRouteReq,250509
UpdateRouteReq,50242
UpdateRouteReq,47821
PathTeardownReq,39506
UpdateRouteReq,73872
PathSetupReq,62636
Error,166242
PathTeardownReq,42720
Error,166356
PathSetupReq,44042
PathTeardownReq,62634
Error,194639
PathSetupReq,62659
PathTeardownReq,40934
Error,103256
UpdateRouteReq,77570
UpdateRouteReq,65761
UpdateRouteReq,42812
PathSetupReq,44932
UpdateRouteReq,43308
Error,58683
UpdateRouteReq,83210
Error,115399
UpdateRouteReq,50617
UpdateRouteReq,89498
UpdateRouteReq,102621
UpdateRouteReq,97218
UpdateRouteReq,136052
FindNodeReq,134488
UpdateRouteReq,85456
UpdateRouteReq,158993
UpdateRouteReq,161783
UpdateRouteReq,22821
UpdateRouteReq,20263
UpdateRouteReq,24186
UpdateRouteReq,28040
UpdateRouteReq,24052
UpdateRouteReq,22522
UpdateRouteReq,19789
UpdateRouteReq,19688
UpdateRouteReq,19032
UpdateRouteReq,23316
UpdateRouteReq,21281
UpdateRouteReq,68429
UpdateRouteReq,71743
UpdateRouteReq,92935
UpdateRouteReq,97827
UpdateRouteReq,100505
UpdateRouteReq,24767
UpdateRouteReq,32376
UpdateRouteReq,28165
UpdateRouteReq,56607
UpdateRouteReq,59462
UpdateRouteReq,34384
UpdateRouteReq,36211
UpdateRouteReq,51857
UpdateRouteReq,46131
UpdateRouteReq,20569
UpdateRouteReq,24352
UpdateRouteReq,44584
UpdateRouteReq,32597
UpdateRouteReq,32896
UpdateRouteReq,52140
UpdateRouteReq,33005
UpdateRouteReq,25454
UpdateRouteReq,19342
UpdateRouteReq,25519
UpdateRouteReq,19400
UpdateRouteReq,52558
UpdateRouteReq,53880
UpdateRouteReq,74971
UpdateRouteReq,78405
UpdateRouteReq,59693
UpdateRouteReq,61995
UpdateRouteReq,60799
UpdateRouteReq,58311
UpdateRouteReq,61086
UpdateRouteReq,36824
UpdateRouteReq,32228
UpdateRouteReq,24959
UpdateRouteReq,22885
UpdateRouteReq,19430
UpdateRouteReq,19684
UpdateRouteReq,23463
UpdateRouteReq,32502
UpdateRouteReq,21185
UpdateRouteReq,55609
UpdateRouteReq,58170
UpdateRouteReq,24392
UpdateRouteReq,21534
UpdateRouteReq,20050
UpdateRouteReq,18630
UpdateRouteReq,33312
UpdateRouteReq,20486
UpdateRouteReq,55947
UpdateRouteReq,58670
UpdateRouteReq,23340
UpdateRouteReq,21753
UpdateRouteReq,19423
UpdateRouteReq,18704
UpdateRouteReq,22525
UpdateRouteReq,31749
UpdateRouteReq,20698
UpdateRouteReq,55263
UpdateRouteReq,57833
UpdateRouteReq,22597
UpdateRouteReq,21667
UpdateRouteReq,19328
UpdateRouteReq,18604
UpdateRouteReq,38272
UpdateRouteReq,40071
UpdateRouteReq,47197
FindNodeRsp,67648
UpdateRouteReq,55888
UpdateRouteReq,58494
UpdateRouteReq,38812
UpdateRouteReq,38335
UpdateRouteReq,18826
UpdateRouteReq,31696
UpdateRouteReq,31479
UpdateRouteReq,31425
UpdateRouteReq,28685
UpdateRouteReq,55356
UpdateRouteReq,59151
UpdateRouteReq,29907
UpdateRouteReq,22351
UpdateRouteReq,19079
UpdateRouteReq,34061
UpdateRouteReq,35752
UpdateRouteReq,56100
UpdateRouteReq,88804
UpdateRouteReq,103851
UpdateRouteReq,55751
UpdateRouteReq,59679
UpdateRouteReq,77226
UpdateRouteReq,57951
UpdateRouteReq,60843
UpdateRouteReq,36815
UpdateRouteReq,37842
UpdateRouteReq,60378
UpdateRouteReq,105285
UpdateRouteReq,123403
UpdateRouteReq,58275
UpdateRouteReq,61773
UpdateRouteReq,23782
UpdateRouteReq,21737
UpdateRouteReq,19729
UpdateRouteReq,32768
UpdateRouteReq,36347
UpdateRouteReq,51336
UpdateRouteReq,54374
UpdateRouteReq,57411
UpdateRouteReq,23033
UpdateRouteReq,21741
UpdateRouteReq,19657
UpdateRouteReq,42093
UpdateRouteReq,36067
UpdateRouteReq,50866
UpdateRouteReq,54349
UpdateRouteReq,57229
UpdateRouteReq,23220
UpdateRouteReq,21737
UpdateRouteReq,18953
UpdateRouteReq,31876
UpdateRouteReq,35432
UpdateRouteReq,50593
UpdateRouteReq,54222
UpdateRouteReq,57161
UpdateRouteReq,32105
UpdateRouteReq,21312
UpdateRouteReq,19641
UpdateRouteReq,36151
UpdateRouteReq,28487
UpdateRouteReq,56600
UpdateRouteReq,60276
UpdateRouteReq,60860
UpdateRouteReq,58312
UpdateRouteReq,61361
UpdateRouteReq,36184
UpdateRouteReq,33488
UpdateRouteReq,32450
UpdateRouteReq,23361
UpdateRouteReq,19169
UpdateRouteReq,33574
UpdateRouteReq,28568
UpdateRouteReq,58046
UpdateRouteReq,61708
UpdateRouteReq,60594
UpdateRouteReq,58062
UpdateRouteReq,61511
UpdateRouteReq,36364
UpdateRouteReq,32042
UpdateRouteReq,35466
UpdateRouteReq,22533
UpdateRouteReq,19431
UpdateRouteReq,80541
UpdateRouteReq,123115
UpdateRouteReq,124994
UpdateRouteReq,60009
UpdateRouteReq,63886
UpdateRouteReq,24707
UpdateRouteReq,21906
UpdateRouteReq,19693
UpdateRouteReq,33610
UpdateRouteReq,51843
UpdateRouteReq,53166
UpdateRouteReq,56292
UpdateRouteReq,59095
UpdateRouteReq,22986
UpdateRouteReq,21883
UpdateRouteReq,19134
UpdateRouteReq,32733
UpdateRouteReq,36067
UpdateRouteReq,50579
UpdateRouteReq,56038
UpdateRouteReq,59803
UpdateRouteReq,29435
UpdateRouteReq,21994
UpdateRouteReq,19095
UpdateRouteReq,32384
UpdateRouteReq,35950
UpdateRouteReq,50909
UpdateRouteReq,55446
UpdateRouteReq,58354
UpdateRouteReq,23250
UpdateRouteReq,21937
UpdateRouteReq,19231
UpdateRouteReq,31851
UpdateRouteReq,35375
UpdateRouteReq,50452
UpdateRouteReq,56388
UpdateRouteReq,60402
UpdateRouteReq,23476
UpdateRouteReq,21673
UpdateRouteReq,19404
UpdateRouteReq,32225
UpdateRouteReq,35473
UpdateRouteReq,50514
UpdateRouteReq,55856
UpdateRouteReq,59611
UpdateRouteReq,22864
UpdateRouteReq,22298
UpdateRouteReq,19283
UpdateRouteReq,31788
UpdateRouteReq,35393
UpdateRouteReq,50312
UpdateRouteReq,57547
UpdateRouteReq,61347
UpdateRouteReq,23094
UpdateRouteReq,21933
UpdateRouteReq,19462
UpdateRouteReq,18776
UpdateRouteReq,22578
UpdateRouteReq,22054
UpdateRouteReq,31656
UpdateRouteReq,20497
UpdateRouteReq,55460
UpdateRouteReq,59211
UpdateRouteReq,23422
UpdateRouteReq,21547
UpdateRouteReq,19073
UpdateRouteReq,19375
UpdateRouteReq,33230
UpdateRouteReq,35028
UpdateRouteReq,31796
UpdateRouteReq,20551
UpdateRouteReq,67679
UpdateRouteReq,71771
FindNodeReq,80854
UpdateRouteReq,82804
UpdateRouteReq,37577
UpdateRouteReq,38437
UpdateRouteReq,23052
UpdateRouteReq,41696
UpdateRouteReq,44016
UpdateRouteReq,63353
UpdateRouteReq,66914
UpdateRouteReq,71607
UpdateRouteReq,39484
UpdateRouteReq,26449
UpdateRouteReq,23806
UpdateRouteReq,99517
UpdateRouteReq,97048
UpdateRouteReq,99970
UpdateRouteReq,156194
UpdateRouteReq,74619
UpdateRouteReq,78843
UpdateRouteReq,28815
UpdateRouteReq,26854
UpdateRouteReq,23520
UpdateRouteReq,122497
UpdateRouteReq,118761
UpdateRouteReq,122941
UpdateRouteReq,177605
UpdateRouteReq,201139
UpdateRouteReq,54676
UpdateRouteReq,43602
UpdateRouteReq,29930
UpdateRouteReq,25418
UpdateRouteReq,52126
UpdateRouteReq,26990
UpdateRouteReq,23158
UpdateRouteReq,69896
UpdateRouteReq,74615
UpdateRouteReq,32027
UpdateRouteReq,55548
UpdateRouteReq,27890
UpdateRouteReq,26515
UpdateRouteReq,23420
UpdateRouteReq,61031
UpdateRouteReq,53564
UpdateRouteReq,58543
UpdateRouteReq,115461
UpdateRouteReq,111973
UpdateRouteReq,118473
UpdateRouteReq,137422
UpdateRouteReq,131526
UpdateRouteReq,129078
UpdateRouteReq,173428
UpdateRouteReq,61286
UpdateRouteReq,26628
UpdateRouteReq,72690
UpdateRouteReq,69736
UpdateRouteReq,73893
UpdateRouteReq,53810
UpdateRouteReq,55106
UpdateRouteReq,38469
UpdateRouteReq,42662
UpdateRouteReq,28605
UpdateRouteReq,23544
UpdateRouteReq,40729
UpdateRouteReq,35953
UpdateRouteReq,25194
UpdateRouteReq,28298
UpdateRouteReq,23625
UpdateRouteReq,39666
UpdateRouteReq,35959
UpdateRouteReq,34769
UpdateRouteReq,28019
UpdateRouteReq,23189
UpdateRouteReq,39574
UpdateRouteReq,35732
UpdateRouteReq,24609
UpdateRouteReq,39261
UpdateRouteReq,47824
UpdateRouteReq,50935
UpdateRouteReq,54468
UpdateRouteReq,34427
UpdateRouteReq,27170
UpdateRouteReq,23252
UpdateRouteReq,62114
UpdateRouteReq,92396
UpdateRouteReq,30414
UpdateRouteReq,23610
UpdateRouteReq,63097
UpdateRouteReq,49275
UpdateRouteReq,73831
UpdateRouteReq,41612
UpdateRouteReq,67408
UpdateRouteReq,113891
UpdateRouteReq,132545
UpdateRouteReq,64535
UpdateRouteReq,61084
UpdateRouteReq,44537
UpdateRouteReq,27345
UpdateRouteReq,85246
UpdateRouteReq,89919
UpdateRouteReq,93785
UpdateRouteReq,53387
UpdateRouteReq,44967
UpdateRouteReq,79101
UpdateRouteReq,99467
UpdateRouteReq,88349
UpdateRouteReq,113490
UpdateRouteReq,96993
UpdateRouteReq,117918
UpdateRouteReq,123220
UpdateRouteReq,126856
UpdateRouteReq,54562
UpdateRouteReq,79780
UpdateRouteReq,88620
UpdateRouteReq,103077
UpdateRouteReq,127935
UpdateRouteReq,78280
UpdateRouteReq,101489
UpdateRouteReq,106813
UpdateRouteReq,126416
UpdateRouteReq,52889
UpdateRouteReq,77131
UpdateRouteReq,97963
UpdateRouteReq,103477
UpdateRouteReq,128528
UpdateRouteReq,62411
UpdateRouteReq,62646
UpdateRouteReq,52595
UpdateRouteReq,25614
UpdateRouteReq,39908
UpdateRouteReq,40796
UpdateRouteReq,28672
UpdateRouteReq,25724
UpdateRouteReq,60166
UpdateRouteReq,83408
UpdateRouteReq,86801
UpdateRouteReq,38862
UpdateRouteReq,39448
UpdateRouteReq,27750
UpdateRouteReq,25309
UpdateRouteReq,28327
UpdateRouteReq,23537
UpdateRouteReq,57724
UpdateRouteReq,24514
UpdateRouteReq,46008
UpdateRouteReq,46382
UpdateRouteReq,23172
UpdateRouteReq,28264
UpdateRouteReq,38930
UpdateRouteReq,34468
UpdateRouteReq,24738
UpdateRouteReq,27607
UpdateRouteReq,23518
UpdateRouteReq,28632
UpdateRouteReq,37999
UpdateRouteReq,25265
UpdateRouteReq,24558
UpdateRouteReq,27530
UpdateRouteReq,23756
UpdateRouteReq,59948
UpdateRouteReq,71668
UpdateRouteReq,73540
UpdateRouteReq,94725
UpdateRouteReq,28676
UpdateRouteReq,28819
UpdateRouteReq,27470
UpdateRouteReq,38028
UpdateRouteReq,25714
UpdateRouteReq,49039
UpdateRouteReq,48929
UpdateRouteReq,49313
UpdateRouteReq,84658
UpdateRouteReq,41102
UpdateRouteReq,38474
UpdateRouteReq,35105
FindNodeReq,44810
FindNodeReq,40658
UpdateRouteReq,124746
UpdateRouteReq,109893
UpdateRouteReq,112619
UpdateRouteReq,33996
UpdateRouteReq,35282
UpdateRouteReq,21394
UpdateRouteReq,20780
UpdateRouteReq,37948
UpdateRouteReq,39041
UpdateRouteReq,41883
UpdateRouteReq,19381
UpdateRouteReq,18637
UpdateRouteReq,29111
UpdateRouteReq,35039
UpdateRouteReq,50352
UpdateRouteReq,26337
UpdateRouteReq,23538
UpdateRouteReq,18572
UpdateRouteReq,21492
UpdateRouteReq,19607
UpdateRouteReq,22151
UpdateRouteReq,18310
UpdateRouteReq,22948
UpdateRouteReq,18150
UpdateRouteReq,31282
UpdateRouteReq,33752
UpdateRouteReq,43313
UpdateRouteReq,61772
UpdateRouteReq,64391
UpdateRouteReq,51124
UpdateRouteReq,53899
UpdateRouteReq,22111
UpdateRouteReq,20632
UpdateRouteReq,19024
UpdateRouteReq,21070
UpdateRouteReq,20851
UpdateRouteReq,28462
UpdateRouteReq,19405
UpdateRouteReq,51777
UpdateRouteReq,54097
UpdateRouteReq,62518
UpdateRouteReq,58628
UpdateRouteReq,60069
UpdateRouteReq,26304
UpdateRouteReq,22124
UpdateRouteReq,32819
UpdateRouteReq,22814
UpdateRouteReq,20317
UpdateRouteReq,22220
UpdateRouteReq,18580
UpdateRouteReq,22164
UpdateRouteReq,37330
UpdateRouteReq,57579
UpdateRouteReq,54206
UpdateRouteReq,56323
UpdateRouteReq,57724
UpdateRouteReq,53941
UpdateRouteReq,55801
UpdateRouteReq,34737
UpdateRouteReq,35900
UpdateRouteReq,48904
UpdateRouteReq,91979
UpdateRouteReq,23395
UpdateRouteReq,20995
UpdateRouteReq,18418
UpdateRouteReq,95183
UpdateRouteReq,91466
UpdateRouteReq,94504
UpdateRouteReq,140321
UpdateRouteReq,158889
UpdateRouteReq,55395
UpdateRouteReq,58011
UpdateRouteReq,22194
UpdateRouteReq,19483
UpdateRouteReq,18479
UpdateRouteReq,30909
UpdateRouteReq,34600
UpdateRouteReq,48369
UpdateRouteReq,54151
UpdateRouteReq,57562
UpdateRouteReq,21710
UpdateRouteReq,19853
UpdateRouteReq,18501
UpdateRouteReq,30780
UpdateRouteReq,33794
UpdateRouteReq,47436
UpdateRouteReq,54120
UpdateRouteReq,57656
UpdateRouteReq,21062
UpdateRouteReq,19838
UpdateRouteReq,18210
UpdateRouteReq,30195
UpdateRouteReq,26708
UpdateRouteReq,52325
UpdateRouteReq,56192
UpdateRouteReq,30271
UpdateRouteReq,19906
UpdateRouteReq,18009
UpdateRouteReq,30960
UpdateRouteReq,27257
UpdateRouteReq,53449
UpdateRouteReq,57107
UpdateRouteReq,20999
UpdateRouteReq,19824
UpdateRouteReq,18405
UpdateRouteReq,30400
UpdateRouteReq,26679
UpdateRouteReq,52412
UpdateRouteReq,56048
UpdateRouteReq,75082
UpdateRouteReq,56615
UpdateRouteReq,59197
UpdateRouteReq,34492
UpdateRouteReq,29331
UpdateRouteReq,22766
UpdateRouteReq,20177
UpdateRouteReq,21573
UpdateRouteReq,36728
UpdateRouteReq,58749
UpdateRouteReq,108237
UpdateRouteReq,64010
UpdateRouteReq,67869
UpdateRouteReq,35448
UpdateRouteReq,22292
UpdateRouteReq,20724
UpdateRouteReq,89258
UpdateRouteReq,129074
UpdateRouteReq,149020
UpdateRouteReq,62075
UpdateRouteReq,64865
UpdateRouteReq,24720
UpdateRouteReq,22715
UpdateRouteReq,20641
UpdateRouteReq,35329
UpdateRouteReq,38060
UpdateRouteReq,54353
UpdateRouteReq,62083
UpdateRouteReq,65807
UpdateRouteReq,34211
UpdateRouteReq,22269
UpdateRouteReq,20654
UpdateRouteReq,34555
UpdateRouteReq,37991
UpdateRouteReq,54322
UpdateRouteReq,59243
UpdateRouteReq,63458
UpdateRouteReq,24244
UpdateRouteReq,22486
UpdateRouteReq,20870
UpdateRouteReq,34189
UpdateRouteReq,37544
UpdateRouteReq,53497
UpdateRouteReq,60080
UpdateRouteReq,64476
UpdateRouteReq,34056
UpdateRouteReq,22815
UpdateRouteReq,20517
UpdateRouteReq,34260
UpdateRouteReq,29819
UpdateRouteReq,31027
UpdateRouteReq,59328
UpdateRouteReq,63552
UpdateRouteReq,23943
UpdateRouteReq,22364
UpdateRouteReq,20686
UpdateRouteReq,19773
UpdateRouteReq,22975
UpdateRouteReq,22574
UpdateRouteReq,33442
UpdateRouteReq,21995
UpdateRouteReq,60003
UpdateRouteReq,63942
UpdateRouteReq,33861
UpdateRouteReq,22599
UpdateRouteReq,37083
UpdateRouteReq,21237
UpdateRouteReq,38644
UpdateRouteReq,40181
UpdateRouteReq,55043
UpdateRouteReq,79133
UpdateRouteReq,62467
UpdateRouteReq,66971
UpdateRouteReq,25544
UpdateRouteReq,23797
UpdateRouteReq,22075
UpdateRouteReq,24005
UpdateRouteReq,25160
UpdateRouteReq,23679
UpdateRouteReq,22077
UpdateRouteReq,93849
UpdateRouteReq,124206
UpdateRouteReq,142704
UpdateRouteReq,146136
UpdateRouteReq,76283
UpdateRouteReq,35237
UpdateRouteReq,35599
UpdateRouteReq,25054
UpdateRouteReq,23874
UpdateRouteReq,24866
UpdateRouteReq,23454
UpdateRouteReq,24617
UpdateRouteReq,36405
UpdateRouteReq,33083
UpdateRouteReq,79611
UpdateRouteReq,69018
UpdateRouteReq,96394
UpdateRouteReq,33964
UpdateRouteReq,35011
UpdateRouteReq,48689
UpdateRouteReq,49893
UpdateRouteReq,32205
UpdateRouteReq,64298
UpdateRouteReq,68818
UpdateRouteReq,67274
UpdateRouteReq,81896
UpdateRouteReq,35814
UpdateRouteReq,36650
UpdateRouteReq,36094
UpdateRouteReq,32086
UpdateRouteReq,44777
UpdateRouteReq,36484
UpdateRouteReq,35912
UpdateRouteReq,32246
UpdateRouteReq,36200
UpdateRouteReq,36911
UpdateRouteReq,38627
UpdateRouteReq,40781
UpdateRouteReq,51591
UpdateRouteReq,44962
UpdateRouteReq,36402
UpdateRouteReq,38041
UpdateRouteReq,40394
UpdateRouteReq,58989
UpdateRouteReq,63191
UpdateRouteReq,67966
UpdateRouteReq,39876
UpdateRouteReq,41205
UpdateRouteReq,59899
UpdateRouteReq,93881
UpdateRouteReq,98524
UpdateRouteReq,121350
UpdateRouteReq,126049
UpdateRouteReq,34119
UpdateRouteReq,26178
UpdateRouteReq,25413
UpdateRouteReq,36385
UpdateRouteReq,34607
UpdateRouteReq,36882
UpdateRouteReq,21759
UpdateRouteReq,38766
UpdateRouteReq,40877
UpdateRouteReq,34955
UpdateRouteReq,23683
UpdateRouteReq,72021
UpdateRouteReq,94198
UpdateRouteReq,97102
UpdateRouteReq,46508
UpdateRouteReq,48331
UpdateRouteReq,42611
UpdateRouteReq,35477
UpdateRouteReq,36130
UpdateRouteReq,38536
UpdateRouteReq,40497
UpdateRouteReq,60540
UpdateRouteReq,34715
UpdateRouteReq,35582
UpdateRouteReq,35819
UpdateRouteReq,31971
UpdateRouteReq,35658
UpdateRouteReq,36240
UpdateRouteReq,39165
UpdateRouteReq,41043
UpdateRouteReq,61528
UpdateRouteReq,33141
UpdateRouteReq,33531
UpdateRouteReq,35229
UpdateRouteReq,36797
UpdateRouteReq,55760
UpdateRouteReq,70201
UpdateRouteReq,72426
UpdateRouteReq,95644
UpdateRouteReq,99946
UpdateRouteReq,102951
UpdateRouteReq,36783
UpdateRouteReq,38807
UpdateRouteReq,50202
UpdateRouteReq,72290
UpdateRouteReq,58242
UpdateRouteReq,61709
UpdateRouteReq,23610
UpdateRouteReq,21149
UpdateRouteReq,23863
UpdateRouteReq,22013
UpdateRouteReq,49402
UpdateRouteReq,32566
UpdateRouteReq,33625
UpdateRouteReq,33269
UpdateRouteReq,30106
UpdateRouteReq,78694
UpdateRouteReq,80804
UpdateRouteReq,104595
UpdateRouteReq,122035
UpdateRouteReq,124937
UpdateRouteReq,34419
UpdateRouteReq,36805
UpdateRouteReq,31538
UpdateRouteReq,22243
UpdateRouteReq,33556
UpdateRouteReq,34321
UpdateRouteReq,34569
UpdateRouteReq,36214
UpdateRouteReq,54674
UpdateRouteReq,95038
UpdateRouteReq,116502
UpdateRouteReq,133605
UpdateRouteReq,137036
UpdateRouteReq,64461
UpdateRouteReq,66719
UpdateRouteReq,71321
UpdateRouteReq,95066
UpdateRouteReq,59356
UpdateRouteReq,62414
UpdateRouteReq,30375
UpdateRouteReq,31185
UpdateRouteReq,21877
UpdateRouteReq,61579
UpdateRouteReq,63800
UpdateRouteReq,87122
UpdateRouteReq,32008
UpdateRouteReq,32931
UpdateRouteReq,23918
UpdateRouteReq,24622
UpdateRouteReq,21769
UpdateRouteReq,51643
UpdateRouteReq,72667
UpdateRouteReq,57108
UpdateRouteReq,60511
UpdateRouteReq,30872
UpdateRouteReq,32629
UpdateRouteReq,32185
UpdateRouteReq,21947
UpdateRouteReq,61590
UpdateRouteReq,63897
UpdateRouteReq,87136
UpdateRouteReq,57100
UpdateRouteReq,60635
UpdateRouteReq,35913
UpdateRouteReq,37386
UpdateRouteReq,54306
UpdateRouteReq,77621
UpdateRouteReq,99730
UpdateRouteReq,98378
UpdateRouteReq,102689
UpdateRouteReq,123267
UpdateRouteReq,66582
UpdateRouteReq,69908
UpdateRouteReq,34617
UpdateRouteReq,21971
UpdateRouteReq,61589
UpdateRouteReq,64241
UpdateRouteReq,87551
UpdateRouteReq,48809
UpdateRouteReq,68318
UpdateRouteReq,81110
UpdateRouteReq,85475
UpdateRouteReq,88543
FindNodeRsp,116302
FindNodeRsp,76661
FindNodeRsp,77006
FindNodeRsp,87551
PathSetupReq,138513
FindNodeRsp,79907
FindNodeReq,159248
FindNodeRsp,80394
FindNodeRsp,80633
FindNodeReq,155603
FindNodeRsp,80115
PNDiscReq,169631
FindNodeRsp,85495
FindNodeReq,155401
FindNodeRsp,82211
FindNodeRsp,81536
FindNodeReq,157155
FindNodeRsp,83031
FindNodeReq,183391
FindNodeReq,155256
FindNodeRsp,83448
FindNodeReq,155765
FindNodeRsp,82086
FindNodeReq,154336
FindNodeRsp,81929
FindNodeRsp,84059
FindNodeReq,153325
PathSetupReq,139006
FindNodeRsp,84808
FindNodeReq,156182
FindNodeRsp,82101
FindNodeReq,155569
FindNodeReq,154625
FindNodeRsp,82022
FindNodeReq,155480
FindNodeRsp,82296
FindNodeReq,154641
FindNodeReq,154026
FindNodeRsp,81478
FindNodeRsp,80925
FindNodeReq,153486
PNDiscReq,116361
FindNodeRsp,82220
FindNodeRsp,79604
Error,72837
FindNodeRsp,83031
FindNodeRsp,80438
FindNodeReq,152512
FindNodeReq,153996
PathSetupReq,139305
FindNodeReq,152061
FindNodeReq,151259
FindNodeRsp,75317
FindNodeRsp,76044
FindNodeRsp,73438
FindNodeRsp,75091
FindNodeRsp,73380
FindNodeRsp,78945
UpdateRouteReq,234327
FindNodeRsp,77383
UpdateRouteReq,74848
Error,118315
Error,84314
Error,77192
Error,42937
FindNodeReq,136057
FindNodeRsp,53135
FindNodeReq,136301
FindNodeRsp,54044
Error,103343
Error,82442
Error,77520
Error,42808
UpdateRouteReq,71959
UpdateRouteReq,62211
FindNodeRsp,84623
UpdateRouteReq,82111
FindNodeReq,133673
Error,126365
Error,47203
FindNodeReq,135724
FindNodeRsp,81542
UpdateRouteReq,76292
FindNodeReq,132429
Error,100518
Error,80475
Error,74755
Error,41390
FindNodeRsp,49857
FindNodeReq,131099
FindNodeRsp,51259
FindNodeRsp,80530
UpdateRouteReq,73986
FindNodeReq,131513
FindNodeRsp,51667
FindNodeReq,131337
FindNodeRsp,81838
UpdateRouteReq,74663
FindNodeReq,131375
FindNodeReq,131067
FindNodeRsp,51604
FindNodeRsp,54367
FindNodeReq,131299
FindNodeRsp,50408
FindNodeReq,132173
FindNodeRsp,50415
FindNodeReq,131217
FindNodeRsp,50312
FindNodeReq,131564
FindNodeRsp,49555
FindNodeReq,152725
FindNodeRsp,49686
FindNodeReq,131094
FindNodeRsp,50491
FindNodeReq,131499
FindNodeRsp,50644
FindNodeReq,128889
FindNodeRsp,50811
FindNodeReq,131490
FindNodeRsp,49679
FindNodeReq,130686
FindNodeRsp,49995
FindNodeReq,131382
FindNodeRsp,50583
FindNodeReq,131687
FindNodeReq,131185
FindNodeRsp,50246
FindNodeReq,123198
FindNodeRsp,55339
FindNodeRsp,51949
FindNodeReq,131413
FindNodeRsp,50710
FindNodeReq,131733
FindNodeRsp,51265
FindNodeReq,131270
FindNodeRsp,51559
FindNodeReq,133030
FindNodeRsp,50885
FindNodeReq,133586
FindNodeRsp,52622
FindNodeReq,132344
FindNodeRsp,55057
FindNodeReq,133361
FindNodeRsp,53715
FindNodeReq,132705
FindNodeRsp,52159
FindNodeReq,131842
FindNodeRsp,54558
FindNodeReq,131237
FindNodeRsp,54231
PathSetupReq,51946
FindNodeReq,132617
FindNodeRsp,55010
FindNodeReq,131520
FindNodeReq,132449
FindNodeRsp,54604
FindNodeRsp,57475
FindNodeReq,132725
FindNodeRsp,55436
FindNodeReq,113742
FindNodeRsp,46211
FindNodeReq,177206
FindNodeRsp,54034
FindNodeReq,174070
FindNodeRsp,57979
FindNodeReq,140616
FindNodeRsp,54762
FindNodeReq,138443
FindNodeRsp,54308
FindNodeReq,140389
FindNodeRsp,55299
FindNodeReq,140933
FindNodeRsp,54664
FindNodeReq,141469
FindNodeRsp,54339
PNDiscReq,114925
FindNodeReq,166344
FindNodeRsp,71146
FindNodeReq,139515
FindNodeRsp,58107
FindNodeReq,75736
FindNodeReq,139252
FindNodeRsp,52532
FindNodeReq,159153
FindNodeRsp,57710
FindNodeRsp,53643
FindNodeReq,73982
FindNodeRsp,52697
FindNodeReq,73580
FindNodeRsp,53379
FindNodeReq,139531
FindNodeRsp,53059
FindNodeReq,136979
FindNodeRsp,54315
FindNodeReq,137965
FindNodeRsp,52214
FindNodeReq,138501
FindNodeRsp,53341
FindNodeReq,137633
FindNodeRsp,53442
FindNodeReq,139029
FindNodeRsp,52953
FindNodeReq,140369
FindNodeRsp,51471
FindNodeReq,138411
FindNodeRsp,52620
FindNodeReq,138225
FindNodeRsp,51567
FindNodeReq,138645
FindNodeReq,137406
FindNodeRsp,52739
FindNodeRsp,57931
FindNodeReq,140665
FindNodeRsp,55390
FindNodeReq,139265
FindNodeRsp,55143
FindNodeReq,139197
FindNodeRsp,55369
FindNodeReq,138626
FindNodeRsp,55512
FindNodeReq,139842
FindNodeRsp,56190
FindNodeReq,141028
FindNodeRsp,55138
FindNodeReq,162137
FindNodeRsp,55481
FindNodeReq,137905
FindNodeRsp,55495
FindNodeReq,138597
FindNodeRsp,55426
FindNodeReq,139615
FindNodeRsp,55351
FindNodeReq,138681
FindNodeRsp,55177
FindNodeReq,140453
FindNodeReq,137737
FindNodeRsp,53712
FindNodeReq,162235
FindNodeRsp,58533
FindNodeRsp,53869
FindNodeReq,138016
FindNodeRsp,54187
FindNodeReq,137639
FindNodeRsp,54506
FindNodeReq,140082
FindNodeRsp,55257
FindNodeReq,139310
FindNodeRsp,55775
FindNodeReq,137621
FindNodeRsp,53817
FindNodeReq,138019
FindNodeRsp,53887
FindNodeReq,137833
FindNodeRsp,54746
FindNodeReq,138257
FindNodeRsp,55062
FindNodeReq,138457
FindNodeRsp,55777
FindNodeReq,165469
FindNodeRsp,54678
PathSetupReq,50863
FindNodeReq,138116
FindNodeRsp,54565
FindNodeReq,140137
FindNodeReq,164460
FindNodeRsp,52441
FindNodeRsp,78394
FindNodeReq,139748
FindNodeRsp,53982
FindNodeReq,138903
FindNodeRsp,53969
FindNodeReq,138988
FindNodeRsp,52741
FindNodeReq,138853
FindNodeRsp,53427
FindNodeReq,139321
FindNodeRsp,54204
FindNodeReq,139213
FindNodeRsp,53229
FindNodeReq,139993
FindNodeRsp,52287
FindNodeReq,143705
FindNodeRsp,53042
FindNodeReq,141325
FindNodeRsp,53846
FindNodeReq,141160
FindNodeRsp,52517
FindNodeReq,139312
FindNodeRsp,53643
FindNodeReq,140082
FindNodeReq,138648
FindNodeRsp,53765
FindNodeRsp,57223
FindNodeReq,140528
FindNodeRsp,53918
FindNodeReq,139297
FindNodeRsp,52848
FindNodeReq,139889
FindNodeRsp,52443
FindNodeReq,139322
FindNodeRsp,53599
FindNodeRsp,53326
UpdateRouteReq,41652
FindNodeReq,140703
FindNodeRsp,52939
FindNodeReq,141755
FindNodeRsp,58878
UpdateRouteReq,44275
FindNodeReq,142895
FindNodeRsp,53744
FindNodeReq,140257
FindNodeRsp,53612
FindNodeRsp,57295
UpdateRouteReq,44279
FindNodeReq,141086
FindNodeRsp,52735
FindNodeReq,141513
FindNodeRsp,57694
UpdateRouteReq,43607
FindNodeReq,141985
FindNodeReq,160385
FindNodeRsp,52728
FindNodeRsp,56884
FindNodeReq,139189
FindNodeRsp,52118
UpdateRouteReq,73387
UpdateRouteReq,67226
UpdateRouteReq,71211
UpdateRouteReq,63319
FindNodeRsp,113206
UpdateRouteReq,74286
PathSetupReq,62298
UpdateRouteReq,70364
QueryRouteRsp,110965
QueryRouteRsp,76967
FindNodeReq,157286
FindNodeRsp,79804
FindNodeReq,161418
FindNodeRsp,101290
FindNodeReq,163577
FindNodeRsp,103467
FindNodeReq,151904
FindNodeRsp,103014
FindNodeReq,161797
FindNodeReq,154017
FindNodeRsp,102910
FindNodeReq,157387
FindNodeReq,152428
FindNodeRsp,104647
FindNodeReq,163253
FindNodeReq,153721
FindNodeRsp,89891
PNDiscReq,161820
FindNodeReq,162639
FindNodeRsp,101034
FindNodeReq,165176
FindNodeRsp,108083
FindNodeReq,154596
FindNodeReq,152603
FindNodeRsp,94674
FindNodeRsp,97137
FindNodeRsp,89558
FindNodeRsp,79275
FindNodeRsp,81189
FindNodeRsp,103234
FindNodeReq,160726
FindNodeReq,156149
FindNodeRsp,105836
FindNodeReq,161307
FindNodeRsp,96698
FindNodeRsp,80238
FindNodeReq,164628
FindNodeReq,153788
FindNodeRsp,92418
FindNodeRsp,81961
FindNodeReq,159176
FindNodeReq,152781
FindNodeRsp,99422
PathSetupReq,64858
FindNodeRsp,82412
PathSetupReq,55703
FindNodeReq,153285
PathSetupReq,65516
FindNodeRsp,89480
FindNodeReq,152523
FindNodeRsp,91825
FindNodeRsp,85874
FindNodeRsp,136122
FindNodeReq,160051
FindNodeRsp,98918
FindNodeReq,159041
FindNodeRsp,88236
PathSetupReq,76897
FindNodeRsp,100170
FindNodeReq,164612
FindNodeRsp,83973
FindNodeReq,151434
FindNodeRsp,108529
FindNodeReq,163305
FindNodeRsp,104851
FindNodeRsp,134477
FindNodeRsp,99343
FindNodeRsp,80711
FindNodeRsp,104241
FindNodeReq,152875
FindNodeRsp,94992
FindNodeRsp,86552
FindNodeReq,152818
FindNodeRsp,103030
FindNodeReq,155961
FindNodeRsp,107315
FindNodeRsp,101872
FindNodeReq,162788
FindNodeRsp,92956
FindNodeReq,156513
FindNodeRsp,114882
FindNodeRsp,87204
FindNodeRsp,97336
FindNodeReq,156032
FindNodeRsp,81173
FindNodeRsp,103270
FindNodeRsp,91547
FindNodeReq,162471
FindNodeRsp,98434
FindNodeReq,166009
FindNodeRsp,94016
FindNodeReq,153779
FindNodeRsp,80673
FindNodeRsp,83415
FindNodeRsp,82954
FindNodeRsp,92978
FindNodeRsp,102890
FindNodeReq,159609
FindNodeRsp,98114
FindNodeReq,161202
FindNodeReq,152797
FindNodeRsp,99318
FindNodeReq,159247
UpdateRouteReq,99673
UpdateRouteReq,73402
PathTeardownReq,50771
FindNodeReq,139192
FindNodeRsp,87558
UpdateRouteReq,91869
UpdateRouteReq,73308
UpdateRouteReq,64703
PathSetupReq,47974
FindNodeReq,160276
FindNodeRsp,91923
FindNodeRsp,98270
UpdateRouteReq,96014
UpdateRouteReq,74688
PathTeardownReq,53395
FindNodeRsp,79693
FindNodeReq,165515
UpdateRouteReq,81086
PathSetupReq,62867
UpdateRouteReq,72442
UpdateRouteReq,71875
FindNodeReq,153073
FindNodeRsp,91694
FindNodeRsp,81554
FindNodeReq,161393
FindNodeReq,153067
FindNodeRsp,96669
FindNodeReq,156080
FindNodeRsp,93860
FindNodeReq,158580
FindNodeRsp,107003
UpdateRouteReq,100014
UpdateRouteReq,74069
PathTeardownReq,57113
FindNodeRsp,91869
FindNodeRsp,100479
FindNodeRsp,86834
FindNodeReq,162196
FindNodeRsp,91654
FindNodeRsp,81862
FindNodeReq,156249
FindNodeRsp,95176
UpdateRouteReq,101384
PathSetupReq,67117
UpdateRouteReq,80882
UpdateRouteReq,77106
FindNodeReq,156864
FindNodeRsp,143591
UpdateRouteReq,87952
UpdateRouteReq,62216
PathTeardownReq,50154
FindNodeRsp,89004
UpdateRouteReq,56517
PathSetupReq,44132
FindNodeReq,164980
FindNodeReq,157805
FindNodeRsp,102233
FindNodeReq,162120
PathSetupReq,66602
FindNodeReq,160606
UpdateRouteReq,82933
FindNodeRsp,84429
PathSetupReq,57026
UpdateRouteReq,79124
FindNodeReq,154024
PathSetupReq,61052
FindNodeReq,152196
FindNodeRsp,92787
FindNodeRsp,88226
FindNodeRsp,79082
UpdateRouteReq,77474
UpdateRouteReq,55574
PathTeardownReq,44795
FindNodeRsp,88000
FindNodeRsp,91779
UpdateRouteReq,56307
PathSetupReq,44547
FindNodeReq,159294
UpdateRouteReq,81032
FindNodeRsp,100098
FindNodeReq,166742
UpdateRouteReq,78962
PathSetupReq,58819
FindNodeRsp,93640
FindNodeReq,161488
FindNodeRsp,100982
UpdateRouteReq,78254
UpdateRouteReq,55934
PathTeardownReq,48431
FindNodeRsp,77025
UpdateRouteReq,54991
PathSetupReq,40097
FindNodeReq,162115
UpdateRouteReq,79629
FindNodeReq,158590
FindNodeRsp,89622
FindNodeReq,161056
UpdateRouteReq,83193
FindNodeRsp,80370
UpdateRouteReq,80935
FindNodeReq,157210
PNDiscReq,126813
FindNodeRsp,91354
FindNodeRsp,108766
FindNodeReq,162435
FindNodeRsp,80549
FindNodeReq,153026
FindNodeReq,152337
FindNodeReq,158289
FindNodeRsp,88844
FindNodeReq,159939
FindNodeRsp,85546
FindNodeRsp,93932
FindNodeRsp,79651
FindNodeRsp,94168
FindNodeReq,164037
FindNodeRsp,84685
FindNodeReq,179596
UpdateRouteReq,48605
FindNodeRsp,100021
FindNodeReq,155298
FindNodeRsp,96098
FindNodeReq,160952
UpdateRouteReq,61363
FindNodeRsp,71841
FindNodeReq,154860
FindNodeReq,159604
FindNodeReq,144937
FindNodeReq,94970
FindNodeReq,76702
FindNodeReq,71170
UpdateRouteReq,44051
UpdateRouteReq,57311
FindNodeRsp,74253
FindNodeRsp,91432
FindNodeRsp,88798
UpdateRouteReq,49902
FindNodeReq,154901
FindNodeRsp,86079
FindNodeReq,162755
UpdateRouteReq,72723
FindNodeRsp,75506
FindNodeRsp,85304
FindNodeRsp,101306
FindNodeRsp,81067
FindNodeReq,154056
FindNodeReq,165157
UpdateRouteReq,56897
FindNodeRsp,91653
FindNodeReq,161340
FindNodeReq,156042
FindNodeReq,152849
FindNodeRsp,94782
FindNodeReq,159611
FindNodeRsp,94723
FindNodeRsp,93994
FindNodeReq,155903
FindNodeRsp,90096
FindNodeRsp,81634
FindNodeReq,145346
FindNodeReq,93407
FindNodeReq,82274
FindNodeReq,75107
UpdateRouteReq,44050
UpdateRouteReq,72985
FindNodeRsp,100442
FindNodeReq,154332
FindNodeRsp,93843
FindNodeReq,152306
FindNodeReq,161648
FindNodeRsp,92434
FindNodeReq,154305
FindNodeRsp,91946
FindNodeReq,143901
FindNodeReq,94086
FindNodeReq,78313
FindNodeReq,72604
UpdateRouteReq,44551
FindNodeRsp,119279
UpdateRouteReq,116287
FindNodeReq,163084
FindNodeRsp,85262
FindNodeRsp,96529
FindNodeReq,153395
FindNodeReq,153895
FindNodeRsp,100246
FindNodeRsp,103724
FindNodeRsp,81416
FindNodeReq,149597
FindNodeRsp,121261
FindNodeReq,164592
FindNodeReq,143608
FindNodeReq,92529
FindNodeReq,79219
FindNodeReq,74779
UpdateRouteReq,45759
UpdateRouteReq,63389
FindNodeRsp,95548
FindNodeReq,164337
FindNodeReq,154603
FindNodeRsp,83892
FindNodeReq,164329
FindNodeReq,163836
FindNodeRsp,96541
FindNodeReq,161770
FindNodeRsp,82025
FindNodeRsp,95283
FindNodeReq,161953
PathSetupReq,64293
FindNodeReq,161979
FindNodeReq,145883
FindNodeReq,92710
FindNodeReq,77346
FindNodeReq,72606
UpdateRouteReq,45217
UpdateRouteReq,71609
FindNodeRsp,91682
PathSetupReq,61683
FindNodeReq,156598
FindNodeRsp,90683
FindNodeReq,153705
FindNodeRsp,170684
FindNodeRsp,93184
FindNodeRsp,96295
FindNodeRsp,84147
FindNodeRsp,98660
FindNodeReq,151835
PathSetupReq,40107
FindNodeReq,156756
FindNodeRsp,93071
FindNodeReq,160425
FindNodeReq,144444
FindNodeReq,95617
FindNodeReq,80623
FindNodeReq,72473
UpdateRouteReq,44971
UpdateRouteReq,64065
FindNodeRsp,133427
FindNodeRsp,83720
FindNodeReq,159311
FindNodeReq,153206
FindNodeReq,153509
FindNodeRsp,98398
FindNodeReq,154176
FindNodeReq,146595
FindNodeReq,91802
FindNodeReq,77406
FindNodeReq,72547
UpdateRouteReq,44228
UpdateRouteReq,70338
FindNodeRsp,96328
FindNodeReq,163633
FindNodeRsp,91891
FindNodeReq,162301
FindNodeRsp,90732
FindNodeReq,155621
FindNodeReq,156882
FindNodeRsp,92613
FindNodeReq,154226
FindNodeReq,145037
FindNodeReq,94099
FindNodeReq,80323
FindNodeReq,73611
UpdateRouteReq,44790
FindNodeRsp,113483
UpdateRouteReq,111663
FindNodeRsp,86065
FindNodeRsp,91772
FindNodeReq,152629
FindNodeReq,164230
FindNodeReq,157877
FindNodeRsp,94532
FindNodeReq,163552
FindNodeRsp,91138
FindNodeRsp,103814
FindNodeReq,146275
FindNodeReq,90289
FindNodeReq,74479
FindNodeReq,71515
UpdateRouteReq,44187
FindNodeReq,161043
UpdateRouteReq,53855
FindNodeRsp,81642
FindNodeReq,157536
FindNodeRsp,84363
FindNodeRsp,83749
FindNodeReq,158264
FindNodeRsp,116638
FindNodeReq,145226
FindNodeReq,92493
FindNodeReq,75818
FindNodeReq,73210
UpdateRouteReq,44790
FindNodeReq,159348
UpdateRouteReq,54811
FindNodeRsp,81248
FindNodeReq,163020
FindNodeRsp,94250
FindNodeReq,154129
FindNodeRsp,83947
FindNodeReq,157840
FindNodeReq,153908
FindNodeRsp,92452
FindNodeReq,250913
FindNodeReq,159180
FindNodeRsp,87140
FindNodeRsp,81198
FindNodeRsp,84980
FindNodeReq,161889
FindNodeReq,160665
FindNodeReq,154732
FindNodeRsp,94526
FindNodeReq,145237
FindNodeReq,121806
FindNodeReq,178098
FindNodeReq,92946
UpdateRouteReq,45799
FindNodeRsp,90374
UpdateRouteReq,48836
FindNodeReq,158201
FindNodeReq,150801
FindNodeRsp,80433
FindNodeReq,151384
FindNodeRsp,100067
UpdateRouteReq,81144
UpdateRouteReq,52927
PathTeardownReq,66213
FindNodeReq,151406
FindNodeReq,142713
FindNodeReq,92080
FindNodeReq,76342
FindNodeReq,72070
UpdateRouteReq,45639
UpdateRouteReq,72502
UpdateRouteReq,76286
PathSetupReq,63151
UpdateRouteReq,55339
UpdateRouteReq,72279
FindNodeRsp,77900
FindNodeReq,161378
UpdateRouteReq,72460
UpdateRouteReq,50771
FindNodeRsp,89726
FindNodeReq,153970
FindNodeReq,152106
UpdateRouteReq,78855
UpdateRouteReq,59529
PathTeardownReq,70631
FindNodeRsp,94188
FindNodeReq,161111
FindNodeReq,154820
FindNodeReq,157688
PNDiscReq,128217
FindNodeRsp,89296
UpdateRouteReq,57418
PathSetupReq,44652
UpdateRouteReq,79144
UpdateRouteReq,51417
FindNodeReq,154127
FindNodeReq,164628
FindNodeRsp,77458
FindNodeReq,160261
FindNodeReq,156162
FindNodeRsp,92874
FindNodeReq,152613
FindNodeRsp,85444
FindNodeReq,159316
FindNodeRsp,81679
FindNodeReq,157654
UpdateRouteReq,78665
UpdateRouteReq,81173
PathTeardownReq,70355
FindNodeRsp,87949
FindNodeRsp,90002
FindNodeReq,157569
FindNodeReq,144283
FindNodeReq,92478
FindNodeReq,75824
UpdateRouteReq,45133
UpdateRouteReq,72382
UpdateRouteReq,78382
PathSetupReq,68812
UpdateRouteReq,79644
FindNodeRsp,112133
UpdateRouteReq,112623
FindNodeReq,159857
UpdateRouteReq,73385
UpdateRouteReq,48413
FindNodeRsp,80736
FindNodeReq,161807
FindNodeReq,152826
FindNodeReq,154674
FindNodeRsp,80176
FindNodeRsp,93670
FindNodeRsp,89442
FindNodeReq,162957
FindNodeReq,158766
FindNodeRsp,104500
FindNodeReq,161777
UpdateRouteReq,74096
UpdateRouteReq,59137
PathTeardownReq,70351
FindNodeRsp,100184
FindNodeRsp,88369
UpdateRouteReq,55426
PathSetupReq,42012
PathSetupReq,66570
UpdateRouteReq,81802
UpdateRouteReq,80533
PathSetupReq,54850
FindNodeRsp,98980
PathSetupReq,60700
FindNodeReq,154522
FindNodeRsp,82175
FindNodeRsp,84221
FindNodeRsp,94664
UpdateRouteReq,77927
UpdateRouteReq,78456
PathTeardownReq,67378
FindNodeRsp,99990
UpdateRouteReq,73234
UpdateRouteReq,49795
PathSetupReq,39367
FindNodeReq,143785
FindNodeReq,91289
FindNodeReq,75199
UpdateRouteReq,44181
UpdateRouteReq,77012
UpdateRouteReq,61087
FindNodeRsp,86514
FindNodeReq,153695
FindNodeRsp,78641
PathSetupReq,57841
FindNodeRsp,93220
FindNodeReq,161577
FindNodeReq,154782
FindNodeRsp,96423
UpdateRouteReq,79259
UpdateRouteReq,79347
PathTeardownReq,70371
FindNodeRsp,83038
UpdateRouteReq,77831
UpdateRouteReq,51022
PathSetupReq,63906
FindNodeReq,144604
FindNodeReq,90362
FindNodeReq,73432
FindNodeReq,70903
UpdateRouteReq,43903
FindNodeRsp,111268
UpdateRouteReq,110592
FindNodeReq,152473
FindNodeRsp,88258
FindNodeReq,159768
FindNodeRsp,80129
FindNodeReq,150899
FindNodeRsp,91318
FindNodeReq,153944
FindNodeRsp,77939
FindNodeReq,154156
FindNodeReq,153757
FindNodeRsp,92236
FindNodeReq,162198
FindNodeRsp,83952
FindNodeReq,153922
FindNodeRsp,89505
FindNodeReq,160301
FindNodeReq,143579
FindNodeReq,90147
FindNodeReq,74260
FindNodeReq,71518
UpdateRouteReq,43955
UpdateRouteReq,62815
FindNodeRsp,92606
FindNodeReq,159864
FindNodeReq,151416
FindNodeRsp,98631
FindNodeRsp,90917
FindNodeRsp,91022
FindNodeReq,162457
FindNodeRsp,94038
FindNodeReq,177275
FindNodeRsp,91640
FindNodeReq,144188
FindNodeReq,92846
FindNodeReq,79027
FindNodeReq,72335
UpdateRouteReq,45757
UpdateRouteReq,61272
FindNodeRsp,87741
FindNodeReq,162364
FindNodeRsp,98482
FindNodeReq,162209
FindNodeRsp,80890
FindNodeReq,154662
FindNodeReq,152261
FindNodeRsp,89306
FindNodeReq,143902
FindNodeReq,90958
FindNodeReq,77166
FindNodeReq,73019
UpdateRouteReq,42670
FindNodeReq,157533
UpdateRouteReq,55900
FindNodeRsp,90902
FindNodeReq,163401
FindNodeRsp,85376
FindNodeRsp,92833
FindNodeReq,152883
FindNodeReq,155428
FindNodeRsp,80195
FindNodeRsp,82104
FindNodeReq,163045
FindNodeRsp,80050
FindNodeReq,145377
FindNodeReq,95380
FindNodeReq,81442
FindNodeReq,74936
UpdateRouteReq,48011
UpdateRouteReq,70845
FindNodeRsp,90658
FindNodeReq,162540
FindNodeRsp,93861
FindNodeReq,153091
FindNodeReq,162818
FindNodeRsp,88893
FindNodeReq,146604
FindNodeReq,95828
FindNodeReq,78362
FindNodeReq,75255
UpdateRouteReq,43549
FindNodeReq,160212
UpdateRouteReq,54457
FindNodeRsp,80670
FindNodeReq,162283
FindNodeReq,157050
FindNodeRsp,96119
FindNodeReq,155628
FindNodeReq,162744
FindNodeReq,141431
FindNodeRsp,91938
FindNodeReq,145013
FindNodeReq,93589
FindNodeReq,79496
FindNodeReq,72674
UpdateRouteReq,44286
UpdateRouteReq,70090
FindNodeRsp,91015
FindNodeRsp,79074
FindNodeReq,155624
FindNodeReq,153700
FindNodeRsp,103618
FindNodeRsp,83027
FindNodeRsp,92888
FindNodeReq,143069
FindNodeReq,95690
FindNodeReq,77051
FindNodeReq,71688
UpdateRouteReq,43087
UpdateRouteReq,60526
FindNodeRsp,81891
FindNodeReq,158317
FindNodeRsp,94896
FindNodeReq,154397
FindNodeRsp,97503
FindNodeReq,160261
FindNodeRsp,112975
FindNodeReq,199277
FindNodeReq,154004
FindNodeRsp,89785
FindNodeRsp,108427
FindNodeReq,154335
FindNodeReq,144159
FindNodeReq,93065
FindNodeReq,79247
FindNodeReq,74524
UpdateRouteReq,43599
UpdateRouteReq,72313
FindNodeRsp,90229
FindNodeRsp,89461
FindNodeRsp,88569
PathSetupReq,63071
PathSetupReq,87100
FindNodeRsp,120274
FindNodeReq,163960
PathSetupReq,61739
FindNodeReq,156646
FindNodeReq,154585
FindNodeReq,145977
FindNodeReq,97718
FindNodeReq,79058
FindNodeReq,74477
UpdateRouteReq,44519
UpdateRouteReq,50255
FindNodeRsp,70486
FindNodeRsp,84609
FindNodeRsp,86908
FindNodeReq,153395
FindNodeRsp,99914
FindNodeReq,160506
FindNodeRsp,84263
PathSetupReq,82586
FindNodeRsp,99970
PNHello,234579
PNDiscRsp,41644
QueryRouteRsp,42466
QueryRouteReq,35201
UpdateRouteReq,16944
QueryRouteReq,29251
QueryRouteRsp,17207
PathSetupReq,26424
UpdateRouteReq,71678
UpdateRouteReq,65825
PNDiscReq,195056
QueryRouteRsp,178220
QueryRouteReq,75479
UpdateRouteReq,89030
UpdateRouteReq,152704
UpdateRouteReq,165656
QueryRouteRsp,191635
UpdateRouteReq,203378
UpdateRouteReq,211034
QueryRouteReq,119692
PathSetupReq,44319
UpdateRouteReq,123485
FindNodeReq,165945
FindNodeRsp,111924
UpdateRouteReq,54171
FindNodeReq,168567
FindNodeReq,162730
PNHello,152264
PNDiscRsp,64191
PNDiscReq,200410
FindNodeRsp,103993
FindNodeReq,168430
FindNodeReq,166162
FindNodeReq,186987
UpdateRouteReq,365018
UpdateRouteReq,50606
UpdateRouteReq,46999
UpdateRouteReq,138877
PathSetupReq,65331
UpdateRouteReq,169562
FindNodeRsp,138527
UpdateRouteReq,53706
UpdateRouteReq,51424
FindNodeReq,167926
FindNodeRsp,138885
FindNodeReq,173995
PNHello,120376
PNDiscRsp,99350
FindNodeReq,143717
PNDiscReq,133977
FindNodeReq,169080
FindNodeRsp,138631
FindNodeReq,177672
FindNodeRsp,128688
FindNodeReq,155121
FindNodeRsp,122133
FindNodeReq,169140
FindNodeReq,151788
FindNodeReq,163336
FindNodeReq,173117
FindNodeRsp,119280
FindNodeReq,170138
FindNodeReq,115829
FindNodeReq,171825
FindNodeReq,173840
FindNodeRsp,122165
PNDiscReq,129302
FindNodeReq,164299
FindNodeReq,158461
FindNodeReq,168310
FindNodeRsp,127246
PNHello,121477
PNDiscRsp,69251
FindNodeReq,162689
FindNodeRsp,114528
FindNodeReq,170996
FindNodeReq,164383
FindNodeReq,116199
FindNodeRsp,124289
FindNodeReq,198596
FindNodeReq,122624
FindNodeRsp,130485
FindNodeReq,228766
FindNodeRsp,133661
FindNodeReq,168001
FindNodeReq,164507
FindNodeReq,170520
FindNodeRsp,127755
FindNodeReq,167268
FindNodeReq,168296
FindNodeReq,168622
FindNodeRsp,111765
FindNodeReq,151459
FindNodeReq,162574
FindNodeReq,168160
FindNodeRsp,139113
FindNodeReq,122341
FindNodeReq,171465
FindNodeRsp,130465
FindNodeReq,151071
FindNodeReq,163681
FindNodeRsp,128289
FindNodeReq,165180
FindNodeReq,171062
PNDiscReq,127389
FindNodeReq,170715
FindNodeRsp,120465
FindNodeReq,121702
FindNodeReq,162777
FindNodeReq,112799
FindNodeRsp,115552
FindNodeReq,164830
FindNodeRsp,119837
FindNodeReq,170432
FindNodeReq,115298
FindNodeReq,168008
FindNodeReq,168002
PNHello,119153
PNDiscRsp,68343
FindNodeRsp,132011
FindNodeReq,152188
FindNodeReq,163093
FindNodeRsp,124514
FindNodeReq,171823
FindNodeReq,171644
FindNodeReq,171191
FindNodeReq,164633
FindNodeRsp,130965
FindNodeReq,166467
FindNodeRsp,129237
FindNodeRsp,125388
FindNodeRsp,127599
FindNodeReq,190861
FindNodeReq,164096
FindNodeReq,168089
FindNodeRsp,126421
FindNodeReq,167594
FindNodeReq,152411
FindNodeReq,206254
FindNodeReq,167429
FindNodeRsp,123765
FindNodeReq,201783
FindNodeReq,150387
FindNodeReq,160277
FindNodeRsp,130016
FindNodeReq,207390
FindNodeReq,167788
FindNodeRsp,112194
FindNodeReq,171144
FindNodeRsp,143093
FindNodeReq,166131
FindNodeReq,171248
FindNodeRsp,121301
FindNodeReq,180067
FindNodeRsp,121218
FindNodeReq,153571
FindNodeReq,163808
FindNodeReq,137421
FindNodeRsp,135129
FindNodeReq,185100
FindNodeReq,161143
FindNodeRsp,136341
FindNodeReq,146873
FindNodeReq,150349
FindNodeReq,128027
FindNodeRsp,132192
FindNodeReq,211485
FindNodeReq,125052
FindNodeReq,166581
FindNodeRsp,137782
FindNodeRsp,124616
FindNodeReq,116409
PNDiscReq,128127
FindNodeRsp,113042
FindNodeReq,168858
FindNodeReq,172276
FindNodeReq,167660
FindNodeRsp,132511
FindNodeReq,154581
FindNodeReq,102215
FindNodeReq,151472
FindNodeRsp,122432
FindNodeReq,154385
FindNodeReq,174658
FindNodeRsp,155545
FindNodeReq,166461
FindNodeRsp,122436
FindNodeReq,173238
FindNodeReq,160808
FindNodeRsp,138663
FindNodeReq,168469
FindNodeReq,171472
FindNodeReq,171027
FindNodeReq,167101
FindNodeRsp,111657
FindNodeReq,163736
FindNodeReq,193557
FindNodeRsp,124794
FindNodeReq,169369
PNHello,119176
PNDiscRsp,67919
FindNodeRsp,136137
FindNodeReq,167164
FindNodeReq,167392
FindNodeReq,132689
FindNodeReq,167574
FindNodeReq,162352
FindNodeReq,159624
FindNodeReq,164649
FindNodeRsp,134350
PathSetupReq,61979
PathSetupReq,41400
FindNodeReq,150449
FindNodeReq,162828
FindNodeReq,168680
FindNodeReq,165233
FindNodeRsp,128175
FindNodeReq,169954
FindNodeReq,155728
FindNodeReq,165713
FindNodeReq,165337
PathSetupReq,92649
FindNodeReq,128299
FindNodeRsp,122482
PathSetupReq,113161
PathSetupReq,78260
FindNodeReq,179425
PathSetupReq,76674
PathSetupReq,57787
PathSetupReq,83810
PathSetupReq,64855
FindNodeRsp,133561
FindNodeReq,168189
FindNodeRsp,137519
FindNodeReq,162808
FindNodeRsp,112780
FindNodeReq,152237
FindNodeReq,163311
FindNodeReq,151307
FindNodeRsp,137357
FindNodeReq,168440
FindNodeReq,217827
FindNodeReq,282665
FindNodeReq,151943
FindNodeRsp,143553
FindNodeReq,136124
FindNodeRsp,134973
FindNodeReq,169196
FindNodeReq,169789
FindNodeRsp,128749
FindNodeReq,188130
FindNodeReq,170607
FindNodeReq,156748
FindNodeRsp,125224
FindNodeReq,148737
FindNodeReq,136697
FindNodeRsp,109535
FindNodeReq,170002
FindNodeReq,144333
FindNodeReq,168252
FindNodeRsp,128603
FindNodeReq,117518
FindNodeRsp,124030
FindNodeReq,159808
FindNodeRsp,140829
FindNodeReq,153869
FindNodeReq,162408
FindNodeReq,170036
FindNodeRsp,133510
FindNodeReq,171300
FindNodeRsp,131999
FindNodeRsp,127023
FindNodeRsp,129144
FindNodeReq,172737
FindNodeReq,138291
FindNodeRsp,120919
FindNodeReq,153495
FindNodeReq,168116
FindNodeRsp,125246
FindNodeRsp,133509
FindNodeReq,171011
FindNodeReq,173932
FindNodeReq,117816
FindNodeRsp,142537
FindNodeRsp,140363
FindNodeReq,166720
FindNodeReq,168191
FindNodeReq,155268
FindNodeRsp,109198
FindNodeReq,173918
FindNodeReq,162836
FindNodeRsp,133715
FindNodeReq,233087
FindNodeRsp,126427
FindNodeRsp,121685
FindNodeReq,175276
FindNodeRsp,131667
FindNodeReq,193361
FindNodeReq,168220
FindNodeRsp,128152
FindNodeReq,154312
FindNodeReq,122957
FindNodeRsp,125417
FindNodeRsp,131993
FindNodeReq,131023
FindNodeRsp,123146
FindNodeReq,167705
FindNodeReq,164175
PNDiscReq,128361
FindNodeReq,168626
FindNodeRsp,122046
FindNodeReq,161816
FindNodeReq,104889
FindNodeRsp,114343
FindNodeReq,168858
FindNodeReq,165313
FindNodeRsp,117508
FindNodeReq,198888
FindNodeRsp,130125
FindNodeReq,173295
FindNodeReq,149743
FindNodeReq,171732
FindNodeReq,142716
FindNodeRsp,131979
FindNodeRsp,122901
FindNodeReq,212631
FindNodeReq,166820
FindNodeRsp,140284
FindNodeReq,160593
FindNodeRsp,163316
FindNodeReq,173484
FindNodeReq,167926
FindNodeRsp,122331
FindNodeReq,168881
FindNodeReq,153184
FindNodeReq,170153
FindNodeRsp,126801
FindNodeReq,155164
FindNodeReq,168346
FindNodeReq,164144
FindNodeRsp,112493
FindNodeRsp,125746
FindNodeReq,178265
FindNodeReq,155835
FindNodeReq,164928
FindNodeReq,153673
FindNodeRsp,122759
FindNodeReq,169413
FindNodeReq,152813
FindNodeReq,118723
FindNodeRsp,134049
FindNodeReq,172871
FindNodeReq,148309
FindNodeRsp,133550
FindNodeReq,169208
FindNodeRsp,132513
FindNodeReq,168605
FindNodeRsp,128284
FindNodeReq,167218
FindNodeReq,174257
FindNodeReq,173445
PNHello,119128
PNDiscRsp,67260
FindNodeRsp,132630
FindNodeReq,172193
FindNodeRsp,132275
FindNodeReq,170651
FindNodeReq,168171
FindNodeRsp,138714
FindNodeReq,168097
FindNodeReq,165084
FindNodeReq,217070
FindNodeRsp,125146
FindNodeReq,196310
FindNodeRsp,133047
PathSetupReq,64312
PathSetupReq,41387
FindNodeReq,168876
FindNodeReq,168042
FindNodeReq,171303
FindNodeRsp,142205
PathSetupReq,93173
FindNodeReq,167508
PathSetupReq,96121
FindNodeRsp,136294
PathSetupReq,113659
PathSetupReq,98074
PathSetupReq,124283
PathSetupReq,84598
PathSetupReq,63220
FindNodeRsp,127509
FindNodeReq,151052
FindNodeRsp,119985
FindNodeRsp,115200
FindNodeReq,197011
FindNodeRsp,138542
FindNodeReq,167900
FindNodeReq,172016
FindNodeReq,171996
FindNodeReq,171146
FindNodeRsp,130089
FindNodeReq,172338
FindNodeRsp,124290
FindNodeReq,171210
FindNodeReq,171388
FindNodeReq,175387
FindNodeReq,166316
FindNodeRsp,132335
FindNodeReq,168905
FindNodeRsp,135831
FindNodeReq,164429
FindNodeReq,138255
FindNodeRsp,130663
FindNodeReq,157592
FindNodeReq,106546
FindNodeRsp,125818
FindNodeReq,150610
FindNodeReq,163560
FindNodeRsp,137617
FindNodeReq,167842
FindNodeRsp,109178
FindNodeReq,168197
FindNodeReq,171065
FindNodeReq,169011
FindNodeRsp,112568
FindNodeReq,172612
FindNodeReq,167524
FindNodeReq,163697
FindNodeRsp,136618
FindNodeRsp,129409
FindNodeReq,174482
FindNodeReq,153017
FindNodeReq,163857
FindNodeRsp,122334
FindNodeReq,165818
FindNodeReq,173282
FindNodeReq,111842
FindNodeRsp,119221
FindNodeReq,164391
FindNodeReq,186463
FindNodeReq,152817
FindNodeReq,126618
FindNodeRsp,108554
FindNodeReq,171849
FindNodeReq,169326
FindNodeRsp,126784
FindNodeReq,163585
FindNodeReq,163456
FindNodeReq,170240
FindNodeRsp,126264
FindNodeReq,167109
FindNodeReq,162466
FindNodeReq,169962
FindNodeRsp,127097
FindNodeRsp,123932
FindNodeRsp,123421
FindNodeReq,171136
FindNodeReq,166436
FindNodeReq,161204
FindNodeRsp,122761
FindNodeReq,155205
FindNodeReq,172096
FindNodeRsp,134365
FindNodeReq,153988
FindNodeReq,166325
FindNodeRsp,126197
FindNodeReq,167645
FindNodeReq,161946
FindNodeRsp,121190
FindNodeReq,154076
FindNodeReq,167680
FindNodeRsp,129341
FindNodeReq,125326
FindNodeRsp,119345
FindNodeReq,155668
FindNodeReq,164955
FindNodeRsp,113564
FindNodeReq,161588
FindNodeRsp,117021
FindNodeReq,151963
FindNodeReq,167877
FindNodeReq,162736
FindNodeReq,165356
FindNodeRsp,128071
FindNodeReq,167517
FindNodeReq,170102
FindNodeReq,160728
FindNodeReq,162875
FindNodeReq,146924
FindNodeRsp,126322
FindNodeReq,167785
FindNodeReq,122929
FindNodeRsp,153489
FindNodeReq,155461
FindNodeReq,169557
FindNodeReq,167846
FindNodeRsp,126541
FindNodeReq,170464
FindNodeReq,170900
FindNodeRsp,131556
FindNodeReq,148968
FindNodeReq,161579
FindNodeReq,169977
FindNodeReq,125025
FindNodeRsp,144423
FindNodeReq,172183
FindNodeReq,171640
FindNodeReq,150456
FindNodeReq,163908
FindNodeReq,163182
FindNodeReq,174436
FindNodeReq,165937
FindNodeRsp,124708
FindNodeReq,167967
FindNodeReq,169760
FindNodeRsp,125259
FindNodeReq,168251
FindNodeReq,168736
FindNodeReq,169035
FindNodeRsp,141365
FindNodeReq,169489
FindNodeRsp,118961
FindNodeRsp,122812
FindNodeReq,168040
FindNodeReq,163371
FindNodeReq,170107
FindNodeRsp,131332
FindNodeReq,168689
FindNodeReq,162208
FindNodeRsp,135259
FindNodeReq,172380
FindNodeReq,165725
FindNodeRsp,151201
FindNodeReq,171727
FindNodeReq,171765
FindNodeReq,165005
FindNodeRsp,127587
FindNodeReq,162868
FindNodeReq,169620
FindNodeReq,148817
FindNodeRsp,124258
FindNodeReq,160665
FindNodeReq,168814
FindNodeRsp,113307
FindNodeReq,188256
FindNodeRsp,122991
FindNodeReq,172936
FindNodeReq,174067
FindNodeReq,168689
FindNodeRsp,125728
FindNodeReq,173897
FindNodeReq,161947
FindNodeReq,166284
FindNodeRsp,132213
FindNodeReq,157503
FindNodeReq,164892
FindNodeReq,157963
FindNodeReq,166722
PathSetupReq,65003
PathSetupReq,84298
FindNodeRsp,125526
FindNodeReq,168302
FindNodeReq,158642
FindNodeReq,167308
FindNodeRsp,120149
FindNodeReq,168166
PathSetupReq,93629
PathSetupReq,112036
FindNodeReq,189467
PathSetupReq,107180
FindNodeRsp,105934
PathSetupReq,178552
PathSetupReq,92874
PathSetupReq,83908
FindNodeReq,157140
FindNodeReq,148601
PathSetupReq,64321
FindNodeRsp,128577
FindNodeReq,169681
FindNodeReq,199932
FindNodeRsp,61014
PNDiscReq,79698
FindNodeReq,168240
FindNodeRsp,126461
FindNodeReq,174180
FindNodeReq,170809
FindNodeRsp,123296
FindNodeReq,168355
FindNodeReq,167796
FindNodeRsp,128228
FindNodeReq,168219
FindNodeRsp,111813
FindNodeRsp,130983
FindNodeReq,169477
FindNodeReq,166408
FindNodeReq,166924
FindNodeReq,168989
FindNodeRsp,129137
FindNodeReq,174249
FindNodeReq,171924
FindNodeRsp,136817
FindNodeRsp,132157
FindNodeReq,164240
FindNodeRsp,130671
FindNodeReq,173065
FindNodeReq,164162
FindNodeReq,167353
FindNodeReq,167703
FindNodeReq,162852
FindNodeRsp,115042
FindNodeReq,161961
FindNodeReq,164371
FindNodeRsp,136793
PNHello,118723
PNDiscRsp,67279
FindNodeRsp,133957
FindNodeReq,172565
FindNodeReq,167253
FindNodeReq,164866
FindNodeReq,165160
FindNodeReq,165272
FindNodeRsp,121501
FindNodeReq,167348
FindNodeReq,183283
FindNodeRsp,150181
FindNodeRsp,131269
FindNodeReq,171101
FindNodeRsp,131353
FindNodeReq,172412
FindNodeReq,194061
FindNodeRsp,129265
FindNodeRsp,136068
FindNodeReq,189899
FindNodeRsp,141357
FindNodeReq,167782
FindNodeRsp,127293
FindNodeReq,174028
FindNodeReq,168108
FindNodeReq,169721
FindNodeRsp,143038
FindNodeReq,172029
FindNodeReq,162276
FindNodeReq,170650
FindNodeRsp,140052
FindNodeReq,168345
FindNodeRsp,136581
FindNodeReq,174669
FindNodeReq,168716
FindNodeReq,162167
FindNodeReq,169625
FindNodeReq,167972
FindNodeReq,171529
FindNodeReq,168004
FindNodeRsp,133298
FindNodeReq,173572
FindNodeReq,168017
FindNodeReq,168671
FindNodeReq,171720
FindNodeRsp,125112
FindNodeReq,168946
FindNodeReq,168117
FindNodeRsp,128385
FindNodeRsp,150827
FindNodeRsp,130209
FindNodeReq,189364
FindNodeReq,171417
FindNodeReq,170569
FindNodeReq,171737
FindNodeReq,167673
FindNodeRsp,114900
FindNodeReq,169309
FindNodeReq,164293
FindNodeRsp,126993
FindNodeReq,169636
FindNodeReq,167828
FindNodeRsp,143265
FindNodeReq,170960
FindNodeReq,171723
FindNodeRsp,145849
FindNodeReq,175956
FindNodeReq,203544
FindNodeReq,167832
FindNodeReq,170486
PathSetupReq,67055
FindNodeRsp,115849
FindNodeReq,168907
FindNodeReq,169953
FindNodeRsp,162191
PathSetupReq,112090
FindNodeReq,169321
PathSetupReq,98967
PathSetupReq,77467
PathSetupReq,140339
FindNodeRsp,128218
PathSetupReq,102669
FindNodeReq,172836
FindNodeReq,168978
FindNodeRsp,127851
FindNodeRsp,124702
FindNodeRsp,127325
FindNodeReq,165904
FindNodeReq,166789
FindNodeRsp,119932
FindNodeReq,164985
FindNodeRsp,137917
FindNodeRsp,110266
FindNodeReq,172676
FindNodeReq,168678
FindNodeRsp,139294
FindNodeReq,174342
FindNodeReq,168020
FindNodeRsp,113557
FindNodeReq,170066
FindNodeReq,173312
FindNodeReq,170997
FindNodeReq,166788
FindNodeRsp,124850
FindNodeRsp,134975
FindNodeReq,170253
FindNodeReq,166447
FindNodeRsp,135314
FindNodeReq,170681
FindNodeRsp,129714
FindNodeRsp,130505
FindNodeRsp,123363
FindNodeReq,168473
FindNodeReq,165820
FindNodeRsp,136389
FindNodeReq,163086
FindNodeRsp,122890
FindNodeReq,172668
FindNodeRsp,131144
FindNodeRsp,145785
FindNodeReq,171494
FindNodeReq,171827
FindNodeRsp,125795
FindNodeReq,166992
FindNodeRsp,137759
FindNodeReq,166664
FindNodeReq,169400
FindNodeReq,163653
FindNodeRsp,130263
FindNodeReq,168367
FindNodeRsp,133501
FindNodeRsp,138413
FindNodeRsp,123289
FindNodeReq,172620
PNDiscReq,131249
FindNodeReq,160801
FindNodeRsp,139589
FindNodeReq,174311
FindNodeReq,169775
FindNodeRsp,131685
FindNodeReq,169224
FindNodeRsp,132197
FindNodeRsp,134493
FindNodeReq,168947
FindNodeReq,170761
FindNodeRsp,130526
FindNodeReq,172855
FindNodeReq,167977
FindNodeRsp,127853
FindNodeReq,165011
FindNodeRsp,137729
FindNodeReq,172049
FindNodeReq,170932
FindNodeRsp,137737
FindNodeReq,170394
FindNodeReq,166176
FindNodeReq,203776
FindNodeRsp,130863
FindNodeRsp,123879
FindNodeReq,168175
FindNodeReq,164943
FindNodeReq,167077
FindNodeReq,172238
FindNodeReq,170145
FindNodeReq,164073
FindNodeReq,170288
FindNodeRsp,140988
FindNodeReq,173361
FindNodeReq,164373
FindNodeReq,167537
FindNodeRsp,135637
FindNodeReq,172072
FindNodeReq,171088
FindNodeReq,168409
PNHello,118800
PNDiscRsp,69023
FindNodeReq,173060
FindNodeReq,170484
FindNodeRsp,123422
FindNodeRsp,115218
FindNodeReq,162724
FindNodeReq,166149
FindNodeRsp,124318
FindNodeReq,172301
PathSetupReq,104882
FindNodeRsp,133317
FindNodeReq,172740
FindNodeReq,168871
PathSetupReq,110764
FindNodeReq,167811
PathSetupReq,102099
PathSetupReq,76746
PathSetupReq,146353
FindNodeRsp,129794
PathSetupReq,101254
FindNodeReq,175025
FindNodeRsp,126331
FindNodeRsp,126249
FindNodeReq,169000
FindNodeReq,172025
FindNodeRsp,133893
FindNodeReq,169476
FindNodeRsp,110914
FindNodeReq,170596
FindNodeReq,170385
FindNodeRsp,124931
FindNodeRsp,128187
FindNodeRsp,125281
FindNodeReq,168109
FindNodeReq,170176
FindNodeRsp,113953
FindNodeReq,197225
FindNodeRsp,121961
FindNodeReq,170560
FindNodeReq,166617
FindNodeReq,165348
FindNodeReq,166805
FindNodeReq,165736
FindNodeRsp,122925
FindNodeReq,171560
FindNodeReq,169816
FindNodeRsp,128233
FindNodeReq,173152
FindNodeReq,164197
FindNodeReq,167757
FindNodeRsp,124723
FindNodeRsp,107602
FindNodeReq,172144
FindNodeReq,165196
FindNodeRsp,129041
FindNodeReq,159684
FindNodeReq,166240
FindNodeRsp,128116
FindNodeReq,195804
FindNodeReq,163562
FindNodeRsp,123193
FindNodeReq,166243
FindNodeReq,164057
FindNodeRsp,111294
FindNodeReq,166387
FindNodeReq,162531
FindNodeRsp,130155
FindNodeReq,170217
FindNodeReq,164313
FindNodeRsp,138073
FindNodeReq,163733
FindNodeReq,168131
FindNodeRsp,134857
FindNodeReq,189756
FindNodeRsp,107440
FindNodeReq,167004
FindNodeRsp,115274
FindNodeReq,165137
FindNodeRsp,114282
FindNodeReq,167524
FindNodeRsp,72609
FindNodeReq,166176
FindNodeReq,163337
FindNodeReq,154624
FindNodeRsp,69666
UpdateRouteReq,110053
UpdateRouteReq,57533
FindNodeRsp,123678
FindNodeReq,161830
UpdateRouteReq,71731
FindNodeReq,169593
FindNodeRsp,129130
FindNodeReq,151973
FindNodeReq,158820
FindNodeRsp,124315
FindNodeReq,151697
FindNodeReq,158276
FindNodeReq,156336
FindNodeRsp,123077
FindNodeReq,158616
FindNodeReq,148425
FindNodeReq,153681
FindNodeReq,159465
FindNodeReq,154832
FindNodeReq,159213
UpdateRouteReq,191384
UpdateRouteReq,68127
FindNodeRsp,105916
UpdateRouteReq,69442
FindNodeReq,159300
UpdateRouteReq,90583
FindNodeRsp,100224
FindNodeReq,154398
FindNodeRsp,109952
FindNodeReq,155437
FindNodeRsp,73291
FindNodeReq,156592
FindNodeReq,152809
FindNodeRsp,102790
UpdateRouteReq,88445
FindNodeReq,156622
UpdateRouteReq,69947
FindNodeReq,150685
FindNodeRsp,98023
FindNodeReq,156388
FindNodeReq,158048
UpdateRouteReq,219068
UpdateRouteReq,102370
UpdateRouteReq,44819
UpdateRouteReq,72531
UpdateRouteReq,51302
UpdateRouteReq,92791
UpdateRouteReq,79391
Error,90638
FindNodeReq,132936
UpdateRouteReq,100402
UpdateRouteReq,53351
UpdateRouteReq,71144
UpdateRouteReq,45998
UpdateRouteReq,42952
Error,135603
UpdateRouteReq,48735
PathTeardownReq,121724
UpdateRouteReq,112306
UpdateRouteReq,171455
Error,90982
UpdateRouteReq,48750
Error,87226
UpdateRouteReq,44392
Error,50870
UpdateRouteReq,104477
Error,107027
PathTeardownReq,39411
UpdateRouteReq,47783
FindNodeReq,89384
UpdateRouteReq,46334
UpdateRouteReq,42650
UpdateRouteReq,44239
PathSetupReq,35408
UpdateRouteReq,43419
Error,95870
UpdateRouteReq,100486
UpdateRouteReq,48273
Error,128929
UpdateRouteReq,51640
PathSetupReq,38758
UpdateRouteReq,43932
FindNodeReq,99777
Error,94883
Error,107843
Error,89488
UpdateRouteReq,49101
PathTeardownReq,38860
UpdateRouteReq,80271
UpdateRouteReq,88562
Error,154111
UpdateRouteReq,64503
UpdateRouteReq,96698
UpdateRouteReq,52532
Error,56986
UpdateRouteReq,49892
UpdateRouteReq,95502
UpdateRouteReq,85465
UpdateRouteReq,76100
Error,206259
PathSetupReq,250310
PathTeardownReq,258371
UpdateRouteReq,265674
UpdateRouteReq,53205
UpdateRouteReq,96089
UpdateRouteReq,48099
UpdateRouteReq,49406
UpdateRouteReq,46050
Error,89013
UpdateRouteReq,46447
UpdateRouteReq,45104
FindNodeReq,114558
UpdateRouteReq,50902
UpdateRouteReq,46193
UpdateRouteReq,46483
UpdateRouteReq,54071
PathSetupReq,40130
UpdateRouteReq,42235
Error,91060
UpdateRouteReq,54270
UpdateRouteReq,47151
UpdateRouteReq,39286
PathTeardownReq,82802
UpdateRouteReq,47839
Error,154796
UpdateRouteReq,62618
UpdateRouteReq,47111
Error,200012
UpdateRouteReq,234735
PathSetupReq,274764
PathTeardownReq,97193
Error,115409
UpdateRouteReq,52408
UpdateRouteReq,47731
UpdateRouteReq,63617
Error,180240
Error,186945
UpdateRouteReq,80786
PathSetupReq,77127
UpdateRouteReq,49669
UpdateRouteReq,65614
FindNodeRsp,89373
Error,139684
UpdateRouteReq,45646
Error,184395
UpdateRouteReq,52798
Error,83620
UpdateRouteReq,125089
Error,248246
UpdateRouteReq,244535
UpdateRouteReq,92933
UpdateRouteReq,127099
UpdateRouteReq,100562
PathTeardownReq,42304
Error,105406
UpdateRouteReq,46862
UpdateRouteReq,41051
UpdateRouteReq,41252
UpdateRouteReq,141181
UpdateRouteReq,133583
Error,230282
PathSetupReq,235843
Error,130887
UpdateRouteReq,51727
UpdateRouteReq,65411
UpdateRouteReq,43608
Error,103558
Error,146864
UpdateRouteReq,151871
UpdateRouteReq,52414
UpdateRouteReq,45457
UpdateRouteReq,49415
UpdateRouteReq,43089
PathTeardownReq,45192
Error,114578
UpdateRouteReq,49617
UpdateRouteReq,45711
UpdateRouteReq,47108
UpdateRouteReq,43175
UpdateRouteReq,43723
Error,42966
UpdateRouteReq,129759
PathSetupReq,131233
Error,147008
UpdateRouteReq,157465
UpdateRouteReq,167106
UpdateRouteReq,81724
UpdateRouteReq,114873
UpdateRouteReq,42129
UpdateRouteReq,43010
UpdateRouteReq,38677
FindNodeReq,166522
UpdateRouteReq,55353
QueryRouteReq,91198
UpdateRouteReq,49651
UpdateRouteReq,79358
UpdateRouteReq,106936
UpdateRouteReq,315677
Error,365750
UpdateRouteReq,424576
UpdateRouteReq,100721
UpdateRouteReq,94678
UpdateRouteReq,68395
UpdateRouteReq,74035
UpdateRouteReq,49902
UpdateRouteReq,68545
UpdateRouteReq,43208
UpdateRouteReq,174885
Error,160750
UpdateRouteReq,202984
UpdateRouteReq,42504
UpdateRouteReq,46267
UpdateRouteReq,47246
UpdateRouteReq,62838
Error,161013
Error,140137
Error,93004
UpdateRouteReq,55486
Error,105304
Error,42439
UpdateRouteReq,46977
FindNodeReq,190165
UpdateRouteReq,92706
FindNodeReq,160233
Error,51637
FindNodeReq,157529
UpdateRouteReq,72727
UpdateRouteReq,95348
UpdateRouteReq,47756
UpdateRouteReq,44580
UpdateRouteReq,66070
UpdateRouteReq,92542
UpdateRouteReq,79178
PathTeardownReq,48323
FindNodeRsp,69974
FindNodeRsp,70930
UpdateRouteReq,303964
UpdateRouteReq,74271
UpdateRouteReq,46659
QueryRouteReq,122186
UpdateRouteReq,64535
UpdateRouteReq,57814
UpdateRouteReq,92817
UpdateRouteReq,88405
UpdateRouteReq,47682
PathSetupReq,58224
UpdateRouteReq,56778
UpdateRouteReq,78029
PathTeardownReq,39577
FindNodeReq,84914
UpdateRouteReq,283526
UpdateRouteReq,384016
FindNodeReq,449112
UpdateRouteReq,455200
UpdateRouteReq,520585
UpdateRouteReq,571595
UpdateRouteReq,333119
UpdateRouteReq,409719
UpdateRouteReq,442431
UpdateRouteReq,472374
FindNodeReq,532827
UpdateRouteReq,536826
UpdateRouteReq,565782
UpdateRouteReq,74193
UpdateRouteReq,89878
PathSetupReq,60415
PathTeardownReq,40949
PathSetupReq,34058
PathTeardownReq,33987
PathSetupReq,52935
PathTeardownReq,34051
PathSetupReq,35367
PathTeardownReq,34332
PathSetupReq,149055
PathTeardownReq,52726
PathTeardownReq,50314
PathSetupReq,35283
PathTeardownReq,33768
PathSetupReq,32868
PathTeardownReq,33152
UpdateRouteReq,122863
UpdateRouteReq,192345
UpdateRouteReq,174969
UpdateRouteReq,205760
UpdateRouteReq,233479
UpdateRouteReq,57503
UpdateRouteReq,73947
FindNodeReq,157691
PathSetupReq,36559
PathTeardownReq,36229
PathSetupReq,59848
PathTeardownReq,42792
PathSetupReq,35649
PathTeardownReq,36251
PathSetupReq,36466
PathTeardownReq,36067
PathSetupReq,34859
PathTeardownReq,35983
PathSetupReq,80418
PathTeardownReq,72860
PathTeardownReq,62313
FindNodeReq,149829
Error,110345
UpdateRouteReq,148733
UpdateRouteReq,60511
UpdateRouteReq,94265
UpdateRouteReq,62544
FindNodeReq,153961
UpdateRouteReq,56179
UpdateRouteReq,53573
UpdateRouteReq,44435
Error,101589
UpdateRouteReq,135597
UpdateRouteReq,138592
UpdateRouteReq,179708
UpdateRouteReq,51174
FindNodeReq,209258
UpdateRouteReq,202755
FindNodeReq,96054
Error,97047
UpdateRouteReq,69567
Error,138101
PathSetupReq,46849
UpdateRouteReq,51672
UpdateRouteReq,156284
PathSetupReq,57417
Error,113030
UpdateRouteReq,129841
FindNodeRsp,110258
UpdateRouteReq,110905
Error,197723
Error,81137
UpdateRouteReq,72868
UpdateRouteReq,59934
UpdateRouteReq,102879
UpdateRouteReq,132605
UpdateRouteReq,40450
UpdateRouteReq,102138
UpdateRouteReq,42506
UpdateRouteReq,105290
UpdateRouteReq,67697
UpdateRouteReq,70485
UpdateRouteReq,39048
UpdateRouteReq,112345
Error,146477
Error,282188
UpdateRouteReq,95483
UpdateRouteReq,137290
UpdateRouteReq,142842
UpdateRouteReq,66002
UpdateRouteReq,66751
UpdateRouteReq,96250
UpdateRouteReq,91339
UpdateRouteReq,39439
Error,40416
Error,33632
UpdateRouteReq,52375
UpdateRouteReq,45891
UpdateRouteReq,69951
UpdateRouteReq,94486
FindNodeReq,149364
FindNodeReq,152097
FindNodeRsp,95618
FindNodeRsp,69932
FindNodeRsp,98416
FindNodeRsp,96251
FindNodeReq,159628
FindNodeRsp,71198
PathSetupReq,57644
PathSetupReq,137143
FindNodeRsp,101192
FindNodeRsp,97937
FindNodeReq,157409
PNDiscReq,165684
FindNodeReq,157233
FindNodeReq,149897
FindNodeReq,149729
FindNodeReq,151490
FindNodeRsp,71831
UpdateRouteReq,94006
UpdateRouteReq,66118
UpdateRouteReq,70558
FindNodeRsp,104550
FindNodeReq,152176
FindNodeRsp,76151
FindNodeReq,154113
FindNodeRsp,110622
FindNodeRsp,111246
FindNodeRsp,111999
FindNodeReq,157776
FindNodeReq,153064
FindNodeRsp,110869
FindNodeRsp,77889
PNHello,120513
PNDiscRsp,66920
FindNodeReq,156911
FindNodeRsp,103026
FindNodeReq,158138
FindNodeReq,151904
FindNodeRsp,112365
FindNodeReq,160005
FindNodeRsp,110118
FindNodeRsp,112967
FindNodeReq,159921
FindNodeReq,158243
FindNodeRsp,107239
FindNodeRsp,105822
FindNodeReq,153921
FindNodeReq,159613
FindNodeRsp,106945
FindNodeReq,152335
FindNodeReq,160493
FindNodeRsp,107696
FindNodeReq,152893
FindNodeReq,159892
FindNodeRsp,117378
FindNodeReq,153825
FindNodeReq,154187
FindNodeReq,153896
FindNodeRsp,110448
FindNodeReq,234124
FindNodeReq,158768
FindNodeRsp,76158
PathSetupReq,77423
PathSetupReq,138450
FindNodeRsp,121040
FindNodeRsp,107518
FindNodeReq,158705
FindNodeReq,160356
FindNodeRsp,132589
FindNodeReq,153817
FindNodeRsp,107837
FindNodeReq,161700
FindNodeRsp,76750
FindNodeRsp,113662
FindNodeRsp,109982
FindNodeReq,160425
FindNodeReq,160908
FindNodeReq,157091
FindNodeRsp,80117
FindNodeReq,163536
FindNodeRsp,111769
FindNodeRsp,82002
FindNodeRsp,115257
FindNodeReq,156400
FindNodeRsp,78049
FindNodeReq,155713
FindNodeRsp,110282
FindNodeRsp,113922
PNDiscReq,124174
FindNodeReq,162677
FindNodeReq,177916
FindNodeRsp,78798
FindNodeReq,160909
FindNodeRsp,77959
FindNodeReq,161824
FindNodeReq,157422
FindNodeRsp,107670
FindNodeRsp,81182
FindNodeReq,154805
FindNodeRsp,113089
FindNodeRsp,80342
FindNodeReq,153732
FindNodeRsp,103638
FindNodeRsp,109474
FindNodeReq,154256
PNHello,117921
PNDiscRsp,70330
FindNodeReq,160040
Error,183764
UpdateRouteReq,184445
Error,225349
UpdateRouteReq,259000
UpdateRouteReq,95706
UpdateRouteReq,139703
UpdateRouteReq,135997
UpdateRouteReq,148953
FindNodeReq,236895
UpdateRouteReq,152192
UpdateRouteReq,156092
FindNodeReq,220371
UpdateRouteReq,232095
UpdateRouteReq,239462
FindNodeReq,289742
UpdateRouteReq,97266
FindNodeReq,145915
FindNodeRsp,78699
FindNodeReq,153603
FindNodeReq,161089
FindNodeReq,154537
FindNodeReq,151483
FindNodeRsp,76591
FindNodeReq,145124
FindNodeReq,154136
PathSetupReq,72763
PathSetupReq,137548
FindNodeReq,145657
FindNodeReq,151609
FindNodeRsp,64759
FindNodeReq,152922
FindNodeReq,143984
FindNodeReq,144273
FindNodeReq,144870
FindNodeReq,176336
FindNodeRsp,60272
FindNodeReq,143445
FindNodeReq,155665
FindNodeReq,151729
FindNodeRsp,59947
FindNodeReq,142349
FindNodeReq,151603
FindNodeReq,152902
FindNodeRsp,63244
FindNodeReq,154909
FindNodeReq,142933
FindNodeReq,142305
FindNodeReq,143742
FindNodeRsp,57686
FindNodeReq,153223
FindNodeReq,144373
FindNodeReq,151564
FindNodeReq,143088
FindNodeReq,197430
FindNodeReq,148632
FindNodeReq,155954
FindNodeRsp,68950
FindNodeReq,138324
FindNodeRsp,69306
FindNodeReq,136229
FindNodeReq,87892
FindNodeRsp,48470
FindNodeReq,78863
UpdateRouteReq,68762
Error,122969
UpdateRouteReq,162749
Error,159983
Error,94115
Error,96302
UpdateRouteReq,100446
Error,73890
Error,77530
Error,73601
Error,74018
Error,74590
Error,73204
Error,43590
Error,40574
Error,56587
Error,59926
Error,231019
UpdateRouteReq,265106
Error,288553
UpdateRouteReq,64993
Error,76233
Error,77450
Error,75511
Error,38899
Error,36176
FindNodeRsp,60324
FindNodeReq,140257
Error,105881
Error,79284
Error,77299
Error,39332
FindNodeRsp,76462
FindNodeRsp,72835
FindNodeRsp,75075
Error,104857
Error,79482
Error,75762
Error,38613
Error,95584
UpdateRouteReq,40311
Error,81662
Error,75504
Error,74123
Error,36739
FindNodeReq,84260
UpdateRouteReq,57163
FindNodeRsp,64011
FindNodeRsp,60451
FindNodeReq,134979
FindNodeRsp,52632
FindNodeRsp,57614
FindNodeReq,140888
Error,107688
Error,82585
Error,76978
Error,38523
Error,106910
Error,80442
Error,75815
Error,38670
FindNodeRsp,57215
FindNodeReq,137377
FindNodeReq,159487
FindNodeRsp,79408
FindNodeRsp,56415
FindNodeReq,139479
FindNodeReq,132905
FindNodeRsp,56795
FindNodeReq,137293
FindNodeRsp,58299
FindNodeReq,140129
FindNodeRsp,57577
FindNodeRsp,58143
FindNodeReq,142789
FindNodeReq,133749
FindNodeRsp,56320
FindNodeRsp,55557
FindNodeReq,132234
FindNodeRsp,51839
FindNodeReq,139282
FindNodeRsp,58001
FindNodeReq,130745
FindNodeReq,83006
UpdateRouteReq,61366
FindNodeReq,133998
FindNodeRsp,61386
UpdateRouteReq,65568
FindNodeRsp,57583
FindNodeReq,133241
FindNodeRsp,56998
FindNodeReq,139561
FindNodeRsp,58223
FindNodeReq,140601
FindNodeRsp,56753
FindNodeReq,129262
UpdateRouteReq,64375
FindNodeReq,137177
FindNodeRsp,56575
Error,152769
Error,80264
UpdateRouteReq,64200
UpdateRouteReq,63484
Error,75090
Error,77924
UpdateRouteReq,81897
UpdateRouteReq,82467
UpdateRouteReq,61250
Error,75224
Error,93862
UpdateRouteReq,96744
Error,148953
Error,204842
Error,73684
Error,40443
Error,39127
FindNodeReq,143836
FindNodeRsp,83290
UpdateRouteReq,75144
FindNodeRsp,51031
FindNodeReq,133143
Error,80027
Error,49003
Error,92490
UpdateRouteReq,66666
UpdateRouteReq,62775
Error,113769
Error,95827
UpdateRouteReq,97422
Error,77194
Error,72633
Error,73733
Error,72942
Error,72580
Error,39739
Error,40376
Error,47753
Error,53973
UpdateRouteReq,57729
UpdateRouteReq,126981
Error,100937
Error,98080
Error,114830
Error,82190
Error,76754
Error,35613
Error,33399
FindNodeRsp,57999
FindNodeReq,131594
FindNodeRsp,58418
FindNodeReq,141179
FindNodeReq,133322
FindNodeRsp,63233
Error,36717
Error,50767
Error,99236
UpdateRouteReq,92271
UpdateRouteReq,123051
Error,96467
Error,94627
UpdateRouteReq,98332
Error,75265
Error,102112
Error,74034
Error,73774
Error,73731
Error,40411
Error,39863
Error,49879
Error,55219
UpdateRouteReq,56844
UpdateRouteReq,59307
Error,96383
Error,94165
Error,114782
Error,80118
Error,76424
Error,35353
Error,33738
FindNodeRsp,56115
FindNodeReq,133689
FindNodeRsp,52471
PathSetupReq,67891
PathSetupReq,67129
FindNodeReq,132931
FindNodeRsp,58220
FindNodeReq,132127
FindNodeRsp,62425
FindNodeRsp,55619
FindNodeReq,142325
FindNodeReq,132416
FindNodeRsp,52540
FindNodeReq,133137
PNDiscReq,109811
FindNodeRsp,31946
FindNodeReq,91420
FindNodeRsp,70737
FindNodeRsp,42059
FindNodeReq,145517
FindNodeRsp,51879
FindNodeReq,90910
FindNodeRsp,56872
FindNodeRsp,56343
FindNodeRsp,57041
FindNodeReq,140116
FindNodeRsp,63610
FindNodeReq,137303
UpdateRouteReq,78522
QueryRouteReq,194988
QueryRouteRsp,122268
UpdateRouteReq,127770
FindNodeRsp,75396
QueryRouteRsp,62973
QueryRouteReq,82124
UpdateRouteReq,74357
PathSetupReq,41390
FindNodeReq,162646
UpdateRouteReq,57127
UpdateRouteReq,149153
FindNodeRsp,96996
FindNodeReq,151301
FindNodeRsp,102072
FindNodeReq,314020
FindNodeRsp,78332
FindNodeReq,161770
FindNodeReq,153738
FindNodeReq,156725
FindNodeRsp,98673
FindNodeReq,177843
FindNodeReq,157136
FindNodeRsp,89611
FindNodeReq,147670
FindNodeReq,300124
FindNodeReq,149363
FindNodeRsp,122051
FindNodeReq,152619
FindNodeRsp,96805
FindNodeReq,154656
FindNodeRsp,107950
FindNodeReq,303477
FindNodeRsp,110129
PNHello,118876
PNDiscRsp,99803
FindNodeReq,160978
FindNodeRsp,87730
FindNodeReq,232043
FindNodeReq,187836
FindNodeRsp,55591
FindNodeRsp,84080
FindNodeRsp,94007
FindNodeReq,221961
FindNodeReq,150042
FindNodeReq,158145
FindNodeRsp,137841
FindNodeReq,155455
FindNodeRsp,87270
FindNodeReq,152814
FindNodeReq,149792
FindNodeReq,197028
FindNodeRsp,78198
FindNodeReq,158786
FindNodeRsp,93349
FindNodeReq,155835
FindNodeReq,153542
FindNodeRsp,88390
FindNodeRsp,109490
FindNodeReq,235999
FindNodeReq,148997
FindNodeRsp,98970
FindNodeReq,156097
FindNodeRsp,96202
FindNodeReq,196221
FindNodeRsp,130519
FindNodeRsp,92264
FindNodeRsp,92768
FindNodeReq,195086
FindNodeReq,148957
FindNodeReq,148531
FindNodeRsp,87138
FindNodeRsp,108639
FindNodeReq,161731
FindNodeReq,195054
UpdateRouteReq,59726
UpdateRouteReq,57753
UpdateRouteReq,58157
UpdateRouteReq,52919
PathTeardownReq,43819
FindNodeReq,85858
FindNodeRsp,65846
UpdateRouteReq,52468
PathSetupReq,42735
FindNodeRsp,89198
UpdateRouteReq,167169
FindNodeRsp,84838
FindNodeRsp,84817
FindNodeReq,148484
FindNodeReq,160464
UpdateRouteReq,56613
FindNodeRsp,84434
FindNodeRsp,79111
FindNodeReq,162118
FindNodeReq,147997
FindNodeRsp,92678
FindNodeReq,156116
FindNodeRsp,74834
FindNodeReq,133359
FindNodeReq,149108
FindNodeRsp,88789
FindNodeReq,164492
UpdateRouteReq,58171
UpdateRouteReq,61263
UpdateRouteReq,63907
UpdateRouteReq,66107
PathTeardownReq,71062
FindNodeReq,156429
FindNodeRsp,89577
FindNodeReq,148689
FindNodeReq,156156
FindNodeRsp,106152
FindNodeRsp,75909
FindNodeReq,163009
FindNodeRsp,71844
FindNodeReq,110928
FindNodeRsp,90002
FindNodeReq,148245
FindNodeRsp,104270
UpdateRouteReq,93992
PathSetupReq,55367
FindNodeRsp,86375
PathSetupReq,123196
PathSetupReq,59495
UpdateRouteReq,102287
FindNodeReq,164222
UpdateRouteReq,94360
PathSetupReq,85150
FindNodeRsp,84150
UpdateRouteReq,88877
UpdateRouteReq,53492
UpdateRouteReq,61887
UpdateRouteReq,84978
PathTeardownReq,67327
FindNodeRsp,111010
UpdateRouteReq,61528
PathSetupReq,70277
FindNodeReq,181378
UpdateRouteReq,79624
FindNodeRsp,87851
UpdateRouteReq,90310
UpdateRouteReq,61784
UpdateRouteReq,63941
FindNodeRsp,85990
UpdateRouteReq,61293
UpdateRouteReq,87579
UpdateRouteReq,54580
UpdateRouteReq,55181
PathTeardownReq,92836
FindNodeRsp,85872
UpdateRouteReq,57103
PathSetupReq,44567
FindNodeReq,159467
PathSetupReq,78369
UpdateRouteReq,76238
FindNodeReq,120218
FindNodeReq,155288
FindNodeRsp,87158
FindNodeReq,155561
FindNodeReq,157284
FindNodeRsp,87480
FindNodeReq,151352
FindNodeRsp,94134
UpdateRouteReq,91573
UpdateRouteReq,86314
FindNodeReq,152200
FindNodeRsp,89406
UpdateRouteReq,83103
UpdateRouteReq,78408
PathTeardownReq,49842
FindNodeRsp,93242
UpdateRouteReq,58103
PathSetupReq,42893
FindNodeReq,157617
FindNodeReq,152136
FindNodeRsp,75939
FindNodeReq,158929
FindNodeRsp,92262
FindNodeReq,164824
UpdateRouteReq,82770
UpdateRouteReq,86874
UpdateRouteReq,85407
UpdateRouteReq,76522
FindNodeReq,149183
FindNodeRsp,92596
FindNodeRsp,96175
FindNodeRsp,86126
UpdateRouteReq,79640
UpdateRouteReq,67562
UpdateRouteReq,83786
UpdateRouteReq,78638
PathTeardownReq,71159
FindNodeReq,159317
FindNodeRsp,104836
FindNodeRsp,75067
UpdateRouteReq,71079
UpdateRouteReq,60179
PathSetupReq,60334
UpdateRouteReq,101216
FindNodeReq,147573
FindNodeReq,163859
FindNodeReq,151548
FindNodeRsp,93973
FindNodeReq,156926
FindNodeRsp,99151
FindNodeReq,152852
FindNodeRsp,104720
FindNodeRsp,88944
FindNodeRsp,100582
FindNodeRsp,92118
FindNodeRsp,88603
FindNodeReq,155516
FindNodeRsp,90527
FindNodeReq,152263
FindNodeRsp,97247
FindNodeRsp,99545
FindNodeRsp,83159
FindNodeRsp,98122
FindNodeRsp,77762
PNDiscReq,184546
FindNodeRsp,87638
FindNodeRsp,109272
FindNodeReq,156391
FindNodeReq,151427
FindNodeRsp,107423
FindNodeReq,153058
FindNodeRsp,74230
FindNodeRsp,90220
FindNodeReq,172300
FindNodeReq,151843
FindNodeRsp,97486
FindNodeReq,149160
FindNodeRsp,75818
FindNodeRsp,93988
FindNodeRsp,81974
FindNodeReq,150461
FindNodeRsp,105452
FindNodeReq,152612
FindNodeRsp,89074
FindNodeRsp,77151
FindNodeReq,153845
FindNodeRsp,108910
FindNodeRsp,82948
FindNodeReq,148799
FindNodeRsp,95390
FindNodeReq,156649
FindNodeRsp,131070
FindNodeReq,150296
FindNodeRsp,93195
Error,77158
Error,150888
Error,160687
Error,159654
Error,156440
Error,75834
Error,39346
Error,162004
Error,159345
Error,160566
Error,158768
Error,76546
FindNodeRsp,82093
PNHello,124838
PNDiscRsp,54109
FindNodeReq,144888
FindNodeRsp,86698
FindNodeReq,154041
Error,38643
Error,52511
Error,158120
Error,214255
FindNodeReq,248327
Error,121963
Error,98663
Error,55635
Error,42355
FindNodeRsp,97718
FindNodeReq,154610
FindNodeReq,156709
FindNodeRsp,79910
FindNodeReq,153455
FindNodeReq,152835
PathSetupReq,60593
FindNodeRsp,80924
Error,38596
Error,31301
Error,111226
Error,84558
Error,89234
Error,86118
Error,48640
Error,36415
FindNodeRsp,77132
FindNodeRsp,95238
FindNodeReq,145070
PathSetupReq,116750
PathSetupReq,54468
FindNodeRsp,82683
PathSetupReq,77593
FindNodeReq,153270
FindNodeRsp,77869
FindNodeRsp,82438
FindNodeReq,145866
FindNodeReq,151755
FindNodeRsp,94838
FindNodeRsp,87364
FindNodeRsp,84302
PathSetupReq,77995
FindNodeReq,149619
FindNodeRsp,103614
FindNodeRsp,85622
FindNodeReq,155887
FindNodeRsp,86668
FindNodeReq,149286
FindNodeReq,154062
FindNodeReq,149841
FindNodeRsp,89844
FindNodeReq,152417
FindNodeRsp,95003
FindNodeRsp,90191
FindNodeReq,149229
FindNodeReq,153200
FindNodeRsp,79980
FindNodeRsp,104238
FindNodeReq,154361
FindNodeRsp,88942
FindNodeRsp,78966
FindNodeRsp,95477
FindNodeReq,153444
FindNodeRsp,91580
FindNodeRsp,104513
FindNodeReq,153584
FindNodeRsp,80706
FindNodeReq,151166
FindNodeReq,149598
FindNodeRsp,85525
FindNodeReq,151317
FindNodeRsp,87277
FindNodeRsp,104762
FindNodeRsp,95683
FindNodeRsp,84625
FindNodeReq,150716
FindNodeRsp,83162
FindNodeRsp,98254
FindNodeReq,152973
FindNodeRsp,92886
FindNodeRsp,79450
FindNodeRsp,71818
FindNodeReq,156345
FindNodeRsp,84489
FindNodeReq,151456
FindNodeRsp,78663
FindNodeRsp,90574
FindNodeReq,171232
FindNodeRsp,86405
FindNodeReq,151820
FindNodeRsp,91458
FindNodeReq,155986
FindNodeRsp,87983
FindNodeReq,150637
FindNodeRsp,102973
FindNodeRsp,89810
FindNodeReq,154298
FindNodeRsp,107640
FindNodeRsp,105788
FindNodeRsp,76421
FindNodeRsp,79632
FindNodeRsp,90439
FindNodeReq,147720
FindNodeRsp,103898
FindNodeReq,153157
FindNodeRsp,86313
FindNodeReq,148439
FindNodeReq,153496
FindNodeRsp,103758
FindNodeRsp,97222
FindNodeReq,152552
FindNodeReq,152551
FindNodeRsp,87214
FindNodeRsp,106515
FindNodeReq,156535
FindNodeRsp,75850
FindNodeReq,180418
FindNodeReq,158207
FindNodeRsp,92381
FindNodeRsp,83958
PathSetupReq,83872
FindNodeRsp,124150
FindNodeReq,148269
FindNodeRsp,85113
PathSetupReq,123410
PathSetupReq,54803
FindNodeRsp,77894
PathSetupReq,60359
FindNodeRsp,81479
FindNodeReq,159253
FindNodeRsp,91830
FindNodeReq,162958
FindNodeReq,156501
FindNodeRsp,105397
PNDiscReq,131309
FindNodeReq,159757
FindNodeRsp,81491
FindNodeReq,158649
FindNodeRsp,76738
PathSetupReq,76738
FindNodeReq,156661
FindNodeRsp,87450
FindNodeReq,183317
FindNodeReq,157471
FindNodeRsp,104811
FindNodeRsp,109022
FindNodeReq,154487
FindNodeReq,162164
FindNodeRsp,98817
UpdateRouteReq,207800
UpdateRouteReq,78907
UpdateRouteReq,70327
UpdateRouteReq,85882
PathTeardownReq,80380
FindNodeReq,136757
FindNodeRsp,77054
UpdateRouteReq,58027
PathSetupReq,43411
FindNodeReq,144291
FindNodeReq,135639
FindNodeRsp,80566
FindNodeReq,146686
FindNodeReq,146570
FindNodeRsp,98038
FindNodeReq,147628
UpdateRouteReq,204523
UpdateRouteReq,81787
UpdateRouteReq,66513
UpdateRouteReq,78117
FindNodeRsp,80297
FindNodeRsp,100501
FindNodeReq,154644
FindNodeRsp,101218
FindNodeReq,135804
FindNodeRsp,97630
UpdateRouteReq,172128
UpdateRouteReq,77731
PathTeardownReq,53027
FindNodeReq,156027
FindNodeRsp,81707
FindNodeReq,148699
FindNodeRsp,74059
UpdateRouteReq,59459
PathSetupReq,42709
FindNodeReq,143215
FindNodeReq,155698
FindNodeReq,139713
FindNodeRsp,88536
FindNodeReq,139437
FindNodeReq,145417
UpdateRouteReq,77251
UpdateRouteReq,210748
UpdateRouteReq,54930
FindNodeReq,135929
FindNodeRsp,87168
UpdateRouteReq,176602
FindNodeRsp,81838
PNHello,120718
PNDiscRsp,55840
FindNodeRsp,93651
FindNodeReq,135419
FindNodeRsp,108080
FindNodeReq,154173
FindNodeRsp,90398
FindNodeRsp,100553
FindNodeReq,146341
FindNodeRsp,92218
FindNodeReq,148300
FindNodeReq,107477
FindNodeReq,156796
FindNodeRsp,84907
FindNodeRsp,78358
FindNodeReq,155536
FindNodeRsp,90782
FindNodeRsp,76615
FindNodeReq,163441
FindNodeRsp,104690
FindNodeRsp,89278
FindNodeReq,161660
FindNodeReq,157528
FindNodeRsp,101337
FindNodeRsp,72699
FindNodeReq,155182
FindNodeRsp,104622
FindNodeReq,158373
FindNodeRsp,84377
FindNodeReq,159936
FindNodeReq,154081
FindNodeRsp,94510
FindNodeRsp,85734
FindNodeReq,158797
FindNodeRsp,89370
FindNodeRsp,80744
FindNodeRsp,80359
FindNodeRsp,81407
FindNodeReq,150857
FindNodeReq,164469
FindNodeRsp,89300
FindNodeRsp,111133
FindNodeRsp,93290
FindNodeReq,160391
FindNodeRsp,102724
FindNodeReq,154338
FindNodeRsp,94023
FindNodeRsp,84126
FindNodeReq,147809
FindNodeReq,161924
FindNodeReq,156257
FindNodeRsp,111374
FindNodeReq,148956
FindNodeRsp,96460
FindNodeReq,153921
FindNodeRsp,66143
FindNodeReq,152030
PathSetupReq,79656
FindNodeRsp,119654
FindNodeReq,159416
FindNodeReq,165852
FindNodeRsp,87204
PathSetupReq,122461
PathSetupReq,54723
FindNodeRsp,93777
PathSetupReq,60218
FindNodeRsp,76649
FindNodeReq,152110
FindNodeRsp,87770
FindNodeRsp,83540
FindNodeRsp,115331
FindNodeRsp,79290
PathSetupReq,75219
FindNodeReq,155197
FindNodeReq,163289
FindNodeRsp,94218
FindNodeRsp,96384
FindNodeRsp,93409
FindNodeRsp,94218
FindNodeReq,146907
FindNodeRsp,96802
FindNodeReq,160309
FindNodeRsp,82438
FindNodeRsp,80848
FindNodeRsp,92594
FindNodeRsp,80690
FindNodeRsp,79984
FindNodeReq,150041
FindNodeReq,122609
FindNodeRsp,66398
FindNodeReq,158585
FindNodeRsp,100478
FindNodeRsp,104973
FindNodeReq,154782
FindNodeRsp,67830
FindNodeReq,161855
FindNodeReq,159155
FindNodeRsp,67826
FindNodeReq,152353
FindNodeRsp,76158
FindNodeReq,155160
FindNodeRsp,90858
FindNodeRsp,91998
FindNodeRsp,94642
FindNodeRsp,92638
FindNodeRsp,105094
FindNodeReq,159350
FindNodeRsp,90016
FindNodeRsp,79689
FindNodeReq,162833
FindNodeReq,93286
FindNodeRsp,84159
FindNodeReq,173545
FindNodeRsp,75990
PNDiscReq,129613
FindNodeRsp,74873
FindNodeRsp,97752
FindNodeReq,160778
FindNodeReq,153824
FindNodeRsp,69998
FindNodeRsp,89626
FindNodeRsp,80838
FindNodeReq,110879
FindNodeReq,159600
FindNodeReq,144165
FindNodeRsp,72557
FindNodeRsp,89263
FindNodeRsp,85438
FindNodeRsp,110838
FindNodeReq,199205
FindNodeReq,98190
FindNodeRsp,107461
FindNodeReq,160113
FindNodeRsp,38242
FindNodeRsp,84617
FindNodeRsp,97678
FindNodeRsp,76786
FindNodeRsp,75522
FindNodeReq,155302
FindNodeReq,105689
FindNodeRsp,91140
FindNodeReq,119904
FindNodeRsp,105923
PNHello,141059
PNDiscRsp,56499
FindNodeRsp,102260
FindNodeRsp,87103
FindNodeRsp,89907
FindNodeReq,101380
FindNodeReq,143281
FindNodeRsp,70246
FindNodeReq,161880
PathSetupReq,79835
FindNodeRsp,92481
FindNodeRsp,81360
PathSetupReq,123172
PathSetupReq,54660
FindNodeReq,159918
PathSetupReq,78789
FindNodeRsp,90363
FindNodeRsp,83965
FindNodeReq,93902
FindNodeRsp,110142
FindNodeReq,199304
FindNodeReq,158619
FindNodeRsp,82518
FindNodeReq,157937
FindNodeRsp,99498
FindNodeRsp,103946
PathSetupReq,77238
FindNodeReq,155345
FindNodeRsp,95062
FindNodeReq,160802
FindNodeReq,165513
FindNodeRsp,96432
FindNodeRsp,87166
FindNodeRsp,85945
FindNodeReq,163397
FindNodeReq,150927
FindNodeRsp,102805
FindNodeRsp,81230
FindNodeReq,99038
FindNodeRsp,86178
FindNodeReq,161877
FindNodeRsp,88491
FindNodeRsp,82114
FindNodeRsp,104528
FindNodeReq,184590
FindNodeReq,157397
FindNodeRsp,101098
FindNodeRsp,95198
UpdateRouteReq,175687
UpdateRouteReq,50666
UpdateRouteReq,57726
UpdateRouteReq,58007
PathTeardownReq,48499
FindNodeRsp,86585
UpdateRouteReq,59175
UpdateRouteReq,51764
PathSetupReq,40704
FindNodeReq,147692
FindNodeReq,155695
FindNodeRsp,89072
FindNodeReq,184043
FindNodeRsp,75648
FindNodeRsp,85938
FindNodeRsp,81804
FindNodeRsp,80099
FindNodeRsp,107400
FindNodeReq,156388
FindNodeRsp,85255
FindNodeRsp,85890
FindNodeReq,95004
FindNodeRsp,105145
FindNodeRsp,84262
FindNodeRsp,80272
FindNodeRsp,107139
FindNodeReq,154279
FindNodeRsp,93625
UpdateRouteReq,59725
FindNodeReq,160736
FindNodeRsp,81338
FindNodeReq,155113
UpdateRouteReq,61239
FindNodeRsp,105512
FindNodeReq,160004
FindNodeReq,158475
FindNodeRsp,86462
FindNodeRsp,105770
FindNodeRsp,75221
FindNodeReq,157082
FindNodeReq,179165
FindNodeRsp,95114
FindNodeReq,160489
FindNodeRsp,89450
FindNodeReq,155392
FindNodeRsp,97502
FindNodeReq,180163
FindNodeRsp,83664
UpdateRouteReq,169439
UpdateRouteReq,57488
PathTeardownReq,43491
FindNodeRsp,82227
FindNodeRsp,71514
FindNodeRsp,103848
FindNodeRsp,115754
UpdateRouteReq,57551
PathSetupReq,44595
UpdateRouteReq,54441
UpdateRouteReq,57471
FindNodeReq,150268
FindNodeReq,161287
FindNodeRsp,86143
FindNodeReq,149792
FindNodeReq,183002
FindNodeRsp,88542
FindNodeRsp,84674
FindNodeRsp,95814
FindNodeRsp,93178
FindNodeRsp,101565
FindNodeRsp,88599
PathSetupReq,62718
FindNodeReq,156932
FindNodeRsp,81809
FindNodeReq,158332
FindNodeRsp,97013
PathSetupReq,119888
PathSetupReq,56021
PathSetupReq,79626
FindNodeRsp,98906
FindNodeRsp,81658
FindNodeReq,162576
FindNodeRsp,105202
FindNodeReq,160576
PNDiscReq,132328
FindNodeRsp,104098
FindNodeRsp,91027
FindNodeRsp,80015
PathSetupReq,59019
FindNodeReq,154925
PNDiscReq,66566
FindNodeRsp,65759
PNHello,210136
PNDiscRsp,97151
UpdateRouteReq,65210
QueryRouteRsp,121921
QueryRouteReq,187788
UpdateRouteReq,121759
QueryRouteReq,195451
UpdateRouteReq,172541
QueryRouteRsp,100748
PathSetupReq,109418
PathSetupReq,57095
QueryRouteReq,179405
QueryRouteRsp,168882
UpdateRouteReq,179183
UpdateRouteReq,125415
UpdateRouteReq,51674
UpdateRouteReq,47003
UpdateRouteReq,53419
FindNodeReq,165784
FindNodeReq,171027
PNDiscReq,233449
FindNodeRsp,111876
PNHello,126307
PNDiscRsp,66865
UpdateRouteReq,416984
UpdateRouteReq,508207
UpdateRouteReq,557742
UpdateRouteReq,47678
UpdateRouteReq,80660
QueryRouteReq,243887
UpdateRouteReq,164080
UpdateRouteReq,61539
QueryRouteRsp,131589
PathSetupReq,63734
FindNodeRsp,133426
FindNodeReq,201228
FindNodeRsp,128952
PNDiscReq,135604
FindNodeReq,179849
FindNodeRsp,127166
PNHello,203055
PNDiscRsp,71073
FindNodeRsp,122584
FindNodeReq,224985
FindNodeRsp,141909
FindNodeRsp,125323
PNDiscReq,243735
FindNodeRsp,120048
FindNodeRsp,133043
FindNodeRsp,137924
FindNodeRsp,143751
PNHello,124194
PNDiscRsp,68370
FindNodeRsp,178831
FindNodeReq,178510
FindNodeRsp,127501
FindNodeReq,179071
FindNodeReq,206643
FindNodeRsp,111409
FindNodeReq,172390
FindNodeReq,176800
FindNodeRsp,138133
FindNodeRsp,130484
FindNodeRsp,135797
FindNodeRsp,127889
PNDiscReq,131659
FindNodeRsp,117774
FindNodeRsp,133061
FindNodeRsp,135926
FindNodeRsp,122450
FindNodeRsp,127396
FindNodeReq,176272
FindNodeRsp,138997
PNHello,124084
PNDiscRsp,66974
FindNodeRsp,128228
FindNodeRsp,128566
FindNodeRsp,128901
FindNodeReq,176212
FindNodeReq,252882
FindNodeRsp,141676
FindNodeReq,178937
FindNodeRsp,136033
FindNodeRsp,123021
FindNodeReq,170229
FindNodeRsp,130270
FindNodeRsp,136157
FindNodeReq,173160
FindNodeReq,179333
FindNodeRsp,127070
FindNodeReq,178287
FindNodeRsp,136817
FindNodeReq,177851
FindNodeRsp,126525
FindNodeRsp,128267
FindNodeReq,176298
FindNodeRsp,135054
FindNodeRsp,132070
FindNodeReq,174760
PNDiscReq,129829
FindNodeRsp,140010
FindNodeRsp,144771
FindNodeReq,175109
FindNodeReq,173580
FindNodeRsp,126757
FindNodeRsp,143019
FindNodeRsp,127349
FindNodeRsp,134289
FindNodeReq,170749
FindNodeRsp,125422
FindNodeRsp,130449
FindNodeReq,172872
FindNodeRsp,120257
FindNodeRsp,170815
PathSetupReq,83467
FindNodeRsp,134449
FindNodeRsp,138793
FindNodeRsp,135054
PathSetupReq,82039
PathSetupReq,56339
FindNodeRsp,139606
FindNodeReq,172833
PathSetupReq,81802
FindNodeRsp,147112
FindNodeRsp,112662
PathSetupReq,106909
PathSetupReq,74627
PathSetupReq,76775
FindNodeReq,130159
PathSetupReq,56771
FindNodeReq,136890
PathSetupReq,122732
PNHello,125093
PNDiscRsp,69044
FindNodeRsp,150480
FindNodeRsp,126721
FindNodeRsp,128537
FindNodeRsp,142315
FindNodeRsp,123837
FindNodeRsp,125609
FindNodeRsp,124812
FindNodeRsp,134226
FindNodeRsp,135969
FindNodeRsp,124181
FindNodeRsp,141988
FindNodeRsp,133227
FindNodeRsp,128045
FindNodeRsp,115572
FindNodeReq,128566
FindNodeRsp,112957
FindNodeRsp,134895
FindNodeRsp,142879
FindNodeReq,163869
FindNodeReq,173676
FindNodeReq,176856
FindNodeRsp,123362
FindNodeReq,178124
FindNodeRsp,131487
FindNodeReq,179366
FindNodeRsp,123377
FindNodeRsp,126141
FindNodeRsp,131202
FindNodeRsp,139053
FindNodeRsp,134677
FindNodeReq,177464
FindNodeRsp,133027
PNDiscReq,135385
FindNodeRsp,154125
FindNodeReq,178050
FindNodeReq,177576
FindNodeRsp,141163
FindNodeRsp,124415
FindNodeRsp,135791
FindNodeReq,177799
FindNodeReq,129727
FindNodeReq,138277
FindNodeRsp,128953
FindNodeRsp,111729
FindNodeReq,174597
FindNodeRsp,123933
FindNodeReq,176526
FindNodeRsp,125851
FindNodeReq,175536
FindNodeRsp,133975
FindNodeRsp,128609
FindNodeReq,179560
FindNodeReq,254888
FindNodeRsp,126013
FindNodeRsp,128777
FindNodeReq,175652
FindNodeRsp,141572
FindNodeRsp,140453
FindNodeReq,111739
FindNodeRsp,117255
FindNodeRsp,127532
FindNodeRsp,129357
FindNodeRsp,145285
FindNodeReq,177548
FindNodeRsp,140857
FindNodeReq,169918
FindNodeRsp,118785
FindNodeRsp,140102
FindNodeRsp,126630
FindNodeReq,173433
FindNodeRsp,130105
FindNodeReq,181072
FindNodeRsp,133853
FindNodeRsp,126386
FindNodeReq,176341
FindNodeRsp,156248
PathSetupReq,85705
FindNodeRsp,142378
FindNodeRsp,124334
FindNodeReq,174540
FindNodeRsp,130332
PathSetupReq,175011
PathSetupReq,96713
FindNodeRsp,139042
PathSetupReq,83423
FindNodeRsp,153904
FindNodeRsp,139495
PathSetupReq,79562
FindNodeRsp,124793
PathSetupReq,74315
PathSetupReq,81766
PathSetupReq,65107
FindNodeReq,178325
FindNodeReq,173784
PathSetupReq,62083
FindNodeReq,176735
FindNodeRsp,122183
FindNodeReq,175808
FindNodeReq,171712
FindNodeRsp,146092
PNHello,123478
PNDiscRsp,67111
FindNodeRsp,120573
FindNodeReq,179828
FindNodeRsp,120244
FindNodeRsp,124733
FindNodeRsp,142481
FindNodeRsp,136626
FindNodeReq,177625
FindNodeRsp,136814
FindNodeRsp,171589
FindNodeRsp,121218
FindNodeRsp,121745
FindNodeReq,178296
FindNodeRsp,125932
FindNodeReq,172085
FindNodeRsp,131539
FindNodeRsp,109694
FindNodeReq,177976
FindNodeReq,178080
FindNodeRsp,125277
FindNodeRsp,132422
FindNodeRsp,119251
FindNodeRsp,134743
FindNodeRsp,131221
FindNodeReq,170975
FindNodeRsp,116602
FindNodeRsp,128242
FindNodeRsp,135950
FindNodeRsp,127802
FindNodeReq,179880
FindNodeRsp,123589
FindNodeRsp,137085
FindNodeRsp,142602
FindNodeReq,178269
FindNodeRsp,152626
FindNodeRsp,130207
FindNodeReq,175020
FindNodeReq,175258
FindNodeRsp,124105
FindNodeRsp,128277
FindNodeRsp,142069
FindNodeRsp,148853
FindNodeRsp,127026
FindNodeRsp,144968
FindNodeRsp,134037
FindNodeReq,177706
FindNodeRsp,136699
FindNodeRsp,133578
FindNodeRsp,130401
FindNodeReq,179120
FindNodeRsp,110112
FindNodeRsp,128793
FindNodeRsp,130125
FindNodeRsp,145721
FindNodeReq,175940
FindNodeReq,177156
FindNodeRsp,129058
FindNodeRsp,114338
FindNodeReq,180392
FindNodeRsp,136847
FindNodeRsp,129141
FindNodeRsp,134776
FindNodeRsp,142821
FindNodeRsp,136718
FindNodeRsp,139001
PathSetupReq,43474
FindNodeRsp,55849
FindNodeReq,116335
FindNodeReq,82025
FindNodeRsp,56997
PathSetupReq,37364
PathSetupReq,30709
FindNodeRsp,57297
PNDiscReq,132610
FindNodeReq,111923
FindNodeRsp,61522
PathSetupReq,30486
FindNodeRsp,135950
FindNodeRsp,135173
PathSetupReq,28983
PathSetupReq,34830
PathSetupReq,39101
FindNodeRsp,105701
PathSetupReq,38949
FindNodeReq,87319
FindNodeReq,127388
PathSetupReq,49366
FindNodeRsp,87706
FindNodeRsp,146639
FindNodeReq,175978
FindNodeRsp,138309
FindNodeRsp,139550
FindNodeRsp,118001
FindNodeRsp,140989
FindNodeRsp,143970
FindNodeRsp,135182
FindNodeRsp,137411
FindNodeRsp,135523
FindNodeReq,171523
FindNodeReq,176805
FindNodeRsp,135456
FindNodeRsp,142861
FindNodeRsp,170841
FindNodeRsp,136097
FindNodeReq,198210
FindNodeReq,218930
FindNodeRsp,140588
FindNodeRsp,111444
FindNodeRsp,119933
FindNodeReq,175253
FindNodeReq,175596
PNHello,124644
PNDiscRsp,67130
FindNodeRsp,133813
FindNodeRsp,140885
FindNodeRsp,123152
FindNodeRsp,140757
FindNodeRsp,114732
FindNodeRsp,136883
FindNodeRsp,137682
FindNodeRsp,132987
FindNodeRsp,143011
FindNodeReq,177028
FindNodeReq,175956
FindNodeRsp,140648
FindNodeRsp,119678
FindNodeRsp,119366
FindNodeReq,168885
FindNodeRsp,137377
FindNodeRsp,137442
FindNodeRsp,114121
PathSetupReq,66503
FindNodeRsp,140557
FindNodeReq,180731
FindNodeRsp,135646
PathSetupReq,84029
FindNodeRsp,129370
FindNodeRsp,137161
PathSetupReq,77624
PathSetupReq,76906
PathSetupReq,95787
PathSetupReq,139332
FindNodeReq,126722
FindNodeRsp,145784
FindNodeReq,177660
FindNodeRsp,131558
FindNodeRsp,125490
FindNodeRsp,115843
FindNodeReq,179296
FindNodeRsp,159185
FindNodeRsp,146864
FindNodeReq,177777
FindNodeRsp,138190
FindNodeRsp,140541
FindNodeRsp,115534
FindNodeRsp,103917
FindNodeReq,176141
FindNodeRsp,137968
FindNodeRsp,137402
FindNodeReq,180533
FindNodeReq,179292
FindNodeReq,173067
FindNodeReq,176216
FindNodeRsp,123997
FindNodeRsp,125446
FindNodeRsp,139557
FindNodeRsp,145244
FindNodeRsp,142804
FindNodeRsp,135125
PNDiscReq,131806
FindNodeRsp,140723
FindNodeRsp,151357
FindNodeReq,178127
FindNodeReq,178152
FindNodeRsp,132475
FindNodeRsp,137197
FindNodeRsp,143789
FindNodeRsp,129577
FindNodeReq,179622
FindNodeRsp,143912
FindNodeRsp,132121
FindNodeRsp,158421
FindNodeRsp,140037
FindNodeReq,177152
FindNodeReq,177697
FindNodeRsp,134713
FindNodeReq,169016
FindNodeRsp,141737
FindNodeRsp,146676
FindNodeRsp,127031
FindNodeReq,178800
FindNodeReq,179921
PathSetupReq,67105
FindNodeReq,175364
FindNodeRsp,135432
PathSetupReq,65434
FindNodeRsp,125721
PathSetupReq,77974
PathSetupReq,75126
PathSetupReq,83554
PathSetupReq,139344
FindNodeReq,180365
PNHello,125505
PNDiscRsp,69211
FindNodeRsp,132430
FindNodeRsp,122497
FindNodeReq,200183
FindNodeRsp,134469
FindNodeReq,168917
FindNodeRsp,144356
FindNodeRsp,143859
FindNodeRsp,116454
FindNodeReq,178429
FindNodeRsp,165612
FindNodeRsp,130157
FindNodeRsp,125547
FindNodeRsp,137357
FindNodeRsp,131457
FindNodeReq,170058
FindNodeReq,172025
FindNodeRsp,130477
FindNodeRsp,129142
FindNodeRsp,126007
FindNodeReq,170253
FindNodeRsp,130439
FindNodeRsp,111136
FindNodeReq,164620
FindNodeReq,167024
FindNodeRsp,121672
FindNodeRsp,101705
FindNodeReq,171376
FindNodeReq,171305
FindNodeRsp,126642
FindNodeRsp,135942
FindNodeRsp,128523
FindNodeReq,171002
FindNodeRsp,136300
FindNodeRsp,148438
FindNodeRsp,70486
FindNodeRsp,126361
FindNodeRsp,155132
FindNodeReq,154679
FindNodeRsp,134259
FindNodeRsp,126035
FindNodeReq,168036
FindNodeRsp,126243
FindNodeRsp,143813
FindNodeReq,162417
FindNodeReq,161738
FindNodeReq,157880
FindNodeReq,119717
FindNodeRsp,124625
FindNodeReq,158416
FindNodeRsp,116564
FindNodeRsp,125988
FindNodeReq,162887
FindNodeRsp,125487
FindNodeRsp,122366
FindNodeRsp,157459
PathSetupReq,88242
FindNodeRsp,73646
PNDiscReq,126208
FindNodeRsp,126802
PathSetupReq,95967
FindNodeRsp,123980
FindNodeRsp,100254
PathSetupReq,74493
FindNodeReq,163605
PathSetupReq,71308
PathSetupReq,76971
PathSetupReq,134303
FindNodeReq,161301
FindNodeReq,163060
FindNodeRsp,123444
FindNodeRsp,72759
FindNodeReq,156184
FindNodeReq,161997
FindNodeReq,156465
FindNodeReq,175804
FindNodeRsp,124077
FindNodeReq,162061
FindNodeRsp,126624
FindNodeRsp,127398
FindNodeReq,167622
FindNodeRsp,128096
FindNodeRsp,121993
FindNodeRsp,153087
FindNodeRsp,102325
FindNodeReq,140967
UpdateRouteReq,130192
UpdateRouteReq,82236
FindNodeReq,180176
FindNodeRsp,116782
FindNodeRsp,90230
FindNodeRsp,91751
FindNodeReq,177360
UpdateRouteReq,193596
FindNodeRsp,112150
UpdateRouteReq,114851
UpdateRouteReq,133265
FindNodeRsp,127062
UpdateRouteReq,90953
UpdateRouteReq,81344
Error,159808
Error,56344
UpdateRouteReq,77663
FindNodeRsp,104892
UpdateRouteReq,118091
UpdateRouteReq,185704
UpdateRouteReq,155270
UpdateRouteReq,49159
FindNodeRsp,94158
UpdateRouteReq,70723
FindNodeReq,187068
FindNodeRsp,73190
FindNodeRsp,73891
UpdateRouteReq,265153
UpdateRouteReq,363342
UpdateRouteReq,80606
UpdateRouteReq,228388
UpdateRouteReq,178346
UpdateRouteReq,83753
UpdateRouteReq,76787
UpdateRouteReq,149021
UpdateRouteReq,75052
FindNodeReq,183987
PathTeardownReq,189704
UpdateRouteReq,181938
UpdateRouteReq,77768
UpdateRouteReq,83330
PathTeardownReq,64217
UpdateRouteReq,107892
PathSetupReq,109363
UpdateRouteReq,76013
UpdateRouteReq,74166
PathSetupReq,60241
UpdateRouteReq,78953
Error,209014
UpdateRouteReq,202673
UpdateRouteReq,156324
Error,210215
UpdateRouteReq,222752
UpdateRouteReq,161011
PathTeardownReq,147936
UpdateRouteReq,82278
UpdateRouteReq,158477
UpdateRouteReq,97309
UpdateRouteReq,80920
PathTeardownReq,121191
Error,274538
UpdateRouteReq,81132
UpdateRouteReq,77673
UpdateRouteReq,83730
UpdateRouteReq,73500
PathSetupReq,61909
Error,150046
UpdateRouteReq,78649
PathSetupReq,65698
UpdateRouteReq,78808
UpdateRouteReq,80042
UpdateRouteReq,82105
UpdateRouteReq,78250
UpdateRouteReq,140688
UpdateRouteReq,72579
Error,150553
UpdateRouteReq,88956
UpdateRouteReq,86890
Error,162285
UpdateRouteReq,80263
UpdateRouteReq,78775
UpdateRouteReq,72182
Error,166461
UpdateRouteReq,87048
UpdateRouteReq,75013
UpdateRouteReq,80984
UpdateRouteReq,67358
Error,174421
UpdateRouteReq,82258
UpdateRouteReq,79801
UpdateRouteReq,78215
UpdateRouteReq,72240
UpdateRouteReq,74206
Error,95577
UpdateRouteReq,145887
UpdateRouteReq,135025
UpdateRouteReq,149754
UpdateRouteReq,91630
UpdateRouteReq,84240
UpdateRouteReq,65804
Error,87305
UpdateRouteReq,68172
UpdateRouteReq,70122
UpdateRouteReq,61333
UpdateRouteReq,59250
UpdateRouteReq,68215
UpdateRouteReq,63180
UpdateRouteReq,56869
UpdateRouteReq,88148
UpdateRouteReq,82254
UpdateRouteReq,49225
UpdateRouteReq,49803
FindNodeReq,166024
UpdateRouteReq,123598
UpdateRouteReq,90632
UpdateRouteReq,73984
UpdateRouteReq,88263
FindNodeRsp,116312
UpdateRouteReq,79093
UpdateRouteReq,56970
PathTeardownReq,63382
UpdateRouteReq,88418
PathTeardownReq,41421
Error,179154
UpdateRouteReq,233075
UpdateRouteReq,176271
UpdateRouteReq,103812
UpdateRouteReq,92435
UpdateRouteReq,147601
UpdateRouteReq,149373
UpdateRouteReq,84923
UpdateRouteReq,109961
PathSetupReq,117404
UpdateRouteReq,78262
FindNodeReq,181880
UpdateRouteReq,193936
UpdateRouteReq,157284
PathSetupReq,155968
UpdateRouteReq,117606
UpdateRouteReq,134663
UpdateRouteReq,82796
UpdateRouteReq,126637
PathTeardownReq,124126
Error,214315
Error,297036
UpdateRouteReq,179572
PathSetupReq,180475
UpdateRouteReq,236060
UpdateRouteReq,77438
Error,163665
Error,131559
Error,177711
Error,150069
UpdateRouteReq,83582
Error,144601
UpdateRouteReq,85628
UpdateRouteReq,69107
Error,173493
UpdateRouteReq,78898
Error,143172
UpdateRouteReq,156141
Error,65987
UpdateRouteReq,77262
FindNodeReq,165538
UpdateRouteReq,69255
UpdateRouteReq,88154
UpdateRouteReq,158220
UpdateRouteReq,90485
UpdateRouteReq,96051
FindNodeReq,163404
FindNodeRsp,106858
UpdateRouteReq,142170
FindNodeReq,172704
UpdateRouteReq,70767
FindNodeRsp,102425
FindNodeRsp,88910
Error,67546
Error,91776
Error,87639
Error,138549
Error,146788
Error,138392
Error,140637
Error,59190
Error,57055
FindNodeReq,173879
UpdateRouteReq,67112
Error,60738
UpdateRouteReq,242319
Error,172200
Error,139723
Error,142945
Error,103884
Error,73582
Error,55111
Error,52228
Error,179568
Error,126897
Error,92009
Error,106527
Error,47848
Error,58146
UpdateRouteReq,65933
Error,61877
UpdateRouteReq,98490
UpdateRouteReq,169720
UpdateRouteReq,76302
Error,154089
Error,188884
UpdateRouteReq,93752
UpdateRouteReq,81011
Error,111424
Error,175990
Error,61833
UpdateRouteReq,105290
UpdateRouteReq,77497
UpdateRouteReq,84673
FindNodeRsp,110619
FindNodeReq,165096
FindNodeReq,174199
UpdateRouteReq,81819
UpdateRouteReq,111809
FindNodeReq,144853
FindNodeReq,163829
UpdateRouteReq,85007
FindNodeReq,146029
FindNodeRsp,92550
PNHello,103310
PNDiscRsp,58846
FindNodeRsp,70384
UpdateRouteReq,179082
PathTeardownReq,62646
Error,243678
UpdateRouteReq,291514
UpdateRouteReq,76758
UpdateRouteReq,84006
UpdateRouteReq,153498
Error,144237
FindNodeReq,141233
UpdateRouteReq,77960
UpdateRouteReq,73074
Error,132471
UpdateRouteReq,82865
PathSetupReq,145999
UpdateRouteReq,86762
UpdateRouteReq,140519
Error,185896
UpdateRouteReq,474770
UpdateRouteReq,221866
Error,361527
UpdateRouteReq,383445
FindNodeRsp,391539
UpdateRouteReq,407592
UpdateRouteReq,523262
UpdateRouteReq,572803
UpdateRouteReq,620202
Error,594750
UpdateRouteReq,274084
UpdateRouteReq,288714
UpdateRouteReq,84964
UpdateRouteReq,110922
PathTeardownReq,92518
UpdateRouteReq,81589
UpdateRouteReq,77130
FindNodeReq,267792
UpdateRouteReq,278898
UpdateRouteReq,291879
UpdateRouteReq,105056
UpdateRouteReq,114606
UpdateRouteReq,96694
PathSetupReq,98513
Error,136241
UpdateRouteReq,73573
UpdateRouteReq,61313
UpdateRouteReq,134057
UpdateRouteReq,213327
UpdateRouteReq,99298
Error,245099
UpdateRouteReq,186181
UpdateRouteReq,196875
Error,152964
UpdateRouteReq,109850
UpdateRouteReq,111121
UpdateRouteReq,66778
UpdateRouteReq,74380
UpdateRouteReq,120362
UpdateRouteReq,195812
UpdateRouteReq,142697
UpdateRouteReq,172764
UpdateRouteReq,256768
UpdateRouteReq,361785
UpdateRouteReq,75055
UpdateRouteReq,61970
UpdateRouteReq,87343
UpdateRouteReq,73404
Error,206341
UpdateRouteReq,101571
UpdateRouteReq,110122
FindNodeReq,121423
UpdateRouteReq,60867
UpdateRouteReq,72789
UpdateRouteReq,95486
Error,165360
Error,150563
Error,124564
UpdateRouteReq,73243
UpdateRouteReq,62928
UpdateRouteReq,180123
UpdateRouteReq,192729
UpdateRouteReq,61911
UpdateRouteReq,58877
UpdateRouteReq,52183
Error,179856
UpdateRouteReq,127224
UpdateRouteReq,177887
UpdateRouteReq,189198
Error,151590
UpdateRouteReq,160293
UpdateRouteReq,57663
Error,109462
Error,100907
UpdateRouteReq,65550
UpdateRouteReq,60842
UpdateRouteReq,91594
Error,131193
Error,167210
UpdateRouteReq,267212
UpdateRouteReq,268245
UpdateRouteReq,370442
Error,409957
Error,413057
UpdateRouteReq,415976
UpdateRouteReq,427116
UpdateRouteReq,152555
UpdateRouteReq,105767
Error,44804
UpdateRouteReq,47826
Error,48556
UpdateRouteReq,44087
Error,39435
Error,64617
UpdateRouteReq,71367
UpdateRouteReq,68318
Error,52441
Error,57027
UpdateRouteReq,75697
UpdateRouteReq,179070
UpdateRouteReq,218058
UpdateRouteReq,258424
UpdateRouteReq,290881
UpdateRouteReq,299831
UpdateRouteReq,185799
UpdateRouteReq,237427
Error,305570
Error,101442
FindNodeReq,72768
UpdateRouteReq,58201
UpdateRouteReq,61365
Error,76595
Error,86218
UpdateRouteReq,93778
Error,124350
UpdateRouteReq,127922
UpdateRouteReq,72854
UpdateRouteReq,104933
UpdateRouteReq,60636
UpdateRouteReq,66565
UpdateRouteReq,148058
Error,163501
UpdateRouteReq,258817
UpdateRouteReq,266163
UpdateRouteReq,297379
Error,323355
Error,328273
Error,135117
Error,167911
Error,32910
UpdateRouteReq,43239
UpdateRouteReq,39316
UpdateRouteReq,34804
UpdateRouteReq,39324
UpdateRouteReq,50053
Error,35851
Error,33300
Error,31267
Error,29362
Error,29712
UpdateRouteReq,58844
UpdateRouteReq,63704
UpdateRouteReq,80214
Error,79111
UpdateRouteReq,42057
UpdateRouteReq,38604
Error,109345
UpdateRouteReq,135909
UpdateRouteReq,91118
Error,100471
UpdateRouteReq,48240
UpdateRouteReq,42319
UpdateRouteReq,44636
UpdateRouteReq,44951
UpdateRouteReq,41905
Error,79424
FindNodeReq,95002
Error,48856
Error,32074
UpdateRouteReq,47559
UpdateRouteReq,42126
UpdateRouteReq,55720
UpdateRouteReq,58940
UpdateRouteReq,104518
UpdateRouteReq,39894
UpdateRouteReq,68635
UpdateRouteReq,71887
Error,145263
UpdateRouteReq,37304
UpdateRouteReq,42372
UpdateRouteReq,33359
UpdateRouteReq,41618
UpdateRouteReq,41656
UpdateRouteReq,40567
Error,88181
UpdateRouteReq,39832
UpdateRouteReq,42291
UpdateRouteReq,51734
UpdateRouteReq,104959
Error,119586
UpdateRouteReq,36814
UpdateRouteReq,43973
Error,82834
UpdateRouteReq,43989
FindNodeReq,77882
Error,80131
UpdateRouteReq,42065
Error,109629
Error,30189
PathTeardownReq,50941
Error,101092
Error,77608
Error,98672
Error,101050
Error,44915
UpdateRouteReq,46018
Error,32476
UpdateRouteReq,63962
UpdateRouteReq,37037
UpdateRouteReq,42048
UpdateRouteReq,50447
UpdateRouteReq,44182
UpdateRouteReq,46652
PathSetupReq,32925
UpdateRouteReq,44205
UpdateRouteReq,94177
UpdateRouteReq,38931
UpdateRouteReq,57846
UpdateRouteReq,39511
UpdateRouteReq,102808
PathTeardownReq,36452
FindNodeReq,99151
UpdateRouteReq,44993
UpdateRouteReq,44993
UpdateRouteReq,87321
UpdateRouteReq,40464
UpdateRouteReq,45305
UpdateRouteReq,98842
UpdateRouteReq,58107
UpdateRouteReq,56302
UpdateRouteReq,47047
PathSetupReq,36670
UpdateRouteReq,43409
UpdateRouteReq,41877
UpdateRouteReq,45699
UpdateRouteReq,42829
UpdateRouteReq,42819
UpdateRouteReq,115103
UpdateRouteReq,147517
UpdateRouteReq,88693
UpdateRouteReq,104711
UpdateRouteReq,47973
UpdateRouteReq,56073
UpdateRouteReq,57201
UpdateRouteReq,113111
UpdateRouteReq,45503
UpdateRouteReq,45553
UpdateRouteReq,130773
UpdateRouteReq,201343
UpdateRouteReq,352734
Error,408234
Error,410845
UpdateRouteReq,442010
Error,90196
UpdateRouteReq,46271
UpdateRouteReq,46239
UpdateRouteReq,95609
Error,197189
UpdateRouteReq,206991
Error,81363
Error,80029
Error,46890
Error,34574
UpdateRouteReq,46930
UpdateRouteReq,46690
UpdateRouteReq,42711
UpdateRouteReq,47948
Error,111883
UpdateRouteReq,62405
UpdateRouteReq,65689
UpdateRouteReq,86493
UpdateRouteReq,242234
UpdateRouteReq,139514
UpdateRouteReq,134213
Error,159819
UpdateRouteReq,171719
UpdateRouteReq,122854
UpdateRouteReq,265806
UpdateRouteReq,66282
UpdateRouteReq,67469
UpdateRouteReq,37568
UpdateRouteReq,40171
UpdateRouteReq,41604
UpdateRouteReq,39487
UpdateRouteReq,37097
UpdateRouteReq,125592
UpdateRouteReq,153898
Error,136391
UpdateRouteReq,167239
PathTeardownReq,170473
Error,219808
UpdateRouteReq,40301
UpdateRouteReq,39038
UpdateRouteReq,37826
UpdateRouteReq,153789
UpdateRouteReq,179281
UpdateRouteReq,36875
FindNodeReq,82044
UpdateRouteReq,67747
PathSetupReq,66383
UpdateRouteReq,68741
UpdateRouteReq,78395
UpdateRouteReq,32324
UpdateRouteReq,76536
UpdateRouteReq,46401
UpdateRouteReq,36377
Error,61445
UpdateRouteReq,32588
UpdateRouteReq,34145
Error,83131
UpdateRouteReq,32322
Error,60060
UpdateRouteReq,48748
UpdateRouteReq,50133
UpdateRouteReq,28269
UpdateRouteReq,37402
UpdateRouteReq,44986
UpdateRouteReq,30597
UpdateRouteReq,139940
UpdateRouteReq,191008
UpdateRouteReq,197343
UpdateRouteReq,247601
Error,145287
UpdateRouteReq,154561
UpdateRouteReq,155427
Error,57265
UpdateRouteReq,30816
Error,66109
Error,59462
UpdateRouteReq,32542
UpdateRouteReq,30327
UpdateRouteReq,26793
UpdateRouteReq,29381
UpdateRouteReq,31631
UpdateRouteReq,42155
UpdateRouteReq,26923
UpdateRouteReq,104090
UpdateRouteReq,108428
Error,57877
UpdateRouteReq,29283
UpdateRouteReq,27421
UpdateRouteReq,30352
UpdateRouteReq,28644
UpdateRouteReq,25707
UpdateRouteReq,43667
Error,71401
Error,65454
Error,81634
Error,89421
UpdateRouteReq,94050
UpdateRouteReq,85316
UpdateRouteReq,104796
Error,25024
UpdateRouteReq,28910
UpdateRouteReq,29610
UpdateRouteReq,71332
Error,76092
UpdateRouteReq,81543
UpdateRouteReq,30270
UpdateRouteReq,25760
UpdateRouteReq,32495
Error,24776
Error,22766
UpdateRouteReq,44483
Error,44194
UpdateRouteReq,30719
UpdateRouteReq,29196
Error,51552
Error,23289
UpdateRouteReq,33643
Error,23410
UpdateRouteReq,30036
UpdateRouteReq,28678
UpdateRouteReq,29772
UpdateRouteReq,38508
UpdateRouteReq,45028
UpdateRouteReq,46672
Error,26002
UpdateRouteReq,43366
UpdateRouteReq,27481
Error,52125
Error,68104
Error,49671
Error,57876
UpdateRouteReq,26494
FindNodeReq,47849
UpdateRouteReq,34050
UpdateRouteReq,27342
UpdateRouteReq,42962
UpdateRouteReq,28181
UpdateRouteReq,23916
UpdateRouteReq,34060
UpdateRouteReq,39473
UpdateRouteReq,49115
UpdateRouteReq,31889
UpdateRouteReq,30526
UpdateRouteReq,30509
UpdateRouteReq,27173
UpdateRouteReq,29209
UpdateRouteReq,38027
Error,67884
UpdateRouteReq,29092
UpdateRouteReq,28113
UpdateRouteReq,24622
UpdateRouteReq,34846
UpdateRouteReq,32158
UpdateRouteReq,29086
Error,53196
UpdateRouteReq,28436
FindNodeReq,80408
Error,56730
Error,32173
Error,76883
Error,52669
UpdateRouteReq,53815
UpdateRouteReq,54024
UpdateRouteReq,28743
UpdateRouteReq,50248
UpdateRouteReq,68768
Error,65188
UpdateRouteReq,31658
UpdateRouteReq,28402
UpdateRouteReq,27300
UpdateRouteReq,49750
UpdateRouteReq,70548
Error,62236
FindNodeReq,53330
Error,82431
Error,55153
Error,21716
UpdateRouteReq,26946
Error,89659
UpdateRouteReq,93367
UpdateRouteReq,97269
UpdateRouteReq,27128
UpdateRouteReq,29159
UpdateRouteReq,32261
UpdateRouteReq,30790
UpdateRouteReq,27786
Error,65588
UpdateRouteReq,39309
UpdateRouteReq,27604
UpdateRouteReq,29798
UpdateRouteReq,30684
UpdateRouteReq,37917
Error,55709
Error,66408
Error,31277
UpdateRouteReq,99108
Error,98175
UpdateRouteReq,41928
UpdateRouteReq,56756
UpdateRouteReq,53271
Error,67299
UpdateRouteReq,27448
UpdateRouteReq,28958
UpdateRouteReq,27685
UpdateRouteReq,28534
UpdateRouteReq,30979
UpdateRouteReq,28550
Error,69782
UpdateRouteReq,57539
UpdateRouteReq,63969
UpdateRouteReq,37874
FindNodeReq,53949
Error,77228
Error,51458
UpdateRouteReq,42830
Error,39353
Error,118269
UpdateRouteReq,121713
FindNodeReq,78841
Error,56091
UpdateRouteReq,30359
UpdateRouteReq,54165
UpdateRouteReq,68397
UpdateRouteReq,31815
UpdateRouteReq,28265
Error,63555
Error,73407
UpdateRouteReq,53133
Error,76617
UpdateRouteReq,29211
Error,32111
Error,47482
FindNodeReq,53926
Error,53381
UpdateRouteReq,45887
UpdateRouteReq,27255
UpdateRouteReq,28720
UpdateRouteReq,26882
Error,51704
UpdateRouteReq,30269
UpdateRouteReq,28147
UpdateRouteReq,30386
Error,76472
UpdateRouteReq,41059
UpdateRouteReq,62564
UpdateRouteReq,67921
Error,76782
UpdateRouteReq,31442
UpdateRouteReq,25145
Error,33199
UpdateRouteReq,50295
Error,65626
FindNodeReq,55070
Error,81437
UpdateRouteReq,31937
UpdateRouteReq,28233
UpdateRouteReq,56397
Error,95366
UpdateRouteReq,30971
UpdateRouteReq,54550
UpdateRouteReq,31675
UpdateRouteReq,28701
Error,116344
Error,65349
UpdateRouteReq,53766
UpdateRouteReq,55152
UpdateRouteReq,72316
UpdateRouteReq,44750
UpdateRouteReq,28967
Error,90967
UpdateRouteReq,95546
Error,55101
FindNodeReq,68770
Error,70116
UpdateRouteReq,59979
UpdateRouteReq,100224
UpdateRouteReq,43450
UpdateRouteReq,29215
UpdateRouteReq,30183
UpdateRouteReq,28451
Error,106290
UpdateRouteReq,30448
UpdateRouteReq,29751
UpdateRouteReq,41396
UpdateRouteReq,38093
Error,54130
UpdateRouteReq,26957
Error,67740
UpdateRouteReq,119572
Error,32201
Error,34690
FindNodeReq,61736
Error,53222
UpdateRouteReq,32246
UpdateRouteReq,31151
UpdateRouteReq,38271
UpdateRouteReq,31470
UpdateRouteReq,83191
Error,79643
UpdateRouteReq,50864
UpdateRouteReq,32787
UpdateRouteReq,38003
UpdateRouteReq,27464
Error,61705
UpdateRouteReq,53606
Error,71603
FindNodeReq,52707
Error,31227
Error,105950
Error,79541
UpdateRouteReq,40477
UpdateRouteReq,44339
UpdateRouteReq,32673
UpdateRouteReq,39700
UpdateRouteReq,29753
UpdateRouteReq,27577
UpdateRouteReq,31398
Error,54223
UpdateRouteReq,53226
UpdateRouteReq,54751
UpdateRouteReq,91557
UpdateRouteReq,120646
Error,82824
UpdateRouteReq,29182
FindNodeReq,58511
Error,55203
Error,54613
Error,32791
Error,66236
UpdateRouteReq,58703
UpdateRouteReq,25744
UpdateRouteReq,31952
UpdateRouteReq,60922
UpdateRouteReq,26591
UpdateRouteReq,83203
UpdateRouteReq,30934
UpdateRouteReq,42974
UpdateRouteReq,37727
UpdateRouteReq,40297
UpdateRouteReq,38308
UpdateRouteReq,31372
UpdateRouteReq,27191
Error,79863
UpdateRouteReq,52392
Error,78596
FindNodeReq,51540
Error,52116
Error,44023
Error,161161
UpdateRouteReq,221793
Error,174512
UpdateRouteReq,217138
UpdateRouteReq,220627
UpdateRouteReq,224952
UpdateRouteReq,33046
UpdateRouteReq,28697
UpdateRouteReq,41901
UpdateRouteReq,31260
UpdateRouteReq,25721
UpdateRouteReq,32559
Error,56830
UpdateRouteReq,30958
UpdateRouteReq,27687
Error,187918
UpdateRouteReq,193496
UpdateRouteReq,220329
Error,275103
UpdateRouteReq,281009
UpdateRouteReq,285273
UpdateRouteReq,291216
UpdateRouteReq,294947
Error,61850
UpdateRouteReq,29410
UpdateRouteReq,27980
UpdateRouteReq,24966
UpdateRouteReq,29117
UpdateRouteReq,31185
UpdateRouteReq,28590
Error,86969
Error,151179
Error,180722
UpdateRouteReq,68307
UpdateRouteReq,73216
UpdateRouteReq,75140
UpdateRouteReq,115940
UpdateRouteReq,121860
Error,182684
UpdateRouteReq,188643
UpdateRouteReq,96375
UpdateRouteReq,135143
UpdateRouteReq,138876
UpdateRouteReq,158022
UpdateRouteReq,29009
UpdateRouteReq,45613
UpdateRouteReq,36233
UpdateRouteReq,30576
Error,81286
Error,108402
UpdateRouteReq,77998
UpdateRouteReq,99893
UpdateRouteReq,121525
UpdateRouteReq,66687
UpdateRouteReq,74441
Error,159039
Error,186296
Error,194640
Error,196285
UpdateRouteReq,228718
UpdateRouteReq,234627
UpdateRouteReq,131421
UpdateRouteReq,174404
UpdateRouteReq,219086
UpdateRouteReq,223757
Error,224164
UpdateRouteReq,81232
UpdateRouteReq,98449
UpdateRouteReq,39144
UpdateRouteReq,29302
UpdateRouteReq,28100
UpdateRouteReq,24214
UpdateRouteReq,59344
UpdateRouteReq,62741
UpdateRouteReq,133212
Error,154045
UpdateRouteReq,156670
UpdateRouteReq,162877
UpdateRouteReq,182362
Error,200858
Error,202787
Error,57932
Error,59223
Error,62686
UpdateRouteReq,131474
UpdateRouteReq,134948
Error,25689
Error,36644
UpdateRouteReq,38446
UpdateRouteReq,25965
UpdateRouteReq,23979
UpdateRouteReq,23004
Error,27480
UpdateRouteReq,33885
UpdateRouteReq,29374
UpdateRouteReq,74217
UpdateRouteReq,76672
Error,46667
Error,35967
UpdateRouteReq,27079
UpdateRouteReq,38566
UpdateRouteReq,26353
UpdateRouteReq,31814
UpdateRouteReq,28867
UpdateRouteReq,71467
Error,69211
UpdateRouteReq,71239
UpdateRouteReq,69427
UpdateRouteReq,74336
UpdateRouteReq,28016
UpdateRouteReq,26240
UpdateRouteReq,23907
UpdateRouteReq,26387
Error,58871
FindNodeReq,65848
UpdateRouteReq,29971
Error,56133
UpdateRouteReq,31676
UpdateRouteReq,29055
UpdateRouteReq,96168
UpdateRouteReq,99115
UpdateRouteReq,105875
UpdateRouteReq,110652
UpdateRouteReq,32869
Error,52631
UpdateRouteReq,67487
UpdateRouteReq,78124
UpdateRouteReq,39943
UpdateRouteReq,41200
UpdateRouteReq,29468
UpdateRouteReq,70021
UpdateRouteReq,63894
UpdateRouteReq,80683
UpdateRouteReq,103841
UpdateRouteReq,121976
UpdateRouteReq,123289
UpdateRouteReq,41051
UpdateRouteReq,42740
Error,79327
UpdateRouteReq,83410
UpdateRouteReq,86800
UpdateRouteReq,92152
UpdateRouteReq,100431
UpdateRouteReq,104130
UpdateRouteReq,109097
UpdateRouteReq,41129
UpdateRouteReq,43702
Error,52444
UpdateRouteReq,39625
UpdateRouteReq,24636
UpdateRouteReq,24329
UpdateRouteReq,30716
Error,55273
UpdateRouteReq,31995
Error,77720
UpdateRouteReq,80459
UpdateRouteReq,67761
Error,96801
UpdateRouteReq,76746
UpdateRouteReq,115986
UpdateRouteReq,127340
UpdateRouteReq,158300
UpdateRouteReq,162453
UpdateRouteReq,31388
UpdateRouteReq,28998
UpdateRouteReq,27575
Error,61804
Error,50357
UpdateRouteReq,39353
UpdateRouteReq,27683
UpdateRouteReq,24606
Error,56172
Error,71946
UpdateRouteReq,75205
UpdateRouteReq,36265
UpdateRouteReq,28703
Error,72806
UpdateRouteReq,101834
UpdateRouteReq,105477
Error,48701
UpdateRouteReq,35939
UpdateRouteReq,28292
UpdateRouteReq,27595
UpdateRouteReq,26787
Error,25208
Error,35008
Error,36896
Error,23703
Error,22664
UpdateRouteReq,26199
UpdateRouteReq,24489
UpdateRouteReq,32439
UpdateRouteReq,63208
Error,39772
UpdateRouteReq,28806
UpdateRouteReq,28051
UpdateRouteReq,35371
Error,37466
Error,24041
Error,21601
Error,21876
UpdateRouteReq,30086
UpdateRouteReq,30028
UpdateRouteReq,38571
UpdateRouteReq,27742
UpdateRouteReq,28244
UpdateRouteReq,33409
Error,27050
UpdateRouteReq,32571
UpdateRouteReq,28166
Error,55994
UpdateRouteReq,60106
UpdateRouteReq,27334
UpdateRouteReq,26808
UpdateRouteReq,31654
UpdateRouteReq,58865
UpdateRouteReq,57782
UpdateRouteReq,63495
FindNodeReq,90307
UpdateRouteReq,94610
UpdateRouteReq,99097
UpdateRouteReq,71328
UpdateRouteReq,61816
UpdateRouteReq,50116
UpdateRouteReq,39179
UpdateRouteReq,33925
UpdateRouteReq,59946
UpdateRouteReq,50246
Error,53325
UpdateRouteReq,27241
UpdateRouteReq,59737
UpdateRouteReq,28509
Error,91568
Error,55365
UpdateRouteReq,28403
Error,63505
UpdateRouteReq,173688
Error,214286
Error,74370
FindNodeReq,64155
UpdateRouteReq,61513
UpdateRouteReq,78673
UpdateRouteReq,66021
UpdateRouteReq,108707
Error,111886
Error,89087
UpdateRouteReq,39858
Error,84798
UpdateRouteReq,39658
Error,31077
FindNodeReq,150168
Error,151601
Error,78441
UpdateRouteReq,86058
UpdateRouteReq,110215
UpdateRouteReq,50993
UpdateRouteReq,35516
UpdateRouteReq,61358
UpdateRouteReq,57329
UpdateRouteReq,39214
UpdateRouteReq,30625
Error,85555
UpdateRouteReq,74410
UpdateRouteReq,78624
Error,94044
UpdateRouteReq,58080
UpdateRouteReq,73558
UpdateRouteReq,25741
Error,78550
UpdateRouteReq,28378
UpdateRouteReq,45762
UpdateRouteReq,26212
Error,34119
UpdateRouteReq,52803
Error,127001
UpdateRouteReq,130776
UpdateRouteReq,38054
FindNodeReq,53895
UpdateRouteReq,28203
UpdateRouteReq,26990
UpdateRouteReq,24860
UpdateRouteReq,25711
UpdateRouteReq,26482
Error,60703
UpdateRouteReq,30651
UpdateRouteReq,48838
UpdateRouteReq,58073
UpdateRouteReq,28575
Error,110142
UpdateRouteReq,44133
UpdateRouteReq,28654
UpdateRouteReq,28204
UpdateRouteReq,29671
UpdateRouteReq,29727
FindNodeReq,55287
Error,103131
Error,140032
Error,79509
Error,156378
UpdateRouteReq,140932
UpdateRouteReq,139795
UpdateRouteReq,176031
Error,90764
UpdateRouteReq,30697
UpdateRouteReq,210763
UpdateRouteReq,230316
Error,272598
UpdateRouteReq,75768
Error,101841
Error,62537
UpdateRouteReq,33561
UpdateRouteReq,28033
Error,89564
UpdateRouteReq,69229
UpdateRouteReq,75472
UpdateRouteReq,27825
Error,68831
UpdateRouteReq,68926
UpdateRouteReq,90995
Error,125109
Error,51304
UpdateRouteReq,70167
UpdateRouteReq,76272
Error,68522
UpdateRouteReq,80884
UpdateRouteReq,27238
Error,59026
Error,61852
Error,90156
Error,62236
UpdateRouteReq,58334
UpdateRouteReq,59427
UpdateRouteReq,40791
Error,67769
UpdateRouteReq,87335
UpdateRouteReq,111463
Error,57438
UpdateRouteReq,82987
UpdateRouteReq,105933
UpdateRouteReq,142293
Error,144404
Error,89315
UpdateRouteReq,90906
UpdateRouteReq,104781
Error,112790
UpdateRouteReq,138918
UpdateRouteReq,145150
UpdateRouteReq,185402
Error,187964
Error,94712
Error,98321
UpdateRouteReq,102961
UpdateRouteReq,46643
UpdateRouteReq,37576
UpdateRouteReq,78842
Error,81242
Error,37512
Error,37665
Error,23467
Error,41345
UpdateRouteReq,42531
UpdateRouteReq,69027
UpdateRouteReq,31155
UpdateRouteReq,28619
UpdateRouteReq,122038
Error,142266
Error,147118
Error,149323
Error,190297
UpdateRouteReq,191822
UpdateRouteReq,139078
Error,142379
UpdateRouteReq,182070
UpdateRouteReq,200959
UpdateRouteReq,81732
Error,128145
UpdateRouteReq,33210
UpdateRouteReq,40563
UpdateRouteReq,100264
Error,159054
UpdateRouteReq,164302
UpdateRouteReq,56672
Error,64978
Error,49847
Error,63758
UpdateRouteReq,46545
UpdateRouteReq,44897
UpdateRouteReq,28163
UpdateRouteReq,38616
UpdateRouteReq,42374
Error,105015
UpdateRouteReq,107562
Error,60270
UpdateRouteReq,67497
UpdateRouteReq,72021
UpdateRouteReq,51809
UpdateRouteReq,71173
UpdateRouteReq,25705
UpdateRouteReq,39484
UpdateRouteReq,64259
Error,156318
UpdateRouteReq,158457
UpdateRouteReq,92697
UpdateRouteReq,120899
Error,72702
Error,73182
Error,98895
Error,67225
UpdateRouteReq,81631
UpdateRouteReq,63182
UpdateRouteReq,79333
UpdateRouteReq,25119
UpdateRouteReq,56262
Error,83579
Error,121087
UpdateRouteReq,127437
UpdateRouteReq,80435
Error,126381
UpdateRouteReq,43731
UpdateRouteReq,46932
UpdateRouteReq,51547
Error,159152
Error,187024
Error,121783
Error,145129
UpdateRouteReq,148966
UpdateRouteReq,152736
UpdateRouteReq,178463
Error,120468
UpdateRouteReq,163986
UpdateRouteReq,169932
UpdateRouteReq,174659
UpdateRouteReq,89119
Error,169830
UpdateRouteReq,72166
Error,102298
UpdateRouteReq,107798
UpdateRouteReq,63285
Error,108741
UpdateRouteReq,112029
UpdateRouteReq,28889
Error,95683
Error,149006
Error,159835
UpdateRouteReq,88512
Error,89487
Error,22752
Error,25515
Error,24779
UpdateRouteReq,31236
UpdateRouteReq,25627
Error,30080
UpdateRouteReq,67415
Error,69336
Error,73841
UpdateRouteReq,74806
UpdateRouteReq,80833
Error,85225
UpdateRouteReq,26513
Error,37492
UpdateRouteReq,67438
UpdateRouteReq,106336
Error,46136
Error,61790
UpdateRouteReq,32144
UpdateRouteReq,56828
Error,48912
Error,53128
UpdateRouteReq,27172
Error,35034
Error,35258
Error,24528
Error,23878
Error,25653
Error,28104
UpdateRouteReq,42338
UpdateRouteReq,57918
Error,77590
Error,82102
UpdateRouteReq,55437
UpdateRouteReq,55144
Error,59572
UpdateRouteReq,51776
Error,79190
FindNodeReq,54931
Error,24465
UpdateRouteReq,55000
UpdateRouteReq,55631
UpdateRouteReq,53080
UpdateRouteReq,71677
UpdateRouteReq,78342
UpdateRouteReq,117887
UpdateRouteReq,100543
UpdateRouteReq,120302
UpdateRouteReq,103780
UpdateRouteReq,109133
UpdateRouteReq,144220
UpdateRouteReq,166826
UpdateRouteReq,187560
UpdateRouteReq,207920
UpdateRouteReq,230924
UpdateRouteReq,51500
UpdateRouteReq,78068
UpdateRouteReq,57436
UpdateRouteReq,77307
UpdateRouteReq,54412
QueryRouteReq,83295
UpdateRouteReq,85577
QueryRouteReq,74731
UpdateRouteReq,77348
UpdateRouteReq,28114
UpdateRouteReq,41785
PathSetupReq,41577
UpdateRouteReq,25014
FindNodeRsp,31690
PathTeardownReq,152242
UpdateRouteReq,153636
UpdateRouteReq,158244
FindNodeReq,193073
UpdateRouteReq,196611
UpdateRouteReq,201548
FindNodeReq,227684
UpdateRouteReq,234513
UpdateRouteReq,235481
FindNodeReq,257260
UpdateRouteReq,263955
UpdateRouteReq,266668
UpdateRouteReq,272921
UpdateRouteReq,126281
UpdateRouteReq,126323
FindNodeReq,149700
UpdateRouteReq,154335
UpdateRouteReq,160421
FindNodeReq,182019
UpdateRouteReq,186540
UpdateRouteReq,190527
FindNodeReq,214466
UpdateRouteReq,219669
UpdateRouteReq,224595
FindNodeReq,245907
UpdateRouteReq,41989
PathSetupReq,40580
UpdateRouteReq,27334
FindNodeReq,67169
UpdateRouteReq,70061
UpdateRouteReq,27590
UpdateRouteReq,29091
UpdateRouteReq,38766
UpdateRouteReq,39643
UpdateRouteReq,24556
UpdateRouteReq,80279
FindNodeReq,77523
PathTeardownReq,96051
PathSetupReq,96911
PathTeardownReq,31850
FindNodeReq,50987
UpdateRouteReq,31955
UpdateRouteReq,37878
UpdateRouteReq,37277
UpdateRouteReq,23979
UpdateRouteReq,24769
UpdateRouteReq,35978
UpdateRouteReq,67516
FindNodeReq,103769
UpdateRouteReq,108498
UpdateRouteReq,71919
UpdateRouteReq,170857
UpdateRouteReq,177323
UpdateRouteReq,182226
UpdateRouteReq,185428
UpdateRouteReq,92203
UpdateRouteReq,123251
UpdateRouteReq,159892
UpdateRouteReq,179470
UpdateRouteReq,69000
UpdateRouteReq,99119
PathSetupReq,100261
PathTeardownReq,104945
UpdateRouteReq,28361
PathSetupReq,23134
PathTeardownReq,22684
PathSetupReq,23955
PathTeardownReq,22184
UpdateRouteReq,29718
UpdateRouteReq,26944
UpdateRouteReq,27072
UpdateRouteReq,56735
PathSetupReq,26294
PathTeardownReq,24375
PathSetupReq,38568
PathTeardownReq,13970
UpdateRouteReq,24320
UpdateRouteReq,38440
FindNodeReq,50288
UpdateRouteReq,50203
UpdateRouteReq,64723
UpdateRouteReq,87217
UpdateRouteReq,90770
FindNodeReq,115525
UpdateRouteReq,115846
UpdateRouteReq,124545
UpdateRouteReq,115151
UpdateRouteReq,129480
UpdateRouteReq,150030
UpdateRouteReq,181748
FindNodeReq,224647
UpdateRouteReq,226323
UpdateRouteReq,90993
FindNodeReq,127204
FindNodeReq,149934
UpdateRouteReq,154222
FindNodeReq,49874
FindNodeReq,68555
UpdateRouteReq,58601
FindNodeReq,43611
PathSetupReq,34065
PathTeardownReq,34215
UpdateRouteReq,57616
UpdateRouteReq,43667
UpdateRouteReq,70408
FindNodeReq,100630
UpdateRouteReq,100612
UpdateRouteReq,99333
UpdateRouteReq,29355
UpdateRouteReq,22015
UpdateRouteReq,21857
UpdateRouteReq,26591
UpdateRouteReq,17073
UpdateRouteReq,18068
UpdateRouteReq,25632
UpdateRouteReq,65493
UpdateRouteReq,67989
QueryRouteReq,81734
UpdateRouteReq,43115
PathSetupReq,35027
FindNodeRsp,75559
FindNodeRsp,135736
UpdateRouteReq,216085
UpdateRouteReq,558210
FindNodeReq,627476
UpdateRouteReq,635943
UpdateRouteReq,673877
UpdateRouteReq,729166
UpdateRouteReq,761948
UpdateRouteReq,778591
UpdateRouteReq,810312
UpdateRouteReq,862296
UpdateRouteReq,893675
FindNodeReq,941679
UpdateRouteReq,949228
UpdateRouteReq,965631
FindNodeReq,1023466
PathTeardownReq,1020198
UpdateRouteReq,104157
UpdateRouteReq,105829
FindNodeReq,182767
UpdateRouteReq,47979
FindNodeReq,65762
UpdateRouteReq,43853
UpdateRouteReq,39336
UpdateRouteReq,45888
UpdateRouteReq,109214
UpdateRouteReq,116848
UpdateRouteReq,100130
PathSetupReq,88962
UpdateRouteReq,82838
UpdateRouteReq,43383
PathTeardownReq,39398
UpdateRouteReq,98030
UpdateRouteReq,92550
UpdateRouteReq,68066
UpdateRouteReq,68471
UpdateRouteReq,62068
PathSetupReq,60864
UpdateRouteReq,43031
UpdateRouteReq,55843
PathTeardownReq,56587
PathSetupReq,85565
PathTeardownReq,36415
UpdateRouteReq,41761
UpdateRouteReq,41975
UpdateRouteReq,60072
UpdateRouteReq,159045
UpdateRouteReq,127899
FindNodeReq,210424
UpdateRouteReq,217935
UpdateRouteReq,255037
UpdateRouteReq,218791
UpdateRouteReq,249602
FindNodeReq,308149
UpdateRouteReq,314821
UpdateRouteReq,268322
UpdateRouteReq,308028
UpdateRouteReq,342478
UpdateRouteReq,416236
UpdateRouteReq,461655
FindNodeReq,570591
UpdateRouteReq,580758
UpdateRouteReq,610497
FindNodeReq,244127
FindNodeReq,444181
PathSetupReq,450898
PathTeardownReq,83240
UpdateRouteReq,86191
UpdateRouteReq,93174
FindNodeReq,129712
FindNodeReq,64094
FindNodeReq,67058
UpdateRouteReq,41441
UpdateRouteReq,55155
UpdateRouteReq,84858
FindNodeReq,144069
UpdateRouteReq,151853
UpdateRouteReq,114685
UpdateRouteReq,60315
UpdateRouteReq,40274
PathSetupReq,35794
PathTeardownReq,35708
PathSetupReq,34494
PathTeardownReq,36096
Error,88230
Error,83986
UpdateRouteReq,89837
UpdateRouteReq,96758
Error,179408
UpdateRouteReq,96654
UpdateRouteReq,127995
UpdateRouteReq,66984
Error,107309
Error,102918
Error,82380
UpdateRouteReq,103774
Error,68959
UpdateRouteReq,383695
UpdateRouteReq,391077
FindNodeReq,571162
Error,575500
UpdateRouteReq,584343
UpdateRouteReq,592175
FindNodeReq,639335
UpdateRouteReq,648078
UpdateRouteReq,656231
UpdateRouteReq,663909
FindNodeReq,698540
UpdateRouteReq,707517
UpdateRouteReq,714928
FindNodeReq,774476
QueryRouteReq,1004486
Error,1052305
Error,1114616
UpdateRouteReq,1128005
Error,1173554
Error,1215865
UpdateRouteReq,479906
Error,529175
UpdateRouteReq,540886
UpdateRouteReq,548354
UpdateRouteReq,557177
UpdateRouteReq,566019
UpdateRouteReq,627971
UpdateRouteReq,661149
PathSetupReq,798850
Error,800842
PathTeardownReq,806339
FindNodeReq,870428
Error,872276
UpdateRouteReq,881449
UpdateRouteReq,925131
FindNodeRsp,945692
UpdateRouteReq,952443
UpdateRouteReq,170812
Error,91545
Error,92234
Error,105625
UpdateRouteReq,50875
UpdateRouteReq,43759
UpdateRouteReq,48843
UpdateRouteReq,102146
Error,125697
Error,124781
Error,192932
UpdateRouteReq,47661
UpdateRouteReq,44235
Error,90543
PathSetupReq,38529
PathTeardownReq,96551
UpdateRouteReq,167461
UpdateRouteReq,200804
UpdateRouteReq,235220
Error,104684
FindNodeRsp,80702
Error,202410
UpdateRouteReq,240046
UpdateRouteReq,275994
UpdateRouteReq,311645
UpdateRouteReq,245239
UpdateRouteReq,325093
Error,94758
Error,95838
Error,155253
Error,105465
Error,114803
FindNodeRsp,109194
PathSetupReq,105245
Error,121181
PathTeardownReq,124168
PathSetupReq,49766
PathTeardownReq,49501
PathSetupReq,32839
PathTeardownReq,35757
UpdateRouteReq,53623
UpdateRouteReq,48586
UpdateRouteReq,112121
Error,160617
UpdateRouteReq,67415
UpdateRouteReq,223387
UpdateRouteReq,257821
Error,260650
UpdateRouteReq,293042
Error,318606
Error,82954
Error,94446
Error,179560
UpdateRouteReq,50724
UpdateRouteReq,44862
Error,80592
Error,105203
PathSetupReq,38210
PathTeardownReq,51742
PathSetupReq,72159
Error,67278
PathTeardownReq,71199
UpdateRouteReq,77218
UpdateRouteReq,152915
Error,103850
Error,35224
Error,35720
FindNodeRsp,69783
Error,35496
UpdateRouteReq,104630
UpdateRouteReq,89763
UpdateRouteReq,277196
UpdateRouteReq,320289
FindNodeReq,636531
UpdateRouteReq,190487
UpdateRouteReq,194368
UpdateRouteReq,239360
UpdateRouteReq,293102
UpdateRouteReq,144209
Error,219708
Error,220039
UpdateRouteReq,48647
UpdateRouteReq,67118
Error,89909
UpdateRouteReq,67735
UpdateRouteReq,43792
UpdateRouteReq,41399
Error,94617
Error,111912
Error,85497
UpdateRouteReq,65559
Error,73423
Error,37252
UpdateRouteReq,47965
UpdateRouteReq,102125
UpdateRouteReq,47730
UpdateRouteReq,43913
UpdateRouteReq,44784
FindNodeReq,168942
FindNodeReq,165761
UpdateRouteReq,73158
UpdateRouteReq,52129
UpdateRouteReq,49314
UpdateRouteReq,48170
FindNodeRsp,77338
Error,160289
Error,107938
Error,89131
Error,45896
FindNodeRsp,72620
FindNodeReq,160431
FindNodeRsp,103253
FindNodeReq,157391
FindNodeRsp,75731
UpdateRouteReq,67183
UpdateRouteReq,72818
UpdateRouteReq,156395
UpdateRouteReq,191843
UpdateRouteReq,220629
FindNodeReq,296685
UpdateRouteReq,120397
UpdateRouteReq,156396
FindNodeReq,223666
FindNodeReq,152227
FindNodeReq,204512
UpdateRouteReq,199147
FindNodeReq,85220
FindNodeReq,74146
FindNodeReq,74240
UpdateRouteReq,59824
Error,98361
Error,150001
Error,87628
FindNodeReq,75974
UpdateRouteReq,46746
Error,86778
FindNodeReq,71610
Error,80158
FindNodeReq,74847
Error,82525
FindNodeReq,71462
Error,46771
UpdateRouteReq,64720
Error,36013
UpdateRouteReq,45308
UpdateRouteReq,79883
FindNodeRsp,129503
UpdateRouteReq,121129
UpdateRouteReq,58739
FindNodeRsp,73493
FindNodeReq,179777
FindNodeRsp,74006
FindNodeRsp,73518
FindNodeReq,156392
FindNodeRsp,100534
FindNodeRsp,101842
FindNodeRsp,104791
UpdateRouteReq,71188
UpdateRouteReq,318618
UpdateRouteReq,351672
UpdateRouteReq,398543
UpdateRouteReq,428310
UpdateRouteReq,476839
UpdateRouteReq,489659
FindNodeReq,553179
FindNodeReq,86126
FindNodeReq,73670
FindNodeReq,69938
FindNodeReq,72126
UpdateRouteReq,59021
UpdateRouteReq,178011
FindNodeReq,146001
UpdateRouteReq,404372
FindNodeRsp,99205
FindNodeRsp,75165
FindNodeReq,162883
FindNodeRsp,120288
FindNodeReq,181310
FindNodeRsp,99757
PathSetupReq,75846
PathSetupReq,69266
PathSetupReq,156573
FindNodeReq,156371
FindNodeRsp,116593
FindNodeRsp,75367
FindNodeRsp,114399
FindNodeRsp,78779
FindNodeRsp,97998
FindNodeRsp,80382
FindNodeReq,164592
FindNodeReq,158980
FindNodeRsp,120338
FindNodeRsp,116746
FindNodeReq,157729
FindNodeRsp,75817
FindNodeRsp,122041
FindNodeReq,161888
FindNodeRsp,79907
FindNodeReq,166229
FindNodeRsp,101689
FindNodeRsp,122704
PNDiscReq,174536
FindNodeReq,161955
FindNodeReq,157205
FindNodeRsp,113194
FindNodeRsp,94590
FindNodeReq,157128
FindNodeRsp,102879
FindNodeRsp,117146
FindNodeRsp,113079
FindNodeReq,158149
FindNodeRsp,112425
FindNodeReq,161957
FindNodeRsp,97434
FindNodeReq,158251
FindNodeRsp,74795
FindNodeReq,159631
FindNodeReq,159089
FindNodeReq,160825
FindNodeRsp,102859
FindNodeRsp,104207
FindNodeRsp,79516
FindNodeReq,158470
FindNodeRsp,78171
FindNodeReq,197328
FindNodeRsp,77375
FindNodeReq,183989
FindNodeRsp,151601
PathSetupReq,76173
PathSetupReq,72551
PathSetupReq,134235
FindNodeRsp,104111
FindNodeReq,161780
FindNodeReq,157618
PNHello,124678
PNDiscRsp,65174
FindNodeRsp,77199
FindNodeRsp,120437
FindNodeRsp,97394
FindNodeRsp,81904
FindNodeRsp,84899
FindNodeRsp,120389
FindNodeReq,160904
FindNodeRsp,80907
FindNodeRsp,96906
FindNodeRsp,116655
FindNodeReq,159946
FindNodeRsp,119893
FindNodeRsp,99549
FindNodeRsp,98126
FindNodeRsp,112185
FindNodeReq,159493
FindNodeReq,161645
FindNodeRsp,106449
FindNodeRsp,79811
FindNodeRsp,116399
FindNodeRsp,119654
UpdateRouteReq,72604
UpdateRouteReq,46384
UpdateRouteReq,84301
UpdateRouteReq,116841
UpdateRouteReq,153847
FindNodeReq,221959
UpdateRouteReq,133717
UpdateRouteReq,178083
FindNodeReq,292598
FindNodeRsp,64363
FindNodeReq,153941
UpdateRouteReq,212213
UpdateRouteReq,98252
UpdateRouteReq,44154
FindNodeRsp,80465
FindNodeRsp,85171
FindNodeReq,163878
FindNodeRsp,107151
FindNodeRsp,106724
FindNodeRsp,103725
FindNodeReq,162672
FindNodeRsp,106182
FindNodeRsp,103410
FindNodeReq,160693
FindNodeRsp,81362
FindNodeRsp,80518
PNDiscReq,120308
FindNodeRsp,80332
PathSetupReq,77058
PathSetupReq,73574
PathSetupReq,135073
FindNodeRsp,103873
FindNodeReq,161860
FindNodeRsp,112237
FindNodeRsp,106543
UpdateRouteReq,171560
UpdateRouteReq,118875
FindNodeReq,169612
UpdateRouteReq,81751
UpdateRouteReq,126437
UpdateRouteReq,162248
UpdateRouteReq,47708
FindNodeReq,160117
FindNodeRsp,98316
FindNodeReq,162809
FindNodeRsp,82722
FindNodeReq,181387
FindNodeRsp,79670
FindNodeRsp,85078
UpdateRouteReq,126971
UpdateRouteReq,207122
FindNodeReq,248206
UpdateRouteReq,256339
UpdateRouteReq,304049
UpdateRouteReq,360924
UpdateRouteReq,392343
FindNodeReq,183368
UpdateRouteReq,189112
UpdateRouteReq,232955
QueryRouteReq,176178
UpdateRouteReq,235535
UpdateRouteReq,86828
QueryRouteRsp,177420
UpdateRouteReq,48831
UpdateRouteReq,57135
QueryRouteReq,80854
UpdateRouteReq,45719
QueryRouteRsp,96514
UpdateRouteReq,76666
PathSetupReq,41019
UpdateRouteReq,51139
FindNodeRsp,108727
FindNodeReq,163775
FindNodeReq,163220
UpdateRouteReq,54206
UpdateRouteReq,48639
UpdateRouteReq,52104
UpdateRouteReq,46851
UpdateRouteReq,46810
FindNodeReq,162706
FindNodeRsp,132443
FindNodeReq,132905
FindNodeRsp,120025
FindNodeReq,156772
FindNodeRsp,117890
FindNodeReq,163057
FindNodeReq,157933
FindNodeRsp,118277
FindNodeRsp,128530
FindNodeReq,157625
UpdateRouteReq,286765
FindNodeRsp,131553
FindNodeRsp,125991
FindNodeReq,162744
FindNodeReq,179927
FindNodeRsp,155695
FindNodeRsp,133590
FindNodeRsp,114803
FindNodeReq,158531
FindNodeRsp,88049
PNHello,126184
PNDiscRsp,67265
FindNodeRsp,96670
FindNodeReq,168262
FindNodeReq,158828
UpdateRouteReq,85570
UpdateRouteReq,52575
UpdateRouteReq,49570
UpdateRouteReq,47044
PathTeardownReq,45663
FindNodeRsp,141889
FindNodeRsp,119370
FindNodeReq,161833
UpdateRouteReq,81960
UpdateRouteReq,48197
UpdateRouteReq,46813
PathSetupReq,40349
UpdateRouteReq,49384
UpdateRouteReq,47245
UpdateRouteReq,45979
UpdateRouteReq,52390
FindNodeRsp,132217
FindNodeReq,160249
FindNodeRsp,101666
FindNodeReq,159953
FindNodeRsp,127689
FindNodeRsp,90618
FindNodeRsp,129849
FindNodeReq,166333
FindNodeRsp,96946
FindNodeRsp,100470
FindNodeRsp,96422
FindNodeReq,162105
FindNodeRsp,135915
FindNodeReq,164637
FindNodeRsp,130812
FindNodeRsp,94995
FindNodeRsp,119242
FindNodeRsp,113757
FindNodeRsp,73486
FindNodeRsp,100012
FindNodeReq,246740
FindNodeRsp,100714
FindNodeRsp,128584
FindNodeReq,163681
PathSetupReq,82683
FindNodeRsp,126132
FindNodeReq,149018
FindNodeReq,97305
UpdateRouteReq,136792
UpdateRouteReq,174623
UpdateRouteReq,283958
UpdateRouteReq,217116
FindNodeReq,167092
FindNodeRsp,126421
PathSetupReq,108181
PathSetupReq,169855
FindNodeRsp,201108
PathSetupReq,63418
PathSetupReq,136479
FindNodeRsp,92178
FindNodeRsp,121776
FindNodeReq,164401
FindNodeRsp,118938
FindNodeRsp,126126
PathSetupReq,114238
FindNodeReq,151969
UpdateRouteReq,271603
FindNodeRsp,125795
FindNodeReq,168029
FindNodeReq,163497
UpdateRouteReq,341296
UpdateRouteReq,607731
UpdateRouteReq,729960
UpdateRouteReq,874131
UpdateRouteReq,982310
Error,1139524
Error,1165930
Error,117264
UpdateRouteReq,83122
Error,91253
Error,93582
Error,82154
Error,102210
Error,72410
Error,76793
Error,92014
UpdateRouteReq,96198
Error,88395
UpdateRouteReq,44775
Error,122610
Error,91245
UpdateRouteReq,92012
UpdateRouteReq,87508
Error,79464
UpdateRouteReq,84119
Error,84358
Error,88909
Error,90256
Error,86012
Error,85467
Error,46195
Error,35259
UpdateRouteReq,127779
FindNodeReq,159420
FindNodeRsp,98113
QueryRouteRsp,109925
FindNodeRsp,125661
UpdateRouteReq,96030
UpdateRouteReq,133197
FindNodeReq,166741
UpdateRouteReq,130773
UpdateRouteReq,365396
UpdateRouteReq,458825
UpdateRouteReq,600445
UpdateRouteReq,739267
Error,833054
Error,832813
Error,111269
Error,108230
Error,133411
Error,84302
Error,82591
Error,48307
Error,126073
Error,37350
Error,237463
Error,137850
UpdateRouteReq,156393
Error,173201
UpdateRouteReq,134818
FindNodeReq,152201
FindNodeReq,152924
FindNodeReq,100932
FindNodeReq,78570
UpdateRouteReq,87626
UpdateRouteReq,92818
UpdateRouteReq,92078
UpdateRouteReq,69578
UpdateRouteReq,74038
FindNodeReq,156249
FindNodeReq,152435
FindNodeRsp,92578
QueryRouteRsp,105148
UpdateRouteReq,60846
FindNodeReq,156620
FindNodeRsp,86480
FindNodeRsp,91788
UpdateRouteReq,86965
UpdateRouteReq,655558
UpdateRouteReq,766656
UpdateRouteReq,866769
UpdateRouteReq,985666
UpdateRouteReq,1114890
UpdateRouteReq,1165790
Error,58426
Error,53030
UpdateRouteReq,270929
UpdateRouteReq,507858
FindNodeRsp,87464
FindNodeReq,158720
FindNodeReq,188836
FindNodeReq,154944
FindNodeReq,150207
FindNodeReq,95978
FindNodeReq,79080
FindNodeReq,76163
UpdateRouteReq,64270
UpdateRouteReq,548166
UpdateRouteReq,661498
UpdateRouteReq,840945
UpdateRouteReq,962928
FindNodeReq,1070017
FindNodeReq,71894
FindNodeReq,141563
FindNodeReq,137950
FindNodeReq,119402
UpdateRouteReq,91342
Error,113870
UpdateRouteReq,329265
UpdateRouteReq,464075
FindNodeReq,582743
FindNodeReq,198241
FindNodeReq,77122
FindNodeReq,134274
Error,214435
FindNodeReq,120902
UpdateRouteReq,294185
UpdateRouteReq,277126
UpdateRouteReq,380160
FindNodeReq,493627
FindNodeReq,80420
FindNodeReq,109770
FindNodeReq,77915
FindNodeReq,78451
UpdateRouteReq,91351
UpdateRouteReq,292192
UpdateRouteReq,416953
FindNodeReq,521622
FindNodeReq,167306
FindNodeReq,80911
FindNodeReq,70659
FindNodeReq,78782
Error,90638
UpdateRouteReq,152623
UpdateRouteReq,279382
UpdateRouteReq,381620
FindNodeReq,494488
FindNodeReq,80522
FindNodeReq,70322
FindNodeReq,77768
FindNodeReq,78774
UpdateRouteReq,88349
UpdateRouteReq,273003
UpdateRouteReq,373895
FindNodeReq,485586
FindNodeReq,80090
FindNodeReq,70387
FindNodeReq,77543
Error,88110
FindNodeReq,76310
UpdateRouteReq,87394
UpdateRouteReq,274526
UpdateRouteReq,376589
FindNodeReq,485950
FindNodeReq,78711
FindNodeReq,74051
FindNodeReq,76688
FindNodeReq,109535
UpdateRouteReq,90102
UpdateRouteReq,272479
UpdateRouteReq,373587
FindNodeReq,483138
FindNodeReq,114065
Error,126911
FindNodeReq,223817
UpdateRouteReq,249907
FindNodeReq,120517
FindNodeReq,94585
UpdateRouteReq,120729
UpdateRouteReq,155289
UpdateRouteReq,194088
UpdateRouteReq,45850
FindNodeReq,159598
UpdateRouteReq,181935
UpdateRouteReq,284370
UpdateRouteReq,394998
UpdateRouteReq,511082
UpdateRouteReq,605820
UpdateRouteReq,340373
UpdateRouteReq,401866
QueryRouteRsp,628223
UpdateRouteReq,686519
UpdateRouteReq,811603
UpdateRouteReq,913503
UpdateRouteReq,1033944
UpdateRouteReq,1129376
UpdateRouteReq,956799
UpdateRouteReq,1108741
UpdateRouteReq,1251861
UpdateRouteReq,1259380
UpdateRouteReq,1546323
UpdateRouteReq,1650135
UpdateRouteReq,1731086
UpdateRouteReq,1883493
Error,750558
UpdateRouteReq,872492
UpdateRouteReq,975178
UpdateRouteReq,1075561
UpdateRouteReq,1229281
UpdateRouteReq,1316606
Error,298121
Error,301389
UpdateRouteReq,456170
Error,457530
Error,457794
Error,153884
UpdateRouteReq,144813
Error,100180
Error,84233
FindNodeRsp,60677
UpdateRouteReq,90238
UpdateRouteReq,223902
UpdateRouteReq,350037
UpdateRouteReq,372035
UpdateRouteReq,476838
Error,310349
Error,313963
Error,320350
Error,323137
Error,324792
Error,140666
UpdateRouteReq,153704
Error,210636
Error,86047
Error,86398
UpdateRouteReq,725520
UpdateRouteReq,780647
Error,806510
UpdateRouteReq,867358
UpdateRouteReq,943668
UpdateRouteReq,1023521
UpdateRouteReq,1148604
UpdateRouteReq,1184186
UpdateRouteReq,871373
UpdateRouteReq,971180
UpdateRouteReq,1124039
Error,1256242
Error,1330720
UpdateRouteReq,1339799
Error,1367472
Error,1418625
UpdateRouteReq,1482108
UpdateRouteReq,440569
UpdateRouteReq,565687
UpdateRouteReq,665326
Error,768870
Error,841226
FindNodeReq,913067
Error,35815
Error,105445
Error,35977
UpdateRouteReq,145625
Error,209143
UpdateRouteReq,608552
UpdateRouteReq,716976
UpdateRouteReq,818034
UpdateRouteReq,940460
UpdateRouteReq,1020905
Error,128653
Error,126295
Error,212599
Error,307102
Error,155813
Error,197467
UpdateRouteReq,116789
Error,189462
UpdateRouteReq,573215
UpdateRouteReq,679517
UpdateRouteReq,783650
UpdateRouteReq,908065
UpdateRouteReq,1010502
Error,98096
Error,96271
Error,181780
Error,228463
Error,125271
UpdateRouteReq,170866
Error,100207
UpdateRouteReq,175038
Error,294718
UpdateRouteReq,567683
UpdateRouteReq,692301
UpdateRouteReq,796470
UpdateRouteReq,921012
UpdateRouteReq,1024398
Error,144713
Error,142613
Error,274326
Error,321204
Error,290302
Error,247010
UpdateRouteReq,376234
Error,135965
UpdateRouteReq,336247
Error,477376
UpdateRouteReq,537869
UpdateRouteReq,643358
UpdateRouteReq,769868
UpdateRouteReq,874605
Error,431270
Error,435464
Error,424153
Error,509937
Error,535283
Error,544670
UpdateRouteReq,247023
UpdateRouteReq,326953
Error,148933
Error,169891
Error,338640
Error,84298
Error,47231
Error,51688
UpdateRouteReq,98054
FindNodeReq,117056
UpdateRouteReq,260667
UpdateRouteReq,97290
FindNodeReq,147240
FindNodeReq,89247
FindNodeReq,75954
FindNodeReq,73252
UpdateRouteReq,82873
UpdateRouteReq,500418
UpdateRouteReq,601547
UpdateRouteReq,751805
UpdateRouteReq,850726
FindNodeReq,981899
UpdateRouteReq,43370
FindNodeReq,97184
FindNodeReq,99643
FindNodeReq,69367
FindNodeReq,79432
UpdateRouteReq,74505
FindNodeRsp,70387
FindNodeReq,158457
FindNodeRsp,83733
UpdateRouteReq,247826
UpdateRouteReq,87589
FindNodeReq,150050
FindNodeReq,150009
FindNodeReq,97253
FindNodeReq,78690
UpdateRouteReq,59359
UpdateRouteReq,360094
UpdateRouteReq,404511
UpdateRouteReq,528261
UpdateRouteReq,627443
FindNodeReq,788388
FindNodeReq,78981
FindNodeReq,140317
FindNodeReq,152968
FindNodeReq,78214
UpdateRouteReq,87412
Error,90340
UpdateRouteReq,352446
UpdateRouteReq,455429
FindNodeReq,544397
FindNodeReq,247355
FindNodeReq,73494
FindNodeReq,115582
Error,196721
FindNodeReq,96634
UpdateRouteReq,199307
UpdateRouteReq,276562
UpdateRouteReq,378924
FindNodeReq,489874
FindNodeReq,79744
FindNodeReq,74074
FindNodeReq,76744
FindNodeReq,78415
UpdateRouteReq,90262
UpdateRouteReq,293894
UpdateRouteReq,418182
FindNodeReq,521371
FindNodeReq,165791
FindNodeReq,78642
FindNodeReq,68847
FindNodeReq,78391
Error,86162
UpdateRouteReq,85218
FindNodeRsp,61105
FindNodeReq,148472
UpdateRouteReq,284838
UpdateRouteReq,386773
FindNodeReq,499109
FindNodeReq,123428
FindNodeReq,76412
FindNodeReq,77087
FindNodeReq,76259
UpdateRouteReq,194736
UpdateRouteReq,275970
UpdateRouteReq,379352
FindNodeReq,489833
FindNodeReq,79586
FindNodeReq,69051
FindNodeReq,78645
Error,89918
FindNodeReq,116825
UpdateRouteReq,83958
UpdateRouteReq,276560
UpdateRouteReq,379028
FindNodeReq,490351
FindNodeReq,79388
FindNodeReq,69584
FindNodeReq,93618
FindNodeReq,77133
UpdateRouteReq,88036
UpdateRouteReq,276748
UpdateRouteReq,378276
FindNodeReq,488248
FindNodeReq,92996
Error,93039
FindNodeReq,133368
FindNodeReq,171284
UpdateRouteReq,196819
FindNodeReq,87805
FindNodeReq,127579
UpdateRouteReq,210647
UpdateRouteReq,62623
FindNodeReq,154337
FindNodeReq,97862
FindNodeReq,84636
FindNodeReq,79848
UpdateRouteReq,50601
FindNodeReq,167565
UpdateRouteReq,56544
UpdateRouteReq,150302
QueryRouteRsp,110011
UpdateRouteReq,414984
UpdateRouteReq,606173
UpdateRouteReq,668538
UpdateRouteReq,765507
UpdateRouteReq,63451
UpdateRouteReq,60200
UpdateRouteReq,89881
UpdateRouteReq,155433
FindNodeReq,89763
FindNodeReq,156601
FindNodeRsp,81282
FindNodeReq,154429
Error,115982
Error,88846
Error,86580
Error,47747
Error,60598
UpdateRouteReq,467840
UpdateRouteReq,573772
UpdateRouteReq,674265
UpdateRouteReq,794620
UpdateRouteReq,207137
Error,303497
Error,302466
FindNodeRsp,87316
FindNodeRsp,90978
FindNodeReq,151237
FindNodeReq,101361
FindNodeReq,90354
FindNodeReq,79564
UpdateRouteReq,95725
UpdateRouteReq,66606
Error,170389
Error,114407
Error,95113
Error,52039
FindNodeReq,141830
FindNodeReq,88874
FindNodeReq,73660
UpdateRouteReq,45299
UpdateRouteReq,163777
UpdateRouteReq,185052
UpdateRouteReq,289793
UpdateRouteReq,199608
QueryRouteRsp,238358
UpdateRouteReq,43438
FindNodeRsp,67114
FindNodeReq,174977
FindNodeReq,101918
FindNodeReq,141610
FindNodeReq,86662
UpdateRouteReq,83924
UpdateRouteReq,298740
UpdateRouteReq,414391
UpdateRouteReq,541164
UpdateRouteReq,727344
FindNodeReq,836968
FindNodeReq,74136
FindNodeReq,73014
FindNodeReq,128842
FindNodeReq,77992
UpdateRouteReq,91894
FindNodeRsp,96612
FindNodeReq,160881
UpdateRouteReq,124413
UpdateRouteReq,356696
UpdateRouteReq,223542
Error,345921
Error,347944
Error,140575
Error,123050
Error,122739
Error,91220
Error,48205
Error,36351
UpdateRouteReq,103132
FindNodeRsp,81167
FindNodeReq,157289
FindNodeReq,100281
FindNodeReq,83743
FindNodeReq,75135
FindNodeReq,94310
UpdateRouteReq,100374
UpdateRouteReq,51579
Error,137619
UpdateRouteReq,68132
UpdateRouteReq,71103
UpdateRouteReq,96774
UpdateRouteReq,95638
UpdateRouteReq,41084
Error,140232
Error,110089
Error,154333
UpdateRouteReq,44350
UpdateRouteReq,41360
Error,88058
Error,65038
Error,67508
UpdateRouteReq,42270
Error,38941
FindNodeReq,145248
FindNodeReq,90545
FindNodeReq,74444
FindNodeReq,71651
UpdateRouteReq,45606
UpdateRouteReq,49797
UpdateRouteReq,70610
FindNodeReq,160532
FindNodeReq,152062
FindNodeReq,97238
FindNodeReq,80195
FindNodeReq,78822
UpdateRouteReq,49249
UpdateRouteReq,61957
FindNodeReq,160394
FindNodeRsp,90638
UpdateRouteReq,228227
QueryRouteRsp,242855
UpdateRouteReq,358572
UpdateRouteReq,220212
Error,83977
FindNodeRsp,134576
UpdateRouteReq,58241
FindNodeRsp,79997
FindNodeRsp,99018
UpdateRouteReq,107536
UpdateRouteReq,77664
UpdateRouteReq,96982
UpdateRouteReq,42619
UpdateRouteReq,89892
UpdateRouteReq,632842
UpdateRouteReq,737419
UpdateRouteReq,837754
UpdateRouteReq,992266
UpdateRouteReq,1022712
UpdateRouteReq,1105271
Error,58103
Error,53803
FindNodeRsp,79549
FindNodeReq,164073
FindNodeReq,161859
UpdateRouteReq,264108
UpdateRouteReq,90053
FindNodeRsp,86283
Error,117551
Error,89891
Error,84934
Error,45394
Error,59230
UpdateRouteReq,476472
UpdateRouteReq,582022
UpdateRouteReq,679955
UpdateRouteReq,798164
UpdateRouteReq,224175
Error,301713
Error,300217
FindNodeRsp,77434
UpdateRouteReq,266371
FindNodeRsp,77994
FindNodeRsp,85879
FindNodeRsp,75095
FindNodeReq,161295
FindNodeReq,151372
FindNodeReq,150283
FindNodeReq,95342
FindNodeReq,79493
UpdateRouteReq,60285
UpdateRouteReq,392393
UpdateRouteReq,438976
UpdateRouteReq,575328
UpdateRouteReq,681365
FindNodeReq,828554
Error,878629
FindNodeReq,84949
FindNodeReq,73131
FindNodeReq,121339
FindNodeReq,82660
UpdateRouteReq,93671
UpdateRouteReq,93491
UpdateRouteReq,364092
FindNodeReq,97406
Error,89117
FindNodeReq,77466
FindNodeReq,80158
FindNodeReq,81971
FindNodeReq,79799
UpdateRouteReq,133145
Error,92858
Error,82207
UpdateRouteReq,41171
Error,85440
Error,51295
UpdateRouteReq,91026
FindNodeReq,74773
FindNodeReq,71716
FindNodeReq,71660
FindNodeReq,88307
UpdateRouteReq,97398
UpdateRouteReq,93167
UpdateRouteReq,140917
UpdateRouteReq,72273
FindNodeReq,160640
UpdateRouteReq,74830
FindNodeRsp,89614
PNDiscReq,132441
QueryRouteRsp,83749
UpdateRouteReq,50797
UpdateRouteReq,466309
UpdateRouteReq,571471
UpdateRouteReq,693752
UpdateRouteReq,798190
UpdateRouteReq,807643
UpdateRouteReq,564795
UpdateRouteReq,626334
Error,707024
Error,709368
UpdateRouteReq,745612
UpdateRouteReq,631054
Error,705200
UpdateRouteReq,788363
Error,832563
UpdateRouteReq,960127
UpdateRouteReq,1065205
Error,162138
Error,80994
UpdateRouteReq,142935
Error,87283
UpdateRouteReq,49271
Error,95136
UpdateRouteReq,85447
UpdateRouteReq,66979
UpdateRouteReq,88082
UpdateRouteReq,105292
UpdateRouteReq,574635
UpdateRouteReq,682479
UpdateRouteReq,786348
UpdateRouteReq,913516
UpdateRouteReq,1018535
Error,220525
Error,340384
Error,345712
Error,347889
Error,438780
Error,110153
Error,69318
Error,69604
Error,105336
Error,76843
UpdateRouteReq,118088
FindNodeReq,154408
FindNodeReq,101330
FindNodeReq,83222
FindNodeReq,79521
FindNodeReq,160278
FindNodeReq,88671
FindNodeRsp,76798
FindNodeReq,83125
FindNodeReq,81738
UpdateRouteReq,266695
UpdateRouteReq,79704
UpdateRouteReq,91080
UpdateRouteReq,645142
UpdateRouteReq,759603
UpdateRouteReq,865919
UpdateRouteReq,1023503
UpdateRouteReq,1059647
UpdateRouteReq,1186889
Error,74224
Error,70462
FindNodeReq,173323
FindNodeRsp,92542
UpdateRouteReq,259150
UpdateRouteReq,89926
FindNodeRsp,82871
FindNodeRsp,83068
FindNodeReq,154269
FindNodeRsp,108894
FindNodeRsp,79806
FindNodeRsp,84678
Error,116827
Error,90306
Error,86010
Error,43928
Error,61574
UpdateRouteReq,470610
UpdateRouteReq,580155
UpdateRouteReq,686734
UpdateRouteReq,815794
UpdateRouteReq,226624
Error,314225
Error,313209
FindNodeRsp,78295
UpdateRouteReq,257506
FindNodeReq,156273
FindNodeReq,152076
FindNodeRsp,88330
FindNodeRsp,86898
FindNodeReq,153433
FindNodeReq,146731
FindNodeReq,143861
FindNodeReq,91966
FindNodeReq,77803
UpdateRouteReq,92457
UpdateRouteReq,343250
UpdateRouteReq,475601
UpdateRouteReq,604741
UpdateRouteReq,747064
FindNodeReq,889572
Error,943540
FindNodeReq,82407
FindNodeReq,73520
FindNodeReq,123401
FindNodeReq,82067
UpdateRouteReq,93370
UpdateRouteReq,137159
UpdateRouteReq,343193
FindNodeReq,461854
Error,130194
FindNodeReq,78138
FindNodeReq,80593
FindNodeReq,79579
FindNodeReq,113135
UpdateRouteReq,90902
UpdateRouteReq,152583
UpdateRouteReq,201691
FindNodeReq,347348
FindNodeReq,200255
FindNodeReq,78710
FindNodeReq,74914
FindNodeReq,78006
UpdateRouteReq,90693
Error,92942
UpdateRouteReq,155294
UpdateRouteReq,240764
FindNodeReq,416796
FindNodeReq,88874
FindNodeReq,75153
FindNodeReq,71610
FindNodeReq,82006
Error,92089
UpdateRouteReq,137757
UpdateRouteReq,135187
UpdateRouteReq,276452
FindNodeReq,422223
FindNodeReq,190112
FindNodeReq,75605
FindNodeReq,84439
FindNodeReq,80262
UpdateRouteReq,92774
Error,191691
UpdateRouteReq,134577
UpdateRouteReq,280219
FindNodeReq,445375
FindNodeReq,78140
FindNodeReq,75482
FindNodeReq,76787
FindNodeReq,73962
UpdateRouteReq,94292
Error,166335
UpdateRouteReq,260464
UpdateRouteReq,369975
FindNodeReq,486509
FindNodeReq,290179
FindNodeReq,116079
FindNodeReq,82318
FindNodeReq,71181
UpdateRouteReq,91662
UpdateRouteReq,84986
FindNodeReq,161178
UpdateRouteReq,56607
FindNodeRsp,84290
FindNodeReq,180478
QueryRouteRsp,92194
FindNodeReq,140397
FindNodeReq,88231
FindNodeReq,74114
UpdateRouteReq,271498
UpdateRouteReq,664202
UpdateRouteReq,790108
UpdateRouteReq,895224
FindNodeReq,1014506
UpdateRouteReq,1174432
UpdateRouteReq,1237745
FindNodeReq,210485
UpdateRouteReq,280497
UpdateRouteReq,739653
UpdateRouteReq,883980
UpdateRouteReq,1010673
UpdateRouteReq,1100953
FindNodeReq,1213146
FindNodeReq,1284804
UpdateRouteReq,1320495
UpdateRouteReq,1426773
Error,1527531
UpdateRouteReq,1589499
FindNodeReq,204541
FindNodeReq,263615
FindNodeReq,297399
FindNodeReq,70114
FindNodeReq,63635
UpdateRouteReq,91560
UpdateRouteReq,187002
UpdateRouteReq,242778
UpdateRouteReq,72160
FindNodeReq,140131
FindNodeReq,89038
FindNodeReq,72995
FindNodeReq,72169
UpdateRouteReq,104266
UpdateRouteReq,292574
UpdateRouteReq,419950
UpdateRouteReq,548144
UpdateRouteReq,690934
FindNodeReq,810046
FindNodeReq,118869
FindNodeReq,103099
FindNodeReq,80226
FindNodeReq,73836
UpdateRouteReq,91256
FindNodeReq,158102
FindNodeRsp,88998
UpdateRouteReq,240239
UpdateRouteReq,89113
FindNodeReq,158240
FindNodeRsp,85958
Error,118055
Error,91753
Error,85967
Error,45387
Error,62318
UpdateRouteReq,463465
UpdateRouteReq,638151
UpdateRouteReq,798120
UpdateRouteReq,923911
UpdateRouteReq,228375
Error,327045
Error,309836
FindNodeRsp,78004
UpdateRouteReq,89139
UpdateRouteReq,255989
UpdateRouteReq,79554
FindNodeReq,140421
FindNodeReq,88308
FindNodeReq,73547
FindNodeReq,71111
UpdateRouteReq,86209
UpdateRouteReq,504764
UpdateRouteReq,615462
UpdateRouteReq,777184
UpdateRouteReq,911643
FindNodeReq,1020660
UpdateRouteReq,65896
FindNodeReq,116468
FindNodeReq,103382
FindNodeReq,70639
FindNodeReq,81013
UpdateRouteReq,89918
FindNodeReq,157166
FindNodeReq,158389
FindNodeRsp,72715
FindNodeReq,149647
FindNodeReq,94716
FindNodeReq,81491
FindNodeReq,78044
UpdateRouteReq,309961
UpdateRouteReq,416607
FindNodeReq,576911
UpdateRouteReq,66007
FindNodeReq,101225
FindNodeReq,123197
FindNodeReq,81878
FindNodeReq,71624
UpdateRouteReq,90442
FindNodeRsp,90314
FindNodeReq,150348
FindNodeReq,96146
FindNodeReq,79905
FindNodeReq,77764
UpdateRouteReq,290447
UpdateRouteReq,222819
FindNodeReq,339042
FindNodeReq,79674
FindNodeReq,73946
FindNodeReq,100889
FindNodeReq,140951
UpdateRouteReq,109635
FindNodeReq,157569
UpdateRouteReq,238263
UpdateRouteReq,89557
FindNodeReq,140669
FindNodeReq,87644
FindNodeReq,74520
FindNodeReq,102288
UpdateRouteReq,104193
UpdateRouteReq,289410
UpdateRouteReq,411521
UpdateRouteReq,540846
UpdateRouteReq,680593
FindNodeReq,800657
FindNodeReq,119881
FindNodeReq,102506
FindNodeReq,82433
FindNodeReq,71543
UpdateRouteReq,91190
FindNodeReq,157809
FindNodeRsp,76179
FindNodeRsp,100362
UpdateRouteReq,237643
UpdateRouteReq,117217
FindNodeRsp,87130
FindNodeReq,152133
FindNodeReq,141466
FindNodeReq,87342
FindNodeReq,73626
FindNodeReq,71683
UpdateRouteReq,103723
UpdateRouteReq,510345
UpdateRouteReq,616096
UpdateRouteReq,771562
UpdateRouteReq,904876
FindNodeReq,1012183
UpdateRouteReq,64963
FindNodeReq,117687
FindNodeReq,105926
FindNodeReq,73155
FindNodeReq,80078
UpdateRouteReq,90785
FindNodeRsp,72976
UpdateRouteReq,240688
UpdateRouteReq,90985
FindNodeReq,151289
FindNodeReq,167793
FindNodeReq,91182
FindNodeReq,75817
FindNodeReq,71886
UpdateRouteReq,83483
UpdateRouteReq,293298
UpdateRouteReq,423946
UpdateRouteReq,583483
UpdateRouteReq,725249
FindNodeReq,841585
FindNodeReq,118170
FindNodeReq,102688
FindNodeReq,80634
FindNodeReq,71206
UpdateRouteReq,90373
UpdateRouteReq,277761
UpdateRouteReq,92387
FindNodeReq,150918
FindNodeRsp,85573
UpdateRouteReq,89278
UpdateRouteReq,645266
UpdateRouteReq,761101
UpdateRouteReq,870317
UpdateRouteReq,1006452
UpdateRouteReq,1039886
UpdateRouteReq,1146351
Error,73985
Error,70146
Error,123143
Error,95776
Error,91323
Error,49727
Error,39615
FindNodeRsp,93253
UpdateRouteReq,252035
UpdateRouteReq,88586
FindNodeReq,150197
FindNodeReq,88898
FindNodeReq,75354
FindNodeReq,70755
UpdateRouteReq,84455
UpdateRouteReq,285547
UpdateRouteReq,467643
UpdateRouteReq,599903
UpdateRouteReq,736171
FindNodeReq,852581
FindNodeReq,104165
FindNodeReq,101800
FindNodeReq,96250
FindNodeReq,71564
UpdateRouteReq,89578
FindNodeReq,146973
FindNodeReq,94333
FindNodeReq,78156
FindNodeReq,77783
UpdateRouteReq,286590
UpdateRouteReq,214311
FindNodeReq,329682
FindNodeReq,78694
FindNodeReq,72806
FindNodeReq,99503
FindNodeReq,141341
UpdateRouteReq,88454
FindNodeRsp,75988
FindNodeReq,146005
FindNodeReq,146648
FindNodeReq,93086
FindNodeReq,78250
FindNodeReq,78680
UpdateRouteReq,331237
UpdateRouteReq,436130
FindNodeReq,550208
UpdateRouteReq,578952
FindNodeReq,77038
FindNodeReq,73460
FindNodeReq,144559
FindNodeReq,79256
UpdateRouteReq,90120
FindNodeRsp,72623
FindNodeReq,96382
FindNodeReq,78058
FindNodeReq,75607
FindNodeReq,74154
UpdateRouteReq,91862
UpdateRouteReq,602074
UpdateRouteReq,745969
FindNodeReq,867577
FindNodeReq,143133
FindNodeReq,93618
FindNodeReq,75183
FindNodeReq,149505
UpdateRouteReq,139610
FindNodeReq,160545
FindNodeReq,156344
FindNodeReq,244839
UpdateRouteReq,279734
FindNodeRsp,80911
FindNodeReq,145977
FindNodeReq,97053
FindNodeReq,81242
FindNodeReq,77378
UpdateRouteReq,550473
UpdateRouteReq,655158
UpdateRouteReq,784467
UpdateRouteReq,817678
UpdateRouteReq,921466
FindNodeReq,1059417
Error,109910
FindNodeReq,141185
FindNodeReq,87087
FindNodeReq,70263
Error,84084
FindNodeReq,77257
UpdateRouteReq,90938
Error,115426
Error,95465
Error,51415
Error,87931
UpdateRouteReq,87734
FindNodeReq,154407
FindNodeRsp,73362
FindNodeRsp,92370
FindNodeReq,145707
FindNodeReq,93160
FindNodeReq,80890
FindNodeReq,78858
UpdateRouteReq,98622
UpdateRouteReq,70924
FindNodeReq,154736
FindNodeReq,183007
QueryRouteRsp,90827
UpdateRouteReq,86443
UpdateRouteReq,42011
UpdateRouteReq,73098
UpdateRouteReq,67938
FindNodeRsp,78814
FindNodeRsp,86131
FindNodeRsp,96436
UpdateRouteReq,66198
FindNodeReq,152198
FindNodeReq,182301
FindNodeReq,94752
FindNodeReq,77102
UpdateRouteReq,62595
UpdateRouteReq,333699
UpdateRouteReq,472220
UpdateRouteReq,571645
UpdateRouteReq,705597
FindNodeReq,840353
FindNodeReq,78402
FindNodeReq,120317
FindNodeReq,159441
FindNodeReq,141041
UpdateRouteReq,145808
Error,91498
UpdateRouteReq,288108
UpdateRouteReq,396107
FindNodeReq,513532
FindNodeReq,80554
FindNodeReq,74715
FindNodeReq,78415
FindNodeReq,95705
UpdateRouteReq,157877
FindNodeRsp,60499
UpdateRouteReq,278138
UpdateRouteReq,382920
FindNodeReq,497158
FindNodeReq,97389
Error,144396
Error,116318
FindNodeReq,178876
FindNodeReq,78491
FindNodeReq,79206
UpdateRouteReq,191591
UpdateRouteReq,275793
UpdateRouteReq,379375
FindNodeReq,493391
FindNodeReq,80282
FindNodeReq,75107
FindNodeReq,78504
FindNodeReq,78330
UpdateRouteReq,90426
UpdateRouteReq,292389
UpdateRouteReq,427586
FindNodeReq,538972
FindNodeReq,143952
FindNodeReq,79174
FindNodeReq,70283
FindNodeReq,79339
Error,56430
Error,148784
UpdateRouteReq,213511
UpdateRouteReq,284302
UpdateRouteReq,383708
FindNodeReq,497265
FindNodeReq,79925
FindNodeReq,68624
FindNodeReq,75177
FindNodeReq,74238
UpdateRouteReq,89028
UpdateRouteReq,274885
UpdateRouteReq,375396
FindNodeReq,481400
FindNodeReq,77569
FindNodeReq,73918
FindNodeReq,69546
FindNodeReq,76751
UpdateRouteReq,88154
UpdateRouteReq,274451
UpdateRouteReq,376597
FindNodeReq,487631
FindNodeReq,78304
FindNodeReq,70239
FindNodeReq,77043
FindNodeReq,74282
UpdateRouteReq,146209
UpdateRouteReq,274434
UpdateRouteReq,375218
FindNodeReq,484569
FindNodeReq,98259
FindNodeReq,70252
UpdateRouteReq,82726
FindNodeReq,155408
FindNodeReq,62717
UpdateRouteReq,174388
UpdateRouteReq,46812
UpdateRouteReq,44313
UpdateRouteReq,44235
FindNodeReq,79332
UpdateRouteReq,43835
FindNodeReq,85020
FindNodeReq,169028
FindNodeRsp,79438
Error,56335
Error,52606
UpdateRouteReq,50963
UpdateRouteReq,73937
FindNodeReq,145997
FindNodeReq,93234
FindNodeReq,78347
FindNodeReq,75314
UpdateRouteReq,51710
UpdateRouteReq,167808
UpdateRouteReq,70866
UpdateRouteReq,70904
FindNodeRsp,108743
FindNodeReq,156694
FindNodeRsp,90964
QueryRouteRsp,86626
UpdateRouteReq,105570
UpdateRouteReq,62448
FindNodeReq,162698
UpdateRouteReq,67216
FindNodeReq,151809
FindNodeRsp,80751
FindNodeReq,152037
FindNodeRsp,86878
FindNodeRsp,87063
FindNodeReq,144855
FindNodeReq,144377
FindNodeReq,91134
FindNodeReq,77102
UpdateRouteReq,91742
UpdateRouteReq,270118
UpdateRouteReq,567422
UpdateRouteReq,705156
UpdateRouteReq,838352
FindNodeReq,956591
Error,982304
FindNodeReq,77440
FindNodeReq,75278
FindNodeReq,81736
FindNodeReq,73950
UpdateRouteReq,150917
UpdateRouteReq,117123
UpdateRouteReq,272271
FindNodeReq,412003
FindNodeReq,94552
FindNodeReq,81071
FindNodeReq,77463
Error,89590
FindNodeReq,75130
UpdateRouteReq,92069
Error,182668
Error,94378
Error,113025
Error,51619
UpdateRouteReq,90060
FindNodeReq,157971
FindNodeReq,148392
FindNodeRsp,72533
FindNodeReq,138677
FindNodeReq,86918
FindNodeReq,72931
FindNodeReq,70384
UpdateRouteReq,101206
UpdateRouteReq,69818
FindNodeReq,154707
FindNodeReq,156801
FindNodeReq,94704
FindNodeReq,78276
FindNodeReq,77348
UpdateRouteReq,52794
UpdateRouteReq,61133
FindNodeRsp,80743
QueryRouteRsp,85231
UpdateRouteReq,43631
Error,116095
Error,90376
Error,85188
Error,45633
Error,59378
UpdateRouteReq,463749
UpdateRouteReq,575554
UpdateRouteReq,679475
UpdateRouteReq,805618
UpdateRouteReq,530023
UpdateRouteReq,720891
Error,800050
UpdateRouteReq,835802
UpdateRouteReq,945610
UpdateRouteReq,1054021
Error,520550
Error,517065
UpdateRouteReq,557823
UpdateRouteReq,681957
UpdateRouteReq,785882
FindNodeRsp,932456
UpdateRouteReq,971043
UpdateRouteReq,721440
Error,775683
UpdateRouteReq,813782
UpdateRouteReq,923182
UpdateRouteReq,1028541
UpdateRouteReq,1154734
UpdateRouteReq,1276940
Error,71119
Error,65746
Error,65346
FindNodeReq,149085
FindNodeReq,156185
FindNodeRsp,80033
FindNodeRsp,75357
UpdateRouteReq,297934
FindNodeReq,146181
FindNodeReq,150515
UpdateRouteReq,89966
UpdateRouteReq,642441
UpdateRouteReq,753317
UpdateRouteReq,859732
UpdateRouteReq,993240
UpdateRouteReq,1026316
UpdateRouteReq,1174442
Error,73269
Error,68710
FindNodeRsp,98781
FindNodeReq,157649
FindNodeRsp,78091
UpdateRouteReq,254774
UpdateRouteReq,90953
FindNodeRsp,70428
FindNodeRsp,88569
Error,114857
Error,91351
Error,85758
Error,48614
Error,60674
UpdateRouteReq,467762
UpdateRouteReq,575835
UpdateRouteReq,677644
UpdateRouteReq,798277
UpdateRouteReq,220290
Error,304871
Error,303748
UpdateRouteReq,255730
FindNodeRsp,78423
FindNodeRsp,88563
FindNodeRsp,89150
Error,115805
Error,87810
Error,86086
Error,44632
Error,61001
UpdateRouteReq,469168
UpdateRouteReq,583285
UpdateRouteReq,686460
UpdateRouteReq,813361
UpdateRouteReq,248939
Error,325867
Error,307365
UpdateRouteReq,103422
FindNodeRsp,80166
FindNodeReq,145677
FindNodeReq,144901
FindNodeReq,90342
FindNodeReq,74980
UpdateRouteReq,63501
UpdateRouteReq,371233
UpdateRouteReq,409032
UpdateRouteReq,541928
UpdateRouteReq,648306
FindNodeReq,791157
Error,840245
FindNodeReq,81930
FindNodeReq,77316
FindNodeReq,79650
FindNodeReq,70551
UpdateRouteReq,144617
UpdateRouteReq,151746
UpdateRouteReq,200042
FindNodeReq,344009
FindNodeReq,70027
FindNodeReq,79947
FindNodeReq,100990
Error,148141
FindNodeReq,78290
UpdateRouteReq,176456
Error,89414
Error,100110
Error,118362
Error,52823
UpdateRouteReq,109348
FindNodeReq,140337
FindNodeReq,86918
FindNodeReq,72614
FindNodeReq,71164
UpdateRouteReq,72534
FindNodeReq,155349
FindNodeRsp,89962
FindNodeReq,148531
FindNodeReq,96602
FindNodeReq,80202
FindNodeReq,77737
UpdateRouteReq,75405
UpdateRouteReq,73110
FindNodeReq,149186
QueryRouteRsp,91760
FindNodeRsp,68706
UpdateRouteReq,90993
UpdateRouteReq,668589
UpdateRouteReq,777431
UpdateRouteReq,881479
UpdateRouteReq,1001052
UpdateRouteReq,1033797
UpdateRouteReq,1159195
UpdateRouteReq,870816
UpdateRouteReq,930858
Error,1010792
Error,1011158
UpdateRouteReq,1044249
UpdateRouteReq,1153698
UpdateRouteReq,1260756
UpdateRouteReq,1388120
UpdateRouteReq,1489900
Error,247407
UpdateRouteReq,310993
Error,40223
Error,34639
UpdateRouteReq,187596
UpdateRouteReq,171743
UpdateRouteReq,564988
UpdateRouteReq,674314
UpdateRouteReq,782238
UpdateRouteReq,910408
UpdateRouteReq,1014612
Error,144439
Error,172466
UpdateRouteReq,70867
FindNodeRsp,90085
FindNodeRsp,78349
FindNodeReq,156506
UpdateRouteReq,296148
UpdateRouteReq,89102
FindNodeRsp,89558
FindNodeReq,151512
Error,114625
Error,89710
Error,84152
Error,46483
Error,60890
UpdateRouteReq,465279
UpdateRouteReq,573006
UpdateRouteReq,674900
UpdateRouteReq,800622
UpdateRouteReq,313325
UpdateRouteReq,467198
Error,603561
Error,599379
UpdateRouteReq,643902
UpdateRouteReq,752691
UpdateRouteReq,857710
UpdateRouteReq,983725
UpdateRouteReq,1116532
Error,37630
Error,35537
PathSetupReq,109772
UpdateRouteReq,200168
FindNodeRsp,81719
PathSetupReq,117483
PathSetupReq,85720
FindNodeRsp,91018
FindNodeRsp,80263
FindNodeReq,155163
FindNodeRsp,83913
Error,117549
Error,88324
Error,85647
Error,46831
Error,62350
UpdateRouteReq,467499
UpdateRouteReq,572080
UpdateRouteReq,692101
UpdateRouteReq,818411
UpdateRouteReq,234120
Error,316533
Error,315833
FindNodeRsp,63614
FindNodeReq,146664
FindNodeReq,109641
FindNodeReq,84638
FindNodeReq,75551
UpdateRouteReq,95696
FindNodeRsp,85395
UpdateRouteReq,43520
FindNodeReq,150768
UpdateRouteReq,219945
UpdateRouteReq,97106
UpdateRouteReq,88278
FindNodeReq,173424
FindNodeRsp,89034
FindNodeRsp,89115
FindNodeRsp,80331
PNHello,127550
PNDiscRsp,120817
FindNodeReq,157095
UpdateRouteReq,90227
UpdateRouteReq,645911
UpdateRouteReq,756543
UpdateRouteReq,860790
UpdateRouteReq,1015486
UpdateRouteReq,1023320
UpdateRouteReq,1129074
Error,74729
Error,70039
FindNodeRsp,76893
FindNodeRsp,90907
UpdateRouteReq,290195
UpdateRouteReq,89271
FindNodeReq,150601
FindNodeRsp,90323
FindNodeReq,156904
PathSetupReq,94314
Error,114747
Error,92144
Error,86287
Error,48446
Error,60591
UpdateRouteReq,470946
UpdateRouteReq,577491
UpdateRouteReq,678064
UpdateRouteReq,798919
UpdateRouteReq,224455
Error,322595
Error,305014
UpdateRouteReq,253808
FindNodeRsp,87574
UpdateRouteReq,90273
UpdateRouteReq,643990
UpdateRouteReq,747188
UpdateRouteReq,848521
UpdateRouteReq,977632
UpdateRouteReq,1008318
UpdateRouteReq,1141124
Error,73807
Error,69781
FindNodeRsp,71374
FindNodeRsp,91678
FindNodeReq,262971
UpdateRouteReq,298739
Error,116345
Error,89818
Error,85635
Error,48424
Error,60399
UpdateRouteReq,473966
UpdateRouteReq,582975
UpdateRouteReq,682110
UpdateRouteReq,806160
UpdateRouteReq,224920
Error,318564
Error,317987
FindNodeRsp,77708
FindNodeRsp,77428
Error,126396
Error,93974
Error,90296
Error,50919
Error,38626
UpdateRouteReq,252646
UpdateRouteReq,85963
FindNodeRsp,77336
FindNodeReq,149644
FindNodeReq,137341
FindNodeReq,88233
FindNodeReq,73304
FindNodeReq,71268
UpdateRouteReq,80511
UpdateRouteReq,297606
UpdateRouteReq,439779
UpdateRouteReq,567864
UpdateRouteReq,703516
FindNodeReq,818582
Error,840885
FindNodeReq,118545
FindNodeReq,75026
FindNodeReq,81339
FindNodeReq,79453
UpdateRouteReq,91382
FindNodeReq,146837
FindNodeReq,109632
FindNodeReq,82723
FindNodeReq,76746
UpdateRouteReq,62723
UpdateRouteReq,257615
UpdateRouteReq,360228
FindNodeReq,106040
FindNodeReq,76362
FindNodeReq,73795
FindNodeReq,72542
FindNodeReq,78914
UpdateRouteReq,92478
FindNodeReq,80918
FindNodeReq,79088
FindNodeReq,77783
FindNodeReq,76774
UpdateRouteReq,278442
UpdateRouteReq,168405
FindNodeReq,291570
FindNodeReq,101466
FindNodeReq,95238
FindNodeReq,73481
FindNodeReq,72955
UpdateRouteReq,90110
FindNodeRsp,75306
UpdateRouteReq,138322
FindNodeRsp,85778
FindNodeReq,147279
FindNodeReq,94329
FindNodeReq,81078
FindNodeReq,75946
FindNodeReq,142810
FindNodeReq,89116
FindNodeReq,80249
FindNodeReq,70806
FindNodeReq,71690
UpdateRouteReq,274896
UpdateRouteReq,358976
UpdateRouteReq,488049
UpdateRouteReq,588323
FindNodeReq,335491
UpdateRouteReq,445520
UpdateRouteReq,524401
FindNodeReq,69887
UpdateRouteReq,152726
UpdateRouteReq,283020
UpdateRouteReq,387379
UpdateRouteReq,475614
UpdateRouteReq,600791
FindNodeReq,755040
FindNodeReq,812298
UpdateRouteReq,888599
UpdateRouteReq,393018
UpdateRouteReq,498948
FindNodeReq,612950
FindNodeReq,672633
FindNodeReq,708697
FindNodeReq,70760
FindNodeReq,66539
UpdateRouteReq,92414
UpdateRouteReq,91958
UpdateRouteReq,150279
UpdateRouteReq,182364
FindNodeReq,292505
FindNodeReq,177249
FindNodeReq,166714
FindNodeReq,73964
FindNodeReq,81171
UpdateRouteReq,89844
UpdateRouteReq,135339
UpdateRouteReq,206383
FindNodeReq,322366
FindNodeReq,80413
FindNodeReq,91684
FindNodeReq,75953
FindNodeReq,76202
UpdateRouteReq,86730
UpdateRouteReq,134484
UpdateRouteReq,242895
FindNodeReq,381976
FindNodeReq,71173
FindNodeReq,73731
FindNodeReq,69562
FindNodeReq,78310
UpdateRouteReq,177717
UpdateRouteReq,129589
UpdateRouteReq,288203
FindNodeReq,452190
FindNodeReq,70969
FindNodeReq,73202
FindNodeReq,79633
FindNodeReq,91293
UpdateRouteReq,88294
UpdateRouteReq,133544
UpdateRouteReq,276798
FindNodeReq,446510
FindNodeReq,74150
FindNodeReq,73922
FindNodeReq,79782
FindNodeReq,159955
UpdateRouteReq,88489
UpdateRouteReq,135139
UpdateRouteReq,258024
FindNodeReq,422035
FindNodeReq,72871
FindNodeReq,72194
FindNodeReq,79750
FindNodeReq,156215
UpdateRouteReq,144497
UpdateRouteReq,267625
UpdateRouteReq,419245
FindNodeReq,234332
FindNodeReq,70191
FindNodeReq,74651
FindNodeReq,134925
FindNodeReq,87767
UpdateRouteReq,88569
UpdateRouteReq,245912
UpdateRouteReq,373878
FindNodeReq,512423
FindNodeReq,73998
FindNodeReq,80123
FindNodeReq,102610
FindNodeReq,71522
UpdateRouteReq,88085
UpdateRouteReq,267894
UpdateRouteReq,414452
FindNodeReq,281638
FindNodeReq,77327
FindNodeReq,75090
FindNodeReq,101947
FindNodeReq,89667
UpdateRouteReq,88439
UpdateRouteReq,291553
UpdateRouteReq,417940
FindNodeReq,262779
FindNodeReq,75158
FindNodeReq,81440
FindNodeReq,102872
FindNodeReq,70696
UpdateRouteReq,86902
UpdateRouteReq,329405
UpdateRouteReq,452863
FindNodeReq,589051
FindNodeReq,75071
FindNodeReq,119282
FindNodeReq,107412
FindNodeReq,72846
UpdateRouteReq,84831
UpdateRouteReq,338457
UpdateRouteReq,176382
FindNodeReq,328139
FindNodeReq,74582
FindNodeReq,91640
FindNodeReq,72286
FindNodeReq,74195
UpdateRouteReq,88222
UpdateRouteReq,291926
UpdateRouteReq,418049
FindNodeReq,262062
FindNodeReq,168820
FindNodeReq,72665
FindNodeReq,73101
FindNodeReq,79438
UpdateRouteReq,201289
UpdateRouteReq,296789
UpdateRouteReq,261644
FindNodeReq,371179
FindNodeReq,88622
FindNodeReq,74471
FindNodeReq,196410
FindNodeReq,146397
UpdateRouteReq,227813
UpdateRouteReq,373922
UpdateRouteReq,376101
FindNodeReq,476851
FindNodeReq,170137
FindNodeReq,117572
FindNodeReq,257290
FindNodeReq,146121
UpdateRouteReq,145769
UpdateRouteReq,187543
UpdateRouteReq,247814
FindNodeReq,412707
FindNodeReq,71304
FindNodeReq,72184
FindNodeReq,125899
FindNodeReq,73582
UpdateRouteReq,151007
UpdateRouteReq,160352
UpdateRouteReq,180211
FindNodeReq,288220
FindNodeReq,88414
FindNodeReq,74163
FindNodeReq,118820
FindNodeReq,85300
UpdateRouteReq,88194
UpdateRouteReq,237824
UpdateRouteReq,344097
FindNodeReq,291934
FindNodeReq,82129
FindNodeReq,137825
FindNodeReq,216377
FindNodeReq,84989
UpdateRouteReq,199887
UpdateRouteReq,453560
UpdateRouteReq,554532
FindNodeReq,324280
FindNodeReq,73975
FindNodeReq,172376
FindNodeReq,102629
FindNodeReq,72084
UpdateRouteReq,135358
UpdateRouteReq,164011
UpdateRouteReq,262709
FindNodeReq,373250
FindNodeReq,113509
FindNodeReq,80087
FindNodeReq,118371
FindNodeReq,98097
UpdateRouteReq,89342
UpdateRouteReq,89539
UpdateRouteReq,290883
FindNodeReq,153937
FindNodeReq,229834
FindNodeReq,74534
FindNodeReq,69872
FindNodeReq,81202
UpdateRouteReq,166565
UpdateRouteReq,211797
UpdateRouteReq,244128
FindNodeReq,354745
FindNodeReq,71227
FindNodeReq,73959
FindNodeReq,91598
FindNodeReq,73110
UpdateRouteReq,87734
UpdateRouteReq,182904
UpdateRouteReq,195916
FindNodeReq,302611
FindNodeReq,230468
FindNodeReq,71678
FindNodeReq,82017
FindNodeReq,122839
UpdateRouteReq,150708
UpdateRouteReq,217247
UpdateRouteReq,344984
FindNodeReq,174365
FindNodeReq,125351
FindNodeReq,70033
FindNodeReq,73618
FindNodeReq,134649
UpdateRouteReq,173081
UpdateRouteReq,249886
UpdateRouteReq,356791
FindNodeReq,203108
FindNodeReq,209575
FindNodeReq,76474
FindNodeReq,98472
FindNodeReq,239499
UpdateRouteReq,88686
UpdateRouteReq,282127
UpdateRouteReq,389332
FindNodeReq,202876
FindNodeReq,70487
FindNodeReq,64839
FindNodeReq,132886
FindNodeReq,66498
UpdateRouteReq,104710
UpdateRouteReq,220497
UpdateRouteReq,172112
FindNodeReq,286850
FindNodeReq,84836
FindNodeReq,212337
FindNodeReq,67518
FindNodeReq,66909
UpdateRouteReq,207582
UpdateRouteReq,220684
UpdateRouteReq,171021
FindNodeReq,289260
FindNodeReq,92467
FindNodeReq,66357
FindNodeReq,62749
FindNodeReq,118573
UpdateRouteReq,118667
UpdateRouteReq,81210
UpdateRouteReq,261294
FindNodeReq,175262
FindNodeReq,93388
FindNodeReq,79421
FindNodeReq,76187
FindNodeReq,65543
UpdateRouteReq,125714
UpdateRouteReq,95985
UpdateRouteReq,290661
FindNodeReq,406598
FindNodeReq,80963
FindNodeReq,93884
FindNodeReq,65986
FindNodeReq,94111
UpdateRouteReq,145011
UpdateRouteReq,250083
UpdateRouteReq,369284
FindNodeReq,464497
UpdateRouteReq,425872
UpdateRouteReq,523948
UpdateRouteReq,619520
FindNodeReq,717465
FindNodeReq,891654
UpdateRouteReq,973872
UpdateRouteReq,1031202
UpdateRouteReq,1137604
FindNodeReq,1241259
FindNodeReq,1318780
UpdateRouteReq,1347522
UpdateRouteReq,1494867
UpdateRouteReq,1598407
FindNodeReq,1097083
UpdateRouteReq,1161258
UpdateRouteReq,1283362
UpdateRouteReq,1396195
FindNodeReq,1545401
FindNodeReq,1622114
FindNodeReq,1705653
FindNodeReq,1732178
UpdateRouteReq,1792542
UpdateRouteReq,1869160
UpdateRouteReq,1946480
FindNodeReq,2039776
UpdateRouteReq,2151889
UpdateRouteReq,2227331
UpdateRouteReq,2321388
FindNodeReq,2398191
UpdateRouteReq,1367085
UpdateRouteReq,1462956
UpdateRouteReq,1549290
FindNodeReq,1643168
FindNodeReq,1708755
FindNodeReq,1774142
FindNodeReq,1826085
UpdateRouteReq,1937512
UpdateRouteReq,2031537
UpdateRouteReq,2103693
FindNodeReq,2180526
FindNodeReq,2265024
FindNodeReq,2288083
FindNodeReq,2343655
UpdateRouteReq,2366052
UpdateRouteReq,2437845
UpdateRouteReq,2509534
FindNodeReq,2581599
FindNodeReq,2665084
UpdateRouteReq,2733591
UpdateRouteReq,2802934
UpdateRouteReq,2876029
FindNodeReq,2965551
FindNodeReq,984050
FindNodeReq,1010938
FindNodeReq,1091768
FindNodeReq,1117743
UpdateRouteReq,1201169
UpdateRouteReq,1277756
UpdateRouteReq,1353294
FindNodeReq,1432240
FindNodeReq,1490829
FindNodeReq,1588842
FindNodeReq,1613779
FindNodeReq,1638421
UpdateRouteReq,1685234
UpdateRouteReq,1759927
UpdateRouteReq,1843724
FindNodeReq,1927050
UpdateRouteReq,2023113
UpdateRouteReq,2087427
UpdateRouteReq,2164929
FindNodeReq,2230645
UpdateRouteReq,1027916
UpdateRouteReq,1104954
UpdateRouteReq,1177797
FindNodeReq,1255926
UpdateRouteReq,1372058
UpdateRouteReq,1440306
UpdateRouteReq,1550091
FindNodeReq,1652628
FindNodeReq,1724062
UpdateRouteReq,1745642
UpdateRouteReq,1814201
UpdateRouteReq,1884188
FindNodeReq,1956177
FindNodeReq,2014025
UpdateRouteReq,2075071
UpdateRouteReq,2172002
UpdateRouteReq,689617
FindNodeReq,776916
FindNodeReq,798505
UpdateRouteReq,894728
UpdateRouteReq,963490
UpdateRouteReq,1031660
FindNodeReq,1098436
FindNodeReq,1135550
FindNodeReq,1158350
UpdateRouteReq,1195640
UpdateRouteReq,1287504
UpdateRouteReq,1383503
FindNodeReq,1463821
FindNodeReq,1484373
FindNodeReq,1505845
UpdateRouteReq,590567
UpdateRouteReq,661845
UpdateRouteReq,726096
FindNodeReq,808215
FindNodeReq,903552
FindNodeReq,925503
UpdateRouteReq,948124
UpdateRouteReq,1017721
UpdateRouteReq,1124841
FindNodeReq,1184241
FindNodeReq,1216944
FindNodeReq,1236362
FindNodeReq,1268130
FindNodeReq,1362627
UpdateRouteReq,418786
UpdateRouteReq,481738
UpdateRouteReq,541738
FindNodeReq,610478
UpdateRouteReq,632511
UpdateRouteReq,790837
UpdateRouteReq,849447
FindNodeReq,915770
FindNodeReq,250423
FindNodeReq,44133
FindNodeReq,71297
FindNodeReq,43329
UpdateRouteReq,51847
UpdateRouteReq,71021
UpdateRouteReq,93306
FindNodeReq,158157
FindNodeReq,99381
FindNodeReq,43489
FindNodeReq,41298
FindNodeReq,85802
UpdateRouteReq,51793
UpdateRouteReq,83396
UpdateRouteReq,105521
FindNodeReq,177529
FindNodeReq,52558
FindNodeReq,43390
FindNodeReq,71183
FindNodeReq,63684
UpdateRouteReq,51521
UpdateRouteReq,62068
UpdateRouteReq,156172
FindNodeReq,77076
FindNodeReq,63409
FindNodeReq,103619
FindNodeReq,44451
FindNodeReq,86261
FindNodeReq,43846
UpdateRouteReq,68790
UpdateRouteReq,121049
UpdateRouteReq,91719
FindNodeReq,154123
FindNodeReq,77238
FindNodeReq,39922
FindNodeReq,43471
FindNodeReq,75604
UpdateRouteReq,50455
UpdateRouteReq,53365
UpdateRouteReq,216318
FindNodeReq,310559
FindNodeReq,40974
FindNodeReq,42729
FindNodeReq,72672
FindNodeReq,42832
UpdateRouteReq,26137
UpdateRouteReq,84667
UpdateRouteReq,118439
UpdateRouteReq,96729
UpdateRouteReq,173414
UpdateRouteReq,132726
FindNodeReq,197856
UpdateRouteReq,219085
UpdateRouteReq,295172
UpdateRouteReq,149097
FindNodeReq,214510
FindNodeReq,249513
UpdateRouteReq,268049
UpdateRouteReq,339255
UpdateRouteReq,415158
FindNodeReq,152100
FindNodeReq,173285
Error,206410
FindNodeReq,227750
UpdateRouteReq,293242
UpdateRouteReq,347951
UpdateRouteReq,439093
FindNodeReq,505177
FindNodeReq,290554
FindNodeReq,325194
FindNodeReq,345709
UpdateRouteReq,364821
UpdateRouteReq,426051
UpdateRouteReq,502112
FindNodeReq,580105
FindNodeReq,264753
UpdateRouteReq,285788
UpdateRouteReq,350340
UpdateRouteReq,417134
FindNodeReq,481004
FindNodeReq,500813
FindNodeReq,519884
FindNodeReq,539216
FindNodeReq,294460
UpdateRouteReq,352690
UpdateRouteReq,441673
UpdateRouteReq,505540
FindNodeReq,571447
FindNodeReq,322176
Error,365289
FindNodeReq,389003
FindNodeReq,410680
FindNodeReq,432886
UpdateRouteReq,452926
UpdateRouteReq,557017
UpdateRouteReq,666190
FindNodeReq,735884
UpdateRouteReq,756708
UpdateRouteReq,244649
UpdateRouteReq,332850
FindNodeReq,413320
FindNodeReq,207817
FindNodeReq,44044
FindNodeReq,45485
FindNodeReq,46762
UpdateRouteReq,83713
UpdateRouteReq,97198
UpdateRouteReq,109246
FindNodeReq,178023
Error,207772
FindNodeReq,95215
FindNodeReq,44040
FindNodeReq,115583
FindNodeReq,83185
UpdateRouteReq,65800
UpdateRouteReq,150083
UpdateRouteReq,213781
FindNodeReq,96683
FindNodeReq,61186
FindNodeReq,51388
Error,59460
FindNodeReq,168947
UpdateRouteReq,94950
FindNodeReq,119998
UpdateRouteReq,126585
UpdateRouteReq,162637
UpdateRouteReq,124107
UpdateRouteReq,174648
UpdateRouteReq,179604
UpdateRouteReq,194844
UpdateRouteReq,198935
UpdateRouteReq,262025
FindNodeReq,325493
FindNodeReq,141253
FindNodeReq,81506
FindNodeReq,59649
FindNodeReq,45054
UpdateRouteReq,52235
UpdateRouteReq,220810
UpdateRouteReq,277977
UpdateRouteReq,281769
UpdateRouteReq,332508
FindNodeReq,371759
FindNodeReq,123268
FindNodeReq,64746
FindNodeReq,47321
FindNodeReq,79409
UpdateRouteReq,87657
UpdateRouteReq,203799
UpdateRouteReq,265646
FindNodeReq,329880
FindNodeReq,64446
FindNodeReq,72063
FindNodeReq,91843
FindNodeReq,75675
UpdateRouteReq,147278
UpdateRouteReq,226814
UpdateRouteReq,149189
FindNodeReq,212280
UpdateRouteReq,216586
UpdateRouteReq,219095
UpdateRouteReq,236226
FindNodeReq,40353
FindNodeReq,44965
FindNodeReq,37585
FindNodeReq,51430
UpdateRouteReq,131209
UpdateRouteReq,181211
UpdateRouteReq,263239
FindNodeReq,324885
FindNodeReq,57879
FindNodeReq,50945
FindNodeReq,83295
FindNodeReq,36395
UpdateRouteReq,49994
UpdateRouteReq,148540
UpdateRouteReq,205545
FindNodeReq,265812
FindNodeReq,112831
FindNodeReq,39532
FindNodeReq,41092
FindNodeReq,39851
UpdateRouteReq,97631
UpdateRouteReq,153035
UpdateRouteReq,210285
FindNodeReq,293863
FindNodeReq,40442
FindNodeReq,38757
FindNodeReq,51918
FindNodeReq,83898
UpdateRouteReq,74819
UpdateRouteReq,169961
UpdateRouteReq,229766
FindNodeReq,275764
FindNodeReq,125430
FindNodeReq,43505
FindNodeReq,38626
FindNodeReq,51892
UpdateRouteReq,151952
UpdateRouteReq,148722
UpdateRouteReq,207326
FindNodeReq,269210
FindNodeReq,172451
FindNodeReq,40077
FindNodeReq,41520
FindNodeReq,38772
UpdateRouteReq,107871
UpdateRouteReq,140128
UpdateRouteReq,201546
FindNodeReq,261771
FindNodeReq,153738
FindNodeReq,38884
FindNodeReq,52306
FindNodeReq,87073
UpdateRouteReq,72829
UpdateRouteReq,161345
UpdateRouteReq,219809
FindNodeReq,281609
FindNodeReq,127157
FindNodeReq,43583
FindNodeReq,38301
FindNodeReq,67852
UpdateRouteReq,132764
UpdateRouteReq,149838
UpdateRouteReq,208553
FindNodeReq,270557
FindNodeReq,150484
FindNodeReq,43882
FindNodeReq,41208
FindNodeReq,38075
UpdateRouteReq,141938
UpdateRouteReq,138688
UpdateRouteReq,207720
FindNodeReq,262459
FindNodeReq,89496
FindNodeReq,35502
FindNodeReq,39805
FindNodeReq,35382
UpdateRouteReq,100850
UpdateRouteReq,173392
UpdateRouteReq,189785
FindNodeReq,210808
FindNodeReq,290553
FindNodeReq,37550
FindNodeReq,41061
FindNodeReq,37162
FindNodeReq,63997
UpdateRouteReq,144401
UpdateRouteReq,142274
UpdateRouteReq,195953
FindNodeReq,254315
FindNodeReq,109601
FindNodeReq,38009
FindNodeReq,40725
FindNodeReq,36428
UpdateRouteReq,101726
UpdateRouteReq,175521
UpdateRouteReq,182445
FindNodeReq,262379
FindNodeReq,39016
FindNodeReq,37427
FindNodeReq,49617
FindNodeReq,79796
UpdateRouteReq,70494
UpdateRouteReq,139436
UpdateRouteReq,193738
FindNodeReq,252958
FindNodeReq,118183
FindNodeReq,40550
FindNodeReq,37246
FindNodeReq,48739
UpdateRouteReq,122591
UpdateRouteReq,140034
UpdateRouteReq,192222
FindNodeReq,251449
FindNodeReq,109814
FindNodeReq,37868
FindNodeReq,37550
FindNodeReq,49080
UpdateRouteReq,100510
UpdateRouteReq,141039
UpdateRouteReq,193756
FindNodeReq,250029
FindNodeReq,78553
FindNodeReq,35696
FindNodeReq,40175
FindNodeReq,33829
UpdateRouteReq,74394
UpdateRouteReq,156274
UpdateRouteReq,206430
FindNodeReq,261491
FindNodeReq,32823
FindNodeReq,38187
FindNodeReq,36821
FindNodeReq,34682
UpdateRouteReq,90178
UpdateRouteReq,124593
UpdateRouteReq,175554
FindNodeReq,227698
FindNodeReq,74502
FindNodeReq,33288
FindNodeReq,36547
FindNodeReq,35461
UpdateRouteReq,76070
UpdateRouteReq,158287
UpdateRouteReq,209305
FindNodeReq,263954
FindNodeReq,32993
FindNodeReq,38037
FindNodeReq,35284
FindNodeReq,45601
UpdateRouteReq,93968
UpdateRouteReq,130740
UpdateRouteReq,182722
FindNodeReq,235925
FindNodeReq,74807
FindNodeReq,33333
FindNodeReq,36381
FindNodeReq,33699
UpdateRouteReq,74594
UpdateRouteReq,173618
UpdateRouteReq,225776
FindNodeReq,281556
FindNodeReq,49000
FindNodeReq,38366
FindNodeReq,33492
FindNodeReq,45779
UpdateRouteReq,95390
UpdateRouteReq,131386
UpdateRouteReq,182180
FindNodeReq,235785
FindNodeReq,72481
FindNodeReq,32844
FindNodeReq,51041
FindNodeReq,38451
UpdateRouteReq,76968
UpdateRouteReq,157279
UpdateRouteReq,207146
FindNodeReq,261904
FindNodeReq,33581
FindNodeReq,37169
FindNodeReq,38470
FindNodeReq,33695
UpdateRouteReq,89616
UpdateRouteReq,122886
UpdateRouteReq,173764
FindNodeReq,259989
FindNodeReq,74770
FindNodeReq,32985
FindNodeReq,38387
FindNodeReq,33809
UpdateRouteReq,74478
UpdateRouteReq,176178
UpdateRouteReq,227538
FindNodeReq,282616
FindNodeReq,32622
FindNodeReq,37326
FindNodeReq,34985
FindNodeReq,46824
UpdateRouteReq,100695
UpdateRouteReq,132133
UpdateRouteReq,182206
FindNodeReq,234904
FindNodeReq,83897
FindNodeReq,33182
FindNodeReq,37248
FindNodeReq,38191
UpdateRouteReq,156065
UpdateRouteReq,207711
UpdateRouteReq,258782
FindNodeReq,312378
UpdateRouteReq,217524
UpdateRouteReq,312761
UpdateRouteReq,375512
FindNodeReq,430718
FindNodeReq,120958
FindNodeReq,136762
UpdateRouteReq,171336
UpdateRouteReq,273758
UpdateRouteReq,323560
FindNodeReq,375462
FindNodeReq,405961
FindNodeReq,421511
UpdateRouteReq,446850
UpdateRouteReq,511832
UpdateRouteReq,569015
FindNodeReq,86645
FindNodeReq,101572
FindNodeReq,115761
FindNodeReq,130308
UpdateRouteReq,155658
UpdateRouteReq,204255
UpdateRouteReq,253092
FindNodeReq,303969
FindNodeReq,335467
FindNodeReq,350381
FindNodeReq,367243
FindNodeReq,221652
UpdateRouteReq,236325
UpdateRouteReq,293572
UpdateRouteReq,371819
FindNodeReq,429103
FindNodeReq,443430
FindNodeReq,457134
FindNodeReq,469906
FindNodeReq,483445
UpdateRouteReq,61691
UpdateRouteReq,119426
UpdateRouteReq,165585
FindNodeReq,287973
FindNodeReq,43197
FindNodeReq,89391
FindNodeReq,32352
FindNodeReq,30781
UpdateRouteReq,67188
UpdateRouteReq,110646
UpdateRouteReq,155336
FindNodeReq,204286
FindNodeReq,35033
FindNodeReq,34192
FindNodeReq,33260
FindNodeReq,33378
UpdateRouteReq,57384
UpdateRouteReq,110952
UpdateRouteReq,155279
FindNodeReq,203937
FindNodeReq,80789
FindNodeReq,29782
FindNodeReq,33588
FindNodeReq,34501
UpdateRouteReq,68025
UpdateRouteReq,143848
UpdateRouteReq,186587
FindNodeReq,235274
FindNodeReq,31023
FindNodeReq,34593
FindNodeReq,33466
FindNodeReq,30126
UpdateRouteReq,82537
UpdateRouteReq,118884
UpdateRouteReq,167512
FindNodeReq,218367
FindNodeReq,115362
FindNodeReq,58552
FindNodeReq,52006
FindNodeReq,36181
UpdateRouteReq,41731
UpdateRouteReq,126780
UpdateRouteReq,175952
FindNodeReq,228230
FindNodeReq,82046
FindNodeReq,32567
FindNodeReq,35486
FindNodeReq,30735
UpdateRouteReq,68568
UpdateRouteReq,153484
UpdateRouteReq,199411
FindNodeReq,250226
FindNodeReq,45066
FindNodeReq,34149
FindNodeReq,34204
FindNodeReq,30833
UpdateRouteReq,81490
UpdateRouteReq,106148
UpdateRouteReq,151483
FindNodeReq,43622
FindNodeReq,61120
FindNodeReq,43080
FindNodeReq,34362
FindNodeReq,31049
UpdateRouteReq,118419
UpdateRouteReq,165442
UpdateRouteReq,234521
FindNodeReq,290617
UpdateRouteReq,306921
UpdateRouteReq,373930
UpdateRouteReq,424722
FindNodeReq,478050
FindNodeReq,30481
FindNodeReq,26613
FindNodeReq,28443
FindNodeReq,28421
UpdateRouteReq,158435
UpdateRouteReq,204665
UpdateRouteReq,248398
FindNodeReq,298637
UpdateRouteReq,86647
UpdateRouteReq,121032
UpdateRouteReq,168079
FindNodeReq,217728
FindNodeReq,40070
FindNodeReq,35287
FindNodeReq,33601
FindNodeReq,53875
UpdateRouteReq,54770
UpdateRouteReq,112741
UpdateRouteReq,160156
FindNodeReq,216304
FindNodeReq,77440
FindNodeReq,43469
FindNodeReq,34412
FindNodeReq,33416
UpdateRouteReq,145041
UpdateRouteReq,191172
UpdateRouteReq,235342
FindNodeReq,280514
UpdateRouteReq,185171
UpdateRouteReq,250815
UpdateRouteReq,306556
FindNodeReq,64336
FindNodeReq,78939
UpdateRouteReq,99731
UpdateRouteReq,147319
UpdateRouteReq,140825
FindNodeReq,200545
FindNodeReq,229642
FindNodeReq,244832
UpdateRouteReq,185119
UpdateRouteReq,230412
UpdateRouteReq,277126
FindNodeReq,327028
FindNodeReq,340625
FindNodeReq,353310
FindNodeReq,366489
FindNodeReq,72985
UpdateRouteReq,87769
UpdateRouteReq,106016
UpdateRouteReq,152247
FindNodeReq,202114
FindNodeReq,33008
FindNodeReq,45938
FindNodeReq,38553
FindNodeReq,30648
UpdateRouteReq,32381
UpdateRouteReq,162862
UpdateRouteReq,192301
FindNodeReq,244325
FindNodeReq,33185
FindNodeReq,33225
FindNodeReq,31988
FindNodeReq,33290
UpdateRouteReq,54911
UpdateRouteReq,114798
UpdateRouteReq,159517
FindNodeReq,205593
FindNodeReq,33249
FindNodeReq,43692
FindNodeReq,45255
FindNodeReq,30045
UpdateRouteReq,36779
UpdateRouteReq,105440
UpdateRouteReq,148747
FindNodeReq,201596
FindNodeReq,34197
FindNodeReq,46153
FindNodeReq,28794
FindNodeReq,32252
UpdateRouteReq,31250
UpdateRouteReq,125917
UpdateRouteReq,171417
FindNodeReq,228231
FindNodeReq,50546
FindNodeReq,76471
FindNodeReq,29657
FindNodeReq,32449
UpdateRouteReq,137110
UpdateRouteReq,182187
UpdateRouteReq,224279
FindNodeReq,273331
UpdateRouteReq,142930
UpdateRouteReq,189048
UpdateRouteReq,232514
FindNodeReq,90882
FindNodeReq,122691
FindNodeReq,25873
FindNodeReq,26955
FindNodeReq,26772
UpdateRouteReq,31523
UpdateRouteReq,127421
UpdateRouteReq,170633
FindNodeReq,218736
FindNodeReq,50676
FindNodeReq,77398
FindNodeReq,30027
FindNodeReq,31919
UpdateRouteReq,30913
UpdateRouteReq,126539
UpdateRouteReq,169490
FindNodeReq,221942
FindNodeReq,38135
FindNodeReq,47200
FindNodeReq,42922
FindNodeReq,34406
UpdateRouteReq,37366
UpdateRouteReq,126390
UpdateRouteReq,170946
FindNodeReq,218141
FindNodeReq,33454
FindNodeReq,33115
FindNodeReq,32668
FindNodeReq,58243
UpdateRouteReq,50251
UpdateRouteReq,36761
UpdateRouteReq,60359
UpdateRouteReq,41849
UpdateRouteReq,130897
UpdateRouteReq,176478
FindNodeReq,222715
QueryRouteRsp,264171
UpdateRouteReq,221485
UpdateRouteReq,250605
UpdateRouteReq,294234
FindNodeReq,350405
UpdateRouteReq,371770
UpdateRouteReq,392191
UpdateRouteReq,421907
FindNodeReq,27094
FindNodeReq,29495
FindNodeReq,26549
UpdateRouteReq,143323
UpdateRouteReq,185509
UpdateRouteReq,227562
FindNodeReq,269503
UpdateRouteReq,283855
UpdateRouteReq,205266
UpdateRouteReq,258990
UpdateRouteReq,290594
FindNodeReq,63191
FindNodeReq,77623
FindNodeReq,28422
FindNodeReq,27157
FindNodeReq,38981
UpdateRouteReq,53981
UpdateRouteReq,108380
UpdateRouteReq,151066
FindNodeReq,204490
FindNodeReq,70106
FindNodeReq,27711
FindNodeReq,49018
FindNodeReq,33273
UpdateRouteReq,151359
UpdateRouteReq,197956
UpdateRouteReq,241318
FindNodeReq,294401
UpdateRouteReq,213541
UpdateRouteReq,258185
UpdateRouteReq,299341
FindNodeReq,347331
FindNodeReq,38300
FindNodeReq,43473
UpdateRouteReq,70968
UpdateRouteReq,154467
UpdateRouteReq,195278
FindNodeReq,254068
FindNodeReq,283894
FindNodeReq,311162
UpdateRouteReq,131496
UpdateRouteReq,173180
UpdateRouteReq,217355
FindNodeReq,260122
FindNodeReq,272395
FindNodeReq,76393
FindNodeReq,87222
UpdateRouteReq,115375
UpdateRouteReq,112738
UpdateRouteReq,185047
FindNodeReq,227277
FindNodeReq,255113
FindNodeReq,268983
FindNodeReq,199829
FindNodeReq,211257
UpdateRouteReq,226163
UpdateRouteReq,271229
UpdateRouteReq,318462
FindNodeReq,364225
FindNodeReq,384447
FindNodeReq,404442
FindNodeReq,432484
FindNodeReq,72468
UpdateRouteReq,85286
UpdateRouteReq,102241
UpdateRouteReq,144310
FindNodeReq,195340
FindNodeReq,36160
FindNodeReq,32863
FindNodeReq,31232
FindNodeReq,30856
UpdateRouteReq,53156
UpdateRouteReq,102719
UpdateRouteReq,145767
FindNodeReq,197490
FindNodeReq,36789
FindNodeReq,31955
FindNodeReq,30961
FindNodeReq,64569
UpdateRouteReq,30037
UpdateRouteReq,101582
UpdateRouteReq,144532
FindNodeReq,190239
FindNodeReq,36800
FindNodeReq,31766
FindNodeReq,30855
FindNodeReq,30796
UpdateRouteReq,30181
UpdateRouteReq,128754
UpdateRouteReq,181861
FindNodeReq,231296
FindNodeReq,93483
FindNodeReq,27923
FindNodeReq,31947
FindNodeReq,31250
UpdateRouteReq,132477
UpdateRouteReq,176109
UpdateRouteReq,218280
FindNodeReq,262363
UpdateRouteReq,186833
UpdateRouteReq,240582
UpdateRouteReq,309388
FindNodeReq,47388
FindNodeReq,58755
FindNodeReq,133767
FindNodeReq,145370
UpdateRouteReq,159981
UpdateRouteReq,202810
UpdateRouteReq,245194
FindNodeReq,62622
FindNodeReq,91180
FindNodeReq,105993
UpdateRouteReq,148209
UpdateRouteReq,170861
UpdateRouteReq,211462
FindNodeReq,257268
FindNodeReq,46940
FindNodeReq,57177
FindNodeReq,70157
FindNodeReq,31078
UpdateRouteReq,52574
UpdateRouteReq,109286
UpdateRouteReq,149600
FindNodeReq,201833
FindNodeReq,39403
FindNodeReq,33192
FindNodeReq,31022
FindNodeReq,30823
UpdateRouteReq,30149
FindNodeReq,76874
FindNodeReq,96082
UpdateRouteReq,107437
FindNodeRsp,123436
FindNodeRsp,101528
UpdateRouteReq,139945
UpdateRouteReq,60600
FindNodeRsp,85894
FindNodeReq,166717
FindNodeRsp,82134
FindNodeReq,156681
UpdateRouteReq,205839
UpdateRouteReq,235083
UpdateRouteReq,339949
UpdateRouteReq,271246
UpdateRouteReq,361374
UpdateRouteReq,240144
FindNodeReq,156160
FindNodeReq,155571
FindNodeReq,155341
FindNodeRsp,70810
FindNodeReq,154069
FindNodeReq,159680
FindNodeRsp,86494
FindNodeReq,156421
FindNodeRsp,99826
FindNodeRsp,93146
FindNodeReq,160502
FindNodeRsp,91582
FindNodeRsp,88126
FindNodeRsp,84642
FindNodeReq,163468
FindNodeRsp,91856
FindNodeReq,161499
FindNodeReq,154939
FindNodeRsp,73054
FindNodeReq,155997
FindNodeReq,162905
FindNodeReq,159489
PathSetupReq,109106
PathSetupReq,119239
FindNodeRsp,90544
FindNodeRsp,81010
FindNodeRsp,112109
FindNodeRsp,90818
FindNodeReq,185244
FindNodeRsp,93551
FindNodeRsp,75023
FindNodeRsp,94854
FindNodeRsp,89769
FindNodeReq,160002
FindNodeRsp,90034
FindNodeRsp,84066
UpdateRouteReq,207591
UpdateRouteReq,239442
UpdateRouteReq,342504
UpdateRouteReq,253731
UpdateRouteReq,344108
UpdateRouteReq,245314
FindNodeRsp,88477
FindNodeReq,162756
FindNodeRsp,82891
FindNodeRsp,87468
FindNodeRsp,92574
PNHello,127612
PNDiscRsp,131001
FindNodeRsp,98753
FindNodeRsp,99652
FindNodeRsp,97368
FindNodeRsp,84686
FindNodeReq,260830
FindNodeReq,162744
FindNodeReq,158131
FindNodeRsp,97718
FindNodeRsp,85590
UpdateRouteReq,89594
UpdateRouteReq,64034
FindNodeReq,146109
FindNodeReq,145261
FindNodeRsp,60480
FindNodeReq,144359
FindNodeReq,152738
FindNodeReq,140453
FindNodeReq,85704
FindNodeReq,71687
FindNodeReq,70788
UpdateRouteReq,46652
UpdateRouteReq,64055
FindNodeReq,152020
FindNodeReq,146277
FindNodeRsp,60049
UpdateRouteReq,96247
Error,110422
Error,84170
Error,83840
Error,40139
UpdateRouteReq,75803
FindNodeRsp,67377
FindNodeReq,148293
FindNodeReq,145353
FindNodeReq,141076
FindNodeReq,90406
FindNodeReq,75078
FindNodeReq,72602
UpdateRouteReq,45891
UpdateRouteReq,46419
UpdateRouteReq,55565
FindNodeRsp,47327
Error,157441
Error,103936
Error,45014
FindNodeReq,144247
Error,112102
Error,87503
Error,81216
Error,41182
FindNodeRsp,74710
UpdateRouteReq,52019
UpdateRouteReq,48997
UpdateRouteReq,63514
FindNodeReq,79351
UpdateRouteReq,51835
FindNodeReq,84290
FindNodeReq,76089
FindNodeReq,73173
UpdateRouteReq,70106
UpdateRouteReq,67622
FindNodeRsp,57285
FindNodeReq,147641
FindNodeReq,145283
FindNodeRsp,74784
FindNodeReq,147038
FindNodeReq,144711
UpdateRouteReq,119543
UpdateRouteReq,51715
UpdateRouteReq,65718
FindNodeReq,77822
UpdateRouteReq,52161
FindNodeReq,80544
FindNodeReq,74766
FindNodeReq,73894
UpdateRouteReq,42931
UpdateRouteReq,67059
FindNodeRsp,48479
Error,156513
Error,102946
Error,42983
FindNodeReq,144557
FindNodeRsp,72397
UpdateRouteReq,63535
PathSetupReq,57227
UpdateRouteReq,64003
FindNodeRsp,49100
FindNodeRsp,66576
FindNodeRsp,61198
FindNodeReq,144607
FindNodeReq,149932
FindNodeReq,143808
FindNodeReq,146789
FindNodeReq,144556
FindNodeRsp,61329
FindNodeReq,149324
FindNodeReq,142821
FindNodeRsp,67126
FindNodeReq,142977
FindNodeRsp,62662
FindNodeReq,144485
FindNodeRsp,89452
FindNodeReq,143609
FindNodeRsp,62847
FindNodeReq,143297
FindNodeRsp,67279
FindNodeReq,150137
FindNodeReq,139901
FindNodeReq,83426
UpdateRouteReq,45230
UpdateRouteReq,58884
UpdateRouteReq,59767
FindNodeReq,77469
UpdateRouteReq,68410
UpdateRouteReq,65822
FindNodeReq,72833
FindNodeReq,75144
FindNodeReq,73558
FindNodeReq,74464
FindNodeReq,75798
UpdateRouteReq,45579
FindNodeRsp,56817
FindNodeReq,182218
UpdateRouteReq,176643
FindNodeReq,143197
FindNodeRsp,75229
FindNodeRsp,74958
FindNodeReq,149209
FindNodeReq,143671
FindNodeRsp,67659
FindNodeReq,151710
FindNodeReq,144661
FindNodeRsp,62800
FindNodeReq,143645
FindNodeRsp,68319
FindNodeRsp,73572
FindNodeReq,147821
FindNodeReq,145251
FindNodeReq,150326
FindNodeRsp,74015
FindNodeReq,149463
FindNodeReq,143822
FindNodeRsp,62654
FindNodeReq,145757
FindNodeRsp,73727
FindNodeReq,150244
FindNodeRsp,75230
UpdateRouteReq,53450
UpdateRouteReq,48541
UpdateRouteReq,41575
FindNodeRsp,77370
UpdateRouteReq,67908
UpdateRouteReq,69595
FindNodeRsp,63898
FindNodeReq,149135
FindNodeRsp,76213
UpdateRouteReq,56223
UpdateRouteReq,50969
UpdateRouteReq,108741
FindNodeRsp,69064
UpdateRouteReq,74357
FindNodeReq,149913
UpdateRouteReq,71488
FindNodeReq,146951
FindNodeRsp,64975
FindNodeReq,149964
FindNodeReq,144744
FindNodeRsp,64062
FindNodeReq,149765
FindNodeRsp,64966
FindNodeRsp,68639
FindNodeRsp,70167
FindNodeRsp,66429
FindNodeReq,143229
FindNodeReq,149600
FindNodeReq,145141
FindNodeRsp,74232
FindNodeRsp,75909
FindNodeRsp,63555
FindNodeReq,144949
FindNodeRsp,65716
FindNodeReq,170947
FindNodeRsp,64784
FindNodeReq,149327
FindNodeRsp,64883
FindNodeReq,146791
FindNodeReq,146223
FindNodeRsp,64298
FindNodeReq,151362
FindNodeReq,143139
FindNodeRsp,74864
FindNodeReq,145848
FindNodeRsp,71651
FindNodeRsp,63774
FindNodeReq,148237
FindNodeReq,144482
FindNodeRsp,63066
FindNodeReq,146102
FindNodeRsp,89054
FindNodeRsp,64319
FindNodeReq,146741
FindNodeReq,145418
FindNodeReq,146209
FindNodeRsp,64895
FindNodeReq,150989
FindNodeReq,145049
FindNodeRsp,68189
FindNodeReq,143695
FindNodeRsp,75295
FindNodeReq,150645
FindNodeReq,143137
FindNodeRsp,105034
FindNodeReq,149837
FindNodeReq,144120
FindNodeRsp,75063
FindNodeReq,152476
FindNodeReq,147257
FindNodeRsp,65731
FindNodeReq,150550
FindNodeRsp,73358
FindNodeRsp,76240
FindNodeReq,146213
FindNodeRsp,75152
FindNodeReq,148113
FindNodeReq,193457
FindNodeRsp,68022
FindNodeReq,143842
FindNodeRsp,74765
FindNodeReq,192147
PathSetupReq,59751
FindNodeReq,147664
PathSetupReq,54583
FindNodeRsp,66697
FindNodeRsp,69527
FindNodeReq,167249
FindNodeRsp,76662
FindNodeReq,143975
FindNodeReq,176925
FindNodeReq,143813
PNHello,127050
PNDiscRsp,64102
FindNodeRsp,77050
FindNodeRsp,66478
FindNodeReq,148453
FindNodeRsp,66045
FindNodeReq,148469
FindNodeRsp,65075
FindNodeReq,150384
FindNodeRsp,76118
FindNodeRsp,76215
FindNodeReq,146877
FindNodeRsp,74851
FindNodeReq,148789
FindNodeReq,146069
FindNodeRsp,86624
FindNodeReq,147825
FindNodeRsp,75742
FindNodeRsp,74723
FindNodeReq,147885
FindNodeRsp,70958
FindNodeReq,144864
FindNodeRsp,71591
FindNodeRsp,65940
FindNodeReq,149351
FindNodeReq,146880
FindNodeReq,143781
FindNodeReq,149021
FindNodeRsp,64522
FindNodeRsp,65255
FindNodeReq,153853
FindNodeReq,145061
FindNodeRsp,65911
FindNodeRsp,74234
FindNodeReq,152190
FindNodeReq,147593
FindNodeRsp,64807
FindNodeReq,146597
FindNodeRsp,68842
FindNodeRsp,78434
FindNodeReq,147970
FindNodeRsp,66644
FindNodeReq,150453
FindNodeRsp,65219
FindNodeReq,147840
FindNodeRsp,66258
FindNodeReq,150333
FindNodeReq,144345
FindNodeRsp,101671
FindNodeReq,148605
FindNodeRsp,72090
FindNodeRsp,64915
FindNodeReq,146256
FindNodeRsp,66358
FindNodeReq,150696
FindNodeReq,148143
FindNodeReq,145937
FindNodeRsp,74998
FindNodeReq,139087
FindNodeReq,146763
FindNodeRsp,67267
FindNodeReq,150171
FindNodeRsp,65234
FindNodeReq,173654
FindNodeRsp,66639
FindNodeReq,151163
FindNodeRsp,65634
FindNodeRsp,65128
FindNodeReq,145480
FindNodeRsp,76314
FindNodeRsp,76474
FindNodeReq,147425
FindNodeRsp,75971
FindNodeReq,148669
FindNodeRsp,65290
FindNodeReq,151156
FindNodeReq,144247
FindNodeRsp,64383
FindNodeRsp,70318
FindNodeRsp,64867
FindNodeReq,144325
FindNodeReq,149352
FindNodeRsp,64326
FindNodeRsp,67974
FindNodeRsp,68039
FindNodeRsp,64985
FindNodeReq,150247
FindNodeRsp,72711
FindNodeReq,152902
FindNodeReq,147801
FindNodeRsp,65673
FindNodeReq,150413
UpdateRouteReq,112505
UpdateRouteReq,53391
UpdateRouteReq,67450
FindNodeReq,77756
UpdateRouteReq,53427
FindNodeReq,80662
FindNodeReq,78162
FindNodeReq,78547
UpdateRouteReq,47998
FindNodeRsp,72837
UpdateRouteReq,46948
FindNodeReq,174212
FindNodeRsp,65503
FindNodeReq,152818
FindNodeRsp,65759
UpdateRouteReq,56271
UpdateRouteReq,50479
UpdateRouteReq,66438
FindNodeReq,80587
UpdateRouteReq,52010
FindNodeReq,84978
FindNodeReq,79557
FindNodeReq,75024
UpdateRouteReq,47788
UpdateRouteReq,68952
FindNodeRsp,58669
FindNodeReq,174144
FindNodeReq,146093
FindNodeRsp,76402
PathSetupReq,59071
FindNodeReq,152332
PathSetupReq,54615
FindNodeReq,145068
FindNodeRsp,71303
FindNodeRsp,74710
FindNodeReq,147413
FindNodeReq,144705
FindNodeRsp,71148
FindNodeReq,150101
FindNodeReq,149042
FindNodeRsp,76462
FindNodeReq,147002
FindNodeRsp,77903
FindNodeReq,151325
FindNodeReq,144839
PNDiscReq,140331
PNHello,193719
PNDiscRsp,59887
QueryRouteReq,39505
UpdateRouteReq,14827
UpdateRouteReq,13518
UpdateRouteReq,13584
QueryRouteRsp,32070
UpdateRouteReq,24759
UpdateRouteReq,14471
QueryRouteReq,75918
UpdateRouteReq,39592
QueryRouteReq,81746
QueryRouteRsp,218306
UpdateRouteReq,227967
UpdateRouteReq,269029
UpdateRouteReq,142141
QueryRouteRsp,108714
QueryRouteRsp,95566
QueryRouteReq,72919
PathSetupReq,40394
UpdateRouteReq,50372
UpdateRouteReq,93218
UpdateRouteReq,65062
PathSetupReq,54868
UpdateRouteReq,221872
PathSetupReq,44469
FindNodeRsp,127829
PNHello,165896
PNDiscRsp,111285
FindNodeRsp,111745
PNDiscReq,199837
FindNodeRsp,126029
FindNodeRsp,124618
PNHello,125533
PNDiscRsp,69919
PNDiscReq,129636
FindNodeRsp,135485
FindNodeRsp,136078
FindNodeReq,113209
FindNodeRsp,140417
FindNodeReq,176088
FindNodeReq,175243
FindNodeReq,165586
FindNodeRsp,134881
FindNodeReq,135135
FindNodeRsp,134647
PNHello,125913
PNDiscRsp,70523
FindNodeRsp,132279
PNDiscReq,124312
FindNodeRsp,125838
FindNodeRsp,133817
FindNodeReq,209690
FindNodeReq,169528
FindNodeRsp,133492
FindNodeReq,104499
FindNodeRsp,127681
FindNodeReq,169021
FindNodeRsp,128042
FindNodeReq,115841
FindNodeRsp,124507
FindNodeRsp,122232
FindNodeRsp,124313
FindNodeReq,181902
FindNodeRsp,137750
FindNodeRsp,127862
FindNodeReq,177514
FindNodeRsp,128590
FindNodeReq,178011
PNHello,149642
PNDiscRsp,71151
FindNodeRsp,118072
FindNodeRsp,123761
PNDiscReq,125823
FindNodeReq,164989
FindNodeRsp,141432
FindNodeRsp,126264
FindNodeReq,166595
FindNodeReq,169377
FindNodeRsp,135277
FindNodeReq,115362
FindNodeRsp,141526
FindNodeReq,174896
FindNodeRsp,136764
FindNodeReq,166649
FindNodeRsp,129677
FindNodeReq,173527
FindNodeRsp,142307
FindNodeReq,178090
FindNodeRsp,136139
FindNodeRsp,129004
FindNodeReq,248584
FindNodeReq,165003
FindNodeRsp,131694
FindNodeReq,173664
FindNodeReq,172261
FindNodeRsp,133085
FindNodeReq,168395
FindNodeRsp,120291
FindNodeRsp,149813
FindNodeRsp,136298
FindNodeRsp,133455
FindNodeReq,168258
FindNodeRsp,126005
FindNodeReq,190298
FindNodeReq,165692
FindNodeRsp,132201
FindNodeReq,108005
FindNodeReq,105150
FindNodeRsp,139953
FindNodeRsp,129477
FindNodeReq,167217
FindNodeRsp,118014
FindNodeRsp,136250
FindNodeReq,176122
FindNodeReq,179523
PNHello,125889
PNDiscRsp,69637
FindNodeRsp,127955
FindNodeReq,175841
FindNodeRsp,121864
FindNodeRsp,128171
FindNodeRsp,134179
PNDiscReq,126194
FindNodeRsp,140157
FindNodeRsp,119299
FindNodeRsp,128906
PathSetupReq,86551
PathSetupReq,84707
PathSetupReq,82985
FindNodeRsp,290160
FindNodeReq,163432
PathSetupReq,94482
FindNodeReq,165172
PathSetupReq,83673
FindNodeRsp,138766
PathSetupReq,80362
PathSetupReq,107374
PathSetupReq,41907
PathSetupReq,92503
FindNodeReq,205963
FindNodeRsp,137869
FindNodeReq,171084
FindNodeRsp,126082
FindNodeRsp,120963
FindNodeRsp,123029
FindNodeReq,195180
FindNodeRsp,123011
FindNodeRsp,134930
FindNodeRsp,130536
FindNodeRsp,145464
FindNodeReq,169598
FindNodeReq,168469
FindNodeRsp,124783
FindNodeRsp,130768
FindNodeRsp,117346
FindNodeRsp,135515
FindNodeRsp,136170
FindNodeReq,108027
FindNodeReq,176805
FindNodeReq,166271
FindNodeRsp,131477
FindNodeReq,103628
FindNodeRsp,131531
FindNodeReq,166838
FindNodeRsp,129309
FindNodeRsp,128687
FindNodeReq,169907
FindNodeRsp,127920
FindNodeRsp,128057
FindNodeReq,219856
FindNodeReq,170001
FindNodeRsp,142709
FindNodeReq,168482
FindNodeRsp,124510
FindNodeReq,175638
FindNodeRsp,136609
FindNodeReq,166820
FindNodeRsp,117928
FindNodeRsp,133714
FindNodeRsp,224750
FindNodeReq,168963
FindNodeReq,172003
FindNodeReq,168128
FindNodeRsp,125701
FindNodeReq,166957
FindNodeRsp,140277
FindNodeReq,174969
FindNodeRsp,119455
FindNodeReq,168175
FindNodeRsp,137338
FindNodeRsp,115730
FindNodeRsp,129217
FindNodeRsp,131455
FindNodeReq,164174
FindNodeReq,176254
FindNodeReq,168729
FindNodeRsp,143757
FindNodeRsp,123406
FindNodeReq,177690
FindNodeReq,205828
FindNodeRsp,119326
FindNodeRsp,130541
PNHello,148561
PNDiscRsp,67875
FindNodeReq,170874
FindNodeRsp,124280
FindNodeRsp,121536
FindNodeRsp,139465
FindNodeReq,175328
FindNodeRsp,128841
FindNodeReq,168084
FindNodeRsp,112010
FindNodeReq,109646
FindNodeRsp,125033
FindNodeReq,166402
FindNodeRsp,128864
FindNodeRsp,119768
PNDiscReq,128245
FindNodeRsp,134093
FindNodeReq,167525
FindNodeRsp,139164
FindNodeReq,166145
FindNodeRsp,132142
FindNodeRsp,118422
FindNodeReq,166013
FindNodeRsp,119671
FindNodeRsp,147327
FindNodeRsp,116301
FindNodeReq,163765
PathSetupReq,85279
FindNodeReq,105598
FindNodeRsp,143891
PathSetupReq,66842
PathSetupReq,66711
FindNodeRsp,121230
PathSetupReq,111934
FindNodeReq,167360
PathSetupReq,82619
FindNodeRsp,140432
PathSetupReq,66202
PathSetupReq,96462
PathSetupReq,98937
PathSetupReq,47864
FindNodeReq,109305
FindNodeRsp,138191
FindNodeRsp,138032
FindNodeRsp,123966
FindNodeRsp,160076
FindNodeRsp,132825
FindNodeRsp,127421
FindNodeRsp,117313
FindNodeReq,206896
FindNodeRsp,120343
FindNodeReq,165316
FindNodeRsp,125290
FindNodeRsp,125145
FindNodeRsp,136914
FindNodeRsp,122014
FindNodeReq,165064
FindNodeRsp,132941
FindNodeReq,165898
FindNodeRsp,134781
FindNodeReq,171737
FindNodeRsp,125865
FindNodeReq,109997
FindNodeRsp,130065
FindNodeRsp,126152
FindNodeRsp,134189
FindNodeReq,163657
FindNodeReq,180221
FindNodeRsp,119877
FindNodeReq,179224
FindNodeRsp,138196
FindNodeRsp,131903
FindNodeReq,168879
FindNodeRsp,121097
FindNodeReq,167332
FindNodeRsp,130407
FindNodeReq,170249
FindNodeRsp,119095
FindNodeRsp,136331
FindNodeRsp,158063
FindNodeReq,166220
FindNodeRsp,133351
FindNodeReq,112253
FindNodeReq,169089
FindNodeRsp,132250
FindNodeReq,189176
FindNodeRsp,136291
FindNodeReq,164643
FindNodeRsp,117442
FindNodeRsp,122790
FindNodeRsp,113914
FindNodeRsp,129613
FindNodeReq,208086
FindNodeReq,106957
FindNodeRsp,117514
FindNodeReq,122653
FindNodeReq,179186
FindNodeRsp,141833
FindNodeReq,171549
FindNodeRsp,125914
FindNodeReq,180645
FindNodeRsp,123879
FindNodeReq,225155
FindNodeRsp,124557
FindNodeRsp,155699
FindNodeReq,167069
FindNodeRsp,125598
FindNodeReq,165360
FindNodeRsp,128230
FindNodeReq,172272
FindNodeRsp,141884
FindNodeReq,131627
FindNodeReq,176569
FindNodeRsp,136847
FindNodeReq,172908
FindNodeRsp,131799
FindNodeRsp,122066
FindNodeRsp,118452
FindNodeRsp,137151
FindNodeRsp,170750
FindNodeReq,175608
FindNodeReq,177503
FindNodeRsp,136598
FindNodeRsp,134526
FindNodeRsp,128056
PathSetupReq,85529
FindNodeRsp,118034
FindNodeReq,180800
PathSetupReq,85020
PathSetupReq,98672
FindNodeRsp,113594
PathSetupReq,116326
FindNodeReq,166763
PathSetupReq,64348
PathSetupReq,99663
FindNodeRsp,145659
PathSetupReq,109648
PathSetupReq,137978
PathSetupReq,37813
FindNodeReq,104031
FindNodeRsp,62786
FindNodeReq,134492
FindNodeRsp,172364
FindNodeRsp,140317
FindNodeReq,111424
FindNodeRsp,139441
FindNodeRsp,136469
FindNodeRsp,122185
FindNodeReq,286978
FindNodeRsp,131325
FindNodeReq,173932
PNHello,123819
PNDiscRsp,70883
FindNodeRsp,139093
FindNodeReq,182876
FindNodeRsp,138097
FindNodeRsp,135062
FindNodeReq,107117
FindNodeRsp,145765
FindNodeRsp,117999
PNDiscReq,130026
FindNodeRsp,115415
FindNodeRsp,122117
FindNodeReq,160429
FindNodeRsp,126089
FindNodeRsp,138991
FindNodeRsp,135703
FindNodeRsp,122509
FindNodeReq,129924
FindNodeReq,174138
FindNodeRsp,134497
FindNodeReq,174750
FindNodeReq,111687
FindNodeReq,341268
FindNodeRsp,122376
FindNodeReq,181387
FindNodeRsp,138851
FindNodeRsp,137555
FindNodeRsp,113024
FindNodeRsp,139626
FindNodeReq,163680
FindNodeRsp,129843
FindNodeReq,157904
FindNodeReq,118608
FindNodeRsp,136285
FindNodeRsp,137375
FindNodeRsp,135065
FindNodeReq,173832
FindNodeRsp,111767
FindNodeRsp,113032
FindNodeRsp,123380
FindNodeReq,102293
FindNodeRsp,122086
FindNodeRsp,132712
FindNodeRsp,138165
FindNodeReq,132705
FindNodeReq,178523
FindNodeRsp,136854
FindNodeRsp,135045
FindNodeRsp,116027
PathSetupReq,89718
FindNodeRsp,141937
PathSetupReq,83941
FindNodeRsp,115694
PathSetupReq,97349
PathSetupReq,126049
PathSetupReq,250603
PathSetupReq,257411
FindNodeReq,127706
FindNodeRsp,119306
FindNodeRsp,136865
FindNodeReq,163071
FindNodeReq,179260
FindNodeReq,115220
FindNodeReq,200832
FindNodeRsp,131049
FindNodeReq,180168
FindNodeRsp,142603
FindNodeRsp,133893
FindNodeReq,163329
FindNodeReq,163383
FindNodeRsp,133365
FindNodeReq,179160
FindNodeRsp,161860
FindNodeReq,193365
FindNodeReq,108823
FindNodeReq,174916
FindNodeReq,119131
FindNodeRsp,131161
FindNodeRsp,132725
FindNodeReq,127928
FindNodeReq,177319
FindNodeReq,115126
FindNodeRsp,113146
FindNodeRsp,115521
FindNodeReq,102808
FindNodeRsp,139089
FindNodeReq,177380
FindNodeRsp,137683
FindNodeRsp,138619
FindNodeRsp,139872
FindNodeRsp,140823
FindNodeRsp,123905
FindNodeReq,114259
FindNodeRsp,130301
FindNodeReq,170933
FindNodeRsp,135401
PNHello,125748
PNDiscRsp,72461
FindNodeRsp,133901
FindNodeRsp,137061
FindNodeReq,173888
FindNodeRsp,133830
FindNodeReq,105741
FindNodeRsp,134561
FindNodeRsp,116769
FindNodeRsp,130269
PNDiscReq,150212
FindNodeRsp,135697
FindNodeReq,178528
FindNodeRsp,131592
FindNodeReq,172488
FindNodeRsp,122530
FindNodeRsp,142021
PathSetupReq,85382
FindNodeRsp,134588
PathSetupReq,100718
FindNodeRsp,125105
FindNodeReq,133295
PathSetupReq,81438
PathSetupReq,110254
PathSetupReq,240791
PathSetupReq,233489
FindNodeReq,106356
FindNodeRsp,162496
FindNodeReq,121741
FindNodeRsp,125128
FindNodeRsp,129051
FindNodeReq,146073
FindNodeRsp,139725
FindNodeRsp,135985
FindNodeRsp,136062
FindNodeReq,163424
FindNodeReq,161663
FindNodeReq,223040
FindNodeRsp,120284
FindNodeReq,178496
FindNodeRsp,118676
FindNodeReq,104270
FindNodeRsp,133611
FindNodeReq,173540
FindNodeRsp,150781
FindNodeRsp,134409
FindNodeRsp,135288
FindNodeRsp,163636
FindNodeReq,177834
FindNodeRsp,129081
FindNodeReq,179223
FindNodeRsp,133604
FindNodeRsp,142161
FindNodeReq,173780
FindNodeReq,110271
FindNodeRsp,131352
FindNodeReq,161852
FindNodeReq,175060
UpdateRouteReq,355340
UpdateRouteReq,526764
FindNodeReq,603770
UpdateRouteReq,712345
UpdateRouteReq,893964
UpdateRouteReq,1032006
UpdateRouteReq,277643
FindNodeRsp,82083
FindNodeReq,146193
FindNodeRsp,79591
FindNodeReq,163872
FindNodeRsp,122534
FindNodeReq,216099
FindNodeRsp,132738
FindNodeReq,181491
FindNodeReq,146144
FindNodeRsp,132610
FindNodeRsp,129395
FindNodeRsp,124362
FindNodeReq,117452
FindNodeReq,103300
FindNodeRsp,80935
FindNodeRsp,79870
FindNodeRsp,137341
FindNodeRsp,118745
FindNodeReq,190928
FindNodeRsp,77454
FindNodeReq,110697
FindNodeReq,138287
FindNodeReq,87078
UpdateRouteReq,102328
UpdateRouteReq,100669
Error,213140
UpdateRouteReq,211039
UpdateRouteReq,48425
Error,118134
UpdateRouteReq,53805
Error,134730
Error,138735
Error,49927
Error,87300
UpdateRouteReq,51290
UpdateRouteReq,46212
UpdateRouteReq,54864
PathTeardownReq,41424
Error,85664
FindNodeReq,80027
UpdateRouteReq,49128
UpdateRouteReq,46505
FindNodeReq,92013
PathTeardownReq,44899
Error,94198
UpdateRouteReq,48915
UpdateRouteReq,44387
FindNodeReq,113830
FindNodeReq,108793
UpdateRouteReq,79858
PathSetupReq,68764
Error,156427
UpdateRouteReq,57113
PathSetupReq,42372
UpdateRouteReq,50535
UpdateRouteReq,47277
UpdateRouteReq,45355
UpdateRouteReq,43119
UpdateRouteReq,82042
Error,59286
Error,172572
FindNodeReq,209161
PathTeardownReq,214541
UpdateRouteReq,49111
UpdateRouteReq,47383
UpdateRouteReq,67991
UpdateRouteReq,68334
UpdateRouteReq,43270
FindNodeReq,168031
FindNodeReq,201755
FindNodeReq,80874
FindNodeReq,86874
FindNodeReq,76199
UpdateRouteReq,46149
PathTeardownReq,95354
FindNodeReq,91919
UpdateRouteReq,50698
FindNodeReq,121051
UpdateRouteReq,53189
UpdateRouteReq,69423
UpdateRouteReq,79974
UpdateRouteReq,49735
UpdateRouteReq,51039
PathSetupReq,64431
UpdateRouteReq,68746
Error,100987
UpdateRouteReq,104310
PathSetupReq,97486
FindNodeReq,125042
FindNodeReq,93887
UpdateRouteReq,46772
FindNodeReq,168048
FindNodeReq,213412
FindNodeReq,86371
UpdateRouteReq,53855
UpdateRouteReq,52445
PathTeardownReq,72627
PathSetupReq,48827
PathTeardownReq,45359
PathSetupReq,56314
PathTeardownReq,45181
PathSetupReq,62044
PathTeardownReq,40800
PathSetupReq,68349
PathTeardownReq,67922
PathSetupReq,43776
PathTeardownReq,92644
FindNodeReq,174096
FindNodeReq,89006
UpdateRouteReq,63055
UpdateRouteReq,64714
UpdateRouteReq,48466
FindNodeReq,88931
PathSetupReq,36564
PathTeardownReq,34603
PathSetupReq,42675
PathTeardownReq,40611
PathSetupReq,32403
PathTeardownReq,33591
PathSetupReq,119121
PathTeardownReq,95890
PathTeardownReq,51670
PathSetupReq,52910
PathTeardownReq,48627
FindNodeReq,184640
UpdateRouteReq,182715
UpdateRouteReq,51799
UpdateRouteReq,55577
PathSetupReq,43039
UpdateRouteReq,93314
PathSetupReq,91566
FindNodeReq,104590
UpdateRouteReq,109776
UpdateRouteReq,69770
FindNodeRsp,106842
FindNodeReq,159109
UpdateRouteReq,211303
UpdateRouteReq,118788
UpdateRouteReq,178050
UpdateRouteReq,145215
FindNodeRsp,96785
UpdateRouteReq,42417
FindNodeReq,153485
UpdateRouteReq,242654
FindNodeReq,102031
UpdateRouteReq,159201
FindNodeReq,164576
UpdateRouteReq,78397
UpdateRouteReq,166929
Error,70330
Error,57419
Error,51549
Error,159649
Error,196492
Error,108534
Error,190364
Error,76156
Error,44103
FindNodeRsp,120250
FindNodeReq,209691
FindNodeReq,167440
FindNodeReq,156404
FindNodeReq,145104
FindNodeReq,91371
FindNodeReq,77033
FindNodeReq,74960
UpdateRouteReq,40208
FindNodeReq,159435
UpdateRouteReq,41263
UpdateRouteReq,40075
UpdateRouteReq,62378
FindNodeRsp,113091
FindNodeReq,169537
Error,167792
Error,76274
FindNodeReq,153524
FindNodeReq,161816
FindNodeRsp,113741
FindNodeReq,154880
FindNodeReq,164144
PathSetupReq,81894
FindNodeRsp,73919
FindNodeRsp,104496
PathSetupReq,79362
FindNodeRsp,99858
FindNodeReq,163454
FindNodeReq,178687
PathSetupReq,76258
PathSetupReq,87505
PathSetupReq,146550
PathSetupReq,161649
FindNodeReq,121450
FindNodeRsp,117931
FindNodeRsp,108438
FindNodeReq,154999
FindNodeReq,166687
UpdateRouteReq,61173
FindNodeRsp,105935
FindNodeReq,149567
FindNodeReq,166823
FindNodeRsp,109862
FindNodeReq,164564
FindNodeRsp,73622
FindNodeRsp,118202
FindNodeReq,167524
FindNodeRsp,114373
FindNodeReq,161541
FindNodeReq,260112
Error,133090
UpdateRouteReq,192941
UpdateRouteReq,105109
Error,168843
UpdateRouteReq,163726
Error,84442
Error,80602
FindNodeReq,93566
Error,80619
UpdateRouteReq,66945
Error,75758
UpdateRouteReq,49664
UpdateRouteReq,44335
UpdateRouteReq,165333
PathTeardownReq,46081
FindNodeReq,202107
UpdateRouteReq,56581
UpdateRouteReq,66550
UpdateRouteReq,46883
PathTeardownReq,46103
FindNodeReq,185865
UpdateRouteReq,54898
FindNodeReq,120977
UpdateRouteReq,68318
UpdateRouteReq,43672
Error,161657
UpdateRouteReq,58781
UpdateRouteReq,51324
PathSetupReq,40923
UpdateRouteReq,51862
UpdateRouteReq,41271
UpdateRouteReq,39265
PathSetupReq,41980
PathTeardownReq,71622
FindNodeReq,152879
PathTeardownReq,88638
FindNodeReq,148162
Error,113223
UpdateRouteReq,56169
PathSetupReq,41350
FindNodeReq,86753
UpdateRouteReq,46825
FindNodeReq,86622
UpdateRouteReq,78850
PathSetupReq,66751
Error,161344
FindNodeReq,95666
UpdateRouteReq,40044
UpdateRouteReq,43008
FindNodeReq,160233
Error,158153
UpdateRouteReq,54959
UpdateRouteReq,46021
PathTeardownReq,118574
UpdateRouteReq,110838
UpdateRouteReq,118117
PathSetupReq,78593
UpdateRouteReq,78826
PathTeardownReq,37380
Error,105716
UpdateRouteReq,96104
PathSetupReq,54330
UpdateRouteReq,46531
PathTeardownReq,131272
PathTeardownReq,86907
PathSetupReq,79854
PathTeardownReq,43711
UpdateRouteReq,63279
UpdateRouteReq,63555
UpdateRouteReq,71522
UpdateRouteReq,63211
UpdateRouteReq,64152
UpdateRouteReq,38805
UpdateRouteReq,40888
PathSetupReq,33142
UpdateRouteReq,60577
PathSetupReq,41379
PathTeardownReq,37525
UpdateRouteReq,89794
QueryRouteReq,101096
UpdateRouteReq,110190
UpdateRouteReq,45887
UpdateRouteReq,36172
UpdateRouteReq,121499
QueryRouteReq,224622
FindNodeReq,86422
UpdateRouteReq,40529
UpdateRouteReq,157182
UpdateRouteReq,152407
UpdateRouteReq,156248
PathSetupReq,156244
UpdateRouteReq,161831
UpdateRouteReq,56987
PathTeardownReq,171113
UpdateRouteReq,77168
PathSetupReq,73854
PathTeardownReq,49920
FindNodeRsp,99688
UpdateRouteReq,285564
UpdateRouteReq,311722
UpdateRouteReq,386450
UpdateRouteReq,415167
UpdateRouteReq,538856
UpdateRouteReq,264134
FindNodeReq,159535
PNHello,126358
PNDiscRsp,61911
FindNodeRsp,112002
FindNodeReq,179567
FindNodeRsp,83702
FindNodeReq,161304
FindNodeReq,112307
FindNodeRsp,104186
FindNodeRsp,123058
FindNodeRsp,105526
FindNodeRsp,105246
FindNodeReq,150123
PNDiscReq,161363
FindNodeRsp,76048
FindNodeReq,160473
FindNodeReq,160562
FindNodeReq,97180
FindNodeRsp,75207
FindNodeRsp,77643
FindNodeReq,106830
FindNodeRsp,124834
FindNodeRsp,76550
FindNodeRsp,111614
FindNodeReq,95270
FindNodeRsp,111584
FindNodeReq,150208
FindNodeReq,159389
FindNodeRsp,105805
FindNodeRsp,103766
FindNodeReq,156544
FindNodeReq,96230
FindNodeRsp,104299
FindNodeReq,258267
FindNodeReq,160292
FindNodeRsp,102896
FindNodeReq,160854
FindNodeRsp,105966
FindNodeReq,107018
FindNodeRsp,102738
FindNodeReq,176876
FindNodeRsp,113480
FindNodeReq,156769
FindNodeRsp,103670
FindNodeReq,102850
FindNodeRsp,117410
FindNodeReq,148746
FindNodeRsp,104622
FindNodeReq,107154
FindNodeRsp,104268
FindNodeRsp,78798
FindNodeReq,160268
FindNodeReq,102970
FindNodeRsp,80423
FindNodeReq,150241
PathSetupReq,164801
PathSetupReq,222771
PathSetupReq,53192
FindNodeReq,96843
FindNodeRsp,121057
FindNodeRsp,78356
FindNodeRsp,103434
FindNodeReq,157148
FindNodeReq,150813
FindNodeRsp,116501
FindNodeRsp,114574
FindNodeRsp,80505
FindNodeRsp,114861
FindNodeReq,104468
FindNodeRsp,79414
FindNodeReq,149993
FindNodeReq,157516
FindNodeReq,102684
FindNodeReq,157866
FindNodeRsp,124110
FindNodeReq,107708
FindNodeRsp,107550
FindNodeReq,101105
FindNodeRsp,114065
FindNodeReq,187845
FindNodeRsp,112221
FindNodeRsp,116911
FindNodeReq,162516
FindNodeRsp,107418
FindNodeReq,258860
FindNodeRsp,114098
FindNodeReq,150509
FindNodeReq,98702
FindNodeRsp,123459
FindNodeRsp,118262
FindNodeReq,102497
FindNodeReq,108158
FindNodeRsp,117681
FindNodeRsp,110648
FindNodeRsp,114036
FindNodeReq,149526
PNHello,124578
PNDiscRsp,66479
FindNodeReq,156047
FindNodeReq,106264
FindNodeRsp,115765
FindNodeRsp,145080
FindNodeRsp,79057
FindNodeReq,177158
FindNodeRsp,79873
PNDiscReq,111246
FindNodeRsp,103213
FindNodeRsp,104774
FindNodeRsp,108727
FindNodeRsp,116350
FindNodeRsp,106204
FindNodeReq,150499
FindNodeReq,156426
PathSetupReq,136114
PathSetupReq,45368
PathSetupReq,53573
FindNodeReq,161120
FindNodeReq,101768
FindNodeRsp,123303
FindNodeRsp,79045
FindNodeRsp,105599
FindNodeRsp,106477
FindNodeReq,161891
FindNodeRsp,102558
FindNodeReq,186472
FindNodeRsp,113879
FindNodeReq,156472
FindNodeRsp,103421
FindNodeReq,162131
FindNodeRsp,118873
FindNodeReq,162829
FindNodeReq,152020
FindNodeRsp,125708
FindNodeReq,162560
FindNodeRsp,115612
FindNodeRsp,116078
FindNodeReq,151417
FindNodeRsp,113817
FindNodeReq,161329
FindNodeRsp,101114
FindNodeRsp,103103
FindNodeReq,92831
FindNodeRsp,99840
FindNodeRsp,99622
FindNodeReq,155393
FindNodeRsp,147253
FindNodeRsp,98450
FindNodeReq,105998
FindNodeRsp,93234
FindNodeReq,264426
FindNodeReq,340089
FindNodeReq,171053
FindNodeReq,218488
UpdateRouteReq,77219
FindNodeReq,72100
UpdateRouteReq,96962
UpdateRouteReq,94974
UpdateRouteReq,79713
FindNodeReq,114321
FindNodeReq,141305
UpdateRouteReq,150438
UpdateRouteReq,57710
FindNodeReq,65818
FindNodeReq,66587
FindNodeReq,66275
FindNodeReq,66695
UpdateRouteReq,42079
FindNodeReq,73450
FindNodeReq,72263
UpdateRouteReq,42328
FindNodeReq,145690
FindNodeRsp,73660
FindNodeReq,145040
FindNodeRsp,53195
FindNodeReq,142881
FindNodeRsp,72066
FindNodeRsp,53946
FindNodeRsp,75379
FindNodeReq,143312
Error,110258
Error,84767
Error,79952
Error,39119
FindNodeRsp,73989
FindNodeReq,106414
FindNodeRsp,58022
FindNodeRsp,89303
FindNodeRsp,44611
FindNodeReq,142883
FindNodeRsp,54098
FindNodeRsp,63980
FindNodeRsp,75258
FindNodeReq,142824
FindNodeRsp,68075
FindNodeReq,142385
FindNodeReq,153640
FindNodeRsp,46579
Error,156052
Error,98418
Error,41547
Error,77527
Error,69613
UpdateRouteReq,40097
Error,76029
Error,67512
Error,67666
Error,70089
Error,99338
Error,68986
Error,34490
Error,35100
FindNodeReq,141925
FindNodeRsp,44691
FindNodeReq,98922
QueryRouteRsp,72022
UpdateRouteReq,95614
FindNodeRsp,48032
FindNodeRsp,63644
FindNodeReq,136022
FindNodeRsp,60295
FindNodeReq,91052
UpdateRouteReq,72553
Error,142218
FindNodeReq,151225
Error,93409
FindNodeReq,124253
FindNodeReq,106201
Error,73299
FindNodeReq,82189
Error,116635
FindNodeReq,74446
Error,110210
Error,79194
Error,93287
Error,90533
UpdateRouteReq,84118
Error,109897
FindNodeReq,260439
FindNodeRsp,311989
FindNodeReq,211310
Error,94945
FindNodeReq,127832
Error,91937
FindNodeReq,69213
Error,77906
FindNodeReq,90303
FindNodeRsp,103869
UpdateRouteReq,45547
FindNodeReq,243117
UpdateRouteReq,57102
FindNodeReq,192071
FindNodeReq,316579
FindNodeRsp,58475
FindNodeReq,98473
FindNodeReq,142924
FindNodeRsp,70158
FindNodeReq,110201
PathSetupReq,110783
PathSetupReq,174544
PathSetupReq,72154
FindNodeReq,176294
FindNodeRsp,94982
FindNodeReq,171786
FindNodeReq,332711
Error,492411
FindNodeReq,71354
Error,79172
FindNodeReq,90040
Error,125675
Error,153256
FindNodeReq,84684
FindNodeRsp,101641
FindNodeReq,121486
Error,159871
Error,221380
Error,134565
Error,213732
Error,169161
Error,142278
Error,79290
Error,224944
Error,208743
Error,258775
UpdateRouteReq,266765
Error,306515
Error,466179
Error,191334
Error,227510
Error,162752
Error,196916
Error,205478
UpdateRouteReq,250251
Error,202610
Error,277788
Error,278678
Error,278967
Error,149103
Error,218203
UpdateRouteReq,226739
Error,198742
FindNodeRsp,203543
Error,111889
Error,162795
Error,141305
UpdateRouteReq,143723
Error,202506
Error,106509
Error,142415
Error,56474
Error,52915
Error,90542
Error,97602
Error,41987
FindNodeRsp,61675
FindNodeRsp,58351
FindNodeReq,92305
QueryRouteRsp,109149
UpdateRouteReq,151776
Error,158956
Error,88718
Error,82627
FindNodeRsp,45481
FindNodeRsp,105521
FindNodeRsp,41015
UpdateRouteReq,86958
FindNodeRsp,69713
FindNodeRsp,39978
FindNodeReq,642721
FindNodeReq,742939
Error,818430
Error,883333
UpdateRouteReq,893993
Error,947045
Error,1003233
Error,1001026
FindNodeReq,330175
FindNodeReq,371530
Error,455458
Error,537220
FindNodeRsp,545970
FindNodeReq,179437
FindNodeReq,214479
Error,276110
Error,368620
FindNodeReq,180677
FindNodeReq,225655
Error,278966
Error,334849
FindNodeReq,196498
FindNodeReq,236628
Error,240015
Error,247791
Error,179652
Error,126696
Error,192298
Error,187901
Error,164278
Error,155860
Error,235202
Error,225950
Error,97127
Error,135536
Error,57915
Error,55214
Error,32563
FindNodeRsp,93900
UpdateRouteReq,89930
QueryRouteRsp,71492
FindNodeReq,137061
FindNodeRsp,42404
FindNodeReq,50782
FindNodeReq,42191
FindNodeRsp,183074
FindNodeReq,141669
FindNodeRsp,54151
FindNodeRsp,158309
FindNodeReq,85233
FindNodeRsp,39958
FindNodeRsp,48299
PNHello,126347
PNDiscRsp,105496
FindNodeReq,153550
FindNodeReq,86614
FindNodeRsp,39441
FindNodeReq,85185
FindNodeRsp,44934
FindNodeReq,81055
FindNodeRsp,53005
FindNodeReq,141033
FindNodeReq,152104
FindNodeReq,79774
FindNodeRsp,44730
FindNodeReq,94754
Error,107363
Error,82733
Error,40059
Error,58713
FindNodeReq,228650
FindNodeReq,72422
Error,37039
FindNodeReq,93072
Error,33136
FindNodeReq,70227
FindNodeReq,77419
UpdateRouteReq,60265
FindNodeReq,125762
FindNodeRsp,99276
FindNodeRsp,68259
FindNodeReq,92340
FindNodeRsp,52327
FindNodeReq,142137
FindNodeRsp,97936
Error,108858
Error,82902
Error,78631
Error,39392
Error,56602
FindNodeReq,245027
FindNodeReq,69787
Error,50612
Error,31385
FindNodeReq,69795
FindNodeReq,79002
FindNodeReq,69204
UpdateRouteReq,62543
FindNodeReq,136214
PNDiscReq,109018
FindNodeReq,204183
FindNodeRsp,44927
FindNodeRsp,53704
FindNodeRsp,74858
FindNodeRsp,50295
FindNodeReq,143719
FindNodeRsp,50625
FindNodeReq,90648
FindNodeReq,143844
FindNodeRsp,45885
FindNodeReq,156659
FindNodeRsp,56907
FindNodeReq,86203
FindNodeRsp,95826
Error,106797
Error,83654
Error,78231
Error,38165
Error,58959
FindNodeReq,230195
FindNodeReq,75274
Error,48510
Error,31775
FindNodeReq,72153
FindNodeReq,77744
FindNodeReq,73407
UpdateRouteReq,47121
FindNodeReq,193995
FindNodeRsp,60502
FindNodeRsp,43232
FindNodeReq,144420
FindNodeRsp,54437
FindNodeReq,113878
FindNodeRsp,61639
FindNodeReq,93245
FindNodeRsp,56595
FindNodeReq,136125
FindNodeRsp,84478
FindNodeRsp,64624
Error,106012
Error,84796
Error,79787
Error,38651
Error,54755
FindNodeReq,226971
FindNodeReq,72756
Error,36107
Error,30472
FindNodeReq,114038
FindNodeReq,73356
FindNodeReq,66802
UpdateRouteReq,79557
FindNodeReq,73419
FindNodeRsp,52581
FindNodeReq,141930
FindNodeRsp,54366
FindNodeRsp,72066
FindNodeReq,109035
FindNodeReq,141602
FindNodeRsp,73662
FindNodeRsp,53303
Error,105763
Error,84216
Error,79126
Error,39493
Error,54669
FindNodeReq,229040
FindNodeReq,72366
Error,33736
Error,43807
FindNodeReq,69233
FindNodeReq,75915
FindNodeReq,72417
UpdateRouteReq,61848
FindNodeReq,92220
FindNodeReq,189172
FindNodeRsp,47323
FindNodeReq,79031
FindNodeRsp,70967
FindNodeRsp,59921
FindNodeRsp,58179
FindNodeReq,74457
FindNodeRsp,55239
FindNodeRsp,97130
FindNodeReq,177285
Error,107397
Error,85538
Error,78830
Error,39615
Error,54783
FindNodeReq,223128
FindNodeReq,70737
Error,33670
FindNodeReq,71727
Error,64630
FindNodeReq,68117
FindNodeReq,77794
UpdateRouteReq,61971
FindNodeReq,123792
FindNodeRsp,58543
FindNodeRsp,72135
FindNodeRsp,59847
FindNodeReq,114231
FindNodeRsp,169337
FindNodeReq,142864
FindNodeRsp,54130
FindNodeRsp,92943
FindNodeReq,147653
FindNodeReq,185345
FindNodeReq,94180
FindNodeRsp,94932
FindNodeRsp,77214
Error,108322
Error,85620
Error,79511
Error,38208
Error,54443
FindNodeReq,226503
FindNodeReq,73895
Error,37803
Error,62810
FindNodeReq,127750
FindNodeReq,74104
FindNodeReq,67964
UpdateRouteReq,60675
FindNodeReq,127822
FindNodeRsp,60663
FindNodeReq,153403
FindNodeRsp,127954
FindNodeRsp,53964
FindNodeRsp,53997
FindNodeReq,97104
Error,106147
Error,83380
Error,80219
Error,38686
Error,53737
FindNodeReq,224868
FindNodeReq,72535
Error,35058
FindNodeReq,94703
Error,31837
FindNodeReq,69049
FindNodeReq,75504
UpdateRouteReq,88090
FindNodeReq,116014
FindNodeReq,96753
FindNodeRsp,52369
FindNodeRsp,53697
FindNodeReq,86674
FindNodeReq,76202
FindNodeRsp,78746
FindNodeRsp,71674
FindNodeRsp,95764
FindNodeReq,144081
Error,108017
Error,82855
Error,77995
Error,39903
Error,54417
FindNodeReq,305217
FindNodeReq,74605
Error,35088
Error,31965
FindNodeReq,94887
FindNodeReq,100090
FindNodeReq,77063
UpdateRouteReq,60167
FindNodeReq,108173
FindNodeRsp,56822
FindNodeReq,75570
FindNodeReq,142704
FindNodeRsp,96986
FindNodeReq,143375
FindNodeRsp,71002
FindNodeRsp,54072
FindNodeRsp,70719
FindNodeRsp,53319
FindNodeReq,85126
Error,108726
Error,83589
Error,80487
Error,39880
Error,53051
FindNodeReq,219831
FindNodeReq,74048
Error,34444
FindNodeReq,110218
Error,32148
FindNodeReq,78123
FindNodeReq,68751
UpdateRouteReq,67991
FindNodeReq,130499
FindNodeRsp,132445
PathSetupReq,110765
PathSetupReq,100638
PathSetupReq,49639
FindNodeReq,93352
FindNodeRsp,58119
FindNodeRsp,85162
FindNodeRsp,44691
FindNodeReq,145861
FindNodeRsp,53775
FindNodeRsp,71243
FindNodeRsp,51437
FindNodeReq,144521
Error,106858
Error,85994
Error,78751
Error,38715
Error,76344
FindNodeReq,225977
FindNodeReq,111834
Error,35420
Error,46133
FindNodeReq,69642
FindNodeReq,76378
FindNodeReq,71821
UpdateRouteReq,70476
FindNodeReq,134911
FindNodeReq,179022
FindNodeRsp,58400
FindNodeReq,104450
FindNodeRsp,56119
FindNodeRsp,53967
FindNodeRsp,56011
FindNodeRsp,47797
FindNodeRsp,51965
FindNodeReq,142718
PathSetupReq,72583
UpdateRouteReq,138373
UpdateRouteReq,131217
UpdateRouteReq,173374
QueryRouteRsp,238775
UpdateRouteReq,245274
UpdateRouteReq,145905
UpdateRouteReq,212805
UpdateRouteReq,94532
PathSetupReq,54844
QueryRouteRsp,72349
FindNodeRsp,110432
UpdateRouteReq,51187
FindNodeReq,126610
FindNodeRsp,86681
FindNodeRsp,90523
FindNodeRsp,97664
Error,161249
Error,161066
Error,160687
Error,78172
Error,77807
UpdateRouteReq,851847
UpdateRouteReq,856174
FindNodeReq,930480
UpdateRouteReq,907917
UpdateRouteReq,1009577
Error,136707
Error,117299
FindNodeReq,189943
FindNodeReq,124726
FindNodeReq,122119
FindNodeReq,118323
UpdateRouteReq,304450
Error,138153
UpdateRouteReq,136753
UpdateRouteReq,139648
UpdateRouteReq,197519
UpdateRouteReq,242220
FindNodeReq,197035
FindNodeReq,233607
FindNodeReq,268418
UpdateRouteReq,301965
UpdateRouteReq,329591
UpdateRouteReq,55653
UpdateRouteReq,72998
UpdateRouteReq,114912
Error,91449
FindNodeReq,83657
UpdateRouteReq,56603
UpdateRouteReq,98469
UpdateRouteReq,169149
Error,256613
FindNodeReq,125407
Error,205140
Error,155673
FindNodeReq,220736
UpdateRouteReq,231091
UpdateRouteReq,76286
UpdateRouteReq,57839
UpdateRouteReq,49583
Error,89442
UpdateRouteReq,50419
FindNodeReq,76418
FindNodeRsp,106751
UpdateRouteReq,41434
Error,243215
UpdateRouteReq,277166
UpdateRouteReq,305154
UpdateRouteReq,333014
Error,126838
FindNodeReq,145195
UpdateRouteReq,153918
UpdateRouteReq,69362
Error,166062
Error,232777
UpdateRouteReq,208808
UpdateRouteReq,215083
UpdateRouteReq,334949
UpdateRouteReq,146949
UpdateRouteReq,212183
UpdateRouteReq,156680
FindNodeReq,205416
FindNodeReq,240453
FindNodeReq,353814
Error,420275
Error,337895
Error,408123
UpdateRouteReq,452916
UpdateRouteReq,267156
UpdateRouteReq,319471
UpdateRouteReq,328305
UpdateRouteReq,324085
FindNodeReq,132504
FindNodeReq,163475
Error,212281
Error,258958
Error,155201
Error,196932
UpdateRouteReq,205908
UpdateRouteReq,216242
Error,96307
UpdateRouteReq,58899
UpdateRouteReq,57502
UpdateRouteReq,50903
UpdateRouteReq,59434
UpdateRouteReq,54499
FindNodeReq,267674
FindNodeReq,300703
Error,349644
Error,429796
Error,476038
Error,521389
UpdateRouteReq,533708
UpdateRouteReq,542866
UpdateRouteReq,220799
UpdateRouteReq,256173
UpdateRouteReq,289410
UpdateRouteReq,297381
UpdateRouteReq,302508
Error,84817
Error,94413
UpdateRouteReq,58475
UpdateRouteReq,59399
UpdateRouteReq,104968
FindNodeReq,107209
FindNodeReq,137200
Error,103701
Error,91878
Error,114108
Error,154800
Error,141640
Error,155464
UpdateRouteReq,56567
UpdateRouteReq,48724
UpdateRouteReq,58811
UpdateRouteReq,73362
FindNodeReq,74019
FindNodeReq,72595
Error,47291
Error,43408
Error,90078
Error,89179
UpdateRouteReq,82262
UpdateRouteReq,117161
Error,140095
Error,142421
UpdateRouteReq,83853
UpdateRouteReq,84632
UpdateRouteReq,47331
UpdateRouteReq,56571
UpdateRouteReq,55531
UpdateRouteReq,76674
FindNodeReq,110844
FindNodeReq,102045
Error,58723
Error,56631
Error,96516
Error,93327
Error,92469
Error,97884
Error,91356
Error,90677
UpdateRouteReq,57873
UpdateRouteReq,56095
FindNodeReq,86979
UpdateRouteReq,120613
FindNodeReq,154596
FindNodeReq,76714
FindNodeReq,81125
FindNodeReq,81847
FindNodeReq,77534
FindNodeReq,81917
FindNodeReq,74338
FindNodeReq,69726
UpdateRouteReq,48651
UpdateRouteReq,88210
FindNodeRsp,161537
UpdateRouteReq,242003
QueryRouteRsp,307119
UpdateRouteReq,147701
UpdateRouteReq,126757
UpdateRouteReq,180061
UpdateRouteReq,96398
UpdateRouteReq,49850
UpdateRouteReq,42128
UpdateRouteReq,80020
UpdateRouteReq,77398
UpdateRouteReq,152557
UpdateRouteReq,228282
FindNodeReq,185916
UpdateRouteReq,82259
FindNodeReq,148101
FindNodeReq,155748
FindNodeRsp,101050
FindNodeReq,156667
FindNodeRsp,70000
FindNodeReq,153480
FindNodeReq,153846
FindNodeRsp,95625
FindNodeReq,153826
FindNodeRsp,192074
FindNodeRsp,112670
FindNodeRsp,85713
FindNodeReq,157393
FindNodeRsp,106438
FindNodeReq,105319
FindNodeReq,185282
FindNodeRsp,210284
FindNodeRsp,125565
FindNodeReq,155949
FindNodeReq,156537
FindNodeReq,162180
FindNodeReq,158911
FindNodeRsp,95439
FindNodeRsp,102846
PNHello,175809
PNDiscRsp,122587
FindNodeRsp,97201
FindNodeReq,161829
FindNodeReq,159097
FindNodeReq,162725
FindNodeRsp,101529
FindNodeRsp,213195
FindNodeReq,92825
FindNodeRsp,128157
FindNodeRsp,110814
FindNodeRsp,105220
PNDiscReq,198525
FindNodeRsp,115549
FindNodeReq,157878
FindNodeReq,151886
FindNodeRsp,87639
FindNodeReq,159804
FindNodeRsp,91198
UpdateRouteReq,361513
UpdateRouteReq,730640
UpdateRouteReq,842198
FindNodeReq,917647
UpdateRouteReq,999086
UpdateRouteReq,1101925
UpdateRouteReq,1188093
Error,1235902
UpdateRouteReq,1222317
Error,1222453
FindNodeReq,115856
FindNodeReq,78993
FindNodeReq,84558
FindNodeReq,81376
UpdateRouteReq,100632
Error,121126
FindNodeRsp,62152
UpdateRouteReq,117237
UpdateRouteReq,92751
UpdateRouteReq,49675
UpdateRouteReq,143439
UpdateRouteReq,174807
UpdateRouteReq,77911
UpdateRouteReq,85529
Error,143925
UpdateRouteReq,64627
UpdateRouteReq,99509
UpdateRouteReq,151441
Error,199954
Error,83476
UpdateRouteReq,50759
UpdateRouteReq,40541
Error,149935
UpdateRouteReq,60719
UpdateRouteReq,46490
UpdateRouteReq,51479
UpdateRouteReq,106772
Error,92337
Error,97898
UpdateRouteReq,103782
UpdateRouteReq,43290
Error,178986
Error,225230
UpdateRouteReq,51963
UpdateRouteReq,49045
UpdateRouteReq,41199
UpdateRouteReq,97874
UpdateRouteReq,81345
Error,89600
FindNodeReq,204403
Error,254570
UpdateRouteReq,265399
UpdateRouteReq,310857
UpdateRouteReq,355482
UpdateRouteReq,80294
Error,147057
UpdateRouteReq,150537
UpdateRouteReq,191196
Error,166669
Error,209896
Error,118821
UpdateRouteReq,117519
UpdateRouteReq,42332
Error,88870
UpdateRouteReq,45571
UpdateRouteReq,42694
UpdateRouteReq,39051
UpdateRouteReq,123449
UpdateRouteReq,195748
UpdateRouteReq,42259
Error,168555
Error,173516
Error,228399
Error,155146
UpdateRouteReq,155793
UpdateRouteReq,161020
Error,169880
UpdateRouteReq,66191
UpdateRouteReq,51187
UpdateRouteReq,47726
UpdateRouteReq,42881
UpdateRouteReq,183456
UpdateRouteReq,215687
Error,143567
Error,82050
Error,77562
Error,79611
Error,81713
Error,38883
UpdateRouteReq,48347
UpdateRouteReq,48063
UpdateRouteReq,45198
UpdateRouteReq,44479
UpdateRouteReq,339965
UpdateRouteReq,375224
UpdateRouteReq,401202
UpdateRouteReq,427958
Error,211752
Error,253747
UpdateRouteReq,257664
UpdateRouteReq,112645
UpdateRouteReq,146043
Error,214984
Error,88128
UpdateRouteReq,71237
UpdateRouteReq,40883
UpdateRouteReq,135130
UpdateRouteReq,140808
UpdateRouteReq,146813
Error,83891
Error,77791
UpdateRouteReq,41910
UpdateRouteReq,38792
Error,153017
Error,96634
UpdateRouteReq,47956
UpdateRouteReq,42614
UpdateRouteReq,40093
UpdateRouteReq,119797
UpdateRouteReq,191932
Error,135234
FindNodeReq,193104
FindNodeReq,198762
Error,281655
Error,293112
Error,295859
Error,347051
UpdateRouteReq,354773
UpdateRouteReq,180233
UpdateRouteReq,182914
UpdateRouteReq,189571
UpdateRouteReq,234539
Error,272305
FindNodeReq,306691
Error,316757
Error,106446
UpdateRouteReq,167836
UpdateRouteReq,172389
Error,89330
Error,79611
Error,81610
UpdateRouteReq,62465
FindNodeReq,132090
UpdateRouteReq,45129
Error,41164
UpdateRouteReq,49109
UpdateRouteReq,62226
UpdateRouteReq,46662
UpdateRouteReq,41321
UpdateRouteReq,107128
UpdateRouteReq,98057
Error,41516
UpdateRouteReq,41268
FindNodeReq,73871
UpdateRouteReq,55657
Error,99569
UpdateRouteReq,76643
Error,117733
UpdateRouteReq,128919
UpdateRouteReq,88642
Error,136270
UpdateRouteReq,141803
UpdateRouteReq,149871
UpdateRouteReq,151553
FindNodeReq,179215
UpdateRouteReq,173380
UpdateRouteReq,179802
UpdateRouteReq,88110
UpdateRouteReq,137021
Error,129267
Error,233798
UpdateRouteReq,235679
UpdateRouteReq,241850
UpdateRouteReq,281845
UpdateRouteReq,312709
UpdateRouteReq,319697
UpdateRouteReq,324793
FindNodeReq,70574
FindNodeReq,78777
FindNodeReq,114499
Error,110504
Error,149717
UpdateRouteReq,158262
UpdateRouteReq,39351
Error,85838
Error,109797
UpdateRouteReq,112526
UpdateRouteReq,120569
Error,144952
UpdateRouteReq,152915
UpdateRouteReq,63935
UpdateRouteReq,63404
FindNodeReq,194468
UpdateRouteReq,188376
FindNodeReq,225439
UpdateRouteReq,234884
UpdateRouteReq,88883
UpdateRouteReq,135099
Error,156699
Error,203282
Error,246315
UpdateRouteReq,106374
UpdateRouteReq,146145
UpdateRouteReq,148075
Error,122652
Error,161927
UpdateRouteReq,171043
UpdateRouteReq,99118
UpdateRouteReq,138297
FindNodeReq,131199
FindNodeReq,155224
UpdateRouteReq,164545
UpdateRouteReq,98816
UpdateRouteReq,138953
Error,251349
Error,294585
Error,336633
Error,408567
Error,424607
Error,428311
Error,429921
UpdateRouteReq,436091
UpdateRouteReq,442311
UpdateRouteReq,178781
UpdateRouteReq,215457
UpdateRouteReq,221314
UpdateRouteReq,225382
Error,232517
FindNodeReq,268354
Error,270656
FindNodeReq,304239
UpdateRouteReq,344057
UpdateRouteReq,404765
UpdateRouteReq,410100
Error,165716
Error,163056
Error,166352
Error,173052
Error,177460
Error,180518
UpdateRouteReq,187378
UpdateRouteReq,230240
UpdateRouteReq,65222
UpdateRouteReq,80520
UpdateRouteReq,108863
Error,66848
FindNodeReq,124052
FindNodeReq,138810
UpdateRouteReq,138817
UpdateRouteReq,80673
Error,107933
UpdateRouteReq,202696
UpdateRouteReq,234259
UpdateRouteReq,291455
Error,75162
Error,73736
Error,75918
Error,69403
Error,68015
FindNodeReq,110681
FindNodeReq,128212
UpdateRouteReq,132751
UpdateRouteReq,170564
UpdateRouteReq,102956
UpdateRouteReq,110536
UpdateRouteReq,40130
FindNodeReq,72572
FindNodeReq,80354
Error,128350
UpdateRouteReq,83251
UpdateRouteReq,86458
UpdateRouteReq,92765
FindNodeReq,76790
FindNodeReq,72045
UpdateRouteReq,65264
UpdateRouteReq,65187
UpdateRouteReq,62607
FindNodeReq,96153
UpdateRouteReq,152176
FindNodeReq,186683
UpdateRouteReq,139495
UpdateRouteReq,957381
FindNodeReq,990912
FindNodeReq,1024002
UpdateRouteReq,86539
FindNodeReq,81282
UpdateRouteReq,47966
UpdateRouteReq,93318
Error,114604
UpdateRouteReq,83742
UpdateRouteReq,121269
UpdateRouteReq,68351
UpdateRouteReq,72178
UpdateRouteReq,107216
UpdateRouteReq,98125
UpdateRouteReq,132196
Error,192895
UpdateRouteReq,49679
UpdateRouteReq,76920
UpdateRouteReq,50935
UpdateRouteReq,62023
FindNodeReq,126729
FindNodeReq,85154
Error,91307
UpdateRouteReq,47077
UpdateRouteReq,39704
FindNodeReq,108001
UpdateRouteReq,41713
UpdateRouteReq,39381
UpdateRouteReq,118489
UpdateRouteReq,192796
UpdateRouteReq,138337
Error,57567
UpdateRouteReq,106393
UpdateRouteReq,143464
FindNodeReq,142666
Error,148743
FindNodeReq,192201
Error,239047
UpdateRouteReq,279833
FindNodeReq,124166
UpdateRouteReq,44167
UpdateRouteReq,40461
Error,88778
UpdateRouteReq,49566
FindNodeReq,94898
UpdateRouteReq,97605
Error,115570
Error,114131
UpdateRouteReq,102891
UpdateRouteReq,106756
UpdateRouteReq,148582
FindNodeReq,125046
Error,195705
Error,72228
UpdateRouteReq,61038
Error,139568
UpdateRouteReq,146941
UpdateRouteReq,59475
UpdateRouteReq,96127
UpdateRouteReq,73395
UpdateRouteReq,59105
Error,213800
UpdateRouteReq,220503
UpdateRouteReq,256653
UpdateRouteReq,99293
FindNodeReq,152773
FindNodeReq,191982
UpdateRouteReq,202032
UpdateRouteReq,209866
UpdateRouteReq,84839
Error,148856
Error,193216
Error,103758
Error,97893
FindNodeReq,110729
UpdateRouteReq,114338
UpdateRouteReq,80806
UpdateRouteReq,117331
Error,159442
Error,230489
Error,97506
UpdateRouteReq,66498
UpdateRouteReq,57083
FindNodeReq,106136
Error,145752
UpdateRouteReq,153435
Error,165751
UpdateRouteReq,97128
UpdateRouteReq,133903
Error,93026
Error,148037
Error,215647
UpdateRouteReq,225860
UpdateRouteReq,263758
FindNodeReq,342505
Error,230231
Error,282945
Error,362744
UpdateRouteReq,410107
UpdateRouteReq,419444
UpdateRouteReq,458074
Error,219804
Error,244462
Error,304081
Error,349773
UpdateRouteReq,360048
UpdateRouteReq,397739
Error,115018
Error,114565
Error,118174
Error,120467
UpdateRouteReq,127317
UpdateRouteReq,129244
UpdateRouteReq,164081
UpdateRouteReq,193748
Error,269384
UpdateRouteReq,358524
Error,35384
UpdateRouteReq,46258
UpdateRouteReq,45251
UpdateRouteReq,60679
Error,35943
Error,55995
Error,54768
Error,91250
UpdateRouteReq,126372
UpdateRouteReq,102173
UpdateRouteReq,142960
Error,66246
Error,65439
Error,51607
UpdateRouteReq,94793
UpdateRouteReq,87464
UpdateRouteReq,156605
UpdateRouteReq,149113
UpdateRouteReq,235843
Error,193554
Error,191087
Error,195911
Error,200920
Error,204618
UpdateRouteReq,214401
UpdateRouteReq,261874
Error,373748
UpdateRouteReq,280919
UpdateRouteReq,370284
UpdateRouteReq,93665
UpdateRouteReq,98080
UpdateRouteReq,105223
Error,92187
UpdateRouteReq,86131
UpdateRouteReq,74757
UpdateRouteReq,104760
UpdateRouteReq,45810
UpdateRouteReq,38907
Error,274574
UpdateRouteReq,271166
UpdateRouteReq,277701
UpdateRouteReq,332431
UpdateRouteReq,42957
FindNodeReq,144959
FindNodeReq,122346
FindNodeReq,106734
UpdateRouteReq,109628
UpdateRouteReq,62983
FindNodeReq,73834
FindNodeReq,64610
FindNodeReq,75522
Error,114049
UpdateRouteReq,117557
UpdateRouteReq,156058
UpdateRouteReq,211112
UpdateRouteReq,72759
UpdateRouteReq,102333
UpdateRouteReq,47407
UpdateRouteReq,88457
Error,69304
UpdateRouteReq,72722
UpdateRouteReq,149493
UpdateRouteReq,171168
FindNodeReq,235787
UpdateRouteReq,62158
FindNodeReq,214785
Error,262149
FindNodeReq,305265
Error,308046
FindNodeReq,401455
UpdateRouteReq,64735
UpdateRouteReq,75142
Error,153689
FindNodeReq,143282
UpdateRouteReq,147874
UpdateRouteReq,186834
Error,138313
UpdateRouteReq,145041
UpdateRouteReq,180396
Error,178744
UpdateRouteReq,222719
FindNodeReq,299478
Error,327623
Error,397535
UpdateRouteReq,406008
UpdateRouteReq,175216
UpdateRouteReq,239127
UpdateRouteReq,297528
Error,189858
UpdateRouteReq,307699
Error,163080
UpdateRouteReq,46215
UpdateRouteReq,144233
UpdateRouteReq,182716
FindNodeReq,206799
FindNodeReq,273722
UpdateRouteReq,308034
UpdateRouteReq,315713
UpdateRouteReq,354805
UpdateRouteReq,108589
UpdateRouteReq,96090
UpdateRouteReq,103457
Error,132884
UpdateRouteReq,138480
UpdateRouteReq,173120
Error,115121
Error,150303
UpdateRouteReq,158993
UpdateRouteReq,130351
UpdateRouteReq,153062
UpdateRouteReq,79492
UpdateRouteReq,82256
Error,72673
UpdateRouteReq,55765
UpdateRouteReq,36346
Error,111159
UpdateRouteReq,162578
UpdateRouteReq,151843
UpdateRouteReq,220775
Error,297462
UpdateRouteReq,305881
UpdateRouteReq,115704
UpdateRouteReq,149085
UpdateRouteReq,188696
Error,228643
UpdateRouteReq,238634
UpdateRouteReq,271654
Error,273579
Error,302781
Error,342513
Error,381545
UpdateRouteReq,389378
UpdateRouteReq,399372
UpdateRouteReq,433164
Error,511396
Error,516046
UpdateRouteReq,523102
UpdateRouteReq,131167
UpdateRouteReq,163954
Error,247256
UpdateRouteReq,356458
UpdateRouteReq,345308
UpdateRouteReq,401374
Error,447235
Error,468875
Error,500535
UpdateRouteReq,530182
Error,557381
UpdateRouteReq,562800
Error,588109
UpdateRouteReq,596901
UpdateRouteReq,629159
UpdateRouteReq,133133
UpdateRouteReq,210575
Error,131593
UpdateRouteReq,138846
Error,165558
UpdateRouteReq,174363
UpdateRouteReq,162886
Error,208898
Error,211535
Error,214082
Error,216495
Error,218198
UpdateRouteReq,163605
UpdateRouteReq,166903
UpdateRouteReq,226446
UpdateRouteReq,299563
Error,135416
UpdateRouteReq,166332
UpdateRouteReq,174483
UpdateRouteReq,228676
Error,168483
UpdateRouteReq,175159
UpdateRouteReq,210282
UpdateRouteReq,237727
UpdateRouteReq,91248
UpdateRouteReq,151216
FindNodeReq,103158
UpdateRouteReq,105524
UpdateRouteReq,50813
FindNodeReq,95228
FindNodeReq,138464
Error,200728
UpdateRouteReq,208216
UpdateRouteReq,55828
UpdateRouteReq,56825
UpdateRouteReq,42360
UpdateRouteReq,52857
FindNodeReq,102758
UpdateRouteReq,89658
UpdateRouteReq,109599
UpdateRouteReq,138486
UpdateRouteReq,130372
UpdateRouteReq,157677
FindNodeReq,64612
FindNodeReq,58159
UpdateRouteReq,73494
UpdateRouteReq,67989
UpdateRouteReq,94912
FindNodeReq,62072
FindNodeReq,73891
Error,116322
UpdateRouteReq,55230
UpdateRouteReq,58419
UpdateRouteReq,33143
FindNodeReq,65168
FindNodeReq,83079
UpdateRouteReq,87259
UpdateRouteReq,106008
UpdateRouteReq,133594
FindNodeReq,89018
FindNodeReq,114685
UpdateRouteReq,73888
FindNodeReq,76872
UpdateRouteReq,75377
UpdateRouteReq,107188
Error,95541
UpdateRouteReq,99810
UpdateRouteReq,152430
UpdateRouteReq,172918
UpdateRouteReq,203759
UpdateRouteReq,232556
UpdateRouteReq,157684
UpdateRouteReq,184479
Error,44127
UpdateRouteReq,110662
UpdateRouteReq,96512
UpdateRouteReq,132862
UpdateRouteReq,32846
Error,85138
Error,152858
UpdateRouteReq,160163
Error,161190
UpdateRouteReq,166501
FindNodeReq,87816
Error,94487
FindNodeReq,123431
FindNodeReq,102764
UpdateRouteReq,103991
UpdateRouteReq,109408
UpdateRouteReq,33575
UpdateRouteReq,55235
Error,95822
UpdateRouteReq,128980
FindNodeReq,144400
UpdateRouteReq,179601
FindNodeReq,209548
UpdateRouteReq,58199
Error,63094
FindNodeReq,95559
UpdateRouteReq,65084
Error,106391
UpdateRouteReq,109305
UpdateRouteReq,43446
UpdateRouteReq,36667
UpdateRouteReq,41006
FindNodeReq,137055
Error,201962
UpdateRouteReq,208633
UpdateRouteReq,109843
UpdateRouteReq,112999
UpdateRouteReq,120000
UpdateRouteReq,155320
FindNodeReq,142233
Error,178309
Error,219631
UpdateRouteReq,229113
UpdateRouteReq,236296
UpdateRouteReq,85265
UpdateRouteReq,117863
Error,261768
Error,303607
FindNodeReq,337228
UpdateRouteReq,343946
UpdateRouteReq,352284
UpdateRouteReq,386124
Error,446418
UpdateRouteReq,250508
UpdateRouteReq,240014
UpdateRouteReq,279174
Error,342339
Error,444583
Error,485350
UpdateRouteReq,495483
UpdateRouteReq,524126
UpdateRouteReq,556906
FindNodeReq,340252
Error,377568
UpdateRouteReq,415069
UpdateRouteReq,422143
UpdateRouteReq,469330
Error,548230
Error,603531
UpdateRouteReq,612542
UpdateRouteReq,618350
UpdateRouteReq,651266
Error,370394
Error,390818
UpdateRouteReq,396671
Error,447753
Error,538954
UpdateRouteReq,570530
UpdateRouteReq,603365
FindNodeReq,636887
Error,691559
Error,727292
UpdateRouteReq,735991
UpdateRouteReq,740539
UpdateRouteReq,767458
Error,492088
Error,494857
Error,499702
UpdateRouteReq,507269
UpdateRouteReq,524349
UpdateRouteReq,553803
Error,573360
UpdateRouteReq,578563
Error,622057
Error,639974
Error,641080
Error,641861
UpdateRouteReq,646580
Error,646271
UpdateRouteReq,718700
UpdateRouteReq,739173
UpdateRouteReq,769873
Error,349537
UpdateRouteReq,355665
UpdateRouteReq,379796
UpdateRouteReq,409271
Error,450885
UpdateRouteReq,477576
UpdateRouteReq,501964
UpdateRouteReq,527388
UpdateRouteReq,533945
UpdateRouteReq,537390
FindNodeReq,208090
UpdateRouteReq,236269
UpdateRouteReq,262996
Error,317807
UpdateRouteReq,194954
UpdateRouteReq,224017
UpdateRouteReq,256943
UpdateRouteReq,280710
UpdateRouteReq,305336
UpdateRouteReq,326484
FindNodeReq,73649
UpdateRouteReq,56003
Error,111910
UpdateRouteReq,35177
UpdateRouteReq,43586
FindNodeReq,53233
UpdateRouteReq,33789
UpdateRouteReq,27883
FindNodeReq,169184
FindNodeReq,164343
UpdateRouteReq,167009
UpdateRouteReq,172904
Error,208731
UpdateRouteReq,256569
UpdateRouteReq,283400
FindNodeReq,155437
Error,190708
Error,227104
UpdateRouteReq,233457
UpdateRouteReq,240145
UpdateRouteReq,244469
FindNodeReq,290698
Error,51181
UpdateRouteReq,51663
UpdateRouteReq,52089
Error,75164
UpdateRouteReq,45285
Error,40259
Error,37423
QueryRouteRsp,73084
UpdateRouteReq,63106
UpdateRouteReq,65703
FindNodeReq,88434
UpdateRouteReq,114498
UpdateRouteReq,89024
UpdateRouteReq,46271
FindNodeReq,149261
PathSetupReq,118275
PathSetupReq,117138
PathSetupReq,147533
UpdateRouteReq,45166
FindNodeReq,93147
FindNodeRsp,76951
UpdateRouteReq,569737
UpdateRouteReq,681258
FindNodeReq,756936
UpdateRouteReq,843709
UpdateRouteReq,969719
UpdateRouteReq,977132
UpdateRouteReq,1085438
Error,1089055
FindNodeReq,76586
FindNodeReq,83197
FindNodeReq,80743
FindNodeReq,78111
UpdateRouteReq,97902
Error,92301
FindNodeRsp,58695
UpdateRouteReq,64784
UpdateRouteReq,64850
UpdateRouteReq,81063
UpdateRouteReq,42011
UpdateRouteReq,50926
UpdateRouteReq,113114
UpdateRouteReq,41723
UpdateRouteReq,116617
UpdateRouteReq,148685
UpdateRouteReq,41694
UpdateRouteReq,63577
UpdateRouteReq,40853
UpdateRouteReq,44140
FindNodeRsp,75258
FindNodeRsp,85140
UpdateRouteReq,89538
UpdateRouteReq,132230
UpdateRouteReq,99682
FindNodeReq,193007
UpdateRouteReq,202334
UpdateRouteReq,58061
FindNodeReq,121739
UpdateRouteReq,115778
UpdateRouteReq,152138
UpdateRouteReq,185423
UpdateRouteReq,84730
FindNodeReq,176077
FindNodeRsp,189268
UpdateRouteReq,128891
UpdateRouteReq,128812
UpdateRouteReq,190180
UpdateRouteReq,85592
UpdateRouteReq,88298
UpdateRouteReq,95298
FindNodeReq,79846
FindNodeReq,68950
FindNodeReq,80274
UpdateRouteReq,64051
UpdateRouteReq,43751
UpdateRouteReq,39472
FindNodeReq,70558
FindNodeReq,83658
FindNodeReq,106234
UpdateRouteReq,90574
UpdateRouteReq,151395
FindNodeReq,72330
UpdateRouteReq,156723
UpdateRouteReq,43731
UpdateRouteReq,42515
UpdateRouteReq,75357
UpdateRouteReq,44021
UpdateRouteReq,40873
UpdateRouteReq,46346
UpdateRouteReq,89242
UpdateRouteReq,104211
UpdateRouteReq,80976
UpdateRouteReq,117298
UpdateRouteReq,47903
UpdateRouteReq,61523
UpdateRouteReq,58615
UpdateRouteReq,103242
FindNodeReq,82278
UpdateRouteReq,96796
UpdateRouteReq,129319
FindNodeReq,71926
UpdateRouteReq,112553
UpdateRouteReq,148139
UpdateRouteReq,165017
UpdateRouteReq,222163
UpdateRouteReq,232780
UpdateRouteReq,57108
FindNodeReq,70866
FindNodeReq,107317
FindNodeReq,176682
UpdateRouteReq,83886
UpdateRouteReq,88554
UpdateRouteReq,95054
FindNodeReq,73798
FindNodeReq,68672
UpdateRouteReq,133625
UpdateRouteReq,172541
UpdateRouteReq,205160
FindNodeReq,169062
FindNodeReq,204555
FindNodeReq,242123
UpdateRouteReq,153517
UpdateRouteReq,64313
UpdateRouteReq,65274
FindNodeReq,72551
FindNodeReq,82539
FindNodeReq,113571
UpdateRouteReq,42293
UpdateRouteReq,40263
UpdateRouteReq,39346
FindNodeReq,85953
FindNodeReq,84966
UpdateRouteReq,63108
UpdateRouteReq,133265
UpdateRouteReq,171100
UpdateRouteReq,77385
FindNodeReq,133931
UpdateRouteReq,114185
UpdateRouteReq,174628
FindNodeReq,181758
FindNodeReq,197959
UpdateRouteReq,256440
UpdateRouteReq,287323
FindNodeReq,74296
FindNodeReq,68313
UpdateRouteReq,46575
UpdateRouteReq,42580
UpdateRouteReq,100351
FindNodeReq,71471
FindNodeReq,97227
FindNodeReq,100738
FindNodeReq,165711
UpdateRouteReq,101199
UpdateRouteReq,94810
UpdateRouteReq,125701
FindNodeReq,83491
FindNodeReq,113833
FindNodeReq,68273
FindNodeReq,103491
UpdateRouteReq,82738
UpdateRouteReq,189136
UpdateRouteReq,272701
UpdateRouteReq,309263
UpdateRouteReq,101374
UpdateRouteReq,129537
UpdateRouteReq,132995
FindNodeReq,186976
UpdateRouteReq,223570
UpdateRouteReq,256736
UpdateRouteReq,48079
UpdateRouteReq,43175
UpdateRouteReq,60708
UpdateRouteReq,75101
FindNodeReq,136808
UpdateRouteReq,61757
UpdateRouteReq,64530
FindNodeReq,159584
UpdateRouteReq,173660
UpdateRouteReq,75978
UpdateRouteReq,79798
FindNodeReq,89053
FindNodeReq,106818
FindNodeReq,121020
UpdateRouteReq,126078
UpdateRouteReq,134507
UpdateRouteReq,73271
FindNodeReq,83487
FindNodeReq,129041
FindNodeReq,163513
UpdateRouteReq,189948
UpdateRouteReq,223156
UpdateRouteReq,108373
UpdateRouteReq,162987
FindNodeReq,85454
FindNodeReq,100046
FindNodeReq,153841
FindNodeReq,209795
UpdateRouteReq,99498
UpdateRouteReq,103944
Error,84894
UpdateRouteReq,44416
UpdateRouteReq,79878
UpdateRouteReq,115157
UpdateRouteReq,132788
UpdateRouteReq,163510
UpdateRouteReq,218737
Error,310274
UpdateRouteReq,315101
UpdateRouteReq,322711
UpdateRouteReq,190107
UpdateRouteReq,227263
UpdateRouteReq,236449
UpdateRouteReq,242240
Error,94386
UpdateRouteReq,76194
UpdateRouteReq,158636
UpdateRouteReq,195806
UpdateRouteReq,229946
UpdateRouteReq,235675
UpdateRouteReq,241047
FindNodeReq,209230
Error,212010
FindNodeReq,257233
FindNodeReq,294160
FindNodeReq,333347
FindNodeReq,367725
Error,373090
UpdateRouteReq,111258
UpdateRouteReq,112809
Error,166936
UpdateRouteReq,177044
UpdateRouteReq,182096
UpdateRouteReq,49288
UpdateRouteReq,41339
FindNodeReq,77023
FindNodeReq,135094
UpdateRouteReq,144148
FindNodeReq,242343
UpdateRouteReq,249755
Error,325998
FindNodeReq,388860
UpdateRouteReq,398456
UpdateRouteReq,72263
UpdateRouteReq,67126
UpdateRouteReq,72787
FindNodeReq,130758
FindNodeReq,244406
Error,286017
UpdateRouteReq,297228
UpdateRouteReq,304558
FindNodeReq,339825
UpdateRouteReq,406772
Error,451486
FindNodeReq,184039
UpdateRouteReq,170282
UpdateRouteReq,178442
UpdateRouteReq,185529
FindNodeReq,67622
FindNodeReq,148942
FindNodeReq,187277
Error,258055
FindNodeReq,344846
UpdateRouteReq,105694
UpdateRouteReq,106796
UpdateRouteReq,113036
FindNodeReq,100898
FindNodeReq,160834
Error,202939
UpdateRouteReq,211686
UpdateRouteReq,216682
Error,255924
UpdateRouteReq,208791
UpdateRouteReq,246573
UpdateRouteReq,280777
UpdateRouteReq,323985
UpdateRouteReq,194890
FindNodeReq,308487
FindNodeReq,373695
Error,419157
UpdateRouteReq,429278
UpdateRouteReq,436170
UpdateRouteReq,132770
UpdateRouteReq,168540
Error,236664
UpdateRouteReq,248030
FindNodeReq,197327
UpdateRouteReq,186464
UpdateRouteReq,194960
UpdateRouteReq,234583
Error,348709
UpdateRouteReq,358583
UpdateRouteReq,391783
UpdateRouteReq,430642
FindNodeReq,527991
Error,576998
UpdateRouteReq,587419
UpdateRouteReq,618594
Error,412991
Error,455484
UpdateRouteReq,464917
UpdateRouteReq,473430
UpdateRouteReq,505473
FindNodeReq,614895
Error,681746
FindNodeReq,723773
UpdateRouteReq,756146
Error,799486
UpdateRouteReq,809421
UpdateRouteReq,849034
Error,404219
UpdateRouteReq,408713
UpdateRouteReq,449583
Error,548364
UpdateRouteReq,558285
Error,640650
Error,683773
UpdateRouteReq,714997
UpdateRouteReq,723052
UpdateRouteReq,826309
Error,863074
UpdateRouteReq,333919
UpdateRouteReq,334253
UpdateRouteReq,339452
UpdateRouteReq,415676
UpdateRouteReq,452476
FindNodeReq,590606
Error,575663
UpdateRouteReq,604707
UpdateRouteReq,610378
UpdateRouteReq,611464
Error,246947
UpdateRouteReq,249648
UpdateRouteReq,255704
UpdateRouteReq,261941
UpdateRouteReq,300742
FindNodeReq,398086
UpdateRouteReq,405553
UpdateRouteReq,411098
Error,413068
Error,185536
Error,212494
Error,216220
Error,219075
UpdateRouteReq,251461
UpdateRouteReq,258735
UpdateRouteReq,266021
UpdateRouteReq,298478
UpdateRouteReq,90120
UpdateRouteReq,95158
Error,35782
FindNodeReq,70788
UpdateRouteReq,73292
UpdateRouteReq,104133
UpdateRouteReq,86351
UpdateRouteReq,132213
Error,80945
FindNodeReq,183489
FindNodeReq,213893
UpdateRouteReq,222829
UpdateRouteReq,230171
UpdateRouteReq,248304
UpdateRouteReq,88702
UpdateRouteReq,94132
FindNodeReq,86083
FindNodeReq,112417
UpdateRouteReq,71436
UpdateRouteReq,74503
UpdateRouteReq,79291
FindNodeReq,61944
FindNodeReq,101853
FindNodeReq,128908
Error,173700
FindNodeReq,207974
UpdateRouteReq,210063
UpdateRouteReq,242433
UpdateRouteReq,292431
UpdateRouteReq,318441
UpdateRouteReq,344914
UpdateRouteReq,370684
FindNodeReq,97228
FindNodeReq,146347
FindNodeReq,109758
FindNodeReq,139471
UpdateRouteReq,56700
UpdateRouteReq,58176
FindNodeReq,68358
FindNodeReq,93516
FindNodeReq,121235
FindNodeReq,150058
FindNodeReq,80014
UpdateRouteReq,90415
UpdateRouteReq,95803
Error,88541
FindNodeReq,117216
FindNodeReq,94298
UpdateRouteReq,97182
UpdateRouteReq,88432
UpdateRouteReq,91104
UpdateRouteReq,128655
UpdateRouteReq,225814
UpdateRouteReq,254428
UpdateRouteReq,281828
UpdateRouteReq,330401
FindNodeReq,67980
UpdateRouteReq,125799
UpdateRouteReq,185184
UpdateRouteReq,179809
UpdateRouteReq,207837
UpdateRouteReq,235222
UpdateRouteReq,261415
FindNodeReq,72518
FindNodeReq,100902
FindNodeReq,114171
Error,154030
FindNodeReq,205374
UpdateRouteReq,210702
UpdateRouteReq,122564
UpdateRouteReq,180341
FindNodeReq,234645
FindNodeReq,178511
UpdateRouteReq,208748
UpdateRouteReq,235062
FindNodeReq,60781
FindNodeReq,69819
FindNodeReq,96492
UpdateRouteReq,57768
UpdateRouteReq,59963
UpdateRouteReq,33687
FindNodeReq,109566
FindNodeReq,161305
FindNodeReq,191543
UpdateRouteReq,70159
UpdateRouteReq,70844
FindNodeReq,75445
FindNodeReq,101718
Error,64400
FindNodeReq,95025
FindNodeReq,124400
UpdateRouteReq,74626
UpdateRouteReq,76911
UpdateRouteReq,81211
UpdateRouteReq,60789
UpdateRouteReq,62299
UpdateRouteReq,82010
FindNodeReq,112075
UpdateRouteReq,146852
FindNodeReq,82838
FindNodeReq,129244
Error,130325
UpdateRouteReq,137426
FindNodeReq,177576
FindNodeReq,214416
FindNodeReq,247935
FindNodeReq,281574
Error,285107
UpdateRouteReq,293421
Error,88456
FindNodeReq,61487
UpdateRouteReq,110091
UpdateRouteReq,138877
UpdateRouteReq,34046
UpdateRouteReq,58894
UpdateRouteReq,61759
UpdateRouteReq,95963
Error,136571
UpdateRouteReq,171873
UpdateRouteReq,71463
UpdateRouteReq,73358
UpdateRouteReq,78696
Error,102739
Error,137252
UpdateRouteReq,138450
UpdateRouteReq,141943
UpdateRouteReq,149801
UpdateRouteReq,189048
UpdateRouteReq,216724
UpdateRouteReq,53294
UpdateRouteReq,55101
Error,92216
FindNodeReq,126317
FindNodeReq,160060
UpdateRouteReq,166164
UpdateRouteReq,104358
UpdateRouteReq,136598
UpdateRouteReq,145944
UpdateRouteReq,151814
Error,114484
UpdateRouteReq,118153
UpdateRouteReq,39678
FindNodeReq,84754
FindNodeReq,111519
UpdateRouteReq,41310
FindNodeReq,67707
FindNodeReq,67680
FindNodeReq,97225
FindNodeReq,57551
Error,87178
FindNodeReq,128986
UpdateRouteReq,36546
UpdateRouteReq,34282
FindNodeReq,72444
FindNodeReq,64050
UpdateRouteReq,38807
Error,74167
FindNodeReq,67715
FindNodeReq,56112
FindNodeReq,56925
FindNodeReq,79445
FindNodeReq,90705
FindNodeReq,116679
Error,127404
FindNodeReq,96031
UpdateRouteReq,97598
FindNodeReq,131436
FindNodeReq,811340
FindNodeReq,219271
FindNodeReq,275868
FindNodeReq,307277
UpdateRouteReq,316001
UpdateRouteReq,345272
UpdateRouteReq,373445
FindNodeReq,67704
FindNodeReq,66179
FindNodeReq,90548
UpdateRouteReq,94933
FindNodeReq,69801
FindNodeReq,93336
FindNodeReq,60352
FindNodeReq,73663
FindNodeReq,97749
UpdateRouteReq,36287
UpdateRouteReq,33438
FindNodeReq,84142
FindNodeReq,111927
UpdateRouteReq,73119
UpdateRouteReq,106629
FindNodeReq,66522
FindNodeReq,58612
UpdateRouteReq,38373
FindNodeReq,65165
FindNodeReq,69862
FindNodeReq,62048
UpdateRouteReq,37821
FindNodeReq,60764
FindNodeReq,68585
FindNodeReq,61845
UpdateRouteReq,37908
FindNodeReq,60661
FindNodeReq,60542
FindNodeReq,56492
FindNodeReq,67520
FindNodeReq,79979
FindNodeReq,103654
FindNodeReq,78158
UpdateRouteReq,80275
FindNodeReq,77524
UpdateRouteReq,34387
FindNodeReq,120300
FindNodeReq,146624
UpdateRouteReq,74930
FindNodeReq,168866
FindNodeReq,210839
FindNodeReq,95082
UpdateRouteReq,93270
FindNodeReq,78678
FindNodeReq,69086
FindNodeReq,89870
FindNodeReq,114897
FindNodeReq,141809
FindNodeReq,85119
UpdateRouteReq,85990
UpdateRouteReq,35059
FindNodeReq,254496
FindNodeReq,284918
UpdateRouteReq,291106
UpdateRouteReq,290901
UpdateRouteReq,322140
UpdateRouteReq,42427
FindNodeReq,103313
FindNodeReq,136288
UpdateRouteReq,45111
FindNodeReq,78540
FindNodeReq,103204
UpdateRouteReq,34569
UpdateRouteReq,33453
FindNodeReq,82816
FindNodeReq,112591
FindNodeReq,80477
FindNodeReq,107640
UpdateRouteReq,61993
UpdateRouteReq,63279
UpdateRouteReq,87660
FindNodeReq,78758
FindNodeReq,102898
UpdateRouteReq,39613
FindNodeReq,82919
FindNodeReq,110078
UpdateRouteReq,37479
FindNodeReq,69352
FindNodeReq,62316
UpdateRouteReq,37486
FindNodeReq,62897
FindNodeReq,58209
FindNodeReq,75003
FindNodeReq,64770
FindNodeReq,77298
FindNodeReq,101626
FindNodeReq,83983
FindNodeReq,115487
UpdateRouteReq,120854
UpdateRouteReq,33948
FindNodeReq,70671
FindNodeReq,63052
UpdateRouteReq,38122
UpdateRouteReq,39816
UpdateRouteReq,74238
UpdateRouteReq,107559
FindNodeReq,69739
FindNodeReq,62052
UpdateRouteReq,38760
FindNodeReq,72575
FindNodeReq,71951
FindNodeReq,61923
UpdateRouteReq,37646
FindNodeReq,61790
FindNodeReq,58427
FindNodeReq,73546
FindNodeReq,63960
FindNodeReq,85640
FindNodeReq,112524
FindNodeReq,83515
FindNodeReq,112857
UpdateRouteReq,119077
UpdateRouteReq,34392
FindNodeReq,71310
FindNodeReq,63141
UpdateRouteReq,38388
UpdateRouteReq,39477
UpdateRouteReq,73823
UpdateRouteReq,107072
FindNodeReq,84914
FindNodeReq,111091
UpdateRouteReq,38687
FindNodeReq,66679
FindNodeReq,70307
FindNodeReq,62646
UpdateRouteReq,38193
FindNodeReq,61271
FindNodeReq,58858
FindNodeReq,93727
UpdateRouteReq,70932
FindNodeReq,85242
FindNodeReq,112541
UpdateRouteReq,74167
UpdateRouteReq,102446
FindNodeReq,147499
FindNodeReq,179824
UpdateRouteReq,44211
FindNodeReq,74965
FindNodeReq,64064
UpdateRouteReq,39506
FindNodeReq,61858
UpdateRouteReq,81063
FindNodeReq,84936
FindNodeReq,112273
UpdateRouteReq,44153
FindNodeReq,76274
UpdateRouteReq,42975
FindNodeReq,63765
FindNodeReq,101737
FindNodeReq,129774
FindNodeReq,164137
FindNodeReq,105343
UpdateRouteReq,109306
FindNodeReq,90527
FindNodeReq,142221
FindNodeReq,109581
FindNodeReq,109045
UpdateRouteReq,112292
UpdateRouteReq,117982
FindNodeReq,114606
FindNodeReq,140389
FindNodeReq,176795
FindNodeReq,212971
UpdateRouteReq,55423
UpdateRouteReq,55344
UpdateRouteReq,38167
UpdateRouteReq,155269
FindNodeReq,151729
FindNodeReq,159376
UpdateRouteReq,88846
UpdateRouteReq,65606
Error,103373
UpdateRouteReq,166408
UpdateRouteReq,166877
Error,124281
FindNodeReq,125906
UpdateRouteReq,127121
FindNodeReq,81308
Error,107467
UpdateRouteReq,111466
Error,98840
FindNodeReq,131293
Error,88720
FindNodeReq,107153
Error,83707
Error,78248
FindNodeReq,70808
Error,47234
UpdateRouteReq,42735
Error,88903
UpdateRouteReq,39589
Error,107970
Error,46699
FindNodeReq,145182
FindNodeReq,148712
FindNodeReq,96025
FindNodeReq,81464
FindNodeReq,78859
UpdateRouteReq,44238
FindNodeReq,143288
FindNodeRsp,81666
UpdateRouteReq,49699
UpdateRouteReq,42344
QueryRouteRsp,77650
UpdateRouteReq,42747
UpdateRouteReq,160955
UpdateRouteReq,42619
UpdateRouteReq,159117
UpdateRouteReq,217368
UpdateRouteReq,317344
UpdateRouteReq,438973
UpdateRouteReq,57526
UpdateRouteReq,84440
UpdateRouteReq,43099
FindNodeReq,163445
FindNodeRsp,77522
UpdateRouteReq,682186
UpdateRouteReq,785594
FindNodeReq,882962
UpdateRouteReq,916092
UpdateRouteReq,997045
UpdateRouteReq,1054066
UpdateRouteReq,1134004
Error,1204626
Error,71779
FindNodeReq,113940
FindNodeReq,85050
FindNodeReq,84882
FindNodeReq,80494
UpdateRouteReq,114441
Error,94394
FindNodeRsp,58899
UpdateRouteReq,201498
UpdateRouteReq,241790
FindNodeReq,158405
FindNodeReq,146681
FindNodeReq,95054
FindNodeReq,83049
FindNodeReq,79525
UpdateRouteReq,42159
UpdateRouteReq,64475
FindNodeReq,150076
UpdateRouteReq,42675
FindNodeReq,154588
FindNodeRsp,74366
UpdateRouteReq,91717
UpdateRouteReq,44083
PathSetupReq,93610
FindNodeReq,155937
FindNodeRsp,97654
FindNodeReq,161640
UpdateRouteReq,108748
FindNodeReq,155048
FindNodeReq,156368
FindNodeReq,155213
FindNodeReq,144117
FindNodeRsp,83408
FindNodeRsp,111649
FindNodeRsp,76857
FindNodeRsp,102744
FindNodeReq,148382
FindNodeRsp,120477
FindNodeReq,154683
FindNodeReq,155917
FindNodeRsp,79932
FindNodeReq,159929
FindNodeReq,155682
FindNodeReq,154922
FindNodeReq,118273
FindNodeRsp,107952
FindNodeReq,156694
FindNodeReq,234415
FindNodeReq,155845
FindNodeReq,156636
FindNodeRsp,81642
FindNodeReq,160997
FindNodeReq,155966
FindNodeReq,162847
FindNodeRsp,78029
FindNodeRsp,99924
FindNodeReq,160886
FindNodeRsp,94826
FindNodeReq,156563
FindNodeRsp,102074
FindNodeRsp,99938
FindNodeRsp,84399
FindNodeRsp,77739
FindNodeReq,107286
FindNodeRsp,126094
FindNodeRsp,101605
FindNodeReq,156165
FindNodeReq,159351
FindNodeReq,166164
FindNodeRsp,98528
FindNodeRsp,104780
FindNodeReq,167666
FindNodeReq,178341
FindNodeRsp,111855
FindNodeRsp,76557
PathSetupReq,126315
PathSetupReq,39228
PathSetupReq,44061
FindNodeReq,106289
FindNodeReq,157944
FindNodeRsp,78047
FindNodeRsp,112064
FindNodeReq,171746
FindNodeRsp,97378
PathSetupReq,97683
FindNodeReq,158736
FindNodeReq,152404
FindNodeReq,127690
FindNodeReq,183704
FindNodeRsp,100842
FindNodeReq,157055
FindNodeReq,112632
FindNodeRsp,86732
PNHello,126149
PNDiscRsp,140237
FindNodeRsp,78282
FindNodeReq,107984
FindNodeRsp,116266
FindNodeReq,158873
FindNodeRsp,209907
PNDiscReq,125986
FindNodeReq,155893
FindNodeRsp,77950
FindNodeRsp,77239
FindNodeRsp,83055
FindNodeReq,102524
FindNodeRsp,90990
FindNodeReq,116732
FindNodeRsp,93345
FindNodeRsp,94758
FindNodeReq,170696
FindNodeReq,100425
FindNodeRsp,95252
FindNodeRsp,118665
FindNodeRsp,107939
FindNodeReq,162706
FindNodeRsp,94952
FindNodeReq,158016
FindNodeRsp,79726
FindNodeReq,154617
FindNodeRsp,91053
FindNodeReq,156480
FindNodeRsp,75918
FindNodeReq,149244
FindNodeRsp,74768
FindNodeRsp,115001
FindNodeRsp,97768
FindNodeReq,114536
FindNodeReq,148559
UpdateRouteReq,128999
UpdateRouteReq,245165
FindNodeReq,175441
UpdateRouteReq,140662
UpdateRouteReq,207453
FindNodeReq,91964
FindNodeReq,322006
FindNodeReq,429982
FindNodeReq,64153
FindNodeReq,67641
FindNodeReq,97703
FindNodeReq,61723
FindNodeReq,66927
FindNodeReq,64138
FindNodeReq,65478
FindNodeReq,66037
FindNodeRsp,104957
FindNodeReq,140445
FindNodeRsp,64311
Error,71062
UpdateRouteReq,499081
UpdateRouteReq,570457
UpdateRouteReq,659531
FindNodeReq,722403
UpdateRouteReq,367808
UpdateRouteReq,474397
FindNodeReq,565172
Error,568815
Error,34154
FindNodeReq,82296
FindNodeReq,79439
FindNodeReq,78103
UpdateRouteReq,98916
UpdateRouteReq,107177
FindNodeRsp,141425
UpdateRouteReq,238583
UpdateRouteReq,133041
FindNodeReq,144045
FindNodeReq,92932
FindNodeReq,75606
FindNodeReq,73093
UpdateRouteReq,52255
UpdateRouteReq,127933
Error,176366
Error,169592
FindNodeReq,409127
Error,582612
Error,607265
FindNodeReq,181404
FindNodeReq,76558
UpdateRouteReq,53128
Error,240866
Error,187621
UpdateRouteReq,195145
FindNodeReq,703719
FindNodeReq,858453
FindNodeReq,890729
FindNodeReq,1070230
FindNodeReq,1124012
Error,1235074
FindNodeRsp,1244249
FindNodeReq,940015
FindNodeReq,974727
UpdateRouteReq,986507
Error,1033112
FindNodeReq,1112475
UpdateRouteReq,1147047
FindNodeReq,1304041
FindNodeReq,1356031
FindNodeReq,1443697
Error,319886
FindNodeReq,349881
FindNodeReq,382935
FindNodeReq,416015
FindNodeReq,447186
FindNodeReq,477046
FindNodeReq,508045
UpdateRouteReq,519193
Error,695382
FindNodeReq,290719
Error,343618
Error,76444
Error,133741
Error,152900
Error,105869
FindNodeReq,127913
UpdateRouteReq,174071
Error,231295
UpdateRouteReq,238931
Error,265005
FindNodeReq,139866
FindNodeReq,174386
FindNodeReq,142869
Error,232277
Error,163410
UpdateRouteReq,163496
FindNodeReq,229851
UpdateRouteReq,240000
Error,266701
Error,314813
Error,378628
FindNodeReq,117085
FindNodeReq,145489
UpdateRouteReq,153857
UpdateRouteReq,181331
Error,272171
UpdateRouteReq,180344
UpdateRouteReq,214156
Error,100904
Error,137490
Error,179737
FindNodeReq,83630
UpdateRouteReq,49840
UpdateRouteReq,128515
FindNodeReq,232089
FindNodeReq,279058
FindNodeReq,154277
FindNodeReq,208872
Error,91752
Error,93196
Error,92218
Error,112626
FindNodeReq,142357
Error,187700
UpdateRouteReq,97462
Error,139069
Error,206554
Error,95374
FindNodeReq,126658
Error,83183
Error,81362
Error,77307
FindNodeRsp,65051
Error,108314
Error,87230
Error,127493
UpdateRouteReq,49451
FindNodeReq,65704
Error,82412
UpdateRouteReq,120024
UpdateRouteReq,219861
UpdateRouteReq,172748
UpdateRouteReq,214407
Error,77095
Error,74127
Error,79989
Error,93666
Error,132977
Error,109325
Error,148115
Error,189876
Error,48547
Error,77706
Error,76451
Error,51459
Error,90176
Error,37414
Error,36687
Error,38463
Error,78809
Error,56450
Error,59111
Error,115506
Error,116214
Error,128288
Error,130799
Error,134362
Error,180889
Error,136552
UpdateRouteReq,140975
UpdateRouteReq,148801
UpdateRouteReq,188181
Error,119943
Error,66951
Error,110982
Error,82548
UpdateRouteReq,44743
Error,79738
Error,94557
Error,133727
Error,48765
Error,77036
Error,81022
Error,77072
UpdateRouteReq,41136
Error,37589
UpdateRouteReq,40191
Error,90158
Error,52799
Error,69315
Error,77858
UpdateRouteReq,117331
Error,118416
Error,164072
Error,70155
UpdateRouteReq,92274
Error,94296
Error,76066
UpdateRouteReq,46950
Error,89023
Error,52475
Error,36399
Error,33847
UpdateRouteReq,37853
UpdateRouteReq,42323
FindNodeRsp,222692
UpdateRouteReq,229610
UpdateRouteReq,268929
QueryRouteRsp,84754
UpdateRouteReq,46773
UpdateRouteReq,80689
UpdateRouteReq,83342
UpdateRouteReq,45284
UpdateRouteReq,46200
FindNodeRsp,44702
UpdateRouteReq,106546
FindNodeReq,89466
FindNodeRsp,60170
FindNodeRsp,75798
UpdateRouteReq,113268
FindNodeRsp,44773
FindNodeReq,167084
FindNodeRsp,44293
FindNodeReq,149234
Error,108310
Error,84098
Error,79094
Error,44160
Error,58784
FindNodeReq,392062
FindNodeReq,115518
Error,111657
Error,112690
FindNodeReq,93146
FindNodeReq,74722
FindNodeReq,74271
FindNodeRsp,60394
UpdateRouteReq,98822
FindNodeRsp,53691
UpdateRouteReq,43977
FindNodeReq,74458
FindNodeReq,149779
FindNodeReq,97302
FindNodeReq,81160
FindNodeReq,77399
FindNodeReq,353491
FindNodeReq,482544
Error,486612
FindNodeReq,91164
FindNodeReq,120975
Error,84687
FindNodeReq,139110
FindNodeReq,73357
FindNodeRsp,70732
Error,154259
FindNodeReq,191578
FindNodeReq,70847
FindNodeReq,90350
Error,107794
FindNodeReq,138742
Error,75231
Error,82526
Error,41377
FindNodeReq,147944
FindNodeRsp,45961
UpdateRouteReq,111625
UpdateRouteReq,96129
FindNodeReq,300933
UpdateRouteReq,396801
Error,169188
FindNodeReq,204079
Error,204400
Error,80898
Error,116770
FindNodeReq,88983
Error,180080
FindNodeRsp,214195
FindNodeReq,105273
Error,76363
FindNodeReq,90156
Error,74539
Error,86782
Error,76282
UpdateRouteReq,49172
UpdateRouteReq,45339
FindNodeReq,117769
Error,163969
UpdateRouteReq,51719
FindNodeRsp,208507
UpdateRouteReq,261330
FindNodeReq,74774
Error,123716
UpdateRouteReq,41020
UpdateRouteReq,40779
UpdateRouteReq,62155
FindNodeRsp,75171
Error,102936
Error,80695
Error,41665
Error,57305
FindNodeReq,370764
FindNodeReq,110238
Error,107868
Error,107850
FindNodeReq,74894
FindNodeReq,71832
FindNodeReq,75484
UpdateRouteReq,81953
UpdateRouteReq,117958
Error,82779
UpdateRouteReq,75984
UpdateRouteReq,92808
FindNodeRsp,95636
FindNodeReq,154876
FindNodeReq,126305
Error,189224
UpdateRouteReq,197109
FindNodeReq,227146
Error,79834
FindNodeReq,67298
FindNodeRsp,43756
UpdateRouteReq,47156
UpdateRouteReq,91634
Error,150600
FindNodeReq,207665
UpdateRouteReq,215755
UpdateRouteReq,225215
Error,266762
FindNodeReq,134600
Error,106358
UpdateRouteReq,127922
UpdateRouteReq,167628
UpdateRouteReq,202172
UpdateRouteReq,60450
UpdateRouteReq,62366
FindNodeReq,86575
UpdateRouteReq,89340
UpdateRouteReq,71182
Error,115842
Error,158306
Error,148764
UpdateRouteReq,154102
UpdateRouteReq,212575
UpdateRouteReq,44239
UpdateRouteReq,44034
UpdateRouteReq,58110
FindNodeReq,74774
FindNodeReq,74061
FindNodeReq,65407
Error,78978
UpdateRouteReq,41783
UpdateRouteReq,45528
UpdateRouteReq,84836
Error,76966
UpdateRouteReq,92158
UpdateRouteReq,96794
UpdateRouteReq,106254
UpdateRouteReq,112585
UpdateRouteReq,44137
UpdateRouteReq,84056
FindNodeReq,81442
FindNodeReq,62100
Error,90584
UpdateRouteReq,112778
Error,182304
Error,223320
Error,262382
UpdateRouteReq,273499
Error,131950
UpdateRouteReq,137111
UpdateRouteReq,171372
Error,146951
UpdateRouteReq,157277
UpdateRouteReq,165453
UpdateRouteReq,56224
UpdateRouteReq,43091
UpdateRouteReq,39429
FindNodeReq,65819
FindNodeReq,60119
Error,76819
Error,74623
Error,76706
UpdateRouteReq,47378
UpdateRouteReq,43102
Error,90558
UpdateRouteReq,109819
UpdateRouteReq,58923
UpdateRouteReq,79998
UpdateRouteReq,85162
UpdateRouteReq,92870
FindNodeReq,145013
FindNodeReq,169604
Error,140475
UpdateRouteReq,140019
UpdateRouteReq,95482
Error,158505
Error,202919
Error,111557
Error,159359
Error,205180
Error,209123
UpdateRouteReq,216586
UpdateRouteReq,224044
UpdateRouteReq,230948
UpdateRouteReq,268546
Error,114550
UpdateRouteReq,124585
UpdateRouteReq,132437
Error,73765
Error,41281
Error,34435
FindNodeReq,69999
FindNodeReq,86429
UpdateRouteReq,91187
UpdateRouteReq,61062
UpdateRouteReq,56380
Error,70493
Error,68015
Error,30888
Error,30219
Error,34813
UpdateRouteReq,44350
UpdateRouteReq,59567
UpdateRouteReq,56739
Error,37564
UpdateRouteReq,89094
UpdateRouteReq,154105
UpdateRouteReq,188889
UpdateRouteReq,78086
UpdateRouteReq,81387
FindNodeReq,69199
FindNodeReq,77990
Error,77227
UpdateRouteReq,65764
Error,63783
Error,67074
Error,31365
UpdateRouteReq,44238
UpdateRouteReq,85782
Error,88881
UpdateRouteReq,98829
UpdateRouteReq,77055
UpdateRouteReq,108090
Error,172773
UpdateRouteReq,202025
UpdateRouteReq,209544
UpdateRouteReq,265474
UpdateRouteReq,297923
UpdateRouteReq,304812
UpdateRouteReq,59143
FindNodeReq,67136
FindNodeReq,67157
FindNodeReq,61619
FindNodeReq,137446
FindNodeReq,145149
UpdateRouteReq,171689
UpdateRouteReq,202676
UpdateRouteReq,41281
FindNodeReq,73587
FindNodeReq,66151
Error,80179
UpdateRouteReq,61582
UpdateRouteReq,42999
FindNodeReq,72008
UpdateRouteReq,59427
UpdateRouteReq,73213
UpdateRouteReq,102442
FindNodeReq,187380
UpdateRouteReq,117142
UpdateRouteReq,169873
Error,77919
UpdateRouteReq,91487
UpdateRouteReq,96544
UpdateRouteReq,56749
FindNodeReq,126766
UpdateRouteReq,43741
FindNodeReq,88490
Error,149737
UpdateRouteReq,111243
UpdateRouteReq,116490
UpdateRouteReq,153937
FindNodeReq,117521
FindNodeReq,104896
Error,81553
UpdateRouteReq,135773
UpdateRouteReq,99470
Error,147597
UpdateRouteReq,44155
FindNodeReq,88094
FindNodeReq,93814
UpdateRouteReq,99594
UpdateRouteReq,39800
UpdateRouteReq,48813
FindNodeReq,163364
UpdateRouteReq,88642
Error,178855
UpdateRouteReq,148029
UpdateRouteReq,153481
UpdateRouteReq,214361
UpdateRouteReq,248118
UpdateRouteReq,70961
FindNodeReq,74971
FindNodeReq,84722
FindNodeReq,126983
UpdateRouteReq,154658
UpdateRouteReq,162114
FindNodeReq,69482
Error,79650
FindNodeReq,68714
UpdateRouteReq,98362
UpdateRouteReq,130772
FindNodeReq,161707
UpdateRouteReq,98371
UpdateRouteReq,101687
UpdateRouteReq,108138
FindNodeReq,64291
FindNodeReq,113912
FindNodeReq,236292
FindNodeReq,222969
FindNodeReq,278930
UpdateRouteReq,288034
UpdateRouteReq,319836
UpdateRouteReq,348285
FindNodeReq,67394
Error,93394
UpdateRouteReq,97142
FindNodeReq,87534
UpdateRouteReq,93712
UpdateRouteReq,96810
FindNodeReq,99147
FindNodeReq,88114
UpdateRouteReq,99681
UpdateRouteReq,60468
UpdateRouteReq,63674
FindNodeReq,176486
UpdateRouteReq,169601
UpdateRouteReq,201669
UpdateRouteReq,88392
Error,78545
UpdateRouteReq,109443
UpdateRouteReq,116865
UpdateRouteReq,155349
FindNodeReq,83843
UpdateRouteReq,79875
UpdateRouteReq,110483
FindNodeReq,66800
FindNodeReq,79042
FindNodeReq,107421
FindNodeReq,76646
UpdateRouteReq,43489
UpdateRouteReq,42717
UpdateRouteReq,38508
FindNodeReq,67251
FindNodeReq,62655
FindNodeReq,66396
Error,97486
UpdateRouteReq,185052
UpdateRouteReq,205822
UpdateRouteReq,245906
UpdateRouteReq,287281
UpdateRouteReq,294874
UpdateRouteReq,300832
Error,301357
FindNodeReq,188379
FindNodeReq,218330
FindNodeReq,249417
FindNodeReq,280372
UpdateRouteReq,201255
UpdateRouteReq,207979
UpdateRouteReq,215453
UpdateRouteReq,49299
UpdateRouteReq,42087
Error,96940
UpdateRouteReq,128926
UpdateRouteReq,162130
UpdateRouteReq,67270
UpdateRouteReq,71632
UpdateRouteReq,99150
FindNodeReq,139926
Error,184824
UpdateRouteReq,197525
UpdateRouteReq,206821
UpdateRouteReq,129098
UpdateRouteReq,213291
UpdateRouteReq,79273
Error,127362
Error,167623
UpdateRouteReq,178377
UpdateRouteReq,187704
UpdateRouteReq,96412
Error,75124
Error,131661
Error,180449
Error,217515
UpdateRouteReq,227325
UpdateRouteReq,236939
UpdateRouteReq,271647
Error,83979
Error,120501
Error,46721
Error,139661
Error,165200
Error,169673
UpdateRouteReq,132481
UpdateRouteReq,137843
UpdateRouteReq,177978
Error,202111
Error,65711
Error,67547
Error,69272
Error,98701
Error,51879
Error,51487
Error,52846
UpdateRouteReq,46067
UpdateRouteReq,62995
UpdateRouteReq,57731
Error,82449
UpdateRouteReq,46709
UpdateRouteReq,57571
Error,96682
UpdateRouteReq,61359
UpdateRouteReq,64138
Error,107447
UpdateRouteReq,83209
UpdateRouteReq,60615
UpdateRouteReq,41701
Error,126703
UpdateRouteReq,135844
UpdateRouteReq,123163
UpdateRouteReq,95932
Error,112607
UpdateRouteReq,154736
UpdateRouteReq,184682
UpdateRouteReq,221935
Error,246978
UpdateRouteReq,291101
Error,399476
UpdateRouteReq,410266
UpdateRouteReq,445840
Error,503281
UpdateRouteReq,510503
UpdateRouteReq,519089
UpdateRouteReq,575936
UpdateRouteReq,608361
UpdateRouteReq,638061
Error,703734
UpdateRouteReq,713405
UpdateRouteReq,720643
UpdateRouteReq,752694
Error,842326
UpdateRouteReq,850774
UpdateRouteReq,343100
UpdateRouteReq,378581
Error,420595
UpdateRouteReq,483154
UpdateRouteReq,538660
Error,649716
UpdateRouteReq,702336
UpdateRouteReq,735135
Error,314247
UpdateRouteReq,321543
UpdateRouteReq,362466
UpdateRouteReq,397680
Error,484885
UpdateRouteReq,516464
Error,556008
Error,639414
UpdateRouteReq,648180
UpdateRouteReq,215325
Error,385127
UpdateRouteReq,395741
UpdateRouteReq,221191
Error,306622
Error,372318
UpdateRouteReq,427337
UpdateRouteReq,436597
UpdateRouteReq,208812
Error,305288
Error,347523
UpdateRouteReq,358330
UpdateRouteReq,392331
Error,228535
Error,265714
UpdateRouteReq,305520
UpdateRouteReq,362970
Error,179518
UpdateRouteReq,185878
UpdateRouteReq,222639
Error,221271
UpdateRouteReq,226047
Error,269319
Error,342397
UpdateRouteReq,353393
UpdateRouteReq,409824
Error,154996
UpdateRouteReq,161890
UpdateRouteReq,196390
Error,273429
Error,311054
UpdateRouteReq,335180
UpdateRouteReq,361194
Error,209827
Error,240980
Error,303234
UpdateRouteReq,312920
UpdateRouteReq,321014
UpdateRouteReq,373721
UpdateRouteReq,85664
UpdateRouteReq,115483
Error,76204
Error,107446
UpdateRouteReq,127362
UpdateRouteReq,135358
UpdateRouteReq,113875
Error,174287
Error,210571
Error,271617
Error,309476
UpdateRouteReq,115066
UpdateRouteReq,120494
UpdateRouteReq,181802
Error,85767
UpdateRouteReq,34509
Error,59965
UpdateRouteReq,49483
UpdateRouteReq,45146
Error,98914
Error,154096
Error,189462
UpdateRouteReq,90605
UpdateRouteReq,94813
UpdateRouteReq,126743
Error,70352
Error,98701
Error,98392
Error,151944
UpdateRouteReq,92208
UpdateRouteReq,95176
UpdateRouteReq,124797
Error,74202
UpdateRouteReq,77954
UpdateRouteReq,50453
UpdateRouteReq,44763
Error,63322
UpdateRouteReq,36428
UpdateRouteReq,95460
Error,154106
Error,204835
Error,239599
Error,273140
UpdateRouteReq,304523
UpdateRouteReq,311545
UpdateRouteReq,95988
Error,150998
Error,185145
Error,244114
Error,184090
Error,239217
UpdateRouteReq,247034
UpdateRouteReq,254087
UpdateRouteReq,283006
Error,335163
UpdateRouteReq,342933
Error,62736
Error,58645
UpdateRouteReq,64026
UpdateRouteReq,91757
Error,60748
Error,60551
Error,134699
Error,164636
UpdateRouteReq,172714
UpdateRouteReq,180496
UpdateRouteReq,208765
Error,85806
Error,82948
Error,118179
Error,112988
Error,159601
Error,163505
Error,166213
UpdateRouteReq,172856
UpdateRouteReq,180510
UpdateRouteReq,94680
Error,114910
Error,25223
Error,77828
UpdateRouteReq,85998
UpdateRouteReq,62087
UpdateRouteReq,47675
Error,26363
UpdateRouteReq,48252
UpdateRouteReq,53306
UpdateRouteReq,64711
Error,40739
Error,87021
Error,90678
UpdateRouteReq,98171
UpdateRouteReq,75088
UpdateRouteReq,102681
Error,92763
Error,95726
Error,116003
Error,43334
Error,43587
Error,41151
Error,41642
Error,40903
Error,41233
UpdateRouteReq,36865
UpdateRouteReq,61762
UpdateRouteReq,89905
Error,54642
Error,37159
Error,35944
Error,45232
UpdateRouteReq,49741
UpdateRouteReq,47642
UpdateRouteReq,45406
Error,71569
Error,69729
Error,72377
Error,95978
Error,95056
Error,137466
Error,140411
Error,143417
UpdateRouteReq,151367
UpdateRouteReq,89607
UpdateRouteReq,114561
Error,135530
Error,57058
Error,112159
UpdateRouteReq,117185
UpdateRouteReq,122417
UpdateRouteReq,171657
Error,217288
UpdateRouteReq,186039
UpdateRouteReq,250754
Error,216143
UpdateRouteReq,243959
UpdateRouteReq,290424
Error,194904
UpdateRouteReq,128052
UpdateRouteReq,190899
Error,141793
UpdateRouteReq,138019
UpdateRouteReq,167588
Error,254457
UpdateRouteReq,204465
Error,275816
UpdateRouteReq,114091
UpdateRouteReq,143129
Error,239925
UpdateRouteReq,112939
UpdateRouteReq,145137
UpdateRouteReq,193708
Error,133951
Error,187812
UpdateRouteReq,194754
UpdateRouteReq,74261
Error,129973
Error,133359
UpdateRouteReq,137789
UpdateRouteReq,190462
Error,121477
Error,173492
UpdateRouteReq,76566
UpdateRouteReq,104800
Error,65179
Error,112959
Error,95958
UpdateRouteReq,101058
UpdateRouteReq,118469
UpdateRouteReq,80194
Error,77921
Error,107531
Error,163206
Error,173600
Error,205953
UpdateRouteReq,213901
UpdateRouteReq,221327
UpdateRouteReq,249398
Error,61040
Error,71477
Error,88754
Error,137210
UpdateRouteReq,139641
UpdateRouteReq,147087
UpdateRouteReq,179969
Error,205433
Error,207985
Error,210561
Error,151619
UpdateRouteReq,142053
UpdateRouteReq,149547
UpdateRouteReq,207037
Error,245713
Error,57799
Error,122711
Error,122626
Error,126019
UpdateRouteReq,132732
UpdateRouteReq,140084
UpdateRouteReq,172482
Error,105376
Error,104646
UpdateRouteReq,113761
UpdateRouteReq,121768
UpdateRouteReq,150777
Error,120479
Error,173757
UpdateRouteReq,97413
Error,129685
UpdateRouteReq,140395
UpdateRouteReq,169307
Error,99947
UpdateRouteReq,91008
UpdateRouteReq,128528
Error,158576
UpdateRouteReq,186726
UpdateRouteReq,214752
UpdateRouteReq,167516
UpdateRouteReq,195807
Error,281066
UpdateRouteReq,290343
UpdateRouteReq,296534
UpdateRouteReq,204940
Error,296612
Error,331178
UpdateRouteReq,358220
UpdateRouteReq,386613
Error,452148
UpdateRouteReq,460299
Error,236275
UpdateRouteReq,263119
UpdateRouteReq,291172
Error,159702
Error,191780
UpdateRouteReq,199241
UpdateRouteReq,242928
Error,185916
UpdateRouteReq,192436
UpdateRouteReq,220977
Error,97951
Error,114077
Error,160682
Error,145259
UpdateRouteReq,149755
UpdateRouteReq,156613
UpdateRouteReq,185352
Error,35184
Error,54868
Error,38235
Error,28125
Error,28849
UpdateRouteReq,36961
UpdateRouteReq,48903
UpdateRouteReq,46589
Error,63590
Error,83033
Error,86368
Error,45441
UpdateRouteReq,49728
FindNodeReq,98848
UpdateRouteReq,105214
UpdateRouteReq,132735
Error,43545
UpdateRouteReq,46641
UpdateRouteReq,73375
UpdateRouteReq,101272
Error,93898
Error,93603
Error,96458
Error,99593
UpdateRouteReq,107513
UpdateRouteReq,55356
Error,76638
UpdateRouteReq,35461
UpdateRouteReq,61859
UpdateRouteReq,90180
Error,169826
UpdateRouteReq,176664
UpdateRouteReq,170993
UpdateRouteReq,200875
Error,82809
UpdateRouteReq,33779
Error,78658
Error,68100
Error,49937
FindNodeRsp,33403
UpdateRouteReq,40636
QueryRouteRsp,75822
UpdateRouteReq,60632
UpdateRouteReq,89426
FindNodeRsp,60686
FindNodeRsp,79490
UpdateRouteReq,45735
UpdateRouteReq,89418
UpdateRouteReq,74890
FindNodeRsp,62370
UpdateRouteReq,71258
UpdateRouteReq,49810
Error,89628
Error,84566
Error,76808
FindNodeRsp,41719
Error,85340
Error,42048
FindNodeReq,71690
UpdateRouteReq,45264
UpdateRouteReq,40828
FindNodeReq,150117
FindNodeReq,145509
FindNodeReq,94442
FindNodeReq,79322
FindNodeReq,77926
FindNodeReq,152423
QueryRouteRsp,107555
FindNodeRsp,54359
FindNodeReq,85342
UpdateRouteReq,46199
FindNodeReq,145757
FindNodeReq,147897
PathSetupReq,128243
PathSetupReq,118554
PathSetupReq,38876
FindNodeRsp,78469
FindNodeReq,104398
FindNodeRsp,62373
Error,108857
Error,84828
Error,80548
Error,43903
Error,57253
FindNodeReq,365780
FindNodeReq,113546
Error,110558
Error,132987
FindNodeReq,94745
FindNodeReq,73823
FindNodeReq,73391
Error,165824
FindNodeReq,258787
Error,107578
FindNodeReq,127938
FindNodeReq,79837
Error,119978
FindNodeReq,82531
Error,120762
FindNodeReq,79306
Error,119490
Error,128988
FindNodeRsp,59992
Error,90434
Error,122459
Error,102792
UpdateRouteReq,106869
Error,83000
Error,77804
Error,78387
Error,78666
Error,74851
Error,79337
Error,41719
Error,41719
Error,111181
Error,86759
Error,43532
UpdateRouteReq,98863
QueryRouteRsp,79344
UpdateRouteReq,81329
UpdateRouteReq,72251
UpdateRouteReq,127522
UpdateRouteReq,134131
UpdateRouteReq,155137
Error,231043
UpdateRouteReq,119250
FindNodeRsp,209142
UpdateRouteReq,43047
FindNodeRsp,77415
UpdateRouteReq,111214
FindNodeRsp,54849
FindNodeReq,102382
FindNodeRsp,63719
FindNodeRsp,50671
UpdateRouteReq,109166
FindNodeReq,435049
Error,137832
Error,133717
Error,194280
FindNodeReq,229754
Error,273890
UpdateRouteReq,281475
Error,102958
FindNodeReq,110778
FindNodeRsp,171042
Error,237839
FindNodeReq,85632
Error,82312
FindNodeReq,105130
Error,45834
Error,53503
UpdateRouteReq,45329
UpdateRouteReq,73348
FindNodeReq,348007
FindNodeReq,119870
FindNodeReq,152455
FindNodeReq,69040
UpdateRouteReq,132835
FindNodeReq,201598
UpdateRouteReq,209850
FindNodeReq,68631
FindNodeReq,86342
FindNodeReq,124381
UpdateRouteReq,81327
FindNodeReq,70615
FindNodeReq,68744
UpdateRouteReq,71065
UpdateRouteReq,83019
FindNodeReq,135814
FindNodeReq,99004
FindNodeReq,117697
FindNodeReq,63451
FindNodeReq,205204
UpdateRouteReq,155946
FindNodeReq,230435
FindNodeReq,80298
FindNodeReq,69113
FindNodeReq,81016
FindNodeReq,80784
FindNodeReq,116141
FindNodeReq,100830
FindNodeReq,114974
FindNodeReq,70194
UpdateRouteReq,90910
FindNodeReq,86638
FindNodeReq,123510
UpdateRouteReq,127561
FindNodeReq,70380
FindNodeReq,79391
FindNodeReq,69727
FindNodeReq,64581
UpdateRouteReq,90904
UpdateRouteReq,127450
FindNodeReq,113017
FindNodeReq,143140
FindNodeReq,98003
UpdateRouteReq,72198
FindNodeReq,157593
FindNodeReq,89292
FindNodeReq,79687
FindNodeReq,109259
FindNodeReq,96490
FindNodeReq,134132
FindNodeReq,310531
FindNodeReq,79251
FindNodeReq,71794
FindNodeReq,160726
UpdateRouteReq,194906
FindNodeReq,70314
FindNodeReq,69537
UpdateRouteReq,43070
FindNodeReq,69563
UpdateRouteReq,43608
FindNodeReq,82998
FindNodeReq,124971
FindNodeReq,155586
FindNodeReq,119808
UpdateRouteReq,149362
UpdateRouteReq,156980
UpdateRouteReq,232551
UpdateRouteReq,306994
UpdateRouteReq,255676
FindNodeReq,290998
FindNodeReq,510613
FindNodeReq,78300
FindNodeReq,81900
FindNodeReq,95738
FindNodeReq,123929
FindNodeReq,98198
FindNodeReq,151185
FindNodeReq,136511
FindNodeReq,72622
UpdateRouteReq,77436
UpdateRouteReq,113976
FindNodeReq,110280
FindNodeReq,138161
UpdateRouteReq,128960
FindNodeReq,70852
FindNodeReq,65557
FindNodeReq,70023
FindNodeReq,65052
UpdateRouteReq,89516
UpdateRouteReq,131657
FindNodeReq,191198
FindNodeReq,115623
FindNodeReq,63045
UpdateRouteReq,159617
FindNodeReq,157039
FindNodeReq,85993
FindNodeReq,77882
FindNodeReq,108035
FindNodeReq,107024
FindNodeReq,135892
FindNodeReq,264534
FindNodeReq,73850
FindNodeReq,89799
UpdateRouteReq,88965
UpdateRouteReq,141459
FindNodeReq,174206
FindNodeReq,139768
FindNodeReq,113965
FindNodeReq,141903
FindNodeReq,179880
UpdateRouteReq,188480
FindNodeReq,151501
FindNodeReq,137739
FindNodeReq,73051
UpdateRouteReq,44094
FindNodeReq,158117
FindNodeReq,131953
UpdateRouteReq,290835
FindNodeReq,157554
FindNodeReq,235001
FindNodeReq,210440
UpdateRouteReq,217902
UpdateRouteReq,225419
FindNodeReq,335244
UpdateRouteReq,143647
FindNodeReq,68854
FindNodeReq,88630
UpdateRouteReq,94832
UpdateRouteReq,78126
FindNodeReq,122541
FindNodeReq,199784
FindNodeReq,216496
FindNodeReq,102498
FindNodeReq,81162
UpdateRouteReq,114786
FindNodeReq,191436
FindNodeReq,153296
UpdateRouteReq,156913
FindNodeReq,440941
FindNodeReq,681349
FindNodeReq,142761
FindNodeReq,62630
FindNodeReq,67459
FindNodeReq,64486
UpdateRouteReq,85222
UpdateRouteReq,224159
UpdateRouteReq,227326
UpdateRouteReq,372396
FindNodeReq,367718
FindNodeReq,104296
FindNodeReq,72418
FindNodeReq,162165
FindNodeReq,63320
FindNodeReq,195712
UpdateRouteReq,48119
UpdateRouteReq,72009
UpdateRouteReq,69173
FindNodeReq,297941
FindNodeReq,564340
FindNodeReq,77785
FindNodeReq,93690
FindNodeReq,221999
FindNodeReq,99814
UpdateRouteReq,218635
UpdateRouteReq,251606
UpdateRouteReq,304517
UpdateRouteReq,152877
UpdateRouteReq,163301
UpdateRouteReq,224167
UpdateRouteReq,109746
UpdateRouteReq,141018
UpdateRouteReq,176785
FindNodeReq,354332
UpdateRouteReq,113666
FindNodeReq,86962
FindNodeReq,106502
FindNodeReq,75236
FindNodeReq,68873
FindNodeReq,78966
FindNodeReq,72773
UpdateRouteReq,81116
UpdateRouteReq,55595
FindNodeReq,310910
FindNodeReq,149644
FindNodeReq,77050
FindNodeReq,107405
FindNodeReq,111990
UpdateRouteReq,115537
FindNodeReq,146826
FindNodeReq,70443
FindNodeReq,96298
UpdateRouteReq,99413
FindNodeReq,69434
FindNodeReq,75951
UpdateRouteReq,69582
UpdateRouteReq,100596
FindNodeReq,98596
FindNodeReq,133429
FindNodeReq,64726
FindNodeReq,61999
FindNodeReq,67869
FindNodeReq,63331
FindNodeReq,193982
UpdateRouteReq,190451
FindNodeReq,240389
FindNodeReq,293266
FindNodeReq,119895
FindNodeReq,74113
FindNodeReq,97378
FindNodeReq,118221
UpdateRouteReq,122504
UpdateRouteReq,129374
FindNodeReq,99273
UpdateRouteReq,43783
UpdateRouteReq,50779
UpdateRouteReq,100239
UpdateRouteReq,56447
UpdateRouteReq,196351
UpdateRouteReq,247205
FindNodeReq,276334
UpdateRouteReq,114034
FindNodeReq,202718
FindNodeReq,72223
FindNodeReq,103666
FindNodeReq,74131
FindNodeReq,72966
FindNodeReq,80257
FindNodeReq,72900
UpdateRouteReq,83706
UpdateRouteReq,211099
FindNodeReq,190830
FindNodeReq,193989
FindNodeReq,102730
FindNodeReq,153557
UpdateRouteReq,156021
FindNodeReq,238804
UpdateRouteReq,253254
Error,38839
FindNodeReq,241355
FindNodeReq,129478
FindNodeReq,100858
FindNodeReq,63352
FindNodeReq,65815
FindNodeReq,77453
UpdateRouteReq,39477
UpdateRouteReq,142979
FindNodeReq,65333
FindNodeReq,61798
FindNodeReq,56747
FindNodeReq,59922
FindNodeReq,206298
FindNodeReq,92391
FindNodeReq,71315
UpdateRouteReq,59742
UpdateRouteReq,120280
FindNodeReq,245834
UpdateRouteReq,102235
FindNodeReq,157341
FindNodeReq,65724
FindNodeReq,80008
UpdateRouteReq,85781
FindNodeReq,87879
UpdateRouteReq,188993
UpdateRouteReq,177070
FindNodeReq,278830
FindNodeReq,471779
FindNodeReq,64245
FindNodeReq,56419
FindNodeReq,58392
FindNodeReq,71179
FindNodeReq,104197
FindNodeReq,87147
FindNodeReq,178819
FindNodeReq,207246
UpdateRouteReq,136317
UpdateRouteReq,254483
UpdateRouteReq,150233
UpdateRouteReq,66720
UpdateRouteReq,77540
UpdateRouteReq,36254
FindNodeReq,146377
FindNodeReq,75117
FindNodeReq,81234
FindNodeReq,77752
FindNodeReq,69969
FindNodeRsp,76462
FindNodeRsp,42870
UpdateRouteReq,123482
Error,30256
FindNodeReq,43765
FindNodeReq,87642
FindNodeReq,85210
FindNodeReq,80606
FindNodeReq,80511
FindNodeReq,73131
UpdateRouteReq,47667
QueryRouteRsp,82031
Error,192376
FindNodeReq,215023
Error,71318
Error,65667
FindNodeReq,110161
FindNodeReq,82420
FindNodeReq,80486
FindNodeReq,76434
UpdateRouteReq,108943
FindNodeRsp,63693
FindNodeRsp,59150
FindNodeRsp,66627
FindNodeReq,147141
FindNodeReq,148417
FindNodeReq,164808
FindNodeRsp,72579
FindNodeRsp,78051
FindNodeReq,148846
FindNodeRsp,73503
FindNodeRsp,59669
FindNodeReq,145839
FindNodeRsp,74818
FindNodeReq,145182
FindNodeRsp,73263
FindNodeReq,147837
FindNodeRsp,63535
FindNodeRsp,62229
FindNodeReq,145758
FindNodeRsp,59337
FindNodeReq,147758
FindNodeRsp,57646
FindNodeReq,145197
FindNodeRsp,75510
FindNodeRsp,58095
FindNodeReq,148097
FindNodeRsp,73401
PNHello,126069
PNDiscRsp,100134
FindNodeRsp,58690
FindNodeReq,148757
FindNodeReq,148263
FindNodeReq,149942
FindNodeRsp,61123
FindNodeReq,148537
FindNodeRsp,76664
FindNodeReq,145083
FindNodeReq,145804
FindNodeRsp,58683
FindNodeReq,149301
FindNodeRsp,59713
FindNodeReq,147084
FindNodeRsp,62666
FindNodeReq,204546
FindNodeRsp,125529
PathSetupReq,84462
PathSetupReq,89966
FindNodeReq,149626
FindNodeReq,150073
FindNodeRsp,59126
FindNodeRsp,59195
FindNodeRsp,63857
FindNodeReq,149370
FindNodeReq,134137
FindNodeRsp,76243
FindNodeRsp,76318
FindNodeRsp,64083
FindNodeReq,150897
FindNodeReq,150473
FindNodeRsp,78584
FindNodeRsp,79029
FindNodeReq,151596
FindNodeRsp,78083
FindNodeRsp,77900
FindNodeRsp,64130
FindNodeReq,150117
FindNodeRsp,66213
FindNodeRsp,60359
FindNodeRsp,60599
FindNodeReq,151627
FindNodeRsp,91150
FindNodeRsp,79030
FindNodeRsp,64848
FindNodeReq,148929
FindNodeRsp,79076
FindNodeReq,152309
FindNodeReq,152497
FindNodeRsp,62798
FindNodeRsp,67840
FindNodeReq,151729
FindNodeReq,151876
FindNodeReq,156097
FindNodeReq,146218
FindNodeRsp,64736
FindNodeReq,150754
FindNodeRsp,78587
FindNodeRsp,63624
FindNodeReq,151219
PathSetupReq,85033
PathSetupReq,90689
FindNodeReq,151485
FindNodeRsp,79407
FindNodeReq,153529
FindNodeRsp,78857
FindNodeReq,148639
FindNodeRsp,79772
PNDiscReq,171037
QueryRouteRsp,161985
UpdateRouteReq,126783
QueryRouteReq,165125
UpdateRouteReq,148630
QueryRouteRsp,94598
QueryRouteReq,104040
PathSetupReq,61289
FindNodeReq,181620
FindNodeRsp,102777
PNHello,201804
PNDiscRsp,96225
QueryRouteRsp,198439
QueryRouteReq,77991
UpdateRouteReq,170474
QueryRouteRsp,187236
QueryRouteReq,73639
UpdateRouteReq,48043
PathSetupReq,40704
PathSetupReq,46508
UpdateRouteReq,188644
UpdateRouteReq,55280
FindNodeReq,173077
FindNodeRsp,128112
PNDiscReq,239082
FindNodeReq,174972
FindNodeReq,171476
FindNodeReq,173047
FindNodeRsp,129081
PNHello,125029
PNDiscRsp,69433
FindNodeReq,225417
FindNodeReq,176494
FindNodeReq,177080
FindNodeRsp,118435
FindNodeRsp,126548
PNDiscReq,133757
FindNodeReq,177545
FindNodeRsp,131049
FindNodeReq,176527
FindNodeReq,192002
FindNodeRsp,128773
PNHello,254378
PNDiscRsp,64526
FindNodeRsp,135068
FindNodeReq,208103
FindNodeReq,187429
FindNodeRsp,138069
FindNodeReq,163000
FindNodeReq,193130
FindNodeReq,247174
FindNodeReq,177706
FindNodeRsp,124633
FindNodeReq,176384
FindNodeReq,171565
PNDiscReq,134462
FindNodeRsp,160062
FindNodeReq,170127
FindNodeRsp,125651
FindNodeRsp,146066
FindNodeRsp,123006
FindNodeRsp,126473
FindNodeRsp,125598
FindNodeRsp,116574
FindNodeRsp,138637
FindNodeReq,178597
PNHello,119246
PNDiscRsp,69203
FindNodeReq,210677
FindNodeRsp,137817
FindNodeReq,174466
FindNodeReq,137544
FindNodeRsp,116082
FindNodeReq,172987
FindNodeRsp,123304
FindNodeReq,175932
FindNodeRsp,134110
FindNodeReq,177722
FindNodeRsp,131941
FindNodeReq,164707
FindNodeRsp,125817
FindNodeRsp,129117
FindNodeReq,176450
FindNodeReq,174056
FindNodeReq,169160
FindNodeRsp,128672
PNDiscReq,131285
FindNodeReq,176144
FindNodeRsp,129565
FindNodeReq,170812
FindNodeRsp,124669
FindNodeRsp,126756
FindNodeRsp,128825
FindNodeRsp,124985
FindNodeReq,177209
FindNodeReq,165960
FindNodeRsp,125434
FindNodeReq,188680
FindNodeReq,238799
FindNodeRsp,133006
FindNodeReq,174326
FindNodeReq,166880
FindNodeReq,170847
FindNodeRsp,127673
FindNodeReq,178265
FindNodeReq,164789
FindNodeRsp,170677
FindNodeReq,169954
FindNodeRsp,131152
FindNodeReq,165220
FindNodeRsp,118310
PNHello,120307
PNDiscRsp,68422
FindNodeRsp,141025
FindNodeReq,186805
FindNodeReq,173542
FindNodeReq,170761
FindNodeRsp,121912
FindNodeRsp,140245
FindNodeReq,176894
FindNodeReq,175989
FindNodeReq,176969
FindNodeRsp,126785
FindNodeReq,174329
FindNodeReq,294754
FindNodeRsp,123798
FindNodeReq,173695
FindNodeReq,171809
FindNodeRsp,119693
FindNodeRsp,131246
FindNodeRsp,122904
FindNodeRsp,139594
FindNodeReq,171191
FindNodeReq,175507
FindNodeRsp,126678
FindNodeReq,170911
FindNodeRsp,126249
FindNodeReq,167436
FindNodeRsp,133624
FindNodeReq,173611
FindNodeReq,171649
FindNodeRsp,137185
FindNodeReq,176960
FindNodeReq,169182
FindNodeRsp,127785
FindNodeReq,173188
FindNodeRsp,132830
FindNodeReq,173848
FindNodeRsp,127710
FindNodeReq,170285
FindNodeRsp,133086
FindNodeReq,180379
FindNodeRsp,137729
FindNodeReq,171327
PathSetupReq,109006
FindNodeRsp,134071
PathSetupReq,64823
PNDiscReq,130479
FindNodeReq,173652
FindNodeReq,177031
FindNodeReq,180084
FindNodeReq,177501
PathSetupReq,62203
FindNodeRsp,136831
PathSetupReq,100314
FindNodeRsp,120068
PathSetupReq,78114
FindNodeReq,175344
PathSetupReq,76382
PathSetupReq,39813
PathSetupReq,60940
PathSetupReq,81511
FindNodeRsp,145591
FindNodeRsp,109978
FindNodeRsp,114897
FindNodeReq,179292
FindNodeRsp,135013
FindNodeRsp,134719
FindNodeReq,177134
FindNodeRsp,139784
FindNodeRsp,139163
FindNodeReq,173280
FindNodeRsp,133771
FindNodeRsp,112290
FindNodeRsp,130035
FindNodeRsp,133637
FindNodeReq,172633
FindNodeRsp,133266
FindNodeReq,178026
FindNodeReq,176192
FindNodeReq,180842
FindNodeReq,176705
FindNodeRsp,124376
FindNodeReq,221533
FindNodeRsp,113910
FindNodeReq,173611
FindNodeReq,170397
FindNodeRsp,127930
FindNodeRsp,135421
FindNodeRsp,131077
FindNodeRsp,124578
FindNodeReq,170486
FindNodeRsp,125562
FindNodeReq,195436
FindNodeReq,168916
PNHello,122392
PNDiscRsp,69217
FindNodeReq,170037
FindNodeReq,174289
FindNodeRsp,135609
FindNodeReq,175450
FindNodeReq,179428
FindNodeReq,164180
FindNodeRsp,123886
FindNodeReq,185374
FindNodeReq,237999
FindNodeRsp,125069
FindNodeRsp,138265
FindNodeReq,225475
FindNodeReq,168737
FindNodeRsp,126066
FindNodeReq,103498
FindNodeRsp,120407
FindNodeReq,175327
FindNodeRsp,131241
FindNodeRsp,103701
FindNodeReq,180155
FindNodeReq,218032
FindNodeReq,178393
FindNodeRsp,114957
FindNodeReq,171884
FindNodeReq,162921
FindNodeRsp,116137
FindNodeReq,226197
FindNodeReq,173572
FindNodeRsp,121104
FindNodeRsp,127477
FindNodeRsp,124573
FindNodeRsp,123565
FindNodeReq,177400
FindNodeRsp,129724
FindNodeRsp,115846
FindNodeRsp,127066
FindNodeReq,171584
FindNodeReq,169232
FindNodeReq,173760
FindNodeRsp,121529
FindNodeReq,169496
FindNodeReq,171734
FindNodeRsp,129619
FindNodeReq,164161
FindNodeRsp,128426
FindNodeReq,226006
FindNodeRsp,132453
FindNodeReq,168180
FindNodeRsp,132688
FindNodeReq,177402
FindNodeReq,171342
FindNodeRsp,125715
FindNodeReq,177536
FindNodeReq,179954
FindNodeReq,176580
FindNodeReq,178084
FindNodeRsp,125562
FindNodeRsp,135664
FindNodeReq,173820
FindNodeReq,176006
FindNodeReq,169502
FindNodeRsp,131417
FindNodeRsp,142973
FindNodeRsp,120999
FindNodeRsp,134140
FindNodeReq,172561
FindNodeRsp,131343
FindNodeReq,172100
FindNodeRsp,129256
FindNodeReq,167448
FindNodeReq,173398
FindNodeRsp,123677
FindNodeRsp,110626
FindNodeRsp,123089
FindNodeReq,166036
FindNodeRsp,114476
FindNodeReq,179783
FindNodeRsp,127653
FindNodeReq,174350
PNDiscReq,129943
FindNodeRsp,128848
PathSetupReq,107362
PathSetupReq,82654
FindNodeRsp,129237
FindNodeReq,176805
FindNodeReq,173752
PathSetupReq,88205
FindNodeRsp,126805
PathSetupReq,64871
FindNodeReq,175478
FindNodeReq,174574
PathSetupReq,78522
FindNodeRsp,128041
PathSetupReq,91201
PathSetupReq,44559
FindNodeReq,164969
PathSetupReq,57831
PathSetupReq,81575
FindNodeReq,171381
FindNodeRsp,147322
FindNodeRsp,130445
FindNodeRsp,120065
FindNodeRsp,117775
FindNodeReq,172564
FindNodeReq,170298
FindNodeRsp,123485
FindNodeReq,174438
FindNodeRsp,133215
FindNodeReq,167556
FindNodeRsp,129518
FindNodeReq,175364
FindNodeReq,166848
FindNodeRsp,130032
FindNodeReq,221376
FindNodeReq,126130
FindNodeRsp,129822
FindNodeReq,171296
FindNodeReq,179272
FindNodeRsp,129286
FindNodeRsp,132597
FindNodeRsp,129917
FindNodeReq,179160
FindNodeReq,177764
FindNodeReq,177386
FindNodeRsp,131141
FindNodeRsp,131301
FindNodeReq,173722
FindNodeRsp,135717
FindNodeRsp,146579
FindNodeRsp,123777
FindNodeReq,171068
FindNodeRsp,127011
FindNodeRsp,112743
FindNodeReq,173929
FindNodeRsp,131139
FindNodeReq,173755
FindNodeReq,178926
FindNodeReq,174482
FindNodeRsp,127961
FindNodeReq,170784
FindNodeReq,192614
FindNodeReq,256004
FindNodeRsp,132006
FindNodeReq,173996
FindNodeRsp,133295
FindNodeReq,178108
FindNodeRsp,114445
FindNodeReq,168978
FindNodeRsp,123230
FindNodeReq,178752
FindNodeRsp,121478
FindNodeReq,179800
FindNodeReq,132085
FindNodeRsp,138667
FindNodeReq,122463
FindNodeRsp,116442
FindNodeReq,171740
FindNodeReq,171383
FindNodeReq,166892
FindNodeRsp,134526
FindNodeReq,173822
FindNodeReq,171549
FindNodeRsp,130255
FindNodeRsp,130184
FindNodeRsp,95710
FindNodeReq,173231
FindNodeRsp,129041
FindNodeReq,175440
FindNodeRsp,128852
FindNodeRsp,116062
FindNodeReq,179244
FindNodeReq,196896
FindNodeReq,170108
FindNodeRsp,116524
FindNodeRsp,125974
FindNodeReq,179540
FindNodeReq,173044
FindNodeRsp,117438
FindNodeReq,175240
PNHello,168792
PNDiscRsp,64765
FindNodeReq,170875
FindNodeReq,223893
FindNodeRsp,137253
FindNodeReq,174817
FindNodeRsp,122001
FindNodeRsp,128203
FindNodeReq,167740
FindNodeRsp,128905
FindNodeReq,176964
FindNodeReq,249006
FindNodeReq,173824
FindNodeRsp,124561
FindNodeReq,174204
FindNodeReq,134432
FindNodeRsp,125397
FindNodeReq,177183
FindNodeRsp,124542
FindNodeRsp,180120
FindNodeRsp,124689
FindNodeRsp,125343
FindNodeRsp,124156
FindNodeReq,176801
FindNodeReq,178084
FindNodeRsp,115907
FindNodeReq,178874
FindNodeRsp,107763
FindNodeReq,180607
FindNodeRsp,125694
FindNodeReq,174389
FindNodeRsp,110882
FindNodeRsp,132124
FindNodeReq,169704
FindNodeRsp,134342
FindNodeReq,175676
FindNodeReq,162661
FindNodeReq,170040
FindNodeRsp,131859
FindNodeReq,172037
FindNodeRsp,134904
PathSetupReq,110808
PathSetupReq,65627
FindNodeReq,179656
FindNodeReq,177914
FindNodeReq,177863
FindNodeRsp,135745
PathSetupReq,111325
FindNodeRsp,133006
PathSetupReq,67443
FindNodeReq,174944
FindNodeReq,163891
PathSetupReq,109300
PathSetupReq,57966
PathSetupReq,42158
FindNodeRsp,130458
FindNodeReq,170044
PathSetupReq,59119
PathSetupReq,63555
FindNodeReq,171431
FindNodeRsp,74694
FindNodeRsp,51497
FindNodeRsp,45504
FindNodeRsp,60698
FindNodeReq,188047
FindNodeRsp,124478
FindNodeReq,176452
FindNodeReq,163832
FindNodeReq,171769
FindNodeRsp,112605
FindNodeRsp,135560
FindNodeReq,173500
FindNodeReq,171437
FindNodeReq,170624
FindNodeRsp,139269
FindNodeReq,174857
FindNodeRsp,130233
FindNodeRsp,131425
FindNodeReq,167558
FindNodeReq,165337
FindNodeRsp,167934
FindNodeReq,165701
PNDiscReq,130469
FindNodeReq,221471
FindNodeReq,171065
FindNodeRsp,140558
FindNodeReq,165297
FindNodeReq,169124
FindNodeRsp,120992
FindNodeRsp,139217
FindNodeReq,165221
FindNodeReq,175040
FindNodeRsp,136693
FindNodeReq,174313
FindNodeReq,167490
FindNodeRsp,133606
FindNodeRsp,137421
FindNodeRsp,113140
FindNodeReq,172625
FindNodeRsp,141526
FindNodeReq,172796
FindNodeReq,173696
FindNodeReq,163544
FindNodeRsp,135650
FindNodeReq,172847
FindNodeRsp,121385
FindNodeRsp,120916
FindNodeReq,173793
FindNodeReq,170701
FindNodeRsp,127650
FindNodeReq,169886
FindNodeRsp,130237
FindNodeReq,174664
FindNodeReq,171392
FindNodeReq,167693
FindNodeRsp,129101
FindNodeReq,169880
FindNodeRsp,130185
FindNodeReq,177012
FindNodeReq,171560
FindNodeRsp,134211
FindNodeReq,172190
FindNodeRsp,119386
FindNodeReq,169518
PathSetupReq,96867
FindNodeRsp,131276
FindNodeReq,170092
PathSetupReq,84510
FindNodeRsp,131777
FindNodeReq,170077
PathSetupReq,59478
PathSetupReq,40939
PathSetupReq,104310
PathSetupReq,65375
FindNodeReq,168916
FindNodeReq,175715
FindNodeReq,169169
FindNodeRsp,130892
PNHello,120803
PNDiscRsp,69549
FindNodeReq,173244
FindNodeReq,165371
FindNodeRsp,123604
FindNodeRsp,125018
FindNodeRsp,133697
FindNodeRsp,139905
FindNodeRsp,133255
FindNodeReq,168442
FindNodeRsp,106930
FindNodeReq,167020
FindNodeRsp,129754
FindNodeRsp,127764
FindNodeRsp,131634
FindNodeRsp,117081
FindNodeReq,167428
FindNodeReq,174436
FindNodeReq,174502
FindNodeReq,171776
FindNodeRsp,143059
FindNodeReq,168892
FindNodeRsp,136930
FindNodeReq,168708
FindNodeReq,169784
FindNodeRsp,134899
FindNodeRsp,130983
FindNodeReq,166321
FindNodeRsp,135277
FindNodeReq,175831
FindNodeReq,163702
FindNodeReq,169102
FindNodeRsp,141135
FindNodeReq,169518
FindNodeReq,223012
FindNodeRsp,133167
FindNodeReq,168477
FindNodeReq,169864
FindNodeRsp,130347
FindNodeRsp,122090
FindNodeRsp,115938
FindNodeReq,190811
FindNodeReq,169668
FindNodeReq,199388
FindNodeRsp,133264
FindNodeReq,171113
FindNodeRsp,126166
FindNodeReq,175010
FindNodeRsp,136553
FindNodeReq,172522
FindNodeReq,167592
FindNodeRsp,143708
FindNodeReq,174243
FindNodeReq,188847
FindNodeReq,252943
PNDiscReq,144869
FindNodeRsp,135129
FindNodeReq,172742
PathSetupReq,91642
FindNodeRsp,124419
FindNodeReq,168648
PathSetupReq,64918
FindNodeRsp,134271
PathSetupReq,58465
PathSetupReq,41742
PathSetupReq,89368
PathSetupReq,84002
FindNodeRsp,139977
FindNodeReq,330261
FindNodeRsp,118261
FindNodeRsp,126232
FindNodeReq,193170
FindNodeReq,176241
FindNodeRsp,137993
FindNodeReq,176435
FindNodeRsp,131021
FindNodeRsp,120769
FindNodeReq,175069
FindNodeReq,165582
FindNodeReq,168065
FindNodeReq,171722
FindNodeReq,165997
FindNodeRsp,132642
FindNodeReq,171562
FindNodeRsp,143192
FindNodeReq,162289
FindNodeReq,171393
FindNodeReq,171404
FindNodeRsp,136089
FindNodeReq,166692
FindNodeReq,171064
FindNodeRsp,138703
FindNodeReq,168573
FindNodeRsp,113269
FindNodeReq,170309
FindNodeRsp,126999
FindNodeReq,172745
FindNodeRsp,109617
FindNodeReq,168564
FindNodeRsp,112086
FindNodeReq,161828
FindNodeRsp,134699
FindNodeRsp,127598
UpdateRouteReq,312079
UpdateRouteReq,447818
UpdateRouteReq,604363
UpdateRouteReq,732405
UpdateRouteReq,444131
UpdateRouteReq,572264
FindNodeReq,655968
FindNodeRsp,76137
FindNodeReq,166622
FindNodeRsp,128829
FindNodeReq,171640
FindNodeReq,153886
FindNodeReq,166596
PNHello,119196
PNDiscRsp,67922
FindNodeRsp,134874
FindNodeReq,164926
FindNodeRsp,122517
FindNodeRsp,122897
FindNodeReq,171548
FindNodeRsp,133466
FindNodeReq,165484
UpdateRouteReq,165019
FindNodeRsp,108129
FindNodeReq,186988
FindNodeReq,146098
FindNodeReq,90151
FindNodeReq,76891
UpdateRouteReq,60550
UpdateRouteReq,41923
FindNodeRsp,95756
FindNodeReq,153931
FindNodeRsp,92338
FindNodeReq,152181
FindNodeRsp,93353
FindNodeRsp,74941
FindNodeReq,156397
FindNodeRsp,147035
FindNodeRsp,132831
FindNodeReq,139612
FindNodeReq,88929
FindNodeReq,75731
FindNodeReq,72096
FindNodeReq,157544
FindNodeReq,162476
FindNodeRsp,129352
UpdateRouteReq,192782
UpdateRouteReq,176820
Error,128455
Error,140298
Error,109458
Error,56265
FindNodeReq,150849
FindNodeReq,149875
FindNodeReq,145663
FindNodeRsp,93092
FindNodeRsp,79783
UpdateRouteReq,188788
UpdateRouteReq,236898
FindNodeReq,125929
UpdateRouteReq,72990
UpdateRouteReq,72805
UpdateRouteReq,103286
FindNodeRsp,92587
FindNodeReq,157139
FindNodeReq,143453
FindNodeReq,159969
FindNodeRsp,111346
FindNodeReq,153769
FindNodeReq,155676
UpdateRouteReq,106732
UpdateRouteReq,72766
FindNodeRsp,133873
UpdateRouteReq,76595
UpdateRouteReq,171389
PathTeardownReq,95848
UpdateRouteReq,106614
FindNodeReq,150330
FindNodeReq,148682
FindNodeReq,149937
FindNodeReq,98856
UpdateRouteReq,138753
FindNodeRsp,92350
UpdateRouteReq,128416
UpdateRouteReq,178628
UpdateRouteReq,113317
UpdateRouteReq,80322
UpdateRouteReq,136901
PathSetupReq,106325
UpdateRouteReq,163353
UpdateRouteReq,96962
FindNodeReq,171938
UpdateRouteReq,180096
FindNodeRsp,113660
PathSetupReq,182113
PathTeardownReq,155955
PathTeardownReq,170908
FindNodeReq,143675
FindNodeReq,160966
FindNodeRsp,115022
UpdateRouteReq,102930
UpdateRouteReq,117386
FindNodeReq,431603
FindNodeReq,722648
PathSetupReq,152391
UpdateRouteReq,108865
UpdateRouteReq,52167
PathSetupReq,39658
UpdateRouteReq,79186
PathSetupReq,88227
PathSetupReq,95745
FindNodeReq,167598
PathSetupReq,137084
PathSetupReq,79455
Error,171573
Error,167684
Error,88130
FindNodeRsp,140364
FindNodeReq,171285
UpdateRouteReq,98878
UpdateRouteReq,167354
Error,165085
Error,189112
Error,143212
Error,168280
Error,55689
UpdateRouteReq,99727
FindNodeRsp,132425
FindNodeRsp,115250
FindNodeReq,184796
FindNodeRsp,118141
FindNodeReq,169576
Error,81964
PathTeardownReq,96649
UpdateRouteReq,179179
UpdateRouteReq,72544
UpdateRouteReq,93254
PathSetupReq,85675
UpdateRouteReq,46319
Error,205198
Error,131085
PathTeardownReq,101290
Error,142016
Error,89823
UpdateRouteReq,93222
PathSetupReq,74305
UpdateRouteReq,104861
UpdateRouteReq,75786
Error,185487
Error,233130
FindNodeReq,163540
Error,175478
Error,98462
Error,66930
Error,79695
UpdateRouteReq,72444
PathTeardownReq,41472
PathTeardownReq,61485
PathTeardownReq,61292
QueryRouteReq,110606
PathSetupReq,80574
PathTeardownReq,34476
UpdateRouteReq,157856
UpdateRouteReq,45420
Error,165878
UpdateRouteReq,274138
Error,300096
Error,73246
Error,32579
UpdateRouteReq,170497
UpdateRouteReq,52152
UpdateRouteReq,41666
FindNodeRsp,75029
FindNodeReq,156051
FindNodeReq,158713
FindNodeReq,160351
FindNodeReq,155177
FindNodeReq,159351
FindNodeReq,148101
FindNodeReq,119526
FindNodeReq,80614
FindNodeReq,76711
UpdateRouteReq,44175
Error,81090
Error,35760
FindNodeReq,163348
FindNodeReq,150197
FindNodeReq,95982
FindNodeReq,81102
FindNodeReq,77652
Error,40476
Error,33593
FindNodeReq,167480
UpdateRouteReq,51772
FindNodeReq,155736
FindNodeReq,157073
FindNodeRsp,79874
FindNodeRsp,113227
FindNodeReq,158470
FindNodeReq,159197
FindNodeReq,147744
FindNodeReq,148060
FindNodeReq,95670
FindNodeReq,79011
UpdateRouteReq,45934
Error,106284
Error,42328
FindNodeReq,168222
UpdateRouteReq,52826
FindNodeRsp,77598
FindNodeReq,160208
FindNodeReq,159078
FindNodeReq,160173
FindNodeReq,143488
FindNodeReq,92538
FindNodeReq,76825
FindNodeReq,75365
Error,80826
Error,35104
FindNodeRsp,102413
FindNodeReq,160860
FindNodeReq,159369
FindNodeReq,156077
FindNodeReq,150143
FindNodeReq,149710
FindNodeReq,94007
FindNodeReq,78583
UpdateRouteReq,44799
Error,81299
Error,35479
FindNodeReq,163218
FindNodeReq,166466
FindNodeReq,165925
UpdateRouteReq,66784
FindNodeRsp,79548
FindNodeReq,148862
FindNodeReq,148652
FindNodeReq,94158
FindNodeReq,83655
UpdateRouteReq,43908
Error,81542
Error,36616
FindNodeReq,166191
FindNodeReq,159821
FindNodeReq,158573
FindNodeReq,99547
FindNodeReq,85477
FindNodeReq,97909
FindNodeReq,84962
Error,108925
Error,35729
FindNodeReq,153733
FindNodeReq,103422
FindNodeReq,86070
FindNodeReq,82938
PNDiscReq,167818
FindNodeRsp,78465
FindNodeReq,166803
UpdateRouteReq,176101
FindNodeRsp,77597
FindNodeReq,158143
FindNodeReq,157347
FindNodeReq,164345
FindNodeReq,162548
FindNodeRsp,79839
FindNodeReq,159705
FindNodeReq,161778
FindNodeRsp,103509
Error,70211
Error,38252
Error,33138
FindNodeReq,160632
FindNodeReq,160953
FindNodeReq,157838
FindNodeReq,160265
FindNodeReq,158786
FindNodeRsp,80506
FindNodeReq,157305
FindNodeReq,163793
FindNodeRsp,113647
FindNodeReq,159448
FindNodeRsp,102836
FindNodeReq,160893
FindNodeReq,160106
FindNodeRsp,101118
FindNodeReq,159089
FindNodeRsp,78651
FindNodeReq,158553
FindNodeRsp,101983
FindNodeRsp,100858
FindNodeRsp,101100
FindNodeReq,157648
PathSetupReq,57683
PathSetupReq,40313
PathSetupReq,162925
FindNodeRsp,110938
FindNodeReq,157293
FindNodeReq,159923
FindNodeRsp,102902
FindNodeReq,162120
FindNodeReq,161556
FindNodeReq,159271
FindNodeReq,164917
FindNodeReq,180776
PNHello,123717
PNDiscRsp,67166
FindNodeReq,159626
FindNodeReq,163931
FindNodeReq,159640
FindNodeRsp,117316
FindNodeReq,161481
FindNodeRsp,116087
FindNodeRsp,119651
FindNodeReq,160685
FindNodeReq,160277
FindNodeReq,164875
FindNodeReq,163074
FindNodeRsp,102661
FindNodeRsp,114409
FindNodeReq,162285
FindNodeReq,161278
FindNodeReq,160551
FindNodeRsp,99618
FindNodeReq,159206
FindNodeReq,160620
FindNodeReq,161796
FindNodeReq,183818
FindNodeRsp,100527
FindNodeReq,174749
FindNodeReq,166281
FindNodeRsp,114501
FindNodeReq,163772
FindNodeRsp,113229
FindNodeReq,160222
FindNodeReq,165757
FindNodeReq,162109
FindNodeRsp,102990
FindNodeReq,162848
FindNodeRsp,100833
FindNodeRsp,102677
FindNodeReq,161500
FindNodeReq,166136
FindNodeReq,161766
FindNodeReq,164697
FindNodeReq,165376
FindNodeReq,163320
FindNodeReq,161524
FindNodeRsp,102892
PNDiscReq,120621
FindNodeRsp,89572
FindNodeReq,163004
FindNodeReq,118653
FindNodeReq,162686
FindNodeReq,160816
PathSetupReq,58145
PathSetupReq,78444
PathSetupReq,136587
FindNodeRsp,124185
FindNodeReq,161058
FindNodeReq,164029
FindNodeReq,116589
FindNodeReq,160629
FindNodeRsp,102108
FindNodeReq,159258
FindNodeRsp,117411
FindNodeReq,158982
FindNodeReq,160645
FindNodeRsp,113723
FindNodeReq,160361
FindNodeReq,187742
FindNodeReq,203252
FindNodeReq,159609
FindNodeReq,157952
FindNodeReq,160506
FindNodeRsp,100156
FindNodeReq,162637
FindNodeRsp,114258
FindNodeReq,346080
FindNodeReq,159112
FindNodeReq,157241
FindNodeReq,150701
FindNodeRsp,114429
FindNodeRsp,110461
FindNodeReq,160409
FindNodeReq,157823
FindNodeRsp,111089
FindNodeReq,159829
FindNodeRsp,138923
FindNodeReq,160361
FindNodeReq,185610
FindNodeReq,160129
FindNodeReq,309941
UpdateRouteReq,178140
UpdateRouteReq,82803
UpdateRouteReq,146168
UpdateRouteReq,125826
UpdateRouteReq,92830
UpdateRouteReq,125912
FindNodeReq,177538
FindNodeReq,158757
FindNodeRsp,76744
FindNodeReq,153039
FindNodeReq,154585
FindNodeReq,158138
FindNodeRsp,64005
Error,70282
Error,40483
Error,33228
FindNodeReq,156284
PNHello,123854
PNDiscRsp,63237
FindNodeRsp,76594
FindNodeReq,159735
FindNodeReq,153144
FindNodeReq,158009
FindNodeReq,149284
FindNodeReq,153253
FindNodeReq,152748
FindNodeRsp,64464
FindNodeReq,156797
FindNodeRsp,76922
FindNodeReq,156661
FindNodeReq,152932
FindNodeRsp,79664
FindNodeReq,146521
FindNodeReq,149401
FindNodeRsp,76978
FindNodeReq,140158
FindNodeReq,88638
FindNodeReq,75142
UpdateRouteReq,47124
FindNodeReq,145139
FindNodeRsp,70063
Error,110358
Error,87102
Error,79538
Error,41759
Error,57978
Error,54910
Error,32220
Error,84582
Error,80456
Error,81856
Error,79835
Error,37987
Error,33828
FindNodeRsp,73758
FindNodeReq,144249
FindNodeReq,149113
FindNodeRsp,63617
Error,108133
Error,82183
Error,77424
Error,38748
FindNodeRsp,64260
FindNodeRsp,87150
FindNodeReq,148926
UpdateRouteReq,175872
Error,152510
Error,113227
Error,99373
Error,50266
Error,64433
FindNodeReq,303697
Error,345060
Error,51395
FindNodeReq,110843
Error,105612
Error,76398
FindNodeReq,67672
Error,80439
FindNodeReq,94714
Error,74015
FindNodeReq,69028
Error,39972
Error,34075
Error,125163
Error,95824
Error,189005
Error,122789
Error,372888
UpdateRouteReq,376571
Error,346996
UpdateRouteReq,433576
UpdateRouteReq,480777
Error,582548
Error,425323
UpdateRouteReq,427158
Error,551708
UpdateRouteReq,579893
UpdateRouteReq,615863
Error,714877
Error,814013
Error,888076
UpdateRouteReq,292928
UpdateRouteReq,326236
Error,404261
Error,447590
UpdateRouteReq,457246
UpdateRouteReq,464164
UpdateRouteReq,492265
Error,594435
Error,348695
UpdateRouteReq,351472
UpdateRouteReq,385223
Error,443026
Error,482806
Error,535732
UpdateRouteReq,545119
UpdateRouteReq,584313
UpdateRouteReq,615434
Error,365980
Error,397767
UpdateRouteReq,405040
UpdateRouteReq,439119
Error,562436
Error,599787
Error,608418
Error,615376
UpdateRouteReq,656950
UpdateRouteReq,662411
UpdateRouteReq,717713
