PNHello,241076
PNDiscRsp,28327
PNDiscReq,156383
QueryRouteRsp,82531
UpdateRouteReq,63494
QueryRouteReq,71331
UpdateRouteReq,78515
FindNodeRsp,69823
FindNodeReq,95141
QueryRouteReq,183477
UpdateRouteReq,55839
QueryRouteRsp,107389
QueryRouteReq,78404
UpdateRouteReq,48699
QueryRouteRsp,67694
UpdateRouteReq,173129
UpdateRouteReq,74455
UpdateRouteReq,234254
QueryRouteReq,118318
UpdateRouteReq,103483
UpdateRouteReq,136409
QueryRouteRsp,62737
PathSetupReq,63510
UpdateRouteReq,88676
UpdateRouteReq,199716
UpdateRouteReq,110250
PathSetupReq,64313
UpdateRouteReq,121350
UpdateRouteReq,112543
UpdateRouteReq,134729
UpdateRouteReq,219739
UpdateRouteReq,102789
FindNodeReq,123997
PathSetupReq,48019
UpdateRouteReq,49689
FindNodeRsp,121609
FindNodeReq,190107
PNHello,120043
PNDiscRsp,108472
FindNodeRsp,126641
FindNodeReq,118260
FindNodeReq,169522
PNDiscReq,197863
FindNodeReq,167316
FindNodeRsp,126977
FindNodeReq,168084
PNHello,216386
PNDiscRsp,77282
FindNodeRsp,117598
FindNodeReq,166105
FindNodeReq,181128
FindNodeReq,167694
FindNodeRsp,115859
FindNodeReq,166905
FindNodeRsp,120909
FindNodeReq,162120
FindNodeRsp,143384
PNDiscReq,116337
FindNodeRsp,128937
FindNodeReq,166494
FindNodeReq,169894
FindNodeRsp,128737
FindNodeReq,159542
PNHello,117936
PNDiscRsp,65638
FindNodeRsp,135620
FindNodeReq,179358
FindNodeRsp,170332
FindNodeRsp,140843
FindNodeReq,160289
FindNodeReq,193392
FindNodeRsp,118993
FindNodeReq,161549
FindNodeRsp,121310
FindNodeReq,164802
FindNodeReq,179216
FindNodeRsp,121749
FindNodeReq,177566
FindNodeRsp,120301
FindNodeReq,170688
FindNodeRsp,123565
FindNodeReq,179640
FindNodeReq,168100
FindNodeReq,166813
FindNodeRsp,117832
PNDiscReq,132525
FindNodeRsp,123689
FindNodeRsp,141307
FindNodeReq,152884
FindNodeReq,168324
FindNodeReq,169340
FindNodeRsp,111066
PNHello,118541
PNDiscRsp,66499
FindNodeRsp,113043
FindNodeReq,168265
FindNodeRsp,109446
FindNodeReq,166929
FindNodeReq,179685
FindNodeRsp,133730
FindNodeRsp,108311
FindNodeReq,159678
FindNodeRsp,126985
FindNodeReq,168240
FindNodeRsp,141499
FindNodeReq,168644
FindNodeRsp,126550
FindNodeReq,160517
FindNodeReq,169002
FindNodeRsp,133937
FindNodeReq,162132
FindNodeRsp,109108
FindNodeReq,164356
FindNodeRsp,126871
FindNodeReq,162241
FindNodeReq,134686
FindNodeRsp,130125
FindNodeReq,169700
FindNodeReq,175822
FindNodeRsp,116736
FindNodeRsp,143433
FindNodeReq,174770
FindNodeReq,190557
FindNodeRsp,144532
FindNodeReq,165307
FindNodeRsp,128987
FindNodeReq,207687
FindNodeReq,170933
FindNodeRsp,120936
FindNodeReq,161268
FindNodeRsp,133589
FindNodeRsp,144697
FindNodeReq,122252
FindNodeReq,113129
PNDiscReq,130317
FindNodeReq,166516
FindNodeRsp,136649
FindNodeReq,167340
FindNodeRsp,123095
FindNodeReq,178303
FindNodeReq,233091
FindNodeReq,164340
FindNodeRsp,110484
FindNodeReq,171888
FindNodeRsp,124984
FindNodeReq,165023
FindNodeRsp,127710
FindNodeReq,180556
FindNodeReq,167047
FindNodeRsp,127753
PNHello,117566
PNDiscRsp,65244
FindNodeRsp,121706
FindNodeRsp,108140
FindNodeReq,168804
FindNodeRsp,128185
FindNodeReq,169894
FindNodeReq,171280
FindNodeRsp,125499
FindNodeReq,111834
PathSetupReq,78606
FindNodeReq,174629
FindNodeReq,166366
FindNodeRsp,123953
FindNodeRsp,151748
FindNodeRsp,109463
FindNodeReq,167703
PathSetupReq,84031
FindNodeReq,178958
PathSetupReq,166340
PathSetupReq,274963
FindNodeRsp,107973
PathSetupReq,79162
FindNodeReq,168342
PathSetupReq,93683
FindNodeReq,165232
PathSetupReq,157281
PathSetupReq,117056
PathSetupReq,51451
FindNodeReq,112903
FindNodeReq,165529
FindNodeReq,177548
FindNodeRsp,110526
FindNodeReq,159676
FindNodeRsp,104145
FindNodeReq,158832
FindNodeReq,169209
FindNodeRsp,125846
FindNodeReq,169135
FindNodeRsp,111095
FindNodeReq,158126
FindNodeRsp,135399
FindNodeRsp,131139
FindNodeReq,171513
FindNodeReq,167996
FindNodeRsp,113330
FindNodeReq,108499
FindNodeRsp,110135
FindNodeReq,164444
FindNodeRsp,123373
FindNodeReq,170858
FindNodeReq,176752
FindNodeRsp,115359
FindNodeReq,175067
FindNodeReq,166868
FindNodeReq,130941
FindNodeRsp,140803
FindNodeRsp,140166
FindNodeReq,114857
FindNodeRsp,110385
FindNodeReq,169016
FindNodeRsp,144753
FindNodeReq,169509
FindNodeReq,191584
FindNodeReq,174723
FindNodeRsp,126185
FindNodeReq,161180
FindNodeRsp,119897
FindNodeReq,168642
FindNodeReq,165226
FindNodeReq,169237
FindNodeRsp,113662
FindNodeReq,169769
FindNodeReq,169674
FindNodeReq,164903
FindNodeReq,177856
FindNodeRsp,107145
FindNodeRsp,111882
FindNodeRsp,156449
FindNodeReq,167304
FindNodeRsp,127049
FindNodeReq,239947
FindNodeReq,180508
FindNodeRsp,114125
FindNodeRsp,156153
FindNodeReq,178054
FindNodeRsp,112013
FindNodeReq,170711
FindNodeReq,173911
FindNodeReq,174872
FindNodeRsp,148997
FindNodeRsp,132711
FindNodeRsp,131510
FindNodeReq,188848
FindNodeReq,171786
FindNodeReq,173388
FindNodeRsp,111241
PNDiscReq,129710
FindNodeRsp,136336
FindNodeReq,173547
FindNodeRsp,126265
FindNodeReq,177096
FindNodeRsp,121765
FindNodeReq,196292
FindNodeReq,177672
FindNodeReq,175324
FindNodeRsp,111717
FindNodeReq,175855
FindNodeReq,176255
FindNodeRsp,122745
FindNodeReq,178156
FindNodeReq,173216
FindNodeRsp,121927
FindNodeReq,175284
FindNodeReq,179133
FindNodeRsp,128862
FindNodeReq,175896
FindNodeReq,166282
FindNodeRsp,130214
FindNodeReq,173075
FindNodeReq,178861
FindNodeRsp,123793
FindNodeReq,173991
FindNodeRsp,125117
FindNodeReq,170560
FindNodeRsp,138793
FindNodeReq,170912
FindNodeRsp,155541
FindNodeReq,174520
FindNodeRsp,115296
PNHello,125456
PNDiscRsp,68214
FindNodeRsp,111398
FindNodeReq,173112
FindNodeRsp,116218
FindNodeReq,167935
FindNodeReq,172256
FindNodeRsp,113615
FindNodeRsp,123724
FindNodeRsp,119926
FindNodeReq,172784
FindNodeReq,177827
FindNodeReq,175904
FindNodeRsp,114601
FindNodeReq,160068
FindNodeReq,174138
FindNodeRsp,113111
FindNodeReq,175782
FindNodeReq,172907
FindNodeReq,176252
FindNodeReq,176982
FindNodeRsp,116884
FindNodeReq,178077
PathSetupReq,81118
FindNodeRsp,124008
FindNodeRsp,136069
FindNodeRsp,137708
FindNodeRsp,107625
PathSetupReq,64864
PathSetupReq,102479
PathSetupReq,49167
FindNodeRsp,122696
PathSetupReq,80312
FindNodeReq,165009
PathSetupReq,93151
FindNodeReq,168965
PathSetupReq,91186
PathSetupReq,98107
PathSetupReq,62508
FindNodeRsp,127596
FindNodeReq,191810
FindNodeRsp,110626
FindNodeReq,171998
FindNodeRsp,119368
FindNodeReq,169476
FindNodeReq,172996
FindNodeRsp,128179
FindNodeRsp,124046
FindNodeReq,168489
FindNodeRsp,107484
FindNodeReq,170624
FindNodeRsp,122961
FindNodeReq,163593
FindNodeRsp,124001
FindNodeReq,167864
FindNodeRsp,112627
FindNodeReq,173627
FindNodeReq,170116
FindNodeRsp,126845
FindNodeReq,190978
FindNodeReq,171264
FindNodeRsp,114058
FindNodeRsp,134629
FindNodeRsp,120137
FindNodeReq,173060
FindNodeReq,168639
FindNodeRsp,126990
FindNodeReq,163685
FindNodeReq,173822
FindNodeReq,169156
FindNodeRsp,121592
FindNodeReq,203846
FindNodeRsp,116129
FindNodeReq,165203
FindNodeReq,176009
FindNodeRsp,116470
FindNodeReq,163917
FindNodeRsp,130803
FindNodeReq,164662
FindNodeReq,174192
FindNodeRsp,135835
FindNodeReq,235491
FindNodeReq,171664
FindNodeRsp,133670
FindNodeReq,162625
FindNodeReq,171081
FindNodeReq,173542
FindNodeRsp,126032
FindNodeRsp,117225
FindNodeReq,162895
FindNodeReq,170322
FindNodeRsp,120749
FindNodeReq,169083
FindNodeReq,174411
FindNodeRsp,109106
FindNodeReq,168889
FindNodeRsp,139009
FindNodeRsp,110728
FindNodeRsp,134597
FindNodeReq,168294
FindNodeReq,171270
FindNodeRsp,108329
FindNodeReq,165315
FindNodeReq,176269
FindNodeRsp,131117
FindNodeRsp,126727
FindNodeReq,164995
FindNodeRsp,124438
FindNodeReq,163265
FindNodeReq,168629
FindNodeRsp,127577
FindNodeRsp,136708
FindNodeReq,170900
FindNodeRsp,138305
FindNodeReq,169147
FindNodeReq,171512
FindNodeRsp,108766
FindNodeRsp,126296
FindNodeReq,173508
FindNodeRsp,109150
FindNodeRsp,107717
FindNodeRsp,138002
FindNodeReq,173321
FindNodeReq,167495
FindNodeRsp,126110
FindNodeReq,171816
FindNodeReq,170997
FindNodeRsp,121310
FindNodeReq,167877
FindNodeReq,176629
FindNodeRsp,129251
FindNodeReq,170708
FindNodeRsp,131977
FindNodeReq,174207
FindNodeReq,169579
FindNodeReq,173767
FindNodeRsp,126223
FindNodeReq,163644
FindNodeReq,170504
FindNodeRsp,124944
FindNodeRsp,126045
FindNodeReq,164262
FindNodeReq,168582
FindNodeReq,168796
FindNodeRsp,128017
FindNodeReq,170348
FindNodeRsp,127453
FindNodeReq,164151
FindNodeRsp,124763
FindNodeReq,171481
FindNodeReq,168966
FindNodeReq,174667
PathSetupReq,65241
FindNodeRsp,118165
FindNodeReq,175384
FindNodeRsp,122281
FindNodeReq,163701
FindNodeReq,172796
FindNodeRsp,141031
FindNodeRsp,106425
PathSetupReq,64945
PathSetupReq,181242
PathSetupReq,51155
PathSetupReq,78126
FindNodeRsp,120493
PathSetupReq,147143
FindNodeReq,170606
PathSetupReq,78799
PathSetupReq,99042
PathSetupReq,63444
FindNodeReq,170116
FindNodeReq,180462
FindNodeRsp,123864
PNDiscReq,129677
FindNodeReq,204491
FindNodeRsp,122153
FindNodeRsp,127697
FindNodeRsp,117103
FindNodeReq,179484
FindNodeRsp,116785
FindNodeRsp,111319
FindNodeReq,171771
FindNodeReq,171826
FindNodeRsp,130697
FindNodeReq,167088
FindNodeReq,172140
FindNodeRsp,108609
FindNodeRsp,109862
FindNodeReq,171058
FindNodeReq,95719
FindNodeRsp,141388
FindNodeRsp,53327
FindNodeReq,78632
FindNodeReq,81108
FindNodeReq,79491
FindNodeRsp,51889
FindNodeReq,80003
PNHello,61132
PNDiscRsp,28972
FindNodeRsp,113542
FindNodeReq,80261
FindNodeRsp,110045
FindNodeReq,180298
FindNodeReq,165408
FindNodeReq,174377
FindNodeRsp,130312
FindNodeReq,171560
FindNodeRsp,124448
FindNodeReq,164362
FindNodeRsp,124968
FindNodeRsp,112789
FindNodeReq,169337
FindNodeRsp,114336
FindNodeRsp,136063
FindNodeRsp,132385
FindNodeRsp,125730
FindNodeReq,225983
FindNodeReq,168649
FindNodeRsp,136595
FindNodeReq,163569
FindNodeReq,166206
FindNodeReq,171892
FindNodeReq,175073
FindNodeRsp,106039
FindNodeReq,169693
FindNodeRsp,124854
FindNodeReq,121553
FindNodeReq,169832
FindNodeReq,173129
FindNodeRsp,134867
FindNodeRsp,133772
FindNodeRsp,109653
FindNodeRsp,124098
FindNodeRsp,129799
FindNodeReq,163492
FindNodeReq,189980
FindNodeReq,172720
FindNodeRsp,123861
FindNodeRsp,139105
FindNodeReq,170966
FindNodeReq,177412
FindNodeRsp,110357
FindNodeReq,173541
FindNodeRsp,111450
FindNodeReq,175664
FindNodeRsp,111357
FindNodeReq,170818
FindNodeRsp,129297
FindNodeRsp,114103
FindNodeReq,184636
FindNodeReq,172661
FindNodeRsp,110454
FindNodeReq,172627
FindNodeRsp,109274
FindNodeRsp,146866
FindNodeReq,177200
FindNodeRsp,115086
PathSetupReq,63896
PathSetupReq,185812
PathSetupReq,179772
FindNodeReq,173653
PathSetupReq,112066
PathSetupReq,94667
FindNodeReq,169724
PathSetupReq,101240
FindNodeRsp,124221
FindNodeRsp,131767
FindNodeReq,170761
FindNodeRsp,111571
FindNodeReq,171651
FindNodeRsp,122259
FindNodeRsp,136127
FindNodeReq,170676
FindNodeRsp,132523
FindNodeReq,174260
FindNodeRsp,140462
FindNodeReq,169260
FindNodeRsp,133961
FindNodeReq,111015
FindNodeReq,173304
FindNodeReq,175466
FindNodeRsp,124850
FindNodeReq,117385
FindNodeReq,175778
FindNodeRsp,132725
FindNodeRsp,141913
FindNodeRsp,109821
FindNodeReq,172256
FindNodeRsp,132259
FindNodeReq,163781
FindNodeReq,172339
FindNodeRsp,111656
FindNodeReq,174578
FindNodeRsp,135419
FindNodeRsp,110083
FindNodeRsp,128572
FindNodeReq,169448
FindNodeRsp,135296
FindNodeRsp,138417
FindNodeReq,167044
FindNodeRsp,113812
FindNodeRsp,151771
FindNodeReq,165518
FindNodeReq,171734
FindNodeRsp,134295
FindNodeRsp,107550
PNDiscReq,129105
FindNodeReq,102969
FindNodeReq,171549
FindNodeRsp,110456
FindNodeRsp,112601
FindNodeReq,172789
FindNodeRsp,113537
FindNodeRsp,130779
FindNodeReq,171548
FindNodeRsp,110927
FindNodeReq,202141
FindNodeReq,170197
FindNodeRsp,124061
FindNodeReq,168269
FindNodeReq,197278
FindNodeRsp,105702
FindNodeReq,170616
FindNodeReq,173651
FindNodeReq,176036
FindNodeRsp,134028
FindNodeRsp,127441
FindNodeReq,167780
FindNodeRsp,126383
FindNodeReq,171325
FindNodeRsp,118630
PNHello,123050
PNDiscRsp,66710
FindNodeReq,173150
FindNodeReq,169080
FindNodeReq,173886
FindNodeRsp,111866
FindNodeReq,190771
FindNodeReq,169909
FindNodeRsp,108422
FindNodeReq,168318
FindNodeRsp,112626
FindNodeReq,240603
FindNodeReq,168649
FindNodeReq,174942
FindNodeRsp,132602
FindNodeRsp,127461
FindNodeReq,205756
FindNodeReq,169837
FindNodeReq,164737
FindNodeReq,172021
FindNodeRsp,130007
FindNodeRsp,125437
PathSetupReq,85190
PathSetupReq,108762
PathSetupReq,143768
PathSetupReq,78176
PathSetupReq,79083
PathSetupReq,83193
FindNodeReq,171596
FindNodeRsp,118353
FindNodeRsp,126709
FindNodeReq,164544
FindNodeRsp,109710
FindNodeRsp,130809
FindNodeReq,177218
FindNodeRsp,140337
FindNodeReq,239966
FindNodeReq,169816
FindNodeRsp,127999
FindNodeRsp,113334
FindNodeReq,170224
FindNodeRsp,133357
FindNodeReq,177448
FindNodeRsp,123647
FindNodeReq,173300
FindNodeRsp,144766
FindNodeRsp,134093
FindNodeReq,168776
FindNodeRsp,130909
FindNodeReq,169508
FindNodeReq,170409
FindNodeReq,172165
FindNodeReq,173468
FindNodeRsp,124603
FindNodeReq,173212
FindNodeRsp,113461
FindNodeReq,190920
FindNodeReq,113753
FindNodeReq,174596
FindNodeRsp,114792
FindNodeReq,180186
FindNodeReq,211620
FindNodeRsp,139229
FindNodeReq,172489
FindNodeReq,167637
FindNodeRsp,120312
FindNodeReq,171363
FindNodeReq,170651
FindNodeReq,175960
FindNodeReq,169638
FindNodeRsp,125748
FindNodeReq,171206
FindNodeReq,194324
FindNodeReq,164133
FindNodeRsp,113146
FindNodeRsp,132419
FindNodeReq,173710
FindNodeRsp,124720
FindNodeReq,168611
FindNodeRsp,99238
FindNodeRsp,129113
UpdateRouteReq,288492
UpdateRouteReq,416307
UpdateRouteReq,566161
UpdateRouteReq,691673
UpdateRouteReq,485573
UpdateRouteReq,605537
UpdateRouteReq,110991
UpdateRouteReq,116157
PathTeardownReq,152461
PathTeardownReq,43799
PathTeardownReq,73893
QueryRouteReq,104180
UpdateRouteReq,238653
UpdateRouteReq,244590
UpdateRouteReq,274434
UpdateRouteReq,377136
UpdateRouteReq,172105
UpdateRouteReq,48226
PathSetupReq,63823
UpdateRouteReq,55224
PathSetupReq,40349
UpdateRouteReq,48321
FindNodeRsp,80893
FindNodeRsp,105782
FindNodeReq,171189
UpdateRouteReq,51606
UpdateRouteReq,181811
UpdateRouteReq,269090
Error,191148
Error,123873
Error,87236
Error,82252
Error,204304
Error,252429
Error,111885
Error,99027
Error,80953
Error,108478
Error,106978
Error,48955
Error,54902
Error,84625
Error,56176
UpdateRouteReq,98286
UpdateRouteReq,42210
UpdateRouteReq,82618
UpdateRouteReq,51166
UpdateRouteReq,46348
UpdateRouteReq,47295
FindNodeRsp,107106
UpdateRouteReq,223362
UpdateRouteReq,113530
FindNodeRsp,87789
FindNodeReq,153852
QueryRouteReq,141355
UpdateRouteReq,46434
UpdateRouteReq,42689
FindNodeRsp,90595
FindNodeRsp,82009
FindNodeRsp,102719
FindNodeReq,159812
FindNodeReq,156881
UpdateRouteReq,172536
PathTeardownReq,186416
FindNodeRsp,75919
FindNodeReq,159357
UpdateRouteReq,92070
UpdateRouteReq,123403
UpdateRouteReq,207845
UpdateRouteReq,66419
UpdateRouteReq,72144
PathSetupReq,140937
UpdateRouteReq,168011
FindNodeRsp,93318
FindNodeReq,154012
UpdateRouteReq,166504
FindNodeRsp,98459
FindNodeReq,159625
FindNodeReq,161348
FindNodeRsp,117457
FindNodeRsp,105826
UpdateRouteReq,51274
PathTeardownReq,81371
FindNodeReq,161084
UpdateRouteReq,71454
PathTeardownReq,42664
UpdateRouteReq,91435
UpdateRouteReq,100698
PathTeardownReq,62675
UpdateRouteReq,133106
UpdateRouteReq,229138
UpdateRouteReq,239459
PathSetupReq,59862
UpdateRouteReq,52925
PathSetupReq,80239
UpdateRouteReq,46945
UpdateRouteReq,144836
FindNodeRsp,106191
FindNodeReq,155206
FindNodeReq,160890
FindNodeReq,159849
FindNodeRsp,109118
UpdateRouteReq,114870
PathTeardownReq,55237
FindNodeReq,158284
UpdateRouteReq,70458
PathSetupReq,139879
UpdateRouteReq,48487
FindNodeReq,152687
FindNodeRsp,110307
FindNodeReq,153240
UpdateRouteReq,91818
UpdateRouteReq,119845
UpdateRouteReq,117946
FindNodeReq,119953
Error,93450
UpdateRouteReq,88758
UpdateRouteReq,87540
Error,168641
Error,167625
Error,167947
Error,155318
Error,81792
UpdateRouteReq,115893
PathTeardownReq,39379
Error,89860
UpdateRouteReq,53386
UpdateRouteReq,100294
UpdateRouteReq,50577
UpdateRouteReq,46573
UpdateRouteReq,104259
UpdateRouteReq,104598
UpdateRouteReq,48109
UpdateRouteReq,78871
PathSetupReq,63754
Error,167646
UpdateRouteReq,76851
UpdateRouteReq,53845
UpdateRouteReq,49550
Error,105265
UpdateRouteReq,61063
Error,96026
UpdateRouteReq,50735
PathTeardownReq,63739
UpdateRouteReq,69457
UpdateRouteReq,77632
Error,114505
UpdateRouteReq,54275
PathSetupReq,40727
UpdateRouteReq,75815
UpdateRouteReq,51755
UpdateRouteReq,126340
UpdateRouteReq,137320
PathTeardownReq,69802
Error,115629
UpdateRouteReq,114413
UpdateRouteReq,49960
UpdateRouteReq,53921
PathSetupReq,39891
Error,57200
UpdateRouteReq,101957
UpdateRouteReq,97810
UpdateRouteReq,74078
UpdateRouteReq,77259
Error,172735
UpdateRouteReq,96051
UpdateRouteReq,84304
PathTeardownReq,43662
Error,104468
UpdateRouteReq,47942
UpdateRouteReq,90076
UpdateRouteReq,41254
PathSetupReq,88946
UpdateRouteReq,86082
UpdateRouteReq,44355
UpdateRouteReq,42013
UpdateRouteReq,54542
PathTeardownReq,62760
UpdateRouteReq,114949
Error,103922
UpdateRouteReq,53966
PathSetupReq,40087
UpdateRouteReq,52370
UpdateRouteReq,47923
UpdateRouteReq,47401
UpdateRouteReq,47919
UpdateRouteReq,50861
UpdateRouteReq,47113
UpdateRouteReq,46168
Error,93422
UpdateRouteReq,90925
UpdateRouteReq,74210
Error,85576
UpdateRouteReq,77030
PathTeardownReq,159869
Error,159902
UpdateRouteReq,56111
UpdateRouteReq,88254
UpdateRouteReq,50890
UpdateRouteReq,117183
PathSetupReq,34363
UpdateRouteReq,77490
Error,130151
UpdateRouteReq,95087
UpdateRouteReq,103264
UpdateRouteReq,52907
UpdateRouteReq,49023
PathTeardownReq,92882
UpdateRouteReq,74091
Error,138669
UpdateRouteReq,78294
PathSetupReq,77449
UpdateRouteReq,45327
UpdateRouteReq,46759
UpdateRouteReq,68501
UpdateRouteReq,43670
Error,109120
UpdateRouteReq,47944
UpdateRouteReq,76595
UpdateRouteReq,52205
UpdateRouteReq,48632
Error,136224
UpdateRouteReq,89349
UpdateRouteReq,109536
UpdateRouteReq,70091
UpdateRouteReq,45432
Error,56692
UpdateRouteReq,67686
Error,88854
FindNodeReq,88789
UpdateRouteReq,49509
PathTeardownReq,39461
FindNodeReq,89947
FindNodeReq,89970
UpdateRouteReq,49544
UpdateRouteReq,74480
UpdateRouteReq,55715
PathSetupReq,35808
UpdateRouteReq,52375
Error,102709
UpdateRouteReq,95018
PathTeardownReq,43563
UpdateRouteReq,51450
UpdateRouteReq,49023
Error,91688
UpdateRouteReq,52118
UpdateRouteReq,49605
PathSetupReq,39808
UpdateRouteReq,48275
Error,93818
UpdateRouteReq,46724
UpdateRouteReq,46208
UpdateRouteReq,72722
UpdateRouteReq,45836
UpdateRouteReq,42003
UpdateRouteReq,77815
Error,100880
UpdateRouteReq,69900
FindNodeReq,110840
UpdateRouteReq,50069
UpdateRouteReq,94594
FindNodeReq,96018
PathTeardownReq,39264
UpdateRouteReq,54624
UpdateRouteReq,50011
UpdateRouteReq,47375
Error,78991
UpdateRouteReq,52130
UpdateRouteReq,43506
PathSetupReq,32950
UpdateRouteReq,40450
UpdateRouteReq,39828
UpdateRouteReq,49947
UpdateRouteReq,112826
PathTeardownReq,175420
UpdateRouteReq,193090
Error,206127
UpdateRouteReq,74235
FindNodeReq,88930
UpdateRouteReq,50767
PathSetupReq,59431
UpdateRouteReq,66990
UpdateRouteReq,47514
UpdateRouteReq,47393
UpdateRouteReq,49827
UpdateRouteReq,46555
UpdateRouteReq,45939
UpdateRouteReq,141186
Error,152221
UpdateRouteReq,76554
UpdateRouteReq,46595
UpdateRouteReq,44610
UpdateRouteReq,43735
Error,205811
UpdateRouteReq,198688
FindNodeReq,192888
UpdateRouteReq,196248
UpdateRouteReq,236073
UpdateRouteReq,157945
UpdateRouteReq,127133
UpdateRouteReq,136493
UpdateRouteReq,144536
Error,169708
UpdateRouteReq,51490
UpdateRouteReq,188267
Error,125861
UpdateRouteReq,155917
UpdateRouteReq,129585
Error,1014007
Error,1076527
UpdateRouteReq,1090743
UpdateRouteReq,60920
UpdateRouteReq,82504
Error,111279
UpdateRouteReq,123693
UpdateRouteReq,121520
UpdateRouteReq,76686
Error,162996
UpdateRouteReq,172644
UpdateRouteReq,50568
UpdateRouteReq,45097
UpdateRouteReq,99438
PathTeardownReq,58360
Error,83510
UpdateRouteReq,59138
UpdateRouteReq,131861
PathSetupReq,122270
UpdateRouteReq,105816
UpdateRouteReq,40116
UpdateRouteReq,41923
UpdateRouteReq,68954
Error,184317
Error,245561
Error,288303
Error,328906
UpdateRouteReq,70320
UpdateRouteReq,75583
UpdateRouteReq,43851
UpdateRouteReq,128862
UpdateRouteReq,109918
UpdateRouteReq,149796
Error,210239
Error,252520
Error,310332
UpdateRouteReq,231771
UpdateRouteReq,96714
UpdateRouteReq,147857
UpdateRouteReq,97470
PathTeardownReq,79270
PathSetupReq,78276
PathTeardownReq,83119
UpdateRouteReq,50547
Error,94402
Error,104972
FindNodeReq,110899
Error,152661
UpdateRouteReq,45489
PathSetupReq,39338
UpdateRouteReq,67783
UpdateRouteReq,72749
Error,81960
UpdateRouteReq,64715
UpdateRouteReq,41338
Error,135881
Error,116625
Error,103407
Error,128270
Error,132830
Error,124601
UpdateRouteReq,162973
Error,197717
UpdateRouteReq,88358
Error,73186
UpdateRouteReq,101607
UpdateRouteReq,106242
UpdateRouteReq,112339
Error,40427
Error,55890
Error,97158
Error,82093
UpdateRouteReq,91314
Error,65342
UpdateRouteReq,72044
UpdateRouteReq,41955
UpdateRouteReq,41132
UpdateRouteReq,65159
UpdateRouteReq,51324
Error,77434
Error,76880
FindNodeReq,128284
Error,89991
UpdateRouteReq,93740
UpdateRouteReq,101464
UpdateRouteReq,107537
Error,38526
UpdateRouteReq,90474
UpdateRouteReq,95430
UpdateRouteReq,68260
Error,113094
Error,158477
UpdateRouteReq,66282
Error,106131
Error,162344
Error,158348
UpdateRouteReq,152573
UpdateRouteReq,109088
UpdateRouteReq,116802
UpdateRouteReq,45319
Error,108218
UpdateRouteReq,161092
UpdateRouteReq,160551
UpdateRouteReq,171109
Error,196079
Error,201050
Error,58761
Error,57374
Error,79740
UpdateRouteReq,77173
Error,56243
Error,95962
Error,95062
Error,99646
Error,103078
UpdateRouteReq,41693
UpdateRouteReq,42658
UpdateRouteReq,64890
UpdateRouteReq,128524
PathTeardownReq,161152
PathSetupReq,163549
PathTeardownReq,165625
UpdateRouteReq,64706
UpdateRouteReq,42671
Error,84572
UpdateRouteReq,61806
UpdateRouteReq,40607
UpdateRouteReq,54159
PathSetupReq,51745
UpdateRouteReq,41395
UpdateRouteReq,83637
UpdateRouteReq,133122
UpdateRouteReq,69170
FindNodeReq,127034
UpdateRouteReq,48579
PathTeardownReq,39289
Error,193760
FindNodeReq,233911
UpdateRouteReq,54831
UpdateRouteReq,67365
PathSetupReq,66854
UpdateRouteReq,45435
UpdateRouteReq,46008
UpdateRouteReq,60715
UpdateRouteReq,64245
UpdateRouteReq,41138
Error,119956
UpdateRouteReq,51187
UpdateRouteReq,105645
UpdateRouteReq,89183
Error,91386
UpdateRouteReq,79159
UpdateRouteReq,48921
Error,71810
Error,68410
UpdateRouteReq,75176
UpdateRouteReq,61034
UpdateRouteReq,117756
PathTeardownReq,151873
UpdateRouteReq,158955
UpdateRouteReq,165939
UpdateRouteReq,63591
UpdateRouteReq,59033
UpdateRouteReq,59593
PathSetupReq,31497
UpdateRouteReq,39631
Error,89400
UpdateRouteReq,42990
UpdateRouteReq,67859
Error,140133
UpdateRouteReq,186070
UpdateRouteReq,166916
UpdateRouteReq,175704
UpdateRouteReq,182540
UpdateRouteReq,190645
Error,167688
UpdateRouteReq,175584
UpdateRouteReq,216195
Error,198944
Error,236679
UpdateRouteReq,268368
PathTeardownReq,77162
PathSetupReq,76563
PathTeardownReq,81918
Error,101689
UpdateRouteReq,58599
Error,193763
UpdateRouteReq,178664
UpdateRouteReq,180664
UpdateRouteReq,128499
UpdateRouteReq,168510
PathSetupReq,170456
UpdateRouteReq,179164
UpdateRouteReq,83209
UpdateRouteReq,70034
UpdateRouteReq,46950
UpdateRouteReq,63055
Error,129537
Error,219435
Error,279055
Error,338718
UpdateRouteReq,348608
UpdateRouteReq,358192
UpdateRouteReq,366286
Error,177940
UpdateRouteReq,168445
UpdateRouteReq,228802
Error,210277
Error,118685
UpdateRouteReq,117853
Error,210251
UpdateRouteReq,219953
UpdateRouteReq,227849
Error,135184
Error,102233
UpdateRouteReq,110754
UpdateRouteReq,148051
FindNodeReq,109841
Error,167750
Error,227532
FindNodeReq,272381
UpdateRouteReq,50195
UpdateRouteReq,46119
Error,106669
Error,82838
Error,197930
Error,217071
Error,239427
Error,242692
UpdateRouteReq,250631
UpdateRouteReq,258007
UpdateRouteReq,75584
Error,34207
Error,41114
UpdateRouteReq,45515
UpdateRouteReq,82647
Error,112370
Error,93834
UpdateRouteReq,132519
Error,39505
Error,58114
UpdateRouteReq,61097
UpdateRouteReq,48091
Error,36476
Error,71458
Error,71543
Error,98402
UpdateRouteReq,89497
Error,133159
Error,136766
Error,135392
Error,135835
UpdateRouteReq,144376
Error,84138
UpdateRouteReq,105845
UpdateRouteReq,137997
Error,118876
UpdateRouteReq,46323
UpdateRouteReq,49965
PathTeardownReq,84887
UpdateRouteReq,57639
Error,92051
UpdateRouteReq,75537
PathSetupReq,54897
FindNodeReq,83789
UpdateRouteReq,91658
PathTeardownReq,61306
UpdateRouteReq,62382
UpdateRouteReq,128142
UpdateRouteReq,42454
Error,100638
UpdateRouteReq,88580
PathSetupReq,68166
UpdateRouteReq,97843
UpdateRouteReq,95759
UpdateRouteReq,161133
Error,97248
UpdateRouteReq,111891
UpdateRouteReq,60079
Error,104765
UpdateRouteReq,115584
Error,121525
UpdateRouteReq,129010
UpdateRouteReq,133567
UpdateRouteReq,47291
UpdateRouteReq,66870
UpdateRouteReq,128914
FindNodeReq,135106
PathTeardownReq,36683
UpdateRouteReq,42543
PathSetupReq,34200
UpdateRouteReq,40352
UpdateRouteReq,43850
UpdateRouteReq,58302
UpdateRouteReq,65109
Error,87727
UpdateRouteReq,51372
UpdateRouteReq,135012
PathTeardownReq,40944
Error,94390
FindNodeReq,77962
UpdateRouteReq,67683
PathSetupReq,67121
UpdateRouteReq,46547
UpdateRouteReq,45151
UpdateRouteReq,44792
UpdateRouteReq,56599
Error,84296
UpdateRouteReq,40106
UpdateRouteReq,42172
UpdateRouteReq,51374
UpdateRouteReq,98974
UpdateRouteReq,105566
UpdateRouteReq,164101
UpdateRouteReq,49469
UpdateRouteReq,45875
UpdateRouteReq,43999
Error,93155
UpdateRouteReq,47283
Error,50685
UpdateRouteReq,60001
UpdateRouteReq,81258
Error,93220
UpdateRouteReq,65975
PathTeardownReq,56957
UpdateRouteReq,126721
UpdateRouteReq,83859
PathSetupReq,32472
UpdateRouteReq,39991
UpdateRouteReq,46715
UpdateRouteReq,41908
UpdateRouteReq,39910
Error,82638
UpdateRouteReq,109474
UpdateRouteReq,140812
UpdateRouteReq,183049
PathTeardownReq,85329
UpdateRouteReq,49515
UpdateRouteReq,68004
Error,122217
UpdateRouteReq,127785
UpdateRouteReq,66504
PathSetupReq,78320
UpdateRouteReq,124433
FindNodeReq,148688
UpdateRouteReq,52013
UpdateRouteReq,46599
UpdateRouteReq,42347
UpdateRouteReq,84508
UpdateRouteReq,43550
Error,95507
UpdateRouteReq,60271
UpdateRouteReq,62427
Error,107503
UpdateRouteReq,47920
UpdateRouteReq,48675
UpdateRouteReq,89474
PathTeardownReq,53435
Error,108986
UpdateRouteReq,177821
UpdateRouteReq,119254
PathSetupReq,96746
UpdateRouteReq,103292
Error,113819
UpdateRouteReq,75754
UpdateRouteReq,77118
UpdateRouteReq,188571
UpdateRouteReq,263476
PathTeardownReq,293778
UpdateRouteReq,174653
UpdateRouteReq,264570
UpdateRouteReq,321133
UpdateRouteReq,179958
PathSetupReq,183415
UpdateRouteReq,202676
UpdateRouteReq,69967
UpdateRouteReq,59809
UpdateRouteReq,63084
Error,88574
Error,100689
UpdateRouteReq,67417
Error,189906
Error,256921
UpdateRouteReq,100909
UpdateRouteReq,136496
Error,152421
UpdateRouteReq,160657
Error,82706
Error,95030
UpdateRouteReq,49565
UpdateRouteReq,61767
UpdateRouteReq,56979
Error,216251
Error,259809
Error,274346
Error,312653
Error,315222
UpdateRouteReq,136658
Error,192187
Error,203295
Error,205853
UpdateRouteReq,152629
UpdateRouteReq,241247
Error,272124
Error,196111
Error,201027
Error,205747
Error,232178
Error,236774
UpdateRouteReq,241850
UpdateRouteReq,111591
Error,178924
UpdateRouteReq,127675
UpdateRouteReq,167928
UpdateRouteReq,202114
UpdateRouteReq,211664
Error,310981
UpdateRouteReq,316935
UpdateRouteReq,288254
Error,421595
UpdateRouteReq,431430
PathTeardownReq,436038
PathSetupReq,437880
PathTeardownReq,440154
UpdateRouteReq,445166
PathSetupReq,445998
UpdateRouteReq,454318
UpdateRouteReq,462504
UpdateRouteReq,133497
FindNodeReq,210720
Error,255565
UpdateRouteReq,264932
Error,322065
UpdateRouteReq,91523
UpdateRouteReq,96109
UpdateRouteReq,105166
Error,71234
Error,81644
Error,87745
UpdateRouteReq,90645
Error,70451
Error,46526
Error,31893
Error,35772
Error,31531
UpdateRouteReq,60650
PathTeardownReq,134959
FindNodeReq,205697
Error,214922
Error,235757
Error,251822
UpdateRouteReq,59186
PathSetupReq,59218
UpdateRouteReq,41436
UpdateRouteReq,40645
Error,48057
Error,48812
UpdateRouteReq,102558
UpdateRouteReq,107625
Error,53336
UpdateRouteReq,54357
UpdateRouteReq,53027
UpdateRouteReq,54086
Error,83125
UpdateRouteReq,43251
UpdateRouteReq,78967
UpdateRouteReq,42306
UpdateRouteReq,38368
Error,77485
UpdateRouteReq,69426
FindNodeReq,76493
UpdateRouteReq,89425
UpdateRouteReq,87684
UpdateRouteReq,95090
UpdateRouteReq,97996
UpdateRouteReq,172439
Error,275765
UpdateRouteReq,66687
UpdateRouteReq,119086
UpdateRouteReq,152005
PathTeardownReq,73446
Error,110187
UpdateRouteReq,78292
UpdateRouteReq,78324
PathSetupReq,80558
UpdateRouteReq,42243
UpdateRouteReq,54694
UpdateRouteReq,89867
PathTeardownReq,127105
UpdateRouteReq,134298
UpdateRouteReq,91976
Error,55763
UpdateRouteReq,50135
UpdateRouteReq,43570
PathSetupReq,36345
UpdateRouteReq,44719
Error,82786
UpdateRouteReq,46939
UpdateRouteReq,67910
UpdateRouteReq,137561
Error,86823
UpdateRouteReq,49079
FindNodeReq,113169
UpdateRouteReq,49310
Error,94074
UpdateRouteReq,46747
UpdateRouteReq,42156
PathTeardownReq,64965
Error,90793
UpdateRouteReq,43589
PathSetupReq,31874
UpdateRouteReq,40821
UpdateRouteReq,47494
UpdateRouteReq,57107
UpdateRouteReq,86196
Error,90394
UpdateRouteReq,65779
PathTeardownReq,42821
PathSetupReq,36223
PathTeardownReq,34950
Error,55639
UpdateRouteReq,142350
PathSetupReq,123094
UpdateRouteReq,126882
UpdateRouteReq,165032
UpdateRouteReq,91298
UpdateRouteReq,156965
Error,158505
UpdateRouteReq,164046
UpdateRouteReq,121519
UpdateRouteReq,105532
UpdateRouteReq,63664
UpdateRouteReq,67718
UpdateRouteReq,117119
UpdateRouteReq,75954
Error,136879
UpdateRouteReq,82951
PathTeardownReq,131548
UpdateRouteReq,47469
UpdateRouteReq,48389
Error,119828
UpdateRouteReq,62538
UpdateRouteReq,62754
PathSetupReq,51207
UpdateRouteReq,72214
UpdateRouteReq,78068
PathTeardownReq,41643
Error,98227
UpdateRouteReq,67591
UpdateRouteReq,44373
PathSetupReq,38201
UpdateRouteReq,65512
UpdateRouteReq,71375
UpdateRouteReq,74899
UpdateRouteReq,47851
UpdateRouteReq,44359
Error,87146
FindNodeReq,107334
UpdateRouteReq,45699
Error,54623
UpdateRouteReq,60075
Error,60045
UpdateRouteReq,42923
UpdateRouteReq,103288
UpdateRouteReq,91958
UpdateRouteReq,46815
UpdateRouteReq,73319
PathTeardownReq,73115
PathSetupReq,75003
UpdateRouteReq,117785
UpdateRouteReq,149349
UpdateRouteReq,159268
PathTeardownReq,161781
Error,80992
UpdateRouteReq,56893
UpdateRouteReq,60751
UpdateRouteReq,65678
PathSetupReq,51933
UpdateRouteReq,111332
UpdateRouteReq,165616
UpdateRouteReq,173110
UpdateRouteReq,70475
PathTeardownReq,75842
Error,123850
UpdateRouteReq,111737
UpdateRouteReq,94112
PathSetupReq,99428
UpdateRouteReq,105841
UpdateRouteReq,96284
UpdateRouteReq,266154
UpdateRouteReq,476930
UpdateRouteReq,556090
Error,264183
UpdateRouteReq,176546
UpdateRouteReq,214391
UpdateRouteReq,267264
FindNodeReq,120025
UpdateRouteReq,125857
UpdateRouteReq,188749
UpdateRouteReq,259430
UpdateRouteReq,245576
UpdateRouteReq,250339
UpdateRouteReq,285887
FindNodeReq,259308
UpdateRouteReq,47286
PathTeardownReq,38010
UpdateRouteReq,68732
UpdateRouteReq,44714
UpdateRouteReq,60219
PathSetupReq,59799
UpdateRouteReq,40459
UpdateRouteReq,36899
UpdateRouteReq,190782
UpdateRouteReq,43223
UpdateRouteReq,102215
UpdateRouteReq,105746
UpdateRouteReq,145961
UpdateRouteReq,198057
Error,121353
PathSetupReq,121878
FindNodeReq,175164
UpdateRouteReq,161790
UpdateRouteReq,155404
PathSetupReq,155419
Error,239616
Error,314667
UpdateRouteReq,320053
PathSetupReq,322033
UpdateRouteReq,55074
PathTeardownReq,53413
UpdateRouteReq,59236
UpdateRouteReq,63212
Error,164405
Error,130612
Error,84987
Error,230934
Error,254578
UpdateRouteReq,190268
UpdateRouteReq,228948
UpdateRouteReq,239201
UpdateRouteReq,246010
UpdateRouteReq,273373
FindNodeReq,305300
FindNodeReq,362806
UpdateRouteReq,346359
UpdateRouteReq,372994
UpdateRouteReq,149278
UpdateRouteReq,185720
Error,203190
FindNodeReq,299256
UpdateRouteReq,40789
Error,69439
Error,93445
UpdateRouteReq,58288
UpdateRouteReq,69518
UpdateRouteReq,116390
UpdateRouteReq,62327
UpdateRouteReq,65702
UpdateRouteReq,71318
UpdateRouteReq,90666
UpdateRouteReq,127826
Error,102022
UpdateRouteReq,108027
Error,98752
Error,98650
Error,102947
UpdateRouteReq,75180
FindNodeReq,174207
Error,239613
Error,292590
Error,81931
UpdateRouteReq,82878
UpdateRouteReq,91367
UpdateRouteReq,87579
UpdateRouteReq,119852
Error,77798
Error,113995
UpdateRouteReq,64788
UpdateRouteReq,67712
UpdateRouteReq,88984
UpdateRouteReq,91536
UpdateRouteReq,166810
Error,34564
UpdateRouteReq,42145
Error,54620
Error,31700
UpdateRouteReq,41980
PathTeardownReq,94573
UpdateRouteReq,80276
PathSetupReq,55654
Error,30241
Error,27579
UpdateRouteReq,43506
UpdateRouteReq,40359
UpdateRouteReq,97164
UpdateRouteReq,40172
UpdateRouteReq,35633
UpdateRouteReq,41977
Error,30706
Error,183931
Error,186023
Error,187456
UpdateRouteReq,196722
UpdateRouteReq,203917
UpdateRouteReq,235275
Error,32686
UpdateRouteReq,41999
Error,73676
UpdateRouteReq,75269
Error,94449
Error,92081
Error,76210
UpdateRouteReq,71941
UpdateRouteReq,49552
Error,100510
UpdateRouteReq,67043
UpdateRouteReq,72882
UpdateRouteReq,51120
UpdateRouteReq,98697
FindNodeReq,101313
Error,144500
UpdateRouteReq,69426
PathTeardownReq,71150
PathSetupReq,37104
PathTeardownReq,40358
UpdateRouteReq,46299
PathSetupReq,37154
UpdateRouteReq,47450
UpdateRouteReq,81382
UpdateRouteReq,86819
UpdateRouteReq,94502
UpdateRouteReq,88770
Error,140152
Error,216307
Error,264441
Error,109803
Error,110204
UpdateRouteReq,75611
UpdateRouteReq,50169
Error,207793
FindNodeReq,282358
Error,351004
Error,158845
UpdateRouteReq,165913
Error,93754
Error,105905
UpdateRouteReq,46428
Error,125741
UpdateRouteReq,113863
UpdateRouteReq,103353
Error,122204
UpdateRouteReq,193863
UpdateRouteReq,201863
UpdateRouteReq,219179
Error,247264
Error,298350
UpdateRouteReq,306298
Error,103007
UpdateRouteReq,114091
UpdateRouteReq,118349
UpdateRouteReq,157446
UpdateRouteReq,164838
UpdateRouteReq,199630
UpdateRouteReq,207269
UpdateRouteReq,234656
Error,246842
Error,307254
FindNodeReq,385998
UpdateRouteReq,412959
UpdateRouteReq,176059
UpdateRouteReq,183645
UpdateRouteReq,214362
UpdateRouteReq,118601
Error,192686
UpdateRouteReq,201360
UpdateRouteReq,137029
Error,203250
Error,244620
Error,301448
UpdateRouteReq,95751
Error,194511
Error,220735
Error,273788
UpdateRouteReq,116349
UpdateRouteReq,121690
UpdateRouteReq,129372
UpdateRouteReq,164793
UpdateRouteReq,69441
Error,148134
UpdateRouteReq,134384
UpdateRouteReq,137809
UpdateRouteReq,173429
Error,238621
UpdateRouteReq,247756
UpdateRouteReq,144902
Error,202784
Error,257381
UpdateRouteReq,199319
UpdateRouteReq,212132
Error,290619
Error,324940
Error,345694
Error,380252
UpdateRouteReq,389507
UpdateRouteReq,393475
Error,270309
UpdateRouteReq,215013
UpdateRouteReq,247521
UpdateRouteReq,276706
UpdateRouteReq,376781
UpdateRouteReq,183738
UpdateRouteReq,214346
UpdateRouteReq,262456
Error,300820
Error,148622
UpdateRouteReq,171320
Error,175575
UpdateRouteReq,86766
UpdateRouteReq,114104
Error,55173
UpdateRouteReq,67529
Error,127337
Error,132014
Error,111898
Error,115498
Error,62098
Error,63025
Error,88047
Error,39173
UpdateRouteReq,47933
FindNodeRsp,44038
UpdateRouteReq,100657
UpdateRouteReq,102969
UpdateRouteReq,33982
UpdateRouteReq,34062
UpdateRouteReq,36070
UpdateRouteReq,42778
UpdateRouteReq,32993
UpdateRouteReq,32046
UpdateRouteReq,27352
UpdateRouteReq,24463
UpdateRouteReq,52926
FindNodeReq,49577
FindNodeReq,43135
UpdateRouteReq,24250
UpdateRouteReq,22747
UpdateRouteReq,23315
UpdateRouteReq,21666
UpdateRouteReq,23934
FindNodeReq,49353
UpdateRouteReq,26468
UpdateRouteReq,25064
UpdateRouteReq,32330
UpdateRouteReq,35716
UpdateRouteReq,33016
UpdateRouteReq,30978
UpdateRouteReq,34345
Error,47951
UpdateRouteReq,35325
UpdateRouteReq,23388
UpdateRouteReq,46567
Error,43316
Error,64832
UpdateRouteReq,59510
UpdateRouteReq,25385
UpdateRouteReq,34842
FindNodeReq,69425
Error,91527
Error,49206
UpdateRouteReq,92351
UpdateRouteReq,76979
UpdateRouteReq,80898
UpdateRouteReq,35482
UpdateRouteReq,51957
Error,70092
UpdateRouteReq,62885
FindNodeReq,61082
Error,61763
Error,56577
Error,53139
UpdateRouteReq,48868
UpdateRouteReq,50792
UpdateRouteReq,23116
Error,60518
UpdateRouteReq,25154
UpdateRouteReq,26685
UpdateRouteReq,24399
UpdateRouteReq,48994
FindNodeReq,52275
Error,47128
UpdateRouteReq,23671
Error,57669
UpdateRouteReq,29304
UpdateRouteReq,52882
Error,62418
Error,47939
UpdateRouteReq,38602
UpdateRouteReq,26029
Error,53642
UpdateRouteReq,28294
UpdateRouteReq,26196
UpdateRouteReq,26150
UpdateRouteReq,52521
Error,156356
Error,121398
Error,66617
Error,113587
UpdateRouteReq,94124
UpdateRouteReq,98941
UpdateRouteReq,64825
UpdateRouteReq,82254
Error,67687
UpdateRouteReq,71085
UpdateRouteReq,38026
UpdateRouteReq,25258
FindNodeReq,58145
Error,90914
UpdateRouteReq,94034
UpdateRouteReq,119337
UpdateRouteReq,61710
Error,55906
UpdateRouteReq,77590
UpdateRouteReq,92700
FindNodeReq,49887
Error,63559
Error,100237
UpdateRouteReq,30853
Error,69302
UpdateRouteReq,30585
UpdateRouteReq,42914
UpdateRouteReq,46216
UpdateRouteReq,50361
UpdateRouteReq,76118
Error,66121
Error,61832
Error,52525
UpdateRouteReq,40771
Error,54840
Error,82627
Error,108153
Error,135654
UpdateRouteReq,41508
FindNodeReq,85839
UpdateRouteReq,43747
UpdateRouteReq,47092
UpdateRouteReq,39336
UpdateRouteReq,36963
FindNodeReq,67127
FindNodeReq,51523
Error,62142
Error,86898
Error,64087
UpdateRouteReq,31279
Error,66897
UpdateRouteReq,28769
Error,62850
Error,54664
Error,67334
Error,40422
UpdateRouteReq,31721
UpdateRouteReq,28515
UpdateRouteReq,28445
UpdateRouteReq,56267
Error,60888
Error,22732
Error,21473
UpdateRouteReq,54154
UpdateRouteReq,56947
UpdateRouteReq,36236
UpdateRouteReq,29943
Error,22288
UpdateRouteReq,52825
Error,46852
Error,46826
Error,42757
Error,33548
Error,46750
Error,22175
UpdateRouteReq,52558
Error,22318
UpdateRouteReq,36565
UpdateRouteReq,24160
UpdateRouteReq,22966
UpdateRouteReq,35053
UpdateRouteReq,30942
UpdateRouteReq,33463
FindNodeReq,46732
UpdateRouteReq,24305
UpdateRouteReq,32526
UpdateRouteReq,29243
UpdateRouteReq,25012
UpdateRouteReq,22400
UpdateRouteReq,23129
UpdateRouteReq,21545
FindNodeReq,50192
FindNodeReq,38291
UpdateRouteReq,24363
UpdateRouteReq,53289
UpdateRouteReq,22084
UpdateRouteReq,19915
UpdateRouteReq,62249
UpdateRouteReq,84908
Error,78138
UpdateRouteReq,25821
Error,44581
Error,50747
UpdateRouteReq,23799
UpdateRouteReq,26096
UpdateRouteReq,50442
UpdateRouteReq,48424
FindNodeReq,63107
Error,84430
Error,45619
UpdateRouteReq,31244
Error,28328
Error,19138
Error,17901
UpdateRouteReq,21252
UpdateRouteReq,20933
UpdateRouteReq,28920
FindNodeReq,55717
Error,18242
Error,16712
Error,25354
Error,23834
UpdateRouteReq,20167
Error,43834
UpdateRouteReq,33113
Error,58274
Error,68967
UpdateRouteReq,28271
Error,55289
UpdateRouteReq,27951
UpdateRouteReq,62932
Error,55533
UpdateRouteReq,31369
UpdateRouteReq,29399
Error,32485
UpdateRouteReq,27473
Error,51333
UpdateRouteReq,30893
Error,56810
Error,69203
UpdateRouteReq,27439
Error,65766
UpdateRouteReq,63216
Error,55439
FindNodeReq,67181
UpdateRouteReq,29816
Error,31413
UpdateRouteReq,27312
Error,52092
UpdateRouteReq,31070
Error,57991
Error,64378
UpdateRouteReq,27920
Error,55619
UpdateRouteReq,57483
Error,52245
FindNodeReq,66580
UpdateRouteReq,31763
Error,32379
UpdateRouteReq,26793
Error,57870
UpdateRouteReq,31247
Error,116952
Error,66404
UpdateRouteReq,33693
Error,66121
UpdateRouteReq,35692
Error,83369
UpdateRouteReq,88384
Error,39112
UpdateRouteReq,33155
UpdateRouteReq,31647
Error,62413
FindNodeReq,81998
UpdateRouteReq,36597
Error,67592
Error,64959
UpdateRouteReq,34303
Error,75515
UpdateRouteReq,69058
Error,83639
UpdateRouteReq,88570
Error,50511
UpdateRouteReq,33319
Error,61926
FindNodeReq,98974
UpdateRouteReq,36759
Error,67868
Error,74023
UpdateRouteReq,58709
Error,60715
UpdateRouteReq,69529
UpdateRouteReq,47708
Error,69504
Error,40677
UpdateRouteReq,49298
UpdateRouteReq,35026
Error,68361
FindNodeReq,85725
UpdateRouteReq,40872
UpdateRouteReq,39219
UpdateRouteReq,37739
Error,86258
Error,95578
UpdateRouteReq,37659
UpdateRouteReq,35781
UpdateRouteReq,33640
UpdateRouteReq,83078
Error,89779
UpdateRouteReq,42066
Error,74815
Error,56980
UpdateRouteReq,48043
UpdateRouteReq,68607
Error,91958
UpdateRouteReq,118774
FindNodeReq,142270
FindNodeReq,87078
UpdateRouteReq,42538
UpdateRouteReq,37893
Error,72084
Error,84465
UpdateRouteReq,37638
UpdateRouteReq,35973
UpdateRouteReq,34099
UpdateRouteReq,82781
Error,72652
UpdateRouteReq,55408
UpdateRouteReq,39265
Error,74299
Error,43610
UpdateRouteReq,51625
UpdateRouteReq,35512
Error,67200
FindNodeReq,89691
UpdateRouteReq,41741
Error,76449
Error,88097
UpdateRouteReq,51631
Error,82765
UpdateRouteReq,75465
Error,92499
UpdateRouteReq,97654
Error,53344
UpdateRouteReq,50058
UpdateRouteReq,35006
Error,68443
FindNodeReq,123686
UpdateRouteReq,42095
Error,74919
Error,90662
UpdateRouteReq,37597
UpdateRouteReq,35219
Error,103939
UpdateRouteReq,41705
Error,74711
Error,43967
UpdateRouteReq,35759
UpdateRouteReq,34955
Error,68678
UpdateRouteReq,75152
UpdateRouteReq,78753
FindNodeReq,104643
UpdateRouteReq,41515
UpdateRouteReq,37946
Error,84151
Error,101511
UpdateRouteReq,57281
UpdateRouteReq,42122
UpdateRouteReq,37244
UpdateRouteReq,92705
Error,100785
FindNodeReq,81038
UpdateRouteReq,44452
Error,82876
UpdateRouteReq,71871
Error,90945
Error,139571
FindNodeReq,188163
UpdateRouteReq,79315
Error,86465
Error,103306
UpdateRouteReq,56600
UpdateRouteReq,40065
UpdateRouteReq,37489
UpdateRouteReq,93770
Error,78838
UpdateRouteReq,80226
UpdateRouteReq,70702
Error,83970
Error,48693
UpdateRouteReq,56359
UpdateRouteReq,39546
Error,77304
FindNodeReq,101738
UpdateRouteReq,46789
Error,86011
Error,102278
UpdateRouteReq,58428
UpdateRouteReq,39980
UpdateRouteReq,37335
UpdateRouteReq,91319
Error,96036
UpdateRouteReq,64970
UpdateRouteReq,70071
Error,85174
Error,64064
UpdateRouteReq,40451
UpdateRouteReq,39404
Error,77623
UpdateRouteReq,38755
UpdateRouteReq,110149
UpdateRouteReq,46142
UpdateRouteReq,42941
FindNodeReq,87331
Error,77715
Error,100132
UpdateRouteReq,40815
UpdateRouteReq,39861
UpdateRouteReq,37369
UpdateRouteReq,92147
Error,82422
UpdateRouteReq,61678
UpdateRouteReq,44015
Error,83366
Error,49067
UpdateRouteReq,56486
UpdateRouteReq,39479
Error,75766
FindNodeReq,122123
UpdateRouteReq,46099
Error,84482
Error,99398
UpdateRouteReq,57819
UpdateRouteReq,40175
UpdateRouteReq,37383
UpdateRouteReq,93166
Error,95130
FindNodeReq,98436
UpdateRouteReq,44955
Error,82594
UpdateRouteReq,56939
Error,45449
FindNodeReq,208843
Error,210716
UpdateRouteReq,219668
Error,85238
Error,111070
UpdateRouteReq,55305
UpdateRouteReq,39711
UpdateRouteReq,37575
UpdateRouteReq,91665
Error,83910
UpdateRouteReq,63423
UpdateRouteReq,44123
Error,80193
Error,48039
UpdateRouteReq,56639
UpdateRouteReq,38696
Error,76371
FindNodeReq,117697
UpdateRouteReq,45700
Error,84329
Error,102094
UpdateRouteReq,57413
UpdateRouteReq,42617
UpdateRouteReq,37299
UpdateRouteReq,92414
Error,95771
UpdateRouteReq,65275
UpdateRouteReq,69710
Error,98770
Error,47683
UpdateRouteReq,53744
UpdateRouteReq,98998
Error,77924
UpdateRouteReq,107157
FindNodeReq,100717
UpdateRouteReq,65735
UpdateRouteReq,70618
Error,80739
Error,95114
UpdateRouteReq,43078
UpdateRouteReq,39609
UpdateRouteReq,38067
UpdateRouteReq,91443
Error,82969
UpdateRouteReq,81231
UpdateRouteReq,71092
Error,85434
Error,49714
UpdateRouteReq,56883
UpdateRouteReq,39648
Error,76443
FindNodeReq,101294
UpdateRouteReq,46469
Error,84015
Error,101994
UpdateRouteReq,72309
UpdateRouteReq,42104
UpdateRouteReq,37659
UpdateRouteReq,91062
Error,80438
UpdateRouteReq,47175
Error,97981
Error,46011
UpdateRouteReq,56049
UpdateRouteReq,39964
Error,78027
FindNodeReq,121193
UpdateRouteReq,46103
Error,86954
Error,102550
UpdateRouteReq,56522
UpdateRouteReq,40071
UpdateRouteReq,37428
UpdateRouteReq,93494
Error,83615
UpdateRouteReq,78905
UpdateRouteReq,69677
Error,83688
Error,48764
UpdateRouteReq,54841
UpdateRouteReq,78798
Error,108558
UpdateRouteReq,126230
FindNodeReq,133069
UpdateRouteReq,66271
UpdateRouteReq,70962
Error,81695
Error,81527
UpdateRouteReq,56733
UpdateRouteReq,39885
UpdateRouteReq,37479
UpdateRouteReq,92824
Error,84124
UpdateRouteReq,46899
UpdateRouteReq,43926
Error,113946
Error,49967
UpdateRouteReq,56704
UpdateRouteReq,39264
Error,78997
FindNodeReq,118392
UpdateRouteReq,47264
Error,84796
Error,96032
UpdateRouteReq,56735
Error,98206
UpdateRouteReq,44545
UpdateRouteReq,45694
Error,84677
Error,47815
UpdateRouteReq,56765
UpdateRouteReq,41697
Error,77416
FindNodeReq,136503
UpdateRouteReq,47315
Error,86456
UpdateRouteReq,46599
Error,84204
UpdateRouteReq,71992
Error,79351
UpdateRouteReq,45946
UpdateRouteReq,43855
Error,100652
Error,46713
UpdateRouteReq,56541
UpdateRouteReq,93847
Error,104479
UpdateRouteReq,95802
FindNodeReq,84574
UpdateRouteReq,65538
UpdateRouteReq,70804
Error,81298
Error,101770
UpdateRouteReq,43421
UpdateRouteReq,40076
UpdateRouteReq,37783
UpdateRouteReq,47590
Error,81616
FindNodeReq,98218
UpdateRouteReq,45431
Error,84106
UpdateRouteReq,71206
Error,45679
Error,158026
FindNodeReq,223566
UpdateRouteReq,233675
UpdateRouteReq,75506
Error,86510
Error,79770
UpdateRouteReq,72615
UpdateRouteReq,41619
UpdateRouteReq,38057
UpdateRouteReq,93372
Error,82013
UpdateRouteReq,46771
Error,98712
Error,47054
UpdateRouteReq,54403
UpdateRouteReq,94332
Error,105463
UpdateRouteReq,89798
FindNodeReq,100697
UpdateRouteReq,64753
UpdateRouteReq,69700
Error,92158
Error,96291
UpdateRouteReq,55726
UpdateRouteReq,40167
UpdateRouteReq,37669
UpdateRouteReq,62007
Error,102392
UpdateRouteReq,46892
UpdateRouteReq,45315
Error,97273
Error,48421
UpdateRouteReq,54385
UpdateRouteReq,94078
Error,105584
UpdateRouteReq,105549
FindNodeReq,166772
UpdateRouteReq,63831
UpdateRouteReq,69711
Error,124728
Error,104818
UpdateRouteReq,55534
UpdateRouteReq,39434
UpdateRouteReq,38588
UpdateRouteReq,46654
Error,80785
UpdateRouteReq,60674
UpdateRouteReq,43699
Error,84842
Error,45858
UpdateRouteReq,55918
UpdateRouteReq,39379
Error,92870
FindNodeReq,118537
UpdateRouteReq,47680
UpdateRouteReq,42553
Error,96828
UpdateRouteReq,65744
Error,89052
Error,104888
UpdateRouteReq,58396
UpdateRouteReq,42528
UpdateRouteReq,37483
UpdateRouteReq,46039
Error,103230
FindNodeReq,83149
UpdateRouteReq,45709
Error,47539
UpdateRouteReq,41161
Error,79271
FindNodeReq,102422
UpdateRouteReq,45959
Error,80422
Error,99883
UpdateRouteReq,41531
UpdateRouteReq,39999
UpdateRouteReq,37787
UpdateRouteReq,63583
Error,77923
FindNodeReq,126034
UpdateRouteReq,60563
Error,91981
Error,49455
UpdateRouteReq,64591
UpdateRouteReq,78462
Error,124931
UpdateRouteReq,124992
FindNodeReq,123737
UpdateRouteReq,64434
UpdateRouteReq,70162
Error,92416
Error,100565
UpdateRouteReq,56158
UpdateRouteReq,39975
UpdateRouteReq,37295
UpdateRouteReq,46570
Error,97114
UpdateRouteReq,45454
UpdateRouteReq,45194
Error,85456
Error,47471
UpdateRouteReq,56774
UpdateRouteReq,40139
Error,76031
FindNodeReq,141548
UpdateRouteReq,48351
Error,84215
UpdateRouteReq,62084
Error,81007
UpdateRouteReq,56619
Error,83091
UpdateRouteReq,42532
UpdateRouteReq,37720
UpdateRouteReq,92538
Error,94680
FindNodeReq,80002
UpdateRouteReq,46204
Error,44651
UpdateRouteReq,55431
Error,74712
FindNodeReq,121205
UpdateRouteReq,46215
Error,84393
Error,105388
UpdateRouteReq,56077
UpdateRouteReq,39759
Error,83266
UpdateRouteReq,62055
Error,78566
Error,49877
UpdateRouteReq,54144
UpdateRouteReq,75837
Error,102682
UpdateRouteReq,89625
FindNodeReq,84598
UpdateRouteReq,46267
UpdateRouteReq,42754
Error,80256
Error,97208
UpdateRouteReq,39892
UpdateRouteReq,40265
UpdateRouteReq,40873
UpdateRouteReq,90890
Error,77845
UpdateRouteReq,52123
Error,104710
Error,49521
UpdateRouteReq,54597
UpdateRouteReq,77276
Error,103470
UpdateRouteReq,131046
UpdateRouteReq,45855
UpdateRouteReq,42939
Error,163109
UpdateRouteReq,68786
Error,112225
UpdateRouteReq,42409
UpdateRouteReq,97914
Error,113728
UpdateRouteReq,67561
UpdateRouteReq,71526
Error,88074
Error,48187
UpdateRouteReq,56335
UpdateRouteReq,80554
Error,108367
UpdateRouteReq,132988
UpdateRouteReq,46069
UpdateRouteReq,43268
Error,196364
UpdateRouteReq,69985
Error,131841
UpdateRouteReq,101906
Error,85578
FindNodeReq,115553
UpdateRouteReq,46139
Error,86157
Error,48039
UpdateRouteReq,55526
UpdateRouteReq,115942
UpdateRouteReq,118005
Error,119574
UpdateRouteReq,180843
UpdateRouteReq,61805
UpdateRouteReq,45566
Error,81245
Error,233873
UpdateRouteReq,229339
UpdateRouteReq,64393
Error,128753
UpdateRouteReq,163069
FindNodeReq,87813
UpdateRouteReq,47430
Error,94253
Error,49621
UpdateRouteReq,56395
UpdateRouteReq,117314
UpdateRouteReq,119260
Error,120233
UpdateRouteReq,161480
UpdateRouteReq,89411
UpdateRouteReq,46271
UpdateRouteReq,42532
Error,83633
UpdateRouteReq,42859
Error,95403
FindNodeReq,120031
UpdateRouteReq,47033
Error,83961
Error,80110
UpdateRouteReq,55035
UpdateRouteReq,40030
UpdateRouteReq,40592
UpdateRouteReq,92187
Error,107493
Error,84542
UpdateRouteReq,49208
Error,82170
Error,102798
UpdateRouteReq,42600
Error,116777
UpdateRouteReq,119110
UpdateRouteReq,109508
Error,120717
UpdateRouteReq,66088
UpdateRouteReq,71867
Error,82557
Error,77923
Error,94885
Error,93348
Error,68526
UpdateRouteReq,68754
UpdateRouteReq,85958
Error,79011
Error,62100
Error,64187
UpdateRouteReq,45423
UpdateRouteReq,94872
Error,113721
UpdateRouteReq,121886
UpdateRouteReq,45423
Error,48287
Error,46402
Error,102664
UpdateRouteReq,46113
Error,95869
UpdateRouteReq,41584
Error,74870
UpdateRouteReq,65632
UpdateRouteReq,70525
Error,84352
Error,48199
UpdateRouteReq,41460
Error,52019
UpdateRouteReq,45370
UpdateRouteReq,44866
Error,84060
Error,110157
UpdateRouteReq,41827
UpdateRouteReq,84194
Error,113629
FindNodeReq,100986
FindNodeReq,103446
UpdateRouteReq,108338
Error,80618
Error,45864
UpdateRouteReq,54430
UpdateRouteReq,128895
UpdateRouteReq,116212
Error,117104
UpdateRouteReq,159665
UpdateRouteReq,104953
UpdateRouteReq,63207
UpdateRouteReq,69559
Error,85708
Error,103505
UpdateRouteReq,41797
FindNodeReq,89886
Error,103060
UpdateRouteReq,56295
UpdateRouteReq,94131
Error,114813
UpdateRouteReq,45726
Error,44386
UpdateRouteReq,40367
Error,51855
UpdateRouteReq,45519
Error,85176
Error,98065
UpdateRouteReq,57022
UpdateRouteReq,40555
UpdateRouteReq,38887
UpdateRouteReq,93411
Error,75372
UpdateRouteReq,44355
Error,98658
Error,46066
UpdateRouteReq,54292
UpdateRouteReq,93527
Error,73694
UpdateRouteReq,80980
UpdateRouteReq,47885
UpdateRouteReq,41696
Error,84186
Error,95446
UpdateRouteReq,42311
UpdateRouteReq,41794
UpdateRouteReq,37210
UpdateRouteReq,92090
Error,80936
UpdateRouteReq,60963
Error,79664
Error,45331
UpdateRouteReq,54512
UpdateRouteReq,77054
Error,73122
UpdateRouteReq,45860
FindNodeReq,79898
UpdateRouteReq,44647
Error,86625
UpdateRouteReq,72202
Error,82648
UpdateRouteReq,84948
Error,82034
UpdateRouteReq,44779
Error,98874
UpdateRouteReq,40983
Error,48172
Error,97774
FindNodeReq,95472
UpdateRouteReq,44014
Error,83558
Error,96847
UpdateRouteReq,55502
UpdateRouteReq,40305
UpdateRouteReq,40234
UpdateRouteReq,92215
Error,76746
UpdateRouteReq,59711
Error,87685
Error,47729
UpdateRouteReq,54152
Error,52516
UpdateRouteReq,54017
UpdateRouteReq,41510
UpdateRouteReq,108481
UpdateRouteReq,46019
UpdateRouteReq,43925
UpdateRouteReq,42056
Error,103155
Error,78704
UpdateRouteReq,55711
UpdateRouteReq,41751
UpdateRouteReq,39781
UpdateRouteReq,92550
Error,139401
UpdateRouteReq,45364
UpdateRouteReq,43015
Error,94140
Error,49567
UpdateRouteReq,54552
UpdateRouteReq,95133
Error,74982
UpdateRouteReq,109943
UpdateRouteReq,65110
UpdateRouteReq,69787
Error,85414
Error,97852
UpdateRouteReq,54778
FindNodeRsp,69718
UpdateRouteReq,38111
UpdateRouteReq,38445
UpdateRouteReq,93574
Error,76349
UpdateRouteReq,60895
Error,83907
Error,60798
UpdateRouteReq,56351
UpdateRouteReq,101913
Error,77366
UpdateRouteReq,46099
FindNodeReq,146352
UpdateRouteReq,45933
Error,80678
Error,78146
UpdateRouteReq,70867
UpdateRouteReq,40417
UpdateRouteReq,40727
UpdateRouteReq,92902
Error,86447
UpdateRouteReq,46475
UpdateRouteReq,43385
Error,107058
Error,46219
UpdateRouteReq,39764
UpdateRouteReq,93516
Error,73575
UpdateRouteReq,130982
UpdateRouteReq,46485
Error,85808
Error,96770
UpdateRouteReq,40929
UpdateRouteReq,41567
UpdateRouteReq,38131
UpdateRouteReq,112299
FindNodeReq,142432
Error,76231
UpdateRouteReq,61439
Error,87171
Error,62312
UpdateRouteReq,54068
UpdateRouteReq,75971
Error,72437
UpdateRouteReq,133714
UpdateRouteReq,46710
UpdateRouteReq,42967
UpdateRouteReq,66538
Error,106185
Error,84115
UpdateRouteReq,75360
Error,138963
UpdateRouteReq,45440
UpdateRouteReq,41043
Error,98114
Error,115479
Error,154163
Error,85934
Error,49954
UpdateRouteReq,56959
Error,53799
Error,103055
Error,101654
FindNodeReq,148095
Error,149118
UpdateRouteReq,80602
UpdateRouteReq,84872
UpdateRouteReq,62739
UpdateRouteReq,86087
UpdateRouteReq,44019
UpdateRouteReq,41003
Error,85238
Error,94982
UpdateRouteReq,41519
UpdateRouteReq,39966
UpdateRouteReq,38060
UpdateRouteReq,91393
Error,79246
UpdateRouteReq,43484
Error,81796
Error,49347
FindNodeReq,92154
UpdateRouteReq,40951
UpdateRouteReq,76859
Error,73375
UpdateRouteReq,79235
UpdateRouteReq,43965
Error,84632
Error,76645
UpdateRouteReq,39857
UpdateRouteReq,40381
UpdateRouteReq,38274
UpdateRouteReq,88580
Error,95686
UpdateRouteReq,44489
Error,80084
UpdateRouteReq,40279
Error,45987
Error,52099
UpdateRouteReq,76945
FindNodeReq,122669
UpdateRouteReq,126515
UpdateRouteReq,59748
UpdateRouteReq,63847
UpdateRouteReq,60359
UpdateRouteReq,64538
Error,78878
UpdateRouteReq,40813
Error,124511
UpdateRouteReq,43984
UpdateRouteReq,89680
Error,79900
FindNodeReq,93158
UpdateRouteReq,42897
Error,82645
UpdateRouteReq,40976
UpdateRouteReq,39600
UpdateRouteReq,106116
Error,62749
Error,140695
FindNodeReq,185507
UpdateRouteReq,195316
UpdateRouteReq,203831
FindNodeReq,102526
Error,84542
Error,100478
Error,79436
UpdateRouteReq,71265
Error,129730
UpdateRouteReq,132523
UpdateRouteReq,140393
UpdateRouteReq,91187
Error,135309
UpdateRouteReq,126114
UpdateRouteReq,98363
UpdateRouteReq,87826
Error,119618
Error,158354
Error,92045
Error,101330
Error,48125
Error,63543
Error,61908
Error,63311
Error,46848
Error,44027
UpdateRouteReq,53795
UpdateRouteReq,89718
Error,69827
UpdateRouteReq,77585
UpdateRouteReq,91026
UpdateRouteReq,62879
UpdateRouteReq,47127
UpdateRouteReq,44564
Error,82858
UpdateRouteReq,42443
Error,92841
FindNodeReq,113161
UpdateRouteReq,44885
UpdateRouteReq,42956
Error,78238
Error,103714
UpdateRouteReq,55194
UpdateRouteReq,41668
UpdateRouteReq,92388
Error,47183
FindNodeReq,99194
UpdateRouteReq,47697
UpdateRouteReq,37413
Error,51051
UpdateRouteReq,46187
Error,87458
Error,98485
UpdateRouteReq,53854
UpdateRouteReq,41659
UpdateRouteReq,38419
UpdateRouteReq,92031
Error,140696
UpdateRouteReq,46801
UpdateRouteReq,43099
Error,101274
Error,45746
UpdateRouteReq,53927
UpdateRouteReq,93358
Error,73548
UpdateRouteReq,130597
UpdateRouteReq,66078
UpdateRouteReq,68872
Error,83605
Error,97184
UpdateRouteReq,41092
UpdateRouteReq,40946
UpdateRouteReq,37761
UpdateRouteReq,91324
Error,95249
FindNodeReq,77093
UpdateRouteReq,44777
Error,83144
UpdateRouteReq,41175
Error,58960
Error,67688
FindNodeReq,118842
UpdateRouteReq,45343
Error,84074
Error,80374
UpdateRouteReq,54503
UpdateRouteReq,42141
UpdateRouteReq,37961
UpdateRouteReq,90660
Error,98306
UpdateRouteReq,48739
Error,81922
Error,61694
UpdateRouteReq,54597
Error,66199
UpdateRouteReq,68567
UpdateRouteReq,76302
UpdateRouteReq,107779
UpdateRouteReq,46540
UpdateRouteReq,62491
UpdateRouteReq,65744
Error,98114
Error,78810
UpdateRouteReq,54508
UpdateRouteReq,40249
UpdateRouteReq,38287
UpdateRouteReq,90487
Error,77811
UpdateRouteReq,45879
Error,77442
UpdateRouteReq,43917
FindNodeReq,94278
Error,46908
Error,33413
UpdateRouteReq,86693
FindNodeReq,86962
UpdateRouteReq,45749
UpdateRouteReq,42404
Error,80097
UpdateRouteReq,74849
Error,81498
UpdateRouteReq,41319
UpdateRouteReq,130709
Error,216401
UpdateRouteReq,46423
Error,86034
UpdateRouteReq,71530
UpdateRouteReq,39477
Error,46844
UpdateRouteReq,61610
UpdateRouteReq,62653
Error,58777
UpdateRouteReq,44176
Error,98573
Error,81532
UpdateRouteReq,58410
UpdateRouteReq,40344
UpdateRouteReq,59274
UpdateRouteReq,78947
Error,155184
FindNodeReq,85028
UpdateRouteReq,45599
UpdateRouteReq,48703
Error,95806
Error,47180
UpdateRouteReq,56130
UpdateRouteReq,73298
UpdateRouteReq,124212
Error,91571
UpdateRouteReq,110646
UpdateRouteReq,61820
UpdateRouteReq,44819
Error,80890
Error,96994
UpdateRouteReq,40713
UpdateRouteReq,57123
FindNodeReq,98507
UpdateRouteReq,108784
Error,98069
UpdateRouteReq,46332
UpdateRouteReq,42457
Error,83778
Error,48812
UpdateRouteReq,55200
UpdateRouteReq,111074
UpdateRouteReq,114330
Error,115201
UpdateRouteReq,156141
UpdateRouteReq,46949
UpdateRouteReq,45379
Error,100681
Error,80265
UpdateRouteReq,71989
UpdateRouteReq,40282
Error,98464
UpdateRouteReq,61765
Error,99676
Error,45903
UpdateRouteReq,53201
FindNodeReq,105373
FindNodeReq,176617
UpdateRouteReq,126542
UpdateRouteReq,97009
Error,98044
UpdateRouteReq,46797
FindNodeReq,84686
UpdateRouteReq,46695
Error,84726
Error,108907
UpdateRouteReq,55582
UpdateRouteReq,45981
UpdateRouteReq,92850
Error,82464
UpdateRouteReq,46932
Error,131045
UpdateRouteReq,138684
Error,44903
UpdateRouteReq,54666
UpdateRouteReq,77471
Error,74192
UpdateRouteReq,130849
UpdateRouteReq,66138
UpdateRouteReq,69231
Error,83544
Error,98830
UpdateRouteReq,55927
UpdateRouteReq,41861
UpdateRouteReq,38329
UpdateRouteReq,107464
Error,81578
UpdateRouteReq,45871
Error,96203
Error,46502
UpdateRouteReq,54581
UpdateRouteReq,93390
Error,74091
UpdateRouteReq,91351
FindNodeReq,103030
UpdateRouteReq,107768
UpdateRouteReq,43232
Error,94956
UpdateRouteReq,41224
Error,100332
UpdateRouteReq,85484
Error,78151
UpdateRouteReq,61658
Error,83077
UpdateRouteReq,41581
Error,85043
FindNodeReq,154086
FindNodeReq,191176
Error,193025
UpdateRouteReq,199781
Error,85982
UpdateRouteReq,42705
UpdateRouteReq,39456
UpdateRouteReq,37708
UpdateRouteReq,88900
Error,75750
UpdateRouteReq,61957
Error,80984
Error,93047
UpdateRouteReq,40911
UpdateRouteReq,40936
UpdateRouteReq,108038
Error,63377
Error,103386
FindNodeReq,148126
UpdateRouteReq,47555
UpdateRouteReq,55451
Error,133529
UpdateRouteReq,136688
UpdateRouteReq,144683
Error,108974
Error,131016
UpdateRouteReq,91542
UpdateRouteReq,113398
UpdateRouteReq,122416
Error,123523
Error,161128
Error,202767
Error,92974
UpdateRouteReq,56657
UpdateRouteReq,54807
UpdateRouteReq,57307
Error,138183
Error,190225
Error,231923
Error,273778
UpdateRouteReq,107972
Error,152869
UpdateRouteReq,189670
UpdateRouteReq,197672
Error,111858
Error,150268
Error,109830
Error,147895
Error,47104
Error,33073
UpdateRouteReq,56059
Error,35636
Error,113268
UpdateRouteReq,119730
UpdateRouteReq,42243
Error,89798
Error,87126
UpdateRouteReq,126954
Error,120799
Error,123006
Error,147838
Error,85028
UpdateRouteReq,119778
UpdateRouteReq,128827
Error,80502
UpdateRouteReq,74823
Error,82995
UpdateRouteReq,59981
UpdateRouteReq,78257
UpdateRouteReq,113214
Error,139109
FindNodeReq,99288
UpdateRouteReq,45603
UpdateRouteReq,42391
Error,83842
Error,45935
UpdateRouteReq,54948
UpdateRouteReq,56920
UpdateRouteReq,141193
Error,114222
UpdateRouteReq,158131
UpdateRouteReq,62555
UpdateRouteReq,46249
Error,85393
Error,102518
UpdateRouteReq,41446
Error,79034
UpdateRouteReq,79744
UpdateRouteReq,44118
Error,82306
Error,49317
UpdateRouteReq,39781
UpdateRouteReq,100114
UpdateRouteReq,78434
Error,105511
UpdateRouteReq,88889
FindNodeReq,83865
UpdateRouteReq,46119
Error,84274
Error,96998
UpdateRouteReq,55039
UpdateRouteReq,39947
UpdateRouteReq,37128
UpdateRouteReq,89565
Error,84266
UpdateRouteReq,47236
Error,96572
Error,46183
UpdateRouteReq,67821
FindNodeReq,106183
UpdateRouteReq,38975
Error,69204
UpdateRouteReq,92366
FindNodeReq,105449
UpdateRouteReq,109779
Error,85186
Error,98038
UpdateRouteReq,55590
UpdateRouteReq,40644
UpdateRouteReq,38279
UpdateRouteReq,91453
Error,74915
UpdateRouteReq,45955
Error,82025
Error,46135
UpdateRouteReq,56159
UpdateRouteReq,38945
Error,33423
UpdateRouteReq,45490
UpdateRouteReq,91029
UpdateRouteReq,102982
UpdateRouteReq,46317
UpdateRouteReq,44315
Error,99190
UpdateRouteReq,42695
Error,123007
UpdateRouteReq,59426
UpdateRouteReq,106984
Error,96662
FindNodeReq,96354
UpdateRouteReq,46588
Error,78013
Error,49388
UpdateRouteReq,55535
UpdateRouteReq,57283
UpdateRouteReq,115437
Error,95490
UpdateRouteReq,137376
UpdateRouteReq,61511
UpdateRouteReq,46312
Error,84211
FindNodeReq,105450
Error,84334
UpdateRouteReq,43204
Error,77958
UpdateRouteReq,120281
UpdateRouteReq,128515
Error,85494
Error,48456
UpdateRouteReq,39348
UpdateRouteReq,99730
UpdateRouteReq,78751
Error,104573
UpdateRouteReq,64350
FindNodeReq,100680
UpdateRouteReq,46982
Error,83938
Error,79158
UpdateRouteReq,69097
UpdateRouteReq,39639
UpdateRouteReq,37612
UpdateRouteReq,89494
Error,75753
UpdateRouteReq,46493
Error,94870
Error,45892
UpdateRouteReq,54355
UpdateRouteReq,57173
Error,67579
UpdateRouteReq,91503
FindNodeReq,79604
UpdateRouteReq,46734
Error,86056
Error,98978
UpdateRouteReq,55295
UpdateRouteReq,39607
UpdateRouteReq,39699
UpdateRouteReq,90058
Error,78893
UpdateRouteReq,80706
UpdateRouteReq,69954
Error,84218
Error,60246
UpdateRouteReq,40946
UpdateRouteReq,83751
UpdateRouteReq,109357
UpdateRouteReq,96167
Error,127682
FindNodeReq,140521
UpdateRouteReq,47399
UpdateRouteReq,42934
Error,84886
Error,81810
UpdateRouteReq,72942
UpdateRouteReq,40873
UpdateRouteReq,37743
UpdateRouteReq,89143
Error,75189
UpdateRouteReq,46035
Error,102876
Error,46513
UpdateRouteReq,71652
FindNodeReq,148197
UpdateRouteReq,88536
Error,68691
UpdateRouteReq,76427
UpdateRouteReq,89878
UpdateRouteReq,44967
UpdateRouteReq,43459
Error,81660
Error,94070
UpdateRouteReq,54984
UpdateRouteReq,39867
UpdateRouteReq,107257
Error,92642
FindNodeReq,80182
UpdateRouteReq,45679
Error,84069
Error,63839
UpdateRouteReq,55132
UpdateRouteReq,73533
UpdateRouteReq,122557
Error,89394
UpdateRouteReq,124670
UpdateRouteReq,84544
UpdateRouteReq,44389
Error,100161
Error,81464
UpdateRouteReq,69730
UpdateRouteReq,39678
UpdateRouteReq,105970
Error,92862
FindNodeReq,99097
UpdateRouteReq,44899
Error,78226
Error,45831
UpdateRouteReq,54935
UpdateRouteReq,73353
UpdateRouteReq,122673
Error,106756
UpdateRouteReq,142801
UpdateRouteReq,43740
UpdateRouteReq,45551
Error,86693
Error,94889
UpdateRouteReq,57245
UpdateRouteReq,39659
UpdateRouteReq,37419
UpdateRouteReq,89718
Error,136262
UpdateRouteReq,46992
Error,82863
Error,61735
UpdateRouteReq,53577
UpdateRouteReq,92182
UpdateRouteReq,95747
Error,97112
UpdateRouteReq,87046
UpdateRouteReq,46595
UpdateRouteReq,42959
Error,96922
Error,79004
UpdateRouteReq,70022
UpdateRouteReq,40910
UpdateRouteReq,40320
UpdateRouteReq,89626
Error,83390
UpdateRouteReq,45871
UpdateRouteReq,59727
Error,122641
Error,46173
UpdateRouteReq,53374
UpdateRouteReq,93358
Error,74136
UpdateRouteReq,86570
UpdateRouteReq,63378
UpdateRouteReq,68013
Error,84134
Error,96248
UpdateRouteReq,41387
UpdateRouteReq,40806
UpdateRouteReq,38756
UpdateRouteReq,89794
Error,91760
UpdateRouteReq,45557
Error,85795
Error,68540
UpdateRouteReq,41411
UpdateRouteReq,38905
Error,50488
UpdateRouteReq,132770
UpdateRouteReq,46627
UpdateRouteReq,43744
Error,99622
Error,79215
UpdateRouteReq,56470
UpdateRouteReq,83664
UpdateRouteReq,107851
Error,92370
FindNodeReq,115106
UpdateRouteReq,46790
UpdateRouteReq,42783
Error,83530
Error,45604
UpdateRouteReq,54125
UpdateRouteReq,57131
UpdateRouteReq,114023
Error,94060
UpdateRouteReq,134389
UpdateRouteReq,83125
UpdateRouteReq,45668
Error,84138
Error,98746
UpdateRouteReq,42391
Error,95433
UpdateRouteReq,80130
UpdateRouteReq,44291
Error,77856
Error,60620
UpdateRouteReq,54232
FindNodeReq,75432
UpdateRouteReq,55470
Error,50991
UpdateRouteReq,128837
UpdateRouteReq,47021
Error,98994
Error,80494
UpdateRouteReq,68746
UpdateRouteReq,40390
UpdateRouteReq,38443
UpdateRouteReq,89446
Error,74984
UpdateRouteReq,47659
Error,98972
Error,45815
UpdateRouteReq,41199
UpdateRouteReq,99127
Error,89538
UpdateRouteReq,91307
UpdateRouteReq,129933
UpdateRouteReq,121506
UpdateRouteReq,130004
UpdateRouteReq,45898
FindNodeReq,87714
UpdateRouteReq,44499
Error,81393
FindNodeReq,97656
UpdateRouteReq,41118
Error,122035
UpdateRouteReq,58959
UpdateRouteReq,106878
Error,114572
FindNodeReq,79609
UpdateRouteReq,45841
Error,77636
Error,72547
UpdateRouteReq,55729
UpdateRouteReq,57789
UpdateRouteReq,96670
Error,93391
UpdateRouteReq,132033
UpdateRouteReq,80693
UpdateRouteReq,45596
Error,108864
Error,78688
UpdateRouteReq,118774
Error,174334
UpdateRouteReq,145377
UpdateRouteReq,167424
UpdateRouteReq,130724
UpdateRouteReq,144953
UpdateRouteReq,109529
UpdateRouteReq,118891
Error,92462
Error,91353
Error,91329
Error,117302
FindNodeReq,96290
Error,48275
Error,48467
Error,45803
Error,30960
UpdateRouteReq,57193
UpdateRouteReq,104555
UpdateRouteReq,78508
Error,106746
UpdateRouteReq,88288
FindNodeReq,132282
FindNodeReq,75851
UpdateRouteReq,47570
Error,91165
Error,94337
UpdateRouteReq,56147
UpdateRouteReq,39579
UpdateRouteReq,37261
UpdateRouteReq,91331
Error,83295
UpdateRouteReq,60975
Error,80298
Error,48655
UpdateRouteReq,55255
UpdateRouteReq,57567
Error,79006
UpdateRouteReq,64255
FindNodeReq,79954
UpdateRouteReq,44580
UpdateRouteReq,42909
Error,83525
Error,94958
UpdateRouteReq,54623
UpdateRouteReq,39112
UpdateRouteReq,37779
UpdateRouteReq,90834
Error,90923
UpdateRouteReq,45732
Error,84678
Error,63938
UpdateRouteReq,54795
UpdateRouteReq,73254
UpdateRouteReq,76952
Error,77951
UpdateRouteReq,108401
UpdateRouteReq,63127
Error,106512
FindNodeReq,120037
UpdateRouteReq,123844
Error,82533
UpdateRouteReq,57939
Error,81463
UpdateRouteReq,41237
UpdateRouteReq,89674
Error,83395
UpdateRouteReq,45916
UpdateRouteReq,61155
Error,71113
UpdateRouteReq,40665
Error,77017
FindNodeReq,112991
UpdateRouteReq,44727
Error,83326
Error,95956
UpdateRouteReq,54610
UpdateRouteReq,40090
UpdateRouteReq,40641
UpdateRouteReq,89538
Error,90440
UpdateRouteReq,47192
Error,83608
Error,62033
UpdateRouteReq,40491
UpdateRouteReq,58954
Error,68214
UpdateRouteReq,119529
UpdateRouteReq,124293
UpdateRouteReq,165244
UpdateRouteReq,85904
Error,147285
UpdateRouteReq,58489
Error,119653
UpdateRouteReq,60299
UpdateRouteReq,40991
FindNodeReq,91420
UpdateRouteReq,80673
UpdateRouteReq,117655
Error,97238
FindNodeReq,81398
UpdateRouteReq,47727
Error,89496
UpdateRouteReq,42307
Error,93252
UpdateRouteReq,117258
Error,113621
UpdateRouteReq,154440
UpdateRouteReq,102678
UpdateRouteReq,44867
Error,101316
Error,81224
UpdateRouteReq,41818
FindNodeReq,101808
UpdateRouteReq,103907
UpdateRouteReq,111009
Error,134292
FindNodeReq,219488
UpdateRouteReq,47879
UpdateRouteReq,42893
Error,88134
Error,47929
UpdateRouteReq,57298
UpdateRouteReq,57490
UpdateRouteReq,116970
Error,113738
UpdateRouteReq,153596
UpdateRouteReq,47415
UpdateRouteReq,90305
Error,86934
Error,101753
UpdateRouteReq,42979
Error,147964
UpdateRouteReq,42021
UpdateRouteReq,93244
Error,85851
UpdateRouteReq,63910
Error,45047
UpdateRouteReq,42901
Error,76442
FindNodeReq,124295
UpdateRouteReq,128466
Error,86828
Error,80657
UpdateRouteReq,69648
FindNodeReq,78560
UpdateRouteReq,53748
UpdateRouteReq,74093
UpdateRouteReq,90046
UpdateRouteReq,45249
Error,79204
UpdateRouteReq,47887
Error,99438
Error,46032
UpdateRouteReq,54474
UpdateRouteReq,100654
Error,76489
UpdateRouteReq,64834
FindNodeReq,118405
UpdateRouteReq,46599
Error,88546
Error,103068
UpdateRouteReq,55218
UpdateRouteReq,39495
UpdateRouteReq,37691
UpdateRouteReq,89550
Error,91577
UpdateRouteReq,45754
Error,82830
Error,60910
UpdateRouteReq,57081
UpdateRouteReq,39447
Error,51241
UpdateRouteReq,80905
UpdateRouteReq,84945
Error,102358
Error,79394
UpdateRouteReq,70492
UpdateRouteReq,40704
UpdateRouteReq,78057
UpdateRouteReq,111472
Error,77842
FindNodeReq,126053
UpdateRouteReq,115589
Error,84704
Error,49754
UpdateRouteReq,54478
UpdateRouteReq,129297
UpdateRouteReq,131601
Error,133095
UpdateRouteReq,174334
UpdateRouteReq,62303
UpdateRouteReq,45030
UpdateRouteReq,43403
Error,80113
Error,119463
UpdateRouteReq,107242
UpdateRouteReq,84913
UpdateRouteReq,140917
Error,117547
FindNodeReq,82751
UpdateRouteReq,44783
UpdateRouteReq,43352
Error,84690
Error,68411
UpdateRouteReq,55449
UpdateRouteReq,57919
UpdateRouteReq,98296
Error,95546
UpdateRouteReq,134441
UpdateRouteReq,61519
UpdateRouteReq,45314
Error,103900
Error,86600
UpdateRouteReq,73446
Error,79778
UpdateRouteReq,85859
Error,78894
FindNodeReq,97383
UpdateRouteReq,45535
Error,46439
UpdateRouteReq,53365
UpdateRouteReq,99750
Error,75769
UpdateRouteReq,88438
FindNodeReq,98276
UpdateRouteReq,103388
UpdateRouteReq,42776
UpdateRouteReq,62791
UpdateRouteReq,67623
Error,84738
Error,99403
UpdateRouteReq,55165
UpdateRouteReq,39848
UpdateRouteReq,37851
UpdateRouteReq,90498
Error,91723
UpdateRouteReq,45479
Error,85119
Error,63655
UpdateRouteReq,40695
UpdateRouteReq,76978
Error,103720
UpdateRouteReq,88951
FindNodeReq,136069
UpdateRouteReq,44431
Error,79860
Error,93118
UpdateRouteReq,54435
UpdateRouteReq,41550
UpdateRouteReq,39755
UpdateRouteReq,91491
Error,141611
UpdateRouteReq,46974
UpdateRouteReq,45163
Error,85086
Error,62275
FindNodeReq,121486
UpdateRouteReq,40930
UpdateRouteReq,76900
Error,103341
UpdateRouteReq,86260
FindNodeReq,87255
UpdateRouteReq,47499
UpdateRouteReq,42362
Error,82922
Error,100185
UpdateRouteReq,55162
UpdateRouteReq,39259
UpdateRouteReq,38087
UpdateRouteReq,90068
Error,92550
UpdateRouteReq,45986
UpdateRouteReq,43230
Error,84749
Error,61741
UpdateRouteReq,42393
UpdateRouteReq,76507
Error,103408
UpdateRouteReq,87934
FindNodeReq,109354
UpdateRouteReq,47387
UpdateRouteReq,42835
Error,81327
Error,96607
UpdateRouteReq,40996
UpdateRouteReq,41581
UpdateRouteReq,38033
UpdateRouteReq,90553
Error,76614
UpdateRouteReq,71551
Error,85554
Error,47043
UpdateRouteReq,56083
UpdateRouteReq,77422
Error,103846
UpdateRouteReq,86915
FindNodeReq,103760
UpdateRouteReq,44524
Error,81118
Error,96056
Error,95433
UpdateRouteReq,69546
Error,113866
UpdateRouteReq,93726
UpdateRouteReq,129681
Error,110788
UpdateRouteReq,152803
Error,49450
UpdateRouteReq,46744
UpdateRouteReq,45407
Error,84710
Error,102663
UpdateRouteReq,58026
UpdateRouteReq,40079
Error,97012
UpdateRouteReq,86398
UpdateRouteReq,87138
Error,83049
Error,63234
UpdateRouteReq,54217
UpdateRouteReq,92326
UpdateRouteReq,96290
Error,97474
UpdateRouteReq,87326
UpdateRouteReq,46801
UpdateRouteReq,42671
Error,98274
Error,81111
UpdateRouteReq,56569
UpdateRouteReq,40075
UpdateRouteReq,40288
UpdateRouteReq,90866
Error,75310
UpdateRouteReq,47819
Error,84138
FindNodeReq,94269
Error,48308
UpdateRouteReq,56971
Error,100901
UpdateRouteReq,87018
UpdateRouteReq,95328
FindNodeReq,78374
UpdateRouteReq,93238
UpdateRouteReq,86450
UpdateRouteReq,46327
UpdateRouteReq,42579
Error,115626
FindNodeReq,159988
Error,105017
UpdateRouteReq,58263
UpdateRouteReq,57258
UpdateRouteReq,59757
UpdateRouteReq,91966
Error,74693
UpdateRouteReq,47119
Error,84974
Error,48707
UpdateRouteReq,57038
UpdateRouteReq,39131
Error,50435
UpdateRouteReq,87859
UpdateRouteReq,59804
Error,103530
Error,79047
UpdateRouteReq,39856
UpdateRouteReq,40159
UpdateRouteReq,94820
UpdateRouteReq,130126
Error,81122
FindNodeReq,129577
UpdateRouteReq,134408
Error,85189
Error,47583
UpdateRouteReq,53946
Error,69357
UpdateRouteReq,55088
UpdateRouteReq,89571
UpdateRouteReq,129889
UpdateRouteReq,45951
UpdateRouteReq,43627
Error,79820
Error,98410
UpdateRouteReq,40897
UpdateRouteReq,39387
UpdateRouteReq,107602
Error,115110
FindNodeReq,83660
UpdateRouteReq,45995
UpdateRouteReq,42459
Error,85307
Error,63499
UpdateRouteReq,54303
Error,65035
UpdateRouteReq,67179
UpdateRouteReq,75082
UpdateRouteReq,88698
UpdateRouteReq,45467
Error,86185
UpdateRouteReq,45450
Error,82354
UpdateRouteReq,41737
Error,137479
UpdateRouteReq,66254
UpdateRouteReq,69966
Error,85995
Error,47470
UpdateRouteReq,40639
UpdateRouteReq,82932
Error,54115
UpdateRouteReq,58878
UpdateRouteReq,90867
UpdateRouteReq,87135
UpdateRouteReq,45204
UpdateRouteReq,43285
Error,83974
Error,95302
UpdateRouteReq,39351
UpdateRouteReq,39327
UpdateRouteReq,108157
Error,145447
FindNodeReq,99064
UpdateRouteReq,47159
Error,85051
Error,47894
UpdateRouteReq,54467
UpdateRouteReq,116233
UpdateRouteReq,122485
Error,90918
UpdateRouteReq,124014
UpdateRouteReq,60190
UpdateRouteReq,44353
Error,81282
Error,97234
UpdateRouteReq,39998
UpdateRouteReq,40221
UpdateRouteReq,107903
Error,93318
FindNodeReq,83250
FindNodeReq,97426
UpdateRouteReq,101787
Error,82036
Error,45348
UpdateRouteReq,71600
UpdateRouteReq,74006
UpdateRouteReq,123745
Error,72922
UpdateRouteReq,107703
UpdateRouteReq,61343
UpdateRouteReq,45006
Error,97718
Error,81150
UpdateRouteReq,77486
UpdateRouteReq,39372
UpdateRouteReq,106857
Error,108302
FindNodeReq,100240
Error,85657
UpdateRouteReq,46166
UpdateRouteReq,89669
Error,44900
UpdateRouteReq,69599
PathTeardownReq,102827
UpdateRouteReq,163877
Error,227781
UpdateRouteReq,236787
UpdateRouteReq,243594
UpdateRouteReq,279080
UpdateRouteReq,103061
UpdateRouteReq,47088
UpdateRouteReq,58799
PathSetupReq,57633
Error,80011
Error,97658
UpdateRouteReq,60783
UpdateRouteReq,62831
UpdateRouteReq,40490
UpdateRouteReq,235856
UpdateRouteReq,141619
Error,208836
FindNodeReq,270713
UpdateRouteReq,230131
UpdateRouteReq,266476
UpdateRouteReq,252784
UpdateRouteReq,333547
UpdateRouteReq,386295
UpdateRouteReq,81318
UpdateRouteReq,116718
UpdateRouteReq,43346
Error,83314
UpdateRouteReq,101245
UpdateRouteReq,125044
UpdateRouteReq,132497
UpdateRouteReq,40775
UpdateRouteReq,47455
Error,124179
UpdateRouteReq,130646
UpdateRouteReq,110396
UpdateRouteReq,112674
UpdateRouteReq,151517
UpdateRouteReq,46949
Error,122241
Error,79260
Error,75225
Error,102649
Error,96240
UpdateRouteReq,42023
UpdateRouteReq,54975
UpdateRouteReq,56945
UpdateRouteReq,98292
Error,67699
Error,174389
UpdateRouteReq,180020
Error,211024
Error,108613
Error,107413
UpdateRouteReq,117446
UpdateRouteReq,158032
Error,157941
UpdateRouteReq,166448
Error,147876
UpdateRouteReq,156641
UpdateRouteReq,165752
UpdateRouteReq,173280
Error,67478
Error,65034
Error,67053
UpdateRouteReq,48219
FindNodeRsp,66134
Error,47255
Error,44997
Error,32263
Error,31289
UpdateRouteReq,73175
Error,139784
Error,113329
Error,178142
Error,107893
Error,120966
Error,49611
Error,46498
Error,47119
Error,44461
UpdateRouteReq,56138
UpdateRouteReq,40136
Error,92294
UpdateRouteReq,83566
UpdateRouteReq,86278
Error,88761
Error,116383
FindNodeReq,154548
UpdateRouteReq,57239
UpdateRouteReq,85453
UpdateRouteReq,108919
Error,98314
FindNodeReq,85405
UpdateRouteReq,45494
UpdateRouteReq,42695
Error,85764
Error,63115
UpdateRouteReq,72948
UpdateRouteReq,101456
UpdateRouteReq,131448
Error,112448
UpdateRouteReq,152796
UpdateRouteReq,85938
UpdateRouteReq,63506
Error,86094
Error,93912
UpdateRouteReq,42853
UpdateRouteReq,83522
Error,79322
UpdateRouteReq,89997
Error,84509
Error,47633
UpdateRouteReq,57393
Error,121250
FindNodeReq,227703
UpdateRouteReq,344334
UpdateRouteReq,101070
Error,101085
UpdateRouteReq,131285
UpdateRouteReq,191167
UpdateRouteReq,141923
FindNodeReq,233556
Error,95588
UpdateRouteReq,66915
UpdateRouteReq,69482
UpdateRouteReq,75675
UpdateRouteReq,112186
UpdateRouteReq,46847
Error,97318
Error,179445
UpdateRouteReq,184326
UpdateRouteReq,248587
Error,96904
Error,92126
UpdateRouteReq,47489
Error,138613
Error,180228
FindNodeReq,113781
Error,153989
UpdateRouteReq,164336
Error,106421
Error,143685
Error,96085
Error,78954
UpdateRouteReq,68010
Error,49154
Error,35412
UpdateRouteReq,43948
UpdateRouteReq,62873
UpdateRouteReq,64600
UpdateRouteReq,100622
Error,152980
Error,34905
Error,48059
Error,46367
Error,45835
Error,44137
Error,46934
Error,45359
UpdateRouteReq,45319
UpdateRouteReq,76723
UpdateRouteReq,80830
UpdateRouteReq,69979
Error,98334
Error,48881
Error,46481
Error,44587
Error,43253
Error,94866
Error,92769
Error,266012
FindNodeReq,237443
FindNodeReq,274734
UpdateRouteReq,398565
UpdateRouteReq,427946
UpdateRouteReq,435921
UpdateRouteReq,155562
UpdateRouteReq,265402
UpdateRouteReq,248188
UpdateRouteReq,349413
UpdateRouteReq,239309
UpdateRouteReq,105685
UpdateRouteReq,153096
FindNodeReq,94836
UpdateRouteReq,34445
UpdateRouteReq,31192
UpdateRouteReq,42614
UpdateRouteReq,29500
UpdateRouteReq,33812
UpdateRouteReq,95640
UpdateRouteReq,85451
UpdateRouteReq,115166
UpdateRouteReq,35269
UpdateRouteReq,33613
UpdateRouteReq,30751
UpdateRouteReq,28759
UpdateRouteReq,60647
UpdateRouteReq,64804
UpdateRouteReq,66755
UpdateRouteReq,40368
FindNodeReq,93649
Error,124567
Error,154378
UpdateRouteReq,60999
UpdateRouteReq,62081
UpdateRouteReq,41017
UpdateRouteReq,121334
PathSetupReq,123043
Error,71220
Error,70961
Error,53571
UpdateRouteReq,31626
UpdateRouteReq,69779
UpdateRouteReq,71873
UpdateRouteReq,100280
Error,68081
UpdateRouteReq,34571
Error,61790
Error,76810
UpdateRouteReq,34975
UpdateRouteReq,62342
FindNodeReq,71920
Error,57614
Error,75033
Error,102963
UpdateRouteReq,88055
UpdateRouteReq,78848
UpdateRouteReq,85614
Error,74705
Error,80838
UpdateRouteReq,42598
UpdateRouteReq,56659
UpdateRouteReq,59367
UpdateRouteReq,74912
UpdateRouteReq,55548
Error,89225
Error,122498
UpdateRouteReq,53501
UpdateRouteReq,39636
UpdateRouteReq,80427
UpdateRouteReq,113659
Error,116057
Error,148598
Error,185550
Error,78650
Error,61285
Error,60068
Error,29526
Error,27207
UpdateRouteReq,39901
Error,106463
FindNodeReq,72167
Error,30546
Error,28301
UpdateRouteReq,36519
Error,28633
Error,39819
Error,38331
Error,27823
UpdateRouteReq,40808
Error,29856
Error,40941
Error,39312
Error,116398
Error,104004
Error,90751
Error,116447
Error,127720
UpdateRouteReq,133436
UpdateRouteReq,181136
Error,69833
Error,55244
Error,49372
UpdateRouteReq,230661
UpdateRouteReq,103402
UpdateRouteReq,129609
UpdateRouteReq,151380
UpdateRouteReq,169036
UpdateRouteReq,212080
FindNodeReq,127391
UpdateRouteReq,136243
UpdateRouteReq,34623
UpdateRouteReq,62108
UpdateRouteReq,47350
UpdateRouteReq,46795
UpdateRouteReq,49131
UpdateRouteReq,62139
UpdateRouteReq,35251
UpdateRouteReq,82464
UpdateRouteReq,135470
UpdateRouteReq,205800
UpdateRouteReq,212977
UpdateRouteReq,263548
FindNodeReq,297093
UpdateRouteReq,70733
UpdateRouteReq,95652
UpdateRouteReq,72673
Error,72849
Error,57118
UpdateRouteReq,47614
UpdateRouteReq,31799
UpdateRouteReq,73754
UpdateRouteReq,35661
UpdateRouteReq,32722
UpdateRouteReq,56599
UpdateRouteReq,84267
Error,71913
Error,54291
UpdateRouteReq,46050
Error,71051
Error,58563
UpdateRouteReq,57883
Error,60153
Error,73991
Error,65732
Error,84424
UpdateRouteReq,88800
Error,59607
FindNodeReq,72476
Error,58066
Error,70981
Error,57610
Error,52427
Error,24699
UpdateRouteReq,51252
UpdateRouteReq,51692
UpdateRouteReq,72480
Error,52159
Error,24879
Error,22305
UpdateRouteReq,62454
UpdateRouteReq,65024
UpdateRouteReq,70342
UpdateRouteReq,72233
Error,35326
Error,34051
UpdateRouteReq,32717
UpdateRouteReq,58750
UpdateRouteReq,60663
UpdateRouteReq,40275
Error,37159
Error,34901
Error,24417
Error,35089
Error,33426
Error,53546
Error,52975
Error,54663
Error,85731
UpdateRouteReq,90446
UpdateRouteReq,134277
FindNodeReq,80070
Error,80505
Error,37455
Error,35565
UpdateRouteReq,34167
UpdateRouteReq,74082
UpdateRouteReq,53788
UpdateRouteReq,80639
UpdateRouteReq,94458
UpdateRouteReq,117399
Error,134839
UpdateRouteReq,53229
UpdateRouteReq,81648
UpdateRouteReq,72305
UpdateRouteReq,48951
FindNodeReq,140821
UpdateRouteReq,29427
UpdateRouteReq,33008
UpdateRouteReq,31296
UpdateRouteReq,40621
UpdateRouteReq,34653
PathTeardownReq,38533
UpdateRouteReq,72296
UpdateRouteReq,72292
Error,66737
PathSetupReq,48809
PathTeardownReq,35492
UpdateRouteReq,29471
UpdateRouteReq,31254
UpdateRouteReq,90724
UpdateRouteReq,44085
UpdateRouteReq,31806
UpdateRouteReq,40581
UpdateRouteReq,31111
UpdateRouteReq,29036
PathSetupReq,23619
UpdateRouteReq,28877
UpdateRouteReq,31723
UpdateRouteReq,169292
UpdateRouteReq,29371
PathSetupReq,23593
UpdateRouteReq,31171
Error,66492
Error,93113
Error,58073
Error,46119
Error,45201
Error,64909
UpdateRouteReq,92943
FindNodeReq,74763
UpdateRouteReq,40024
Error,25452
Error,32879
Error,31017
FindNodeReq,54541
UpdateRouteReq,39867
UpdateRouteReq,41794
UpdateRouteReq,28191
UpdateRouteReq,29759
Error,54224
FindNodeReq,71634
UpdateRouteReq,34616
UpdateRouteReq,33031
FindNodeReq,71076
Error,74462
Error,61399
Error,58937
Error,35991
UpdateRouteReq,41381
Error,67239
UpdateRouteReq,68637
Error,69404
UpdateRouteReq,95281
UpdateRouteReq,34117
UpdateRouteReq,31135
Error,62516
Error,80870
UpdateRouteReq,30892
Error,59032
UpdateRouteReq,69182
Error,60655
FindNodeReq,68959
UpdateRouteReq,33246
Error,33845
UpdateRouteReq,29696
Error,55933
UpdateRouteReq,33473
Error,61966
Error,74978
UpdateRouteReq,30348
Error,69813
FindNodeReq,76504
UpdateRouteReq,68366
Error,62156
FindNodeReq,60242
UpdateRouteReq,34036
Error,34408
UpdateRouteReq,30299
Error,43094
UpdateRouteReq,34883
UpdateRouteReq,81284
UpdateRouteReq,33318
Error,62884
UpdateRouteReq,34218
Error,75016
UpdateRouteReq,40264
UpdateRouteReq,42944
UpdateRouteReq,68844
UpdateRouteReq,93927
Error,58725
FindNodeReq,73137
UpdateRouteReq,32559
Error,66059
Error,26243
UpdateRouteReq,28788
Error,24236
UpdateRouteReq,33820
UpdateRouteReq,34721
UpdateRouteReq,36717
Error,64385
UpdateRouteReq,29759
Error,62893
FindNodeReq,77454
UpdateRouteReq,33627
Error,61816
UpdateRouteReq,33585
Error,61686
UpdateRouteReq,53407
Error,35208
UpdateRouteReq,74880
Error,75420
UpdateRouteReq,33355
UpdateRouteReq,34217
Error,76674
Error,73451
UpdateRouteReq,31001
Error,57859
UpdateRouteReq,34477
UpdateRouteReq,32570
Error,63012
Error,34025
FindNodeReq,71917
UpdateRouteReq,30786
Error,55543
UpdateRouteReq,34013
Error,62559
Error,70701
UpdateRouteReq,30272
FindNodeReq,104912
Error,59923
UpdateRouteReq,33188
Error,61222
FindNodeReq,67838
UpdateRouteReq,33896
UpdateRouteReq,29119
Error,48518
Error,71885
FindNodeReq,82147
UpdateRouteReq,33479
Error,58279
Error,70417
UpdateRouteReq,29467
UpdateRouteReq,30476
UpdateRouteReq,27500
UpdateRouteReq,66878
Error,58407
FindNodeReq,67974
UpdateRouteReq,34593
Error,61865
Error,34979
UpdateRouteReq,39659
UpdateRouteReq,55433
Error,52699
UpdateRouteReq,95022
UpdateRouteReq,38617
UpdateRouteReq,31450
Error,63952
Error,62462
UpdateRouteReq,53428
Error,60789
FindNodeReq,100992
UpdateRouteReq,121211
UpdateRouteReq,62380
Error,57815
Error,38442
UpdateRouteReq,28631
UpdateRouteReq,67649
Error,52364
UpdateRouteReq,95391
UpdateRouteReq,34161
UpdateRouteReq,31572
Error,62950
Error,70681
UpdateRouteReq,29878
Error,73152
UpdateRouteReq,34763
UpdateRouteReq,31169
UpdateRouteReq,33389
Error,58731
FindNodeReq,69538
UpdateRouteReq,34107
Error,38259
UpdateRouteReq,29904
Error,57439
UpdateRouteReq,34268
Error,63595
Error,76548
UpdateRouteReq,35342
Error,58839
UpdateRouteReq,69484
Error,61557
FindNodeReq,71006
UpdateRouteReq,34123
Error,34109
UpdateRouteReq,29264
Error,55613
UpdateRouteReq,34048
Error,62862
Error,64994
UpdateRouteReq,29792
Error,71932
UpdateRouteReq,67353
Error,62190
FindNodeReq,57730
UpdateRouteReq,34201
UpdateRouteReq,29620
Error,33551
UpdateRouteReq,57422
Error,78090
UpdateRouteReq,34205
UpdateRouteReq,32879
UpdateRouteReq,33674
UpdateRouteReq,31492
Error,60133
Error,72934
UpdateRouteReq,30345
UpdateRouteReq,30329
UpdateRouteReq,27427
UpdateRouteReq,67363
Error,58466
FindNodeReq,61319
UpdateRouteReq,33435
Error,62456
Error,35009
UpdateRouteReq,28799
UpdateRouteReq,54179
Error,51744
UpdateRouteReq,33962
UpdateRouteReq,33575
UpdateRouteReq,30840
Error,61269
UpdateRouteReq,29798
UpdateRouteReq,30369
UpdateRouteReq,27549
UpdateRouteReq,79780
Error,76522
UpdateRouteReq,33923
UpdateRouteReq,33122
Error,58697
Error,70113
UpdateRouteReq,30413
FindNodeReq,71711
UpdateRouteReq,33284
UpdateRouteReq,31107
UpdateRouteReq,65987
Error,35723
QueryRouteReq,77149
PathSetupReq,45753
PathTeardownReq,44289
UpdateRouteReq,44331
FindNodeReq,78578
PathSetupReq,38599
PathTeardownReq,65299
UpdateRouteReq,66323
UpdateRouteReq,70301
PathSetupReq,30488
PathTeardownReq,26521
FindNodeReq,54324
UpdateRouteReq,48206
UpdateRouteReq,50841
PathSetupReq,48014
UpdateRouteReq,51375
UpdateRouteReq,60697
UpdateRouteReq,51383
PathTeardownReq,50414
FindNodeReq,81816
FindNodeReq,58077
UpdateRouteReq,31229
UpdateRouteReq,27735
FindNodeReq,59991
UpdateRouteReq,32019
PathSetupReq,36090
UpdateRouteReq,38995
UpdateRouteReq,29113
UpdateRouteReq,48006
UpdateRouteReq,30269
UpdateRouteReq,31252
PathTeardownReq,26128
Error,115937
FindNodeReq,68285
UpdateRouteReq,44868
PathSetupReq,42055
UpdateRouteReq,32304
PathSetupReq,23393
UpdateRouteReq,29341
PathTeardownReq,24984
PathSetupReq,22498
FindNodeReq,65742
FindNodeReq,87326
Error,56533
UpdateRouteReq,31346
PathTeardownReq,54962
PathSetupReq,112411
PathTeardownReq,24074
Error,39393
UpdateRouteReq,57463
PathSetupReq,54370
UpdateRouteReq,61013
PathTeardownReq,22902
UpdateRouteReq,46784
PathSetupReq,43850
UpdateRouteReq,41863
UpdateRouteReq,45058
UpdateRouteReq,31332
UpdateRouteReq,30250
UpdateRouteReq,28718
UpdateRouteReq,31194
UpdateRouteReq,29443
UpdateRouteReq,70068
FindNodeReq,172276
FindNodeRsp,90174
UpdateRouteReq,47819
UpdateRouteReq,198614
UpdateRouteReq,99478
UpdateRouteReq,128143
UpdateRouteReq,74871
UpdateRouteReq,45555
FindNodeReq,162356
UpdateRouteReq,44426
UpdateRouteReq,81310
Error,203735
UpdateRouteReq,335378
UpdateRouteReq,73460
UpdateRouteReq,51008
UpdateRouteReq,41975
UpdateRouteReq,45325
UpdateRouteReq,53358
UpdateRouteReq,103623
UpdateRouteReq,54039
Error,131929
UpdateRouteReq,117141
FindNodeRsp,62366
FindNodeReq,195110
FindNodeRsp,86969
PathSetupReq,163831
PathSetupReq,48834
FindNodeReq,155770
PNDiscReq,178812
FindNodeReq,154962
FindNodeRsp,83423
FindNodeReq,222301
FindNodeRsp,82953
FindNodeRsp,84820
FindNodeRsp,75015
FindNodeRsp,76442
FindNodeReq,155251
FindNodeRsp,86498
PNHello,124003
PNDiscRsp,69023
FindNodeRsp,92116
FindNodeReq,154828
UpdateRouteReq,80722
FindNodeRsp,96217
FindNodeRsp,78353
FindNodeRsp,96216
FindNodeReq,155937
FindNodeReq,154837
FindNodeRsp,96934
FindNodeRsp,94365
FindNodeRsp,94003
FindNodeRsp,96428
FindNodeReq,95433
FindNodeReq,156886
FindNodeReq,122752
FindNodeReq,154208
FindNodeRsp,95950
PathSetupReq,182970
PathSetupReq,153008
FindNodeReq,110402
FindNodeRsp,97856
FindNodeReq,157155
FindNodeRsp,95494
FindNodeReq,193383
FindNodeRsp,95278
FindNodeReq,156965
FindNodeRsp,94322
FindNodeRsp,93838
FindNodeRsp,97394
FindNodeRsp,95189
FindNodeReq,160855
FindNodeRsp,95615
FindNodeReq,156158
FindNodeRsp,96794
PNDiscReq,116459
FindNodeRsp,95778
FindNodeRsp,97637
FindNodeRsp,97904
FindNodeRsp,94031
FindNodeReq,158688
FindNodeRsp,96454
FindNodeReq,158239
FindNodeReq,157218
FindNodeRsp,83924
PNHello,125015
PNDiscRsp,65740
FindNodeReq,157740
FindNodeRsp,93276
FindNodeRsp,81138
FindNodeReq,157787
FindNodeReq,157116
PathSetupReq,71313
PathSetupReq,54902
FindNodeRsp,96422
FindNodeRsp,92868
FindNodeRsp,91967
Error,40219
FindNodeReq,156111
FindNodeRsp,90736
FindNodeRsp,83051
FindNodeReq,155800
UpdateRouteReq,294066
FindNodeRsp,107657
FindNodeReq,154076
FindNodeRsp,94542
FindNodeRsp,92387
FindNodeReq,153972
FindNodeRsp,91105
FindNodeReq,154353
FindNodeReq,153824
FindNodeRsp,86799
FindNodeRsp,86680
FindNodeReq,238383
FindNodeReq,346751
UpdateRouteReq,193816
FindNodeReq,149136
Error,181181
UpdateRouteReq,170949
Error,71320
Error,76444
Error,107346
Error,70958
Error,82395
Error,78871
Error,110370
Error,80156
Error,79303
Error,111875
Error,82516
Error,53301
Error,55634
Error,56218
Error,107494
Error,73702
UpdateRouteReq,43953
Error,77986
Error,72214
Error,71642
Error,73394
Error,71038
Error,73295
Error,43279
Error,42363
FindNodeRsp,85678
FindNodeRsp,57550
FindNodeReq,146587
FindNodeReq,148297
UpdateRouteReq,65952
FindNodeRsp,52159
FindNodeReq,138201
FindNodeReq,87649
FindNodeRsp,39141
FindNodeReq,79078
FindNodeReq,69713
FindNodeReq,69123
FindNodeReq,138286
Error,65140
Error,33979
Error,47211
Error,150666
Error,77660
Error,77362
Error,76143
UpdateRouteReq,65881
UpdateRouteReq,89547
Error,78694
Error,86266
UpdateRouteReq,87554
Error,66781
Error,70950
Error,66847
Error,41413
Error,38401
FindNodeRsp,50017
FindNodeReq,148875
UpdateRouteReq,42330
FindNodeReq,138020
UpdateRouteReq,63911
FindNodeReq,137714
FindNodeReq,85884
FindNodeReq,97206
FindNodeReq,70942
FindNodeRsp,42623
FindNodeReq,138427
FindNodeReq,138773
Error,104626
Error,81307
Error,83091
Error,40759
Error,51465
Error,36000
Error,27053
FindNodeReq,147112
Error,114417
Error,78442
UpdateRouteReq,64338
UpdateRouteReq,59942
Error,111367
Error,125003
UpdateRouteReq,131013
Error,76509
Error,71785
UpdateRouteReq,43631
Error,71857
Error,69922
Error,70246
Error,42664
Error,43526
FindNodeRsp,55959
UpdateRouteReq,71823
FindNodeReq,138359
UpdateRouteReq,65627
FindNodeRsp,50534
FindNodeReq,139513
Error,104550
Error,79303
Error,76050
Error,40002
Error,51525
Error,30514
Error,27565
UpdateRouteReq,52371
UpdateRouteReq,93022
FindNodeRsp,56979
UpdateRouteReq,45626
Error,112373
Error,86272
Error,82538
Error,44835
Error,32155
UpdateRouteReq,65411
FindNodeRsp,50170
FindNodeReq,137443
FindNodeReq,139008
FindNodeRsp,50986
FindNodeRsp,53745
FindNodeReq,136657
FindNodeReq,137379
Error,34884
Error,45951
Error,92527
UpdateRouteReq,70756
UpdateRouteReq,65242
Error,90165
Error,125974
UpdateRouteReq,42271
Error,76375
Error,92298
UpdateRouteReq,93446
Error,72793
Error,71417
Error,70877
Error,43163
Error,44114
Error,49973
Error,30821
Error,112909
Error,110850
UpdateRouteReq,118518
UpdateRouteReq,64455
Error,68866
Error,76031
Error,76179
Error,38540
Error,29736
FindNodeReq,143352
FindNodeRsp,50995
FindNodeRsp,49777
FindNodeReq,138152
FindNodeRsp,51861
FindNodeRsp,53747
FindNodeReq,168296
FindNodeReq,137295
FindNodeRsp,53725
FindNodeReq,137819
FindNodeRsp,53111
FindNodeReq,137574
FindNodeReq,139495
FindNodeRsp,54073
FindNodeRsp,53508
FindNodeReq,140101
FindNodeReq,138725
FindNodeRsp,53678
FindNodeReq,136747
FindNodeReq,138442
FindNodeRsp,53503
FindNodeRsp,54163
FindNodeRsp,54407
FindNodeReq,137234
FindNodeRsp,49730
FindNodeRsp,50493
FindNodeReq,81531
FindNodeRsp,54808
FindNodeRsp,58502
PathSetupReq,64163
PathSetupReq,49808
FindNodeRsp,53892
FindNodeReq,138664
FindNodeRsp,49476
FindNodeReq,81478
PNDiscReq,125987
FindNodeRsp,49566
FindNodeReq,170144
FindNodeRsp,61695
FindNodeRsp,54632
FindNodeReq,136957
FindNodeReq,86374
FindNodeRsp,52437
FindNodeReq,141098
FindNodeReq,137853
FindNodeRsp,50047
FindNodeReq,137563
FindNodeRsp,50458
FindNodeReq,138417
FindNodeReq,137221
FindNodeRsp,53640
FindNodeReq,138175
FindNodeRsp,53943
FindNodeReq,137978
FindNodeReq,90056
FindNodeRsp,49574
FindNodeRsp,54464
FindNodeRsp,61122
FindNodeRsp,56362
FindNodeReq,154256
FindNodeReq,187860
FindNodeRsp,37761
FindNodeReq,78257
PNHello,126032
PNDiscRsp,86385
FindNodeRsp,55941
FindNodeRsp,56027
FindNodeRsp,54542
FindNodeReq,141861
FindNodeRsp,62620
FindNodeReq,175166
FindNodeRsp,54959
FindNodeReq,80084
FindNodeRsp,56213
FindNodeReq,141091
FindNodeReq,89830
FindNodeRsp,56615
FindNodeReq,156817
FindNodeReq,193332
FindNodeRsp,56374
FindNodeRsp,57211
FindNodeReq,138782
FindNodeRsp,57079
FindNodeReq,140891
FindNodeRsp,56613
FindNodeRsp,60307
FindNodeRsp,57101
FindNodeReq,140162
FindNodeReq,95536
FindNodeReq,137744
FindNodeRsp,53242
FindNodeReq,140507
FindNodeReq,85154
FindNodeRsp,55361
FindNodeRsp,57131
FindNodeReq,141464
FindNodeRsp,52535
FindNodeReq,139693
FindNodeReq,139137
FindNodeRsp,55862
FindNodeReq,80010
FindNodeRsp,57779
FindNodeReq,140042
FindNodeRsp,55640
FindNodeReq,138126
FindNodeReq,140666
FindNodeRsp,57382
FindNodeReq,139643
FindNodeRsp,60929
FindNodeReq,139801
FindNodeReq,105224
FindNodeRsp,56644
FindNodeRsp,60648
FindNodeReq,140237
FindNodeRsp,60719
FindNodeRsp,57732
FindNodeReq,138549
FindNodeRsp,60559
FindNodeReq,143297
FindNodeReq,139117
FindNodeReq,139435
FindNodeRsp,58733
FindNodeReq,140164
FindNodeRsp,60784
FindNodeReq,140803
FindNodeReq,142273
FindNodeRsp,57294
FindNodeReq,80070
FindNodeRsp,57889
FindNodeReq,141393
FindNodeReq,90768
FindNodeRsp,57226
FindNodeReq,140044
FindNodeRsp,58362
FindNodeReq,143037
FindNodeRsp,53327
FindNodeReq,84344
FindNodeRsp,51591
FindNodeReq,138602
FindNodeReq,89762
FindNodeRsp,57145
FindNodeReq,142590
FindNodeRsp,58368
FindNodeReq,140217
FindNodeRsp,57965
FindNodeReq,141693
FindNodeRsp,60322
PathSetupReq,93976
PathSetupReq,82500
FindNodeRsp,56022
FindNodeReq,138942
FindNodeReq,140344
FindNodeRsp,57682
FindNodeReq,138491
FindNodeRsp,55635
FindNodeRsp,60886
FindNodeReq,139604
FindNodeRsp,58120
FindNodeReq,139346
FindNodeRsp,61731
FindNodeReq,139575
FindNodeReq,142169
FindNodeRsp,57839
FindNodeReq,140937
FindNodeReq,141642
FindNodeRsp,54645
FindNodeReq,139131
FindNodeReq,138897
FindNodeRsp,57525
FindNodeReq,142180
QueryRouteReq,198821
UpdateRouteReq,197792
QueryRouteRsp,110365
UpdateRouteReq,50798
QueryRouteReq,79358
QueryRouteRsp,70752
UpdateRouteReq,71005
PathSetupReq,39150
UpdateRouteReq,76567
FindNodeRsp,104834
FindNodeReq,159466
FindNodeReq,162108
FindNodeRsp,72006
FindNodeReq,150623
FindNodeReq,159970
FindNodeRsp,94608
FindNodeReq,151417
FindNodeReq,166324
FindNodeRsp,96824
FindNodeRsp,83125
FindNodeReq,153037
FindNodeReq,159681
FindNodeRsp,95049
FindNodeRsp,105354
FindNodeReq,152404
FindNodeReq,156484
FindNodeRsp,104737
FindNodeReq,159273
FindNodeRsp,85091
FindNodeReq,161453
FindNodeRsp,70422
FindNodeRsp,98491
FindNodeReq,157585
FindNodeRsp,104801
FindNodeReq,153006
FindNodeReq,157160
FindNodeReq,159058
FindNodeRsp,84342
FindNodeReq,160804
FindNodeReq,160080
FindNodeRsp,69598
FindNodeReq,159052
FindNodeReq,156634
FindNodeRsp,74048
FindNodeReq,155412
FindNodeRsp,100504
FindNodeReq,107984
FindNodeRsp,88858
FindNodeRsp,100914
FindNodeReq,155564
FindNodeRsp,103321
FindNodeReq,158566
FindNodeRsp,92998
PNDiscReq,181149
FindNodeRsp,92287
FindNodeReq,155137
Error,38473
UpdateRouteReq,93910
UpdateRouteReq,87350
Error,165337
UpdateRouteReq,48459
Error,163496
Error,206560
Error,163080
Error,78648
FindNodeRsp,98889
UpdateRouteReq,70904
FindNodeRsp,98048
FindNodeRsp,70535
Error,36883
UpdateRouteReq,149378
UpdateRouteReq,53159
Error,162620
UpdateRouteReq,56906
Error,151562
Error,149871
UpdateRouteReq,94429
Error,121596
UpdateRouteReq,50399
Error,76226
UpdateRouteReq,90376
FindNodeReq,148542
FindNodeRsp,74702
FindNodeRsp,68559
FindNodeReq,140691
FindNodeReq,87206
FindNodeReq,76835
FindNodeReq,70346
UpdateRouteReq,62831
UpdateRouteReq,75210
FindNodeRsp,94696
FindNodeReq,149428
Error,37759
Error,30541
UpdateRouteReq,96540
UpdateRouteReq,50137
UpdateRouteReq,69312
UpdateRouteReq,58274
Error,148386
Error,187250
Error,166159
Error,151392
UpdateRouteReq,92008
Error,139882
UpdateRouteReq,145317
UpdateRouteReq,183306
Error,206020
UpdateRouteReq,66809
Error,164810
UpdateRouteReq,52434
Error,159536
Error,94082
Error,152028
Error,54904
Error,36292
Error,62024
UpdateRouteReq,91750
UpdateRouteReq,61455
UpdateRouteReq,76086
FindNodeReq,159389
FindNodeReq,150530
FindNodeRsp,103748
FindNodeRsp,70165
FindNodeReq,156100
FindNodeRsp,89630
Error,37808
Error,30214
Error,110750
UpdateRouteReq,72947
UpdateRouteReq,45630
Error,82767
UpdateRouteReq,48737
Error,88594
Error,88643
Error,49319
Error,36443
UpdateRouteReq,92976
FindNodeReq,160204
UpdateRouteReq,54741
FindNodeReq,152528
FindNodeReq,196634
FindNodeReq,158725
FindNodeRsp,84213
FindNodeReq,175496
UpdateRouteReq,71737
FindNodeRsp,68936
FindNodeReq,157460
FindNodeRsp,92598
FindNodeRsp,82134
FindNodeRsp,65900
FindNodeReq,150122
FindNodeReq,157689
PNHello,122175
PNDiscRsp,50887
FindNodeRsp,83924
FindNodeReq,155153
FindNodeRsp,104993
FindNodeReq,151449
FindNodeRsp,69814
FindNodeReq,149917
FindNodeRsp,71263
FindNodeReq,154060
FindNodeRsp,103976
FindNodeReq,151727
FindNodeReq,156320
FindNodeRsp,85578
FindNodeReq,159272
FindNodeReq,154289
FindNodeRsp,90802
FindNodeReq,161693
FindNodeRsp,86029
FindNodeReq,162350
PathSetupReq,61987
FindNodeRsp,73388
FindNodeRsp,108122
FindNodeReq,94076
FindNodeReq,156547
FindNodeReq,156951
FindNodeRsp,85118
FindNodeReq,151446
FindNodeRsp,97296
PathSetupReq,70631
PathSetupReq,61775
FindNodeRsp,72093
PathSetupReq,77699
FindNodeReq,153946
FindNodeRsp,73114
FindNodeReq,153557
FindNodeRsp,83057
FindNodeReq,151328
FindNodeReq,153360
FindNodeRsp,72326
FindNodeRsp,45721
FindNodeReq,61233
FindNodeReq,69608
PathSetupReq,33072
FindNodeReq,71979
FindNodeRsp,74262
FindNodeReq,149311
FindNodeReq,150917
FindNodeRsp,97809
FindNodeReq,158045
FindNodeRsp,104309
FindNodeReq,151113
FindNodeReq,155661
FindNodeRsp,73271
FindNodeReq,160861
FindNodeRsp,89788
FindNodeReq,173481
FindNodeRsp,89584
FindNodeRsp,69680
FindNodeReq,158644
FindNodeRsp,96294
FindNodeRsp,105558
FindNodeRsp,72895
FindNodeReq,161745
FindNodeReq,158266
FindNodeReq,158713
FindNodeRsp,104272
FindNodeReq,163500
FindNodeRsp,82006
FindNodeReq,151820
FindNodeReq,152069
FindNodeReq,154691
FindNodeRsp,72528
FindNodeReq,150991
FindNodeReq,154744
FindNodeReq,156782
FindNodeRsp,101749
FindNodeReq,155445
FindNodeRsp,70185
FindNodeReq,151853
FindNodeRsp,85205
FindNodeReq,149789
FindNodeRsp,108949
FindNodeReq,159401
FindNodeRsp,76223
FindNodeReq,150625
FindNodeReq,155920
FindNodeRsp,73325
FindNodeReq,158949
FindNodeRsp,86896
FindNodeReq,154122
FindNodeReq,158160
FindNodeReq,155690
FindNodeRsp,70921
FindNodeReq,149848
FindNodeRsp,97848
FindNodeReq,155837
FindNodeReq,160745
FindNodeRsp,86468
FindNodeReq,194235
FindNodeRsp,86093
FindNodeReq,149410
FindNodeReq,158900
FindNodeRsp,75802
FindNodeReq,154259
FindNodeReq,160224
FindNodeReq,157457
FindNodeRsp,73212
FindNodeReq,190712
FindNodeReq,159126
FindNodeRsp,72451
FindNodeReq,156637
FindNodeRsp,86236
FindNodeReq,157929
FindNodeRsp,107683
FindNodeRsp,113987
FindNodeReq,152670
FindNodeReq,155166
FindNodeRsp,96125
FindNodeReq,153321
FindNodeReq,161002
FindNodeReq,206410
FindNodeRsp,83094
FindNodeReq,179027
FindNodeReq,156669
FindNodeRsp,74206
FindNodeRsp,91712
FindNodeReq,155456
FindNodeReq,158300
FindNodeRsp,91645
FindNodeRsp,93288
FindNodeReq,151405
FindNodeRsp,95598
FindNodeRsp,92736
FindNodeReq,155485
FindNodeReq,153737
FindNodeRsp,104036
FindNodeReq,160608
FindNodeRsp,88241
FindNodeReq,156129
FindNodeReq,159784
FindNodeRsp,76713
FindNodeReq,151047
FindNodeReq,156484
FindNodeRsp,72124
FindNodeReq,151757
FindNodeRsp,74736
FindNodeReq,151285
FindNodeReq,156226
UpdateRouteReq,64519
UpdateRouteReq,53079
UpdateRouteReq,59880
UpdateRouteReq,59726
PathTeardownReq,47131
FindNodeRsp,86624
FindNodeReq,151830
FindNodeReq,154949
FindNodeRsp,73688
FindNodeReq,132326
FindNodeRsp,94834
FindNodeReq,177663
FindNodeReq,131734
FindNodeRsp,74850
UpdateRouteReq,59544
PathSetupReq,43937
UpdateRouteReq,63370
FindNodeReq,151177
UpdateRouteReq,73273
FindNodeRsp,96908
FindNodeReq,146181
FindNodeRsp,103260
FindNodeReq,158987
UpdateRouteReq,54713
PathSetupReq,132097
PathSetupReq,200980
PathSetupReq,81226
FindNodeRsp,120283
FindNodeReq,153005
PNDiscReq,132066
FindNodeRsp,80711
FindNodeReq,163489
FindNodeReq,161857
FindNodeReq,114861
FindNodeRsp,90770
UpdateRouteReq,79475
UpdateRouteReq,79195
UpdateRouteReq,96222
UpdateRouteReq,91673
PathTeardownReq,57477
FindNodeReq,159379
UpdateRouteReq,97833
PathSetupReq,66370
UpdateRouteReq,88360
UpdateRouteReq,64902
FindNodeRsp,71806
FindNodeReq,153107
UpdateRouteReq,87092
FindNodeReq,159649
PathSetupReq,122164
FindNodeRsp,72077
UpdateRouteReq,95158
UpdateRouteReq,81255
UpdateRouteReq,90351
FindNodeReq,154005
UpdateRouteReq,79271
PathTeardownReq,56572
FindNodeReq,147241
UpdateRouteReq,70091
PathSetupReq,73340
FindNodeReq,104074
FindNodeReq,103426
FindNodeReq,101123
UpdateRouteReq,67192
FindNodeRsp,84279
FindNodeReq,125116
FindNodeReq,166329
FindNodeReq,99761
FindNodeReq,156657
FindNodeRsp,91947
FindNodeReq,168903
FindNodeReq,196124
FindNodeReq,137057
FindNodeReq,138417
FindNodeRsp,110368
FindNodeReq,197861
UpdateRouteReq,58539
UpdateRouteReq,53123
UpdateRouteReq,51991
FindNodeRsp,63117
UpdateRouteReq,55127
FindNodeReq,161611
FindNodeRsp,74790
FindNodeReq,160276
FindNodeRsp,81072
FindNodeReq,151348
FindNodeReq,150128
FindNodeRsp,103897
FindNodeReq,152993
FindNodeReq,157568
FindNodeRsp,95853
FindNodeRsp,82018
FindNodeReq,154375
FindNodeReq,159667
FindNodeRsp,78957
FindNodeReq,151905
FindNodeReq,135941
PNHello,124391
PNDiscRsp,54605
FindNodeReq,154037
FindNodeRsp,94109
FindNodeRsp,62714
FindNodeReq,153565
FindNodeReq,162164
FindNodeReq,156785
FindNodeRsp,106912
FindNodeReq,159775
FindNodeRsp,91542
FindNodeReq,150789
FindNodeReq,159422
FindNodeRsp,72018
FindNodeReq,158265
FindNodeRsp,83454
FindNodeReq,101859
FindNodeReq,158402
FindNodeRsp,86405
FindNodeRsp,58483
FindNodeReq,154725
UpdateRouteReq,80967
UpdateRouteReq,52405
PathTeardownReq,40335
FindNodeReq,153340
FindNodeRsp,84894
FindNodeReq,160901
FindNodeRsp,107471
FindNodeReq,157521
FindNodeReq,158905
FindNodeRsp,62614
FindNodeReq,153428
FindNodeRsp,96478
UpdateRouteReq,56718
UpdateRouteReq,60730
PathSetupReq,41177
UpdateRouteReq,59178
UpdateRouteReq,57775
FindNodeReq,155763
FindNodeRsp,85666
FindNodeReq,150832
FindNodeReq,156782
FindNodeRsp,84168
FindNodeRsp,82518
FindNodeRsp,96701
FindNodeReq,163507
FindNodeRsp,56011
FindNodeRsp,107531
FindNodeReq,158452
FindNodeRsp,96712
FindNodeReq,152789
FindNodeReq,161944
FindNodeReq,159082
FindNodeRsp,92709
FindNodeReq,158630
FindNodeReq,159335
FindNodeRsp,75151
FindNodeRsp,83879
FindNodeReq,159983
FindNodeReq,165167
FindNodeRsp,85162
FindNodeReq,150929
FindNodeRsp,56071
FindNodeReq,152625
FindNodeRsp,93607
FindNodeReq,160593
FindNodeReq,165749
FindNodeRsp,81456
FindNodeReq,155789
FindNodeRsp,105037
FindNodeReq,163991
FindNodeRsp,94381
FindNodeRsp,103639
FindNodeReq,151564
FindNodeReq,157808
FindNodeRsp,101710
FindNodeReq,158964
FindNodeRsp,86298
FindNodeRsp,72060
FindNodeReq,103690
FindNodeRsp,88271
FindNodeRsp,106264
FindNodeReq,158602
FindNodeReq,155628
FindNodeReq,100160
FindNodeRsp,89191
FindNodeReq,154412
PathSetupReq,62088
FindNodeRsp,70101
FindNodeReq,106626
FindNodeReq,155862
FindNodeReq,160984
FindNodeReq,102886
FindNodeRsp,81905
FindNodeRsp,98054
FindNodeRsp,85479
PathSetupReq,70526
PathSetupReq,52871
PathSetupReq,76695
FindNodeRsp,82706
FindNodeRsp,107581
FindNodeReq,162632
FindNodeReq,156565
FindNodeReq,159128
FindNodeReq,103030
FindNodeRsp,95142
FindNodeRsp,67567
FindNodeReq,154428
PathSetupReq,73474
FindNodeRsp,70618
FindNodeReq,154976
FindNodeReq,153571
FindNodeReq,158895
FindNodeReq,154299
FindNodeRsp,104881
FindNodeReq,155205
FindNodeRsp,97474
FindNodeReq,146328
FindNodeReq,141521
FindNodeRsp,75426
FindNodeRsp,80914
FindNodeReq,156457
FindNodeRsp,62264
FindNodeReq,156617
FindNodeReq,143627
FindNodeRsp,60839
FindNodeReq,160249
FindNodeRsp,83711
FindNodeRsp,96599
FindNodeReq,167025
FindNodeRsp,60095
FindNodeReq,157961
FindNodeRsp,70038
FindNodeReq,163411
FindNodeRsp,86303
FindNodeRsp,94746
FindNodeRsp,88246
FindNodeReq,156977
FindNodeReq,160132
FindNodeRsp,93554
FindNodeReq,159796
FindNodeRsp,92919
FindNodeReq,155928
FindNodeRsp,67659
FindNodeReq,152900
FindNodeReq,158417
FindNodeReq,151924
FindNodeRsp,95206
FindNodeReq,151676
FindNodeReq,100028
FindNodeRsp,82577
FindNodeRsp,118589
FindNodeRsp,95574
FindNodeReq,157505
FindNodeRsp,95378
FindNodeRsp,113427
FindNodeRsp,83835
FindNodeReq,153682
FindNodeReq,155824
FindNodeReq,159851
PNDiscReq,129488
FindNodeRsp,93942
FindNodeReq,189656
FindNodeReq,160422
FindNodeReq,103868
FindNodeRsp,74409
FindNodeReq,113501
FindNodeRsp,105898
FindNodeRsp,97056
FindNodeReq,158229
FindNodeReq,164112
FindNodeRsp,87191
FindNodeReq,152177
FindNodeReq,158484
FindNodeRsp,112595
FindNodeReq,156488
FindNodeReq,162033
FindNodeRsp,99320
FindNodeReq,151017
FindNodeRsp,69448
FindNodeRsp,104142
FindNodeReq,149797
FindNodeReq,156968
FindNodeReq,115045
FindNodeRsp,80705
FindNodeRsp,73298
FindNodeRsp,96284
FindNodeRsp,83457
FindNodeReq,160116
FindNodeRsp,81522
PNHello,124601
PNDiscRsp,54886
FindNodeRsp,85982
FindNodeRsp,61943
FindNodeReq,153491
FindNodeReq,157796
FindNodeReq,158419
FindNodeRsp,85766
FindNodeRsp,83575
FindNodeReq,156190
FindNodeRsp,71448
FindNodeReq,158223
FindNodeRsp,78190
FindNodeReq,159172
FindNodeRsp,113833
FindNodeRsp,89149
PathSetupReq,60809
FindNodeRsp,85958
FindNodeReq,103426
FindNodeReq,162780
FindNodeReq,159955
FindNodeRsp,91540
FindNodeRsp,93826
FindNodeRsp,93551
FindNodeReq,150855
PathSetupReq,146510
PathSetupReq,243378
PathSetupReq,58063
FindNodeRsp,72030
FindNodeRsp,93738
FindNodeReq,102443
FindNodeReq,161657
FindNodeReq,157439
FindNodeRsp,133133
FindNodeReq,158928
FindNodeReq,156083
FindNodeRsp,83918
PathSetupReq,76836
FindNodeReq,161409
FindNodeRsp,86898
FindNodeReq,152842
FindNodeReq,162427
FindNodeRsp,107979
FindNodeReq,159420
FindNodeReq,156282
FindNodeRsp,84178
FindNodeReq,159513
FindNodeReq,158616
FindNodeRsp,82218
FindNodeReq,160157
FindNodeReq,112450
FindNodeRsp,132219
FindNodeReq,129126
FindNodeRsp,84276
FindNodeReq,158154
FindNodeReq,159048
FindNodeRsp,72610
FindNodeReq,161337
FindNodeReq,157142
FindNodeRsp,70162
FindNodeReq,151645
FindNodeRsp,102023
FindNodeRsp,95923
FindNodeReq,156300
FindNodeRsp,98458
FindNodeReq,158964
FindNodeRsp,71402
FindNodeReq,153704
FindNodeReq,159748
FindNodeReq,116721
FindNodeRsp,105162
FindNodeReq,153560
FindNodeReq,161126
FindNodeRsp,85815
FindNodeReq,156749
FindNodeReq,159808
FindNodeRsp,82612
FindNodeReq,159311
FindNodeRsp,107872
FindNodeRsp,105386
FindNodeRsp,105229
FindNodeReq,177156
FindNodeReq,158539
FindNodeRsp,97164
UpdateRouteReq,86678
UpdateRouteReq,59015
UpdateRouteReq,60038
UpdateRouteReq,62641
PathTeardownReq,49313
FindNodeReq,92502
FindNodeRsp,106322
FindNodeReq,159269
FindNodeRsp,92818
FindNodeReq,109185
FindNodeRsp,95504
FindNodeReq,161597
FindNodeRsp,87318
FindNodeReq,133151
UpdateRouteReq,55611
UpdateRouteReq,51294
PathSetupReq,38506
UpdateRouteReq,54330
FindNodeRsp,74160
UpdateRouteReq,76844
UpdateRouteReq,95374
PathTeardownReq,52039
FindNodeRsp,120307
FindNodeReq,154129
UpdateRouteReq,96266
UpdateRouteReq,83216
PathSetupReq,46765
FindNodeReq,165013
FindNodeRsp,96147
FindNodeReq,154141
FindNodeReq,162173
UpdateRouteReq,70382
FindNodeReq,157245
FindNodeRsp,63352
FindNodeReq,128522
FindNodeRsp,108510
FindNodeReq,116098
FindNodeReq,158648
FindNodeReq,160661
FindNodeRsp,88537
FindNodeReq,153685
FindNodeReq,159546
FindNodeReq,161081
FindNodeReq,106518
FindNodeRsp,68614
FindNodeReq,153651
FindNodeReq,157977
FindNodeReq,159026
FindNodeReq,164058
FindNodeRsp,92824
FindNodeReq,103134
FindNodeReq,159281
FindNodeReq,160465
FindNodeRsp,67527
FindNodeReq,164014
FindNodeReq,158086
FindNodeRsp,91922
FindNodeReq,160956
FindNodeReq,163446
FindNodeRsp,72444
FindNodeReq,160700
FindNodeRsp,91337
FindNodeRsp,102125
FindNodeRsp,89014
FindNodeReq,162856
FindNodeRsp,73448
FindNodeRsp,70525
FindNodeReq,99335
FindNodeRsp,93506
FindNodeReq,153509
FindNodeReq,158591
FindNodeReq,160341
FindNodeRsp,84034
FindNodeRsp,95774
FindNodeReq,155297
FindNodeRsp,95674
FindNodeReq,157981
FindNodeReq,108977
FindNodeRsp,68173
FindNodeReq,161800
FindNodeRsp,82802
FindNodeReq,154613
FindNodeRsp,93734
PathSetupReq,62635
FindNodeReq,157409
FindNodeRsp,86022
FindNodeReq,159869
FindNodeRsp,109687
FindNodeReq,155020
FindNodeReq,164536
FindNodeRsp,97172
PathSetupReq,118862
PathSetupReq,39543
FindNodeRsp,93018
FindNodeReq,156977
PathSetupReq,77822
FindNodeReq,157526
FindNodeRsp,109216
PNDiscReq,129385
FindNodeRsp,86538
FindNodeReq,157973
FindNodeReq,164087
FindNodeRsp,74436
FindNodeReq,178936
FindNodeReq,163439
FindNodeReq,156772
FindNodeReq,160472
FindNodeRsp,90910
PathSetupReq,75338
FindNodeReq,163528
FindNodeReq,69826
