PNDiscReq,145687
QueryRouteReq,205999
UpdateRouteReq,172991
UpdateRouteReq,47107
QueryRouteRsp,110987
UpdateRouteReq,105592
QueryRouteRsp,94978
QueryRouteReq,84708
PathSetupReq,77592
PNHello,231495
PNDiscRsp,90794
UpdateRouteReq,113463
UpdateRouteReq,50645
QueryRouteRsp,106146
QueryRouteReq,173400
UpdateRouteReq,154075
QueryRouteRsp,76977
QueryRouteReq,100925
UpdateRouteReq,134429
UpdateRouteReq,157269
UpdateRouteReq,88623
PathSetupReq,22710
UpdateRouteReq,50939
UpdateRouteReq,56019
FindNodeRsp,134254
PathSetupReq,42127
FindNodeReq,166571
PNHello,123837
PNDiscRsp,66144
FindNodeRsp,126334
PNDiscReq,166504
FindNodeReq,165857
FindNodeReq,169070
FindNodeReq,235425
FindNodeRsp,126799
FindNodeRsp,120002
PNHello,206585
PNDiscRsp,67528
FindNodeReq,190668
PNDiscReq,129029
FindNodeRsp,135896
FindNodeRsp,120063
FindNodeRsp,114802
FindNodeRsp,130857
PNHello,121761
PNDiscRsp,65910
FindNodeRsp,157192
PNDiscReq,211442
FindNodeRsp,120528
FindNodeReq,163579
FindNodeRsp,127342
FindNodeRsp,139965
FindNodeRsp,167576
FindNodeReq,166258
FindNodeRsp,132967
FindNodeRsp,126217
FindNodeReq,105717
FindNodeRsp,123229
FindNodeReq,176680
FindNodeReq,167664
FindNodeRsp,101429
PNHello,178496
PNDiscRsp,63905
FindNodeRsp,131453
FindNodeRsp,132242
FindNodeReq,176158
FindNodeReq,170661
FindNodeRsp,122909
FindNodeReq,175607
FindNodeRsp,123798
PNDiscReq,114501
FindNodeRsp,121677
FindNodeRsp,119894
FindNodeReq,164656
FindNodeRsp,127162
FindNodeRsp,171044
FindNodeRsp,158969
FindNodeRsp,150719
FindNodeReq,164588
FindNodeRsp,129428
FindNodeReq,173825
FindNodeReq,161697
FindNodeRsp,114369
FindNodeRsp,113192
FindNodeRsp,109678
FindNodeReq,177122
FindNodeRsp,131128
FindNodeRsp,166245
FindNodeRsp,128054
PNHello,122751
PNDiscRsp,66926
FindNodeRsp,125805
FindNodeReq,164629
FindNodeRsp,134377
FindNodeReq,162800
FindNodeRsp,123096
FindNodeRsp,120593
FindNodeReq,164133
FindNodeRsp,131210
FindNodeRsp,139695
FindNodeReq,164633
FindNodeRsp,118799
FindNodeRsp,118046
FindNodeReq,195440
FindNodeRsp,140193
FindNodeRsp,135518
FindNodeReq,202842
FindNodeReq,286793
FindNodeRsp,129282
PNDiscReq,124645
FindNodeReq,176850
FindNodeRsp,129663
FindNodeRsp,112758
FindNodeReq,172648
FindNodeRsp,106038
FindNodeRsp,120165
FindNodeReq,174098
FindNodeRsp,129002
FindNodeReq,188323
FindNodeRsp,111406
PathSetupReq,62351
FindNodeReq,164571
PathSetupReq,61461
PathSetupReq,43179
FindNodeRsp,98114
FindNodeReq,167400
FindNodeReq,171065
FindNodeReq,197321
PathSetupReq,64359
FindNodeRsp,137189
FindNodeRsp,121207
PathSetupReq,77827
PathSetupReq,63918
PathSetupReq,105044
FindNodeReq,165062
PathSetupReq,157870
PathSetupReq,83348
FindNodeReq,161805
FindNodeReq,175894
FindNodeRsp,133917
FindNodeRsp,98498
FindNodeReq,173984
FindNodeRsp,121524
FindNodeRsp,124353
FindNodeRsp,118811
FindNodeRsp,109069
FindNodeRsp,112978
FindNodeRsp,143676
FindNodeRsp,122657
FindNodeReq,168040
FindNodeRsp,132545
FindNodeRsp,131946
FindNodeReq,173456
FindNodeRsp,113855
FindNodeReq,170446
FindNodeReq,172422
FindNodeReq,166109
FindNodeRsp,132812
FindNodeReq,163285
FindNodeReq,167308
FindNodeRsp,117016
PNHello,130643
PNDiscRsp,65528
FindNodeRsp,294613
FindNodeRsp,104450
FindNodeReq,173349
FindNodeRsp,123197
FindNodeReq,170071
FindNodeRsp,182180
FindNodeRsp,129989
FindNodeReq,179436
FindNodeRsp,120344
FindNodeRsp,122539
FindNodeReq,168256
FindNodeRsp,122397
FindNodeRsp,139888
FindNodeReq,177136
FindNodeReq,133485
FindNodeRsp,131993
FindNodeReq,163725
FindNodeReq,185563
FindNodeRsp,126421
FindNodeReq,164653
FindNodeRsp,126951
FindNodeRsp,122614
FindNodeReq,164842
FindNodeReq,105926
FindNodeRsp,123030
FindNodeReq,105443
FindNodeReq,107575
FindNodeRsp,132466
FindNodeRsp,118977
FindNodeReq,174884
FindNodeReq,166006
FindNodeRsp,120739
FindNodeReq,163569
FindNodeRsp,142452
FindNodeReq,165292
FindNodeRsp,140369
FindNodeReq,125096
FindNodeReq,197911
FindNodeReq,166971
FindNodeRsp,153487
FindNodeRsp,144130
FindNodeReq,176652
FindNodeReq,124757
FindNodeRsp,121796
FindNodeRsp,287028
FindNodeReq,169093
FindNodeRsp,134961
FindNodeReq,172228
PNDiscReq,124884
FindNodeRsp,102073
FindNodeReq,173029
FindNodeRsp,117958
FindNodeReq,164532
FindNodeRsp,156598
FindNodeReq,131326
FindNodeRsp,122625
FindNodeRsp,101281
FindNodeReq,165236
FindNodeRsp,300302
FindNodeRsp,125965
FindNodeReq,171656
FindNodeRsp,122068
FindNodeReq,172796
FindNodeRsp,129991
FindNodeReq,177810
FindNodeReq,166577
FindNodeReq,167829
FindNodeRsp,114218
FindNodeRsp,128545
FindNodeRsp,133085
PathSetupReq,63631
FindNodeRsp,155907
FindNodeReq,173752
FindNodeReq,175229
PathSetupReq,62123
PathSetupReq,181027
FindNodeRsp,116459
PathSetupReq,62874
FindNodeRsp,130357
PathSetupReq,60117
PathSetupReq,64198
PathSetupReq,77586
FindNodeRsp,100060
FindNodeReq,164578
PathSetupReq,120341
PathSetupReq,73006
FindNodeReq,168338
FindNodeRsp,216510
FindNodeRsp,140460
FindNodeRsp,121803
FindNodeRsp,128393
FindNodeReq,169917
FindNodeRsp,126749
FindNodeReq,113242
FindNodeRsp,115477
FindNodeReq,162921
FindNodeRsp,117949
FindNodeRsp,121178
FindNodeReq,174558
FindNodeReq,108875
FindNodeRsp,155974
FindNodeReq,174456
FindNodeRsp,115318
FindNodeReq,120505
FindNodeReq,167675
FindNodeRsp,121788
FindNodeReq,174781
FindNodeReq,169750
FindNodeRsp,119886
FindNodeRsp,135935
FindNodeReq,106417
FindNodeRsp,119565
FindNodeRsp,118773
FindNodeReq,172824
FindNodeReq,167655
FindNodeRsp,116946
FindNodeReq,165520
FindNodeRsp,115569
FindNodeReq,169845
FindNodeRsp,121208
FindNodeReq,160679
FindNodeRsp,120268
FindNodeReq,172760
FindNodeReq,167608
FindNodeReq,160829
FindNodeRsp,121882
FindNodeRsp,109449
FindNodeRsp,134869
FindNodeRsp,118646
FindNodeRsp,119795
FindNodeReq,165736
FindNodeReq,161957
FindNodeRsp,119813
FindNodeRsp,121887
FindNodeReq,287378
FindNodeRsp,223563
FindNodeReq,133737
FindNodeRsp,134832
FindNodeRsp,118473
FindNodeReq,171969
FindNodeReq,165537
PNHello,122830
PNDiscRsp,65423
FindNodeRsp,129821
FindNodeRsp,123912
FindNodeRsp,144845
FindNodeRsp,133442
FindNodeReq,160188
FindNodeReq,167794
FindNodeRsp,123825
FindNodeReq,168248
FindNodeRsp,123845
FindNodeReq,165740
FindNodeReq,161356
FindNodeReq,168667
FindNodeRsp,127433
FindNodeRsp,121773
FindNodeReq,175032
FindNodeRsp,139045
FindNodeReq,175340
FindNodeReq,162169
FindNodeRsp,128461
FindNodeRsp,136193
FindNodeReq,165854
FindNodeRsp,135813
FindNodeReq,170228
FindNodeReq,165264
FindNodeRsp,129005
FindNodeRsp,141024
FindNodeReq,166311
FindNodeRsp,139263
FindNodeReq,173361
FindNodeReq,164025
FindNodeRsp,122494
FindNodeReq,164663
FindNodeRsp,162697
FindNodeRsp,127459
FindNodeReq,172366
FindNodeRsp,122215
FindNodeReq,177500
FindNodeReq,179568
FindNodeRsp,128505
FindNodeRsp,139634
PathSetupReq,84431
FindNodeRsp,132625
PathSetupReq,85418
PathSetupReq,126070
FindNodeRsp,133558
PathSetupReq,65136
FindNodeRsp,124829
PathSetupReq,108629
PathSetupReq,62255
PathSetupReq,78318
PathSetupReq,122386
FindNodeReq,164248
PathSetupReq,35134
FindNodeRsp,124480
FindNodeReq,104992
FindNodeReq,129366
FindNodeRsp,148677
FindNodeRsp,129411
FindNodeReq,154190
FindNodeRsp,161263
FindNodeRsp,133973
FindNodeRsp,142965
FindNodeReq,160776
FindNodeRsp,116249
PNDiscReq,124590
FindNodeRsp,132990
FindNodeReq,170232
FindNodeRsp,130289
FindNodeReq,177174
FindNodeRsp,134739
FindNodeReq,172336
FindNodeReq,212428
FindNodeRsp,134771
FindNodeReq,171121
FindNodeRsp,131505
FindNodeReq,173482
FindNodeRsp,139884
FindNodeReq,161184
FindNodeRsp,109845
FindNodeRsp,127005
FindNodeRsp,109898
FindNodeReq,197670
FindNodeRsp,161872
FindNodeReq,171513
FindNodeReq,174533
FindNodeReq,175652
FindNodeRsp,118970
FindNodeRsp,126741
FindNodeRsp,125345
FindNodeRsp,108364
FindNodeRsp,130831
FindNodeReq,174796
FindNodeRsp,125015
FindNodeReq,165977
FindNodeRsp,139179
FindNodeReq,175996
FindNodeRsp,109112
FindNodeReq,162321
FindNodeRsp,158044
FindNodeReq,167803
FindNodeReq,172796
FindNodeRsp,158508
PathSetupReq,86057
FindNodeRsp,132743
FindNodeReq,172142
PathSetupReq,80219
PathSetupReq,92786
PathSetupReq,62645
PathSetupReq,136357
PathSetupReq,71474
FindNodeReq,174918
FindNodeReq,179796
FindNodeRsp,127136
FindNodeRsp,116049
PNHello,124868
PNDiscRsp,65630
FindNodeRsp,139630
FindNodeReq,175096
FindNodeRsp,152796
FindNodeRsp,156949
FindNodeReq,169767
FindNodeRsp,112679
FindNodeReq,178112
FindNodeRsp,117905
FindNodeReq,173365
FindNodeReq,164467
FindNodeReq,204675
FindNodeRsp,128877
FindNodeRsp,129845
FindNodeReq,175707
FindNodeRsp,134197
FindNodeReq,173120
FindNodeReq,173376
FindNodeRsp,133822
FindNodeReq,176547
FindNodeReq,175104
FindNodeRsp,128614
FindNodeRsp,135623
FindNodeReq,161746
FindNodeRsp,130250
FindNodeReq,210973
FindNodeRsp,130994
FindNodeReq,161428
FindNodeRsp,129281
FindNodeRsp,129093
FindNodeRsp,137606
FindNodeReq,153571
FindNodeRsp,134104
PNDiscReq,123929
FindNodeRsp,134275
FindNodeRsp,119386
FindNodeReq,171605
FindNodeReq,170184
FindNodeRsp,133205
FindNodeRsp,160508
FindNodeReq,264102
FindNodeReq,166790
FindNodeRsp,108833
FindNodeReq,172045
FindNodeRsp,140355
FindNodeRsp,136451
FindNodeRsp,139488
PathSetupReq,84327
FindNodeReq,170416
PathSetupReq,73410
PathSetupReq,92197
PathSetupReq,60267
PathSetupReq,142189
PathSetupReq,57381
FindNodeRsp,137247
FindNodeReq,183015
FindNodeRsp,132953
FindNodeReq,165854
FindNodeReq,208872
FindNodeReq,139852
FindNodeReq,159113
FindNodeReq,172636
FindNodeRsp,159019
FindNodeRsp,127936
FindNodeRsp,116794
FindNodeReq,171648
FindNodeRsp,131047
FindNodeRsp,127105
FindNodeReq,172714
FindNodeRsp,123052
FindNodeReq,175660
FindNodeRsp,154120
FindNodeRsp,115376
FindNodeReq,167324
FindNodeRsp,130844
FindNodeReq,188783
FindNodeReq,156556
FindNodeReq,171552
FindNodeReq,168681
PNHello,122045
PNDiscRsp,61960
UpdateRouteReq,127106
FindNodeReq,185608
UpdateRouteReq,158160
UpdateRouteReq,52935
UpdateRouteReq,42005
UpdateRouteReq,59963
UpdateRouteReq,266073
UpdateRouteReq,396271
FindNodeReq,723478
UpdateRouteReq,782166
UpdateRouteReq,935865
UpdateRouteReq,1283667
UpdateRouteReq,1406148
FindNodeReq,177430
UpdateRouteReq,185056
UpdateRouteReq,87882
FindNodeReq,97126
FindNodeReq,85322
FindNodeReq,116835
UpdateRouteReq,168002
FindNodeReq,86503
FindNodeReq,80907
UpdateRouteReq,144509
UpdateRouteReq,187258
Error,177583
UpdateRouteReq,78190
Error,176648
Error,231894
Error,83958
UpdateRouteReq,64035
Error,119088
Error,247860
UpdateRouteReq,307029
UpdateRouteReq,74583
Error,154997
UpdateRouteReq,159523
Error,227519
UpdateRouteReq,281418
UpdateRouteReq,288679
Error,559268
UpdateRouteReq,577653
Error,583500
UpdateRouteReq,635310
Error,665807
PathTeardownReq,39663
PathSetupReq,76442
Error,150957
UpdateRouteReq,47971
PathTeardownReq,57935
Error,126492
Error,191684
UpdateRouteReq,190986
UpdateRouteReq,39604
Error,81059
UpdateRouteReq,39667
Error,44628
Error,161945
Error,103038
Error,112230
Error,148328
Error,65105
UpdateRouteReq,77556
Error,63927
FindNodeReq,79853
UpdateRouteReq,45359
PathTeardownReq,36285
UpdateRouteReq,45173
UpdateRouteReq,41924
FindNodeReq,201463
UpdateRouteReq,144984
UpdateRouteReq,191327
UpdateRouteReq,98807
UpdateRouteReq,99886
FindNodeReq,147217
PathSetupReq,144093
PathTeardownReq,36759
UpdateRouteReq,60255
PathSetupReq,56639
UpdateRouteReq,52943
UpdateRouteReq,59843
UpdateRouteReq,68310
PathSetupReq,53930
UpdateRouteReq,69829
PathTeardownReq,74631
UpdateRouteReq,55667
PathSetupReq,59715
PathTeardownReq,42904
UpdateRouteReq,91042
UpdateRouteReq,150437
UpdateRouteReq,116941
PathSetupReq,48504
UpdateRouteReq,108778
UpdateRouteReq,75911
PathTeardownReq,48167
PathTeardownReq,102987
PathSetupReq,56231
PathTeardownReq,55582
PathSetupReq,55287
PathTeardownReq,59095
PathTeardownReq,66326
QueryRouteReq,164330
PathSetupReq,64906
UpdateRouteReq,57585
FindNodeRsp,76553
PathSetupReq,35914
FindNodeReq,161809
FindNodeReq,164987
Error,357453
UpdateRouteReq,412363
UpdateRouteReq,558979
FindNodeReq,291468
Error,345985
UpdateRouteReq,355641
Error,429830
UpdateRouteReq,447894
Error,621691
PathTeardownReq,637550
Error,707146
UpdateRouteReq,729786
FindNodeRsp,107357
FindNodeRsp,94702
UpdateRouteReq,153516
UpdateRouteReq,135005
Error,131924
UpdateRouteReq,320886
UpdateRouteReq,69942
Error,144881
Error,160533
FindNodeReq,225531
Error,129042
UpdateRouteReq,132705
PathTeardownReq,156002
Error,225852
Error,138310
FindNodeReq,109380
Error,122393
Error,182264
FindNodeReq,216424
Error,70555
FindNodeReq,164214
FindNodeReq,216795
FindNodeReq,108171
UpdateRouteReq,76458
UpdateRouteReq,66850
UpdateRouteReq,99234
UpdateRouteReq,96836
Error,147689
Error,150052
UpdateRouteReq,61638
Error,64346
Error,43731
PathSetupReq,51839
PathSetupReq,49670
UpdateRouteReq,72646
PathTeardownReq,63891
UpdateRouteReq,56807
UpdateRouteReq,82374
UpdateRouteReq,72700
UpdateRouteReq,139526
UpdateRouteReq,78985
UpdateRouteReq,60426
PathTeardownReq,79066
PathTeardownReq,145828
PathSetupReq,87640
PathTeardownReq,84831
UpdateRouteReq,77045
PathSetupReq,61683
UpdateRouteReq,69134
PathSetupReq,66204
UpdateRouteReq,52779
PathTeardownReq,148024
PathTeardownReq,122797
FindNodeRsp,104574
PathSetupReq,77359
PathTeardownReq,63630
UpdateRouteReq,87616
UpdateRouteReq,237789
UpdateRouteReq,331780
UpdateRouteReq,345257
QueryRouteReq,73011
PathSetupReq,61534
UpdateRouteReq,69018
PathTeardownReq,56006
Error,131571
Error,126343
UpdateRouteReq,139017
UpdateRouteReq,176512
UpdateRouteReq,295901
Error,134791
Error,219150
Error,230217
UpdateRouteReq,301690
UpdateRouteReq,91976
UpdateRouteReq,67833
UpdateRouteReq,63074
UpdateRouteReq,51431
PathSetupReq,65335
UpdateRouteReq,100782
UpdateRouteReq,106474
UpdateRouteReq,47506
PathTeardownReq,83278
Error,120798
PathSetupReq,39694
UpdateRouteReq,49851
PathSetupReq,48763
UpdateRouteReq,131319
UpdateRouteReq,104983
UpdateRouteReq,111386
UpdateRouteReq,69090
UpdateRouteReq,46089
UpdateRouteReq,43330
Error,177356
UpdateRouteReq,63311
UpdateRouteReq,60669
UpdateRouteReq,90107
Error,96158
Error,89268
Error,48094
Error,57304
Error,103893
Error,80174
Error,55056
UpdateRouteReq,109145
Error,94688
UpdateRouteReq,47639
Error,187842
Error,162320
Error,189215
UpdateRouteReq,74284
Error,106609
Error,36364
UpdateRouteReq,46135
FindNodeReq,163733
FindNodeRsp,108941
PathTeardownReq,153745
FindNodeReq,158767
UpdateRouteReq,115050
UpdateRouteReq,189540
UpdateRouteReq,186586
UpdateRouteReq,235054
UpdateRouteReq,265305
UpdateRouteReq,351025
UpdateRouteReq,72739
PathSetupReq,67473
UpdateRouteReq,74566
UpdateRouteReq,66771
PathSetupReq,37328
UpdateRouteReq,42603
UpdateRouteReq,41539
UpdateRouteReq,42708
FindNodeReq,158698
FindNodeReq,159617
UpdateRouteReq,47056
PathTeardownReq,165390
UpdateRouteReq,169222
UpdateRouteReq,296208
Error,393428
UpdateRouteReq,392963
Error,387351
Error,145717
FindNodeReq,271581
Error,284244
Error,190223
UpdateRouteReq,241747
UpdateRouteReq,309749
Error,321060
UpdateRouteReq,190718
UpdateRouteReq,121454
PathSetupReq,72454
UpdateRouteReq,148811
UpdateRouteReq,404344
UpdateRouteReq,424233
UpdateRouteReq,547199
PathSetupReq,53848
Error,137997
UpdateRouteReq,119439
UpdateRouteReq,150222
UpdateRouteReq,42071
UpdateRouteReq,73511
UpdateRouteReq,260319
UpdateRouteReq,62227
Error,108396
Error,153453
Error,131291
Error,77867
Error,108606
Error,80813
Error,96582
Error,79635
Error,31356
UpdateRouteReq,103993
Error,97522
UpdateRouteReq,47041
Error,190415
Error,166737
Error,86422
UpdateRouteReq,97544
UpdateRouteReq,98163
Error,249824
Error,215224
UpdateRouteReq,246004
Error,243215
Error,190320
UpdateRouteReq,90459
Error,107109
UpdateRouteReq,44837
Error,155282
Error,135759
Error,63176
Error,119652
Error,190925
UpdateRouteReq,104894
Error,114274
UpdateRouteReq,64929
PathTeardownReq,47581
UpdateRouteReq,71582
PathTeardownReq,47139
FindNodeReq,144132
Error,83194
UpdateRouteReq,64986
Error,85390
FindNodeReq,386388
Error,381828
UpdateRouteReq,451381
UpdateRouteReq,596845
Error,574540
PathSetupReq,76974
FindNodeReq,146811
UpdateRouteReq,121725
FindNodeReq,193423
UpdateRouteReq,241090
UpdateRouteReq,43394
UpdateRouteReq,38211
UpdateRouteReq,81049
UpdateRouteReq,83314
UpdateRouteReq,82355
UpdateRouteReq,60750
PathSetupReq,81598
Error,86094
PathTeardownReq,57413
FindNodeReq,163173
UpdateRouteReq,143500
UpdateRouteReq,110791
FindNodeReq,120858
UpdateRouteReq,205080
UpdateRouteReq,221416
UpdateRouteReq,60588
PathTeardownReq,86190
UpdateRouteReq,118397
UpdateRouteReq,120727
UpdateRouteReq,143542
Error,124149
UpdateRouteReq,101918
UpdateRouteReq,64058
UpdateRouteReq,61414
UpdateRouteReq,103923
UpdateRouteReq,105782
UpdateRouteReq,61648
PathSetupReq,59715
UpdateRouteReq,61164
UpdateRouteReq,56937
UpdateRouteReq,57102
PathSetupReq,55410
UpdateRouteReq,40039
UpdateRouteReq,89969
UpdateRouteReq,69371
UpdateRouteReq,151491
PathTeardownReq,191644
UpdateRouteReq,379321
UpdateRouteReq,504895
PathTeardownReq,92858
UpdateRouteReq,87194
UpdateRouteReq,170509
UpdateRouteReq,138971
UpdateRouteReq,262713
UpdateRouteReq,146021
UpdateRouteReq,65717
UpdateRouteReq,182876
UpdateRouteReq,281018
PathSetupReq,286864
Error,142159
UpdateRouteReq,94378
UpdateRouteReq,78672
UpdateRouteReq,146997
PathTeardownReq,64515
FindNodeReq,169226
UpdateRouteReq,162811
UpdateRouteReq,143602
UpdateRouteReq,140244
FindNodeReq,134991
UpdateRouteReq,134345
Error,146357
PathSetupReq,61313
UpdateRouteReq,135969
UpdateRouteReq,131184
UpdateRouteReq,182687
UpdateRouteReq,134776
UpdateRouteReq,219803
UpdateRouteReq,259074
UpdateRouteReq,269798
UpdateRouteReq,311224
UpdateRouteReq,365783
UpdateRouteReq,139729
UpdateRouteReq,225070
UpdateRouteReq,286114
UpdateRouteReq,333641
UpdateRouteReq,221115
PathTeardownReq,315433
UpdateRouteReq,164826
UpdateRouteReq,225707
UpdateRouteReq,238200
UpdateRouteReq,233435
PathSetupReq,238151
UpdateRouteReq,258899
Error,84310
FindNodeReq,162841
FindNodeReq,159024
UpdateRouteReq,170401
UpdateRouteReq,165203
UpdateRouteReq,191343
UpdateRouteReq,305271
UpdateRouteReq,288302
UpdateRouteReq,201310
UpdateRouteReq,133339
UpdateRouteReq,120536
PathTeardownReq,64775
Error,106954
PathSetupReq,109194
Error,103722
FindNodeReq,139047
UpdateRouteReq,82746
UpdateRouteReq,106827
UpdateRouteReq,100810
UpdateRouteReq,105734
UpdateRouteReq,68309
UpdateRouteReq,145650
PathSetupReq,58255
UpdateRouteReq,123993
PathTeardownReq,88677
FindNodeRsp,95713
UpdateRouteReq,48471
FindNodeReq,159533
UpdateRouteReq,108483
UpdateRouteReq,198556
PathSetupReq,43805
FindNodeReq,154804
UpdateRouteReq,57047
FindNodeRsp,70370
UpdateRouteReq,77742
FindNodeRsp,82978
FindNodeReq,160576
FindNodeReq,159387
FindNodeReq,162312
FindNodeReq,162773
UpdateRouteReq,130110
FindNodeRsp,133769
FindNodeReq,149501
FindNodeReq,150415
FindNodeReq,149901
FindNodeReq,149844
UpdateRouteReq,100628
PathTeardownReq,113214
Error,42109
Error,154712
UpdateRouteReq,181968
UpdateRouteReq,107598
Error,191400
Error,118043
FindNodeReq,82694
Error,106703
Error,141917
Error,85645
FindNodeReq,149286
Error,131763
UpdateRouteReq,56812
Error,92616
UpdateRouteReq,50246
Error,85922
Error,82453
FindNodeReq,75406
Error,47581
FindNodeReq,77856
FindNodeReq,74707
FindNodeReq,75401
Error,204631
Error,177194
PathSetupReq,65234
Error,118761
FindNodeReq,100564
Error,140433
UpdateRouteReq,184656
Error,258614
UpdateRouteReq,133317
UpdateRouteReq,52151
Error,151938
UpdateRouteReq,254954
Error,282093
Error,332079
UpdateRouteReq,353833
Error,392673
UpdateRouteReq,437045
Error,480455
Error,172102
Error,154864
Error,166611
Error,250508
Error,155402
Error,73655
Error,205220
Error,154742
Error,300555
Error,154052
Error,142035
Error,105492
Error,183998
Error,285150
Error,176400
Error,244216
UpdateRouteReq,135784
Error,136107
Error,133262
Error,110581
Error,121945
Error,213063
Error,176290
Error,130606
Error,90910
Error,138101
Error,243042
Error,117533
Error,202699
Error,181978
Error,95502
FindNodeReq,164284
Error,176200
Error,121783
Error,162936
Error,141432
Error,112906
Error,98209
Error,54735
Error,170508
Error,131873
Error,182252
Error,149945
Error,60334
Error,82856
Error,104280
Error,90918
Error,149677
Error,124966
Error,97692
Error,226207
UpdateRouteReq,355922
Error,504465
Error,208030
Error,327393
Error,210736
Error,315920
Error,405729
Error,198388
Error,299667
Error,421527
Error,490583
Error,632080
Error,317224
Error,405265
Error,472265
Error,563757
Error,681327
Error,213539
Error,206185
Error,212528
Error,213813
Error,218027
Error,134289
Error,200868
Error,176736
Error,169622
Error,125810
UpdateRouteReq,177496
Error,192959
UpdateRouteReq,247850
Error,214357
FindNodeReq,215419
Error,75271
Error,213039
Error,129435
Error,146044
Error,133253
Error,180527
Error,163705
Error,330174
Error,216757
Error,334748
Error,197487
Error,257739
Error,341303
Error,250955
Error,299546
Error,155229
Error,156480
Error,238853
Error,134557
Error,129799
Error,158526
Error,137093
Error,130108
Error,178496
Error,137481
Error,359272
Error,288626
Error,310789
Error,500858
FindNodeReq,311020
Error,379805
Error,468505
Error,577309
Error,485961
Error,636006
Error,681050
Error,737764
Error,352822
Error,345165
Error,466034
Error,520300
Error,571352
Error,575001
Error,266024
Error,434053
Error,271006
Error,272096
Error,339552
Error,337124
Error,434645
Error,163384
Error,139963
Error,85574
UpdateRouteReq,116803
UpdateRouteReq,178642
UpdateRouteReq,241519
Error,152785
Error,171081
Error,60572
Error,127473
Error,145475
Error,122941
Error,201830
Error,94552
Error,61732
Error,197489
Error,155475
Error,151271
Error,192943
Error,113438
Error,61923
Error,191634
Error,125742
Error,128256
Error,197048
Error,121042
Error,79188
Error,153785
Error,102050
Error,84644
Error,155995
Error,382898
UpdateRouteReq,456360
UpdateRouteReq,495860
UpdateRouteReq,346108
UpdateRouteReq,379868
Error,486130
UpdateRouteReq,528177
Error,607355
Error,274093
Error,385612
Error,459967
Error,357016
Error,437796
Error,487069
Error,566927
Error,325406
Error,397081
Error,481629
Error,535066
Error,584303
Error,111744
Error,194108
Error,196680
Error,198861
Error,100972
Error,152766
Error,55365
Error,84715
Error,111223
Error,98104
Error,108179
Error,83672
Error,157840
Error,150977
Error,110911
Error,130025
Error,106006
Error,48421
Error,63205
Error,95512
Error,116903
Error,73737
Error,86359
Error,52788
Error,240540
Error,155750
Error,118861
Error,107134
Error,85338
Error,50432
Error,164169
Error,104401
Error,108252
Error,101736
Error,90563
Error,52128
Error,188389
Error,177167
Error,133823
Error,81114
Error,109413
Error,66999
Error,116444
Error,149143
Error,105060
Error,90527
Error,84526
Error,66581
Error,199838
Error,216809
Error,147107
Error,82254
Error,86915
Error,52381
Error,198438
Error,157785
Error,139196
Error,187738
Error,99098
Error,93434
FindNodeReq,195011
Error,221011
Error,124539
Error,129170
Error,70140
Error,121583
Error,136462
Error,159946
Error,158231
Error,170084
FindNodeReq,102343
Error,146033
Error,118489
Error,124854
FindNodeReq,225737
Error,298554
Error,201502
Error,200409
Error,258826
FindNodeReq,195544
Error,218729
Error,325310
Error,382606
Error,202882
Error,275261
Error,337152
Error,393319
Error,219621
Error,257857
Error,301464
Error,367387
Error,404732
FindNodeReq,230805
Error,230463
Error,282633
Error,285871
Error,286500
Error,291037
Error,338936
Error,341664
Error,210746
Error,154730
Error,212205
Error,98792
Error,91843
Error,98120
FindNodeReq,146934
Error,146257
Error,125351
Error,179646
Error,217522
Error,233574
Error,276244
Error,149348
Error,182001
Error,213082
Error,271901
Error,163692
Error,231356
Error,292371
UpdateRouteReq,318680
Error,155890
Error,172283
Error,174459
Error,204872
Error,233992
Error,237188
UpdateRouteReq,255928
Error,253944
Error,255527
Error,116154
Error,145406
Error,273174
FindNodeReq,153072
UpdateRouteReq,156937
UpdateRouteReq,161337
Error,276656
Error,157331
Error,243900
Error,140306
Error,241394
Error,177994
Error,221326
UpdateRouteReq,348464
Error,651082
Error,163253
Error,225375
FindNodeReq,243665
FindNodeReq,278324
UpdateRouteReq,281059
Error,313727
Error,342907
Error,348705
Error,38579
Error,59962
Error,127235
UpdateRouteReq,130947
Error,132807
UpdateRouteReq,138187
Error,139948
Error,155849
Error,167343
Error,18881
Error,39381
FindNodeReq,53743
Error,72872
FindNodeReq,53083
Error,39041
Error,72749
Error,75541
Error,96046
Error,81028
Error,116503
Error,138131
Error,88333
Error,123856
Error,145621
Error,68443
FindNodeReq,87732
Error,45057
Error,52234
Error,77505
Error,58536
Error,80714
Error,101295
Error,121462
Error,58743
Error,76657
Error,117306
Error,38407
UpdateRouteReq,32183
Error,60410
Error,81866
Error,51821
Error,69674
Error,89747
Error,111579
Error,139458
Error,158908
Error,99288
Error,131119
Error,150572
Error,177849
Error,186548
FindNodeReq,45873
Error,44295
Error,43416
Error,43569
Error,31734
Error,30744
Error,31926
Error,16398
Error,16912
Error,40055
Error,50384
Error,51524
Error,26353
Error,17947
Error,23566
Error,22741
Error,16633
Error,16026
Error,39699
Error,56299
Error,63359
FindNodeReq,57549
Error,79900
Error,22742
FindNodeReq,75366
Error,75934
Error,38232
Error,60248
Error,37484
Error,50901
FindNodeReq,34808
Error,22557
Error,33424
FindNodeReq,46644
Error,40122
Error,59116
Error,52894
Error,45806
Error,23621
FindNodeReq,52048
Error,59073
Error,39919
Error,52762
Error,59827
Error,41437
FindNodeReq,44184
Error,22343
FindNodeReq,59885
Error,60202
Error,38883
Error,56887
Error,48336
Error,42894
Error,23018
FindNodeReq,70354
Error,77335
Error,38261
Error,60220
Error,49675
Error,49721
Error,42075
FindNodeReq,32144
Error,41111
FindNodeReq,68812
Error,39332
Error,40541
Error,60119
FindNodeReq,44865
Error,37236
Error,23977
FindNodeReq,60780
Error,68574
Error,38081
Error,68229
Error,39514
FindNodeReq,35066
Error,36739
Error,22382
FindNodeReq,59530
Error,67177
Error,37319
Error,51981
Error,50696
Error,41123
Error,42244
FindNodeReq,65768
Error,16151
Error,40220
FindNodeReq,53057
Error,37116
Error,55872
Error,38307
Error,32614
Error,38770
Error,75161
FindNodeReq,89927
Error,110554
Error,144680
Error,61372
Error,95025
Error,123215
Error,41166
Error,86876
Error,108870
Error,129962
Error,157207
FindNodeReq,52008
Error,69810
Error,51807
Error,63846
Error,76973
Error,103059
Error,132091
Error,152489
Error,53474
Error,79087
Error,58681
Error,86378
Error,50939
Error,49144
Error,64732
Error,64311
Error,66231
Error,97380
Error,97245
Error,64534
Error,55804
FindNodeReq,73825
Error,76290
Error,92466
Error,29422
Error,44819
Error,44363
Error,45927
Error,48306
Error,64155
Error,77397
Error,107398
Error,48919
Error,65779
FindNodeReq,60315
Error,57326
Error,94291
Error,36412
Error,49738
Error,49019
Error,40423
Error,38768
Error,33176
Error,17442
Error,33290
Error,43541
Error,38632
Error,36003
Error,47526
Error,37619
FindNodeReq,34705
Error,87213
Error,42420
Error,52326
FindNodeRsp,48935
Error,52786
FindNodeReq,39239
FindNodeReq,54792
Error,55219
Error,36105
Error,47422
Error,35944
Error,35299
FindNodeReq,40118
Error,21435
FindNodeReq,60200
Error,50952
Error,37789
FindNodeReq,34711
Error,36391
Error,55455
Error,48513
Error,21285
FindNodeReq,51666
Error,41246
Error,53119
Error,48875
Error,55692
Error,52756
Error,21694
FindNodeReq,69552
Error,22199
Error,55923
FindNodeReq,41309
Error,59042
Error,52030
Error,42762
Error,30759
FindNodeReq,62261
Error,62139
Error,62354
Error,64133
Error,83590
Error,44559
Error,52445
Error,75505
FindNodeReq,50858
Error,67942
Error,116023
Error,136457
Error,155137
Error,30283
Error,32303
Error,17424
Error,22437
Error,29910
Error,28943
Error,15661
Error,46086
FindNodeReq,54679
Error,39704
Error,50734
Error,50490
Error,21266
FindNodeReq,57375
Error,57544
Error,36935
Error,38717
Error,65103
Error,34993
Error,29186
FindNodeReq,34056
FindNodeReq,65418
Error,65938
Error,36346
Error,57258
Error,50456
Error,47362
Error,21208
FindNodeReq,46455
Error,54318
Error,37641
Error,35593
Error,66348
Error,37896
Error,43145
FindNodeReq,55988
Error,55885
Error,37924
Error,50712
Error,49462
Error,44751
FindNodeReq,46543
Error,22204
FindNodeReq,56411
Error,56432
Error,35866
Error,54225
Error,46193
Error,35045
Error,31810
Error,45368
FindNodeReq,61806
Error,60584
Error,64458
Error,83952
FindNodeReq,34630
Error,35709
Error,54648
Error,48712
Error,56100
Error,72641
Error,99698
Error,118186
Error,23857
Error,21909
Error,16421
Error,22666
Error,22147
Error,15019
Error,23743
FindNodeReq,42150
Error,36819
Error,40874
Error,64791
Error,37426
Error,31857
FindNodeReq,33109
FindNodeReq,66852
Error,74609
Error,54616
Error,34829
Error,40420
Error,53978
Error,21842
FindNodeReq,38958
FindNodeReq,56645
Error,56852
Error,37129
Error,53492
Error,60469
Error,32970
FindNodeReq,40468
Error,20467
FindNodeReq,33227
Error,29780
Error,45499
Error,40431
FindNodeReq,57720
Error,76907
Error,44957
Error,22151
FindNodeReq,54975
Error,49428
Error,43423
FindNodeReq,39725
Error,34090
Error,45003
Error,34308
FindNodeReq,40702
Error,20252
FindNodeReq,56630
Error,63564
Error,43766
Error,44325
Error,33508
FindNodeReq,35786
Error,53336
Error,21326
FindNodeReq,53395
Error,53273
Error,33347
Error,45233
Error,56743
Error,35505
Error,40557
Error,38455
FindNodeReq,53709
Error,36038
Error,43885
Error,32828
Error,33123
FindNodeReq,40030
Error,20462
Error,29316
FindNodeReq,31408
Error,35457
Error,52269
Error,54818
Error,33507
Error,28048
FindNodeReq,31543
Error,30159
Error,35311
FindNodeReq,42666
Error,41164
Error,37930
Error,33588
Error,20444
FindNodeReq,39405
Error,29604
FindNodeReq,32745
Error,34439
Error,36615
Error,54320
Error,40006
Error,20917
FindNodeReq,52667
Error,52654
Error,35956
Error,44424
Error,55100
FindNodeReq,34366
Error,33394
Error,21518
FindNodeReq,54445
Error,275827
Error,64115
Error,47625
Error,40757
Error,40759
Error,29459
Error,43089
FindNodeReq,59106
Error,58500
Error,61092
Error,79646
Error,73343
Error,88746
Error,106478
FindNodeReq,134436
Error,41184
Error,42339
Error,53722
Error,91248
Error,96924
Error,64868
Error,62735
Error,64870
Error,91345
Error,92707
Error,14604
Error,16388
FindNodeReq,33132
Error,36825
Error,40502
Error,46773
Error,45179
Error,27724
Error,55183
Error,61099
FindNodeReq,46530
Error,41565
Error,53547
Error,52110
Error,63978
Error,36177
Error,39563
Error,76386
Error,98500
Error,124125
FindNodeReq,152988
Error,171519
Error,176529
Error,15121
Error,14203
Error,14556
Error,13907
Error,39897
Error,38449
Error,40118
Error,50068
FindNodeReq,39657
Error,35698
Error,45991
Error,38336
Error,28102
FindNodeReq,32955
Error,30035
Error,43675
FindNodeReq,31665
Error,34116
Error,46493
Error,40049
Error,29563
FindNodeReq,59281
Error,59418
Error,51546
Error,59863
Error,86803
Error,42729
Error,40560
Error,64860
FindNodeReq,40367
Error,72303
Error,94549
Error,129592
Error,147619
Error,22223
Error,29720
Error,16149
Error,21498
Error,28275
Error,27491
Error,28151
FindNodeReq,31794
Error,34815
Error,40256
Error,53158
Error,35684
Error,27539
FindNodeReq,54241
Error,54576
Error,37133
Error,44916
Error,46690
Error,49012
Error,20326
FindNodeReq,39258
Error,37696
FindNodeReq,53441
Error,35715
Error,36454
Error,55261
Error,33258
FindNodeReq,47801
Error,45463
FindNodeReq,57203
Error,38264
Error,51618
Error,43192
FindNodeReq,45484
Error,33109
Error,46123
Error,20970
FindNodeReq,48944
Error,55657
Error,36190
Error,33066
Error,54165
Error,42195
FindNodeReq,48884
Error,20863
FindNodeReq,54488
Error,52448
Error,34172
Error,43854
Error,31367
Error,31954
Error,19224
FindNodeReq,38057
FindNodeReq,50525
Error,50500
Error,34543
Error,35513
Error,46251
Error,30423
Error,19829
FindNodeReq,37736
Error,28723
FindNodeReq,39555
Error,32616
Error,34764
Error,53003
Error,38560
Error,19778
FindNodeReq,31637
FindNodeReq,50564
Error,50615
Error,33581
Error,43259
Error,30645
Error,38447
FindNodeReq,31114
Error,18520
FindNodeReq,53969
Error,52253
Error,34877
Error,40042
Error,35706
Error,32149
Error,19028
FindNodeReq,32490
Error,35424
FindNodeReq,57670
Error,33930
Error,37208
Error,36193
Error,40069
FindNodeReq,31265
Error,18451
FindNodeReq,29578
FindNodeReq,49447
Error,49378
Error,33967
Error,46366
Error,39809
FindNodeReq,33613
Error,33325
Error,19880
FindNodeReq,48960
Error,48876
Error,34533
Error,34571
Error,57876
Error,32105
FindNodeReq,29823
Error,18550
FindNodeReq,51024
Error,51704
Error,33437
Error,34995
Error,54369
Error,38517
Error,19071
Error,28982
FindNodeReq,31441
Error,33332
Error,43029
Error,31296
Error,30867
FindNodeReq,38050
Error,18495
Error,28594
FindNodeReq,41408
Error,34841
Error,34338
Error,31597
Error,38004
FindNodeReq,33914
Error,18169
Error,29280
FindNodeReq,29769
Error,33411
Error,42492
Error,30543
Error,30768
FindNodeReq,37213
Error,19746
Error,36778
FindNodeReq,60869
Error,34178
Error,34745
Error,31104
Error,42759
FindNodeReq,36419
Error,19257
Error,35610
FindNodeReq,50320
Error,33277
Error,33589
Error,30608
Error,72129
FindNodeReq,87597
Error,35189
FindNodeReq,51323
Error,51475
Error,32597
Error,41375
Error,34630
Error,32141
Error,26930
FindNodeReq,55424
Error,55495
UpdateRouteReq,38743
Error,31667
Error,54874
Error,72416
Error,58088
UpdateRouteReq,72290
Error,90473
Error,39582
FindNodeReq,30397
Error,32289
Error,38982
Error,44741
Error,47508
Error,47138
Error,28959
Error,34023
FindNodeReq,31863
Error,31539
Error,41346
Error,34747
Error,34455
Error,32789
FindNodeReq,31936
Error,31956
Error,30987
Error,42129
Error,30284
Error,18162
Error,23749
Error,28569
Error,49399
FindNodeReq,42696
Error,52379
Error,51558
Error,43287
Error,20462
Error,36498
FindNodeReq,51657
Error,33094
Error,43526
Error,31522
Error,30988
FindNodeReq,36907
Error,18156
Error,28383
FindNodeReq,40651
Error,35059
Error,34416
Error,55001
Error,38102
FindNodeReq,30995
Error,19582
Error,35603
FindNodeReq,50362
Error,33459
Error,42519
Error,30918
Error,31679
FindNodeReq,36373
Error,18566
Error,27727
FindNodeReq,38024
Error,34233
Error,34713
Error,31082
Error,38110
FindNodeReq,38594
Error,19130
Error,36327
FindNodeReq,50933
Error,33918
Error,34059
Error,31464
Error,43669
FindNodeReq,29199
Error,18306
Error,28727
FindNodeReq,30547
Error,33046
Error,42578
Error,44607
Error,46291
Error,18683
Error,34621
FindNodeReq,57268
Error,51924
Error,63610
Error,63488
FindNodeReq,88977
Error,70460
Error,40216
Error,31413
UpdateRouteReq,24996
Error,41431
UpdateRouteReq,15771
UpdateRouteReq,15591
Error,40178
UpdateRouteReq,49454
Error,77102
UpdateRouteReq,34729
Error,63832
Error,80692
FindNodeReq,101251
Error,47435
Error,78096
Error,54520
Error,52833
Error,59911
Error,83627
Error,44568
Error,52486
Error,46322
Error,63539
Error,72041
Error,72766
Error,72983
Error,13895
Error,15261
Error,13754
Error,19713
Error,27182
Error,37718
FindNodeReq,29818
Error,34017
Error,38223
Error,59268
Error,33871
Error,26584
Error,28805
Error,43153
FindNodeReq,36435
Error,47918
Error,35594
Error,31875
Error,18294
FindNodeReq,39605
Error,28636
Error,33510
FindNodeReq,37082
Error,34056
Error,53532
Error,30835
Error,29593
FindNodeReq,57762
Error,57838
Error,33843
Error,51920
Error,51990
Error,32744
Error,19360
Error,28268
FindNodeReq,33001
Error,33373
Error,34288
Error,53197
Error,31465
FindNodeReq,38537
Error,18782
Error,36286
FindNodeReq,51476
Error,33078
Error,34598
Error,40250
Error,30529
FindNodeReq,37561
Error,18841
Error,36876
FindNodeReq,59502
Error,33919
Error,33628
Error,30653
Error,38187
FindNodeReq,35735
Error,18474
Error,28784
FindNodeReq,29090
Error,32820
Error,34255
Error,38149
Error,31118
FindNodeReq,38259
Error,18504
Error,27581
FindNodeReq,37922
Error,35039
Error,34653
Error,30578
Error,38805
FindNodeReq,37706
Error,18744
Error,36012
FindNodeReq,50632
Error,32897
Error,34254
Error,37892
Error,30774
FindNodeReq,37080
Error,20194
Error,29108
FindNodeReq,38750
Error,33429
Error,34223
Error,41617
Error,49807
FindNodeReq,37564
Error,18942
Error,28436
FindNodeReq,31472
Error,34284
Error,50101
Error,56169
Error,31091
FindNodeReq,38029
Error,18682
Error,36043
FindNodeReq,59358
Error,34062
Error,34807
Error,31041
Error,31594
Error,18662
FindNodeReq,50002
Error,50016
Error,32751
Error,33700
Error,39210
Error,31933
FindNodeReq,35666
Error,18369
Error,27932
FindNodeReq,37725
Error,35025
Error,41985
Error,31403
Error,48598
FindNodeReq,35752
Error,18471
Error,36239
FindNodeReq,50508
Error,33621
Error,34295
Error,38570
Error,31134
FindNodeReq,39708
Error,18466
Error,27937
FindNodeReq,39875
Error,34491
Error,42609
Error,52135
Error,32798
FindNodeReq,36035
Error,18744
Error,35906
FindNodeReq,51045
Error,33283
Error,33959
Error,40580
Error,32034
FindNodeReq,35939
Error,18372
Error,38057
FindNodeReq,53068
Error,35212
Error,42716
Error,31394
Error,31412
FindNodeReq,35927
Error,18740
Error,28272
FindNodeReq,29213
Error,33158
Error,34025
Error,37941
Error,37719
FindNodeReq,29119
Error,19372
Error,29514
FindNodeReq,32006
Error,33236
Error,42696
Error,62754
Error,31254
FindNodeReq,34692
Error,17943
Error,27074
FindNodeReq,29550
Error,31587
Error,34077
Error,50736
Error,35966
FindNodeReq,29760
Error,17699
FindNodeReq,68682
Error,68854
Error,32369
Error,39015
Error,75031
Error,91374
FindNodeReq,66106
Error,82747
Error,42847
Error,51248
UpdateRouteReq,17598
Error,39504
UpdateRouteReq,40046
Error,61853
Error,85817
Error,103579
Error,38765
Error,49224
Error,74220
Error,91154
Error,107230
Error,130523
Error,29665
Error,37731
Error,36046
FindNodeReq,47984
Error,30139
Error,18830
Error,33554
Error,50153
Error,50194
Error,40950
Error,41930
Error,42708
Error,12864
Error,12207
Error,27127
Error,31222
Error,34243
Error,63451
FindNodeReq,77119
Error,35675
Error,19018
FindNodeReq,32309
Error,27934
FindNodeReq,27724
Error,30240
Error,41239
Error,33941
Error,41534
Error,28102
FindNodeReq,36520
Error,38353
Error,69826
Error,48438
Error,29461
Error,56346
Error,83829
FindNodeReq,96686
Error,36628
Error,37135
Error,31219
Error,41826
Error,40376
Error,20229
Error,18578
Error,13637
Error,12176
Error,12098
FindNodeReq,51822
Error,57537
Error,31070
FindNodeReq,32260
Error,47005
Error,41951
Error,49275
Error,18897
FindNodeReq,28558
FindNodeReq,31221
Error,28035
Error,34970
Error,40642
FindNodeReq,27196
Error,29749
Error,38465
FindNodeReq,45472
Error,43371
FindNodeReq,30203
Error,12386
FindNodeReq,40142
Error,32283
Error,33611
Error,50955
Error,35739
FindNodeReq,40036
Error,18273
FindNodeReq,49586
Error,49587
Error,32376
Error,39622
Error,50491
Error,30071
Error,25183
Error,27341
FindNodeReq,37949
Error,32063
Error,32563
Error,50359
Error,36443
Error,19001
FindNodeReq,28176
Error,28639
Error,32046
FindNodeReq,41937
Error,46669
Error,42872
Error,29187
Error,25106
FindNodeReq,50703
Error,56768
Error,32299
Error,32818
Error,49650
Error,37985
FindNodeReq,30237
Error,17713
FindNodeReq,50583
Error,49059
Error,31468
Error,34309
Error,48598
Error,29946
Error,25595
FindNodeReq,28696
FindNodeReq,49442
Error,55693
Error,32188
Error,33291
Error,51278
Error,35668
Error,19015
FindNodeReq,35137
Error,27760
FindNodeReq,27604
Error,32180
Error,32540
Error,36118
Error,56524
Error,24784
FindNodeReq,27860
Error,33720
FindNodeReq,55421
Error,32506
Error,32200
Error,29349
Error,40768
Error,19063
FindNodeReq,41098
Error,27631
Error,31834
FindNodeReq,35723
Error,46631
Error,42119
Error,29516
Error,32656
Error,17172
FindNodeReq,28722
Error,31517
Error,46304
Error,35017
Error,36637
Error,50995
Error,45235
Error,57260
Error,64060
Error,85998
FindNodeReq,98877
Error,36075
Error,18212
Error,36159
Error,34235
Error,32386
Error,42107
Error,36593
Error,23788
Error,31742
FindNodeReq,37062
Error,29993
Error,42156
Error,50164
Error,18939
FindNodeReq,39438
Error,33644
FindNodeReq,56501
Error,40781
Error,32500
Error,45095
UpdateRouteReq,36529
Error,38929
Error,17855
Error,27716
Error,31573
FindNodeReq,34774
Error,29533
Error,30520
Error,48602
Error,26405
Error,31305
FindNodeReq,34735
Error,49043
Error,50944
Error,65004
Error,29894
Error,55524
Error,78863
Error,50168
FindNodeReq,56143
Error,72078
Error,58162
Error,72170
Error,87998
Error,41520
Error,61594
Error,77524
Error,37977
Error,38265
Error,51058
Error,51949
Error,56209
Error,57126
Error,57466
Error,58180
Error,58754
FindNodeReq,44482
Error,18870
Error,56168
Error,36500
Error,32537
Error,48239
Error,54319
Error,71230
Error,39295
Error,41948
Error,51607
Error,57956
Error,78545
FindNodeReq,98239
Error,30119
Error,39333
Error,35789
Error,45385
Error,20253
Error,26167
Error,41986
Error,40491
Error,41255
Error,42073
Error,13514
Error,12461
Error,12511
Error,31628
FindNodeReq,36751
Error,30056
Error,36046
Error,31063
Error,18869
FindNodeReq,40009
Error,27115
FindNodeReq,30090
Error,31531
Error,33814
Error,55610
Error,38071
Error,17880
Error,28082
FindNodeReq,30356
Error,32823
Error,43247
Error,42409
Error,44248
FindNodeReq,36475
Error,18010
Error,27026
FindNodeReq,27747
Error,32026
Error,34089
Error,29895
Error,36558
FindNodeReq,28437
Error,18592
Error,27582
FindNodeReq,28008
Error,32186
Error,41140
Error,30985
Error,29774
FindNodeReq,35515
Error,17884
Error,27088
FindNodeReq,28428
Error,32226
Error,41387
Error,29886
Error,51871
FindNodeReq,27515
Error,17646
Error,27009
FindNodeReq,29049
Error,31849
Error,40540
Error,29890
Error,29568
FindNodeReq,35744
Error,18759
Error,27036
FindNodeReq,37447
Error,32195
Error,33083
Error,29530
Error,36439
FindNodeReq,29183
Error,17647
Error,27734
FindNodeReq,29775
Error,31916
FindNodeReq,36093
Error,34605
Error,42219
Error,29852
FindNodeReq,37209
Error,43974
Error,40924
FindNodeReq,49133
Error,47287
Error,43759
Error,69065
Error,39003
UpdateRouteReq,40608
UpdateRouteReq,39115
UpdateRouteReq,38013
Error,43660
UpdateRouteReq,47470
UpdateRouteReq,15327
FindNodeReq,40102
Error,26655
Error,40790
Error,32983
Error,50521
Error,44070
FindNodeReq,35833
Error,19718
Error,34128
FindNodeReq,48063
Error,32969
Error,33005
Error,49966
Error,29281
Error,25467
FindNodeReq,28219
Error,26860
FindNodeReq,35778
Error,32045
Error,32775
Error,49932
Error,31621
Error,19230
FindNodeReq,40941
Error,27184
Error,33257
Error,33481
Error,51269
FindNodeReq,40980
Error,62895
Error,25131
FindNodeReq,49315
Error,55234
Error,32012
Error,41066
Error,30383
Error,29138
Error,18928
FindNodeReq,37663
Error,27692
FindNodeReq,36517
Error,33911
Error,33399
Error,49847
Error,29378
Error,24989
FindNodeReq,28783
FindNodeReq,49998
Error,48371
Error,31074
Error,41815
Error,48976
Error,31979
Error,19383
FindNodeReq,35137
Error,34584
FindNodeReq,48505
Error,31456
Error,33570
Error,36650
Error,29558
Error,25676
FindNodeReq,28721
FindNodeReq,50231
Error,48447
Error,31951
Error,37336
Error,42701
Error,50224
Error,18307
FindNodeReq,38032
Error,33060
FindNodeReq,46868
Error,32084
Error,45151
Error,41523
Error,40533
Error,18171
FindNodeReq,33012
Error,52339
Error,39656
FindNodeReq,34615
Error,31443
Error,32127
Error,29932
Error,25262
Error,31508
FindNodeReq,43025
Error,50312
Error,49776
Error,76794
Error,29780
Error,52317
Error,76422
Error,54009
FindNodeReq,65774
Error,81931
Error,57922
Error,85269
Error,101967
Error,41040
Error,62474
Error,78479
Error,37379
Error,24889
Error,23148
Error,18996
Error,16128
Error,18191
Error,17140
Error,11797
FindNodeReq,70330
Error,81257
Error,90274
Error,30901
Error,37392
Error,34564
Error,29674
Error,18046
FindNodeReq,33161
FindNodeReq,30138
FindNodeReq,46230
Error,46351
Error,30499
Error,46883
Error,47763
Error,42334
FindNodeReq,28103
Error,17889
FindNodeReq,48156
Error,48223
Error,30749
Error,52632
Error,29444
Error,37870
Error,17646
Error,26949
FindNodeReq,37653
Error,32585
Error,32680
Error,51938
Error,50594
FindNodeReq,28924
Error,17483
Error,36438
FindNodeReq,51001
Error,33111
FindNodeReq,36950
Error,34544
Error,40359
Error,29912
FindNodeReq,36965
Error,18414
Error,34443
FindNodeReq,56034
Error,32324
Error,32370
Error,29474
Error,36321
FindNodeReq,27996
Error,18485
Error,27834
FindNodeReq,29737
Error,32739
Error,40402
Error,31518
Error,29463
FindNodeReq,35835
Error,17363
Error,27474
FindNodeReq,36172
Error,33053
Error,33506
Error,29918
Error,36224
FindNodeReq,28286
Error,18695
Error,36403
FindNodeReq,50241
Error,32818
Error,40579
Error,35904
Error,29689
FindNodeReq,35970
Error,18602
Error,27169
FindNodeReq,36906
Error,32033
Error,33021
Error,29851
Error,36640
FindNodeReq,27679
Error,20620
Error,27129
FindNodeReq,28044
Error,33012
Error,41046
Error,36413
Error,29950
FindNodeReq,36352
Error,17844
Error,26582
FindNodeReq,38102
Error,31932
Error,33918
Error,29831
Error,37578
FindNodeReq,29195
Error,17496
Error,35403
FindNodeReq,49255
Error,32966
Error,33162
Error,36139
Error,29538
FindNodeReq,33934
Error,17539
Error,26948
FindNodeReq,37570
Error,32138
Error,32317
Error,29958
Error,35833
FindNodeReq,32589
Error,17724
Error,27317
FindNodeReq,29837
Error,33450
Error,40434
Error,37357
Error,44813
FindNodeReq,33809
Error,18522
Error,27036
FindNodeReq,37671
Error,31766
Error,32870
Error,30074
Error,55027
Error,18122
FindNodeReq,34566
Error,27312
FindNodeReq,28478
Error,32124
Error,32942
Error,41527
Error,30220
Error,25186
FindNodeReq,27660
Error,27763
FindNodeReq,35054
Error,32083
Error,33036
Error,29775
Error,49502
Error,19082
FindNodeReq,34730
Error,34624
FindNodeReq,48788
Error,32738
Error,33051
Error,50900
Error,29471
Error,32738
FindNodeReq,39597
FindNodeReq,50077
Error,55563
Error,31861
Error,32224
Error,29802
Error,49322
Error,17737
FindNodeReq,34372
Error,26834
FindNodeReq,28232
Error,33449
Error,34246
Error,37277
Error,48141
Error,35446
FindNodeReq,39444
FindNodeReq,49780
Error,56128
Error,31897
Error,43906
Error,50200
Error,29720
Error,19268
FindNodeReq,41973
Error,34202
FindNodeReq,48363
Error,32601
Error,33045
Error,50146
Error,30451
Error,25452
FindNodeReq,28227
FindNodeReq,49728
Error,55280
Error,31903
Error,40025
Error,42132
Error,44507
Error,17553
FindNodeReq,34441
Error,26508
FindNodeReq,27222
Error,31382
Error,33597
Error,36832
Error,48374
Error,25748
FindNodeReq,28395
FindNodeReq,53857
Error,48892
Error,31685
Error,40763
Error,29780
Error,30813
Error,17633
FindNodeReq,34618
Error,26888
FindNodeReq,28904
Error,31376
Error,32893
Error,38207
Error,29720
Error,25377
FindNodeReq,28309
Error,27741
FindNodeReq,30750
Error,32190
Error,39963
Error,29727
Error,29926
Error,18028
FindNodeReq,35193
Error,26490
FindNodeReq,27910
Error,31673
Error,33348
Error,49987
Error,35951
Error,18378
FindNodeReq,27887
Error,27587
FindNodeReq,27853
Error,32519
Error,43691
Error,29961
Error,30171
Error,17780
FindNodeReq,48348
FindNodeReq,39933
FindNodeReq,33249
Error,30958
Error,31757
Error,34796
Error,29421
Error,54347
Error,19777
FindNodeReq,51698
Error,34026
Error,30726
Error,49923
FindNodeReq,28110
Error,30125
Error,40709
Error,18713
FindNodeReq,48780
Error,28815
Error,36985
Error,39805
FindNodeReq,50858
Error,67897
Error,42013
Error,18206
FindNodeReq,49653
Error,48689
Error,31343
Error,39656
Error,30309
Error,30243
Error,18299
FindNodeReq,35071
Error,34158
FindNodeReq,55964
Error,31885
Error,32699
Error,29556
Error,36447
Error,18617
FindNodeReq,34749
Error,27468
FindNodeReq,28047
Error,32194
Error,41579
Error,30674
Error,29682
Error,19564
FindNodeReq,40982
Error,26651
FindNodeReq,35604
Error,31877
Error,33359
Error,29762
Error,42997
Error,18749
FindNodeReq,27371
Error,27768
FindNodeReq,28216
Error,32728
Error,40809
Error,29937
Error,30054
Error,25078
FindNodeReq,27520
Error,26362
FindNodeReq,37510
Error,31983
Error,33163
Error,29783
Error,37034
Error,18037
FindNodeReq,28070
Error,35534
FindNodeReq,49450
Error,32551
Error,40975
Error,30357
Error,29959
Error,24317
FindNodeReq,27543
Error,26630
FindNodeReq,36216
Error,31349
Error,33192
Error,30029
Error,36161
Error,18163
FindNodeReq,27183
Error,27745
FindNodeReq,29864
Error,33570
Error,40520
Error,50288
Error,29594
Error,25327
FindNodeReq,28520
FindNodeReq,49940
Error,55372
Error,31768
Error,33376
Error,50796
Error,35366
Error,18685
FindNodeReq,34082
Error,27791
FindNodeReq,28242
Error,30700
Error,32493
Error,37442
Error,29682
Error,24568
FindNodeReq,28628
Error,27316
FindNodeReq,35154
Error,31544
Error,33250
Error,29233
Error,54503
Error,18253
FindNodeReq,27434
Error,28362
Error,32560
FindNodeReq,51659
Error,47287
Error,42921
Error,29393
Error,24716
Error,33758
FindNodeReq,54976
Error,33134
Error,32616
Error,49796
Error,37800
FindNodeReq,36707
Error,18331
Error,27339
FindNodeReq,27886
Error,31419
Error,33949
Error,36543
Error,48101
FindNodeReq,45541
Error,43110
Error,27064
FindNodeReq,35978
Error,32643
Error,32717
Error,30056
Error,37186
FindNodeReq,34800
Error,18081
Error,34863
FindNodeReq,48809
Error,32957
Error,33599
Error,43290
Error,29211
FindNodeReq,35943
Error,18862
Error,26574
FindNodeReq,37623
Error,33477
Error,33478
Error,29768
Error,50331
FindNodeReq,38422
Error,17543
Error,27743
FindNodeReq,29174
Error,32872
Error,47569
Error,50110
Error,29257
FindNodeReq,46138
Error,43625
Error,26622
FindNodeReq,38262
Error,33825
Error,33221
Error,29854
Error,46455
FindNodeReq,33912
Error,17937
Error,27982
FindNodeReq,27254
Error,32283
Error,33362
Error,39973
Error,29717
FindNodeReq,39574
Error,18022
Error,26571
FindNodeReq,38197
Error,31887
Error,40318
Error,29677
Error,30620
FindNodeReq,36209
Error,17866
Error,34353
FindNodeReq,47971
Error,31456
Error,33438
Error,35980
Error,29761
FindNodeReq,34204
Error,17420
Error,27524
FindNodeReq,30399
Error,31941
Error,53108
Error,30193
Error,29845
FindNodeReq,36460
Error,17988
Error,26805
FindNodeReq,28036
Error,32504
Error,33488
Error,38045
Error,30011
FindNodeReq,33946
Error,17974
Error,27576
FindNodeReq,28329
Error,32755
Error,41225
Error,43981
Error,47301
FindNodeReq,35476
Error,17521
FindNodeReq,48685
Error,48684
Error,29957
Error,47315
Error,54207
Error,39065
Error,17743
Error,27284
FindNodeReq,29128
Error,31800
Error,39965
Error,43501
Error,43608
FindNodeReq,36418
Error,18905
FindNodeReq,47944
Error,47798
Error,31394
Error,32602
Error,50462
Error,29622
Error,18545
Error,27864
FindNodeReq,28212
Error,32053
Error,33805
Error,57814
Error,30967
Error,18219
FindNodeReq,58007
Error,58078
Error,31509
Error,47326
Error,36155
Error,49990
FindNodeReq,27787
Error,18754
Error,26836
FindNodeReq,27825
Error,31492
Error,43039
Error,30288
Error,36426
FindNodeReq,27420
Error,18923
Error,26581
FindNodeReq,27905
Error,31736
Error,42188
Error,29824
Error,29533
FindNodeReq,35885
Error,19096
Error,26722
FindNodeReq,28372
Error,32111
Error,32503
Error,38047
Error,46323
FindNodeReq,28769
Error,17696
Error,34708
FindNodeReq,56236
Error,32902
Error,33110
Error,29893
Error,37442
FindNodeReq,27329
Error,19132
Error,26832
FindNodeReq,27548
Error,32197
Error,42657
Error,29981
Error,38419
FindNodeReq,29043
Error,17442
Error,26930
FindNodeReq,28828
Error,32380
Error,41884
Error,29880
Error,29531
Error,25311
FindNodeReq,35535
Error,26468
FindNodeReq,27818
Error,32730
Error,32969
Error,50759
Error,29143
Error,18150
FindNodeReq,34842
Error,33504
FindNodeReq,55566
Error,32771
Error,32640
Error,29501
Error,43238
Error,18603
FindNodeReq,34494
Error,27059
FindNodeReq,35695
Error,31471
Error,33157
Error,30132
Error,40175
Error,18092
FindNodeReq,27159
Error,27518
FindNodeReq,27795
Error,33256
Error,40974
Error,29862
Error,29715
Error,17862
FindNodeReq,35144
Error,26925
FindNodeReq,28812
Error,30935
Error,32209
Error,37638
Error,30055
Error,17924
FindNodeReq,28390
Error,33851
FindNodeReq,55949
Error,33070
Error,33300
Error,29917
Error,38078
Error,18475
FindNodeReq,38574
Error,33854
FindNodeReq,56514
Error,33665
Error,33563
Error,29804
Error,41792
FindNodeReq,29467
Error,17542
FindNodeReq,41980
Error,47907
Error,32815
Error,42124
Error,49929
Error,31420
FindNodeReq,35788
Error,24210
Error,37123
FindNodeReq,51779
Error,32064
Error,33496
Error,38332
Error,36348
Error,18565
FindNodeReq,27822
Error,34667
FindNodeReq,48887
Error,32232
Error,44569
Error,50080
Error,32309
FindNodeReq,36416
Error,18265
FindNodeReq,44253
Error,49938
Error,32639
Error,33448
Error,50844
Error,36129
Error,18538
FindNodeReq,28188
FindNodeReq,49156
Error,49121
Error,31945
Error,39872
Error,49482
Error,30785
FindNodeReq,36574
Error,17671
FindNodeReq,41769
Error,47033
Error,33048
Error,33314
Error,51106
Error,47560
FindNodeReq,30015
Error,17822
FindNodeReq,50474
Error,49081
Error,31175
Error,40216
Error,42261
Error,60788
Error,18235
FindNodeReq,35135
Error,26867
FindNodeReq,28568
Error,32698
Error,33140
Error,29769
Error,38486
Error,19221
FindNodeReq,28081
Error,27750
FindNodeReq,28286
Error,31763
Error,41017
Error,31050
Error,29825
Error,19089
FindNodeReq,35267
Error,26926
FindNodeReq,37790
Error,37498
Error,35782
Error,49914
Error,37478
FindNodeReq,27843
Error,17529
Error,27998
FindNodeReq,30537
Error,32277
Error,40286
Error,29531
Error,30212
FindNodeReq,37111
Error,17668
Error,26838
FindNodeReq,38419
Error,32500
Error,33486
Error,29360
Error,36555
FindNodeReq,29342
Error,17549
Error,27619
FindNodeReq,28025
Error,31790
Error,41890
Error,29704
Error,30716
FindNodeReq,34453
Error,18005
Error,34927
FindNodeReq,56525
Error,32582
Error,32649
Error,30236
Error,37224
FindNodeReq,27859
Error,18056
Error,35729
FindNodeReq,49513
Error,32384
Error,41802
Error,36439
Error,29605
FindNodeReq,35824
Error,17983
Error,26398
FindNodeReq,41923
Error,31600
Error,32822
Error,29293
Error,36743
FindNodeReq,29509
Error,17981
Error,27459
FindNodeReq,28610
Error,32256
Error,40805
Error,35864
Error,29579
FindNodeReq,45669
Error,43407
Error,35280
FindNodeReq,57257
Error,32832
Error,33258
Error,29847
Error,37232
FindNodeReq,27746
Error,17664
Error,27793
FindNodeReq,30102
Error,32215
Error,47418
Error,42397
Error,29244
FindNodeReq,35871
Error,18248
Error,27499
FindNodeReq,38079
Error,32323
Error,33828
Error,29671
Error,36381
FindNodeReq,33716
Error,17848
Error,27248
FindNodeReq,27826
Error,32458
Error,32858
Error,45965
Error,45612
FindNodeReq,34122
Error,18072
Error,26845
FindNodeReq,36003
Error,31633
Error,33277
Error,29867
Error,36000
FindNodeReq,33955
Error,18045
Error,34996
FindNodeReq,48616
Error,32361
Error,33472
Error,37560
Error,29400
FindNodeReq,34061
Error,17750
Error,26791
FindNodeReq,38996
Error,31788
Error,29974
Error,33257
Error,54963
Error,17466
FindNodeReq,36704
Error,33351
FindNodeReq,47255
Error,31432
Error,42659
Error,40435
Error,31873
Error,17814
FindNodeReq,55694
Error,55854
Error,30321
Error,34845
Error,30230
Error,42234
Error,19281
FindNodeReq,35710
Error,27194
Error,31656
Error,44273
FindNodeReq,33586
Error,43495
Error,35280
Error,25057
FindNodeReq,69915
Error,77229
Error,65354
Error,51911
Error,38334
FindNodeReq,29667
Error,31072
UpdateRouteReq,16900
UpdateRouteReq,23757
Error,30044
UpdateRouteReq,32698
Error,40280
Error,36456
Error,56681
Error,35184
Error,30214
Error,43353
Error,44577
Error,43261
Error,43941
Error,44421
FindNodeReq,66029
Error,19090
Error,18125
Error,33113
Error,44261
Error,40703
Error,35152
Error,25257
FindNodeReq,28383
Error,28098
Error,32903
FindNodeReq,33754
Error,30649
Error,44556
Error,50438
Error,18176
FindNodeReq,35231
Error,27170
FindNodeReq,29241
Error,32294
Error,33751
Error,50314
Error,29159
Error,25353
FindNodeReq,47083
Error,47005
Error,32405
Error,39737
Error,42307
Error,29185
FindNodeReq,34156
Error,18239
Error,27700
FindNodeReq,27961
Error,31572
Error,32646
Error,36401
Error,52333
FindNodeReq,27492
Error,17764
Error,27333
FindNodeReq,31268
Error,43229
Error,60083
FindNodeReq,59742
Error,77270
Error,61705
Error,48165
Error,44809
Error,52741
Error,38711
UpdateRouteReq,16877
UpdateRouteReq,15648
Error,18641
UpdateRouteReq,60655
Error,61354
UpdateRouteReq,72354
UpdateRouteReq,48171
Error,57313
Error,57334
FindNodeReq,39551
Error,38261
Error,62793
Error,39517
Error,40003
FindNodeReq,37136
Error,39170
Error,34147
Error,17965
Error,27285
Error,31515
FindNodeReq,34533
Error,29048
Error,31105
Error,29931
Error,26629
Error,31149
FindNodeReq,41916
Error,49232
Error,39490
Error,36284
Error,44276
Error,46748
Error,37640
Error,47512
Error,19370
FindNodeReq,38499
Error,32193
Error,32837
Error,48634
FindNodeReq,74282
Error,71067
Error,110624
Error,71654
Error,91893
Error,108454
Error,50093
FindNodeReq,54398
Error,70275
Error,44990
Error,54144
Error,60941
Error,27375
Error,42338
Error,47059
Error,47249
Error,48281
Error,13067
Error,32707
FindNodeReq,37755
Error,31422
Error,41236
Error,46735
Error,38079
FindNodeReq,32164
FindNodeReq,40839
Error,28174
Error,38255
FindNodeReq,33425
Error,43443
Error,41670
Error,35808
Error,32664
FindNodeReq,35633
Error,20361
Error,31501
FindNodeReq,34283
Error,49415
Error,38463
Error,30469
Error,55142
Error,20411
FindNodeReq,40721
Error,39092
Error,33151
Error,42971
Error,48922
Error,18321
FindNodeReq,34902
Error,26547
FindNodeReq,27872
Error,31327
Error,33368
Error,50581
Error,29509
Error,25859
FindNodeReq,28958
FindNodeReq,48732
Error,54819
Error,31320
Error,33203
Error,51736
Error,29438
Error,18795
FindNodeReq,44955
Error,34960
FindNodeReq,49942
Error,31968
Error,40004
Error,29312
Error,30219
Error,19051
FindNodeReq,28094
Error,27059
FindNodeReq,28065
Error,31314
Error,42559
Error,32179
Error,29034
Error,17596
FindNodeReq,35133
Error,27317
FindNodeReq,27824
Error,31505
Error,41195
Error,30604
Error,30394
Error,17799
FindNodeReq,36222
Error,33725
FindNodeReq,48025
Error,33103
Error,32637
Error,52202
Error,29537
Error,18139
FindNodeReq,33951
Error,27293
FindNodeReq,46082
Error,31078
Error,33127
Error,43595
Error,35874
Error,17762
Error,33076
FindNodeReq,46864
Error,32616
Error,40255
Error,49841
Error,31082
FindNodeReq,36642
Error,17526
Error,26950
FindNodeReq,29502
Error,32367
Error,43132
Error,29645
Error,29621
FindNodeReq,36629
Error,17620
Error,26589
FindNodeReq,27316
Error,31047
Error,33134
Error,40713
Error,29389
FindNodeReq,28864
Error,17307
Error,27228
FindNodeReq,36216
Error,33162
Error,32711
Error,30199
Error,36838
FindNodeReq,29029
Error,17144
Error,26839
FindNodeReq,30036
Error,32077
Error,41761
Error,31083
Error,37475
FindNodeReq,28735
Error,17324
Error,27284
FindNodeReq,27811
Error,32433
Error,42268
Error,29546
Error,30045
FindNodeReq,36769
Error,17687
Error,34581
FindNodeReq,47867
Error,33891
Error,32912
Error,38892
Error,29456
FindNodeReq,27403
Error,18868
Error,27166
FindNodeReq,36073
Error,33251
Error,33247
Error,29399
Error,36834
FindNodeReq,29208
Error,17622
Error,27492
FindNodeReq,27398
Error,33119
Error,40531
Error,29858
Error,36098
FindNodeReq,28660
Error,17092
Error,27310
FindNodeReq,29899
Error,32195
Error,40931
Error,30086
Error,29733
FindNodeReq,36489
Error,17494
Error,35024
FindNodeReq,48489
Error,33333
Error,32589
Error,37362
Error,29988
FindNodeReq,28757
Error,17340
Error,26848
FindNodeReq,41796
Error,32599
Error,32670
Error,29335
Error,37012
FindNodeReq,28979
Error,17615
Error,34856
FindNodeReq,56825
Error,33258
Error,32970
Error,29423
Error,36958
FindNodeReq,27602
Error,18139
Error,33891
FindNodeReq,47965
Error,33852
Error,40700
Error,30074
Error,29828
Error,19178
FindNodeReq,42283
Error,33937
FindNodeReq,47772
Error,31448
Error,32212
Error,51834
Error,29367
Error,17919
FindNodeReq,27680
Error,33873
FindNodeReq,56246
Error,32699
Error,32624
Error,29645
Error,29858
Error,17788
FindNodeReq,34589
Error,26864
FindNodeReq,27753
Error,32642
Error,32986
Error,36210
Error,48764
Error,25619
FindNodeReq,35400
Error,27406
FindNodeReq,35925
Error,32826
Error,44301
Error,29920
Error,29654
Error,19056
FindNodeReq,34836
Error,27295
FindNodeReq,28850
Error,33547
Error,33731
Error,35851
Error,29669
Error,24645
FindNodeReq,27860
Error,27590
FindNodeReq,27922
Error,32675
Error,41769
Error,30110
Error,30003
Error,17961
FindNodeReq,34699
Error,26394
FindNodeReq,38357
Error,33124
Error,33470
Error,37003
Error,29616
Error,25498
FindNodeReq,28168
Error,35062
FindNodeReq,48821
Error,31977
Error,40291
Error,30812
Error,29964
Error,17804
FindNodeReq,34163
Error,27058
FindNodeReq,29614
Error,33028
Error,32932
Error,37870
Error,36607
Error,17828
FindNodeReq,27453
Error,34643
FindNodeReq,48681
Error,31834
Error,41553
Error,30468
Error,30065
Error,18593
FindNodeReq,34341
Error,34859
FindNodeReq,48903
Error,31331
Error,32900
Error,37646
Error,29710
Error,36961
FindNodeReq,60214
Error,46065
FindNodeReq,42159
Error,64066
Error,34528
Error,42478
Error,48142
Error,18017
FindNodeReq,28349
Error,33606
FindNodeReq,56278
Error,33287
Error,32846
Error,43697
Error,36645
Error,18778
FindNodeReq,34180
Error,28062
FindNodeReq,29279
Error,31532
Error,42606
Error,30097
Error,38485
Error,18090
FindNodeReq,27237
Error,33792
FindNodeReq,47861
Error,31818
Error,42724
Error,29581
Error,29304
Error,18681
FindNodeReq,35419
Error,27684
FindNodeReq,28196
Error,32494
Error,32661
Error,37258
Error,48777
Error,18324
FindNodeReq,27338
Error,26828
FindNodeReq,37692
Error,42369
Error,32825
Error,30601
Error,37581
Error,18546
FindNodeReq,27636
Error,28292
FindNodeReq,27823
Error,31584
Error,41991
Error,31515
Error,37145
Error,18251
FindNodeReq,27508
Error,35126
FindNodeReq,49135
Error,32713
Error,41109
Error,29793
Error,48032
Error,18117
FindNodeReq,41681
Error,27457
FindNodeReq,27511
Error,32322
Error,32451
Error,38300
Error,29260
Error,17794
FindNodeReq,27391
Error,27437
FindNodeReq,39713
Error,32699
Error,34102
Error,29582
Error,37284
Error,18654
FindNodeReq,28066
Error,27510
FindNodeReq,36621
Error,33282
Error,33766
Error,30264
Error,36614
Error,18597
FindNodeReq,27415
Error,33728
FindNodeReq,48121
Error,31849
Error,40950
Error,49558
Error,31391
Error,18458
FindNodeReq,41227
Error,27079
Error,34426
Error,33332
Error,48119
FindNodeReq,45709
Error,62795
Error,18459
FindNodeReq,52832
Error,27710
Error,38800
Error,33921
Error,31077
FindNodeReq,47828
Error,29792
Error,17966
FindNodeReq,58342
Error,64335
Error,32558
Error,32640
Error,42633
Error,36672
Error,18639
FindNodeReq,27944
Error,27038
FindNodeReq,29086
Error,31901
Error,42414
Error,29861
Error,30067
Error,17940
FindNodeReq,41944
Error,27228
FindNodeReq,29735
Error,32853
Error,33058
Error,38438
Error,30012
Error,18082
FindNodeReq,27340
Error,27005
FindNodeReq,38511
Error,32261
Error,43677
Error,31067
Error,29815
Error,17991
FindNodeReq,35135
Error,27334
FindNodeReq,28709
Error,32988
Error,33867
Error,39136
Error,29748
Error,25179
FindNodeReq,27454
Error,27737
Error,42556
FindNodeReq,48454
FindNodeReq,61750
Error,44248
Error,41340
Error,44400
Error,18205
Error,33163
FindNodeReq,47758
Error,32139
Error,34094
Error,49790
Error,29631
FindNodeReq,36822
Error,18989
Error,27818
FindNodeReq,31065
Error,32117
Error,41495
Error,30422
Error,29434
FindNodeReq,36931
Error,18109
Error,28069
FindNodeReq,28104
Error,32513
Error,32774
Error,38016
Error,36263
FindNodeReq,28197
Error,18115
Error,35323
FindNodeReq,49081
Error,32960
Error,39927
Error,29552
Error,31215
FindNodeReq,33681
Error,17958
Error,27532
FindNodeReq,29424
Error,30099
Error,48005
Error,49770
Error,36313
FindNodeReq,29328
Error,17445
FindNodeReq,48728
Error,48567
Error,32188
Error,40736
Error,30988
Error,30512
FindNodeRsp,31693
Error,18429
FindNodeReq,49006
Error,49128
Error,30810
Error,34086
Error,31468
Error,36039
Error,19543
FindNodeReq,49130
Error,49198
Error,32386
Error,39982
Error,29718
Error,30179
FindNodeReq,33609
Error,17851
Error,27544
FindNodeReq,29100
Error,32686
Error,33337
Error,30435
Error,36359
FindNodeReq,29803
Error,24053
FindNodeReq,45078
Error,34605
FindNodeReq,48625
Error,33079
Error,40296
Error,29852
Error,29997
FindNodeReq,38424
Error,18302
Error,27167
FindNodeReq,40582
Error,33430
Error,32990
Error,50556
Error,36153
FindNodeReq,32232
Error,17519
FindNodeReq,49457
Error,49608
Error,32263
Error,39892
Error,30246
Error,30108
Error,19381
FindNodeReq,35561
Error,28615
Error,32937
FindNodeReq,35959
Error,30958
Error,35580
Error,46131
Error,18629
FindNodeReq,28937
Error,27627
Error,33383
FindNodeReq,27996
Error,47199
Error,34178
Error,43048
Error,19024
FindNodeReq,46893
Error,47065
Error,31099
Error,34017
Error,57963
Error,31826
Error,18946
FindNodeReq,58328
Error,58483
Error,31351
Error,31804
Error,29763
Error,36900
FindNodeReq,28071
Error,18534
Error,27336
FindNodeReq,29190
Error,32742
Error,42514
Error,30773
Error,30753
FindNodeReq,36384
Error,17839
Error,26924
FindNodeReq,29006
Error,31523
Error,42414
Error,30467
Error,31259
FindNodeReq,35556
Error,17561
Error,34773
FindNodeReq,48145
Error,31739
Error,33406
Error,38147
Error,29143
FindNodeReq,29231
Error,17695
Error,35188
FindNodeReq,56553
Error,31890
Error,32692
Error,29373
Error,36116
FindNodeReq,29245
Error,25541
Error,35732
FindNodeReq,49157
Error,32511
Error,43441
Error,29773
Error,30096
FindNodeReq,35256
Error,18334
Error,27255
FindNodeReq,27434
Error,31676
Error,40837
Error,29907
Error,29248
FindNodeReq,36100
Error,17947
Error,28007
FindNodeReq,27258
Error,31115
Error,32917
Error,37739
Error,29032
FindNodeReq,29071
Error,17740
Error,26660
FindNodeReq,39912
Error,33112
Error,33187
Error,29252
Error,40610
FindNodeReq,27927
Error,18466
Error,26721
FindNodeReq,27860
Error,32093
Error,41243
Error,31082
Error,38101
FindNodeReq,30090
Error,17607
Error,26884
FindNodeReq,28325
Error,31351
Error,41700
Error,30794
Error,28988
FindNodeReq,36004
Error,17585
Error,27538
FindNodeReq,29320
Error,36284
Error,33730
Error,29978
Error,29632
FindNodeReq,37909
Error,18688
Error,34651
FindNodeReq,48313
Error,31761
Error,33047
Error,38768
Error,29400
Error,18734
FindNodeReq,27674
Error,26914
FindNodeReq,36034
Error,33093
Error,32932
Error,30443
Error,39600
Error,18516
FindNodeReq,27243
Error,33595
FindNodeReq,56404
Error,32363
Error,32356
Error,30400
Error,37093
Error,18393
FindNodeReq,27506
Error,35588
FindNodeReq,50574
Error,32141
Error,41902
Error,30458
Error,29801
Error,18676
FindNodeReq,35567
Error,34081
FindNodeReq,48573
Error,31816
Error,32849
Error,37165
Error,29701
Error,17841
FindNodeReq,28169
Error,27361
FindNodeReq,36480
Error,33355
Error,44417
Error,29354
Error,29458
Error,19496
FindNodeReq,35073
Error,27717
FindNodeReq,28269
Error,33202
Error,33061
Error,36528
Error,42008
Error,24369
FindNodeReq,27888
Error,27160
FindNodeReq,36264
Error,32759
Error,39280
Error,29370
Error,29997
Error,17803
FindNodeReq,34333
Error,35092
FindNodeReq,48973
Error,31513
Error,33754
Error,36512
Error,29582
Error,24989
FindNodeReq,27517
Error,34838
FindNodeReq,48536
Error,32352
Error,41716
Error,30005
Error,29449
Error,19281
FindNodeReq,34804
Error,28191
FindNodeReq,27704
Error,32390
Error,33626
Error,50342
Error,35523
Error,19183
FindNodeReq,34547
Error,27947
FindNodeReq,29229
Error,31948
Error,41216
Error,30615
Error,29803
Error,19288
FindNodeReq,34842
Error,27932
FindNodeReq,27742
Error,31047
Error,33229
Error,49234
Error,35345
Error,18662
FindNodeReq,33893
Error,27565
FindNodeReq,27810
Error,31943
Error,41016
Error,30790
Error,49113
Error,18512
FindNodeReq,51877
Error,27087
FindNodeReq,29801
Error,32670
Error,33315
Error,29938
Error,55151
Error,18668
FindNodeReq,27667
Error,27474
FindNodeReq,28173
Error,31571
Error,41041
Error,29905
Error,30111
Error,18975
FindNodeReq,34846
Error,26966
FindNodeReq,30790
Error,31371
Error,33071
Error,29729
Error,55188
Error,18879
FindNodeReq,27699
Error,27943
FindNodeReq,30407
Error,33184
Error,41032
Error,29802
Error,30082
Error,18761
FindNodeReq,34996
Error,34929
FindNodeReq,59096
Error,32696
Error,32754
Error,30001
Error,36428
Error,19168
FindNodeReq,27635
Error,28620
FindNodeReq,30030
Error,31156
Error,40580
Error,41950
Error,43569
Error,17760
Error,27734
FindNodeReq,27263
Error,31398
Error,55384
Error,45327
Error,44468
FindNodeReq,35544
Error,17630
Error,27819
FindNodeReq,28928
Error,32480
Error,33912
Error,29768
Error,30062
FindNodeReq,40048
Error,17887
Error,26727
FindNodeReq,27601
Error,32704
Error,33117
Error,41930
Error,29564
FindNodeReq,36216
Error,17737
Error,27536
FindNodeReq,36266
Error,32317
Error,33117
Error,29764
Error,30372
FindNodeReq,36042
Error,17632
Error,26820
FindNodeReq,28562
Error,31745
Error,32992
Error,36973
Error,29353
FindNodeReq,35756
Error,19048
Error,27338
FindNodeReq,36608
Error,32120
Error,40434
Error,30603
Error,31125
FindNodeReq,36272
Error,17985
Error,27273
FindNodeReq,27263
Error,31662
Error,33155
Error,37760
Error,29850
FindNodeReq,37059
Error,19025
Error,27313
FindNodeReq,38406
Error,31190
Error,40493
Error,29562
Error,30391
FindNodeReq,36457
Error,18455
Error,27689
FindNodeReq,27472
Error,32378
Error,33138
Error,36765
Error,30132
FindNodeReq,35821
Error,17756
Error,27716
FindNodeReq,28659
Error,32349
Error,40673
Error,30146
Error,49056
Error,19301
FindNodeReq,35855
Error,27839
FindNodeReq,29149
Error,30245
Error,33879
Error,56447
Error,31318
FindNodeReq,45691
Error,43529
Error,28424
FindNodeReq,30205
Error,32569
Error,39948
Error,42128
Error,43772
FindNodeReq,44818
Error,17744
FindNodeReq,47338
Error,47487
Error,31753
Error,33162
Error,51147
Error,35307
Error,18879
FindNodeReq,50275
Error,50163
Error,31116
Error,56640
Error,30681
Error,41498
Error,19450
FindNodeReq,36505
Error,27203
Error,33264
FindNodeReq,44345
Error,36141
Error,41797
Error,41596
Error,18243
FindNodeReq,43727
Error,33925
Error,31957
Error,43531
Error,35832
Error,41751
Error,33912
FindNodeReq,50503
Error,50106
Error,31750
Error,33290
Error,50374
Error,37414
Error,19514
FindNodeReq,30604
FindNodeReq,48225
Error,48528
Error,32021
Error,40767
Error,34220
Error,50550
Error,19274
FindNodeReq,36159
Error,12575
Error,40288
FindNodeReq,29722
Error,32355
Error,41624
Error,51017
Error,18721
Error,27932
FindNodeReq,28370
Error,29847
Error,41770
Error,33871
Error,44129
Error,18079
FindNodeReq,43099
Error,40697
Error,32765
Error,34856
Error,36060
Error,43547
Error,27180
Error,44618
Error,66236
FindNodeReq,30804
Error,31872
Error,30967
Error,50778
Error,31430
Error,44950
Error,37219
Error,54662
Error,50805
Error,39713
Error,62347
Error,37997
Error,30189
Error,36619
Error,39164
Error,25665
Error,24543
Error,13861
Error,13191
Error,12621
Error,12341
Error,12937
Error,12660
FindNodeReq,35429
UpdateRouteReq,81599
UpdateRouteReq,39536
UpdateRouteReq,17463
UpdateRouteReq,24381
UpdateRouteReq,16802
FindNodeReq,62346
Error,55928
Error,35187
Error,46241
Error,42089
Error,34895
FindNodeReq,46597
Error,44646
FindNodeReq,32275
Error,29185
FindNodeReq,38157
Error,32208
Error,33131
Error,44652
Error,53590
Error,19764
FindNodeReq,38351
FindNodeReq,50710
Error,51134
Error,34970
Error,34827
Error,53114
Error,30520
FindNodeReq,44509
Error,19779
FindNodeReq,46031
Error,50793
Error,46610
FindNodeReq,32094
Error,33199
Error,45883
Error,42329
Error,18365
FindNodeReq,50852
Error,51011
Error,34701
Error,34982
Error,50840
Error,31733
Error,26788
FindNodeReq,29397
FindNodeReq,58365
Error,58618
Error,34078
Error,33612
Error,31001
Error,51038
Error,20599
FindNodeReq,43353
Error,28679
Error,34253
Error,49635
Error,53464
FindNodeReq,42371
Error,66313
Error,26192
FindNodeReq,56015
Error,61580
Error,33952
Error,34526
Error,30811
Error,51473
Error,20182
FindNodeReq,42738
FindNodeReq,59685
Error,28517
FindNodeReq,29571
Error,36598
Error,56432
Error,43147
Error,31592
Error,19314
FindNodeReq,33417
Error,28316
FindNodeReq,39628
Error,33853
Error,41972
Error,44167
Error,46626
Error,20368
FindNodeReq,36983
Error,36011
FindNodeReq,51574
Error,33670
Error,34501
Error,38648
Error,31390
FindNodeReq,38623
Error,18591
FindNodeReq,53196
Error,59546
Error,33904
Error,44876
Error,30937
Error,31064
Error,27555
FindNodeReq,49522
FindNodeReq,45451
Error,51957
Error,31842
Error,48861
Error,41517
Error,32423
FindNodeReq,47911
Error,45830
FindNodeReq,53432
Error,52189
Error,33690
Error,41432
Error,30945
Error,31262
Error,19650
FindNodeReq,36004
Error,36964
FindNodeReq,51015
Error,33675
Error,34636
Error,41085
Error,37444
Error,19524
FindNodeReq,28943
Error,37146
FindNodeReq,52407
Error,34494
Error,41697
Error,31156
Error,31307
Error,20017
FindNodeReq,37081
Error,36090
FindNodeReq,51396
Error,34244
Error,34190
Error,39813
Error,38425
Error,20047
FindNodeReq,28750
Error,37659
FindNodeReq,52580
Error,34065
Error,42265
Error,30621
Error,31193
Error,19377
FindNodeReq,35847
Error,37126
FindNodeReq,51648
Error,34065
Error,34479
Error,60841
Error,39312
Error,20023
FindNodeReq,36070
Error,38502
FindNodeReq,53378
Error,33987
Error,41120
Error,31624
Error,51632
Error,19730
FindNodeReq,39060
Error,36372
FindNodeReq,51468
Error,33788
Error,34067
Error,31799
Error,37104
Error,20141
FindNodeReq,29073
Error,36781
FindNodeReq,51551
Error,34093
Error,42453
Error,30913
Error,31352
Error,19513
FindNodeReq,35958
Error,28506
FindNodeReq,38695
Error,33827
Error,49633
Error,61114
Error,37847
Error,19795
FindNodeReq,29205
Error,36667
FindNodeReq,51776
Error,34287
Error,42375
Error,31304
Error,31535
Error,19247
FindNodeReq,35987
Error,36707
FindNodeReq,52445
Error,33953
Error,42472
Error,52001
Error,32983
FindNodeReq,37521
Error,25278
FindNodeReq,44525
Error,50180
Error,32295
Error,56922
Error,51788
Error,43646
Error,20038
FindNodeReq,37296
FindNodeReq,49606
Error,49559
Error,33647
Error,34411
Error,38749
Error,30530
FindNodeReq,45059
Error,42676
FindNodeReq,52565
Error,58933
Error,34552
Error,33875
Error,31446
Error,51408
Error,19547
FindNodeReq,36834
Error,35868
FindNodeReq,50261
Error,33958
Error,34366
Error,43758
Error,30916
Error,25985
FindNodeReq,29131
Error,36079
FindNodeReq,59281
Error,33379
Error,42205
Error,31287
Error,31181
Error,18632
FindNodeReq,36315
Error,28507
FindNodeReq,31124
Error,33725
Error,49683
Error,52312
Error,30828
Error,26119
FindNodeReq,30683
Error,48206
FindNodeReq,37682
Error,34005
Error,62973
Error,76371
Error,87508
UpdateRouteReq,93657
Error,121048
UpdateRouteReq,133559
FindNodeReq,47549
Error,63084
Error,89813
Error,106208
Error,30758
Error,68064
Error,91805
Error,109661
Error,126599
Error,61067
Error,39322
Error,45088
Error,59336
Error,20178
Error,38443
Error,317093
Error,49456
Error,48922
Error,65498
Error,66613
Error,67932
FindNodeReq,29054
Error,32992
Error,46728
Error,42126
Error,57542
Error,20352
FindNodeReq,35066
FindNodeReq,38588
Error,29093
Error,32104
FindNodeReq,34941
Error,29312
Error,29773
Error,40374
Error,34337
FindNodeReq,39218
Error,27969
FindNodeReq,37361
Error,36524
Error,35282
Error,49786
Error,37683
Error,18572
FindNodeReq,48896
Error,49163
Error,32134
Error,48487
Error,47872
Error,54364
FindNodeReq,27634
Error,18066
Error,28204
FindNodeReq,27672
Error,32944
Error,39765
Error,36152
Error,29979
FindNodeReq,35855
Error,18016
Error,26803
FindNodeReq,36360
Error,32479
Error,32227
Error,30310
Error,45023
FindNodeReq,33107
Error,17364
Error,35137
FindNodeReq,48968
Error,31490
Error,32764
Error,42470
Error,29507
FindNodeReq,34281
Error,18238
Error,27159
FindNodeReq,37999
Error,33031
Error,32036
Error,29410
Error,55572
FindNodeReq,29792
Error,19057
Error,28104
FindNodeReq,29545
Error,33037
Error,47178
Error,50312
Error,29445
FindNodeReq,36736
Error,17836
FindNodeReq,56546
Error,56794
Error,31185
Error,33264
Error,51172
Error,35911
Error,18236
FindNodeReq,49614
Error,49668
Error,31437
Error,33780
Error,50553
Error,29613
Error,35717
Error,26962
FindNodeReq,39038
Error,31777
Error,33606
Error,29794
Error,39382
Error,19166
FindNodeReq,35150
Error,27197
FindNodeReq,29636
Error,31890
Error,32966
Error,36749
Error,29125
Error,24960
Error,33426
FindNodeReq,56036
Error,31681
Error,47168
Error,52365
Error,44898
FindNodeReq,36279
Error,17729
Error,27360
FindNodeReq,29328
Error,32542
Error,32397
Error,36422
Error,46573
FindNodeReq,35992
Error,17737
Error,27305
FindNodeReq,33625
Error,33238
Error,32764
Error,55645
Error,36318
FindNodeReq,29944
Error,18698
FindNodeReq,48929
Error,48942
Error,31461
Error,40339
Error,42739
Error,43937
Error,18274
FindNodeReq,48695
Error,48862
Error,31523
Error,32914
Error,36343
Error,36553
FindNodeReq,27885
Error,17997
Error,28180
FindNodeReq,29453
Error,32672
Error,36991
Error,33033
Error,29227
Error,17739
FindNodeReq,37127
Error,27784
FindNodeReq,30511
Error,31896
Error,48134
Error,50617
Error,38936
Error,19342
FindNodeReq,27547
Error,27312
FindNodeReq,28824
Error,32716
Error,42178
Error,30253
Error,29688
Error,19191
FindNodeReq,35387
Error,34352
FindNodeReq,48842
Error,33711
Error,32886
Error,29727
Error,35529
Error,18021
FindNodeReq,27668
Error,28007
FindNodeReq,28054
Error,32782
Error,39925
Error,35254
Error,30600
FindNodeReq,33911
Error,18076
FindNodeReq,56655
Error,56913
Error,30666
Error,47605
Error,30162
Error,37804
Error,18152
Error,27508
FindNodeReq,30845
Error,31890
Error,42113
Error,30512
Error,29598
Error,19138
FindNodeReq,35626
Error,28180
FindNodeReq,30125
Error,29847
Error,39680
Error,29997
Error,49742
Error,18811
Error,33660
FindNodeReq,46879
Error,31345
Error,54641
Error,43785
Error,29172
FindNodeReq,35268
Error,19328
Error,27830
FindNodeReq,30308
Error,30990
Error,42152
Error,30571
Error,30239
FindNodeReq,48770
Error,17849
Error,27425
FindNodeReq,28024
Error,32085
Error,33990
Error,37833
Error,30109
FindNodeReq,29318
Error,18077
Error,27945
FindNodeReq,35960
Error,33061
Error,33350
Error,30180
Error,53615
FindNodeReq,29015
Error,19290
Error,27173
FindNodeReq,28043
Error,32846
Error,40852
Error,30555
Error,30330
FindNodeReq,39702
Error,17989
Error,27787
FindNodeReq,27778
Error,32624
Error,40681
Error,30639
Error,29789
FindNodeReq,35978
Error,18147
Error,34627
FindNodeReq,48082
Error,31132
Error,32120
Error,38419
Error,29370
FindNodeReq,29154
Error,17653
Error,27211
FindNodeReq,35898
Error,31917
Error,32180
Error,30253
Error,36545
FindNodeReq,29549
Error,17853
Error,27232
FindNodeReq,27842
Error,31348
Error,40947
Error,29705
Error,39991
Error,18517
FindNodeReq,27608
Error,27068
FindNodeReq,28132
Error,31910
Error,40942
Error,29994
Error,29682
Error,18228
FindNodeReq,34721
Error,27325
FindNodeReq,28106
Error,32068
Error,32523
Error,37279
Error,29823
Error,18025
FindNodeReq,27500
Error,33531
FindNodeReq,56180
Error,32047
Error,32809
Error,30615
Error,40350
Error,18782
FindNodeReq,27502
Error,27497
FindNodeReq,29502
Error,32116
Error,41962
Error,49838
Error,37556
FindNodeReq,30048
Error,18568
FindNodeReq,42462
Error,48160
Error,31489
Error,45500
Error,30610
Error,30212
Error,18006
FindNodeReq,35209
Error,27548
FindNodeReq,28017
Error,31382
Error,32783
Error,38508
Error,29321
Error,18685
FindNodeReq,27907
Error,28382
FindNodeReq,35931
Error,32120
Error,32510
Error,29955
Error,55819
Error,18727
FindNodeReq,27713
Error,27198
FindNodeReq,36552
Error,32337
Error,32990
Error,29682
Error,37525
Error,18715
FindNodeReq,27547
Error,27148
FindNodeReq,28378
Error,31501
Error,41047
Error,49858
Error,31076
Error,18928
FindNodeReq,41711
Error,27357
FindNodeReq,28715
Error,33044
Error,33344
Error,56997
Error,31368
Error,18379
FindNodeReq,28417
Error,34679
FindNodeReq,57039
Error,33091
Error,33243
Error,30148
Error,30462
Error,19379
FindNodeReq,34747
Error,27530
FindNodeReq,28001
Error,32741
Error,48082
Error,54606
Error,29289
Error,25630
FindNodeReq,55528
Error,56135
Error,31853
Error,41312
Error,49985
Error,30949
FindNodeReq,37025
Error,18792
Error,28477
FindNodeReq,29045
Error,32777
Error,33182
Error,36035
Error,48258
FindNodeReq,46821
Error,44108
Error,27474
FindNodeReq,29844
Error,32149
Error,39985
Error,29607
Error,30256
FindNodeReq,35696
Error,18025
Error,27641
FindNodeReq,27956
Error,31413
Error,33470
Error,36351
Error,45058
FindNodeReq,39564
Error,18077
Error,28965
FindNodeReq,28220
Error,32379
Error,40237
Error,29348
Error,46001
FindNodeReq,37078
Error,25535
Error,27701
FindNodeReq,27898
Error,31865
Error,33371
Error,36304
Error,37111
Error,18926
FindNodeReq,27451
Error,27587
FindNodeReq,29071
Error,31516
Error,40630
Error,50430
Error,31330
Error,18310
FindNodeReq,34504
Error,26791
FindNodeReq,28039
Error,31218
Error,32880
Error,49536
Error,35701
Error,18800
FindNodeReq,27683
Error,35322
FindNodeReq,29781
Error,31335
Error,42097
Error,30155
Error,49672
Error,18077
FindNodeReq,34889
Error,27511
FindNodeReq,27791
Error,32323
Error,32994
Error,31276
Error,36112
Error,18112
FindNodeReq,27715
Error,35078
FindNodeReq,49162
Error,32104
Error,40416
Error,30288
Error,29839
Error,18761
FindNodeReq,41352
Error,27791
FindNodeReq,28385
Error,32449
Error,33059
Error,30334
Error,39113
Error,18243
FindNodeReq,28367
FindNodeReq,48487
Error,49084
Error,31073
Error,78076
Error,49416
Error,37928
Error,18412
FindNodeReq,47475
Error,53733
Error,33379
Error,32815
Error,50507
Error,35328
Error,19610
FindNodeReq,28496
FindNodeReq,49348
Error,49481
Error,30976
Error,39848
Error,50054
Error,31478
FindNodeReq,36756
Error,18240
FindNodeReq,49693
Error,56407
Error,32623
Error,33934
Error,49912
Error,38953
Error,18799
FindNodeReq,27983
Error,35350
FindNodeReq,49034
Error,32187
Error,41801
Error,29951
Error,29938
Error,25196
FindNodeReq,28448
FindNodeReq,51068
Error,56664
Error,31970
Error,33353
Error,51598
Error,35637
Error,18321
FindNodeReq,27718
Error,27613
FindNodeReq,28170
Error,31697
Error,40458
Error,36685
Error,29720
Error,25411
FindNodeReq,27365
Error,26965
FindNodeReq,36985
Error,32988
Error,32556
Error,30349
Error,36839
Error,18844
FindNodeReq,27294
Error,35322
FindNodeReq,49795
Error,32140
Error,39206
Error,36663
Error,29838
Error,28120
FindNodeReq,27968
Error,28065
FindNodeReq,36094
Error,32668
Error,30377
Error,53526
Error,38321
FindNodeReq,28249
Error,17886
FindNodeReq,50923
Error,50959
Error,32418
Error,32928
Error,46356
Error,29573
Error,24698
Error,34540
FindNodeReq,56976
Error,33114
Error,32692
Error,29788
Error,36504
FindNodeReq,27884
Error,18604
Error,28159
FindNodeReq,27774
Error,31070
Error,32720
Error,37148
Error,29741
FindNodeReq,36077
Error,17600
Error,28053
FindNodeReq,39121
Error,33938
Error,33180
Error,30101
Error,36597
FindNodeReq,35881
Error,17869
Error,27309
FindNodeReq,28850
Error,31772
Error,33162
Error,36346
Error,29868
FindNodeReq,46090
Error,43741
Error,27066
FindNodeReq,36875
Error,32554
Error,32147
Error,29235
Error,48941
FindNodeReq,40180
Error,18596
Error,27599
FindNodeReq,27929
Error,32456
Error,33515
Error,37126
Error,43424
FindNodeReq,35712
Error,19325
Error,35799
FindNodeReq,57530
Error,32014
Error,33065
Error,29335
Error,45591
FindNodeReq,35949
Error,18950
Error,27458
FindNodeReq,28840
Error,32178
Error,32679
Error,37277
Error,29693
FindNodeReq,45481
Error,43670
Error,28049
FindNodeReq,35933
Error,32653
Error,39895
Error,29266
Error,30035
Error,18006
FindNodeReq,35236
Error,34365
FindNodeReq,48768
Error,31231
Error,33055
Error,38877
Error,30056
Error,25028
FindNodeReq,28058
Error,27499
FindNodeReq,36181
Error,31720
Error,40200
Error,30415
Error,29170
Error,17939
FindNodeReq,35130
Error,28020
FindNodeReq,28080
Error,32413
Error,49394
Error,48598
Error,39753
FindNodeReq,43773
Error,41285
FindNodeReq,50459
Error,50382
Error,33241
Error,43154
Error,49695
Error,32928
Error,18749
Error,27095
FindNodeReq,30975
Error,31202
Error,33567
Error,50363
Error,29576
FindNodeReq,35836
Error,17660
FindNodeReq,48523
Error,48617
Error,31217
Error,40628
Error,29699
Error,48424
Error,17685
Error,34398
FindNodeReq,49184
Error,33853
Error,33250
Error,42420
Error,29860
FindNodeReq,37124
Error,17804
Error,27052
FindNodeReq,35827
Error,32883
Error,40591
Error,30194
Error,30007
FindNodeReq,35947
Error,18263
Error,28128
FindNodeReq,27702
Error,31230
Error,33369
Error,39638
Error,29707
FindNodeReq,34352
Error,18891
Error,35956
FindNodeReq,49844
Error,31751
Error,40246
Error,30081
Error,30130
Error,18240
FindNodeReq,34772
Error,27117
FindNodeReq,29184
Error,32383
Error,48100
Error,43108
Error,29613
Error,27617
FindNodeReq,28117
Error,28528
FindNodeReq,29258
Error,31762
Error,40388
Error,30036
Error,33550
Error,18134
FindNodeReq,28388
Error,33859
FindNodeReq,48632
Error,31475
Error,41725
Error,30717
Error,29638
Error,18049
FindNodeReq,34609
Error,27343
FindNodeReq,36447
Error,32020
Error,33008
Error,29899
Error,39083
Error,19091
FindNodeReq,27847
Error,28983
FindNodeReq,28337
Error,32354
Error,37392
Error,46694
Error,29391
FindNodeReq,35952
Error,18898
FindNodeReq,55541
Error,56014
Error,33087
Error,33188
Error,30972
Error,36274
Error,19760
Error,35130
FindNodeReq,49695
Error,32690
Error,39648
Error,29811
Error,29478
FindNodeReq,33735
Error,17726
Error,27172
FindNodeReq,37211
Error,31161
Error,29909
Error,32360
Error,37840
Error,17783
FindNodeReq,29008
Error,28018
FindNodeReq,28031
Error,32772
Error,39829
Error,29818
Error,29983
Error,25047
FindNodeReq,28029
Error,33288
FindNodeReq,55140
Error,31831
Error,32881
Error,29486
Error,40365
Error,19352
FindNodeReq,34763
Error,35281
FindNodeReq,49597
Error,31385
Error,40063
Error,36004
Error,30270
Error,24498
FindNodeReq,27484
Error,26969
FindNodeReq,35802
Error,32799
Error,31961
Error,30204
Error,36400
Error,18951
FindNodeReq,27135
Error,28107
FindNodeReq,27945
Error,32089
Error,47680
Error,40426
Error,30108
Error,18347
FindNodeReq,28196
Error,27182
FindNodeReq,35593
Error,32279
Error,30249
Error,46111
Error,36243
FindNodeReq,27782
Error,18545
FindNodeReq,49706
Error,49622
Error,31670
Error,30063
Error,46688
Error,31680
Error,18143
Error,26593
FindNodeReq,37790
Error,31157
Error,31731
Error,48858
Error,35886
FindNodeReq,36103
Error,17909
Error,34148
FindNodeReq,47952
Error,31017
Error,32314
Error,49636
Error,29116
Error,25349
Error,26928
FindNodeReq,36201
Error,32378
Error,32488
Error,56458
Error,35574
Error,18373
FindNodeReq,35397
Error,27482
FindNodeReq,29557
Error,31351
Error,34255
Error,47805
Error,29274
Error,37293
Error,27093
FindNodeReq,35928
Error,31780
Error,46089
Error,49368
Error,44008
Error,17719
FindNodeReq,33976
FindNodeReq,47091
Error,47277
Error,30753
Error,32308
Error,38049
Error,30017
Error,25045
FindNodeReq,27702
Error,26938
FindNodeReq,35416
Error,37053
Error,31928
Error,29732
Error,48428
Error,17728
FindNodeReq,34155
Error,26805
FindNodeReq,30268
Error,31189
Error,31899
Error,41516
Error,29293
Error,24579
FindNodeReq,27430
Error,27281
FindNodeReq,35018
Error,31190
Error,38558
Error,29263
Error,48703
Error,17717
FindNodeReq,40147
Error,26829
FindNodeReq,27537
Error,30924
Error,32053
Error,39756
Error,29202
Error,24351
FindNodeReq,27927
Error,27615
Error,31318
FindNodeReq,40760
Error,46319
Error,34611
Error,42031
Error,18713
Error,33696
FindNodeReq,47395
Error,31113
Error,32189
Error,48429
Error,29019
FindNodeReq,38907
Error,17671
Error,27172
FindNodeReq,27885
Error,31633
Error,38430
Error,29292
Error,29457
FindNodeReq,35413
Error,17657
Error,27123
FindNodeReq,27973
Error,31413
Error,32431
Error,37498
Error,36836
FindNodeReq,27437
Error,18681
Error,27304
FindNodeReq,27946
Error,30963
Error,38913
Error,29152
Error,29686
FindNodeReq,33399
Error,18541
Error,26637
FindNodeReq,29197
Error,31698
Error,32432
Error,48198
Error,35381
Error,18017
FindNodeReq,50782
Error,47472
Error,29787
Error,42154
Error,43291
Error,45253
FindNodeReq,32029
Error,17694
FindNodeReq,49283
Error,26661
Error,31878
Error,36772
FindNodeReq,55492
Error,44677
Error,39196
Error,17572
FindNodeReq,50419
Error,48777
Error,32552
Error,35902
Error,39571
FindNodeReq,40136
Error,49479
Error,19042
FindNodeReq,47969
Error,53571
Error,45409
Error,39534
Error,40186
Error,40020
Error,34547
FindNodeReq,34479
Error,24958
Error,31325
Error,49778
FindNodeReq,42124
Error,37372
Error,37309
Error,18410
Error,27041
FindNodeReq,34000
Error,30498
Error,46282
Error,29661
Error,36385
Error,17767
FindNodeReq,48973
Error,47788
Error,30071
Error,36700
Error,32272
Error,29393
Error,54048
FindNodeReq,67310
Error,55979
FindNodeReq,88656
Error,30534
Error,35789
Error,49086
Error,39016
Error,18143
FindNodeReq,31145
Error,27787
FindNodeReq,28078
Error,32252
Error,39014
Error,41335
Error,43704
FindNodeReq,35261
Error,18096
FindNodeReq,36311
Error,49888
Error,51428
FindNodeReq,26088
Error,30439
Error,48493
Error,36135
Error,19062
FindNodeReq,27614
Error,28008
FindNodeReq,28875
Error,31108
Error,37739
Error,46236
Error,43770
Error,34301
FindNodeReq,27476
FindNodeReq,54542
Error,54926
Error,30503
Error,29598
Error,29619
Error,46989
Error,19048
FindNodeReq,27341
FindNodeReq,48353
Error,48593
Error,29762
Error,35682
Error,51602
Error,31448
Error,25481
FindNodeReq,55267
Error,65867
Error,64130
Error,30338
Error,35676
FindNodeReq,44811
Error,37936
Error,37137
Error,56184
Error,87842
Error,49435
Error,51413
Error,57418
Error,68333
Error,94067
Error,109452
Error,49657
Error,59117
Error,47834
Error,48701
FindNodeReq,62729
Error,29522
Error,13373
Error,13050
Error,12937
Error,12192
Error,12179
Error,12099
Error,12165
Error,13817
Error,38456
Error,59231
FindNodeReq,36930
Error,46897
Error,36531
Error,17696
FindNodeReq,41784
Error,48112
Error,32042
Error,29192
Error,48128
Error,30695
Error,18451
FindNodeReq,61997
Error,42420
Error,40075
FindNodeReq,48224
Error,29744
Error,32328
Error,29017
FindNodeReq,48064
Error,17536
FindNodeReq,42079
Error,47973
Error,32192
Error,29902
Error,68324
Error,31053
FindNodeReq,32505
Error,36678
FindNodeReq,68452
Error,74238
Error,30693
Error,47975
Error,31363
Error,30748
Error,25782
FindNodeReq,50011
Error,50302
Error,45930
Error,31558
Error,35826
Error,65207
FindNodeReq,85959
Error,103163
Error,119669
Error,60002
Error,45089
Error,40393
Error,49240
Error,63061
Error,66795
Error,83614
Error,37956
Error,41160
Error,55154
Error,85734
Error,93024
Error,94086
FindNodeReq,80042
Error,94221
Error,95082
Error,96223
Error,106599
Error,46225
Error,18852
Error,31828
Error,18859
Error,17975
Error,12321
Error,71022
FindNodeReq,53852
Error,50324
Error,37525
Error,55615
Error,74951
Error,107346
Error,80863
FindNodeReq,103154
Error,64511
Error,79194
Error,94978
Error,43154
Error,42941
Error,24975
Error,28155
Error,13664
Error,13685
Error,13119
Error,14316
Error,12658
Error,13669
Error,18804
Error,18026
Error,26929
Error,13171
Error,45423
FindNodeReq,48903
Error,39206
Error,37625
Error,50243
Error,39687
UpdateRouteReq,35520
UpdateRouteReq,16022
Error,28229
FindNodeReq,28061
Error,32109
Error,31851
Error,41657
Error,49176
FindNodeReq,28252
Error,19371
FindNodeReq,49873
Error,49262
Error,31388
Error,39450
Error,40830
Error,30109
Error,25991
FindNodeReq,50697
Error,51161
Error,46020
Error,46378
Error,78018
Error,43772
FindNodeReq,55398
Error,30106
Error,58060
Error,79327
Error,54335
Error,70675
Error,91845
Error,119528
Error,157610
Error,171068
Error,45564
Error,61199
Error,69436
Error,27096
Error,13340
Error,12299
Error,12375
FindNodeReq,28214
Error,13339
Error,12150
Error,12972
Error,31318
Error,43175
Error,36035
Error,42180
Error,37853
FindNodeReq,47274
Error,12907
Error,52955
Error,37041
FindNodeReq,42496
Error,53376
Error,31936
Error,17984
FindNodeReq,49527
Error,56108
Error,31174
Error,37253
Error,31358
Error,48013
Error,17614
FindNodeReq,33334
Error,34729
FindNodeReq,49243
Error,29723
Error,41665
Error,50355
FindNodeReq,27137
Error,29261
Error,34362
Error,22122
FindNodeReq,28203
Error,31520
Error,42034
Error,34725
Error,29363
FindNodeReq,44592
Error,17992
FindNodeReq,40983
Error,47294
Error,44768
Error,31681
Error,35687
Error,31801
Error,17827
FindNodeReq,25806
FindNodeReq,47609
Error,48088
Error,30215
Error,46808
Error,44150
Error,37898
Error,17674
FindNodeReq,42782
Error,44118
Error,29979
FindNodeReq,36706
Error,29860
Error,48177
Error,35147
Error,17819
FindNodeReq,50165
Error,49706
Error,29759
Error,39193
Error,41862
Error,53229
FindNodeReq,66322
Error,19341
FindNodeReq,48561
Error,54723
Error,45427
Error,41215
Error,38924
Error,39962
Error,34146
Error,19296
FindNodeReq,28002
Error,32020
Error,39020
Error,47316
Error,31192
Error,18790
FindNodeReq,42365
Error,44588
Error,44763
FindNodeReq,32927
Error,30794
Error,40213
Error,36590
FindNodeReq,33215
Error,17589
FindNodeReq,45849
Error,46252
Error,30760
Error,37852
Error,29027
Error,36670
FindNodeReq,48717
Error,18702
Error,44005
FindNodeReq,26788
Error,45897
Error,38267
Error,28796
Error,29079
FindNodeReq,36922
Error,17252
Error,26848
FindNodeReq,28973
Error,31137
Error,31078
Error,39148
Error,29070
Error,18818
FindNodeReq,46965
Error,53430
Error,29693
Error,29692
Error,41735
Error,45459
FindNodeReq,31761
Error,17400
FindNodeReq,48773
Error,55193
Error,37680
Error,38753
Error,38328
Error,39967
FindNodeReq,40806
Error,17632
FindNodeReq,48713
Error,55102
Error,29486
Error,63788
Error,43889
Error,34990
FindNodeReq,34115
Error,19173
Error,27698
FindNodeReq,29500
Error,32409
Error,57358
Error,35114
FindNodeReq,41080
Error,44835
Error,17935
FindNodeReq,49019
Error,24228
Error,46092
Error,33688
Error,45858
FindNodeReq,40771
Error,32421
Error,19329
FindNodeReq,41582
Error,47335
Error,60410
Error,48781
Error,36872
Error,30110
Error,18278
FindNodeReq,41948
Error,39889
Error,29300
Error,29188
Error,29002
Error,46458
FindNodeReq,31877
Error,17588
FindNodeReq,40882
Error,47223
Error,31475
Error,31375
Error,74291
Error,29078
FindNodeReq,32496
Error,36684
FindNodeReq,55752
Error,71917
Error,39191
Error,37370
Error,33956
Error,40197
Error,25766
FindNodeReq,34034
Error,36220
Error,60185
Error,43015
Error,51021
FindNodeReq,36099
Error,44077
Error,47228
Error,54445
Error,75785
Error,52696
Error,68970
Error,45277
Error,67861
Error,84255
Error,105400
FindNodeReq,38593
Error,70849
Error,107486
Error,130803
Error,89368
Error,106271
Error,122526
Error,144517
Error,149559
Error,51941
Error,63792
Error,74277
Error,18449
Error,17706
Error,14030
Error,12491
Error,12140
Error,12334
Error,11951
Error,13211
FindNodeReq,34461
Error,30580
Error,36400
Error,38781
Error,36213
Error,25835
FindNodeReq,52533
Error,52945
Error,65741
Error,63703
Error,80345
Error,39123
FindNodeReq,35437
Error,31556
Error,40213
Error,71912
Error,37445
Error,37452
Error,33913
Error,53887
Error,60270
Error,61409
Error,56928
Error,57141
Error,20999
Error,27242
Error,18038
Error,17596
Error,26921
Error,32085
FindNodeReq,33312
Error,58087
Error,36722
Error,28805
Error,18011
FindNodeReq,48894
Error,55598
Error,29902
Error,53702
Error,30186
Error,37407
Error,17888
FindNodeReq,40401
Error,47197
Error,49911
Error,42541
Error,41486
Error,44331
FindNodeReq,32328
Error,31876
FindNodeReq,50831
Error,50400
Error,35854
Error,47511
Error,39082
Error,45792
FindNodeReq,31678
Error,17809
FindNodeReq,48796
Error,54013
Error,31606
Error,31668
Error,36352
Error,40577
Error,32478
FindNodeReq,41801
Error,37235
Error,52266
Error,47452
Error,62474
Error,53133
FindNodeReq,75927
Error,42579
Error,57164
Error,34983
Error,54174
Error,70899
Error,45730
Error,66108
Error,83457
Error,98942
Error,81062
Error,107399
Error,130169
Error,89419
Error,114331
Error,130461
FindNodeReq,150489
Error,166589
Error,171270
Error,57724
Error,58046
Error,70198
Error,71289
Error,72075
Error,12991
Error,12098
Error,12566
Error,12195
Error,13621
Error,12443
Error,28979
FindNodeReq,73405
Error,44151
Error,45681
Error,41768
Error,37364
FindNodeReq,46126
Error,35201
Error,38033
Error,40404
Error,47421
Error,31744
FindNodeReq,36281
Error,17807
FindNodeReq,42317
Error,48979
Error,31981
Error,33603
Error,49062
Error,35184
FindNodeReq,28771
Error,17515
FindNodeReq,56148
Error,65768
Error,29754
Error,37508
Error,31685
Error,47946
FindNodeReq,45695
Error,58281
FindNodeReq,42406
Error,48339
Error,35770
Error,39874
Error,31336
Error,45749
FindNodeReq,45185
Error,17567
FindNodeReq,51665
Error,50580
Error,35896
Error,44171
Error,29288
Error,39863
Error,17748
FindNodeReq,46964
Error,53597
Error,45425
Error,31667
Error,34939
Error,37110
FindNodeReq,38869
Error,25344
Error,32927
Error,71098
FindNodeReq,42123
Error,31297
Error,45388
Error,53853
Error,39239
Error,34723
Error,55438
Error,30526
Error,54065
Error,33584
Error,13485
FindNodeReq,34405
Error,24688
Error,36406
Error,23980
Error,34142
Error,13082
Error,32104
Error,29337
Error,46868
Error,39220
FindNodeReq,41063
Error,17616
FindNodeReq,49516
Error,49639
Error,39040
Error,38574
Error,60783
Error,29661
Error,24380
FindNodeReq,36070
FindNodeReq,56242
Error,62348
Error,32101
Error,29576
Error,40831
Error,40347
Error,17791
FindNodeReq,47574
Error,46915
Error,30706
Error,35987
Error,34881
Error,29879
Error,17553
FindNodeReq,61173
Error,43007
Error,48905
FindNodeReq,41765
Error,30896
Error,44777
Error,53801
Error,18489
FindNodeReq,29419
Error,59278
Error,30526
FindNodeReq,33094
Error,29671
Error,55532
Error,31406
Error,17937
FindNodeReq,48079
Error,54113
Error,31145
Error,33891
Error,47275
Error,37900
Error,18217
FindNodeReq,33804
Error,28170
Error,60766
FindNodeReq,32479
Error,44904
Error,40287
Error,37621
FindNodeReq,33757
Error,17602
FindNodeReq,50140
Error,56415
Error,36021
Error,33454
Error,36622
FindNodeReq,48499
Error,35339
Error,18306
FindNodeReq,41971
Error,33253
Error,43291
Error,50583
Error,37557
Error,41318
Error,32774
FindNodeReq,32166
FindNodeReq,53850
Error,53960
Error,32457
Error,32684
Error,48065
Error,35570
FindNodeReq,35205
Error,39175
FindNodeReq,37555
Error,43799
Error,35408
Error,29741
FindNodeReq,47182
Error,31024
Error,31339
Error,18429
FindNodeReq,48598
Error,53904
Error,29968
Error,29493
Error,46762
Error,41939
Error,18418
FindNodeReq,35039
Error,49998
Error,31653
FindNodeReq,41755
Error,35884
Error,37442
Error,31999
Error,17656
FindNodeReq,42600
Error,40859
Error,47997
Error,30309
Error,40961
Error,29474
Error,17564
FindNodeReq,40114
Error,46333
Error,31251
Error,47234
Error,53423
Error,43977
FindNodeReq,35677
Error,17564
FindNodeReq,38680
Error,42554
Error,46846
Error,46003
FindNodeReq,72851
Error,29188
Error,36819
Error,17938
FindNodeReq,41572
Error,47615
Error,33288
Error,31832
Error,37199
Error,31544
FindNodeReq,44045
Error,42248
FindNodeReq,39687
Error,45625
Error,32664
Error,32475
Error,47440
Error,48867
FindNodeReq,27195
Error,17671
FindNodeReq,49087
Error,48262
Error,30984
Error,39248
Error,31089
Error,45172
FindNodeReq,34958
Error,17692
FindNodeReq,30618
Error,26494
FindNodeReq,28519
Error,30932
Error,39834
Error,40869
Error,37128
Error,18016
FindNodeReq,26972
FindNodeReq,47384
Error,47482
Error,49448
Error,38138
Error,31654
Error,45216
FindNodeReq,33098
Error,23195
FindNodeReq,40392
Error,47098
Error,31002
Error,31304
Error,48236
Error,36427
FindNodeReq,32215
Error,18265
FindNodeReq,48596
Error,48011
Error,31950
Error,38360
Error,29371
Error,46829
Error,18337
FindNodeReq,39650
Error,26238
Error,50107
FindNodeReq,42950
Error,40091
Error,38589
Error,35825
Error,25652
FindNodeReq,56055
Error,59605
Error,59118
Error,69876
Error,52052
Error,54657
FindNodeReq,60345
Error,76800
Error,56879
Error,78329
Error,60231
Error,76540
Error,98886
Error,38739
Error,46621
Error,60095
Error,52637
Error,86139
Error,103647
Error,120003
Error,48262
FindNodeReq,65718
Error,81441
Error,96828
Error,34808
Error,19567
Error,30122
Error,37713
Error,36829
Error,49913
Error,27978
Error,12924
Error,12425
Error,18141
Error,17492
Error,12216
Error,38990
Error,47501
Error,40986
Error,31713
Error,34819
FindNodeReq,26126
FindNodeReq,54967
Error,55348
Error,32190
Error,66921
Error,47489
Error,35554
FindNodeReq,33467
Error,17807
FindNodeReq,52208
Error,27881
Error,32906
Error,30878
FindNodeReq,31939
Error,39437
Error,33802
Error,24544
FindNodeReq,49612
Error,56068
Error,32201
Error,31196
Error,47434
Error,37553
Error,26103
FindNodeReq,50772
Error,51029
Error,60894
Error,64866
Error,101090
FindNodeReq,53762
Error,80165
Error,74813
Error,82043
Error,115076
Error,31297
Error,64951
Error,81937
Error,98076
Error,40357
Error,60358
Error,30315
Error,54177
Error,63202
Error,64192
FindNodeReq,48365
Error,60759
Error,53301
Error,54353
Error,55490
Error,56533
Error,69266
Error,29126
Error,31219
Error,38936
Error,32800
Error,50065
FindNodeReq,64131
Error,18931
Error,26609
FindNodeReq,43684
Error,59214
Error,32543
Error,32444
Error,38721
Error,17867
FindNodeReq,27326
Error,26344
FindNodeReq,39153
Error,32841
Error,41671
Error,40799
Error,38020
Error,17722
Error,33139
FindNodeReq,47177
Error,32140
Error,38913
Error,46906
Error,45306
FindNodeReq,35826
Error,17496
FindNodeReq,40739
Error,47249
Error,31211
Error,29832
FindNodeReq,44109
Error,42437
Error,33229
Error,17795
FindNodeReq,52161
Error,52667
Error,31658
Error,29642
Error,46456
Error,45470
Error,18169
FindNodeReq,54464
Error,54665
Error,47479
Error,32129
Error,30745
Error,52586
Error,18516
Error,33428
FindNodeReq,46990
Error,32104
Error,40536
Error,34430
Error,41453
Error,18120
FindNodeReq,36355
Error,26228
FindNodeReq,29286
Error,31241
Error,31413
Error,41519
Error,38071
Error,18519
FindNodeReq,27508
FindNodeReq,48652
Error,55126
Error,30958
Error,53471
Error,45028
FindNodeReq,35623
Error,29590
Error,18021
FindNodeReq,46484
Error,46830
Error,30857
Error,31955
Error,40953
Error,49656
FindNodeReq,69583
Error,17909
FindNodeReq,48978
Error,55539
Error,31652
Error,48525
Error,45556
Error,39329
Error,17918
FindNodeReq,37474
Error,26498
FindNodeReq,27133
Error,31975
Error,66409
FindNodeReq,36619
Error,30119
Error,43430
Error,32807
FindNodeReq,33858
Error,29744
Error,31751
FindNodeReq,47440
Error,44155
Error,32434
Error,30454
Error,17587
FindNodeReq,34599
Error,27806
FindNodeReq,28790
Error,32543
Error,32230
Error,49031
Error,42704
Error,24527
FindNodeReq,53815
Error,53748
Error,31327
Error,38147
Error,39380
Error,60635
Error,17475
FindNodeReq,51822
Error,43277
Error,33888
FindNodeReq,54567
Error,78747
Error,53554
Error,52982
Error,35284
FindNodeReq,27146
FindNodeReq,47316
Error,47744
Error,31641
Error,51130
Error,41479
Error,37467
Error,17639
FindNodeReq,40170
Error,46334
Error,44721
Error,29027
Error,47726
Error,39667
Error,18153
FindNodeReq,35747
Error,27098
Error,30656
Error,42305
Error,30914
FindNodeReq,41710
Error,29142
Error,18923
FindNodeReq,56989
Error,26306
Error,34405
Error,37107
FindNodeReq,55303
Error,44703
Error,38411
Error,17525
FindNodeReq,56968
Error,56271
Error,29746
Error,38050
Error,30807
Error,42756
FindNodeReq,35429
Error,17749
FindNodeReq,37769
Error,26507
FindNodeReq,35449
Error,31906
Error,31697
Error,40237
Error,61623
Error,18299
FindNodeReq,27382
Error,27512
FindNodeReq,28794
Error,32958
Error,38956
Error,29549
Error,47681
Error,17655
FindNodeReq,44452
Error,44162
Error,54867
FindNodeReq,26452
Error,42836
Error,45804
Error,47186
Error,26917
FindNodeReq,48128
Error,43381
Error,59244
Error,63610
Error,89045
Error,116911
FindNodeReq,43574
Error,53994
Error,61784
Error,102711
Error,118446
Error,20331
Error,36227
Error,36183
Error,14011
Error,12867
Error,12821
Error,18179
Error,32769
FindNodeReq,29645
Error,30637
Error,41317
Error,40164
Error,25578
Error,26714
FindNodeReq,33974
Error,31070
Error,51293
Error,34192
Error,44849
Error,17958
FindNodeReq,40441
FindNodeReq,46952
Error,47344
Error,46818
Error,33777
Error,37713
Error,34954
FindNodeReq,27550
Error,17636
FindNodeReq,30388
Error,44272
Error,34779
FindNodeReq,51393
Error,74007
Error,32538
Error,40327
FindNodeReq,34444
Error,17637
FindNodeReq,41194
Error,47205
Error,31183
Error,45821
Error,48158
Error,40515
FindNodeReq,27467
Error,17328
Error,26858
FindNodeReq,28167
Error,32050
Error,38798
Error,35122
Error,35799
FindNodeReq,41488
Error,45841
FindNodeReq,41357
Error,47287
Error,31690
Error,45114
Error,47513
Error,38081
Error,17933
FindNodeReq,47245
Error,38310
Error,45212
Error,52246
Error,29456
Error,32549
Error,17616
FindNodeReq,39761
Error,37791
Error,46466
Error,33996
Error,29119
Error,36688
FindNodeReq,29358
Error,17902
Error,27449
Error,32711
FindNodeReq,34935
Error,44883
Error,31194
Error,47527
Error,33600
FindNodeReq,34146
FindNodeReq,54446
Error,54759
Error,31181
Error,30095
Error,46900
Error,36950
FindNodeReq,27169
Error,17519
FindNodeReq,49027
Error,49255
Error,30310
Error,39284
Error,31555
Error,29072
Error,36052
FindNodeReq,65689
Error,55497
Error,31053
Error,45756
Error,47223
Error,39270
Error,18196
FindNodeReq,49419
Error,49159
Error,30614
Error,37081
Error,46558
Error,39237
Error,17818
FindNodeReq,46588
Error,52725
Error,32262
Error,47605
Error,47239
Error,36060
Error,18573
FindNodeReq,47185
Error,47011
Error,32206
Error,43921
Error,37015
Error,34194
Error,30406
FindNodeReq,49526
Error,55738
Error,31560
Error,31579
Error,41633
Error,47506
FindNodeReq,25909
Error,17493
FindNodeReq,49301
Error,48356
Error,32647
Error,31238
Error,37619
Error,28947
FindNodeReq,35392
Error,17314
FindNodeReq,49089
Error,55122
Error,30968
Error,39068
Error,48059
Error,36831
FindNodeReq,27303
Error,17542
FindNodeReq,30663
Error,49675
Error,31949
FindNodeReq,48233
Error,66121
Error,34929
Error,34376
Error,25892
FindNodeReq,58124
Error,58566
Error,50475
Error,71653
Error,88756
FindNodeReq,47891
Error,82623
Error,48368
Error,68113
Error,94480
Error,36889
Error,45876
Error,65884
Error,81697
Error,97260
Error,31171
Error,24640
Error,27205
FindNodeReq,54728
Error,22267
Error,48951
Error,41334
Error,42312
Error,55240
Error,38015
Error,35671
Error,31438
Error,29766
Error,17327
FindNodeReq,33917
Error,26997
FindNodeReq,30015
Error,32297
Error,39967
Error,40452
Error,38006
Error,18120
FindNodeReq,49253
Error,48442
Error,32801
Error,37955
Error,40182
Error,31081
Error,30684
Error,26279
FindNodeReq,34475
Error,32111
Error,46140
Error,40916
Error,47740
FindNodeReq,33755
Error,17584
FindNodeReq,39360
Error,45678
Error,31028
Error,33372
Error,37755
Error,31391
Error,24067
FindNodeReq,37842
FindNodeReq,49623
Error,55802
Error,49233
Error,31484
Error,30508
Error,48183
FindNodeReq,35830
Error,23978
FindNodeReq,41526
Error,47040
Error,32474
Error,29921
Error,41901
Error,29066
Error,24460
FindNodeReq,28830
FindNodeReq,55079
Error,55293
Error,30010
Error,38813
Error,29150
Error,29857
Error,17735
FindNodeReq,36963
Error,27207
Error,30779
FindNodeReq,37093
Error,29741
Error,35973
Error,38756
Error,32279
Error,16596
Error,35031
FindNodeReq,28908
Error,34288
Error,54945
Error,44364
Error,29657
Error,20316
Error,34986
Error,42459
Error,32884
Error,55003
FindNodeReq,52390
Error,37793
Error,19112
Error,27272
Error,36827
FindNodeReq,35976
Error,29484
Error,35292
Error,32330
Error,18054
FindNodeReq,41325
Error,39711
Error,34600
Error,44037
Error,47399
Error,38230
Error,17435
FindNodeReq,40279
Error,46436
Error,31839
Error,44732
Error,53268
Error,33450
Error,30010
FindNodeReq,48217
Error,54007
Error,32328
Error,45053
Error,46692
Error,47957
FindNodeReq,52522
Error,18235
FindNodeReq,42490
Error,52231
Error,32925
Error,29799
Error,48260
Error,31608
Error,23985
FindNodeReq,34814
Error,26750
Error,42233
Error,37808
FindNodeReq,32290
Error,38856
Error,40023
Error,18693
FindNodeReq,38130
Error,50665
Error,32210
FindNodeReq,42119
Error,38203
Error,38837
Error,31425
Error,18435
FindNodeReq,53785
Error,18547
Error,37024
FindNodeReq,43371
Error,28800
Error,33449
Error,29070
Error,17663
FindNodeReq,50101
Error,50348
Error,40962
Error,48149
Error,40189
Error,30911
Error,36840
FindNodeReq,48979
Error,49019
Error,31464
Error,43003
Error,41399
Error,39146
Error,19437
FindNodeReq,35087
FindNodeReq,47331
Error,47837
Error,31097
Error,44766
Error,47255
Error,37100
Error,25306
FindNodeReq,47424
Error,38926
Error,38760
Error,47792
Error,33518
Error,39410
FindNodeReq,33365
Error,17418
FindNodeReq,47552
Error,47599
Error,47025
Error,51009
Error,35528
Error,36580
Error,19303
FindNodeReq,49591
Error,49940
Error,31206
Error,51988
Error,35776
Error,38569
Error,19525
FindNodeReq,40150
Error,26906
Error,34281
Error,40616
Error,38562
FindNodeReq,34060
Error,31346
Error,18500
FindNodeReq,27424
Error,28119
Error,31173
FindNodeReq,32250
Error,46652
Error,30842
Error,31369
Error,25070
FindNodeReq,45730
FindNodeReq,41653
Error,47440
Error,32405
Error,45090
Error,48272
Error,38384
Error,17783
FindNodeReq,47834
Error,48170
Error,45609
Error,45292
Error,40262
Error,47623
Error,17777
Error,34325
FindNodeReq,48457
Error,47150
Error,31859
Error,31641
Error,37570
Error,19246
FindNodeReq,27984
Error,27965
FindNodeReq,29536
Error,31189
Error,38076
Error,34047
Error,36271
FindNodeReq,40535
Error,44676
FindNodeReq,54871
Error,55283
Error,46669
Error,32322
Error,31998
Error,37823
Error,17830
FindNodeReq,55722
Error,54051
Error,44971
Error,37973
Error,34235
Error,29773
Error,23515
FindNodeReq,28202
Error,26753
Error,38614
FindNodeReq,27067
Error,31706
Error,40173
Error,48127
Error,17922
FindNodeReq,46638
Error,47007
Error,31300
Error,38416
Error,41815
Error,43563
FindNodeReq,34619
Error,17710
FindNodeReq,55676
Error,55961
Error,47508
Error,31920
Error,29905
Error,52832
Error,17718
FindNodeReq,63126
Error,48324
Error,32517
Error,37926
Error,47681
Error,31663
Error,26494
FindNodeReq,45378
Error,45709
Error,31209
Error,31394
Error,48676
Error,42479
FindNodeReq,35396
Error,39706
FindNodeReq,55421
Error,56166
Error,31265
Error,31784
Error,47039
Error,52635
Error,17769
FindNodeReq,39986
Error,46151
Error,31985
Error,53357
Error,46702
Error,37329
Error,35695
FindNodeReq,46824
Error,52477
Error,32179
Error,30180
Error,64147
Error,38651
Error,18734
FindNodeReq,49472
Error,28702
Error,32536
FindNodeReq,41798
Error,56995
Error,38478
Error,30092
Error,18231
FindNodeReq,41263
Error,39413
Error,47696
Error,31845
Error,40247
Error,35059
Error,17723
FindNodeReq,48052
Error,47453
Error,29940
Error,45164
Error,50489
Error,33210
Error,23830
FindNodeReq,53734
Error,54167
Error,31425
Error,31398
Error,47006
Error,36188
FindNodeReq,29092
Error,23624
FindNodeReq,47948
Error,48270
Error,30872
Error,31439
Error,36532
Error,45385
FindNodeReq,35805
Error,17495
FindNodeReq,53503
Error,53725
Error,32175
Error,31491
Error,48073
Error,35631
FindNodeReq,35255
Error,17594
FindNodeReq,47104
Error,47202
Error,31302
Error,40613
Error,47651
Error,29315
Error,18400
FindNodeReq,49265
Error,54975
Error,32387
Error,29142
Error,47013
Error,40035
Error,35768
FindNodeReq,41616
Error,47683
Error,31913
Error,32163
Error,48430
Error,43251
Error,24511
FindNodeReq,50438
Error,56588
Error,31935
Error,31700
Error,45650
FindNodeReq,48573
Error,65618
Error,19615
FindNodeReq,47366
Error,47456
Error,30851
Error,31733
Error,38849
FindNodeReq,41864
Error,65214
Error,24986
FindNodeReq,31161
Error,43834
Error,52216
FindNodeReq,26389
Error,44612
Error,45516
Error,45600
Error,25675
FindNodeReq,48346
Error,58780
Error,53323
Error,54042
Error,52558
Error,52675
Error,78369
FindNodeReq,33380
Error,30158
Error,28146
Error,53124
Error,55520
Error,63146
Error,97889
Error,57611
Error,71709
Error,108199
Error,52785
Error,51697
Error,52448
Error,53265
Error,35502
Error,34933
Error,48297
Error,49333
Error,32433
Error,33569
FindNodeReq,41890
Error,31675
Error,34504
Error,47782
Error,48275
Error,19327
FindNodeReq,51004
Error,50300
Error,32853
Error,39456
Error,36744
Error,29109
Error,31468
FindNodeReq,39695
FindNodeReq,51508
Error,58112
Error,31436
Error,31436
Error,47003
Error,50968
FindNodeReq,27613
Error,17720
FindNodeReq,30936
Error,28646
FindNodeReq,28306
Error,33077
Error,31722
Error,48364
Error,31160
FindNodeReq,41139
Error,39586
FindNodeReq,38022
Error,32492
Error,47861
Error,47110
FindNodeReq,73485
Error,29209
Error,37216
Error,17965
FindNodeReq,54793
Error,67565
Error,39013
Error,47066
Error,39584
Error,33250
Error,24506
FindNodeReq,36928
Error,26587
Error,40799
Error,42555
FindNodeReq,37851
Error,45334
Error,40604
FindNodeReq,33476
Error,17843
FindNodeReq,41947
Error,48150
Error,48247
Error,30118
Error,51138
Error,31194
Error,18195
FindNodeReq,46581
Error,44672
Error,39790
Error,39109
Error,47526
Error,40747
Error,17531
FindNodeReq,58659
Error,28872
Error,45791
FindNodeReq,45582
Error,29537
Error,55848
Error,32282
Error,17701
FindNodeReq,42684
Error,40612
Error,33059
Error,29132
Error,47634
Error,40531
Error,17469
FindNodeReq,40548
Error,46492
Error,35690
Error,43347
Error,37505
Error,29133
FindNodeReq,43906
Error,41751
FindNodeReq,52816
Error,52993
Error,31339
Error,29836
Error,41593
Error,46331
FindNodeReq,33334
Error,17906
FindNodeReq,47826
Error,47697
Error,43577
Error,51922
Error,71655
Error,87849
FindNodeReq,48498
Error,30715
Error,39137
Error,44224
Error,50338
Error,70694
Error,51563
Error,72142
Error,99177
Error,43739
Error,42393
Error,40671
FindNodeReq,46851
Error,45061
Error,46535
Error,47684
Error,23514
Error,22861
Error,23874
Error,49696
Error,29752
Error,43206
Error,42007
Error,33215
FindNodeReq,40159
Error,42049
Error,51420
Error,66331
Error,82806
Error,70997
FindNodeReq,99014
Error,115519
Error,132047
Error,39211
Error,53286
Error,40376
Error,70129
Error,58536
Error,67262
Error,89771
Error,105862
Error,112606
Error,20505
Error,44121
FindNodeReq,65440
Error,66968
Error,68171
Error,68315
Error,17895
Error,17373
Error,44957
Error,28692
Error,35039
Error,32550
Error,17777
Error,26337
FindNodeReq,34648
Error,32059
Error,51455
Error,33827
Error,44376
Error,17704
FindNodeReq,33990
FindNodeReq,46668
Error,46951
Error,30450
Error,31747
Error,41335
Error,51896
FindNodeReq,27635
Error,18081
FindNodeReq,38755
Error,44960
Error,47889
FindNodeReq,49446
Error,31167
Error,30674
Error,47608
Error,17538
FindNodeReq,48062
Error,48059
Error,30257
Error,30530
Error,36711
Error,37112
Error,36008
FindNodeReq,54417
Error,53904
Error,44100
Error,37665
Error,47047
Error,39382
Error,18516
FindNodeReq,36554
Error,50449
Error,32464
FindNodeReq,69637
Error,73323
Error,37449
Error,38311
Error,18352
FindNodeReq,45796
Error,33825
Error,31260
Error,37454
Error,41262
Error,39459
Error,18062
FindNodeReq,36048
Error,27865
Error,40211
Error,37374
FindNodeReq,55637
Error,39489
Error,38938
Error,18534
FindNodeReq,48134
Error,48370
Error,30354
Error,48244
Error,35058
Error,29494
Error,18202
FindNodeReq,53527
Error,59077
Error,32635
Error,31160
Error,47080
Error,38629
Error,36021
FindNodeReq,48033
Error,47803
Error,31355
Error,41774
Error,40363
Error,43683
Error,23915
FindNodeReq,26629
FindNodeReq,48257
Error,54917
Error,32821
Error,47035
Error,45321
FindNodeReq,33342
Error,29303
Error,17959
FindNodeReq,54804
Error,65041
Error,45945
Error,37860
Error,31324
Error,40386
Error,23990
FindNodeReq,29787
Error,51318
Error,40081
FindNodeReq,42224
Error,36709
Error,44771
Error,52885
Error,36604
FindNodeReq,34672
Error,37935
Error,30238
FindNodeReq,48935
Error,29836
Error,38290
Error,40432
Error,32996
FindNodeReq,41116
Error,43393
Error,50156
Error,59805
Error,76855
Error,60227
FindNodeReq,33770
Error,42343
Error,331187
Error,71117
Error,94022
Error,111265
Error,127668
Error,52150
Error,60098
Error,80143
Error,96108
Error,111823
FindNodeReq,145054
Error,47871
Error,62449
Error,62214
Error,83026
Error,98610
Error,127342
Error,132371
Error,13636
Error,17877
Error,17018
Error,55753
Error,47849
Error,59158
Error,60279
Error,60486
Error,61202
FindNodeReq,29937
Error,13919
Error,48370
Error,38396
Error,37370
Error,46501
Error,34249
FindNodeReq,42037
Error,40152
Error,36246
Error,31174
Error,47986
Error,37120
Error,17592
FindNodeReq,47811
Error,47071
Error,47035
Error,40654
Error,37941
Error,30816
Error,34182
FindNodeReq,49353
Error,34318
Error,51832
FindNodeReq,44428
Error,29161
Error,61814
Error,41048
Error,17546
FindNodeReq,42005
Error,33600
FindNodeReq,31061
FindNodeReq,29749
Error,29855
Error,46001
Error,52181
Error,29995
Error,17413
FindNodeReq,70091
Error,68458
Error,33343
Error,32470
Error,32298
Error,37114
Error,17844
FindNodeReq,31433
Error,33546
FindNodeReq,30294
Error,29912
Error,31884
Error,40568
Error,44466
FindNodeReq,41927
Error,40417
FindNodeReq,58316
Error,58689
Error,30919
Error,39663
Error,48470
Error,35661
Error,18539
FindNodeReq,48535
Error,54860
Error,31580
Error,31638
Error,48679
Error,48253
FindNodeReq,36348
Error,40466
FindNodeReq,50195
Error,26519
FindNodeReq,29013
Error,31265
Error,40331
Error,41857
Error,43393
Error,18433
FindNodeReq,40311
FindNodeReq,49359
FindNodeReq,60430
Error,50580
Error,31588
Error,38487
Error,41953
Error,41721
Error,16052
FindNodeReq,25049
FindNodeReq,38751
Error,43993
Error,28691
Error,36486
Error,37710
Error,25561
Error,15846
FindNodeReq,29764
FindNodeReq,39895
Error,40192
Error,26014
Error,36287
Error,40458
Error,37500
FindNodeReq,30026
Error,15691
FindNodeReq,25120
Error,36465
Error,25397
Error,27865
FindNodeReq,40572
Error,25144
Error,28819
Error,15878
FindNodeReq,33111
Error,27363
Error,51576
Error,26749
FindNodeReq,21662
Error,26864
Error,30589
Error,15482
FindNodeReq,36882
Error,63410
Error,27273
Error,36159
Error,29855
Error,25801
Error,15514
FindNodeReq,32478
Error,23885
FindNodeReq,24299
Error,26368
Error,34038
Error,35517
Error,36021
Error,15053
FindNodeReq,28580
FindNodeReq,40439
Error,40709
Error,27110
Error,27230
Error,35226
Error,35693
FindNodeReq,23902
Error,14767
FindNodeReq,42176
Error,22900
Error,51398
Error,26699
FindNodeReq,22525
Error,27012
Error,31104
Error,15911
FindNodeReq,42564
Error,23484
Error,61605
Error,32953
FindNodeReq,28516
Error,33998
Error,32704
Error,15767
FindNodeReq,38134
Error,43640
Error,27490
Error,34561
Error,25978
Error,39636
Error,15085
FindNodeReq,36685
Error,23140
Error,27180
Error,32953
FindNodeReq,28561
Error,34298
Error,26348
Error,14950
FindNodeReq,42319
Error,22878
Error,36642
Error,33158
FindNodeReq,25167
Error,32610
Error,33881
Error,15412
FindNodeReq,24954
Error,23416
Error,25910
Error,31269
FindNodeReq,23820
Error,33724
Error,33643
Error,15527
FindNodeReq,44269
Error,23082
Error,28281
Error,32632
Error,37039
FindNodeReq,24115
Error,25508
Error,15483
FindNodeReq,36015
Error,40593
Error,27179
Error,27580
Error,34887
Error,35650
FindNodeReq,25264
Error,19788
FindNodeReq,43461
Error,48010
Error,25162
Error,26786
Error,24844
Error,40522
Error,15277
FindNodeReq,22754
FindNodeReq,41616
Error,46821
Error,26485
Error,36585
Error,26458
Error,29751
FindNodeReq,23233
Error,15649
FindNodeReq,40588
Error,40242
Error,29126
Error,34652
Error,26188
Error,41434
Error,15617
Error,23848
FindNodeReq,26417
Error,27729
Error,27445
Error,37928
Error,35868
FindNodeReq,24286
Error,15555
FindNodeReq,47223
Error,47227
Error,26495
Error,26714
Error,41777
Error,36346
Error,16305
FindNodeReq,34076
Error,23107
Error,27241
FindNodeReq,31088
Error,29129
Error,31942
Error,25128
Error,27987
FindNodeReq,36318
Error,38133
Error,48950
Error,45305
Error,81682
Error,27787
Error,57653
Error,72636
FindNodeReq,84585
Error,37314
Error,51888
Error,25709
Error,34454
Error,33544
Error,25005
Error,15599
Error,15439
Error,11602
Error,10202
FindNodeReq,35323
Error,33748
Error,48267
Error,33489
Error,33246
Error,27918
Error,20807
FindNodeReq,24344
FindNodeReq,40653
Error,45756
Error,25392
Error,32011
Error,25451
Error,40429
FindNodeReq,27290
Error,15004
FindNodeReq,26380
Error,37073
Error,78475
Error,35500
FindNodeReq,38256
Error,25884
Error,29416
Error,22000
FindNodeReq,42697
Error,42697
Error,26428
Error,46035
Error,52454
Error,36652
Error,15430
FindNodeReq,47115
Error,22480
Error,26342
Error,38412
Error,34095
FindNodeReq,31532
Error,30700
Error,20984
FindNodeReq,41970
Error,41206
Error,25973
Error,32289
Error,28517
Error,32316
Error,15515
FindNodeReq,34481
Error,23650
Error,25590
Error,26066
FindNodeReq,27319
Error,26904
Error,32728
Error,16298
FindNodeReq,45632
Error,44312
Error,28243
Error,33472
Error,25650
Error,42038
FindNodeReq,32975
Error,21259
FindNodeReq,30456
Error,10426
Error,26627
Error,26867
Error,33777
Error,38277
Error,15481
FindNodeReq,22923
FindNodeReq,40865
Error,40719
Error,26668
Error,32418
Error,35397
Error,36166
FindNodeReq,29714
Error,14773
FindNodeReq,25861
Error,22680
FindNodeReq,24995
Error,24989
Error,27427
Error,34379
Error,32488
Error,15019
FindNodeReq,24768
Error,24781
FindNodeReq,24539
Error,28361
Error,34884
Error,29753
Error,37180
Error,15938
FindNodeReq,30172
Error,41094
FindNodeReq,62126
Error,26326
Error,27014
Error,26738
Error,30334
Error,21521
FindNodeReq,35728
Error,31671
Error,36898
Error,41377
Error,48533
Error,30223
Error,47498
FindNodeReq,53609
Error,67279
Error,81264
Error,32226
Error,30391
Error,26225
Error,36576
Error,48268
Error,15714
Error,16219
Error,15262
Error,22751
Error,15512
Error,14653
FindNodeReq,50401
Error,59213
Error,26522
Error,39966
Error,29080
Error,34829
Error,16121
FindNodeReq,31724
Error,23363
Error,27628
FindNodeReq,28762
Error,38411
Error,33284
Error,45215
Error,30337
FindNodeReq,23950
Error,29021
FindNodeReq,41400
Error,26238
Error,36331
Error,24863
Error,37947
Error,16029
Error,28850
FindNodeReq,40539
Error,26223
Error,27941
Error,35727
Error,36625
FindNodeReq,23181
Error,15215
FindNodeReq,68620
Error,69929
FindNodeReq,86074
Error,27444
Error,32924
Error,41281
Error,36817
FindNodeReq,29570
Error,15297
Error,24532
Error,27504
FindNodeReq,40701
Error,47249
Error,34878
Error,34640
Error,16248
FindNodeReq,23899
Error,23371
FindNodeReq,23460
Error,25473
Error,30721
Error,28061
Error,24491
FindNodeReq,40610
Error,15038
FindNodeReq,46321
Error,46426
Error,26965
Error,28320
Error,25948
Error,31717
Error,16321
FindNodeReq,23232
Error,23487
Error,27041
FindNodeReq,35751
Error,27157
Error,27859
Error,42644
Error,29382
FindNodeReq,23798
Error,24465
FindNodeReq,32537
Error,32667
FindNodeReq,54521
Error,27178
Error,34970
Error,39366
Error,15433
FindNodeReq,44679
FindNodeReq,55624
Error,56094
Error,27227
FindNodeReq,32194
Error,27990
Error,28933
Error,31091
FindNodeReq,33359
FindNodeReq,38363
Error,14953
Error,32283
FindNodeReq,32828
FindNodeReq,24616
Error,28683
Error,26080
Error,27938
Error,30787
Error,32317
FindNodeReq,25689
FindNodeReq,23959
Error,47765
Error,28023
FindNodeReq,35680
FindNodeReq,46605
Error,39786
Error,36872
Error,26096
Error,16205
FindNodeReq,23916
FindNodeReq,24669
Error,24000
FindNodeReq,34605
Error,36234
FindNodeReq,46056
Error,27101
Error,34613
Error,32822
Error,15359
FindNodeReq,29382
FindNodeReq,21884
Error,24003
Error,27107
FindNodeReq,31054
FindNodeReq,32872
Error,55075
Error,33699
Error,45991
Error,16075
FindNodeReq,28268
FindNodeReq,37374
Error,34599
FindNodeReq,46171
FindNodeReq,57862
Error,25915
Error,35948
Error,24697
Error,54767
Error,14960
Error,57510
FindNodeReq,70537
FindNodeReq,76979
Error,28769
Error,30992
Error,42737
Error,30587
Error,16194
Error,31349
FindNodeReq,43535
FindNodeReq,23393
Error,27474
FindNodeReq,31853
Error,25482
Error,26934
Error,25157
FindNodeReq,59488
Error,21309
FindNodeReq,40630
Error,23771
Error,28924
FindNodeReq,36878
FindNodeReq,40798
Error,39354
Error,34269
Error,26913
Error,15914
FindNodeReq,31467
FindNodeReq,23932
Error,24330
Error,28191
FindNodeReq,36285
FindNodeReq,40855
Error,26301
Error,36135
Error,27013
Error,17116
FindNodeReq,51890
Error,52227
FindNodeReq,64207
Error,28484
Error,34370
Error,29759
Error,37240
Error,16695
FindNodeReq,47091
FindNodeReq,56542
Error,22920
FindNodeReq,24026
FindNodeReq,22268
Error,27179
Error,39043
Error,34774
Error,26257
Error,15208
FindNodeReq,23035
FindNodeReq,23598
Error,23258
FindNodeReq,22052
FindNodeReq,21786
Error,27235
Error,44678
Error,28544
FindNodeReq,34516
Error,53509
Error,15912
FindNodeReq,40973
FindNodeReq,50616
Error,56793
Error,27006
Error,27268
Error,33584
Error,33990
Error,26353
Error,25498
FindNodeReq,25118
FindNodeReq,23437
Error,28361
Error,34293
Error,25620
Error,41986
FindNodeReq,31179
Error,21366
FindNodeReq,32298
FindNodeReq,45336
Error,45429
FindNodeReq,57278
Error,27363
Error,27526
Error,44943
Error,43366
Error,14885
Error,24266
FindNodeReq,23370
FindNodeReq,22209
Error,27227
Error,36849
Error,26182
Error,31042
FindNodeReq,30055
Error,20553
FindNodeReq,31674
FindNodeReq,41888
FindNodeReq,57835
Error,58105
Error,26388
Error,27265
Error,33513
Error,34513
Error,30768
FindNodeReq,43702
Error,43936
FindNodeReq,25344
Error,28734
Error,35274
Error,31855
Error,36757
FindNodeReq,29294
Error,16027
FindNodeReq,48471
Error,52468
Error,28045
FindNodeReq,29269
Error,42149
Error,45215
Error,31548
Error,15269
Error,23371
FindNodeReq,22888
FindNodeReq,24577
Error,26820
Error,32775
Error,28936
Error,32580
Error,15470
FindNodeReq,39468
FindNodeReq,55494
Error,55561
Error,26945
Error,35280
Error,24712
FindNodeReq,33394
Error,37804
Error,15264
FindNodeReq,34193
Error,23317
FindNodeReq,23811
Error,51740
FindNodeReq,32380
Error,26539
Error,33168
Error,27929
Error,31858
FindNodeReq,35785
FindNodeReq,46716
Error,46653
Error,27586
Error,46586
Error,41382
Error,31533
FindNodeReq,29285
Error,15006
FindNodeReq,24480
Error,11206
Error,33091
FindNodeReq,23172
FindNodeReq,22743
Error,38018
Error,27144
Error,30618
Error,29038
FindNodeReq,23096
FindNodeReq,21948
Error,24723
FindNodeReq,25281
FindNodeReq,23270
Error,25624
Error,34022
Error,36199
Error,36429
Error,23580
FindNodeReq,28183
FindNodeReq,37373
Error,23316
FindNodeReq,31652
FindNodeReq,24177
Error,25113
Error,28471
Error,45673
Error,31296
Error,31411
FindNodeReq,26047
FindNodeReq,30395
Error,24816
FindNodeReq,24184
FindNodeReq,24833
Error,28676
Error,44961
Error,45650
Error,24663
Error,26516
FindNodeReq,34912
FindNodeReq,27607
FindNodeReq,43362
Error,48846
Error,27944
FindNodeReq,23620
Error,39858
Error,34185
Error,31526
Error,14780
FindNodeReq,23018
FindNodeReq,24151
FindNodeReq,45995
Error,46102
FindNodeReq,57873
Error,27046
Error,33048
Error,32234
Error,38000
FindNodeReq,29531
Error,16170
FindNodeReq,27879
FindNodeReq,33354
Error,23087
FindNodeReq,23818
Error,118425
FindNodeReq,130603
Error,56467
Error,40648
Error,26457
Error,15934
FindNodeReq,31791
FindNodeReq,41145
Error,24086
FindNodeReq,30777
FindNodeReq,24757
Error,26287
Error,26742
Error,42338
Error,36865
Error,16262
FindNodeReq,33770
FindNodeReq,43131
FindNodeReq,46414
FindNodeReq,58313
Error,58603
Error,27361
Error,27367
Error,34878
Error,31919
FindNodeReq,35757
Error,33921
FindNodeReq,22768
FindNodeReq,41899
Error,22527
Error,35602
Error,35943
FindNodeReq,29865
Error,35970
FindNodeReq,28269
Error,28782
Error,15284
FindNodeReq,29560
FindNodeReq,42667
FindNodeReq,38852
Error,45049
FindNodeReq,26572
Error,26786
Error,28449
Error,47285
Error,39831
FindNodeReq,32322
Error,15470
FindNodeReq,48575
FindNodeReq,65329
Error,65591
Error,39062
Error,33571
Error,27935
Error,26281
Error,14778
FindNodeReq,33915
FindNodeReq,43296
FindNodeReq,41396
FindNodeReq,57041
Error,57291
Error,27214
Error,27894
Error,34658
Error,31716
FindNodeReq,28048
Error,15356
FindNodeReq,28355
FindNodeReq,42568
Error,23916
Error,41236
Error,31561
FindNodeReq,23573
Error,32453
FindNodeReq,34035
Error,41954
Error,15488
FindNodeReq,42771
FindNodeReq,52728
Error,59352
Error,27065
Error,28336
Error,47914
Error,40880
Error,22046
FindNodeReq,29334
FindNodeReq,39033
Error,30759
FindNodeReq,43238
FindNodeReq,24982
Error,28594
Error,33328
Error,36461
Error,36823
FindNodeReq,30766
Error,20963
FindNodeReq,31192
FindNodeReq,40121
FindNodeReq,35590
Error,40724
Error,27288
Error,27484
Error,29870
FindNodeReq,40760
Error,24583
Error,15923
FindNodeReq,23830
FindNodeReq,42468
FindNodeReq,40399
Error,40708
Error,25297
Error,30879
FindNodeReq,22420
Error,24764
Error,24423
FindNodeReq,30253
Error,15672
FindNodeReq,46116
FindNodeReq,35349
Error,40420
Error,26070
FindNodeReq,22939
Error,62884
Error,37981
Error,43096
Error,16065
FindNodeReq,33452
FindNodeReq,23611
Error,24228
FindNodeReq,25358
FindNodeReq,25487
Error,38186
Error,27549
Error,43766
Error,35697
Error,26173
FindNodeReq,34379
FindNodeReq,27677
FindNodeReq,43643
Error,48448
Error,27751
FindNodeReq,24612
Error,26369
Error,27062
Error,24430
Error,31079
FindNodeReq,30644
FindNodeReq,21997
FindNodeReq,41302
Error,41644
FindNodeReq,22520
Error,26492
Error,27238
Error,33588
Error,33572
Error,26826
FindNodeReq,33147
FindNodeReq,28337
FindNodeReq,42785
Error,48534
Error,29970
FindNodeReq,24662
Error,27960
Error,43308
Error,37830
Error,16050
FindNodeReq,30984
FindNodeReq,22832
Error,30118
FindNodeReq,54883
FindNodeReq,24859
Error,26927
Error,27146
Error,44869
Error,39910
FindNodeReq,38280
Error,34406
FindNodeReq,27885
FindNodeReq,42201
Error,22575
Error,35186
Error,36334
FindNodeReq,22258
Error,36679
FindNodeReq,57943
Error,26643
Error,15086
FindNodeReq,41877
FindNodeReq,57357
Error,57531
Error,26737
Error,27256
Error,33474
Error,35808
Error,20973
FindNodeReq,28135
FindNodeReq,37812
FindNodeReq,45950
Error,45918
FindNodeReq,57757
Error,28056
Error,34453
Error,25915
Error,41733
Error,16810
FindNodeReq,40570
FindNodeReq,50221
FindNodeReq,41960
Error,42185
Error,27250
Error,27850
Error,35234
FindNodeReq,34199
Error,30600
Error,36518
FindNodeReq,42522
FindNodeReq,24086
Error,52670
Error,45310
FindNodeReq,57271
FindNodeReq,44170
Error,31179
Error,29686
Error,24922
Error,29214
FindNodeReq,28805
FindNodeReq,21809
Error,23569
FindNodeReq,24470
FindNodeReq,24780
Error,27259
Error,26902
Error,34743
Error,37976
Error,15996
FindNodeReq,47339
Error,47827
FindNodeReq,59716
Error,28272
Error,34619
Error,35598
Error,38379
Error,15664
Error,29608
FindNodeReq,42029
FindNodeReq,23151
Error,24721
Error,26231
Error,36294
Error,39659
FindNodeReq,22419
Error,15300
FindNodeReq,40022
Error,38828
FindNodeReq,22002
Error,25041
Error,31769
Error,27493
Error,29391
FindNodeReq,27208
Error,14532
FindNodeReq,33409
Error,15844
FindNodeReq,26477
Error,25193
Error,38726
Error,25488
Error,43135
Error,27408
FindNodeReq,27355
FindNodeReq,35932
Error,28012
FindNodeReq,40127
FindNodeReq,26696
Error,27153
Error,34804
Error,25977
Error,39791
Error,15684
Error,11007
FindNodeReq,26099
FindNodeReq,25529
Error,27940
Error,52402
Error,26086
Error,31871
Error,27274
FindNodeReq,27106
FindNodeReq,35837
Error,23180
FindNodeReq,22382
FindNodeReq,20634
Error,25911
Error,32413
Error,25487
Error,24203
FindNodeReq,35110
FindNodeReq,26144
Error,30057
FindNodeReq,41140
Error,45726
FindNodeReq,21970
Error,25282
Error,25887
Error,33425
Error,39225
Error,14614
FindNodeReq,38775
Error,38877
FindNodeReq,24012
Error,24849
Error,31717
Error,50736
Error,25792
Error,30772
FindNodeReq,29248
FindNodeReq,39136
Error,23383
FindNodeReq,31461
FindNodeReq,25016
Error,26513
Error,28920
Error,24265
Error,43579
Error,14924
FindNodeReq,46856
FindNodeReq,53420
Error,53494
Error,26278
Error,32778
Error,23511
FindNodeReq,38033
Error,23824
Error,29799
Error,15583
FindNodeReq,33222
FindNodeReq,23701
Error,24857
Error,29081
Error,25541
Error,31733
FindNodeReq,24432
Error,15490
FindNodeReq,46266
Error,46428
FindNodeReq,58225
Error,27837
Error,45339
Error,31343
Error,38925
Error,15928
Error,24225
FindNodeReq,32322
FindNodeReq,25138
Error,26338
Error,28116
Error,42399
Error,30316
FindNodeReq,23361
Error,19235
FindNodeReq,30970
FindNodeReq,40463
Error,40081
FindNodeReq,21639
Error,26695
Error,35002
Error,28976
FindNodeReq,36168
Error,54394
Error,20238
FindNodeReq,27071
FindNodeReq,38418
Error,10524
Error,25193
FindNodeReq,22495
Error,24074
Error,26144
Error,31107
Error,29207
FindNodeReq,28889
FindNodeReq,37664
FindNodeReq,39192
Error,39097
FindNodeReq,21481
Error,25537
Error,32301
Error,37867
Error,41383
Error,16995
FindNodeReq,40972
FindNodeReq,50702
Error,24912
Error,28772
FindNodeReq,29707
FindNodeReq,40388
Error,39812
Error,43541
Error,27989
Error,14099
FindNodeReq,29248
FindNodeReq,22354
Error,10288
FindNodeReq,24318
Error,24774
FindNodeReq,22751
Error,25736
Error,33276
Error,25093
Error,14385
FindNodeReq,23627
FindNodeReq,21153
Error,10037
Error,31845
FindNodeReq,27730
FindNodeReq,36626
Error,24773
Error,24761
Error,31595
Error,14179
FindNodeReq,33324
FindNodeReq,42894
Error,42633
Error,28809
Error,26063
Error,44399
Error,36087
FindNodeReq,21840
Error,15173
FindNodeReq,23664
Error,30160
FindNodeReq,49076
Error,28726
FindNodeReq,24338
Error,28404
Error,37026
Error,31282
FindNodeReq,24924
Error,17076
FindNodeReq,46723
Error,47069
FindNodeReq,27903
Error,28118
Error,28508
Error,30218
Error,37280
FindNodeReq,44405
Error,20088
FindNodeReq,31848
FindNodeReq,22962
Error,22321
FindNodeReq,21915
Error,26077
FindNodeReq,22385
Error,24725
Error,32983
Error,23969
Error,20832
FindNodeReq,35361
Error,37372
FindNodeReq,31835
Error,43733
Error,48760
Error,62049
FindNodeReq,30987
Error,26597
Error,25125
Error,30816
Error,28794
FindNodeReq,28657
Error,32680
Error,21568
Error,20847
Error,23006
FindNodeReq,39294
Error,44865
Error,25985
FindNodeReq,23862
Error,23998
Error,28246
Error,32707
Error,14182
FindNodeReq,38243
Error,38166
FindNodeReq,22091
Error,26239
Error,43800
Error,27431
Error,24762
Error,14111
FindNodeReq,28616
FindNodeReq,22762
FindNodeReq,38981
Error,38776
FindNodeReq,21745
Error,25621
Error,25537
Error,44193
Error,42254
FindNodeReq,22329
Error,15386
FindNodeReq,26944
FindNodeReq,40347
Error,22684
Error,44037
FindNodeReq,35716
FindNodeReq,46303
Error,25744
Error,29245
Error,26128
Error,15445
FindNodeReq,35390
FindNodeReq,22884
Error,24337
FindNodeReq,36688
FindNodeReq,23144
Error,26107
Error,26688
Error,33896
Error,37070
Error,15249
FindNodeReq,21872
FindNodeReq,20748
FindNodeReq,44588
Error,43979
FindNodeReq,54790
Error,25080
Error,30727
Error,24456
Error,43506
FindNodeReq,26759
Error,14489
FindNodeReq,27683
FindNodeReq,30054
Error,10542
FindNodeReq,23220
Error,26009
Error,26051
Error,33193
Error,37302
Error,15854
FindNodeReq,22114
FindNodeReq,20859
FindNodeReq,68311
Error,69428
FindNodeReq,81819
Error,28944
Error,34117
Error,25876
Error,41839
FindNodeReq,31199
Error,21366
FindNodeReq,32512
FindNodeReq,43725
FindNodeReq,53919
Error,60450
Error,25839
Error,37569
Error,32619
Error,29037
Error,14246
FindNodeReq,26788
FindNodeReq,35595
FindNodeReq,40032
Error,44322
FindNodeReq,55322
Error,25579
Error,32063
Error,28194
Error,34087
FindNodeReq,25972
Error,14648
FindNodeReq,22274
FindNodeReq,29973
Error,9963
Error,25870
Error,25946
Error,39541
FindNodeReq,26908
Error,34785
Error,14766
FindNodeReq,23288
FindNodeReq,40740
FindNodeReq,39181
Error,39368
Error,29219
Error,34910
Error,28016
FindNodeReq,40250
Error,37960
Error,15682
FindNodeReq,26029
Error,24134
FindNodeReq,30692
Error,26464
FindNodeReq,22471
Error,25719
Error,32928
Error,30307
FindNodeReq,32485
Error,15162
FindNodeReq,42624
Error,42497
FindNodeReq,54096
Error,25570
Error,27070
Error,32872
Error,24908
FindNodeReq,33205
FindNodeReq,21839
Error,14317
FindNodeReq,39854
Error,10227
FindNodeReq,23736
Error,26240
Error,31220
Error,23963
Error,43865
FindNodeReq,54956
Error,14582
FindNodeReq,33738
Error,39565
FindNodeReq,21508
Error,25061
Error,29625
Error,40846
FindNodeReq,35343
Error,25461
Error,21559
Error,30361
FindNodeReq,43756
FindNodeReq,24530
Error,27671
Error,44954
Error,23553
Error,38523
Error,14712
FindNodeReq,28097
FindNodeReq,21643
Error,10075
Error,25687
FindNodeReq,32379
FindNodeReq,31972
Error,54295
Error,32129
Error,23511
Error,29903
FindNodeReq,22472
FindNodeReq,38398
Error,38550
FindNodeReq,23520
Error,26268
Error,31268
Error,38612
Error,38841
Error,15428
FindNodeReq,32657
FindNodeReq,41613
Error,10176
Error,25851
FindNodeReq,35674
FindNodeReq,39902
Error,58014
Error,33940
Error,46836
Error,32097
FindNodeReq,23894
FindNodeReq,24464
Error,25178
FindNodeReq,26099
Error,26791
FindNodeReq,29238
Error,25825
Error,27022
Error,25858
Error,14178
FindNodeReq,42352
FindNodeReq,52975
Error,53179
Error,25900
Error,26103
Error,36050
Error,36096
FindNodeReq,22636
FindNodeReq,22176
Error,14413
Error,23540
FindNodeReq,24413
FindNodeReq,22490
Error,25356
Error,31674
Error,35037
Error,35593
FindNodeReq,34218
FindNodeReq,43590
Error,14481
FindNodeReq,39862
Error,39521
FindNodeReq,21891
Error,25069
Error,25826
Error,43759
FindNodeReq,42902
Error,26089
Error,16923
FindNodeReq,47002
Error,46794
FindNodeReq,59044
Error,28210
Error,34873
Error,36855
Error,24599
FindNodeReq,27741
Error,15220
FindNodeReq,32096
Error,15458
FindNodeReq,26113
Error,25495
Error,26179
Error,33186
Error,38119
FindNodeReq,21748
Error,14384
FindNodeReq,22563
FindNodeReq,38891
Error,38987
FindNodeReq,23533
Error,26068
Error,33519
Error,34284
Error,35733
Error,14628
FindNodeReq,45317
Error,45480
FindNodeReq,21849
Error,26163
Error,26164
Error,33785
Error,36508
Error,14752
FindNodeReq,25913
FindNodeReq,24644
Error,24408
Error,27184
FindNodeReq,32468
FindNodeReq,28666
Error,42247
Error,29298
Error,41412
Error,34179
FindNodeReq,44460
FindNodeReq,47485
Error,57028
UpdateRouteReq,44052
UpdateRouteReq,53826
Error,73735
UpdateRouteReq,25697
UpdateRouteReq,13574
Error,30795
UpdateRouteReq,32485
Error,51146
Error,65013
Error,31179
Error,27214
FindNodeReq,42558
FindNodeReq,64577
Error,16377
Error,14762
Error,25293
Error,26333
Error,31646
FindNodeReq,26739
Error,29905
FindNodeReq,22169
Error,14274
FindNodeReq,49704
FindNodeReq,54112
Error,60845
Error,27653
Error,35209
Error,25364
Error,42241
Error,16352
FindNodeReq,35144
FindNodeReq,44688
Error,22534
FindNodeReq,29932
FindNodeReq,23604
Error,24224
Error,26351
Error,32835
Error,37158
Error,15017
FindNodeReq,22202
FindNodeReq,23081
FindNodeReq,45362
Error,44682
FindNodeReq,55687
Error,25097
Error,34121
Error,34463
Error,35291
FindNodeReq,30072
Error,14555
FindNodeReq,26865
FindNodeReq,35563
FindNodeReq,30793
Error,22279
Error,34576
Error,26308
FindNodeReq,26351
Error,39576
FindNodeReq,36426
FindNodeReq,20318
Error,23203
Error,14795
FindNodeReq,55263
FindNodeReq,58815
Error,66035
FindNodeReq,78079
Error,27142
Error,34950
Error,30466
Error,37516
Error,20955
FindNodeReq,28846
FindNodeReq,38250
FindNodeReq,22341
FindNodeReq,46101
Error,46028
FindNodeReq,22688
FindNodeReq,21717
Error,24956
Error,26195
Error,40656
Error,28598
FindNodeReq,22853
Error,19241
FindNodeReq,29200
FindNodeReq,26524
FindNodeReq,46837
FindNodeReq,50374
Error,56361
Error,25549
FindNodeReq,28337
Error,24166
Error,25910
Error,39234
Error,26785
FindNodeReq,27185
FindNodeReq,36070
FindNodeReq,21486
Error,23230
FindNodeReq,31547
FindNodeReq,21452
FindNodeReq,23387
Error,26080
Error,26714
Error,40453
Error,28280
Error,15941
FindNodeReq,34696
FindNodeReq,44710
FindNodeReq,55792
Error,24681
FindNodeReq,23824
FindNodeReq,24932
FindNodeReq,25101
Error,28313
Error,35258
Error,42891
Error,25236
Error,20946
FindNodeReq,29472
FindNodeReq,39489
FindNodeReq,22128
Error,23899
FindNodeReq,25120
FindNodeReq,25092
Error,31465
FindNodeReq,41897
Error,29043
Error,37175
Error,37895
Error,21856
FindNodeReq,25546
FindNodeReq,25108
FindNodeReq,22521
FindNodeReq,49903
Error,50151
FindNodeReq,61756
FindNodeReq,21257
Error,26446
Error,26464
Error,39229
Error,37083
FindNodeReq,37976
FindNodeReq,47671
FindNodeReq,28265
Error,31671
FindNodeReq,44703
FindNodeReq,56194
FindNodeReq,44857
Error,68421
Error,26700
Error,35484
FindNodeReq,35340
Error,48370
FindNodeReq,23625
Error,26758
Error,24965
FindNodeReq,41722
Error,46849
FindNodeReq,23264
FindNodeReq,24330
Error,26859
Error,27225
Error,25688
Error,23855
Error,21908
FindNodeReq,33241
Error,34849
FindNodeReq,46168
FindNodeReq,33208
Error,26093
Error,38289
Error,25879
Error,39955
Error,57394
FindNodeReq,21238
Error,25457
FindNodeReq,35071
Error,41659
FindNodeReq,52726
Error,30563
Error,28481
Error,32407
Error,16780
Error,21633
Error,33111
Error,40400
Error,39783
Error,65673
Error,45938
FindNodeReq,26567
FindNodeReq,23577
Error,27340
Error,27982
Error,35895
Error,16814
FindNodeReq,46380
Error,11341
FindNodeReq,24045
Error,24606
FindNodeReq,28601
Error,37798
Error,33185
Error,23582
Error,25928
FindNodeReq,34164
Error,36033
FindNodeReq,27290
FindNodeReq,21842
Error,23777
Error,44501
Error,57996
Error,35070
Error,56354
Error,36790
FindNodeReq,32443
Error,39437
FindNodeReq,34565
FindNodeReq,43185
Error,56229
Error,24132
Error,55121
Error,30239
Error,27762
Error,30979
Error,30140
Error,30919
Error,21449
Error,29642
Error,28366
Error,36499
Error,11416
Error,10699
Error,10732
Error,10630
Error,10779
FindNodeReq,31010
Error,27259
FindNodeReq,33099
FindNodeReq,42671
FindNodeReq,21634
Error,25511
Error,29367
Error,31591
Error,15196
FindNodeReq,43358
FindNodeReq,52121
FindNodeReq,62857
Error,68972
Error,25913
Error,26344
Error,33290
Error,31687
Error,20470
FindNodeReq,27554
FindNodeReq,36286
FindNodeReq,20425
FindNodeReq,40664
Error,40699
FindNodeReq,22005
Error,25838
Error,31644
Error,26262
Error,41939
Error,15725
Error,32739
Error,29953
Error,27095
Error,33713
Error,26206
Error,28249
Error,21107
Error,32247
Error,27492
Error,29992
Error,28808
Error,14762
Error,10497
FindNodeReq,30055
FindNodeReq,54514
FindNodeReq,36777
FindNodeReq,26051
FindNodeReq,24594
Error,16405
Error,30250
Error,28639
Error,37941
Error,36564
Error,23096
FindNodeReq,29872
UpdateRouteReq,81302
FindNodeReq,56631
FindNodeReq,66871
FindNodeReq,22805
FindNodeReq,24833
UpdateRouteReq,32635
Error,17634
Error,30646
Error,28463
Error,32006
Error,38253
Error,22102
FindNodeReq,186637
FindNodeReq,232287
FindNodeReq,279510
FindNodeReq,89153
FindNodeReq,60087
FindNodeReq,26939
FindNodeReq,22998
FindNodeReq,23213
FindNodeReq,24480
FindNodeReq,25064
Error,19430
Error,39913
FindNodeReq,42183
Error,36100
Error,44767
Error,33044
Error,16953
UpdateRouteReq,20248
PathTeardownReq,11059
Error,39350
UpdateRouteReq,41429
PathSetupReq,43156
Error,28870
UpdateRouteReq,37164
Error,27170
Error,34165
UpdateRouteReq,30714
Error,40660
Error,29652
UpdateRouteReq,36014
Error,42964
PathTeardownReq,19939
UpdateRouteReq,19979
FindNodeReq,35178
Error,27014
UpdateRouteReq,15760
UpdateRouteReq,13997
UpdateRouteReq,12593
Error,49096
UpdateRouteReq,32682
PathSetupReq,33913
Error,30691
UpdateRouteReq,14279
Error,37275
UpdateRouteReq,37620
Error,14612
Error,33507
Error,41206
UpdateRouteReq,24706
UpdateRouteReq,38280
Error,28459
UpdateRouteReq,29098
Error,46010
UpdateRouteReq,33530
UpdateRouteReq,53915
Error,68825
UpdateRouteReq,83631
UpdateRouteReq,36975
Error,60947
UpdateRouteReq,95650
UpdateRouteReq,131748
Error,155226
Error,176050
UpdateRouteReq,17560
UpdateRouteReq,15576
Error,34794
UpdateRouteReq,35531
UpdateRouteReq,55287
Error,75630
Error,111609
UpdateRouteReq,123835
Error,58740
UpdateRouteReq,28053
Error,27376
Error,34344
Error,36451
Error,48828
UpdateRouteReq,31674
UpdateRouteReq,14850
Error,28650
UpdateRouteReq,29382
Error,30084
Error,18244
Error,11181
Error,12327
UpdateRouteReq,15871
Error,11910
Error,16607
Error,15960
UpdateRouteReq,22512
UpdateRouteReq,22416
UpdateRouteReq,15221
UpdateRouteReq,15082
UpdateRouteReq,19278
FindNodeReq,31427
FindNodeReq,41948
UpdateRouteReq,26896
Error,26656
UpdateRouteReq,28648
UpdateRouteReq,21076
Error,35395
UpdateRouteReq,29258
UpdateRouteReq,41015
Error,61679
UpdateRouteReq,64124
UpdateRouteReq,31878
UpdateRouteReq,52319
Error,42075
Error,17260
UpdateRouteReq,23238
UpdateRouteReq,52780
Error,22370
Error,29709
FindNodeReq,33906
UpdateRouteReq,22746
UpdateRouteReq,25390
Error,49345
Error,61749
Error,49010
Error,28705
UpdateRouteReq,15233
UpdateRouteReq,14844
UpdateRouteReq,14639
UpdateRouteReq,14573
FindNodeReq,36979
FindNodeReq,30361
FindNodeReq,48978
FindNodeReq,61700
Error,54027
Error,40479
FindNodeReq,78946
FindNodeReq,90430
FindNodeReq,103826
FindNodeReq,113748
Error,62295
FindNodeReq,75886
Error,32491
Error,39573
Error,28573
UpdateRouteReq,16425
UpdateRouteReq,14366
FindNodeReq,55756
Error,69712
FindNodeReq,81670
Error,107670
UpdateRouteReq,110873
FindNodeReq,36695
Error,27777
Error,37392
FindNodeReq,41557
FindNodeReq,31661
UpdateRouteReq,15125
UpdateRouteReq,15373
UpdateRouteReq,14559
Error,44146
Error,74477
Error,92043
UpdateRouteReq,105760
UpdateRouteReq,116692
UpdateRouteReq,90100
Error,109282
Error,135226
Error,141691
UpdateRouteReq,145647
UpdateRouteReq,148003
UpdateRouteReq,73399
Error,92997
Error,114617
Error,115686
Error,116752
UpdateRouteReq,75290
Error,65704
Error,70362
UpdateRouteReq,69556
Error,29473
Error,29759
FindNodeReq,25347
FindNodeReq,29301
FindNodeReq,40167
FindNodeReq,25810
Error,28107
UpdateRouteReq,32007
UpdateRouteReq,29401
UpdateRouteReq,13149
UpdateRouteReq,18368
UpdateRouteReq,18559
Error,36530
UpdateRouteReq,46922
UpdateRouteReq,58024
Error,26724
UpdateRouteReq,29409
Error,26664
UpdateRouteReq,29155
UpdateRouteReq,43195
Error,21721
FindNodeReq,31294
Error,25125
Error,34020
Error,42586
Error,39042
Error,42630
Error,17203
FindNodeReq,38405
FindNodeReq,60721
FindNodeReq,110612
FindNodeReq,124914
UpdateRouteReq,128310
UpdateRouteReq,129129
Error,123403
UpdateRouteReq,121193
Error,29259
Error,32485
Error,34048
Error,36424
Error,28619
UpdateRouteReq,22011
Error,20235
UpdateRouteReq,15389
UpdateRouteReq,15925
UpdateRouteReq,14291
Error,33450
UpdateRouteReq,20721
Error,37935
Error,26032
Error,45394
Error,28878
UpdateRouteReq,34096
UpdateRouteReq,29283
Error,28815
UpdateRouteReq,14294
Error,26094
UpdateRouteReq,24936
FindNodeReq,31688
Error,45349
FindNodeReq,25770
FindNodeReq,44930
Error,38276
FindNodeReq,26154
UpdateRouteReq,16659
Error,33380
UpdateRouteReq,34440
Error,44183
Error,45253
UpdateRouteReq,16984
Error,29236
FindNodeReq,39623
Error,52380
Error,36649
Error,38807
Error,16284
UpdateRouteReq,29086
UpdateRouteReq,30829
Error,30433
UpdateRouteReq,15863
UpdateRouteReq,15251
Error,35971
FindNodeReq,36829
Error,49894
Error,33075
Error,33711
Error,25939
UpdateRouteReq,15086
FindNodeReq,23971
Error,50970
Error,35356
Error,29430
FindNodeReq,35295
UpdateRouteReq,14183
Error,25604
UpdateRouteReq,25231
UpdateRouteReq,36751
Error,25910
Error,20855
FindNodeReq,34492
Error,33004
Error,24412
Error,37193
UpdateRouteReq,20220
Error,25909
Error,42853
Error,14872
FindNodeReq,44290
Error,28927
Error,25387
FindNodeReq,33612
Error,36526
Error,31144
Error,23744
Error,26687
Error,15334
FindNodeReq,26610
UpdateRouteReq,16691
Error,34320
UpdateRouteReq,35465
Error,59171
Error,68314
FindNodeReq,78677
Error,25327
Error,44963
Error,56811
Error,79199
UpdateRouteReq,21020
Error,34301
FindNodeReq,34040
Error,28638
Error,77152
Error,98736
Error,112842
Error,131863
Error,54530
Error,68955
FindNodeReq,33233
Error,39620
FindNodeReq,26350
Error,26062
Error,39749
Error,58423
Error,26025
Error,25331
FindNodeReq,71619
Error,73328
UpdateRouteReq,75628
UpdateRouteReq,77517
Error,84607
Error,85866
Error,102529
Error,18173
Error,12391
Error,21374
Error,30514
Error,10859
Error,74730
UpdateRouteReq,77154
FindNodeReq,98574
UpdateRouteReq,39009
Error,79780
FindNodeReq,91577
Error,54208
Error,69838
UpdateRouteReq,72302
FindNodeReq,58391
FindNodeReq,69322
Error,84781
Error,98695
FindNodeReq,31950
Error,27935
Error,38780
Error,43658
Error,33113
Error,45018
UpdateRouteReq,15236
UpdateRouteReq,14198
UpdateRouteReq,14644
Error,36100
Error,33175
Error,19833
FindNodeReq,39918
Error,63461
Error,71902
Error,72999
FindNodeReq,44021
Error,23089
FindNodeReq,34598
Error,34739
UpdateRouteReq,13987
UpdateRouteReq,12846
Error,11478
FindNodeRsp,22432
Error,16121
UpdateRouteReq,17251
Error,14627
Error,14081
Error,12406
Error,29649
UpdateRouteReq,24929
UpdateRouteReq,20520
UpdateRouteReq,25508
FindNodeReq,37535
FindNodeReq,49804
Error,47501
UpdateRouteReq,50547
UpdateRouteReq,36720
Error,36895
Error,25615
Error,31163
Error,10375
UpdateRouteReq,14281
Error,34525
FindNodeReq,23949
Error,24587
FindNodeReq,27169
UpdateRouteReq,13679
Error,24612
FindNodeReq,27164
FindNodeReq,21699
Error,24254
UpdateRouteReq,18888
Error,22102
Error,24545
Error,28589
Error,36604
Error,35404
Error,27431
UpdateRouteReq,39272
Error,40075
UpdateRouteReq,20297
UpdateRouteReq,18114
UpdateRouteReq,28363
FindNodeReq,36353
FindNodeReq,28917
FindNodeReq,38498
FindNodeReq,50163
UpdateRouteReq,62271
Error,15654
Error,24789
Error,42429
Error,27409
Error,39232
FindNodeReq,28735
Error,19308
FindNodeReq,32757
FindNodeReq,85162
FindNodeReq,108584
FindNodeReq,119017
UpdateRouteReq,43102
UpdateRouteReq,48087
Error,47565
Error,40220
Error,31240
UpdateRouteReq,45360
Error,43453
Error,81150
UpdateRouteReq,17206
UpdateRouteReq,15638
UpdateRouteReq,15105
UpdateRouteReq,105225
Error,126490
Error,146109
UpdateRouteReq,146841
Error,158828
UpdateRouteReq,162852
Error,39123
Error,49823
UpdateRouteReq,51474
UpdateRouteReq,45744
UpdateRouteReq,63390
Error,96226
Error,129168
Error,143705
Error,164578
Error,178677
UpdateRouteReq,189615
Error,48472
Error,65651
Error,65574
Error,58536
UpdateRouteReq,54075
Error,54947
UpdateRouteReq,57069
Error,69595
Error,70520
Error,77298
Error,10786
Error,26108
Error,48546
UpdateRouteReq,34117
Error,63889
UpdateRouteReq,66202
UpdateRouteReq,28628
Error,36627
Error,57757
Error,83817
Error,34092
Error,46051
Error,32467
UpdateRouteReq,14344
UpdateRouteReq,13800
UpdateRouteReq,14300
Error,30802
UpdateRouteReq,31475
Error,26441
Error,37104
Error,38177
Error,38443
Error,39044
Error,10750
Error,37499
Error,31138
Error,30631
UpdateRouteReq,33794
Error,10520
Error,31328
UpdateRouteReq,26661
UpdateRouteReq,27625
UpdateRouteReq,28692
FindNodeReq,50177
Error,24645
UpdateRouteReq,18654
Error,36944
Error,29684
Error,14496
Error,29032
Error,29037
UpdateRouteReq,17282
Error,27321
UpdateRouteReq,16939
Error,35553
UpdateRouteReq,21618
Error,38276
FindNodeReq,38025
UpdateRouteReq,40156
Error,29147
Error,24373
Error,27687
UpdateRouteReq,40496
Error,47485
FindNodeReq,28558
UpdateRouteReq,14419
UpdateRouteReq,14842
Error,30066
UpdateRouteReq,13360
Error,38049
Error,30386
Error,38278
Error,30633
FindNodeReq,40802
Error,24328
Error,27441
Error,38747
Error,39715
FindNodeReq,34640
Error,46450
Error,29192
UpdateRouteReq,17430
UpdateRouteReq,15772
Error,27302
Error,54819
Error,47178
UpdateRouteReq,59504
Error,42950
Error,34169
Error,30305
Error,42908
FindNodeReq,31255
FindNodeReq,36149
Error,24624
FindNodeReq,28525
Error,33504
UpdateRouteReq,15473
Error,10694
Error,24383
FindNodeReq,40195
Error,42027
Error,10891
Error,11572
Error,10438
Error,10251
Error,10147
Error,10213
UpdateRouteReq,23671
UpdateRouteReq,24335
UpdateRouteReq,34646
UpdateRouteReq,25142
Error,26936
Error,34722
Error,32513
UpdateRouteReq,15389
Error,36282
UpdateRouteReq,13428
Error,16400
Error,11388
Error,36148
FindNodeReq,33136
Error,27897
FindNodeReq,23840
Error,28561
Error,27319
UpdateRouteReq,16542
Error,15963
UpdateRouteReq,15163
UpdateRouteReq,29145
Error,26785
FindNodeReq,24077
Error,36661
UpdateRouteReq,37892
FindNodeReq,48997
Error,25751
Error,26356
Error,23640
Error,29898
UpdateRouteReq,14822
UpdateRouteReq,13665
UpdateRouteReq,12463
FindNodeReq,31633
FindNodeReq,40901
FindNodeReq,41757
Error,42275
Error,41566
UpdateRouteReq,15399
FindNodeReq,34263
Error,54727
FindNodeReq,73053
Error,24323
Error,24904
Error,15001
Error,32755
Error,29275
FindNodeReq,37567
FindNodeReq,48415
UpdateRouteReq,23537
UpdateRouteReq,24952
UpdateRouteReq,20479
Error,27146
Error,26475
Error,43108
Error,16831
Error,13179
FindNodeReq,26493
UpdateRouteReq,16517
Error,27575
FindNodeReq,35504
Error,53626
Error,36916
Error,53350
Error,26966
FindNodeReq,28831
Error,27415
FindNodeReq,21934
Error,24517
Error,27769
Error,30678
UpdateRouteReq,21331
UpdateRouteReq,27261
Error,24113
Error,14563
FindNodeReq,49243
FindNodeReq,60417
Error,60244
FindNodeReq,26935
FindNodeReq,40096
Error,26323
Error,25075
UpdateRouteReq,14301
Error,24221
Error,64378
Error,15550
Error,26444
Error,43170
FindNodeReq,26260
FindNodeReq,24491
FindNodeReq,24318
Error,33362
Error,25089
Error,63540
Error,87277
Error,101624
UpdateRouteReq,105387
UpdateRouteReq,108026
UpdateRouteReq,27333
FindNodeReq,54372
Error,53863
Error,66295
Error,78989
Error,98532
Error,30723
Error,47048
Error,63379
Error,76418
Error,89298
Error,95392
FindNodeReq,113091
UpdateRouteReq,19974
FindNodeReq,30423
FindNodeReq,34125
FindNodeReq,42544
Error,33023
Error,32481
Error,48856
Error,11848
Error,14856
Error,14472
Error,10155
Error,16508
UpdateRouteReq,14029
UpdateRouteReq,12552
FindNodeReq,23461
Error,24493
Error,28658
Error,33679
Error,23263
UpdateRouteReq,14352
Error,15017
UpdateRouteReq,32581
FindNodeReq,28945
FindNodeReq,23694
FindNodeReq,35610
FindNodeReq,44078
Error,26118
Error,31865
UpdateRouteReq,22066
Error,28411
UpdateRouteReq,14270
Error,33751
Error,25812
Error,21272
Error,10969
Error,34699
UpdateRouteReq,22563
UpdateRouteReq,25088
Error,51026
UpdateRouteReq,19840
Error,54606
FindNodeReq,75378
Error,29734
Error,22945
Error,38274
FindNodeReq,35126
FindNodeReq,48331
FindNodeReq,62711
UpdateRouteReq,26174
Error,40509
UpdateRouteReq,43561
Error,27319
Error,32683
UpdateRouteReq,21514
UpdateRouteReq,15281
UpdateRouteReq,30050
Error,50458
Error,63439
Error,29288
Error,18873
Error,32210
UpdateRouteReq,21151
UpdateRouteReq,21746
UpdateRouteReq,13212
Error,32280
Error,36239
FindNodeReq,53042
Error,46270
Error,68705
Error,96476
Error,34090
Error,29545
Error,32627
Error,49088
Error,55130
UpdateRouteReq,14046
UpdateRouteReq,13038
Error,11237
Error,17569
UpdateRouteReq,18353
UpdateRouteReq,23061
Error,22486
Error,30670
Error,39773
Error,16391
FindNodeReq,67092
FindNodeReq,86891
FindNodeReq,100659
FindNodeReq,117472
Error,73641
FindNodeReq,87485
UpdateRouteReq,91345
UpdateRouteReq,94849
UpdateRouteReq,108824
Error,32607
Error,28808
UpdateRouteReq,16782
Error,32148
FindNodeReq,53617
Error,39224
Error,28702
Error,24296
Error,40786
FindNodeReq,34955
UpdateRouteReq,16254
Error,26996
UpdateRouteReq,15945
UpdateRouteReq,19547
Error,40799
FindNodeReq,40339
FindNodeReq,60798
Error,35993
Error,30591
Error,40244
Error,39069
FindNodeReq,59756
UpdateRouteReq,61331
UpdateRouteReq,64161
UpdateRouteReq,75634
Error,47241
FindNodeReq,59872
FindNodeReq,24295
Error,49201
Error,25900
Error,25331
UpdateRouteReq,20535
UpdateRouteReq,15017
Error,26116
UpdateRouteReq,27826
UpdateRouteReq,13859
Error,54848
FindNodeReq,71710
FindNodeReq,82739
FindNodeReq,93252
Error,25765
Error,47299
Error,53722
UpdateRouteReq,56629
UpdateRouteReq,32627
Error,49395
Error,54790
Error,78674
UpdateRouteReq,27263
Error,35709
Error,43592
Error,40872
Error,59269
Error,73610
Error,44209
Error,52379
Error,53174
Error,53525
UpdateRouteReq,17547
Error,15608
UpdateRouteReq,18217
Error,15849
UpdateRouteReq,19953
Error,11899
Error,11089
FindNodeReq,25411
Error,22166
FindNodeReq,33663
FindNodeReq,45540
Error,28027
UpdateRouteReq,14363
FindNodeReq,39868
Error,44162
Error,28741
Error,24679
Error,14556
UpdateRouteReq,15804
UpdateRouteReq,20444
UpdateRouteReq,21144
UpdateRouteReq,17675
FindNodeReq,45672
Error,46057
FindNodeReq,21852
FindNodeReq,22418
FindNodeReq,21241
UpdateRouteReq,15613
Error,26979
UpdateRouteReq,27791
FindNodeReq,24030
Error,34492
FindNodeReq,31348
Error,43796
FindNodeReq,57839
Error,80806
UpdateRouteReq,17147
UpdateRouteReq,15708
Error,16950
UpdateRouteReq,32739
FindNodeReq,44687
FindNodeReq,56682
FindNodeReq,55087
Error,51291
UpdateRouteReq,23065
Error,27747
Error,31735
Error,37203
Error,47982
Error,24892
Error,37194
Error,26807
UpdateRouteReq,35262
UpdateRouteReq,39974
Error,32301
FindNodeReq,35708
Error,31652
Error,36525
Error,15761
Error,10191
Error,31532
FindNodeReq,21191
FindNodeReq,26460
FindNodeReq,73171
UpdateRouteReq,72990
UpdateRouteReq,81390
Error,95101
Error,33491
Error,32636
Error,22889
Error,28195
Error,32889
UpdateRouteReq,21096
Error,35181
UpdateRouteReq,30179
Error,43291
UpdateRouteReq,53622
FindNodeReq,42257
Error,45934
Error,51816
Error,31676
Error,51478
Error,28367
UpdateRouteReq,15980
UpdateRouteReq,16115
UpdateRouteReq,30741
Error,40377
FindNodeReq,59870
Error,27357
Error,39261
Error,28446
Error,16277
Error,26361
UpdateRouteReq,25500
Error,38087
FindNodeReq,28939
Error,24795
Error,44582
Error,16618
Error,11100
Error,37317
UpdateRouteReq,15396
Error,27144
FindNodeReq,36505
UpdateRouteReq,32724
Error,28881
Error,35510
Error,16336
Error,25136
Error,27830
UpdateRouteReq,29422
FindNodeReq,35950
Error,55630
UpdateRouteReq,58422
Error,33113
Error,25731
Error,30816
Error,25099
UpdateRouteReq,16559
FindNodeReq,32286
Error,28651
Error,28230
Error,44834
Error,31612
Error,16154
FindNodeReq,31614
Error,22708
FindNodeReq,28992
Error,24930
UpdateRouteReq,27774
UpdateRouteReq,23869
UpdateRouteReq,24449
FindNodeReq,36847
UpdateRouteReq,23512
Error,37292
Error,57589
Error,26149
Error,15367
Error,17306
UpdateRouteReq,18930
FindNodeReq,30640
FindNodeReq,26714
Error,26025
Error,27394
Error,42665
Error,35258
UpdateRouteReq,14801
Error,14703
UpdateRouteReq,35865
FindNodeReq,37565
Error,30083
Error,28310
Error,42291
Error,35109
Error,29928
Error,22001
FindNodeReq,24494
UpdateRouteReq,16451
UpdateRouteReq,15265
UpdateRouteReq,15003
UpdateRouteReq,14672
UpdateRouteReq,13503
Error,11458
Error,35475
FindNodeReq,26818
FindNodeReq,24025
FindNodeReq,26893
FindNodeReq,37621
FindNodeReq,37000
UpdateRouteReq,38496
Error,53644
Error,26469
Error,25577
Error,14701
Error,14451
FindNodeReq,27965
FindNodeReq,25462
Error,36478
UpdateRouteReq,37655
UpdateRouteReq,42174
Error,29287
Error,36411
Error,38242
Error,15580
FindNodeReq,26004
FindNodeReq,24492
FindNodeReq,22619
UpdateRouteReq,16190
UpdateRouteReq,29293
Error,39779
Error,33177
Error,31388
FindNodeReq,25654
FindNodeReq,24466
UpdateRouteReq,27129
Error,31892
FindNodeReq,62722
FindNodeReq,21984
Error,23886
FindNodeReq,31507
Error,15186
Error,43179
FindNodeReq,25982
FindNodeReq,29844
Error,28312
FindNodeReq,34246
Error,29082
Error,48849
Error,25657
Error,23767
Error,29736
UpdateRouteReq,24744
Error,29696
Error,44271
Error,57325
UpdateRouteReq,15361
UpdateRouteReq,13791
UpdateRouteReq,13318
Error,26176
Error,57954
Error,71676
Error,51645
UpdateRouteReq,48386
Error,83889
Error,27634
Error,43983
Error,44388
Error,39667
Error,43085
Error,37587
Error,44066
Error,50112
UpdateRouteReq,27577
UpdateRouteReq,22262
Error,10507
Error,10110
UpdateRouteReq,14093
Error,39111
UpdateRouteReq,33976
Error,43618
UpdateRouteReq,20362
Error,21848
Error,21448
Error,22375
Error,11065
UpdateRouteReq,28499
Error,27534
UpdateRouteReq,16179
UpdateRouteReq,20948
UpdateRouteReq,19587
UpdateRouteReq,14016
Error,35012
UpdateRouteReq,14400
UpdateRouteReq,30658
Error,60657
UpdateRouteReq,23443
UpdateRouteReq,15049
Error,35267
Error,27673
Error,41670
Error,48169
Error,25408
UpdateRouteReq,41647
UpdateRouteReq,53032
Error,84543
Error,98773
UpdateRouteReq,100991
Error,115082
FindNodeReq,33318
Error,31104
UpdateRouteReq,14554
UpdateRouteReq,35019
Error,54837
Error,62913
Error,76742
Error,95267
UpdateRouteReq,97624
Error,34380
Error,59495
UpdateRouteReq,17234
FindNodeReq,34445
Error,47778
UpdateRouteReq,27359
UpdateRouteReq,39341
Error,45750
UpdateRouteReq,14790
Error,79156
Error,94648
Error,116550
Error,131625
Error,136082
UpdateRouteReq,138578
UpdateRouteReq,140122
UpdateRouteReq,43726
Error,44246
Error,45088
Error,11044
UpdateRouteReq,19040
FindNodeReq,34549
Error,10392
Error,11110
UpdateRouteReq,14169
UpdateRouteReq,19227
Error,18691
UpdateRouteReq,28424
Error,10808
Error,10533
Error,27796
Error,28640
Error,23121
UpdateRouteReq,19829
Error,10981
UpdateRouteReq,20146
UpdateRouteReq,18356
UpdateRouteReq,24474
Error,45106
UpdateRouteReq,14637
UpdateRouteReq,26760
UpdateRouteReq,13014
UpdateRouteReq,18784
UpdateRouteReq,12896
Error,44270
FindNodeReq,41615
UpdateRouteReq,29928
UpdateRouteReq,38201
UpdateRouteReq,40332
Error,24890
UpdateRouteReq,26534
UpdateRouteReq,35572
Error,27228
FindNodeReq,68548
Error,16060
FindNodeReq,42532
Error,43047
Error,26538
UpdateRouteReq,16440
UpdateRouteReq,72263
Error,107377
UpdateRouteReq,113708
UpdateRouteReq,119210
UpdateRouteReq,135915
Error,52456
Error,29584
UpdateRouteReq,27643
Error,36542
Error,11239
Error,35836
Error,32906
FindNodeReq,24907
Error,37080
FindNodeReq,36758
FindNodeReq,28050
Error,40756
FindNodeReq,30164
Error,15868
UpdateRouteReq,46612
FindNodeReq,71019
UpdateRouteReq,15964
UpdateRouteReq,35370
Error,35816
UpdateRouteReq,15077
UpdateRouteReq,14975
Error,29130
FindNodeReq,27160
UpdateRouteReq,36420
Error,51758
Error,44119
FindNodeReq,24115
Error,35134
Error,16367
UpdateRouteReq,14864
UpdateRouteReq,30741
UpdateRouteReq,37005
Error,11365
Error,29011
FindNodeReq,26373
FindNodeReq,28426
Error,33324
FindNodeReq,51734
Error,42014
UpdateRouteReq,18648
Error,35250
FindNodeReq,26163
Error,17238
Error,25070
UpdateRouteReq,21058
FindNodeReq,32504
UpdateRouteReq,22405
Error,28393
UpdateRouteReq,14159
UpdateRouteReq,19291
UpdateRouteReq,12532
Error,31649
UpdateRouteReq,15093
UpdateRouteReq,18184
Error,34081
FindNodeReq,36321
FindNodeReq,52472
Error,24603
Error,15670
UpdateRouteReq,31215
UpdateRouteReq,31388
Error,31508
FindNodeReq,26821
FindNodeReq,24758
Error,27652
UpdateRouteReq,22525
Error,34676
UpdateRouteReq,36342
UpdateRouteReq,30363
Error,39111
Error,43611
FindNodeReq,29810
FindNodeReq,27042
FindNodeReq,37026
Error,20022
FindNodeReq,33480
UpdateRouteReq,14854
Error,10826
FindNodeReq,25172
Error,45805
FindNodeReq,58052
FindNodeReq,30556
Error,26693
UpdateRouteReq,30693
UpdateRouteReq,15204
UpdateRouteReq,15604
UpdateRouteReq,14666
Error,26787
Error,48679
Error,22165
Error,22601
FindNodeReq,34501
FindNodeReq,24754
FindNodeReq,23794
UpdateRouteReq,17074
Error,35845
UpdateRouteReq,37595
UpdateRouteReq,30695
Error,63801
UpdateRouteReq,96261
Error,116852
Error,78782
Error,107665
Error,51634
Error,73403
Error,30759
Error,40290
Error,53174
Error,10736
Error,11163
FindNodeReq,23597
Error,37397
Error,24954
Error,24286
Error,24491
Error,25401
UpdateRouteReq,14522
UpdateRouteReq,13287
Error,11098
Error,25603
UpdateRouteReq,14885
Error,25391
Error,43528
Error,27947
Error,42799
Error,40692
Error,26331
FindNodeReq,32480
Error,26831
Error,36651
Error,43524
Error,15662
Error,22464
UpdateRouteReq,28565
Error,20441
UpdateRouteReq,15940
UpdateRouteReq,14856
UpdateRouteReq,14327
Error,27843
Error,46368
FindNodeReq,33266
Error,31561
FindNodeReq,48786
Error,27565
Error,30541
UpdateRouteReq,37060
Error,30179
FindNodeReq,44090
FindNodeReq,25721
Error,25293
Error,26306
UpdateRouteReq,15395
Error,31324
UpdateRouteReq,26911
UpdateRouteReq,35919
Error,62608
UpdateRouteReq,23699
Error,30386
Error,30349
UpdateRouteReq,14867
Error,33776
UpdateRouteReq,20564
UpdateRouteReq,13523
Error,39568
Error,47330
FindNodeReq,41844
FindNodeReq,29398
Error,28086
UpdateRouteReq,21920
Error,41553
UpdateRouteReq,34319
Error,48232
UpdateRouteReq,50675
UpdateRouteReq,25348
Error,63083
Error,49459
Error,71043
Error,84094
Error,41654
UpdateRouteReq,42433
Error,60789
Error,36833
FindNodeReq,40822
Error,42861
Error,54349
Error,67546
FindNodeReq,84516
Error,16365
Error,15473
Error,14707
Error,11682
Error,10576
FindNodeReq,24995
FindNodeReq,28567
Error,27747
Error,15514
Error,14733
UpdateRouteReq,41579
UpdateRouteReq,27158
UpdateRouteReq,39434
Error,11250
UpdateRouteReq,15324
Error,50741
FindNodeReq,30754
Error,44080
Error,28447
Error,32291
FindNodeReq,36704
Error,16273
UpdateRouteReq,16304
UpdateRouteReq,15271
UpdateRouteReq,14524
FindNodeReq,63063
Error,88228
Error,45027
FindNodeReq,42115
UpdateRouteReq,14808
Error,27932
Error,28305
UpdateRouteReq,33173
Error,35372
UpdateRouteReq,36951
Error,16803
Error,25316
Error,27360
Error,31273
FindNodeReq,28163
Error,23847
FindNodeReq,29355
Error,26262
Error,14781
FindNodeReq,23190
FindNodeReq,22506
UpdateRouteReq,13937
UpdateRouteReq,12454
Error,38225
FindNodeReq,26938
Error,39895
FindNodeReq,38683
FindNodeReq,48014
Error,24100
UpdateRouteReq,14988
Error,28400
Error,37893
Error,34166
Error,11444
FindNodeReq,28387
FindNodeReq,23951
FindNodeReq,31821
FindNodeReq,25642
UpdateRouteReq,17250
UpdateRouteReq,15431
UpdateRouteReq,15922
Error,34355
UpdateRouteReq,27404
UpdateRouteReq,32407
Error,48133
UpdateRouteReq,35113
Error,28983
Error,48299
Error,24134
Error,22983
UpdateRouteReq,26663
UpdateRouteReq,27350
Error,47802
UpdateRouteReq,14127
FindNodeReq,22255
FindNodeReq,20458
FindNodeReq,20619
FindNodeReq,21036
Error,35732
FindNodeReq,48704
Error,63067
Error,77023
Error,76534
UpdateRouteReq,96373
Error,126235
UpdateRouteReq,20108
Error,34468
Error,28877
Error,25863
Error,25180
UpdateRouteReq,16490
Error,16201
Error,55555
UpdateRouteReq,57545
Error,66977
Error,67736
Error,68699
UpdateRouteReq,38172
Error,11352
FindNodeReq,28967
Error,26249
FindNodeReq,34774
Error,38014
Error,27008
Error,27096
Error,15470
UpdateRouteReq,14874
UpdateRouteReq,15604
UpdateRouteReq,17258
Error,25620
Error,27831
UpdateRouteReq,16140
Error,36085
Error,28543
FindNodeReq,37466
Error,32580
Error,16335
FindNodeReq,23903
UpdateRouteReq,17094
UpdateRouteReq,14899
UpdateRouteReq,14076
UpdateRouteReq,12872
FindNodeReq,22847
UpdateRouteReq,22939
Error,15238
Error,38394
Error,30344
Error,32639
Error,46631
Error,50355
Error,25851
UpdateRouteReq,16568
Error,28700
Error,34332
UpdateRouteReq,16423
Error,29696
UpdateRouteReq,20757
UpdateRouteReq,14178
Error,28846
Error,15926
FindNodeReq,59709
Error,60361
UpdateRouteReq,63527
Error,25353
UpdateRouteReq,13651
FindNodeReq,60374
Error,76000
Error,90065
UpdateRouteReq,14916
UpdateRouteReq,13473
Error,41049
Error,70792
Error,84259
Error,25435
UpdateRouteReq,36893
UpdateRouteReq,37539
Error,36829
Error,64990
Error,40408
Error,57124
Error,79815
UpdateRouteReq,17136
Error,39474
FindNodeReq,50356
Error,81002
Error,30138
Error,68463
Error,89920
Error,104932
Error,127935
Error,24848
Error,74738
Error,35964
Error,48544
Error,33593
Error,33851
Error,32944
Error,34032
Error,49417
UpdateRouteReq,63589
Error,63330
UpdateRouteReq,67271
Error,68423
UpdateRouteReq,70786
UpdateRouteReq,84761
Error,93507
Error,24025
Error,22385
Error,21935
FindNodeReq,35223
Error,11116
UpdateRouteReq,14247
FindNodeReq,23192
FindNodeReq,24811
Error,25430
FindNodeReq,41481
FindNodeReq,54808
UpdateRouteReq,57326
UpdateRouteReq,19085
UpdateRouteReq,20463
Error,25860
UpdateRouteReq,20376
UpdateRouteReq,21161
UpdateRouteReq,24565
Error,24239
FindNodeReq,26449
Error,35812
Error,14912
Error,22578
UpdateRouteReq,22602
Error,41300
UpdateRouteReq,19730
FindNodeReq,41793
FindNodeReq,48463
FindNodeReq,36721
Error,51037
UpdateRouteReq,54546
UpdateRouteReq,30191
Error,39502
Error,42190
Error,16008
Error,24230
Error,34244
Error,30472
Error,27938
Error,31158
FindNodeReq,36224
FindNodeReq,45855
FindNodeReq,29413
UpdateRouteReq,30112
Error,20406
UpdateRouteReq,22169
UpdateRouteReq,19381
UpdateRouteReq,12746
FindNodeReq,44032
Error,36139
Error,24193
FindNodeReq,34637
FindNodeReq,31361
Error,43625
FindNodeReq,72013
UpdateRouteReq,16634
Error,45914
Error,26384
Error,17623
Error,25004
Error,29434
FindNodeReq,32447
Error,26859
FindNodeReq,24312
FindNodeReq,23663
Error,25415
UpdateRouteReq,32485
UpdateRouteReq,14546
Error,25660
UpdateRouteReq,32734
Error,14952
Error,10204
Error,33508
FindNodeReq,26146
FindNodeReq,28724
FindNodeReq,39564
UpdateRouteReq,21274
Error,35427
Error,35637
Error,35893
Error,23672
Error,44410
Error,64848
FindNodeReq,43239
FindNodeReq,53049
FindNodeReq,30334
Error,26664
Error,31442
Error,60317
Error,31665
Error,41250
Error,59423
Error,43301
Error,61968
Error,29592
UpdateRouteReq,15476
UpdateRouteReq,20289
UpdateRouteReq,20901
UpdateRouteReq,32590
Error,39185
Error,63617
Error,76730
FindNodeReq,88256
Error,75790
Error,89565
Error,103140
Error,52140
FindNodeReq,69597
Error,84024
FindNodeReq,31805
UpdateRouteReq,25864
UpdateRouteReq,26966
Error,43171
Error,30208
Error,48563
Error,32280
Error,18691
Error,21752
Error,32860
Error,45743
Error,47926
Error,48736
Error,48490
UpdateRouteReq,51327
UpdateRouteReq,27858
Error,10832
Error,10742
UpdateRouteReq,14336
Error,14850
Error,14399
Error,9973
UpdateRouteReq,32636
Error,47882
FindNodeReq,44647
UpdateRouteReq,55227
FindNodeReq,23741
Error,25524
Error,38306
FindNodeReq,21792
UpdateRouteReq,18968
Error,32635
UpdateRouteReq,14275
UpdateRouteReq,14937
Error,19487
UpdateRouteReq,18112
Error,36604
Error,25021
Error,39520
Error,30520
FindNodeReq,32878
FindNodeReq,42426
UpdateRouteReq,18416
Error,32384
FindNodeReq,23582
Error,14678
FindNodeReq,23399
Error,24244
FindNodeReq,41498
Error,26692
FindNodeReq,35335
FindNodeReq,45859
UpdateRouteReq,16853
UpdateRouteReq,21066
FindNodeReq,29054
Error,42884
UpdateRouteReq,20299
Error,26242
Error,26266
Error,23094
Error,28781
Error,37950
FindNodeReq,48660
UpdateRouteReq,26283
FindNodeReq,23025
FindNodeReq,22180
UpdateRouteReq,14832
UpdateRouteReq,13777
FindNodeReq,22760
Error,36778
Error,56313
FindNodeReq,95656
FindNodeReq,107616
Error,121907
FindNodeReq,37509
Error,43719
Error,60789
Error,83595
Error,38034
Error,90056
Error,105394
Error,117302
Error,136704
UpdateRouteReq,136171
FindNodeReq,145672
UpdateRouteReq,144534
UpdateRouteReq,14275
FindNodeReq,22971
FindNodeReq,52542
FindNodeReq,55787
Error,92073
FindNodeReq,110985
Error,43752
UpdateRouteReq,56416
Error,77450
Error,93192
Error,107508
Error,126937
Error,143953
Error,39123
Error,11969
Error,12182
Error,11797
UpdateRouteReq,15756
UpdateRouteReq,12760
UpdateRouteReq,14267
Error,21732
UpdateRouteReq,22534
Error,19284
Error,18769
Error,19530
Error,9832
Error,26519
UpdateRouteReq,18437
Error,25938
FindNodeRsp,23231
Error,26316
Error,30182
UpdateRouteReq,13187
Error,14225
UpdateRouteReq,16966
UpdateRouteReq,12673
UpdateRouteReq,33714
Error,49359
Error,33887
Error,34867
Error,32225
Error,26292
UpdateRouteReq,18998
Error,14073
UpdateRouteReq,20274
UpdateRouteReq,20932
UpdateRouteReq,12890
UpdateRouteReq,20576
Error,10089
Error,55585
Error,28762
Error,34592
UpdateRouteReq,22371
UpdateRouteReq,32939
Error,69779
UpdateRouteReq,20543
FindNodeReq,33840
Error,29489
UpdateRouteReq,23020
Error,27058
Error,40502
Error,30215
UpdateRouteReq,14375
Error,42401
UpdateRouteReq,22419
UpdateRouteReq,28953
Error,26830
Error,25401
UpdateRouteReq,17071
Error,39434
Error,37551
UpdateRouteReq,34112
Error,53587
UpdateRouteReq,27882
Error,23126
UpdateRouteReq,28465
Error,50685
Error,69355
Error,28268
UpdateRouteReq,14500
UpdateRouteReq,18466
Error,31280
UpdateRouteReq,12841
Error,49858
Error,62605
Error,74288
Error,43584
UpdateRouteReq,48936
Error,36872
UpdateRouteReq,73426
UpdateRouteReq,34685
Error,33773
Error,33705
UpdateRouteReq,36390
Error,23925
UpdateRouteReq,24453
Error,25296
Error,24999
Error,23981
Error,23619
UpdateRouteReq,22471
Error,18967
UpdateRouteReq,13725
Error,30884
UpdateRouteReq,32036
UpdateRouteReq,30737
UpdateRouteReq,22266
UpdateRouteReq,32133
UpdateRouteReq,34055
UpdateRouteReq,39549
Error,67742
UpdateRouteReq,24731
Error,30624
Error,29624
UpdateRouteReq,13498
Error,19480
UpdateRouteReq,17562
Error,9879
Error,24837
UpdateRouteReq,19366
Error,36038
UpdateRouteReq,36997
Error,31529
Error,24875
UpdateRouteReq,25179
Error,14337
UpdateRouteReq,31148
Error,31175
UpdateRouteReq,13473
Error,29747
UpdateRouteReq,14212
Error,32274
Error,25486
Error,32663
Error,14807
UpdateRouteReq,37026
UpdateRouteReq,32294
Error,31728
UpdateRouteReq,14959
Error,28689
UpdateRouteReq,22862
Error,32694
UpdateRouteReq,15913
UpdateRouteReq,27550
Error,63961
UpdateRouteReq,42255
Error,41731
UpdateRouteReq,33804
Error,41492
Error,10223
Error,29746
UpdateRouteReq,13122
Error,35239
UpdateRouteReq,27114
Error,35587
UpdateRouteReq,17465
Error,30206
UpdateRouteReq,25847
Error,13903
Error,24632
Error,24767
UpdateRouteReq,19909
UpdateRouteReq,17822
Error,31027
UpdateRouteReq,26265
Error,49870
Error,34351
Error,21838
Error,24401
UpdateRouteReq,25464
Error,38351
UpdateRouteReq,40861
UpdateRouteReq,13436
Error,50886
Error,63585
UpdateRouteReq,65916
UpdateRouteReq,53828
Error,67853
UpdateRouteReq,70198
Error,58972
UpdateRouteReq,60979
Error,75275
Error,41106
Error,59048
UpdateRouteReq,54607
Error,46010
Error,35176
Error,45964
UpdateRouteReq,21727
Error,33405
Error,50688
UpdateRouteReq,13894
UpdateRouteReq,12710
Error,15723
Error,29423
UpdateRouteReq,49584
Error,47433
UpdateRouteReq,50512
Error,50494
Error,51629
UpdateRouteReq,23125
Error,10419
UpdateRouteReq,13209
FindNodeReq,29543
UpdateRouteReq,31077
Error,18910
Error,18513
Error,19273
Error,14674
UpdateRouteReq,17442
UpdateRouteReq,13083
Error,24570
UpdateRouteReq,19021
UpdateRouteReq,17232
UpdateRouteReq,12497
UpdateRouteReq,26559
UpdateRouteReq,36799
Error,36246
UpdateRouteReq,37746
FindNodeReq,34137
Error,29499
Error,40094
FindNodeReq,36932
Error,46416
UpdateRouteReq,13909
UpdateRouteReq,12704
UpdateRouteReq,12104
FindNodeReq,51136
Error,40610
Error,52373
UpdateRouteReq,29475
UpdateRouteReq,14523
Error,29193
Error,26499
Error,34283
Error,16070
FindNodeReq,50724
FindNodeReq,59084
FindNodeReq,73884
Error,73944
Error,38275
FindNodeReq,31946
FindNodeReq,44349
UpdateRouteReq,26252
UpdateRouteReq,27422
UpdateRouteReq,22648
Error,43955
Error,46347
Error,41331
UpdateRouteReq,45913
UpdateRouteReq,16371
UpdateRouteReq,14609
Error,17107
FindNodeReq,52158
UpdateRouteReq,30039
Error,36472
Error,33265
FindNodeReq,44072
Error,34637
UpdateRouteReq,16659
Error,33757
UpdateRouteReq,16156
UpdateRouteReq,39533
Error,23748
FindNodeReq,31842
Error,27549
UpdateRouteReq,27998
Error,39116
Error,44070
Error,61140
Error,75486
Error,43576
FindNodeReq,60473
FindNodeReq,75989
Error,28398
Error,44038
Error,56616
Error,39089
Error,35258
Error,40800
UpdateRouteReq,43533
FindNodeReq,49793
Error,62720
Error,74813
Error,80408
Error,30410
Error,24004
Error,23960
Error,12540
FindNodeReq,26835
UpdateRouteReq,28225
UpdateRouteReq,40386
Error,29761
Error,30865
Error,11164
Error,10854
UpdateRouteReq,15479
Error,28889
Error,34697
Error,22824
UpdateRouteReq,14168
UpdateRouteReq,18337
Error,31572
UpdateRouteReq,13380
FindNodeReq,27445
Error,19544
FindNodeReq,37461
Error,37895
Error,29261
UpdateRouteReq,16274
UpdateRouteReq,15463
UpdateRouteReq,15137
Error,26826
UpdateRouteReq,29002
Error,50742
FindNodeReq,37616
Error,52166
Error,32584
UpdateRouteReq,41884
Error,42332
UpdateRouteReq,45026
Error,36009
Error,27014
UpdateRouteReq,28016
Error,37360
Error,35643
FindNodeReq,25585
Error,16429
Error,36873
FindNodeReq,25110
FindNodeReq,28105
FindNodeReq,40698
FindNodeReq,28926
FindNodeReq,22483
Error,25186
UpdateRouteReq,15216
UpdateRouteReq,13359
UpdateRouteReq,14278
Error,49449
UpdateRouteReq,32485
UpdateRouteReq,42865
Error,65908
Error,26220
FindNodeReq,44139
Error,21695
FindNodeReq,37704
Error,43307
UpdateRouteReq,15650
Error,29134
UpdateRouteReq,22120
UpdateRouteReq,25078
Error,40114
UpdateRouteReq,16177
Error,51288
FindNodeReq,27024
Error,34030
Error,20977
Error,51014
Error,48371
Error,37390
Error,56898
UpdateRouteReq,21305
UpdateRouteReq,13950
Error,26354
UpdateRouteReq,27247
Error,52749
Error,66223
Error,78870
Error,23618
FindNodeReq,38349
UpdateRouteReq,35313
Error,48096
Error,55816
Error,74111
Error,87067
Error,111210
FindNodeReq,125660
Error,33259
Error,44642
Error,45953
UpdateRouteReq,28877
UpdateRouteReq,30407
UpdateRouteReq,25887
Error,61959
Error,77276
Error,97485
Error,112337
Error,117438
Error,35055
Error,28153
UpdateRouteReq,30936
Error,31488
Error,11345
UpdateRouteReq,15030
UpdateRouteReq,14135
UpdateRouteReq,14260
Error,11162
Error,10978
Error,10672
Error,10541
Error,10820
Error,10919
UpdateRouteReq,14807
UpdateRouteReq,19967
UpdateRouteReq,18545
UpdateRouteReq,15288
UpdateRouteReq,19417
UpdateRouteReq,25178
UpdateRouteReq,49716
Error,10267
Error,44167
UpdateRouteReq,13071
Error,30932
UpdateRouteReq,14842
Error,24205
UpdateRouteReq,27575
Error,26327
Error,14390
UpdateRouteReq,38105
UpdateRouteReq,40982
Error,40516
UpdateRouteReq,13188
Error,73723
UpdateRouteReq,91865
UpdateRouteReq,94861
UpdateRouteReq,105283
FindNodeReq,131399
Error,32588
UpdateRouteReq,33833
UpdateRouteReq,20094
Error,59039
UpdateRouteReq,61554
FindNodeReq,32818
Error,24173
Error,14545
FindNodeReq,43489
Error,9947
Error,30242
FindNodeReq,37904
Error,22807
UpdateRouteReq,20728
UpdateRouteReq,21177
UpdateRouteReq,12712
Error,25049
UpdateRouteReq,23993
Error,64148
Error,20154
Error,27654
Error,29259
FindNodeReq,30656
FindNodeReq,45338
Error,26527
Error,40858
FindNodeReq,25021
Error,27693
FindNodeReq,32950
Error,16469
FindNodeReq,39449
FindNodeReq,48145
Error,31136
FindNodeReq,44194
UpdateRouteReq,19985
UpdateRouteReq,17624
Error,30303
Error,36938
Error,38239
Error,36702
Error,17431
UpdateRouteReq,23285
Error,21703
UpdateRouteReq,15311
Error,36146
UpdateRouteReq,19319
Error,27692
Error,27963
FindNodeReq,27575
Error,24380
FindNodeReq,25845
Error,14532
UpdateRouteReq,14309
UpdateRouteReq,13664
UpdateRouteReq,17022
FindNodeReq,39009
FindNodeReq,43481
Error,44105
Error,28097
Error,35348
Error,27364
UpdateRouteReq,21333
Error,30091
FindNodeReq,34219
UpdateRouteReq,22189
UpdateRouteReq,19814
Error,24274
Error,39852
Error,26636
UpdateRouteReq,31550
Error,35627
UpdateRouteReq,37493
FindNodeReq,35193
Error,49340
Error,32833
FindNodeReq,37236
Error,31584
UpdateRouteReq,38018
Error,37400
Error,31105
Error,35355
Error,30152
Error,32574
UpdateRouteReq,17066
Error,15696
UpdateRouteReq,30243
Error,25874
FindNodeReq,23474
Error,25596
UpdateRouteReq,19946
Error,23978
Error,25652
FindNodeReq,36039
Error,23362
Error,14755
FindNodeReq,22223
UpdateRouteReq,14536
UpdateRouteReq,12938
FindNodeReq,22457
UpdateRouteReq,12800
UpdateRouteReq,31758
Error,45909
UpdateRouteReq,43494
Error,27451
Error,41654
Error,30247
Error,34744
Error,16860
FindNodeReq,35204
FindNodeReq,78239
Error,78844
Error,27008
FindNodeReq,34866
Error,32628
FindNodeReq,50575
UpdateRouteReq,17285
Error,27783
Error,35111
Error,15461
UpdateRouteReq,57425
FindNodeReq,58460
Error,67944
UpdateRouteReq,80414
Error,33852
Error,31881
Error,41156
UpdateRouteReq,43144
UpdateRouteReq,45509
UpdateRouteReq,27413
UpdateRouteReq,39679
UpdateRouteReq,21031
UpdateRouteReq,21543
Error,48326
UpdateRouteReq,50034
Error,55817
Error,11724
FindNodeReq,42900
FindNodeReq,42617
Error,12167
Error,29464
FindNodeReq,27363
UpdateRouteReq,16665
UpdateRouteReq,20138
UpdateRouteReq,34737
Error,41695
UpdateRouteReq,36524
Error,52417
UpdateRouteReq,21695
UpdateRouteReq,19607
Error,47237
FindNodeReq,23508
Error,30414
UpdateRouteReq,42076
Error,18921
Error,28641
Error,33815
Error,30872
Error,37937
Error,16285
UpdateRouteReq,17179
UpdateRouteReq,15881
UpdateRouteReq,14514
FindNodeReq,31953
UpdateRouteReq,29506
FindNodeReq,51482
FindNodeReq,65240
Error,65451
Error,24565
Error,24936
Error,24053
FindNodeReq,45047
Error,23150
UpdateRouteReq,20222
Error,23318
UpdateRouteReq,29191
UpdateRouteReq,49692
Error,41841
Error,27120
Error,37109
Error,26042
FindNodeReq,31730
Error,26114
Error,16955
UpdateRouteReq,16568
FindNodeReq,50819
Error,24229
Error,28805
Error,27976
Error,47565
Error,41504
FindNodeReq,28962
Error,16041
FindNodeReq,25112
FindNodeReq,25236
FindNodeReq,23729
FindNodeReq,31103
Error,24633
UpdateRouteReq,24203
UpdateRouteReq,15677
Error,42504
FindNodeReq,44550
FindNodeReq,57030
Error,39596
Error,33752
Error,43934
Error,16700
FindNodeReq,26233
UpdateRouteReq,17051
FindNodeReq,24004
FindNodeReq,36641
Error,37190
Error,39665
FindNodeReq,52944
FindNodeReq,37732
Error,26543
Error,26841
Error,28829
Error,16020
Error,11732
Error,28932
FindNodeReq,30440
FindNodeReq,23328
UpdateRouteReq,27589
Error,43038
UpdateRouteReq,47011
UpdateRouteReq,15600
Error,43621
Error,34045
UpdateRouteReq,34965
Error,16253
FindNodeReq,50015
FindNodeReq,60853
Error,60992
Error,40041
Error,33624
UpdateRouteReq,30710
Error,27044
Error,35162
Error,16385
FindNodeReq,68964
FindNodeReq,35762
Error,10034
Error,25437
Error,25102
FindNodeReq,28038
Error,34055
Error,30876
Error,14442
Error,23113
Error,25781
FindNodeReq,26472
UpdateRouteReq,15424
UpdateRouteReq,20042
UpdateRouteReq,21378
Error,29472
FindNodeReq,39288
UpdateRouteReq,28052
Error,35917
Error,23113
Error,26526
Error,32837
FindNodeReq,24662
Error,24607
FindNodeReq,26801
FindNodeReq,22850
FindNodeReq,22305
Error,24404
Error,30561
Error,41105
Error,14049
UpdateRouteReq,14713
FindNodeReq,34228
FindNodeReq,70227
FindNodeReq,79181
Error,27160
Error,29598
Error,35077
FindNodeReq,24511
FindNodeReq,25902
FindNodeReq,29338
Error,43250
UpdateRouteReq,22058
Error,30544
Error,15859
Error,21532
Error,23708
UpdateRouteReq,18249
FindNodeReq,45251
FindNodeReq,60996
FindNodeReq,72088
Error,85367
Error,24129
UpdateRouteReq,15128
Error,29215
Error,14495
Error,24021
FindNodeReq,22061
FindNodeReq,28404
Error,24734
FindNodeReq,31649
Error,24886
Error,32340
Error,34073
FindNodeReq,28666
Error,25461
FindNodeReq,24877
FindNodeReq,22299
FindNodeReq,21284
FindNodeReq,21629
FindNodeReq,36154
Error,36445
UpdateRouteReq,14756
UpdateRouteReq,17830
Error,32741
FindNodeReq,34178
FindNodeReq,31073
FindNodeReq,41682
Error,26437
Error,43349
UpdateRouteReq,16418
UpdateRouteReq,19603
Error,42770
Error,16915
Error,45669
Error,39313
UpdateRouteReq,17381
Error,35636
Error,34121
Error,34814
Error,16156
Error,11147
UpdateRouteReq,16547
UpdateRouteReq,15581
Error,39574
UpdateRouteReq,19536
Error,29119
Error,40798
FindNodeReq,31648
FindNodeReq,39433
Error,36056
Error,15207
UpdateRouteReq,14958
UpdateRouteReq,13956
UpdateRouteReq,13402
Error,26078
Error,31420
Error,35953
Error,29925
Error,34871
Error,22273
UpdateRouteReq,16109
UpdateRouteReq,13333
UpdateRouteReq,13078
UpdateRouteReq,12316
Error,11696
Error,34847
UpdateRouteReq,15653
Error,27725
Error,29281
Error,34643
Error,15900
Error,17112
Error,28165
UpdateRouteReq,23186
UpdateRouteReq,20644
Error,45997
Error,44282
UpdateRouteReq,24080
Error,32893
Error,14286
Error,10232
Error,38312
UpdateRouteReq,14186
UpdateRouteReq,13060
Error,23909
UpdateRouteReq,12879
Error,23969
Error,28912
UpdateRouteReq,25389
Error,13943
Error,37133
Error,36351
UpdateRouteReq,14020
UpdateRouteReq,14209
Error,29530
UpdateRouteReq,18913
Error,31991
UpdateRouteReq,26230
Error,23615
Error,19617
Error,21849
UpdateRouteReq,13575
Error,32059
UpdateRouteReq,19079
UpdateRouteReq,17224
Error,30577
UpdateRouteReq,31412
Error,48982
Error,30022
Error,29424
UpdateRouteReq,36124
UpdateRouteReq,31182
Error,30933
UpdateRouteReq,14515
Error,26667
FindNodeReq,30901
Error,38585
UpdateRouteReq,16286
UpdateRouteReq,35464
Error,33737
UpdateRouteReq,34849
FindNodeReq,45714
UpdateRouteReq,53280
Error,43562
UpdateRouteReq,44711
UpdateRouteReq,25873
Error,15038
FindNodeReq,65382
Error,23296
Error,25638
FindNodeReq,34903
UpdateRouteReq,17883
Error,31437
UpdateRouteReq,13599
UpdateRouteReq,17630
Error,54962
UpdateRouteReq,30757
Error,43309
Error,16711
Error,38378
Error,34962
UpdateRouteReq,16858
Error,26842
UpdateRouteReq,31480
UpdateRouteReq,29293
Error,27050
Error,26590
FindNodeReq,56068
Error,21339
FindNodeReq,38581
FindNodeReq,48532
Error,51382
FindNodeReq,64883
FindNodeReq,31510
Error,44582
Error,39181
Error,35440
Error,33732
FindNodeReq,30123
Error,43538
Error,39742
Error,51339
Error,51273
UpdateRouteReq,51845
UpdateRouteReq,63554
Error,28286
FindNodeReq,38579
Error,50685
Error,71942
Error,29544
Error,33550
Error,46651
UpdateRouteReq,51367
Error,52482
Error,53462
Error,54542
FindNodeReq,69386
Error,15839
Error,14474
Error,11010
Error,21216
Error,28516
Error,13978
Error,13662
UpdateRouteReq,19561
Error,18840
UpdateRouteReq,12876
FindNodeReq,20364
Error,28391
UpdateRouteReq,29605
UpdateRouteReq,39787
UpdateRouteReq,47890
Error,61142
Error,26071
Error,27315
FindNodeReq,42702
Error,22284
Error,15248
Error,34090
UpdateRouteReq,35281
FindNodeReq,33882
Error,27723
Error,30449
Error,26214
Error,15641
Error,24884
FindNodeReq,31882
Error,30335
UpdateRouteReq,14632
Error,24864
UpdateRouteReq,18229
FindNodeReq,39206
Error,52696
Error,29033
Error,23824
Error,14211
Error,21159
Error,30734
UpdateRouteReq,14269
Error,28727
FindNodeReq,21904
FindNodeReq,21410
Error,23053
FindNodeReq,22555
Error,24129
Error,14487
Error,36304
Error,24590
FindNodeReq,27522
FindNodeReq,20882
FindNodeReq,26042
Error,45146
UpdateRouteReq,16485
Error,36520
Error,29148
Error,16216
Error,25537
Error,26799
FindNodeReq,48178
FindNodeReq,60784
FindNodeReq,35606
Error,48966
Error,26176
Error,43800
Error,15440
Error,22410
FindNodeReq,23177
FindNodeReq,19916
FindNodeReq,21302
Error,23524
UpdateRouteReq,19578
UpdateRouteReq,14470
UpdateRouteReq,27947
Error,27088
Error,31227
Error,33994
Error,21719
FindNodeReq,46779
Error,47030
UpdateRouteReq,49003
FindNodeReq,32186
FindNodeReq,40763
Error,54796
Error,41789
Error,22659
Error,28603
Error,27880
Error,43394
FindNodeReq,27095
Error,24709
Error,47603
FindNodeReq,75800
FindNodeReq,88964
Error,30459
Error,49391
Error,32433
Error,26500
Error,36589
Error,44516
Error,30841
UpdateRouteReq,25790
Error,26650
UpdateRouteReq,37781
Error,27898
Error,23147
Error,10583
Error,10078
Error,24667
Error,19037
Error,27714
Error,25386
UpdateRouteReq,18699
UpdateRouteReq,20392
FindNodeReq,30151
FindNodeReq,26074
FindNodeReq,35313
Error,23598
Error,23961
Error,25989
Error,14782
Error,10615
Error,25812
FindNodeReq,27046
FindNodeReq,31093
FindNodeReq,39929
Error,53346
Error,32784
Error,28419
Error,14325
Error,25209
Error,28430
UpdateRouteReq,17396
Error,32853
UpdateRouteReq,35551
FindNodeReq,25867
FindNodeReq,34517
Error,49074
FindNodeReq,69681
UpdateRouteReq,42420
Error,71170
Error,16886
Error,24619
FindNodeReq,27214
Error,29155
FindNodeReq,31445
FindNodeReq,44212
FindNodeReq,35146
FindNodeReq,45257
Error,61091
FindNodeReq,39288
Error,31870
Error,36401
Error,16667
Error,17982
Error,25827
UpdateRouteReq,18298
UpdateRouteReq,19864
UpdateRouteReq,16717
UpdateRouteReq,49250
FindNodeReq,66149
Error,53768
FindNodeReq,73706
FindNodeReq,85682
FindNodeReq,97911
UpdateRouteReq,34066
Error,50173
Error,26261
Error,23631
Error,31060
Error,54479
FindNodeReq,60584
UpdateRouteReq,63188
FindNodeReq,75153
UpdateRouteReq,77951
FindNodeReq,40421
Error,53748
FindNodeReq,71465
Error,86689
Error,25858
Error,94924
Error,109752
Error,39722
Error,53711
UpdateRouteReq,54216
UpdateRouteReq,66693
Error,48581
UpdateRouteReq,53118
Error,61688
Error,81623
UpdateRouteReq,84335
UpdateRouteReq,95920
Error,56216
Error,69250
Error,30813
Error,45621
Error,69637
Error,64379
Error,83111
FindNodeReq,95807
Error,109571
FindNodeReq,123610
FindNodeReq,137126
FindNodeReq,61508
Error,68985
Error,82494
UpdateRouteReq,84913
UpdateRouteReq,87605
Error,100524
UpdateRouteReq,103132
UpdateRouteReq,17812
Error,35200
Error,15907
Error,26299
Error,25464
Error,26229
UpdateRouteReq,28296
UpdateRouteReq,13416
UpdateRouteReq,12871
Error,9971
Error,9339
Error,9558
Error,10390
UpdateRouteReq,15976
UpdateRouteReq,22276
Error,36785
Error,46391
Error,26634
Error,26073
Error,37170
Error,17682
UpdateRouteReq,14734
Error,27343
UpdateRouteReq,16478
UpdateRouteReq,14556
UpdateRouteReq,31146
Error,51293
FindNodeReq,55448
FindNodeReq,64548
Error,39406
UpdateRouteReq,17054
Error,27797
FindNodeReq,33381
Error,16256
Error,25237
Error,30880
Error,29132
Error,36302
Error,35266
Error,16729
UpdateRouteReq,17013
UpdateRouteReq,15135
UpdateRouteReq,20126
UpdateRouteReq,13829
FindNodeReq,46196
FindNodeReq,31508
Error,23236
FindNodeReq,25634
Error,23346
Error,32138
Error,26911
Error,33653
UpdateRouteReq,13137
UpdateRouteReq,12678
Error,15507
FindNodeReq,33261
FindNodeReq,41426
UpdateRouteReq,13641
UpdateRouteReq,12504
Error,24782
Error,28430
Error,28686
Error,36750
Error,40992
Error,16432
UpdateRouteReq,16438
FindNodeReq,37879
FindNodeReq,61532
Error,24097
Error,39212
Error,29647
Error,25219
UpdateRouteReq,25910
Error,23180
UpdateRouteReq,17611
UpdateRouteReq,13547
Error,26844
UpdateRouteReq,26920
FindNodeReq,38697
FindNodeReq,39950
FindNodeReq,29701
Error,9957
Error,24513
Error,32839
Error,23699
UpdateRouteReq,19359
FindNodeReq,23145
Error,23113
FindNodeReq,26530
Error,26238
Error,40181
Error,42278
FindNodeReq,37273
FindNodeReq,47675
Error,23778
UpdateRouteReq,19195
UpdateRouteReq,14202
Error,24816
UpdateRouteReq,26805
Error,31073
Error,14296
Error,10256
Error,25764
FindNodeReq,28629
FindNodeReq,37474
UpdateRouteReq,30426
Error,55613
FindNodeReq,88929
Error,34107
Error,36645
Error,32148
Error,64316
FindNodeReq,79769
FindNodeReq,50209
Error,80657
Error,35178
Error,39915
Error,40338
Error,42199
Error,29679
UpdateRouteReq,30474
UpdateRouteReq,27098
Error,41438
FindNodeReq,25804
UpdateRouteReq,15007
UpdateRouteReq,13488
Error,15434
Error,50606
FindNodeReq,65438
Error,66738
Error,81306
Error,81926
FindNodeReq,36592
UpdateRouteReq,26050
Error,10415
Error,23816
Error,36809
Error,38590
Error,24503
Error,18728
FindNodeReq,22499
UpdateRouteReq,14248
UpdateRouteReq,16102
UpdateRouteReq,18233
FindNodeReq,48203
FindNodeReq,45910
Error,46488
Error,29130
Error,36642
Error,44311
Error,26275
FindNodeReq,43165
Error,45703
FindNodeReq,24734
UpdateRouteReq,21958
FindNodeReq,33871
UpdateRouteReq,18981
Error,40284
Error,38487
FindNodeReq,24385
Error,26974
FindNodeReq,33321
Error,40682
FindNodeReq,33393
UpdateRouteReq,35174
Error,23587
Error,15049
Error,54592
FindNodeReq,65847
FindNodeReq,21248
FindNodeReq,21567
Error,24786
Error,31931
Error,32248
Error,29875
Error,19226
FindNodeReq,22689
FindNodeReq,22447
FindNodeReq,25819
FindNodeReq,37521
Error,17154
UpdateRouteReq,17857
UpdateRouteReq,13728
UpdateRouteReq,14330
Error,40450
FindNodeReq,41203
FindNodeReq,51717
FindNodeReq,63957
Error,80478
Error,26764
Error,50478
Error,16231
UpdateRouteReq,17665
FindNodeReq,25647
FindNodeReq,23007
FindNodeReq,24515
FindNodeReq,24564
Error,16546
FindNodeReq,28311
FindNodeReq,23651
FindNodeReq,21731
Error,25314
FindNodeReq,25951
Error,24839
Error,30156
Error,27236
Error,33285
UpdateRouteReq,16890
Error,54700
Error,27172
Error,37002
Error,29680
Error,29972
Error,24855
FindNodeReq,24680
FindNodeReq,23933
UpdateRouteReq,14036
UpdateRouteReq,13079
FindNodeReq,46408
Error,30278
FindNodeReq,53822
Error,30167
Error,28147
Error,35530
Error,47993
Error,29083
Error,11607
Error,30333
Error,35342
Error,32858
Error,25748
UpdateRouteReq,17742
Error,14172
UpdateRouteReq,30012
Error,39970
UpdateRouteReq,14566
UpdateRouteReq,29655
Error,47107
UpdateRouteReq,17213
UpdateRouteReq,30093
Error,33977
FindNodeReq,24901
Error,34670
Error,39086
Error,17359
Error,10106
Error,27234
Error,31927
Error,30432
Error,26245
Error,14838
UpdateRouteReq,13383
UpdateRouteReq,13331
UpdateRouteReq,12385
Error,33756
UpdateRouteReq,36797
UpdateRouteReq,16382
Error,40737
UpdateRouteReq,26912
FindNodeReq,38659
UpdateRouteReq,19733
Error,34667
UpdateRouteReq,32182
UpdateRouteReq,35446
Error,36361
Error,39263
Error,21946
Error,10156
Error,32522
Error,26383
Error,30721
Error,31342
Error,14364
UpdateRouteReq,15171
UpdateRouteReq,12791
UpdateRouteReq,35228
Error,34978
Error,36545
FindNodeReq,39765
UpdateRouteReq,41165
UpdateRouteReq,23774
Error,36400
UpdateRouteReq,37452
Error,30153
Error,30553
FindNodeReq,26380
FindNodeReq,24728
Error,14121
Error,22034
Error,27517
Error,26339
Error,31564
Error,26346
Error,18952
UpdateRouteReq,16048
UpdateRouteReq,15468
UpdateRouteReq,30741
UpdateRouteReq,34879
Error,34946
UpdateRouteReq,16565
UpdateRouteReq,15513
Error,40098
FindNodeReq,64271
UpdateRouteReq,67843
FindNodeReq,44156
Error,60092
UpdateRouteReq,21183
Error,40631
UpdateRouteReq,42701
FindNodeReq,33633
Error,26554
Error,16750
Error,25590
Error,30220
Error,49303
Error,31335
Error,26699
Error,20139
UpdateRouteReq,15093
UpdateRouteReq,17487
UpdateRouteReq,13207
Error,36381
UpdateRouteReq,26399
Error,36136
FindNodeReq,51935
FindNodeReq,26978
UpdateRouteReq,28638
Error,23689
Error,33480
Error,25181
FindNodeReq,58052
FindNodeReq,49035
Error,16088
Error,25902
Error,30031
Error,35911
Error,30175
Error,37516
Error,16384
UpdateRouteReq,16106
UpdateRouteReq,14203
Error,22342
UpdateRouteReq,14552
UpdateRouteReq,14964
Error,43164
UpdateRouteReq,33470
FindNodeReq,61867
FindNodeReq,45296
Error,59608
UpdateRouteReq,69876
Error,38961
Error,42735
Error,23723
FindNodeReq,40352
Error,42760
Error,26258
Error,25670
Error,42682
Error,51273
Error,69049
Error,81480
Error,38153
Error,38341
Error,44646
Error,61670
Error,28551
Error,14509
Error,32832
Error,10710
Error,10620
Error,10793
Error,11985
UpdateRouteReq,15179
UpdateRouteReq,22103
UpdateRouteReq,19395
UpdateRouteReq,14294
UpdateRouteReq,36813
UpdateRouteReq,53662
Error,11587
Error,28524
Error,29574
Error,36740
Error,29259
Error,22046
Error,22668
Error,32834
Error,26762
Error,30645
Error,30934
Error,14245
UpdateRouteReq,14767
UpdateRouteReq,12697
UpdateRouteReq,33691
UpdateRouteReq,35335
Error,16651
UpdateRouteReq,17607
Error,23807
UpdateRouteReq,36078
UpdateRouteReq,29127
UpdateRouteReq,17486
Error,31251
UpdateRouteReq,15218
UpdateRouteReq,29205
Error,48780
UpdateRouteReq,18818
UpdateRouteReq,20506
Error,43268
Error,22277
UpdateRouteReq,19917
UpdateRouteReq,13447
UpdateRouteReq,37703
UpdateRouteReq,39052
Error,55430
UpdateRouteReq,12489
UpdateRouteReq,12737
Error,30750
UpdateRouteReq,30155
FindNodeReq,43984
Error,24026
Error,26400
Error,30296
UpdateRouteReq,14045
Error,14900
UpdateRouteReq,27021
Error,34706
UpdateRouteReq,17315
FindNodeReq,26677
Error,26421
Error,33280
Error,32830
Error,16357
Error,16885
UpdateRouteReq,41523
Error,52077
UpdateRouteReq,14721
Error,28598
FindNodeReq,26129
Error,26503
Error,42833
Error,26601
Error,19208
UpdateRouteReq,37470
UpdateRouteReq,16501
UpdateRouteReq,30096
UpdateRouteReq,22733
UpdateRouteReq,41814
UpdateRouteReq,62068
Error,61928
FindNodeReq,25283
Error,26451
Error,26661
Error,35415
UpdateRouteReq,15077
UpdateRouteReq,15595
Error,32193
UpdateRouteReq,26533
Error,14224
UpdateRouteReq,32156
UpdateRouteReq,43948
UpdateRouteReq,49191
Error,55210
Error,29373
FindNodeReq,27118
Error,39909
Error,31253
Error,23938
UpdateRouteReq,23221
Error,21633
UpdateRouteReq,24382
UpdateRouteReq,35677
Error,16386
UpdateRouteReq,17966
UpdateRouteReq,30559
UpdateRouteReq,18997
Error,46286
Error,26868
Error,29033
Error,44229
Error,16143
Error,11876
Error,28596
Error,52169
UpdateRouteReq,15797
Error,34227
UpdateRouteReq,22581
UpdateRouteReq,55884
Error,42607
Error,56640
UpdateRouteReq,68395
FindNodeReq,88271
Error,89210
Error,76824
Error,59553
Error,82883
Error,28604
Error,24490
Error,37339
Error,43655
UpdateRouteReq,44081
UpdateRouteReq,46575
UpdateRouteReq,59229
UpdateRouteReq,14830
UpdateRouteReq,14187
UpdateRouteReq,13797
Error,30095
UpdateRouteReq,47972
Error,61893
Error,75004
FindNodeReq,68235
Error,80192
Error,97776
Error,110999
FindNodeReq,122869
FindNodeReq,136210
Error,45266
Error,62468
Error,35551
UpdateRouteReq,16679
Error,27861
UpdateRouteReq,28047
UpdateRouteReq,40905
Error,49693
Error,63845
Error,77732
Error,106448
Error,122021
Error,136640
Error,82031
Error,94984
Error,113530
UpdateRouteReq,40586
Error,56407
UpdateRouteReq,59561
UpdateRouteReq,71683
Error,41151
FindNodeReq,66868
FindNodeReq,75544
FindNodeReq,87209
FindNodeReq,95796
Error,108126
UpdateRouteReq,26575
Error,40451
Error,61133
Error,18459
Error,47309
Error,48255
Error,48719
Error,49684
Error,45985
Error,46926
Error,47567
Error,48369
Error,48921
Error,12546
UpdateRouteReq,15878
UpdateRouteReq,20260
Error,19591
UpdateRouteReq,20573
UpdateRouteReq,19472
Error,10347
FindNodeReq,23648
UpdateRouteReq,13947
Error,27680
UpdateRouteReq,14999
Error,16396
UpdateRouteReq,13948
Error,28998
Error,27529
Error,36415
Error,27836
UpdateRouteReq,20583
FindNodeReq,53818
UpdateRouteReq,56178
UpdateRouteReq,26902
UpdateRouteReq,15058
Error,45161
FindNodeReq,58971
FindNodeReq,79730
FindNodeReq,39906
Error,23341
Error,45290
Error,14997
FindNodeReq,25992
FindNodeReq,22911
FindNodeReq,23549
FindNodeReq,21577
UpdateRouteReq,16231
UpdateRouteReq,14500
Error,41275
UpdateRouteReq,42941
Error,29697
UpdateRouteReq,18274
Error,37406
UpdateRouteReq,20487
Error,37534
Error,36341
QueryRouteReq,30359
Error,34815
Error,66511
Error,47785
Error,33410
Error,35090
Error,32200
UpdateRouteReq,14970
Error,27793
UpdateRouteReq,31029
UpdateRouteReq,31795
Error,61615
UpdateRouteReq,20032
UpdateRouteReq,15869
Error,33218
Error,35111
Error,43905
Error,26869
Error,15915
Error,11873
Error,39073
UpdateRouteReq,17352
Error,28155
UpdateRouteReq,22486
Error,33892
UpdateRouteReq,34580
Error,32767
UpdateRouteReq,29068
Error,15788
Error,11133
Error,31361
Error,34191
Error,33438
Error,27921
FindNodeReq,25366
Error,15925
FindNodeReq,26864
FindNodeReq,36627
UpdateRouteReq,14283
UpdateRouteReq,13056
UpdateRouteReq,12669
UpdateRouteReq,12697
Error,14950
QueryRouteReq,24450
Error,43155
UpdateRouteReq,14532
Error,29051
FindNodeReq,38133
Error,51543
FindNodeReq,32992
UpdateRouteReq,34129
UpdateRouteReq,24629
Error,44144
UpdateRouteReq,12767
Error,26301
Error,35993
Error,37492
Error,27317
FindNodeReq,31808
FindNodeReq,27051
Error,31528
FindNodeReq,42242
FindNodeReq,25390
Error,31839
Error,30302
FindNodeReq,56970
FindNodeReq,80343
Error,81063
Error,57155
Error,44669
FindNodeReq,48835
Error,34465
UpdateRouteReq,35045
FindNodeReq,23387
FindNodeReq,24701
UpdateRouteReq,16106
UpdateRouteReq,15144
Error,27051
Error,24460
Error,32988
Error,44259
UpdateRouteReq,19407
Error,38748
Error,42599
Error,42242
Error,45135
Error,49021
Error,66662
Error,79237
UpdateRouteReq,18597
UpdateRouteReq,12494
Error,15404
Error,36887
UpdateRouteReq,76723
FindNodeReq,79818
Error,80796
Error,81283
FindNodeReq,94281
FindNodeReq,105858
Error,19072
Error,11650
Error,15862
Error,38166
Error,18987
Error,18591
Error,10182
Error,25811
FindNodeReq,28660
FindNodeReq,38815
FindNodeReq,35453
UpdateRouteReq,36751
UpdateRouteReq,38970
UpdateRouteReq,14224
UpdateRouteReq,27500
FindNodeReq,39707
FindNodeReq,52616
Error,38988
Error,23515
Error,24577
FindNodeReq,36932
FindNodeReq,29573
UpdateRouteReq,31159
Error,14469
FindNodeReq,22513
FindNodeReq,20394
FindNodeReq,20463
UpdateRouteReq,13845
UpdateRouteReq,12342
UpdateRouteReq,12461
Error,11100
Error,26193
Error,23367
FindNodeReq,30437
Error,32889
UpdateRouteReq,28342
Error,48440
FindNodeReq,24625
Error,15928
FindNodeReq,24315
FindNodeReq,28619
UpdateRouteReq,31167
UpdateRouteReq,30177
UpdateRouteReq,25378
Error,42789
Error,39004
Error,60758
Error,42522
Error,26650
UpdateRouteReq,22243
UpdateRouteReq,22343
Error,37272
Error,37284
Error,29290
Error,26923
Error,44823
Error,76518
Error,89122
Error,57929
Error,71307
Error,85838
UpdateRouteReq,87920
UpdateRouteReq,90152
UpdateRouteReq,29677
Error,28326
Error,28471
FindNodeReq,49940
FindNodeReq,57503
Error,72153
Error,86272
Error,47719
FindNodeReq,53207
Error,59618
Error,24669
Error,31626
Error,12600
Error,10878
UpdateRouteReq,16295
Error,11402
Error,10785
Error,11485
FindNodeReq,43202
Error,28468
UpdateRouteReq,31060
UpdateRouteReq,42252
Error,40573
UpdateRouteReq,49347
UpdateRouteReq,34767
Error,35700
Error,43248
Error,22365
Error,27653
Error,29337
FindNodeReq,25569
Error,26641
UpdateRouteReq,16867
Error,35583
Error,27687
UpdateRouteReq,26432
Error,25135
UpdateRouteReq,27427
UpdateRouteReq,40208
Error,25445
Error,35057
Error,36639
Error,31973
Error,24069
Error,14314
FindNodeReq,34940
UpdateRouteReq,19272
UpdateRouteReq,12148
UpdateRouteReq,22966
Error,10245
Error,27561
Error,33102
Error,30109
FindNodeReq,24606
Error,23646
UpdateRouteReq,25364
UpdateRouteReq,21304
UpdateRouteReq,19402
Error,23696
Error,40075
Error,35719
Error,26868
FindNodeReq,30554
Error,26182
Error,35568
Error,16535
FindNodeReq,34770
FindNodeReq,51109
Error,54241
UpdateRouteReq,17003
Error,36453
UpdateRouteReq,38427
UpdateRouteReq,30930
Error,34205
Error,32033
Error,35763
Error,29201
FindNodeReq,44754
UpdateRouteReq,34498
Error,52423
Error,36759
Error,33931
Error,27179
Error,24362
FindNodeReq,38032
FindNodeReq,29697
Error,33383
FindNodeReq,21951
FindNodeReq,23393
FindNodeReq,24543
Error,10182
UpdateRouteReq,14926
UpdateRouteReq,15484
UpdateRouteReq,19242
Error,43092
UpdateRouteReq,37512
FindNodeReq,38024
FindNodeReq,48536
Error,64278
UpdateRouteReq,28983
Error,56586
FindNodeReq,26299
Error,27952
Error,16284
QueryRouteReq,46527
Error,25450
Error,27785
FindNodeReq,28810
FindNodeReq,27630
FindNodeReq,38162
Error,50161
Error,31626
Error,28375
Error,16050
Error,23386
UpdateRouteReq,14477
FindNodeReq,22650
Error,23261
FindNodeReq,28832
FindNodeReq,25908
Error,38811
FindNodeReq,28589
Error,40548
Error,14752
Error,30687
Error,22221
Error,31454
UpdateRouteReq,14954
UpdateRouteReq,13874
UpdateRouteReq,18132
Error,31960
FindNodeReq,33518
Error,40626
FindNodeReq,31440
FindNodeReq,54272
FindNodeReq,24246
Error,45196
UpdateRouteReq,45724
UpdateRouteReq,16584
UpdateRouteReq,20423
Error,24462
Error,25601
UpdateRouteReq,15387
Error,27879
UpdateRouteReq,29136
UpdateRouteReq,21999
Error,34791
Error,36332
Error,25575
Error,38038
UpdateRouteReq,16377
Error,26902
Error,35897
Error,25966
UpdateRouteReq,21361
Error,27712
UpdateRouteReq,21810
Error,34705
UpdateRouteReq,35683
Error,15996
UpdateRouteReq,35799
Error,36157
Error,23677
Error,31077
UpdateRouteReq,32036
UpdateRouteReq,14249
UpdateRouteReq,17749
Error,38971
Error,25722
Error,14494
Error,10157
Error,31232
Error,30230
UpdateRouteReq,13350
Error,24239
UpdateRouteReq,17502
Error,25875
Error,14740
Error,10021
UpdateRouteReq,14074
Error,25491
UpdateRouteReq,27287
Error,24299
Error,31409
Error,32279
Error,20094
Error,10286
UpdateRouteReq,14961
Error,25162
Error,23633
Error,30296
Error,26320
Error,29719
Error,15232
UpdateRouteReq,16063
UpdateRouteReq,15160
Error,26306
Error,57597
UpdateRouteReq,59733
Error,88489
Error,37405
Error,43358
Error,61621
Error,75826
Error,32367
Error,24989
Error,35596
UpdateRouteReq,36456
UpdateRouteReq,17078
Error,67818
Error,81459
Error,101485
Error,114441
Error,42489
Error,48423
Error,41934
Error,62455
Error,76986
UpdateRouteReq,89972
Error,115708
Error,130619
Error,161237
Error,166119
Error,37607
Error,51040
Error,52074
Error,11923
Error,15566
Error,15153
Error,21706
Error,10286
Error,9666
UpdateRouteReq,13784
Error,15163
Error,14506
UpdateRouteReq,12269
Error,10045
Error,9983
Error,24733
UpdateRouteReq,14545
UpdateRouteReq,23230
FindNodeReq,50046
FindNodeReq,39444
Error,66760
UpdateRouteReq,26044
Error,36579
Error,34378
Error,22705
Error,25509
Error,35639
Error,55493
Error,70329
FindNodeReq,30678
Error,34956
Error,31396
Error,31317
UpdateRouteReq,15775
UpdateRouteReq,15086
UpdateRouteReq,53350
Error,62666
Error,87415
Error,110253
Error,124852
FindNodeReq,136962
Error,66803
Error,87284
Error,113265
Error,40092
Error,51845
UpdateRouteReq,54832
UpdateRouteReq,18157
Error,29780
UpdateRouteReq,29982
Error,43316
Error,49156
Error,22500
FindNodeReq,45073
Error,21520
Error,14678
Error,15336
Error,14663
Error,14698
Error,14158
Error,16426
UpdateRouteReq,14554
Error,26465
UpdateRouteReq,25019
UpdateRouteReq,36417
FindNodeReq,36893
FindNodeReq,27496
Error,33342
UpdateRouteReq,15743
Error,26745
UpdateRouteReq,28762
UpdateRouteReq,24414
Error,33950
UpdateRouteReq,35035
FindNodeReq,35366
Error,23135
Error,57208
Error,47820
Error,28344
FindNodeReq,38118
Error,50515
UpdateRouteReq,16519
FindNodeReq,27151
Error,27134
UpdateRouteReq,26192
FindNodeReq,37729
Error,52299
Error,15952
UpdateRouteReq,33697
UpdateRouteReq,46222
Error,16405
Error,15860
Error,60134
Error,27823
Error,30462
Error,34159
Error,24858
UpdateRouteReq,14448
UpdateRouteReq,13546
Error,13893
UpdateRouteReq,13666
UpdateRouteReq,29393
Error,24772
Error,26989
Error,36530
Error,34735
UpdateRouteReq,15966
Error,33795
UpdateRouteReq,21290
UpdateRouteReq,14341
Error,16456
Error,24687
Error,25075
Error,29160
UpdateRouteReq,15496
Error,23997
UpdateRouteReq,25112
UpdateRouteReq,18145
Error,27085
FindNodeReq,28067
FindNodeReq,38466
Error,27265
UpdateRouteReq,39995
Error,26084
Error,69034
FindNodeReq,80839
FindNodeReq,50513
FindNodeReq,64934
Error,52608
Error,84637
Error,80546
UpdateRouteReq,82947
UpdateRouteReq,31977
UpdateRouteReq,32472
UpdateRouteReq,44422
Error,33474
Error,45239
Error,28470
Error,37448
Error,71137
Error,69630
Error,88555
Error,103501
UpdateRouteReq,107145
Error,121623
FindNodeReq,142110
UpdateRouteReq,144710
UpdateRouteReq,147012
UpdateRouteReq,34771
Error,18259
Error,28162
Error,28454
Error,11291
Error,9852
Error,18045
Error,12532
UpdateRouteReq,16344
Error,27518
UpdateRouteReq,25245
Error,24614
Error,16177
Error,15786
Error,27888
UpdateRouteReq,16192
FindNodeReq,36196
FindNodeReq,44376
Error,64799
UpdateRouteReq,68765
UpdateRouteReq,21968
UpdateRouteReq,33981
UpdateRouteReq,63558
Error,23124
Error,35621
Error,14731
Error,21618
Error,24664
FindNodeReq,26918
FindNodeReq,38415
Error,23743
Error,33370
Error,33115
UpdateRouteReq,15300
Error,14093
FindNodeReq,33837
UpdateRouteReq,34520
FindNodeReq,44527
UpdateRouteReq,12548
FindNodeReq,40077
FindNodeReq,48765
Error,55434
Error,35457
Error,40427
UpdateRouteReq,13515
Error,32847
FindNodeReq,36110
Error,34542
FindNodeReq,30758
FindNodeReq,24232
Error,21169
FindNodeReq,32419
UpdateRouteReq,18293
UpdateRouteReq,15312
UpdateRouteReq,13711
Error,40760
Error,27297
Error,49466
Error,31894
Error,36231
Error,16354
UpdateRouteReq,17402
UpdateRouteReq,14549
UpdateRouteReq,18915
UpdateRouteReq,21659
Error,42179
Error,28656
Error,39293
FindNodeReq,39182
Error,59287
FindNodeReq,35714
FindNodeReq,41809
FindNodeReq,55276
Error,31406
FindNodeReq,33459
Error,16698
QueryRouteReq,23333
UpdateRouteReq,18561
UpdateRouteReq,13577
UpdateRouteReq,15732
Error,24937
FindNodeReq,39086
Error,25425
FindNodeReq,25404
FindNodeReq,23021
Error,49152
Error,31879
UpdateRouteReq,30864
UpdateRouteReq,44633
Error,62357
FindNodeReq,53453
Error,19171
FindNodeReq,28086
UpdateRouteReq,28844
UpdateRouteReq,58233
Error,67155
UpdateRouteReq,54963
Error,34713
UpdateRouteReq,36948
FindNodeReq,31603
Error,29820
UpdateRouteReq,45028
UpdateRouteReq,29075
UpdateRouteReq,13172
Error,36152
UpdateRouteReq,44980
UpdateRouteReq,29346
UpdateRouteReq,34697
Error,38166
Error,14921
Error,35666
Error,24932
FindNodeReq,32196
Error,28956
FindNodeReq,43479
UpdateRouteReq,14919
UpdateRouteReq,18112
Error,31806
UpdateRouteReq,13718
Error,40786
FindNodeReq,29790
Error,14466
FindNodeReq,40335
Error,33371
UpdateRouteReq,35521
UpdateRouteReq,12602
Error,25083
Error,31129
Error,30982
Error,47814
Error,16573
UpdateRouteReq,21760
UpdateRouteReq,13746
Error,11568
Error,43064
Error,27238
Error,42969
Error,35374
Error,16171
UpdateRouteReq,16552
UpdateRouteReq,19348
FindNodeReq,31583
UpdateRouteReq,56705
Error,53815
FindNodeReq,73129
Error,41721
Error,37546
Error,42284
UpdateRouteReq,27862
Error,37994
UpdateRouteReq,16810
Error,16972
UpdateRouteReq,35433
UpdateRouteReq,15994
Error,30936
Error,27850
UpdateRouteReq,16413
Error,47119
UpdateRouteReq,21281
UpdateRouteReq,14660
Error,28266
UpdateRouteReq,45679
Error,26671
Error,24935
UpdateRouteReq,29785
Error,31401
UpdateRouteReq,34801
UpdateRouteReq,35223
Error,34822
Error,54363
UpdateRouteReq,56361
Error,49478
Error,62809
Error,32215
Error,27121
Error,16333
UpdateRouteReq,15437
UpdateRouteReq,13710
Error,47110
Error,34957
Error,36013
Error,36887
Error,47554
UpdateRouteReq,13755
FindNodeReq,47938
FindNodeReq,57946
Error,66002
UpdateRouteReq,51179
UpdateRouteReq,63437
UpdateRouteReq,73503
UpdateRouteReq,76076
Error,90627
UpdateRouteReq,27953
UpdateRouteReq,37869
FindNodeReq,53385
UpdateRouteReq,55128
Error,36629
UpdateRouteReq,37156
UpdateRouteReq,75237
FindNodeReq,92214
Error,55476
UpdateRouteReq,26106
Error,55485
Error,31277
Error,41160
Error,27474
FindNodeReq,32396
Error,26509
FindNodeReq,29511
FindNodeReq,49258
Error,68063
FindNodeReq,23980
Error,24035
FindNodeReq,31297
Error,20193
FindNodeReq,30056
FindNodeReq,23914
FindNodeReq,38708
Error,16257
Error,29088
UpdateRouteReq,16988
UpdateRouteReq,14476
FindNodeReq,26070
Error,55517
FindNodeReq,75689
Error,39454
Error,26363
Error,15890
UpdateRouteReq,22277
Error,20591
FindNodeReq,26373
FindNodeReq,24938
Error,28045
Error,33801
Error,26162
Error,22964
Error,28873
UpdateRouteReq,14022
UpdateRouteReq,12295
FindNodeReq,40232
FindNodeReq,50655
Error,56684
Error,26823
Error,23925
Error,32200
UpdateRouteReq,25874
Error,24771
UpdateRouteReq,18541
UpdateRouteReq,12528
Error,14255
FindNodeReq,44997
FindNodeReq,60932
Error,61320
Error,24864
Error,23400
Error,35652
UpdateRouteReq,18323
UpdateRouteReq,20169
Error,33007
Error,14231
UpdateRouteReq,13380
UpdateRouteReq,12655
FindNodeReq,33321
FindNodeReq,36273
FindNodeReq,59582
Error,9976
Error,47127
FindNodeReq,32574
FindNodeReq,32760
Error,29829
Error,28858
Error,36277
Error,15990
Error,25063
Error,27959
Error,37298
Error,27679
UpdateRouteReq,17430
Error,26907
UpdateRouteReq,16856
UpdateRouteReq,30961
Error,17088
FindNodeReq,62796
FindNodeReq,70933
FindNodeReq,88759
Error,11276
UpdateRouteReq,14159
Error,27943
FindNodeReq,55389
FindNodeReq,66149
Error,46180
FindNodeReq,66471
Error,79938
Error,26577
Error,23677
Error,41338
Error,43543
UpdateRouteReq,44420
UpdateRouteReq,15705
UpdateRouteReq,16106
UpdateRouteReq,15474
Error,50661
Error,63311
Error,65818
FindNodeReq,37773
Error,42822
Error,55803
UpdateRouteReq,16044
Error,33735
Error,26278
FindNodeReq,52004
Error,67410
Error,24182
Error,51655
Error,73879
Error,49201
Error,60846
Error,82574
Error,46990
Error,74987
UpdateRouteReq,14153
Error,34939
Error,27297
Error,38783
Error,50960
Error,69499
Error,82691
Error,95815
UpdateRouteReq,52995
UpdateRouteReq,54600
Error,79307
UpdateRouteReq,82245
FindNodeReq,100216
Error,112565
Error,130841
Error,39825
Error,50474
FindNodeReq,61924
Error,35157
Error,35518
Error,48347
Error,67644
Error,18599
UpdateRouteReq,45589
UpdateRouteReq,46132
Error,46997
Error,60548
UpdateRouteReq,62269
Error,20925
Error,29927
Error,56118
Error,68597
Error,69627
Error,70067
Error,80004
Error,11215
Error,10193
Error,10015
Error,10021
UpdateRouteReq,13566
UpdateRouteReq,18475
UpdateRouteReq,17046
Error,11328
Error,9774
Error,9797
Error,9685
Error,31440
UpdateRouteReq,31977
UpdateRouteReq,24919
UpdateRouteReq,18230
UpdateRouteReq,22855
FindNodeReq,41261
UpdateRouteReq,31578
FindNodeReq,42856
Error,36317
Error,23558
Error,27467
Error,14735
Error,10370
Error,33305
UpdateRouteReq,18663
UpdateRouteReq,20472
Error,25596
FindNodeReq,26992
FindNodeReq,36940
Error,23101
Error,32867
Error,14344
UpdateRouteReq,14360
UpdateRouteReq,12069
FindNodeReq,21141
FindNodeReq,21390
Error,10306
Error,24553
Error,34724
FindNodeReq,24410
Error,34242
UpdateRouteReq,35457
FindNodeReq,24539
UpdateRouteReq,15325
UpdateRouteReq,29430
Error,26591
Error,16555
Error,11455
Error,26486
FindNodeReq,27627
FindNodeReq,31820
UpdateRouteReq,33972
UpdateRouteReq,20739
Error,46869
UpdateRouteReq,19936
UpdateRouteReq,13229
Error,31099
Error,34451
Error,21317
Error,37858
Error,23607
UpdateRouteReq,13955
FindNodeReq,36431
FindNodeReq,20863
FindNodeReq,22284
FindNodeReq,25152
Error,27622
Error,38890
UpdateRouteReq,19889
UpdateRouteReq,13206
Error,35495
Error,19647
Error,39614
FindNodeReq,29384
Error,28322
Error,32498
UpdateRouteReq,36706
FindNodeReq,38087
FindNodeReq,22543
FindNodeReq,22025
Error,39407
Error,40959
Error,38466
Error,22491
FindNodeReq,25902
UpdateRouteReq,14507
UpdateRouteReq,18324
Error,54315
Error,35235
UpdateRouteReq,35695
Error,51479
UpdateRouteReq,14422
Error,34828
Error,26216
Error,31558
Error,10047
Error,31638
FindNodeReq,28343
FindNodeReq,37817
Error,23482
Error,37133
Error,29003
Error,14465
Error,15756
UpdateRouteReq,14905
UpdateRouteReq,13536
UpdateRouteReq,13077
Error,30768
FindNodeReq,45980
FindNodeReq,37751
Error,29602
Error,32566
Error,34036
Error,25657
Error,13647
UpdateRouteReq,15677
UpdateRouteReq,13919
Error,24609
FindNodeReq,33418
UpdateRouteReq,29274
FindNodeReq,28610
FindNodeReq,47554
FindNodeReq,58048
Error,46031
Error,106331
FindNodeReq,32865
FindNodeReq,25256
Error,33043
FindNodeReq,40193
UpdateRouteReq,16871
UpdateRouteReq,14687
Error,85927
Error,109156
Error,137778
Error,155223
Error,48153
FindNodeRsp,31652
Error,41099
FindNodeReq,31080
FindNodeReq,30004
UpdateRouteReq,31934
FindNodeReq,22739
Error,34511
Error,52774
Error,79693
Error,92979
Error,105550
Error,53832
Error,65325
Error,100375
Error,113540
FindNodeReq,125040
Error,30794
Error,51708
Error,63479
Error,75986
Error,93723
Error,99841
Error,80055
Error,79733
UpdateRouteReq,82423
Error,83359
UpdateRouteReq,86970
UpdateRouteReq,89127
Error,90030
Error,90994
UpdateRouteReq,105335
Error,108196
FindNodeReq,56097
Error,56006
FindNodeReq,71451
UpdateRouteReq,16570
Error,11357
Error,38607
Error,49040
Error,49867
Error,50862
Error,51762
Error,60974
Error,67405
FindNodeReq,83722
FindNodeReq,94117
FindNodeReq,117858
UpdateRouteReq,119757
UpdateRouteReq,18364
Error,30904
UpdateRouteReq,27986
UpdateRouteReq,25665
FindNodeReq,46589
Error,60431
FindNodeReq,75952
Error,63087
Error,83526
Error,59450
Error,74425
UpdateRouteReq,77083
Error,99122
UpdateRouteReq,90116
Error,105963
UpdateRouteReq,119293
Error,46797
Error,68461
Error,32498
Error,49064
Error,61800
FindNodeReq,26202
Error,24021
Error,15555
Error,17135
UpdateRouteReq,17711
Error,10190
Error,9573
Error,9363
UpdateRouteReq,13523
Error,10580
FindNodeReq,31691
Error,10418
UpdateRouteReq,14401
FindNodeReq,23856
UpdateRouteReq,12542
FindNodeReq,22089
Error,22224
FindNodeReq,31951
Error,32436
Error,41497
Error,32549
UpdateRouteReq,33757
Error,34444
UpdateRouteReq,37317
UpdateRouteReq,41892
Error,41015
Error,57200
FindNodeReq,71214
Error,72643
Error,32476
FindNodeReq,38363
UpdateRouteReq,46126
FindNodeReq,22194
UpdateRouteReq,25254
UpdateRouteReq,25743
Error,29391
UpdateRouteReq,22311
UpdateRouteReq,20117
UpdateRouteReq,15485
Error,27757
Error,42124
UpdateRouteReq,28657
Error,60499
UpdateRouteReq,22335
UpdateRouteReq,36999
Error,19548
Error,12393
Error,27990
Error,36538
FindNodeReq,29544
FindNodeReq,39840
FindNodeReq,28134
Error,41746
Error,30696
Error,17094
FindNodeReq,47014
UpdateRouteReq,49644
UpdateRouteReq,15625
UpdateRouteReq,14325
Error,25355
Error,28347
Error,54620
Error,33971
Error,45072
Error,20819
Error,25884
Error,23497
UpdateRouteReq,15247
UpdateRouteReq,13687
UpdateRouteReq,13774
Error,67976
Error,70850
UpdateRouteReq,72710
Error,27905
Error,25469
Error,32709
FindNodeReq,48035
FindNodeReq,23326
Error,27709
FindNodeReq,46446
UpdateRouteReq,48197
Error,62604
Error,48655
UpdateRouteReq,37262
UpdateRouteReq,17717
Error,35053
Error,24902
Error,40008
Error,71624
Error,85539
Error,61310
UpdateRouteReq,67813
Error,81089
Error,115903
Error,49731
Error,35867
Error,39218
UpdateRouteReq,40267
UpdateRouteReq,43194
Error,36219
Error,44479
Error,23296
Error,22303
Error,39252
Error,40063
Error,37052
Error,38149
Error,38651
FindNodeReq,23553
UpdateRouteReq,22854
Error,21915
UpdateRouteReq,31808
Error,12644
Error,17008
Error,16319
Error,16363
Error,41643
UpdateRouteReq,14637
UpdateRouteReq,20848
UpdateRouteReq,14359
Error,35351
Error,26584
Error,25857
Error,26239
FindNodeReq,29317
FindNodeReq,22420
UpdateRouteReq,13791
UpdateRouteReq,13258
UpdateRouteReq,12120
Error,10279
Error,31511
FindNodeReq,35479
FindNodeReq,42315
Error,33436
FindNodeReq,44164
FindNodeReq,55262
FindNodeReq,65328
UpdateRouteReq,69570
Error,28871
UpdateRouteReq,15448
Error,37619
Error,17284
Error,11865
Error,39427
UpdateRouteReq,17363
UpdateRouteReq,15288
Error,34145
Error,49459
Error,51257
UpdateRouteReq,19402
Error,18573
UpdateRouteReq,37576
UpdateRouteReq,36691
UpdateRouteReq,16438
FindNodeReq,48773
UpdateRouteReq,28264
Error,34996
Error,40436
Error,37159
UpdateRouteReq,16102
UpdateRouteReq,27725
UpdateRouteReq,38491
Error,26486
FindNodeReq,36095
Error,38850
Error,22871
Error,23836
Error,31589
UpdateRouteReq,31738
Error,45856
FindNodeReq,32074
UpdateRouteReq,18016
Error,26120
Error,36097
Error,25347
FindNodeReq,22988
Error,22851
UpdateRouteReq,14768
UpdateRouteReq,13322
Error,24764
FindNodeReq,39274
Error,58959
Error,23365
Error,39154
Error,26063
UpdateRouteReq,15063
FindNodeReq,23164
Error,10142
Error,23819
FindNodeReq,22122
Error,23472
Error,33403
Error,24348
Error,14236
Error,24621
FindNodeReq,31750
UpdateRouteReq,16667
Error,34821
UpdateRouteReq,35475
Error,39794
Error,40858
Error,45048
Error,17070
Error,23405
FindNodeReq,35263
FindNodeReq,51267
FindNodeReq,35218
Error,24301
UpdateRouteReq,26763
Error,49153
Error,43449
Error,23525
Error,14402
Error,21732
Error,39236
FindNodeReq,31427
FindNodeReq,41735
UpdateRouteReq,28950
UpdateRouteReq,29841
Error,46362
UpdateRouteReq,31056
Error,27867
Error,44417
Error,23286
Error,28256
FindNodeReq,41465
FindNodeReq,45566
Error,61043
Error,29754
Error,27092
Error,34783
Error,33815
Error,28138
Error,22085
UpdateRouteReq,14030
UpdateRouteReq,13457
UpdateRouteReq,14983
Error,26840
FindNodeReq,39722
FindNodeReq,29596
Error,26439
Error,31479
Error,32467
Error,15575
UpdateRouteReq,17106
FindNodeReq,25606
FindNodeReq,23085
Error,10275
Error,24773
UpdateRouteReq,15727
UpdateRouteReq,18779
UpdateRouteReq,27711
FindNodeReq,39187
Error,53442
FindNodeReq,64875
Error,24452
Error,32556
Error,14462
FindNodeReq,34308
Error,27242
Error,36964
FindNodeReq,26651
Error,23458
UpdateRouteReq,16921
UpdateRouteReq,14125
Error,24253
UpdateRouteReq,26340
Error,25929
Error,29549
Error,33251
FindNodeReq,36987
FindNodeReq,47904
FindNodeReq,58616
FindNodeReq,24141
Error,24668
Error,32470
Error,36928
UpdateRouteReq,26875
Error,23753
Error,14447
FindNodeReq,41210
FindNodeReq,39414
FindNodeReq,47307
Error,25375
Error,36217
FindNodeReq,24788
FindNodeReq,25930
FindNodeReq,38516
UpdateRouteReq,39277
UpdateRouteReq,25111
Error,40300
Error,54626
Error,31421
Error,32939
Error,10695
FindNodeReq,23255
FindNodeReq,26785
Error,39306
FindNodeReq,34842
UpdateRouteReq,31455
FindNodeReq,29549
FindNodeReq,42497
Error,36193
Error,32742
Error,26160
FindNodeReq,27670
Error,19460
FindNodeReq,31119
FindNodeReq,21286
FindNodeReq,24301
FindNodeReq,51846
FindNodeReq,66956
FindNodeReq,31908
Error,40371
Error,29081
Error,26156
Error,36473
Error,30528
Error,24479
FindNodeReq,30072
FindNodeReq,44542
FindNodeReq,25102
FindNodeReq,23706
FindNodeReq,22563
UpdateRouteReq,16310
UpdateRouteReq,14278
UpdateRouteReq,27237
Error,10386
Error,30622
FindNodeReq,31241
FindNodeReq,28432
FindNodeReq,30024
UpdateRouteReq,31652
UpdateRouteReq,24690
Error,40185
FindNodeReq,52156
FindNodeReq,39356
FindNodeReq,64366
UpdateRouteReq,22159
UpdateRouteReq,14424
Error,27737
Error,26873
Error,16215
Error,25501
Error,28569
FindNodeReq,33778
Error,34128
FindNodeReq,46242
Error,57960
FindNodeReq,30590
FindNodeReq,41073
UpdateRouteReq,15964
Error,31907
UpdateRouteReq,27724
UpdateRouteReq,15136
Error,17045
Error,11810
Error,41185
Error,35555
Error,27081
UpdateRouteReq,28144
Error,38339
UpdateRouteReq,13934
Error,27853
UpdateRouteReq,42783
UpdateRouteReq,57168
UpdateRouteReq,68341
Error,17831
UpdateRouteReq,18414
Error,25182
Error,31006
Error,28312
Error,33466
Error,14079
UpdateRouteReq,13415
UpdateRouteReq,20499
Error,35123
Error,28620
Error,28701
Error,36910
Error,37581
Error,24057
UpdateRouteReq,16339
UpdateRouteReq,13838
UpdateRouteReq,38214
Error,32363
Error,24858
Error,30115
Error,24914
Error,24065
FindNodeReq,26131
Error,14404
FindNodeReq,40233
FindNodeReq,62958
Error,10264
Error,53163
Error,35105
UpdateRouteReq,26020
Error,25581
UpdateRouteReq,42253
UpdateRouteReq,39442
UpdateRouteReq,33372
Error,62832
FindNodeReq,44870
FindNodeReq,56093
Error,29274
FindNodeReq,40710
FindNodeReq,45404
Error,47790
UpdateRouteReq,51026
Error,28011
Error,24490
Error,53850
FindNodeReq,64412
FindNodeReq,35868
FindNodeReq,44894
FindNodeReq,54837
Error,49195
Error,35654
Error,31168
Error,49073
UpdateRouteReq,16448
UpdateRouteReq,15432
UpdateRouteReq,15372
Error,33260
UpdateRouteReq,34153
Error,31695
Error,32848
Error,55351
Error,64948
Error,28246
Error,27717
Error,43603
UpdateRouteReq,14911
Error,36091
UpdateRouteReq,42235
UpdateRouteReq,59106
Error,25191
UpdateRouteReq,23908
Error,50072
UpdateRouteReq,23992
Error,23817
Error,15112
Error,10054
Error,33862
Error,24940
UpdateRouteReq,14182
UpdateRouteReq,17227
Error,30529
UpdateRouteReq,13359
Error,31251
Error,14056
Error,10237
Error,34778
FindNodeReq,34210
FindNodeReq,46278
Error,35714
Error,26525
Error,28631
Error,57287
UpdateRouteReq,17561
UpdateRouteReq,14460
UpdateRouteReq,14495
UpdateRouteReq,13799
FindNodeReq,47606
Error,45409
Error,28913
Error,36197
Error,31245
Error,37817
UpdateRouteReq,16079
Error,16787
UpdateRouteReq,15700
UpdateRouteReq,13959
FindNodeReq,33380
Error,40382
Error,23922
Error,25361
FindNodeReq,34705
FindNodeReq,25697
Error,38008
Error,25520
FindNodeReq,29069
FindNodeReq,38593
FindNodeReq,25592
Error,29349
Error,11481
Error,41812
UpdateRouteReq,17899
Error,34976
UpdateRouteReq,14523
Error,35724
Error,43061
Error,32623
Error,26722
UpdateRouteReq,17207
UpdateRouteReq,16382
Error,33645
UpdateRouteReq,14627
Error,28533
Error,46874
Error,25822
Error,16194
Error,11403
Error,34892
FindNodeReq,26393
Error,24833
Error,25318
Error,43485
Error,20621
Error,24790
UpdateRouteReq,24235
FindNodeReq,41370
Error,54735
Error,39068
Error,33754
Error,54971
UpdateRouteReq,37463
UpdateRouteReq,38501
UpdateRouteReq,50981
Error,23266
Error,39505
Error,43030
Error,51943
Error,65026
Error,37924
FindNodeReq,48068
Error,27364
Error,25484
UpdateRouteReq,16284
Error,33302
Error,16439
Error,11685
Error,11439
Error,10686
Error,47148
Error,30657
Error,29795
Error,38011
Error,26077
Error,50121
Error,26444
Error,30852
Error,15077
UpdateRouteReq,13795
UpdateRouteReq,12979
FindNodeReq,23105
FindNodeReq,22647
Error,10037
Error,27085
Error,32972
Error,25874
Error,26403
Error,14179
UpdateRouteReq,14709
UpdateRouteReq,12955
UpdateRouteReq,20234
Error,16464
UpdateRouteReq,17934
UpdateRouteReq,13359
FindNodeReq,25220
Error,24849
UpdateRouteReq,25411
UpdateRouteReq,25873
Error,24869
FindNodeReq,30662
Error,24664
Error,25102
Error,18208
Error,29975
Error,33905
Error,32487
Error,40005
UpdateRouteReq,41373
UpdateRouteReq,35469
Error,53888
Error,70282
UpdateRouteReq,42176
UpdateRouteReq,64187
Error,65014
FindNodeReq,84542
UpdateRouteReq,87576
Error,84705
FindNodeReq,38980
Error,26907
Error,30565
Error,29516
Error,35976
Error,17056
Error,24583
Error,33304
Error,26912
Error,26407
Error,32471
Error,14536
UpdateRouteReq,13855
UpdateRouteReq,14921
UpdateRouteReq,25741
UpdateRouteReq,12487
UpdateRouteReq,12899
UpdateRouteReq,13259
UpdateRouteReq,38350
Error,11291
FindNodeReq,24763
Error,28552
UpdateRouteReq,14293
FindNodeReq,36560
Error,29041
UpdateRouteReq,14000
UpdateRouteReq,14769
Error,27768
FindNodeReq,31646
Error,26584
Error,16743
Error,22286
Error,25147
Error,32444
Error,26360
Error,26010
Error,14959
UpdateRouteReq,14298
UpdateRouteReq,16784
UpdateRouteReq,12694
UpdateRouteReq,31641
Error,38053
UpdateRouteReq,12573
Error,91596
FindNodeReq,104551
UpdateRouteReq,107432
FindNodeReq,120354
UpdateRouteReq,123392
UpdateRouteReq,126082
Error,29781
Error,32988
Error,29985
Error,17119
Error,25710
Error,32693
Error,34117
Error,26966
Error,25965
Error,15024
UpdateRouteReq,16222
UpdateRouteReq,13687
UpdateRouteReq,14819
Error,25100
Error,28080
UpdateRouteReq,21407
UpdateRouteReq,19418
FindNodeReq,37629
FindNodeReq,38152
Error,50640
UpdateRouteReq,59092
UpdateRouteReq,18407
Error,28900
Error,31839
Error,14470
Error,10443
Error,26799
Error,31696
Error,25923
Error,34144
Error,14354
FindNodeReq,31357
UpdateRouteReq,14254
UpdateRouteReq,12194
UpdateRouteReq,14075
Error,23223
FindNodeReq,23452
FindNodeReq,21982
Error,23468
UpdateRouteReq,19404
UpdateRouteReq,17637
Error,24319
UpdateRouteReq,12850
Error,46224
FindNodeReq,42083
FindNodeReq,72842
Error,30563
Error,17270
Error,56147
Error,34335
Error,36634
Error,27555
Error,35334
Error,16567
UpdateRouteReq,14455
UpdateRouteReq,31676
UpdateRouteReq,43910
Error,44155
Error,31687
UpdateRouteReq,32731
Error,32567
UpdateRouteReq,45856
Error,54206
UpdateRouteReq,27910
Error,27235
Error,16645
FindNodeReq,35079
Error,11315
Error,27601
Error,33491
Error,30863
Error,26486
Error,18904
UpdateRouteReq,13982
UpdateRouteReq,13910
UpdateRouteReq,12024
Error,22822
UpdateRouteReq,13784
UpdateRouteReq,16181
Error,45593
UpdateRouteReq,46503
UpdateRouteReq,28770
Error,40991
Error,34653
Error,27948
FindNodeReq,27948
UpdateRouteReq,14502
UpdateRouteReq,27339
Error,22307
Error,21499
FindNodeReq,40742
Error,38316
Error,29606
Error,22478
Error,31013
Error,31899
Error,43270
Error,28581
Error,23264
Error,22708
Error,23492
Error,10473
UpdateRouteReq,13796
UpdateRouteReq,12069
Error,17353
UpdateRouteReq,18377
UpdateRouteReq,14081
UpdateRouteReq,14247
Error,25904
UpdateRouteReq,19752
FindNodeReq,36735
Error,49344
Error,26053
Error,41763
FindNodeReq,37594
Error,16036
UpdateRouteReq,14736
UpdateRouteReq,14966
Error,25291
Error,37565
Error,29611
Error,37231
Error,34971
Error,15878
UpdateRouteReq,14531
UpdateRouteReq,12735
UpdateRouteReq,31900
FindNodeReq,44782
Error,14709
Error,29354
FindNodeReq,38910
UpdateRouteReq,24087
UpdateRouteReq,32189
Error,31143
Error,28149
Error,29871
Error,14422
Error,24865
Error,42385
Error,27890
Error,31453
Error,31709
Error,14908
UpdateRouteReq,14221
UpdateRouteReq,12544
UpdateRouteReq,24914
Error,17117
UpdateRouteReq,18230
UpdateRouteReq,13612
Error,36624
UpdateRouteReq,31595
FindNodeReq,50256
FindNodeReq,72965
UpdateRouteReq,19610
Error,34383
FindNodeReq,25423
FindNodeReq,32608
Error,55132
Error,38547
Error,24304
Error,58844
Error,27472
Error,25616
Error,35842
UpdateRouteReq,15074
Error,28234
UpdateRouteReq,22126
UpdateRouteReq,25188
Error,39398
UpdateRouteReq,31826
UpdateRouteReq,66631
Error,74626
UpdateRouteReq,73659
UpdateRouteReq,14072
Error,49710
FindNodeReq,24935
Error,28469
Error,40913
Error,48042
Error,17108
UpdateRouteReq,15415
UpdateRouteReq,16378
UpdateRouteReq,30101
UpdateRouteReq,15452
Error,50138
FindNodeReq,22950
Error,38115
Error,24681
Error,32910
Error,32148
Error,15478
UpdateRouteReq,13431
UpdateRouteReq,12450
UpdateRouteReq,13498
UpdateRouteReq,11836
FindNodeReq,44794
Error,44205
UpdateRouteReq,15582
Error,28277
Error,33060
Error,54515
FindNodeReq,27391
Error,33903
FindNodeReq,49653
FindNodeReq,64714
FindNodeReq,32610
Error,17235
UpdateRouteReq,16938
UpdateRouteReq,15071
FindNodeReq,25841
UpdateRouteReq,14838
UpdateRouteReq,13827
QueryRouteReq,36742
Error,11318
Error,36107
Error,26207
FindNodeReq,31593
UpdateRouteReq,16168
Error,39115
FindNodeReq,31384
Error,26808
UpdateRouteReq,16067
UpdateRouteReq,15389
UpdateRouteReq,15129
Error,16222
Error,24888
Error,32106
FindNodeReq,26947
FindNodeReq,26267
Error,38325
FindNodeReq,29037
FindNodeReq,31202
UpdateRouteReq,32633
UpdateRouteReq,18719
Error,29902
UpdateRouteReq,30860
Error,39173
Error,29609
Error,9809
Error,25069
UpdateRouteReq,27735
FindNodeReq,51965
Error,73877
FindNodeReq,51582
FindNodeReq,77703
Error,38900
Error,26910
Error,17050
Error,24972
Error,37506
Error,27665
UpdateRouteReq,29473
UpdateRouteReq,25046
Error,28211
FindNodeReq,44280
UpdateRouteReq,15247
FindNodeReq,27224
Error,40196
FindNodeReq,40263
Error,14690
Error,20814
Error,24498
UpdateRouteReq,27516
Error,29541
FindNodeReq,29050
FindNodeReq,25325
Error,28247
FindNodeReq,38271
FindNodeReq,22795
FindNodeReq,44713
UpdateRouteReq,19025
Error,31427
UpdateRouteReq,12972
Error,14750
Error,35164
Error,35826
FindNodeReq,40581
Error,51869
FindNodeReq,36024
FindNodeReq,40659
Error,25793
Error,34130
Error,16239
Error,11424
Error,30991
Error,35551
Error,36265
FindNodeReq,24370
UpdateRouteReq,21997
Error,32010
FindNodeReq,60239
UpdateRouteReq,22084
FindNodeReq,34332
Error,16240
Error,38975
Error,35243
UpdateRouteReq,17257
Error,27831
UpdateRouteReq,21257
UpdateRouteReq,15768
UpdateRouteReq,30993
Error,45416
FindNodeReq,58040
FindNodeReq,48945
FindNodeReq,59544
FindNodeReq,72423
Error,46374
FindNodeReq,47393
Error,15021
Error,25065
UpdateRouteReq,15701
Error,25364
FindNodeReq,44532
FindNodeReq,57687
FindNodeReq,63453
FindNodeReq,74486
Error,96003
Error,29256
Error,48354
Error,32766
UpdateRouteReq,19452
UpdateRouteReq,14460
UpdateRouteReq,14036
UpdateRouteReq,13798
FindNodeReq,23716
FindNodeReq,29991
FindNodeReq,39751
FindNodeReq,41817
Error,25570
Error,26846
Error,25272
Error,28102
Error,31603
UpdateRouteReq,19194
Error,14904
UpdateRouteReq,13771
UpdateRouteReq,12694
FindNodeReq,28469
FindNodeReq,83543
FindNodeReq,96110
FindNodeReq,108334
UpdateRouteReq,113223
Error,121020
FindNodeReq,24903
Error,29174
Error,75601
Error,26339
Error,33608
FindNodeReq,44732
Error,16474
FindNodeReq,36147
FindNodeReq,46962
Error,47360
Error,24839
Error,32308
Error,29599
Error,43804
Error,21966
UpdateRouteReq,23900
UpdateRouteReq,24364
UpdateRouteReq,13782
FindNodeReq,48018
FindNodeReq,54707
UpdateRouteReq,57333
Error,64324
Error,33927
Error,33328
Error,26228
Error,29172
Error,24098
Error,24454
QueryRouteReq,25187
Error,33287
Error,30316
Error,34626
Error,34985
Error,16134
UpdateRouteReq,16307
UpdateRouteReq,36875
Error,36829
UpdateRouteReq,15301
UpdateRouteReq,16303
UpdateRouteReq,14354
Error,29884
FindNodeReq,33936
Error,29032
FindNodeReq,40480
Error,26322
Error,31277
Error,28881
UpdateRouteReq,19730
UpdateRouteReq,15376
UpdateRouteReq,25237
FindNodeReq,45179
UpdateRouteReq,21998
UpdateRouteReq,22615
Error,12449
Error,29679
UpdateRouteReq,54472
UpdateRouteReq,24218
Error,48136
FindNodeReq,46584
UpdateRouteReq,47320
UpdateRouteReq,24730
Error,49573
Error,39300
Error,30792
Error,23785
Error,34175
UpdateRouteReq,25274
FindNodeReq,28467
Error,31781
UpdateRouteReq,33304
UpdateRouteReq,13606
UpdateRouteReq,13808
Error,30530
Error,38022
Error,14269
Error,10026
FindNodeReq,24864
FindNodeReq,23056
Error,28705
FindNodeReq,47232
FindNodeReq,23497
FindNodeReq,26498
FindNodeReq,38081
Error,45704
Error,33020
Error,33452
Error,48485
FindNodeReq,106496
FindNodeReq,51331
Error,60470
Error,33384
UpdateRouteReq,29730
FindNodeReq,35356
UpdateRouteReq,22836
UpdateRouteReq,26145
FindNodeReq,38923
Error,54381
UpdateRouteReq,54466
Error,35379
Error,63177
Error,17078
Error,17728
Error,28010
Error,31731
Error,26483
Error,36287
FindNodeReq,29549
Error,20071
FindNodeReq,30107
FindNodeReq,26232
FindNodeReq,35090
UpdateRouteReq,15214
UpdateRouteReq,13283
UpdateRouteReq,18029
UpdateRouteReq,12536
Error,36436
Error,30686
FindNodeReq,28426
FindNodeReq,24693
Error,37228
FindNodeReq,28119
FindNodeReq,21948
Error,25327
Error,24237
Error,14659
Error,11932
Error,28498
UpdateRouteReq,29732
UpdateRouteReq,24909
UpdateRouteReq,30084
FindNodeReq,30148
Error,44637
FindNodeReq,46676
FindNodeReq,57214
FindNodeReq,77973
FindNodeReq,66471
FindNodeReq,82789
FindNodeReq,99998
UpdateRouteReq,114473
Error,127768
Error,35284
Error,16180
UpdateRouteReq,38696
Error,60899
Error,74228
UpdateRouteReq,61688
UpdateRouteReq,35304
UpdateRouteReq,48863
UpdateRouteReq,40769
Error,49683
Error,48312
Error,59842
Error,81138
Error,29155
FindNodeReq,35744
Error,43344
UpdateRouteReq,16702
UpdateRouteReq,15986
Error,31952
UpdateRouteReq,31756
UpdateRouteReq,23622
UpdateRouteReq,68751
Error,82948
UpdateRouteReq,93332
Error,114171
Error,50525
UpdateRouteReq,60754
Error,86817
Error,30309
FindNodeReq,25416
Error,36665
FindNodeReq,40168
FindNodeReq,49071
FindNodeReq,59381
Error,72240
Error,29870
UpdateRouteReq,28490
UpdateRouteReq,35520
Error,42089
UpdateRouteReq,30545
Error,31486
Error,10626
Error,9719
Error,10096
Error,22701
Error,10092
Error,10921
Error,10669
Error,10626
Error,11199
Error,39805
UpdateRouteReq,19122
UpdateRouteReq,36333
UpdateRouteReq,45828
FindNodeReq,44651
FindNodeReq,55663
FindNodeReq,70290
FindNodeReq,23156
Error,37295
FindNodeReq,33842
FindNodeReq,48128
FindNodeReq,61336
Error,33854
UpdateRouteReq,17192
Error,27126
UpdateRouteReq,28638
UpdateRouteReq,19471
Error,38397
Error,16785
UpdateRouteReq,35236
FindNodeReq,51368
Error,51943
FindNodeReq,29899
Error,55759
Error,41896
Error,35965
Error,34484
Error,17047
FindNodeReq,27390
UpdateRouteReq,15674
UpdateRouteReq,13482
FindNodeReq,27070
FindNodeReq,33395
FindNodeReq,55188
UpdateRouteReq,83591
Error,111139
Error,49453
Error,32054
Error,38061
UpdateRouteReq,14695
UpdateRouteReq,14090
UpdateRouteReq,20762
Error,42019
UpdateRouteReq,19723
Error,16289
UpdateRouteReq,36864
Error,54356
UpdateRouteReq,56600
Error,28081
UpdateRouteReq,15473
UpdateRouteReq,20746
UpdateRouteReq,29640
Error,40682
Error,82225
Error,37353
Error,17433
FindNodeReq,64817
UpdateRouteReq,28059
UpdateRouteReq,29208
Error,29282
UpdateRouteReq,21653
UpdateRouteReq,21515
Error,45230
UpdateRouteReq,28488
UpdateRouteReq,40069
Error,54440
UpdateRouteReq,24723
UpdateRouteReq,36783
Error,27553
Error,37955
Error,16879
Error,26025
Error,25797
Error,33441
Error,29883
UpdateRouteReq,13757
UpdateRouteReq,13255
Error,24599
UpdateRouteReq,24389
Error,23366
UpdateRouteReq,44092
UpdateRouteReq,17264
Error,54779
Error,35022
FindNodeReq,26332
Error,68387
Error,57807
Error,61929
UpdateRouteReq,15654
Error,38947
UpdateRouteReq,17707
UpdateRouteReq,14493
Error,29560
UpdateRouteReq,15066
FindNodeReq,25592
Error,30870
Error,49920
UpdateRouteReq,43145
Error,58644
Error,34720
Error,30247
Error,32997
Error,44268
Error,32307
FindNodeReq,41154
FindNodeReq,20929
UpdateRouteReq,13762
Error,21854
UpdateRouteReq,22549
Error,21743
UpdateRouteReq,32848
Error,28883
UpdateRouteReq,37832
Error,38377
Error,36258
Error,36743
Error,37807
Error,38711
UpdateRouteReq,13055
Error,25092
UpdateRouteReq,13513
FindNodeReq,28961
UpdateRouteReq,14532
UpdateRouteReq,26660
Error,24399
UpdateRouteReq,25142
Error,35505
Error,24536
Error,14318
Error,21390
FindNodeReq,27128
FindNodeReq,21627
Error,29477
UpdateRouteReq,16271
UpdateRouteReq,15722
UpdateRouteReq,25336
Error,51739
FindNodeReq,31665
Error,32879
Error,43900
Error,33369
Error,28055
Error,28232
UpdateRouteReq,31103
UpdateRouteReq,32208
UpdateRouteReq,14442
Error,35551
FindNodeReq,45622
UpdateRouteReq,27134
FindNodeReq,26900
Error,28746
FindNodeReq,43969
UpdateRouteReq,20487
Error,23224
Error,27863
Error,37536
Error,50550
FindNodeReq,28751
FindNodeReq,46534
FindNodeReq,55544
FindNodeReq,66837
UpdateRouteReq,75578
FindNodeReq,31019
UpdateRouteReq,31878
Error,45860
Error,25945
Error,25131
Error,14237
Error,10150
UpdateRouteReq,17546
Error,45825
UpdateRouteReq,25584
UpdateRouteReq,31495
FindNodeReq,43906
FindNodeReq,56127
FindNodeReq,68333
Error,39381
FindNodeReq,63397
Error,54270
Error,38465
Error,24542
Error,15933
UpdateRouteReq,35356
UpdateRouteReq,31038
Error,27442
UpdateRouteReq,15968
FindNodeReq,31658
UpdateRouteReq,14353
FindNodeReq,58884
FindNodeReq,69038
Error,84139
FindNodeReq,112535
Error,126182
Error,63987
Error,32370
Error,27122
UpdateRouteReq,14274
UpdateRouteReq,12970
Error,23094
Error,43743
Error,50781
Error,69714
Error,84418
Error,105042
Error,119649
FindNodeReq,131175
UpdateRouteReq,134448
Error,59242
Error,71882
FindNodeReq,94235
FindNodeReq,105125
Error,31205
FindNodeReq,33633
FindNodeReq,23789
FindNodeReq,25374
Error,24724
Error,32179
Error,49592
Error,32004
Error,36838
Error,68307
Error,69436
Error,70547
Error,71693
Error,11445
Error,11612
Error,12076
UpdateRouteReq,15319
UpdateRouteReq,13917
UpdateRouteReq,16051
UpdateRouteReq,14548
Error,12813
Error,28466
Error,29475
Error,15375
UpdateRouteReq,16666
Error,30841
UpdateRouteReq,14501
UpdateRouteReq,18236
Error,29857
FindNodeReq,23357
Error,24586
Error,33941
Error,21980
Error,25637
UpdateRouteReq,47248
Error,54785
UpdateRouteReq,52871
UpdateRouteReq,14188
FindNodeReq,46985
Error,71799
UpdateRouteReq,74892
Error,95822
FindNodeReq,30465
Error,27860
Error,32987
Error,45988
Error,41897
Error,27653
Error,39150
Error,26161
Error,27482
Error,45547
UpdateRouteReq,46745
Error,61021
UpdateRouteReq,38661
Error,43050
UpdateRouteReq,57518
Error,25208
UpdateRouteReq,16160
Error,11979
Error,10989
Error,11049
FindNodeReq,27144
Error,23542
UpdateRouteReq,25692
Error,26652
UpdateRouteReq,21516
UpdateRouteReq,23514
FindNodeReq,22821
Error,25545
FindNodeReq,22788
FindNodeReq,26131
FindNodeReq,36650
FindNodeReq,42120
Error,72500
UpdateRouteReq,14852
UpdateRouteReq,13793
UpdateRouteReq,63091
Error,35137
Error,37558
Error,27861
UpdateRouteReq,43828
Error,22717
FindNodeReq,26233
UpdateRouteReq,17888
FindNodeReq,27069
Error,35201
FindNodeReq,45806
Error,28247
Error,30347
Error,28072
UpdateRouteReq,14342
Error,16775
UpdateRouteReq,24549
UpdateRouteReq,15313
UpdateRouteReq,23414
Error,32403
Error,32504
Error,29542
Error,47648
Error,22625
Error,48873
Error,49354
Error,33605
Error,56192
Error,71472
UpdateRouteReq,50823
UpdateRouteReq,68897
FindNodeReq,86687
FindNodeReq,96077
Error,33346
Error,59492
Error,90667
Error,47230
FindNodeReq,59347
FindNodeReq,36740
Error,50229
Error,25702
Error,32526
Error,30252
Error,15502
Error,10198
Error,10514
UpdateRouteReq,29975
Error,29021
UpdateRouteReq,31979
Error,32603
UpdateRouteReq,28855
UpdateRouteReq,39467
FindNodeReq,27331
UpdateRouteReq,28715
Error,10973
Error,9734
FindNodeReq,26676
FindNodeReq,35245
QueryRouteReq,30946
Error,18174
UpdateRouteReq,19650
UpdateRouteReq,14131
Error,30294
UpdateRouteReq,17841
Error,25915
UpdateRouteReq,28023
FindNodeReq,68245
Error,45211
Error,33755
FindNodeReq,27267
Error,30045
Error,11619
Error,27629
FindNodeReq,24988
FindNodeReq,28538
Error,42220
Error,27074
UpdateRouteReq,15996
UpdateRouteReq,18549
Error,31912
FindNodeReq,38379
Error,25613
FindNodeReq,45933
UpdateRouteReq,31551
Error,50034
Error,55670
Error,44936
Error,51008
Error,32405
Error,24935
FindNodeReq,40428
Error,47542
FindNodeReq,58133
Error,71016
UpdateRouteReq,30623
UpdateRouteReq,27198
FindNodeReq,38699
UpdateRouteReq,14588
UpdateRouteReq,14020
FindNodeReq,22670
Error,44415
Error,56392
UpdateRouteReq,71989
FindNodeReq,100130
FindNodeReq,113097
Error,114606
Error,125165
Error,125485
Error,22359
Error,13110
FindNodeReq,25018
FindNodeReq,27885
UpdateRouteReq,16195
UpdateRouteReq,15089
Error,28020
UpdateRouteReq,18093
UpdateRouteReq,19816
Error,39460
FindNodeReq,23130
Error,40596
FindNodeReq,33554
FindNodeReq,50167
FindNodeReq,22038
Error,27370
UpdateRouteReq,15532
Error,15133
Error,12458
Error,28826
Error,28537
Error,36386
Error,39718
Error,17275
UpdateRouteReq,16531
UpdateRouteReq,14893
FindNodeReq,26125
UpdateRouteReq,34483
FindNodeReq,37375
FindNodeReq,48019
FindNodeReq,59523
UpdateRouteReq,30818
Error,37946
Error,28618
Error,54552
Error,37699
Error,39639
Error,16359
Error,38718
Error,24764
UpdateRouteReq,14431
UpdateRouteReq,14635
UpdateRouteReq,55511
Error,53075
UpdateRouteReq,15875
Error,39661
Error,26437
Error,30501
Error,25437
Error,28254
FindNodeReq,40806
Error,71676
FindNodeReq,30391
Error,25086
UpdateRouteReq,13906
UpdateRouteReq,13707
UpdateRouteReq,14235
Error,37613
UpdateRouteReq,17950
Error,19669
Error,12013
Error,33561
FindNodeReq,25062
UpdateRouteReq,14843
Error,30334
Error,36619
FindNodeReq,29087
Error,26664
Error,16648
Error,25100
Error,37427
Error,27302
FindNodeReq,29013
UpdateRouteReq,21732
Error,46965
UpdateRouteReq,13022
Error,31518
Error,14853
FindNodeReq,39914
Error,40678
Error,23534
FindNodeReq,39626
FindNodeReq,53803
FindNodeReq,58064
Error,73747
FindNodeReq,32122
Error,28066
Error,28190
Error,17171
Error,11637
Error,37601
FindNodeReq,44587
UpdateRouteReq,44886
UpdateRouteReq,47495
FindNodeReq,60102
Error,40130
Error,28793
Error,25984
Error,33267
UpdateRouteReq,19064
UpdateRouteReq,14796
FindNodeReq,31980
FindNodeReq,43493
Error,60449
Error,41384
UpdateRouteReq,15384
Error,31443
FindNodeReq,31723
FindNodeReq,42190
Error,55961
FindNodeReq,29481
Error,31546
Error,15585
UpdateRouteReq,19744
FindNodeReq,54663
UpdateRouteReq,20194
FindNodeReq,36064
UpdateRouteReq,18240
UpdateRouteReq,13985
Error,11574
Error,28953
Error,31127
Error,35333
Error,31918
FindNodeReq,35293
Error,30920
UpdateRouteReq,45008
FindNodeReq,43731
Error,64745
Error,71917
Error,53833
Error,69070
FindNodeReq,34580
FindNodeReq,41889
Error,28633
Error,63383
FindNodeReq,87690
Error,101959
Error,114208
Error,45572
QueryRouteReq,63317
Error,49625
UpdateRouteReq,52484
Error,50966
Error,71712
Error,90216
Error,34183
FindNodeReq,49172
FindNodeReq,61872
FindNodeReq,42543
Error,42533
Error,54192
Error,24525
Error,28186
UpdateRouteReq,17157
Error,35145
UpdateRouteReq,36854
Error,41544
Error,46875
Error,58894
UpdateRouteReq,44439
Error,43613
FindNodeReq,65163
FindNodeReq,85515
Error,87224
Error,87405
FindNodeReq,102083
Error,103755
FindNodeReq,116028
Error,18969
UpdateRouteReq,20704
Error,12389
Error,10487
Error,9896
Error,10106
Error,9823
Error,9791
FindNodeReq,22084
UpdateRouteReq,14187
UpdateRouteReq,13654
UpdateRouteReq,13118
UpdateRouteReq,13172
Error,37411
UpdateRouteReq,13826
UpdateRouteReq,30708
UpdateRouteReq,47425
FindNodeReq,38521
FindNodeReq,51737
FindNodeReq,27316
FindNodeReq,36662
FindNodeReq,43301
Error,57454
FindNodeReq,77816
FindNodeReq,97744
Error,24516
UpdateRouteReq,36749
UpdateRouteReq,13320
Error,39041
UpdateRouteReq,45785
Error,27246
Error,13728
Error,23547
Error,44391
FindNodeReq,49433
Error,25823
UpdateRouteReq,22285
UpdateRouteReq,21517
UpdateRouteReq,25408
Error,48503
Error,22625
UpdateRouteReq,24404
Error,38738
Error,33829
Error,35681
Error,35591
Error,35026
UpdateRouteReq,16489
Error,27150
UpdateRouteReq,15029
Error,16428
Error,56671
Error,32351
Error,33200
Error,23067
Error,31645
Error,19796
UpdateRouteReq,14406
UpdateRouteReq,13283
UpdateRouteReq,17312
Error,21976
Error,33303
Error,32259
Error,30929
Error,27664
UpdateRouteReq,13973
Error,14795
UpdateRouteReq,14553
UpdateRouteReq,18055
UpdateRouteReq,16989
UpdateRouteReq,14510
Error,22656
Error,25089
Error,41085
Error,41395
Error,25622
Error,15356
FindNodeReq,50678
FindNodeReq,31081
Error,29702
FindNodeReq,28332
FindNodeReq,39819
Error,29746
Error,36225
UpdateRouteReq,32341
UpdateRouteReq,25528
UpdateRouteReq,20886
UpdateRouteReq,20056
Error,35651
FindNodeReq,36413
Error,38927
Error,25167
FindNodeReq,39630
Error,41858
UpdateRouteReq,45538
FindNodeReq,31701
Error,39646
QueryRouteReq,35465
Error,33529
Error,39632
Error,39583
UpdateRouteReq,23472
UpdateRouteReq,20242
Error,44062
Error,60273
Error,73652
UpdateRouteReq,76189
Error,38458
Error,67433
FindNodeReq,34459
FindNodeReq,24529
Error,26135
FindNodeReq,49693
FindNodeReq,59999
UpdateRouteReq,63680
Error,51703
Error,62974
Error,75479
Error,80809
Error,27224
QueryRouteReq,23560
Error,30066
Error,25114
Error,12334
Error,11634
UpdateRouteReq,16321
UpdateRouteReq,15215
Error,16437
Error,16042
Error,18589
UpdateRouteReq,19305
FindNodeReq,44339
Error,24223
UpdateRouteReq,13817
UpdateRouteReq,12083
Error,27846
UpdateRouteReq,21151
UpdateRouteReq,24185
Error,34053
Error,25946
Error,23156
Error,42391
FindNodeReq,36504
UpdateRouteReq,38747
Error,53760
FindNodeReq,34528
Error,24064
Error,34198
FindNodeReq,43752
Error,44128
Error,55778
Error,68156
Error,26685
UpdateRouteReq,26244
UpdateRouteReq,27066
UpdateRouteReq,17761
FindNodeReq,33708
Error,80783
UpdateRouteReq,84833
Error,100100
Error,120558
Error,136079
UpdateRouteReq,139260
UpdateRouteReq,141979
UpdateRouteReq,53711
FindNodeReq,65609
FindNodeReq,77051
Error,91898
Error,51496
Error,74734
Error,96435
Error,109584
Error,129293
Error,133772
FindNodeReq,149544
FindNodeReq,54663
Error,56925
Error,58739
UpdateRouteReq,57531
UpdateRouteReq,14683
Error,11488
Error,10780
Error,12014
Error,10874
Error,11086
Error,10826
Error,12009
UpdateRouteReq,14606
UpdateRouteReq,13881
UpdateRouteReq,13700
Error,10737
UpdateRouteReq,13665
UpdateRouteReq,102320
FindNodeReq,120967
FindNodeReq,131278
UpdateRouteReq,133895
UpdateRouteReq,135722
UpdateRouteReq,151785
Error,158476
Error,25215
UpdateRouteReq,12730
FindNodeReq,23502
Error,24360
Error,23396
FindNodeReq,31019
UpdateRouteReq,20574
UpdateRouteReq,21372
Error,28962
UpdateRouteReq,17879
Error,14908
Error,11473
Error,35296
FindNodeReq,26249
Error,31798
FindNodeReq,48221
UpdateRouteReq,15121
FindNodeReq,24352
Error,26751
FindNodeReq,29548
Error,27946
Error,15911
UpdateRouteReq,14794
UpdateRouteReq,13823
UpdateRouteReq,12199
Error,32518
Error,32635
UpdateRouteReq,54115
Error,33146
Error,35232
Error,33735
Error,22423
Error,11586
Error,27964
UpdateRouteReq,17329
UpdateRouteReq,21523
UpdateRouteReq,20194
Error,38130
Error,36622
Error,32331
Error,16281
UpdateRouteReq,13957
UpdateRouteReq,12421
Error,10274
Error,29344
UpdateRouteReq,17652
Error,35868
Error,28059
Error,40999
Error,17331
Error,11378
UpdateRouteReq,17157
Error,29084
UpdateRouteReq,19952
Error,26333
UpdateRouteReq,15540
Error,42289
Error,46953
Error,14585
UpdateRouteReq,31123
UpdateRouteReq,39390
Error,47002
Error,24516
UpdateRouteReq,25308
Error,42312
Error,26716
Error,24088
UpdateRouteReq,13544
Error,15539
UpdateRouteReq,19286
UpdateRouteReq,12808
UpdateRouteReq,21332
Error,36160
Error,23778
UpdateRouteReq,32456
Error,46941
UpdateRouteReq,13052
Error,31714
Error,36027
UpdateRouteReq,33574
Error,38607
FindNodeReq,53820
FindNodeReq,64777
FindNodeReq,74917
Error,75553
UpdateRouteReq,14614
UpdateRouteReq,13327
Error,25110
UpdateRouteReq,32014
Error,71336
FindNodeReq,48041
FindNodeReq,60353
Error,33797
UpdateRouteReq,26932
Error,26834
UpdateRouteReq,16673
Error,21656
UpdateRouteReq,31425
Error,53396
Error,29181
Error,39326
Error,46148
FindNodeReq,33784
Error,39480
FindNodeReq,29264
Error,16126
Error,10423
FindNodeReq,40546
Error,27403
FindNodeReq,32861
UpdateRouteReq,16780
FindNodeReq,38706
Error,26355
Error,32730
Error,33571
Error,16585
FindNodeReq,59510
Error,12198
Error,27317
Error,37823
Error,25856
Error,33828
UpdateRouteReq,17323
Error,16158
UpdateRouteReq,15158
UpdateRouteReq,14872
FindNodeReq,41045
Error,11399
Error,28981
Error,26293
Error,43288
UpdateRouteReq,15661
UpdateRouteReq,15394
Error,40255
UpdateRouteReq,30485
FindNodeReq,34686
Error,16328
Error,25830
Error,28992
Error,32667
Error,34657
UpdateRouteReq,36842
FindNodeReq,32952
Error,28913
Error,33896
Error,27972
Error,41866
FindNodeReq,22307
UpdateRouteReq,13522
UpdateRouteReq,14827
Error,24333
UpdateRouteReq,17760
Error,25947
Error,32303
Error,26078
FindNodeReq,23469
UpdateRouteReq,19513
Error,10078
Error,26160
FindNodeReq,34781
Error,46845
FindNodeReq,30967
Error,35786
Error,24458
Error,15286
Error,11715
FindNodeReq,28794
Error,29168
UpdateRouteReq,16232
UpdateRouteReq,14119
Error,26617
Error,41669
Error,26784
Error,16379
FindNodeReq,49576
Error,50404
Error,27940
Error,41687
Error,35957
Error,38396
UpdateRouteReq,17807
Error,16363
FindNodeReq,48841
FindNodeReq,62793
FindNodeReq,39362
Error,52794
Error,53391
FindNodeReq,40378
FindNodeReq,50149
Error,27465
Error,37148
Error,29553
Error,21654
UpdateRouteReq,17223
UpdateRouteReq,15476
UpdateRouteReq,15223
UpdateRouteReq,25341
FindNodeReq,46886
FindNodeReq,28359
Error,11662
Error,28975
Error,28214
Error,34327
UpdateRouteReq,15229
Error,24726
FindNodeReq,30584
FindNodeReq,34987
UpdateRouteReq,15849
Error,21336
UpdateRouteReq,22281
UpdateRouteReq,26771
FindNodeReq,22921
FindNodeReq,35719
Error,10349
FindNodeReq,43844
Error,39863
FindNodeReq,32795
FindNodeReq,22372
Error,27880
Error,28486
Error,27891
Error,16641
Error,26053
UpdateRouteReq,23164
Error,38479
FindNodeReq,37652
Error,32709
FindNodeReq,49324
FindNodeReq,31782
Error,33206
Error,34944
Error,28672
Error,15926
Error,25025
FindNodeReq,52685
FindNodeReq,42357
Error,35347
UpdateRouteReq,18997
UpdateRouteReq,16179
Error,40722
UpdateRouteReq,25469
Error,49139
Error,29851
Error,67053
Error,40562
Error,26902
UpdateRouteReq,22447
Error,29103
Error,34694
Error,16922
Error,36849
Error,23902
Error,30546
UpdateRouteReq,20157
Error,38023
UpdateRouteReq,13437
Error,25197
Error,21636
Error,44280
Error,38799
UpdateRouteReq,17885
Error,28043
Error,25422
Error,41306
Error,37954
Error,23015
UpdateRouteReq,28780
Error,46818
Error,27501
UpdateRouteReq,21095
Error,41368
Error,59383
Error,40153
Error,24799
Error,40789
Error,53535
Error,69943
Error,83052
Error,101197
FindNodeReq,115303
FindNodeReq,126301
Error,139754
FindNodeReq,152435
Error,29763
UpdateRouteReq,15047
UpdateRouteReq,18294
Error,36835
UpdateRouteReq,27964
Error,40293
Error,68025
UpdateRouteReq,13055
Error,69969
Error,83118
Error,108662
Error,141277
Error,148190
Error,53315
Error,54182
Error,33082
UpdateRouteReq,15678
Error,17299
Error,16686
Error,11155
Error,11761
Error,12103
Error,11138
Error,11158
Error,11111
Error,12068
UpdateRouteReq,15930
UpdateRouteReq,15504
UpdateRouteReq,15255
FindNodeReq,30439
Error,28979
Error,50999
Error,23323
Error,41777
Error,26098
UpdateRouteReq,33005
UpdateRouteReq,52870
UpdateRouteReq,33951
Error,33672
Error,31022
FindNodeReq,34297
FindNodeReq,46840
FindNodeReq,23734
Error,23612
Error,25428
UpdateRouteReq,19211
Error,26575
Error,14675
Error,10409
Error,43038
FindNodeReq,54910
Error,33468
Error,42736
Error,42878
Error,16488
FindNodeReq,28910
Error,27685
Error,28549
UpdateRouteReq,23620
UpdateRouteReq,24944
UpdateRouteReq,30468
FindNodeReq,29923
Error,43828
Error,40333
Error,25326
Error,30480
FindNodeReq,41055
UpdateRouteReq,42475
Error,42319
Error,25215
Error,25600
Error,32197
Error,24488
FindNodeReq,29262
Error,14157
UpdateRouteReq,14360
FindNodeReq,22797
UpdateRouteReq,48744
FindNodeReq,66868
Error,40635
Error,29431
Error,28696
FindNodeReq,31027
Error,26657
Error,28519
FindNodeReq,38912
Error,38140
FindNodeReq,28558
UpdateRouteReq,31213
Error,31625
FindNodeReq,33301
UpdateRouteReq,18098
FindNodeReq,45968
Error,60426
Error,38939
Error,40656
Error,41826
Error,16486
UpdateRouteReq,16688
FindNodeReq,31955
FindNodeReq,23358
Error,10570
Error,23847
FindNodeReq,33032
FindNodeReq,36779
Error,24379
Error,31280
Error,24840
Error,30062
Error,15459
UpdateRouteReq,13174
UpdateRouteReq,13115
Error,25373
FindNodeReq,41824
FindNodeReq,51095
FindNodeReq,64759
FindNodeReq,78080
Error,47349
Error,27208
Error,23752
Error,17599
UpdateRouteReq,19643
UpdateRouteReq,12340
FindNodeReq,22012
FindNodeReq,33795
Error,24488
UpdateRouteReq,17247
Error,27005
Error,35199
FindNodeReq,35449
FindNodeReq,35449
Error,48973
Error,30980
Error,17735
Error,29193
Error,47485
Error,51257
Error,63773
FindNodeReq,81709
FindNodeReq,93316
UpdateRouteReq,94893
UpdateRouteReq,14940
Error,24613
Error,24930
Error,27061
Error,18762
UpdateRouteReq,20485
UpdateRouteReq,56291
Error,65123
Error,11585
UpdateRouteReq,15796
FindNodeReq,45691
Error,38360
Error,37259
FindNodeReq,49903
Error,29862
Error,25543
UpdateRouteReq,29149
Error,32506
UpdateRouteReq,15814
Error,16374
FindNodeReq,30002
Error,10036
Error,26637
FindNodeReq,35077
UpdateRouteReq,30554
UpdateRouteReq,22927
FindNodeReq,42095
Error,30569
UpdateRouteReq,32322
Error,40703
Error,23442
Error,37494
Error,11671
FindNodeReq,32999
FindNodeReq,27282
FindNodeReq,25027
FindNodeReq,27828
FindNodeReq,24407
Error,26559
UpdateRouteReq,21547
FindNodeReq,33292
UpdateRouteReq,16871
UpdateRouteReq,30979
Error,35697
Error,52612
Error,43689
Error,28634
UpdateRouteReq,14448
UpdateRouteReq,15269
UpdateRouteReq,23497
FindNodeReq,47970
UpdateRouteReq,36224
FindNodeReq,36951
FindNodeReq,46596
FindNodeReq,38613
Error,11344
Error,29053
Error,36108
FindNodeReq,30498
FindNodeReq,31289
Error,52440
FindNodeReq,27012
UpdateRouteReq,22893
Error,38792
UpdateRouteReq,30850
Error,30870
Error,40684
Error,28283
Error,38917
Error,43165
Error,38110
Error,19517
UpdateRouteReq,20887
UpdateRouteReq,21189
UpdateRouteReq,13236
FindNodeReq,43062
Error,10299
Error,27436
Error,36394
UpdateRouteReq,22285
Error,40570
Error,36582
Error,17553
FindNodeReq,50845
Error,44090
Error,72610
UpdateRouteReq,16700
UpdateRouteReq,15396
Error,34818
UpdateRouteReq,28313
UpdateRouteReq,40690
Error,45403
Error,42950
Error,38734
Error,50340
Error,68529
Error,41565
Error,53437
UpdateRouteReq,56396
Error,41951
FindNodeReq,32116
FindNodeReq,36120
Error,24736
Error,56748
Error,69609
Error,91377
Error,78946
Error,100246
Error,115263
UpdateRouteReq,117832
Error,142564
UpdateRouteReq,145507
Error,64322
Error,25530
Error,34190
Error,36336
Error,55204
Error,15470
Error,46444
Error,47422
Error,48613
Error,49034
Error,50265
Error,50887
UpdateRouteReq,13974
Error,17783
Error,10336
FindNodeReq,34141
Error,11106
UpdateRouteReq,14055
UpdateRouteReq,13234
UpdateRouteReq,14023
UpdateRouteReq,13664
Error,10364
FindNodeReq,34118
Error,24166
Error,23840
Error,24152
Error,25017
UpdateRouteReq,26544
Error,25940
FindNodeReq,33855
FindNodeReq,37037
Error,36904
Error,31316
Error,42990
Error,28158
UpdateRouteReq,37028
UpdateRouteReq,38822
UpdateRouteReq,14278
FindNodeReq,39016
Error,44946
FindNodeReq,23867
FindNodeReq,26132
Error,28044
Error,34675
Error,29956
Error,34623
Error,16592
UpdateRouteReq,16614
UpdateRouteReq,14841
UpdateRouteReq,13195
FindNodeReq,40860
FindNodeReq,46310
FindNodeReq,56638
Error,56900
Error,26114
Error,29858
UpdateRouteReq,27624
FindNodeReq,50618
Error,64836
Error,24161
Error,20367
Error,37555
Error,26396
FindNodeReq,32644
FindNodeReq,25430
FindNodeReq,26084
FindNodeReq,25096
UpdateRouteReq,16865
Error,28386
UpdateRouteReq,28441
Error,49039
UpdateRouteReq,52697
UpdateRouteReq,30071
Error,69742
Error,92638
Error,64381
Error,53933
Error,66721
UpdateRouteReq,80922
Error,32993
Error,32045
FindNodeReq,34244
Error,74846
Error,98825
Error,121783
Error,53057
Error,72844
Error,28870
FindNodeReq,20918
Error,48399
Error,64271
Error,83125
Error,96507
Error,46294
Error,63843
Error,89400
Error,25023
Error,29804
UpdateRouteReq,19566
Error,73046
Error,86434
Error,105271
FindNodeReq,116856
Error,130010
UpdateRouteReq,132740
Error,137607
UpdateRouteReq,140422
FindNodeReq,60857
Error,64329
Error,65074
Error,73016
Error,73894
Error,74348
Error,9849
Error,30113
Error,30775
Error,12668
UpdateRouteReq,16738
UpdateRouteReq,14335
Error,19480
Error,16891
Error,16206
Error,18290
Error,16615
Error,10479
FindNodeReq,21334
Error,24629
FindNodeReq,28416
UpdateRouteReq,14580
UpdateRouteReq,18177
UpdateRouteReq,27712
Error,56276
Error,34163
FindNodeReq,27130
FindNodeReq,40147
FindNodeReq,32313
Error,42269
Error,27343
Error,10309
Error,23673
Error,43203
Error,25582
Error,26514
Error,19941
FindNodeReq,21404
UpdateRouteReq,13664
UpdateRouteReq,12954
UpdateRouteReq,12288
FindNodeReq,21139
FindNodeReq,22569
FindNodeReq,44324
UpdateRouteReq,37100
Error,37544
UpdateRouteReq,15640
UpdateRouteReq,16673
Error,27927
Error,33507
Error,26355
Error,38667
Error,31922
Error,41574
UpdateRouteReq,60678
Error,69772
UpdateRouteReq,73619
UpdateRouteReq,76694
UpdateRouteReq,90740
Error,45638
Error,67754
Error,89607
Error,61979
Error,80410
UpdateRouteReq,82924
Error,24732
Error,49804
FindNodeReq,59215
Error,82312
Error,94760
Error,24855
FindNodeReq,31427
Error,42587
Error,49978
Error,71241
Error,90012
Error,102712
UpdateRouteReq,38153
Error,45308
UpdateRouteReq,48246
UpdateRouteReq,50141
UpdateRouteReq,18105
Error,42326
Error,35889
Error,52108
Error,65121
Error,77426
Error,90906
Error,80250
Error,101931
Error,100430
UpdateRouteReq,47345
Error,62421
UpdateRouteReq,65756
Error,85366
UpdateRouteReq,99255
Error,45978
FindNodeReq,54109
Error,76244
Error,95609
Error,109241
Error,122273
UpdateRouteReq,125572
Error,46335
Error,73265
Error,86836
Error,112021
Error,21689
FindNodeReq,31531
Error,18530
Error,10625
Error,9689
Error,9648
UpdateRouteReq,13415
UpdateRouteReq,17797
UpdateRouteReq,17007
Error,16628
Error,15249
Error,10069
Error,14633
Error,14097
Error,9777
Error,10004
Error,9597
Error,9441
Error,9288
Error,9436
UpdateRouteReq,13595
Error,29976
UpdateRouteReq,30609
UpdateRouteReq,12326
FindNodeReq,46996
FindNodeReq,57998
Error,38971
Error,32981
Error,39412
Error,13868
FindNodeReq,28566
FindNodeReq,26142
UpdateRouteReq,16858
FindNodeReq,24320
UpdateRouteReq,16153
UpdateRouteReq,30926
Error,41233
Error,27672
FindNodeReq,25331
Error,31792
FindNodeReq,46266
FindNodeReq,48194
FindNodeReq,63705
FindNodeReq,85923
FindNodeReq,31379
UpdateRouteReq,33471
Error,46999
UpdateRouteReq,13754
UpdateRouteReq,13103
UpdateRouteReq,13182
Error,24841
Error,14124
Error,34504
Error,42209
FindNodeReq,57136
FindNodeReq,75003
FindNodeReq,85412
UpdateRouteReq,86001
FindNodeReq,34744
FindNodeReq,45299
Error,61116
Error,36486
UpdateRouteReq,22296
UpdateRouteReq,14529
Error,35346
Error,23253
Error,43515
Error,63388
Error,51082
Error,62791
UpdateRouteReq,74499
UpdateRouteReq,77099
UpdateRouteReq,47336
Error,66725
UpdateRouteReq,69829
Error,30045
Error,28638
Error,45601
Error,65874
Error,52919
Error,73603
UpdateRouteReq,76743
Error,24403
Error,32550
Error,38696
FindNodeReq,43253
Error,59210
Error,79283
Error,19084
Error,42716
Error,43840
Error,44778
UpdateRouteReq,47156
Error,47341
UpdateRouteReq,13167
UpdateRouteReq,12628
Error,11250
Error,10474
FindNodeReq,28434
FindNodeReq,24743
Error,10198
UpdateRouteReq,13053
Error,12414
Error,14548
Error,9939
Error,21626
Error,9713
Error,25651
UpdateRouteReq,13043
UpdateRouteReq,11758
Error,27495
UpdateRouteReq,22317
UpdateRouteReq,42804
Error,41378
Error,42008
Error,41639
FindNodeReq,54117
UpdateRouteReq,16918
UpdateRouteReq,15360
UpdateRouteReq,12095
FindNodeReq,47066
UpdateRouteReq,56169
Error,56487
FindNodeReq,24683
Error,28092
Error,29250
Error,34548
Error,16302
Error,24797
Error,17791
Error,29445
UpdateRouteReq,29044
UpdateRouteReq,30361
UpdateRouteReq,15266
Error,37534
FindNodeReq,26036
FindNodeReq,35382
Error,33456
Error,28499
Error,14348
Error,27985
UpdateRouteReq,30883
Error,24139
FindNodeReq,50459
FindNodeReq,24515
FindNodeReq,35227
Error,26639
Error,47325
Error,23183
Error,19798
FindNodeReq,38408
FindNodeReq,49233
Error,52349
Error,27959
UpdateRouteReq,29852
UpdateRouteReq,24406
UpdateRouteReq,14186
FindNodeReq,25454
FindNodeReq,37998
FindNodeReq,67955
FindNodeReq,86716
Error,104206
Error,129286
UpdateRouteReq,35284
Error,40395
Error,50492
Error,61434
Error,71899
Error,44337
Error,54887
Error,30063
Error,34544
FindNodeReq,43064
UpdateRouteReq,45359
UpdateRouteReq,22694
Error,35042
UpdateRouteReq,12791
FindNodeReq,44725
Error,56217
Error,73440
Error,85942
Error,52287
Error,64318
Error,77147
Error,38134
FindNodeReq,53096
UpdateRouteReq,15754
Error,32314
Error,54268
Error,25806
Error,37945
Error,22643
Error,22236
Error,17118
Error,54898
Error,55258
Error,54945
Error,54625
Error,54948
Error,10684
Error,9598
UpdateRouteReq,13949
UpdateRouteReq,13799
UpdateRouteReq,12698
Error,23334
Error,10309
Error,9506
Error,9447
Error,9437
FindNodeReq,24862
UpdateRouteReq,13230
FindNodeReq,22202
Error,24972
FindNodeReq,25819
FindNodeReq,34899
FindNodeReq,22343
FindNodeReq,37848
FindNodeReq,45391
FindNodeReq,64475
Error,32768
FindNodeReq,54149
UpdateRouteReq,14164
Error,24494
UpdateRouteReq,13573
UpdateRouteReq,12667
Error,26562
Error,14498
Error,9823
Error,32497
FindNodeReq,40581
FindNodeReq,64403
FindNodeReq,77705
UpdateRouteReq,80324
Error,94308
FindNodeReq,104323
Error,28707
Error,37328
Error,33974
Error,11476
Error,27616
Error,37111
Error,34663
Error,30614
Error,22317
UpdateRouteReq,17042
UpdateRouteReq,15028
UpdateRouteReq,15163
UpdateRouteReq,18761
FindNodeReq,41837
FindNodeReq,51185
FindNodeReq,62917
Error,63611
FindNodeReq,75901
Error,23965
Error,65932
Error,46195
Error,29912
Error,16485
UpdateRouteReq,37575
UpdateRouteReq,52761
Error,17279
QueryRouteReq,37775
Error,40631
Error,31048
Error,33363
Error,33697
UpdateRouteReq,15253
Error,46516
FindNodeReq,38850
FindNodeReq,47088
UpdateRouteReq,19283
Error,17405
Error,24499
Error,36502
Error,25184
Error,22690
Error,14696
UpdateRouteReq,19004
UpdateRouteReq,21960
FindNodeReq,26903
FindNodeReq,33746
Error,24933
UpdateRouteReq,16075
UpdateRouteReq,14853
Error,36015
Error,30811
Error,36031
Error,33338
FindNodeReq,24911
FindNodeReq,33675
Error,28856
FindNodeReq,40836
Error,25679
Error,26781
Error,39022
Error,29506
Error,31915
Error,16465
Error,21480
Error,34045
UpdateRouteReq,23668
UpdateRouteReq,20749
Error,33275
UpdateRouteReq,40557
Error,30226
Error,27899
Error,16453
Error,24815
Error,27678
FindNodeReq,28115
FindNodeReq,35636
Error,49868
Error,33263
UpdateRouteReq,50291
Error,42948
Error,42933
Error,24823
Error,28968
Error,35973
UpdateRouteReq,29814
UpdateRouteReq,26257
Error,34726
UpdateRouteReq,35609
FindNodeReq,36308
Error,54333
UpdateRouteReq,61383
Error,25876
FindNodeReq,30483
FindNodeReq,46171
FindNodeReq,51128
FindNodeReq,23316
FindNodeReq,27148
Error,34407
UpdateRouteReq,15157
UpdateRouteReq,20906
Error,37297
UpdateRouteReq,34490
Error,48204
Error,26252
Error,26449
Error,23928
Error,42367
UpdateRouteReq,36871
UpdateRouteReq,38353
UpdateRouteReq,53374
Error,32951
UpdateRouteReq,19940
UpdateRouteReq,22195
UpdateRouteReq,14429
Error,33467
FindNodeReq,87342
Error,100363
FindNodeReq,109681
FindNodeReq,122224
FindNodeReq,136064
Error,27650
FindNodeReq,27984
FindNodeReq,23751
Error,22529
UpdateRouteReq,43239
Error,59673
UpdateRouteReq,80512
Error,51773
UpdateRouteReq,54719
UpdateRouteReq,64241
UpdateRouteReq,17014
UpdateRouteReq,11557
Error,15789
Error,21521
Error,10076
Error,10583
Error,25823
UpdateRouteReq,52456
Error,63444
UpdateRouteReq,16009
Error,24548
UpdateRouteReq,35513
Error,40959
UpdateRouteReq,17018
UpdateRouteReq,30219
UpdateRouteReq,15400
Error,28272
Error,42423
Error,32512
Error,17221
Error,38170
Error,44084
FindNodeReq,42937
Error,41597
UpdateRouteReq,43028
UpdateRouteReq,19913
Error,36869
UpdateRouteReq,42572
Error,29552
UpdateRouteReq,60583
Error,67312
UpdateRouteReq,58772
UpdateRouteReq,62951
UpdateRouteReq,71720
Error,77592
UpdateRouteReq,35007
Error,38879
Error,25929
UpdateRouteReq,16917
Error,35566
Error,41317
FindNodeReq,35076
Error,26529
UpdateRouteReq,58352
UpdateRouteReq,58560
Error,75282
UpdateRouteReq,77010
UpdateRouteReq,55561
Error,69545
Error,26953
Error,25968
Error,33210
FindNodeReq,78201
FindNodeReq,89734
FindNodeReq,101868
Error,115588
FindNodeReq,140209
UpdateRouteReq,143837
UpdateRouteReq,146100
Error,116612
UpdateRouteReq,127380
UpdateRouteReq,135322
Error,155656
UpdateRouteReq,163482
UpdateRouteReq,176677
Error,37276
Error,66332
Error,71475
Error,72441
Error,66263
Error,65282
FindNodeReq,110285
FindNodeReq,126755
FindNodeReq,45124
Error,44944
Error,44495
UpdateRouteReq,18041
FindNodeReq,27498
Error,31628
Error,33005
Error,38559
Error,57480
Error,70261
UpdateRouteReq,54092
UpdateRouteReq,58586
Error,61723
Error,42633
FindNodeReq,61522
Error,87605
Error,102683
UpdateRouteReq,89216
FindNodeReq,45915
FindNodeReq,47771
Error,61832
Error,75179
Error,91570
Error,107201
UpdateRouteReq,20191
UpdateRouteReq,25380
UpdateRouteReq,70401
UpdateRouteReq,101371
Error,118178
Error,75702
Error,97388
FindNodeReq,109462
Error,123887
Error,137842
Error,42735
UpdateRouteReq,44866
Error,66844
Error,50729
UpdateRouteReq,53171
UpdateRouteReq,55632
FindNodeReq,26611
Error,25967
Error,24969
Error,25312
Error,25533
Error,17973
Error,27170
Error,26749
Error,29870
Error,38054
Error,37969
Error,11473
UpdateRouteReq,15820
UpdateRouteReq,12680
Error,9747
Error,9717
Error,9516
Error,21989
UpdateRouteReq,13816
UpdateRouteReq,32672
Error,25415
FindNodeReq,25321
FindNodeReq,34154
UpdateRouteReq,24462
Error,43436
UpdateRouteReq,15498
Error,28552
UpdateRouteReq,15019
UpdateRouteReq,14825
Error,34142
UpdateRouteReq,34835
FindNodeReq,37220
Error,29887
UpdateRouteReq,39200
Error,11765
Error,28328
Error,29421
Error,30001
Error,33192
Error,16871
UpdateRouteReq,15305
UpdateRouteReq,13487
FindNodeReq,26095
FindNodeReq,22884
UpdateRouteReq,14926
UpdateRouteReq,14321
UpdateRouteReq,13488
UpdateRouteReq,33615
Error,33980
Error,38640
Error,40768
Error,26152
Error,44018
Error,22693
Error,29964
Error,40374
UpdateRouteReq,42150
UpdateRouteReq,16607
UpdateRouteReq,15340
Error,50984
Error,67966
Error,40531
UpdateRouteReq,41729
Error,30980
Error,49758
FindNodeReq,27749
FindNodeReq,38015
Error,32399
FindNodeReq,48108
FindNodeReq,61197
Error,21935
FindNodeReq,27022
FindNodeReq,23687
Error,15635
Error,10595
UpdateRouteReq,13642
Error,14394
Error,13872
UpdateRouteReq,12994
UpdateRouteReq,25848
Error,19633
Error,14181
UpdateRouteReq,13440
UpdateRouteReq,69112
Error,89621
UpdateRouteReq,113211
Error,139151
FindNodeReq,48478
FindNodeReq,70142
Error,32382
Error,33822
Error,34346
UpdateRouteReq,16400
Error,27036
Error,32212
Error,47612
Error,62169
UpdateRouteReq,65645
UpdateRouteReq,67847
Error,69098
UpdateRouteReq,65916
Error,65982
Error,40734
Error,42787
Error,35817
Error,34918
Error,16535
FindNodeReq,33925
FindNodeReq,25127
UpdateRouteReq,15371
UpdateRouteReq,12361
UpdateRouteReq,18644
Error,10126
Error,24816
Error,25335
Error,29123
Error,22627
Error,25899
UpdateRouteReq,33926
UpdateRouteReq,34970
UpdateRouteReq,37557
FindNodeReq,54352
Error,57583
FindNodeReq,30409
Error,41887
Error,25217
Error,36397
Error,33040
Error,52525
UpdateRouteReq,53863
Error,82816
UpdateRouteReq,98675
UpdateRouteReq,32581
Error,45461
FindNodeReq,51312
Error,66284
Error,80703
Error,44913
Error,32924
Error,25466
FindNodeReq,36402
UpdateRouteReq,33404
Error,36777
Error,48863
Error,55221
Error,25028
Error,13019
Error,10616
Error,19759
Error,27073
Error,13867
Error,13507
Error,30797
UpdateRouteReq,18476
UpdateRouteReq,19420
FindNodeReq,22757
Error,33176
Error,32816
Error,23592
Error,14207
FindNodeReq,27020
UpdateRouteReq,14674
UpdateRouteReq,12120
Error,10031
Error,23799
Error,22403
FindNodeReq,26500
Error,23001
FindNodeReq,21184
Error,23785
FindNodeReq,25733
FindNodeReq,21680
UpdateRouteReq,17723
Error,21144
UpdateRouteReq,12304
Error,10076
Error,37733
UpdateRouteReq,21970
UpdateRouteReq,19067
FindNodeReq,26708
FindNodeReq,42796
FindNodeReq,54910
Error,45534
UpdateRouteReq,55151
Error,39151
Error,41003
QueryRouteReq,35948
Error,29171
Error,11262
Error,28030
Error,28571
UpdateRouteReq,23205
UpdateRouteReq,24694
UpdateRouteReq,17214
Error,37986
Error,24665
Error,14153
Error,9723
Error,31509
FindNodeReq,35310
FindNodeReq,47491
Error,22942
Error,25474
Error,30139
Error,14488
Error,9980
Error,25254
UpdateRouteReq,25315
Error,32970
UpdateRouteReq,35850
FindNodeReq,27734
UpdateRouteReq,20345
Error,34826
Error,26198
Error,46113
Error,25160
Error,28042
UpdateRouteReq,23031
FindNodeReq,35390
FindNodeReq,35580
FindNodeReq,46795
Error,62549
Error,62393
Error,35878
Error,16604
UpdateRouteReq,14442
UpdateRouteReq,13457
UpdateRouteReq,12506
FindNodeReq,22464
Error,10086
Error,35220
Error,24751
FindNodeReq,24146
Error,22664
Error,29120
UpdateRouteReq,15197
Error,14149
FindNodeReq,22578
UpdateRouteReq,13855
UpdateRouteReq,35696
UpdateRouteReq,22135
FindNodeReq,40699
Error,15094
Error,30115
FindNodeReq,28928
FindNodeReq,42640
FindNodeReq,22456
FindNodeReq,27876
FindNodeReq,35683
Error,49562
Error,40491
UpdateRouteReq,16170
Error,48659
FindNodeReq,25906
Error,16079
FindNodeReq,29720
FindNodeReq,39632
Error,25152
Error,41715
UpdateRouteReq,25195
Error,39383
UpdateRouteReq,23435
UpdateRouteReq,25031
UpdateRouteReq,21030
FindNodeReq,40475
Error,32469
FindNodeReq,37227
FindNodeReq,47958
FindNodeReq,36774
Error,50514
FindNodeReq,35897
Error,15664
Error,10081
UpdateRouteReq,15349
Error,52959
UpdateRouteReq,55923
UpdateRouteReq,20727
FindNodeReq,33071
FindNodeReq,25689
FindNodeReq,34504
FindNodeReq,45818
Error,39226
Error,35100
Error,31723
Error,22587
Error,33901
Error,43029
Error,34851
UpdateRouteReq,21679
Error,40639
UpdateRouteReq,14835
Error,27697
Error,54394
Error,25208
UpdateRouteReq,26224
UpdateRouteReq,50925
Error,58970
Error,73583
Error,10247
Error,24873
UpdateRouteReq,14139
Error,29927
UpdateRouteReq,31317
UpdateRouteReq,26440
Error,23597
Error,29589
Error,14227
Error,12374
Error,28511
UpdateRouteReq,25853
UpdateRouteReq,22953
Error,30570
Error,30009
Error,34720
Error,16999
UpdateRouteReq,16310
UpdateRouteReq,24404
FindNodeReq,25533
Error,10084
UpdateRouteReq,16439
UpdateRouteReq,14849
Error,29872
Error,26776
UpdateRouteReq,27146
Error,50733
Error,34818
Error,16900
UpdateRouteReq,16422
UpdateRouteReq,14371
UpdateRouteReq,36721
Error,26038
Error,24557
Error,23458
UpdateRouteReq,13524
Error,28880
UpdateRouteReq,18599
Error,31739
UpdateRouteReq,12616
Error,14462
Error,10064
Error,23992
UpdateRouteReq,14234
UpdateRouteReq,33425
Error,33908
UpdateRouteReq,13036
Error,39095
Error,29516
Error,22202
Error,22666
UpdateRouteReq,14443
UpdateRouteReq,13615
Error,30434
UpdateRouteReq,23861
FindNodeReq,41534
Error,29982
UpdateRouteReq,31285
Error,27905
FindNodeReq,37789
Error,22616
Error,14267
FindNodeReq,34763
UpdateRouteReq,35392
Error,10186
UpdateRouteReq,13901
UpdateRouteReq,12418
Error,23833
FindNodeReq,33573
Error,34054
UpdateRouteReq,20524
UpdateRouteReq,13089
Error,33383
UpdateRouteReq,24197
Error,22501
Error,14022
UpdateRouteReq,34459
Error,34505
Error,61977
FindNodeReq,25268
Error,35927
FindNodeReq,53419
Error,32209
Error,37032
Error,22623
FindNodeReq,39501
UpdateRouteReq,23081
Error,40421
FindNodeReq,26106
Error,26566
Error,35158
UpdateRouteReq,15931
Error,30388
UpdateRouteReq,15146
Error,28467
UpdateRouteReq,15317
UpdateRouteReq,25553
FindNodeReq,44343
Error,50288
FindNodeReq,44246
UpdateRouteReq,68564
UpdateRouteReq,27292
UpdateRouteReq,28471
Error,20782
UpdateRouteReq,32219
Error,41807
Error,26988
Error,41459
Error,49413
Error,17148
Error,25297
Error,28725
UpdateRouteReq,28283
Error,38133
UpdateRouteReq,18543
UpdateRouteReq,15825
Error,27467
UpdateRouteReq,29395
Error,24633
Error,28317
Error,16805
UpdateRouteReq,18279
Error,27555
Error,23037
Error,29915
FindNodeReq,33497
FindNodeReq,51309
Error,33219
Error,19951
UpdateRouteReq,16531
UpdateRouteReq,14252
UpdateRouteReq,14718
UpdateRouteReq,13469
UpdateRouteReq,15465
Error,40922
Error,34507
Error,36703
Error,28344
UpdateRouteReq,24017
UpdateRouteReq,15337
Error,34318
UpdateRouteReq,35425
Error,16389
UpdateRouteReq,38297
Error,37020
Error,36237
UpdateRouteReq,26222
UpdateRouteReq,26045
Error,24091
Error,28604
UpdateRouteReq,13759
Error,22672
UpdateRouteReq,12928
Error,14360
UpdateRouteReq,24943
Error,9728
Error,24139
Error,29596
FindNodeReq,34487
Error,53443
UpdateRouteReq,24257
UpdateRouteReq,25844
Error,22640
FindNodeReq,27145
Error,25317
UpdateRouteReq,19702
Error,22839
Error,28319
Error,29091
Error,32129
Error,41767
Error,64126
FindNodeReq,89427
FindNodeReq,105225
Error,35569
Error,44595
UpdateRouteReq,48009
Error,70459
Error,87344
Error,23844
UpdateRouteReq,24972
UpdateRouteReq,21151
UpdateRouteReq,12818
Error,40774
Error,40596
Error,53616
Error,27407
UpdateRouteReq,32686
Error,59025
Error,78783
Error,43333
Error,69353
Error,82046
Error,95055
Error,24168
Error,31246
Error,37404
UpdateRouteReq,17706
UpdateRouteReq,13319
UpdateRouteReq,13392
Error,28453
Error,33273
Error,35509
Error,42252
Error,52177
UpdateRouteReq,41281
Error,56855
UpdateRouteReq,59333
Error,59165
Error,14731
Error,14432
Error,9820
UpdateRouteReq,13586
Error,22274
Error,23942
UpdateRouteReq,24663
UpdateRouteReq,25593
UpdateRouteReq,12507
UpdateRouteReq,19773
Error,23007
Error,33559
Error,34729
UpdateRouteReq,25400
Error,14975
UpdateRouteReq,23413
UpdateRouteReq,34493
Error,22074
UpdateRouteReq,14772
Error,37069
UpdateRouteReq,37930
FindNodeReq,29187
Error,41554
UpdateRouteReq,25376
Error,44463
UpdateRouteReq,17206
FindNodeReq,33302
Error,25136
Error,14488
Error,27930
Error,27287
Error,26595
Error,35225
Error,38743
Error,17363
FindNodeReq,44564
Error,45306
FindNodeReq,35059
UpdateRouteReq,36702
Error,29093
Error,33237
Error,39506
FindNodeReq,30120
Error,37947
Error,20088
Error,15347
UpdateRouteReq,17086
Error,33458
UpdateRouteReq,34661
FindNodeReq,37041
Error,46717
Error,59708
UpdateRouteReq,63231
Error,43201
FindNodeReq,31028
Error,25805
Error,34446
UpdateRouteReq,36638
Error,46033
FindNodeReq,53476
Error,35133
Error,35170
Error,25650
Error,36133
Error,48814
Error,43678
Error,47915
UpdateRouteReq,45964
Error,45093
Error,48760
UpdateRouteReq,51799
Error,52199
UpdateRouteReq,22033
Error,11304
Error,33932
Error,34727
Error,35877
Error,11029
Error,48767
UpdateRouteReq,23194
Error,22621
Error,41322
UpdateRouteReq,14454
UpdateRouteReq,16707
Error,47112
Error,67485
Error,44290
Error,57201
UpdateRouteReq,60562
Error,35416
Error,30663
Error,50779
Error,31527
Error,26621
Error,37222
FindNodeReq,30680
Error,22773
Error,19124
Error,18937
Error,21166
UpdateRouteReq,21996
Error,22864
UpdateRouteReq,27964
UpdateRouteReq,38784
Error,10821
Error,9445
UpdateRouteReq,12912
Error,57617
UpdateRouteReq,60618
UpdateRouteReq,63513
UpdateRouteReq,75545
FindNodeReq,89243
Error,89994
Error,36357
Error,20606
Error,20133
UpdateRouteReq,22746
Error,9835
FindNodeReq,29247
FindNodeReq,28115
Error,28635
UpdateRouteReq,16107
UpdateRouteReq,14581
UpdateRouteReq,16159
UpdateRouteReq,16197
UpdateRouteReq,48712
Error,64466
UpdateRouteReq,20786
FindNodeReq,33737
Error,38627
Error,26286
UpdateRouteReq,16280
UpdateRouteReq,33639
Error,35107
FindNodeReq,44479
Error,48674
Error,40469
FindNodeReq,37166
Error,24492
UpdateRouteReq,24004
Error,28675
Error,22218
Error,19557
UpdateRouteReq,14191
UpdateRouteReq,12158
FindNodeReq,23132
UpdateRouteReq,25340
Error,9968
Error,31440
UpdateRouteReq,19407
UpdateRouteReq,17887
Error,35533
Error,61478
Error,26494
Error,16473
UpdateRouteReq,32968
Error,39772
UpdateRouteReq,42853
Error,32667
Error,28238
Error,29154
Error,34277
Error,17618
UpdateRouteReq,14245
UpdateRouteReq,12408
UpdateRouteReq,27094
Error,9775
Error,24615
UpdateRouteReq,24354
UpdateRouteReq,12889
Error,28414
FindNodeReq,45896
FindNodeReq,66820
Error,58367
FindNodeReq,65651
Error,34289
FindNodeReq,46794
FindNodeReq,25791
Error,30170
UpdateRouteReq,14339
Error,41552
Error,28009
UpdateRouteReq,35667
UpdateRouteReq,38330
UpdateRouteReq,28764
FindNodeReq,26335
Error,40454
FindNodeReq,48418
UpdateRouteReq,48792
Error,33365
Error,34388
Error,16717
Error,17903
Error,29014
UpdateRouteReq,23146
UpdateRouteReq,25910
Error,55271
UpdateRouteReq,37800
Error,53484
Error,17226
Error,17319
UpdateRouteReq,21780
UpdateRouteReq,54846
Error,63946
UpdateRouteReq,14134
UpdateRouteReq,15068
Error,27769
Error,36684
Error,29442
Error,35851
Error,17270
UpdateRouteReq,17017
UpdateRouteReq,13954
UpdateRouteReq,14315
UpdateRouteReq,36593
UpdateRouteReq,49566
Error,57712
Error,28809
UpdateRouteReq,27285
FindNodeReq,50476
FindNodeReq,26530
Error,41735
Error,51279
QueryRouteReq,38239
Error,26624
Error,22675
UpdateRouteReq,17008
UpdateRouteReq,15208
UpdateRouteReq,30076
UpdateRouteReq,15176
UpdateRouteReq,18227
Error,16994
UpdateRouteReq,13425
Error,36545
UpdateRouteReq,37195
FindNodeReq,28843
FindNodeReq,38204
Error,51616
FindNodeReq,38504
Error,28056
UpdateRouteReq,26988
Error,37371
UpdateRouteReq,19990
Error,16410
QueryRouteReq,31809
Error,25718
Error,28347
UpdateRouteReq,20217
FindNodeReq,29067
Error,26436
Error,35147
Error,28866
Error,22511
UpdateRouteReq,15373
UpdateRouteReq,24573
FindNodeReq,59901
FindNodeReq,65496
UpdateRouteReq,68567
FindNodeReq,106858
Error,108409
Error,41636
UpdateRouteReq,27209
Error,56720
Error,39769
Error,36969
Error,23247
Error,15678
Error,32633
UpdateRouteReq,17052
Error,33934
UpdateRouteReq,28431
UpdateRouteReq,29544
Error,45464
UpdateRouteReq,37401
Error,38480
Error,52181
Error,39712
Error,11444
UpdateRouteReq,15920
Error,34835
FindNodeReq,25081
Error,28737
UpdateRouteReq,21111
UpdateRouteReq,25751
UpdateRouteReq,21653
Error,36636
Error,31160
Error,26704
Error,15726
UpdateRouteReq,19137
UpdateRouteReq,13031
Error,23803
FindNodeReq,34801
Error,38023
Error,51096
Error,31713
Error,30396
UpdateRouteReq,40635
Error,41072
Error,27383
UpdateRouteReq,33258
Error,28387
Error,65598
Error,43988
Error,68728
UpdateRouteReq,33713
Error,42661
UpdateRouteReq,46364
Error,33314
UpdateRouteReq,21371
Error,35452
UpdateRouteReq,14996
Error,46589
Error,60663
FindNodeReq,52117
Error,54755
Error,55162
Error,46785
Error,30074
Error,26867
Error,42150
Error,27058
UpdateRouteReq,14104
UpdateRouteReq,13383
UpdateRouteReq,13044
Error,16072
Error,29760
Error,22888
Error,10219
Error,11039
Error,9744
Error,14580
Error,14237
Error,24373
FindNodeRsp,28245
UpdateRouteReq,43257
UpdateRouteReq,45832
FindNodeReq,32433
Error,33209
Error,44133
Error,43665
Error,18121
UpdateRouteReq,15448
FindNodeReq,28063
Error,9923
Error,24093
FindNodeReq,28313
UpdateRouteReq,19488
UpdateRouteReq,21128
Error,25591
Error,25378
Error,31884
Error,19697
FindNodeReq,29422
Error,10295
Error,30115
FindNodeReq,34313
Error,22797
UpdateRouteReq,19489
UpdateRouteReq,14834
Error,30042
UpdateRouteReq,17983
Error,25590
Error,14420
Error,10500
FindNodeReq,28779
FindNodeReq,21003
Error,23166
Error,25660
Error,33780
Error,30672
UpdateRouteReq,13704
Error,14017
Error,9881
FindNodeReq,37136
FindNodeReq,22759
Error,32245
FindNodeReq,22892
FindNodeReq,24923
Error,28677
Error,22748
Error,58389
Error,22339
Error,30999
Error,59663
Error,32198
Error,25292
UpdateRouteReq,22173
UpdateRouteReq,13288
Error,23087
UpdateRouteReq,17831
UpdateRouteReq,12278
Error,52748
Error,63870
Error,76515
Error,103047
FindNodeReq,116996
FindNodeReq,33907
UpdateRouteReq,35396
Error,23764
Error,26324
Error,43017
Error,39570
FindNodeReq,33941
Error,33861
FindNodeReq,62463
Error,17955
Error,16513
Error,11573
Error,11095
Error,11163
Error,10930
Error,37883
FindNodeReq,32287
UpdateRouteReq,35302
UpdateRouteReq,37274
UpdateRouteReq,40343
FindNodeReq,66691
UpdateRouteReq,61819
Error,73442
UpdateRouteReq,27545
Error,49085
Error,27196
Error,21907
Error,16010
UpdateRouteReq,35577
UpdateRouteReq,30374
UpdateRouteReq,14321
Error,29033
Error,46747
Error,38639
FindNodeReq,45170
Error,48460
Error,24139
FindNodeReq,42373
FindNodeReq,45841
Error,58535
UpdateRouteReq,61025
UpdateRouteReq,27002
Error,43548
Error,23745
Error,14546
UpdateRouteReq,27107
Error,10808
Error,10162
Error,21465
Error,33480
UpdateRouteReq,34931
Error,34047
UpdateRouteReq,37224
Error,44993
Error,24463
UpdateRouteReq,14278
UpdateRouteReq,26181
Error,23084
FindNodeReq,29449
FindNodeReq,40425
Error,32902
FindNodeReq,49986
UpdateRouteReq,24378
Error,48592
Error,17239
Error,11423
Error,27968
Error,36318
Error,36016
UpdateRouteReq,15993
UpdateRouteReq,15507
UpdateRouteReq,20338
Error,35929
UpdateRouteReq,31001
Error,30455
FindNodeReq,43587
Error,44176
FindNodeReq,24389
FindNodeReq,22787
FindNodeReq,24397
Error,24710
Error,37047
Error,40347
Error,34521
Error,17656
FindNodeReq,36737
FindNodeReq,46867
Error,47138
UpdateRouteReq,14626
Error,28740
UpdateRouteReq,38326
UpdateRouteReq,13609
Error,35566
UpdateRouteReq,36939
UpdateRouteReq,20675
Error,48353
Error,30649
Error,22875
Error,25317
Error,25065
FindNodeReq,23309
FindNodeReq,21202
UpdateRouteReq,14455
UpdateRouteReq,12631
Error,41469
Error,72555
Error,77718
Error,92305
Error,60177
UpdateRouteReq,56639
Error,81095
Error,101222
FindNodeReq,52362
Error,36941
FindNodeReq,26172
Error,35642
Error,37423
Error,49553
Error,63061
Error,55422
UpdateRouteReq,57093
Error,70191
UpdateRouteReq,73212
UpdateRouteReq,85232
Error,22250
Error,27471
Error,62881
Error,80853
Error,93399
Error,106470
Error,62202
Error,75070
Error,88067
UpdateRouteReq,91043
FindNodeReq,44564
Error,58071
Error,31133
Error,27237
FindNodeReq,41984
Error,22228
Error,43001
Error,49105
Error,20264
Error,19651
Error,40686
Error,41734
Error,59815
Error,60506
Error,62513
FindNodeReq,24845
Error,19107
UpdateRouteReq,20522
Error,11257
UpdateRouteReq,15815
UpdateRouteReq,14946
Error,17681
Error,14515
Error,11711
Error,11088
FindNodeReq,35915
Error,16499
Error,16160
UpdateRouteReq,20575
Error,45829
FindNodeReq,95884
UpdateRouteReq,119684
UpdateRouteReq,122727
UpdateRouteReq,124968
UpdateRouteReq,143360
Error,61767
Error,87176
Error,27879
UpdateRouteReq,28596
Error,38574
Error,42260
FindNodeReq,53430
Error,68047
Error,36693
FindNodeReq,46921
FindNodeReq,59887
FindNodeReq,85545
Error,18573
Error,17545
UpdateRouteReq,16675
Error,17011
Error,25017
Error,11700
Error,11272
UpdateRouteReq,15874
UpdateRouteReq,28564
Error,17690
FindNodeReq,29771
Error,29257
QueryRouteReq,32654
UpdateRouteReq,25118
UpdateRouteReq,13784
FindNodeReq,22555
UpdateRouteReq,24018
UpdateRouteReq,25294
Error,39620
UpdateRouteReq,30199
Error,33094
Error,24574
FindNodeReq,30343
Error,40878
FindNodeReq,40290
Error,21876
Error,47349
Error,26575
Error,29456
Error,25722
Error,19718
FindNodeReq,26477
UpdateRouteReq,14578
UpdateRouteReq,14070
UpdateRouteReq,12140
FindNodeReq,20213
FindNodeReq,70968
Error,25339
Error,29293
UpdateRouteReq,17829
Error,44683
Error,35411
Error,27241
Error,45417
Error,11215
Error,34383
Error,30307
Error,25800
Error,22080
Error,21689
UpdateRouteReq,25533
UpdateRouteReq,27428
UpdateRouteReq,29420
UpdateRouteReq,12769
FindNodeReq,35850
FindNodeReq,47223
Error,9915
Error,24742
FindNodeReq,22201
FindNodeReq,21374
FindNodeReq,22962
FindNodeReq,21894
Error,29357
UpdateRouteReq,30608
Error,23356
Error,24658
Error,28767
UpdateRouteReq,19050
UpdateRouteReq,37192
Error,37348
Error,34862
UpdateRouteReq,37159
FindNodeReq,33485
FindNodeReq,29583
Error,26801
Error,43342
Error,28934
Error,16342
UpdateRouteReq,22910
Error,21432
UpdateRouteReq,15034
FindNodeReq,22175
Error,23573
FindNodeReq,21409
Error,23666
Error,27414
Error,23581
Error,14841
FindNodeReq,28855
FindNodeReq,37730
FindNodeReq,25185
FindNodeReq,37857
FindNodeReq,23586
Error,46375
QueryRouteReq,36031
Error,33274
Error,38241
Error,28950
Error,27864
FindNodeReq,30731
UpdateRouteReq,21876
FindNodeReq,33258
Error,16133
FindNodeReq,34445
Error,10442
Error,29668
FindNodeReq,22926
FindNodeReq,20971
Error,23906
UpdateRouteReq,13745
UpdateRouteReq,13518
FindNodeReq,29089
Error,42220
Error,22571
Error,14207
Error,10009
Error,28290
Error,24480
FindNodeReq,30574
FindNodeReq,35374
UpdateRouteReq,22982
FindNodeReq,33051
Error,46431
Error,31089
Error,19802
Error,52889
Error,38988
FindNodeReq,37886
FindNodeReq,47157
FindNodeReq,57253
Error,29472
Error,22078
Error,30332
Error,42677
Error,60739
UpdateRouteReq,14839
UpdateRouteReq,13512
UpdateRouteReq,13374
Error,34208
Error,44602
Error,43907
FindNodeReq,61297
Error,74518
Error,41207
Error,52095
Error,63104
FindNodeReq,73307
FindNodeReq,93741
FindNodeReq,103434
UpdateRouteReq,43910
Error,60869
Error,81348
Error,93665
Error,32333
Error,43927
Error,12077
Error,12170
Error,11096
Error,11106
Error,12286
Error,10991
Error,20670
Error,28428
Error,26250
Error,14638
Error,26819
UpdateRouteReq,56578
UpdateRouteReq,55990
UpdateRouteReq,70458
UpdateRouteReq,43009
Error,74645
Error,38849
FindNodeReq,48952
FindNodeReq,38730
FindNodeReq,54461
Error,43007
Error,17615
Error,13627
Error,36512
Error,27598
Error,34881
Error,33136
UpdateRouteReq,23529
Error,27133
FindNodeReq,29319
FindNodeReq,22707
FindNodeReq,22499
FindNodeReq,27317
FindNodeReq,22636
FindNodeReq,26813
FindNodeReq,25181
UpdateRouteReq,15774
Error,24868
Error,27434
UpdateRouteReq,22977
UpdateRouteReq,33096
Error,56725
FindNodeReq,75915
FindNodeReq,86797
FindNodeReq,98578
FindNodeReq,111004
Error,131923
Error,32039
Error,38431
Error,34305
UpdateRouteReq,36286
UpdateRouteReq,38721
UpdateRouteReq,29304
FindNodeReq,37480
FindNodeReq,27292
Error,47535
FindNodeReq,42801
FindNodeReq,53873
Error,58011
Error,26349
Error,25804
Error,32129
FindNodeReq,30162
FindNodeReq,24148
FindNodeReq,39766
FindNodeReq,26269
UpdateRouteReq,19122
Error,59911
Error,45814
UpdateRouteReq,33310
Error,51687
UpdateRouteReq,55810
UpdateRouteReq,34291
Error,37728
Error,47814
Error,35064
Error,28064
Error,38082
UpdateRouteReq,26061
UpdateRouteReq,27575
UpdateRouteReq,37849
Error,67947
UpdateRouteReq,70027
Error,27197
Error,25357
Error,28534
UpdateRouteReq,31385
Error,34903
FindNodeReq,28343
FindNodeReq,25233
UpdateRouteReq,21330
Error,34611
UpdateRouteReq,20687
Error,28281
Error,32358
Error,24800
Error,38375
UpdateRouteReq,53946
Error,66321
UpdateRouteReq,68372
FindNodeReq,67570
Error,94436
Error,84751
Error,81186
UpdateRouteReq,90135
Error,57822
Error,71006
Error,57396
Error,70537
Error,51802
Error,76469
Error,90095
FindNodeReq,100505
Error,32866
UpdateRouteReq,15942
UpdateRouteReq,15488
Error,31950
Error,44644
Error,62497
Error,62194
Error,75005
Error,88696
Error,107750
Error,31765
Error,35035
Error,49249
Error,62277
Error,69193
UpdateRouteReq,60747
UpdateRouteReq,70033
Error,59460
Error,69214
Error,70365
Error,71513
Error,72686
Error,76783
Error,18445
Error,18182
Error,13078
Error,26730
Error,17883
FindNodeReq,24743
Error,26897
UpdateRouteReq,30287
Error,30193
Error,36862
Error,26275
Error,17328
Error,12089
UpdateRouteReq,17536
UpdateRouteReq,16335
Error,27829
UpdateRouteReq,44258
UpdateRouteReq,48851
FindNodeReq,39028
Error,51425
Error,45704
Error,31577
Error,32983
Error,27735
UpdateRouteReq,15835
FindNodeReq,25388
Error,25293
Error,34320
Error,27952
Error,26015
Error,32168
FindNodeReq,37336
FindNodeReq,30255
QueryRouteReq,41667
Error,28853
Error,31086
FindNodeReq,44475
FindNodeReq,49028
UpdateRouteReq,27263
Error,42616
UpdateRouteReq,43728
UpdateRouteReq,38824
UpdateRouteReq,18483
Error,40872
Error,73021
Error,36189
FindNodeReq,51732
Error,43749
FindNodeReq,56219
UpdateRouteReq,18327
UpdateRouteReq,17169
Error,32167
Error,39152
Error,32634
Error,30795
Error,19206
FindNodeReq,30010
FindNodeReq,26524
Error,27912
Error,35832
UpdateRouteReq,20181
UpdateRouteReq,46256
Error,45627
FindNodeReq,56667
FindNodeReq,62328
FindNodeReq,72144
FindNodeReq,82468
Error,40696
Error,37609
Error,28922
Error,29332
UpdateRouteReq,17959
FindNodeReq,36838
Error,30870
FindNodeReq,35601
FindNodeReq,46133
Error,29223
Error,39301
Error,36018
Error,27788
Error,27744
UpdateRouteReq,18236
FindNodeReq,42706
Error,57413
UpdateRouteReq,63683
FindNodeReq,76271
FindNodeReq,88691
UpdateRouteReq,91034
UpdateRouteReq,103139
Error,32714
Error,42452
Error,31626
Error,19589
Error,28317
Error,51542
UpdateRouteReq,57343
UpdateRouteReq,26579
FindNodeReq,39302
FindNodeReq,50489
FindNodeReq,35321
Error,50314
Error,75817
Error,30378
Error,19940
Error,13659
FindNodeReq,39493
UpdateRouteReq,19923
UpdateRouteReq,18536
Error,47672
FindNodeReq,65541
Error,83437
UpdateRouteReq,18225
Error,46670
FindNodeReq,35071
Error,49005
Error,20521
FindNodeReq,58504
Error,58736
FindNodeReq,70696
FindNodeReq,32722
Error,37453
Error,41683
Error,29922
UpdateRouteReq,25032
Error,40285
UpdateRouteReq,17229
FindNodeReq,34260
FindNodeReq,34803
Error,39639
Error,28005
Error,36120
UpdateRouteReq,20316
UpdateRouteReq,35716
FindNodeReq,53144
FindNodeReq,64173
Error,88184
Error,40435
Error,46860
Error,19442
UpdateRouteReq,40494
FindNodeReq,47188
Error,46694
FindNodeReq,26939
Error,33623
Error,32776
Error,33644
Error,45653
Error,20155
UpdateRouteReq,18626
UpdateRouteReq,17773
UpdateRouteReq,26405
FindNodeReq,38951
FindNodeReq,26860
FindNodeReq,29974
Error,27544
Error,31488
UpdateRouteReq,29611
FindNodeReq,42871
FindNodeReq,61971
UpdateRouteReq,63202
Error,79942
Error,49665
Error,48977
Error,34021
Error,14223
UpdateRouteReq,18533
Error,31863
FindNodeReq,36701
FindNodeReq,47866
Error,29344
Error,40702
Error,37915
Error,19720
UpdateRouteReq,36726
UpdateRouteReq,17590
UpdateRouteReq,38253
UpdateRouteReq,34992
UpdateRouteReq,52656
FindNodeReq,39063
FindNodeReq,49058
UpdateRouteReq,25196
UpdateRouteReq,27681
Error,27656
Error,31668
Error,43621
Error,38535
Error,30825
Error,41018
UpdateRouteReq,40788
UpdateRouteReq,50664
UpdateRouteReq,24871
UpdateRouteReq,34135
Error,20955
Error,40643
UpdateRouteReq,17600
Error,43909
Error,30603
Error,39178
Error,19030
Error,28543
Error,31747
Error,46858
Error,38434
Error,41011
Error,35893
UpdateRouteReq,27807
Error,29610
UpdateRouteReq,48742
UpdateRouteReq,48759
UpdateRouteReq,60644
Error,44288
Error,83904
Error,53888
FindNodeReq,60175
FindNodeReq,65240
Error,80551
FindNodeReq,96465
Error,41622
Error,48872
Error,48116
UpdateRouteReq,40770
Error,35904
Error,30093
Error,42372
Error,32589
Error,36281
Error,36322
Error,16115
Error,20952
Error,20595
Error,21933
FindNodeReq,44635
UpdateRouteReq,33293
UpdateRouteReq,35678
Error,36799
Error,35213
FindNodeReq,28272
Error,73652
UpdateRouteReq,42230
UpdateRouteReq,41886
Error,66338
Error,36740
Error,37573
Error,28565
UpdateRouteReq,17956
Error,31747
FindNodeReq,32528
FindNodeReq,29679
UpdateRouteReq,40617
UpdateRouteReq,42421
UpdateRouteReq,45682
Error,65504
Error,38070
Error,31284
Error,40694
Error,27579
FindNodeReq,34172
FindNodeReq,25737
UpdateRouteReq,18928
Error,41090
UpdateRouteReq,42096
UpdateRouteReq,17275
Error,40606
Error,58234
Error,47637
FindNodeReq,27682
FindNodeReq,34896
Error,39844
Error,25865
UpdateRouteReq,16472
UpdateRouteReq,14510
FindNodeReq,25153
Error,27177
FindNodeReq,33650
Error,26825
Error,34853
UpdateRouteReq,27678
Error,40634
Error,22717
Error,25026
FindNodeReq,32322
Error,28062
FindNodeReq,30764
FindNodeReq,45060
FindNodeReq,23762
Error,26544
Error,36203
Error,43376
Error,17624
UpdateRouteReq,17548
UpdateRouteReq,14694
UpdateRouteReq,14141
UpdateRouteReq,13911
FindNodeReq,30868
FindNodeReq,31803
FindNodeReq,38688
Error,44499
Error,39879
Error,30088
Error,39554
UpdateRouteReq,16005
FindNodeReq,31143
Error,31761
FindNodeReq,24925
Error,30194
Error,25741
Error,26918
Error,34655
Error,26338
FindNodeReq,29299
Error,42517
FindNodeReq,31205
FindNodeReq,25681
Error,16392
UpdateRouteReq,21463
UpdateRouteReq,21890
FindNodeReq,28773
FindNodeReq,31605
FindNodeReq,44028
Error,24869
FindNodeReq,32955
FindNodeReq,24653
Error,32278
FindNodeReq,43151
UpdateRouteReq,17112
UpdateRouteReq,30764
Error,29309
Error,46077
Error,59653
Error,33419
Error,17772
Error,28114
UpdateRouteReq,16640
FindNodeReq,42054
FindNodeReq,52765
Error,36014
FindNodeReq,46959
Error,26886
Error,28902
Error,23363
Error,29073
Error,26817
FindNodeReq,32049
FindNodeReq,25553
UpdateRouteReq,14674
UpdateRouteReq,14470
FindNodeReq,25095
Error,27866
Error,31440
Error,27949
Error,27382
Error,23906
Error,17900
UpdateRouteReq,17998
Error,35027
UpdateRouteReq,36017
FindNodeReq,42996
FindNodeReq,35715
Error,57173
Error,27240
Error,36693
Error,24346
Error,28649
UpdateRouteReq,22226
Error,45424
FindNodeReq,36924
Error,27715
UpdateRouteReq,27103
Error,41230
UpdateRouteReq,44940
UpdateRouteReq,32938
UpdateRouteReq,40211
Error,47241
Error,70601
QueryRouteReq,56547
Error,49799
Error,18023
Error,16690
Error,37176
UpdateRouteReq,16770
UpdateRouteReq,20781
FindNodeReq,37615
Error,26699
Error,37110
Error,35558
Error,16245
UpdateRouteReq,16322
UpdateRouteReq,13581
Error,25718
UpdateRouteReq,16903
FindNodeReq,25918
Error,28094
Error,28367
Error,35213
UpdateRouteReq,22899
UpdateRouteReq,33229
Error,48876
UpdateRouteReq,21453
Error,17864
UpdateRouteReq,21475
UpdateRouteReq,19806
FindNodeReq,24365
UpdateRouteReq,29571
Error,37039
Error,36416
FindNodeReq,25226
UpdateRouteReq,20884
Error,35831
UpdateRouteReq,22513
Error,28997
UpdateRouteReq,39126
UpdateRouteReq,19628
Error,34396
UpdateRouteReq,28107
UpdateRouteReq,19894
Error,24378
FindNodeReq,44173
Error,47432
Error,23997
Error,29071
UpdateRouteReq,25025
Error,43322
Error,27179
FindNodeReq,26522
Error,14784
Error,22808
Error,24786
FindNodeReq,33337
Error,28377
FindNodeReq,38768
FindNodeReq,26979
Error,28846
FindNodeReq,28419
FindNodeReq,40320
Error,22788
Error,32169
Error,46908
Error,33466
Error,30883
Error,26213
UpdateRouteReq,16664
Error,28575
Error,16418
Error,25514
Error,34804
UpdateRouteReq,22142
UpdateRouteReq,14967
UpdateRouteReq,18580
Error,43308
UpdateRouteReq,53877
Error,44736
Error,30798
Error,18788
Error,10283
UpdateRouteReq,13563
UpdateRouteReq,12305
Error,30590
Error,27825
Error,25358
Error,22223
Error,20501
Error,15417
UpdateRouteReq,19825
Error,31881
UpdateRouteReq,23411
Error,50506
Error,30583
Error,31495
Error,42645
Error,54819
UpdateRouteReq,17877
Error,27680
Error,33753
Error,22805
Error,22436
Error,23377
Error,32023
Error,41744
Error,52629
Error,25049
Error,26522
Error,42665
Error,32957
UpdateRouteReq,17414
UpdateRouteReq,12461
Error,14161
Error,10023
Error,36195
UpdateRouteReq,17825
UpdateRouteReq,31239
Error,55608
Error,40831
Error,42406
Error,22930
Error,15088
Error,41375
Error,26985
Error,42724
UpdateRouteReq,23033
UpdateRouteReq,14810
UpdateRouteReq,15483
UpdateRouteReq,15664
Error,28069
Error,52381
Error,66613
FindNodeReq,57242
FindNodeReq,70491
FindNodeReq,85355
Error,65542
Error,80086
Error,100063
FindNodeReq,111976
Error,126098
FindNodeReq,140645
UpdateRouteReq,37821
Error,42821
Error,11586
Error,18247
QueryRouteReq,19946
Error,11341
Error,9884
Error,9640
Error,9778
Error,9769
Error,10190
Error,23650
Error,29193
Error,30174
FindNodeReq,32204
Error,39289
UpdateRouteReq,22116
UpdateRouteReq,16041
Error,15936
UpdateRouteReq,20714
UpdateRouteReq,13765
Error,32364
Error,35022
Error,28667
Error,36560
Error,43013
Error,22708
FindNodeReq,26347
FindNodeReq,26677
FindNodeReq,24513
UpdateRouteReq,25844
FindNodeReq,44311
FindNodeReq,55509
Error,55927
Error,24893
Error,42983
Error,25962
FindNodeReq,23343
FindNodeReq,34763
Error,26336
Error,16952
UpdateRouteReq,20199
UpdateRouteReq,21678
FindNodeReq,25643
UpdateRouteReq,14342
Error,25490
Error,37312
FindNodeReq,22726
FindNodeReq,25156
Error,37126
UpdateRouteReq,14274
Error,30420
FindNodeReq,32631
UpdateRouteReq,32783
FindNodeReq,36884
Error,48029
Error,27632
FindNodeReq,21033
UpdateRouteReq,35994
Error,36310
Error,29122
Error,37320
Error,26934
Error,28649
Error,18321
Error,11753
Error,29322
UpdateRouteReq,39574
UpdateRouteReq,47221
Error,31981
Error,41472
Error,26344
Error,34158
Error,10715
Error,30962
Error,26338
Error,22884
Error,37287
Error,14486
Error,9769
UpdateRouteReq,14137
Error,24424
UpdateRouteReq,16813
Error,35939
Error,23739
Error,23860
Error,20155
FindNodeReq,40693
Error,50599
Error,33698
Error,31103
Error,51408
UpdateRouteReq,16753
Error,37545
FindNodeReq,48144
FindNodeReq,63014
Error,49960
Error,71928
Error,31851
Error,25790
Error,36089
Error,49520
Error,61345
Error,24332
Error,36650
Error,47737
Error,60008
Error,14485
Error,12357
Error,10288
FindNodeReq,22323
Error,10440
Error,27231
Error,21577
Error,10238
Error,9525
Error,9671
Error,9577
UpdateRouteReq,14232
UpdateRouteReq,13174
UpdateRouteReq,17828
UpdateRouteReq,17822
Error,32237
Error,28933
Error,33632
UpdateRouteReq,15513
Error,26017
FindNodeReq,33451
FindNodeReq,45065
Error,23969
Error,72337
Error,55579
FindNodeReq,43446
Error,32088
Error,52035
Error,32365
UpdateRouteReq,15161
Error,27375
Error,21568
Error,21519
Error,44758
Error,45155
Error,21425
Error,25897
Error,23793
UpdateRouteReq,13827
Error,23252
UpdateRouteReq,13830
UpdateRouteReq,12761
Error,30426
UpdateRouteReq,13846
UpdateRouteReq,12865
Error,14273
FindNodeReq,39654
FindNodeReq,35397
Error,9821
Error,24372
Error,34688
Error,26748
Error,22911
Error,13834
UpdateRouteReq,15287
FindNodeReq,34107
FindNodeReq,27012
FindNodeReq,26353
FindNodeReq,22921
Error,47788
FindNodeReq,60413
Error,59431
QueryRouteReq,23005
Error,42777
Error,34019
Error,32987
Error,14065
UpdateRouteReq,17177
FindNodeReq,28491
FindNodeReq,26424
Error,26049
UpdateRouteReq,15033
Error,28535
UpdateRouteReq,13854
UpdateRouteReq,28058
UpdateRouteReq,24458
Error,59635
Error,27231
Error,27264
UpdateRouteReq,19796
Error,24524
Error,25937
Error,35066
UpdateRouteReq,16244
UpdateRouteReq,20735
Error,36481
UpdateRouteReq,37608
Error,27351
FindNodeReq,42259
FindNodeReq,41767
Error,55805
FindNodeReq,74096
FindNodeReq,27451
Error,18209
FindNodeReq,49251
Error,49263
FindNodeReq,61150
FindNodeReq,25044
Error,28400
Error,35081
Error,29474
Error,25872
Error,16639
UpdateRouteReq,21401
FindNodeReq,24699
FindNodeReq,23925
FindNodeReq,43447
Error,57985
Error,36934
FindNodeReq,31318
FindNodeReq,25142
FindNodeReq,34396
Error,22914
Error,32580
Error,26152
Error,18826
FindNodeReq,21345
Error,35081
Error,26866
Error,26047
Error,28668
Error,32908
Error,33878
UpdateRouteReq,15606
UpdateRouteReq,15923
UpdateRouteReq,14384
UpdateRouteReq,29786
Error,26044
FindNodeReq,30097
Error,33207
FindNodeReq,46633
FindNodeReq,41391
Error,28399
UpdateRouteReq,15282
Error,36371
Error,29289
Error,28691
FindNodeReq,33548
FindNodeReq,27300
FindNodeReq,27092
UpdateRouteReq,15727
UpdateRouteReq,15445
FindNodeReq,25039
UpdateRouteReq,15729
UpdateRouteReq,19100
UpdateRouteReq,14483
Error,12491
Error,27609
Error,26105
FindNodeReq,27716
Error,38272
Error,42758
Error,16759
FindNodeReq,24458
UpdateRouteReq,27478
Error,35357
FindNodeReq,26139
Error,29026
UpdateRouteReq,15461
Error,27653
UpdateRouteReq,15493
UpdateRouteReq,14838
Error,28023
UpdateRouteReq,14421
Error,26555
FindNodeReq,24580
Error,22726
UpdateRouteReq,63681
Error,72529
UpdateRouteReq,54095
UpdateRouteReq,73259
Error,41101
FindNodeReq,49988
Error,30535
Error,37011
Error,23675
Error,23260
Error,32466
Error,43703
Error,56859
Error,30011
UpdateRouteReq,30448
UpdateRouteReq,13991
Error,28006
UpdateRouteReq,25813
Error,52325
Error,27384
Error,56797
Error,76394
Error,94033
FindNodeReq,36098
Error,47583
Error,65037
UpdateRouteReq,67357
Error,24552
Error,82440
Error,17282
Error,56687
Error,69081
Error,69886
Error,70652
Error,72001
Error,25254
Error,16898
Error,16306
Error,12096
Error,11095
FindNodeReq,30522
FindNodeReq,26328
Error,25394
UpdateRouteReq,25360
UpdateRouteReq,12442
Error,29677
FindNodeReq,45027
Error,33307
Error,26328
Error,14055
Error,10219
Error,27600
UpdateRouteReq,21136
UpdateRouteReq,15454
Error,27976
UpdateRouteReq,15314
UpdateRouteReq,25050
Error,57862
FindNodeReq,30562
FindNodeReq,41265
Error,39539
Error,16329
UpdateRouteReq,16213
FindNodeReq,28240
Error,24514
Error,24482
FindNodeReq,21874
Error,48002
FindNodeReq,28426
Error,22704
Error,32955
Error,14457
FindNodeReq,21567
Error,25310
FindNodeReq,25129
Error,26451
FindNodeReq,31549
QueryRouteReq,29666
Error,27194
Error,30837
Error,26392
Error,16156
UpdateRouteReq,16413
UpdateRouteReq,20545
FindNodeReq,32999
UpdateRouteReq,19823
FindNodeReq,31542
Error,39325
Error,25027
Error,22984
Error,32089
Error,23645
FindNodeReq,25853
UpdateRouteReq,14396
Error,19285
FindNodeReq,29538
Error,9961
Error,30544
FindNodeReq,26763
FindNodeReq,20997
Error,22595
Error,25881
Error,23801
UpdateRouteReq,13913
Error,14154
UpdateRouteReq,12549
FindNodeReq,22328
Error,9814
Error,30821
Error,24113
UpdateRouteReq,13792
Error,34961
UpdateRouteReq,35281
Error,29086
Error,16405
Error,28716
Error,27197
Error,27975
Error,35867
UpdateRouteReq,16296
Error,32056
Error,17242
Error,21680
Error,25204
Error,31556
Error,22212
Error,29641
Error,14532
UpdateRouteReq,18876
UpdateRouteReq,13342
UpdateRouteReq,13012
UpdateRouteReq,11672
Error,9789
Error,24652
Error,38829
UpdateRouteReq,13404
Error,25962
Error,23462
UpdateRouteReq,25306
Error,20860
UpdateRouteReq,20851
FindNodeReq,43336
Error,26465
Error,28231
UpdateRouteReq,23112
UpdateRouteReq,14184
Error,39870
UpdateRouteReq,23487
Error,26198
Error,36119
Error,16255
Error,17875
UpdateRouteReq,16258
Error,30048
UpdateRouteReq,16551
UpdateRouteReq,20935
UpdateRouteReq,19687
Error,43333
Error,42762
UpdateRouteReq,13891
Error,36370
UpdateRouteReq,23798
Error,22512
UpdateRouteReq,25043
Error,21041
UpdateRouteReq,13864
Error,24710
UpdateRouteReq,25346
Error,24949
Error,31160
UpdateRouteReq,25357
Error,47041
UpdateRouteReq,12174
Error,15117
UpdateRouteReq,30658
FindNodeReq,37929
Error,38223
Error,23267
UpdateRouteReq,26385
Error,22676
UpdateRouteReq,13603
Error,36608
FindNodeReq,32706
Error,28923
UpdateRouteReq,29921
Error,14128
Error,41034
Error,28773
Error,30911
Error,35209
UpdateRouteReq,34392
UpdateRouteReq,44044
Error,59033
UpdateRouteReq,14209
Error,17708
FindNodeReq,59516
FindNodeReq,56081
FindNodeReq,70801
Error,71577
FindNodeReq,30027
Error,28059
FindNodeReq,42859
FindNodeReq,58122
Error,27331
Error,29210
Error,27015
FindNodeReq,30995
UpdateRouteReq,15576
UpdateRouteReq,20616
Error,25240
UpdateRouteReq,35501
Error,17134
Error,39781
Error,28151
UpdateRouteReq,15657
Error,44343
Error,27549
Error,17914
FindNodeReq,26210
FindNodeReq,53235
FindNodeReq,44816
FindNodeReq,25021
FindNodeReq,22414
Error,26330
FindNodeReq,33909
Error,28888
FindNodeReq,24345
Error,28912
Error,33913
UpdateRouteReq,16249
Error,27381
UpdateRouteReq,15309
UpdateRouteReq,15972
Error,32982
UpdateRouteReq,26172
Error,11994
UpdateRouteReq,16082
Error,28052
Error,48015
Error,33951
Error,41366
Error,17011
Error,24977
Error,27920
FindNodeReq,33625
FindNodeReq,47487
FindNodeReq,43497
FindNodeReq,56674
FindNodeReq,70833
Error,86673
Error,37432
Error,28026
QueryRouteReq,27046
Error,16026
UpdateRouteReq,16381
UpdateRouteReq,15209
UpdateRouteReq,14836
UpdateRouteReq,13542
UpdateRouteReq,38144
Error,24865
Error,26876
Error,34918
Error,26236
Error,41287
Error,17072
UpdateRouteReq,27200
UpdateRouteReq,38385
Error,14526
FindNodeReq,31752
Error,23249
UpdateRouteReq,25243
UpdateRouteReq,13298
Error,29394
UpdateRouteReq,29848
FindNodeReq,35354
Error,47259
UpdateRouteReq,23153
Error,23965
FindNodeReq,49010
Error,24645
UpdateRouteReq,24945
UpdateRouteReq,28663
FindNodeReq,50958
Error,54533
UpdateRouteReq,16154
Error,28129
UpdateRouteReq,19502
Error,29573
Error,26848
Error,31507
Error,33052
UpdateRouteReq,15441
UpdateRouteReq,14880
UpdateRouteReq,13800
Error,11431
Error,39861
FindNodeReq,34249
FindNodeReq,40347
FindNodeReq,53684
UpdateRouteReq,57006
Error,26672
Error,29733
Error,34902
Error,16952
FindNodeReq,51541
Error,283071
FindNodeReq,30469
Error,44880
UpdateRouteReq,16433
FindNodeReq,32860
Error,40328
UpdateRouteReq,51522
Error,29461
Error,30706
Error,30199
Error,26977
Error,27724
UpdateRouteReq,16767
Error,30082
Error,29986
Error,29683
Error,17165
FindNodeReq,46035
FindNodeReq,45347
Error,58806
FindNodeReq,24449
Error,28807
UpdateRouteReq,24553
Error,43278
UpdateRouteReq,13103
Error,40094
FindNodeReq,25214
Error,32785
Error,25531
FindNodeReq,24554
FindNodeReq,27429
UpdateRouteReq,16275
UpdateRouteReq,35628
UpdateRouteReq,27900
Error,38158
Error,34530
UpdateRouteReq,35115
Error,26702
Error,28523
Error,34664
Error,15888
UpdateRouteReq,34363
Error,38321
Error,28991
Error,35928
Error,37795
Error,45750
FindNodeReq,25647
Error,19344
FindNodeReq,31424
UpdateRouteReq,16752
UpdateRouteReq,14985
UpdateRouteReq,15848
UpdateRouteReq,13991
Error,25313
FindNodeReq,27115
FindNodeReq,25739
Error,26360
UpdateRouteReq,16303
Error,28003
FindNodeReq,32239
Error,32582
FindNodeReq,43297
Error,27147
Error,29745
Error,28156
Error,34269
Error,43020
Error,32963
Error,33090
Error,23062
Error,29155
Error,26249
Error,26031
UpdateRouteReq,27020
UpdateRouteReq,40932
Error,41371
FindNodeReq,65610
Error,9937
Error,22615
UpdateRouteReq,14872
Error,25704
UpdateRouteReq,12467
Error,26221
Error,32319
Error,48343
Error,16629
UpdateRouteReq,16335
UpdateRouteReq,13473
Error,25989
FindNodeReq,27301
Error,27648
UpdateRouteReq,16140
Error,28562
UpdateRouteReq,15549
Error,26238
UpdateRouteReq,20443
FindNodeReq,38394
Error,41172
Error,29617
FindNodeReq,22343
UpdateRouteReq,14167
FindNodeReq,21665
FindNodeReq,23078
Error,11306
Error,28151
Error,36737
Error,29996
Error,32752
Error,16283
Error,11442
Error,35676
FindNodeReq,24591
Error,27863
UpdateRouteReq,21522
Error,28153
UpdateRouteReq,14038
Error,32138
FindNodeReq,27110
Error,19864
FindNodeReq,40301
Error,41031
FindNodeReq,46667
FindNodeReq,64162
FindNodeReq,79199
FindNodeReq,93282
Error,25801
QueryRouteReq,26218
Error,33805
Error,32785
FindNodeReq,23897
Error,27272
Error,21218
UpdateRouteReq,20820
Error,20209
Error,11621
Error,35563
Error,30581
Error,35532
Error,43722
Error,15939
Error,24971
Error,29209
UpdateRouteReq,28970
Error,38291
UpdateRouteReq,22411
UpdateRouteReq,15147
Error,35415
Error,41810
Error,17938
Error,19928
FindNodeReq,30220
Error,25300
FindNodeReq,26041
FindNodeReq,38171
FindNodeReq,27137
FindNodeReq,38735
Error,22835
Error,33486
UpdateRouteReq,16674
Error,30296
FindNodeReq,30197
Error,15808
FindNodeReq,27322
FindNodeReq,26567
UpdateRouteReq,16669
UpdateRouteReq,36497
Error,45348
UpdateRouteReq,47996
Error,34459
FindNodeReq,40971
Error,61976
FindNodeReq,39173
FindNodeReq,45174
Error,39621
Error,26200
Error,17158
FindNodeReq,31667
FindNodeReq,23728
UpdateRouteReq,15171
FindNodeReq,24384
FindNodeReq,21738
UpdateRouteReq,15697
UpdateRouteReq,15061
UpdateRouteReq,14845
UpdateRouteReq,18944
UpdateRouteReq,13686
UpdateRouteReq,22532
Error,11793
Error,28575
Error,34917
Error,30247
Error,29460
Error,17011
FindNodeReq,33429
Error,25098
FindNodeReq,28387
Error,28098
Error,29290
Error,29590
Error,28410
Error,17026
UpdateRouteReq,15903
UpdateRouteReq,13339
Error,25399
Error,29106
FindNodeReq,26725
Error,29187
UpdateRouteReq,14798
Error,28900
FindNodeReq,28299
Error,26519
Error,16621
FindNodeReq,32161
FindNodeReq,21611
UpdateRouteReq,13784
UpdateRouteReq,13082
UpdateRouteReq,11854
UpdateRouteReq,43641
Error,11691
Error,29011
Error,29884
FindNodeReq,33608
Error,33787
FindNodeReq,58608
Error,31548
FindNodeReq,44681
Error,16925
FindNodeReq,23976
UpdateRouteReq,15762
UpdateRouteReq,14175
FindNodeReq,53168
UpdateRouteReq,61877
Error,62604
Error,28507
Error,41355
FindNodeReq,24134
Error,25730
Error,44561
FindNodeReq,24291
Error,16483
Error,11631
UpdateRouteReq,15634
UpdateRouteReq,15710
Error,34573
UpdateRouteReq,35473
Error,48087
Error,37708
Error,26795
FindNodeReq,30692
Error,17366
FindNodeReq,31412
FindNodeReq,43217
FindNodeReq,69863
Error,25627
Error,27965
UpdateRouteReq,16827
Error,30180
Error,28439
UpdateRouteReq,15667
Error,28570
UpdateRouteReq,21772
Error,17061
UpdateRouteReq,27386
Error,25850
UpdateRouteReq,13905
Error,32014
Error,23099
Error,24802
Error,42174
Error,28156
UpdateRouteReq,15527
UpdateRouteReq,13064
UpdateRouteReq,11531
UpdateRouteReq,32058
Error,35033
Error,23080
UpdateRouteReq,20803
Error,23003
UpdateRouteReq,12503
Error,30489
FindNodeReq,33840
Error,30679
Error,14574
UpdateRouteReq,35018
FindNodeReq,45814
UpdateRouteReq,33990
UpdateRouteReq,46701
Error,46312
Error,34602
FindNodeReq,30391
Error,27835
UpdateRouteReq,28595
UpdateRouteReq,28555
Error,57134
UpdateRouteReq,30101
FindNodeReq,37329
Error,26390
UpdateRouteReq,21384
Error,16388
Error,26152
Error,36129
Error,31196
Error,29709
Error,43716
Error,16452
FindNodeReq,25547
UpdateRouteReq,29574
UpdateRouteReq,78065
Error,56345
Error,15503
Error,46251
FindNodeReq,38039
FindNodeReq,32464
Error,45572
Error,28194
UpdateRouteReq,14949
Error,27625
FindNodeReq,32756
Error,25557
UpdateRouteReq,29856
Error,16406
UpdateRouteReq,14114
UpdateRouteReq,25567
Error,34173
UpdateRouteReq,19024
Error,18156
UpdateRouteReq,31509
Error,39030
Error,28648
QueryRouteReq,23847
Error,26534
Error,38241
Error,29942
Error,17428
UpdateRouteReq,30753
UpdateRouteReq,43618
UpdateRouteReq,15990
UpdateRouteReq,13708
FindNodeReq,57575
FindNodeReq,69883
UpdateRouteReq,84960
Error,49584
Error,50505
Error,41410
Error,54869
FindNodeReq,29273
FindNodeReq,39806
Error,28516
UpdateRouteReq,37501
Error,59183
Error,29542
UpdateRouteReq,41127
UpdateRouteReq,47052
UpdateRouteReq,64842
Error,29966
Error,30943
UpdateRouteReq,14858
UpdateRouteReq,15554
UpdateRouteReq,31698
Error,34872
Error,33231
Error,28487
FindNodeReq,34786
FindNodeReq,29973
Error,43734
Error,28651
Error,17129
Error,25536
Error,37312
Error,35889
Error,30206
Error,32758
Error,22774
FindNodeReq,25916
UpdateRouteReq,44534
FindNodeReq,56628
UpdateRouteReq,14305
UpdateRouteReq,20836
UpdateRouteReq,13096
UpdateRouteReq,23745
Error,11471
Error,29116
FindNodeReq,36648
Error,26443
FindNodeReq,25612
Error,28025
Error,26768
Error,16301
Error,24979
Error,36871
UpdateRouteReq,22601
UpdateRouteReq,15230
FindNodeReq,41710
Error,42138
FindNodeReq,59964
Error,34288
Error,35218
Error,23578
Error,29588
Error,31740
FindNodeReq,29107
FindNodeReq,25056
UpdateRouteReq,16546
FindNodeReq,25432
FindNodeReq,25003
FindNodeReq,32762
Error,46344
Error,31348
Error,63870
Error,91504
Error,45097
Error,63419
Error,77269
UpdateRouteReq,79515
Error,35230
Error,78936
Error,86146
Error,106455
Error,120822
UpdateRouteReq,124266
UpdateRouteReq,126431
UpdateRouteReq,139381
Error,145913
Error,30309
Error,25054
Error,14060
Error,16709
Error,16349
Error,10972
Error,11036
Error,28113
FindNodeReq,33385
FindNodeReq,40138
UpdateRouteReq,41424
FindNodeReq,54037
Error,26368
Error,37233
Error,29107
Error,22127
FindNodeReq,24306
FindNodeReq,24704
Error,11775
Error,34613
Error,26022
Error,28059
Error,25886
Error,33079
FindNodeReq,33201
FindNodeReq,26061
UpdateRouteReq,15979
UpdateRouteReq,13995
Error,25375
Error,27702
FindNodeReq,39404
Error,53586
Error,42693
FindNodeReq,30442
Error,44179
UpdateRouteReq,20951
Error,25458
FindNodeReq,24159
FindNodeReq,26758
UpdateRouteReq,18226
UpdateRouteReq,13803
Error,27751
Error,38821
Error,34181
Error,44337
Error,36336
Error,17201
FindNodeReq,29800
FindNodeReq,26199
UpdateRouteReq,18260
UpdateRouteReq,14953
UpdateRouteReq,13690
Error,25533
Error,27887
UpdateRouteReq,20731
Error,29833
Error,30030
Error,27322
Error,16240
Error,11623
Error,38325
Error,38200
Error,30039
Error,35677
Error,17280
UpdateRouteReq,15931
UpdateRouteReq,13795
Error,11409
UpdateRouteReq,16670
Error,34852
Error,27032
Error,43035
UpdateRouteReq,32829
Error,38852
UpdateRouteReq,19976
Error,32155
UpdateRouteReq,34092
Error,11990
Error,34325
UpdateRouteReq,15857
Error,39989
UpdateRouteReq,29958
Error,26704
UpdateRouteReq,26740
Error,26110
Error,57624
Error,11425
UpdateRouteReq,16137
Error,27753
UpdateRouteReq,15554
UpdateRouteReq,19780
Error,33481
UpdateRouteReq,20641
Error,39331
Error,38701
Error,16799
UpdateRouteReq,52129
UpdateRouteReq,22579
UpdateRouteReq,23826
Error,11140
UpdateRouteReq,14224
UpdateRouteReq,14970
Error,26566
UpdateRouteReq,34998
Error,36193
Error,31761
Error,46382
Error,17661
Error,28110
FindNodeReq,27682
Error,26707
Error,36598
Error,37742
Error,26248
UpdateRouteReq,16425
Error,16137
FindNodeReq,31003
Error,47501
Error,34895
FindNodeReq,31299
Error,24592
FindNodeReq,26283
Error,24849
Error,27749
Error,13833
Error,21383
UpdateRouteReq,16144
Error,27394
UpdateRouteReq,15754
UpdateRouteReq,16120
UpdateRouteReq,30610
FindNodeReq,44118
Error,67506
Error,26338
Error,39091
Error,16232
Error,11682
Error,28058
FindNodeReq,30819
Error,26662
FindNodeReq,24845
FindNodeReq,25163
UpdateRouteReq,20997
Error,35606
Error,26281
Error,27490
FindNodeReq,65289
Error,67738
FindNodeReq,80205
Error,28932
Error,32337
UpdateRouteReq,16061
Error,33595
Error,26064
Error,16171
Error,24543
UpdateRouteReq,16164
Error,33931
UpdateRouteReq,20087
FindNodeReq,45045
FindNodeReq,63554
Error,33862
FindNodeReq,44280
FindNodeReq,51281
FindNodeReq,63120
FindNodeReq,78168
Error,26100
Error,34215
UpdateRouteReq,15874
Error,16713
UpdateRouteReq,14758
UpdateRouteReq,19533
UpdateRouteReq,25274
UpdateRouteReq,35984
UpdateRouteReq,17773
Error,35997
Error,17088
Error,28225
Error,34370
Error,28391
Error,16449
Error,11464
Error,48847
Error,35395
Error,25846
Error,34496
Error,16935
Error,25153
Error,30121
Error,36168
Error,33340
UpdateRouteReq,16382
UpdateRouteReq,14993
Error,27064
UpdateRouteReq,20953
UpdateRouteReq,19808
Error,24013
Error,36295
Error,23400
Error,31772
Error,22430
Error,28538
Error,14368
Error,9838
Error,24530
Error,36944
Error,30149
Error,22605
Error,27932
Error,18737
Error,40951
Error,37885
Error,28723
UpdateRouteReq,14944
UpdateRouteReq,13704
Error,34882
Error,48831
Error,60555
Error,46484
Error,42550
FindNodeReq,61092
FindNodeReq,73176
FindNodeReq,87837
Error,35991
Error,48936
Error,71641
Error,18238
Error,12492
UpdateRouteReq,25021
Error,10151
Error,10279
Error,14334
Error,13998
Error,9345
FindNodeReq,27320
FindNodeReq,36137
FindNodeReq,46901
FindNodeReq,56476
Error,11860
UpdateRouteReq,14696
Error,28847
UpdateRouteReq,14337
FindNodeReq,26766
FindNodeReq,24267
Error,26221
Error,30591
Error,26433
Error,17030
Error,25096
Error,28223
FindNodeReq,25378
Error,26481
UpdateRouteReq,17015
Error,36728
UpdateRouteReq,29486
FindNodeReq,25172
FindNodeReq,37042
Error,51768
Error,15464
Error,9801
Error,23512
FindNodeReq,22898
UpdateRouteReq,17813
Error,30836
FindNodeReq,30283
FindNodeReq,29996
FindNodeReq,44294
FindNodeReq,77133
Error,38134
Error,36521
Error,17083
Error,28640
Error,28192
FindNodeReq,26871
FindNodeReq,34970
FindNodeReq,45698
Error,60906
UpdateRouteReq,14858
Error,34302
Error,26831
Error,32544
Error,15665
Error,29093
FindNodeReq,24357
FindNodeReq,29251
FindNodeReq,40018
Error,26072
Error,29407
Error,29506
Error,14012
Error,10078
Error,24496
FindNodeReq,36056
FindNodeReq,40112
FindNodeReq,51515
Error,34406
Error,31490
Error,26930
Error,29012
FindNodeReq,22631
FindNodeReq,26219
FindNodeReq,34902
Error,12133
Error,27793
UpdateRouteReq,23210
Error,34494
UpdateRouteReq,35314
Error,43930
Error,27242
Error,34204
Error,25481
Error,33255
Error,29891
Error,38086
FindNodeReq,25042
Error,25709
Error,22266
FindNodeReq,24273
FindNodeReq,23238
Error,18013
Error,30749
Error,42352
Error,27982
UpdateRouteReq,15928
UpdateRouteReq,15496
Error,27104
UpdateRouteReq,15714
Error,15661
UpdateRouteReq,34672
FindNodeReq,32776
FindNodeReq,26977
Error,40294
Error,53869
Error,46144
Error,33216
UpdateRouteReq,16120
Error,28716
Error,23016
UpdateRouteReq,38938
Error,26335
Error,29727
UpdateRouteReq,38662
UpdateRouteReq,29056
Error,42189
Error,45052
Error,26340
Error,23127
Error,29226
UpdateRouteReq,30478
UpdateRouteReq,34255
UpdateRouteReq,16214
UpdateRouteReq,14593
Error,34826
Error,32374
Error,44973
UpdateRouteReq,15379
Error,33698
Error,50861
Error,23992
Error,46020
Error,57575
Error,69664
Error,39900
Error,39939
Error,47490
Error,17152
Error,16835
Error,16686
Error,16327
Error,11215
FindNodeReq,27557
FindNodeReq,29343
FindNodeReq,40312
FindNodeReq,23250
FindNodeReq,25230
Error,28667
UpdateRouteReq,15407
UpdateRouteReq,13780
Error,57603
Error,32684
Error,37801
Error,16187
UpdateRouteReq,16083
UpdateRouteReq,13647
Error,25311
Error,29076
Error,40374
Error,58371
UpdateRouteReq,13041
Error,25379
Error,14912
Error,9927
Error,30629
Error,25888
Error,25753
Error,28160
UpdateRouteReq,13576
Error,13980
UpdateRouteReq,17892
UpdateRouteReq,11618
Error,10804
Error,24842
Error,32355
Error,28481
Error,22526
Error,27039
Error,25473
UpdateRouteReq,17117
Error,35786
Error,41494
Error,35474
Error,53846
Error,17525
Error,16693
Error,29280
Error,25613
Error,22424
Error,36460
Error,15061
Error,20858
Error,23553
UpdateRouteReq,25267
UpdateRouteReq,22112
UpdateRouteReq,17552
Error,31640
UpdateRouteReq,18301
FindNodeReq,37125
Error,28058
Error,29582
Error,25971
Error,20988
Error,29383
Error,25903
Error,22598
Error,42934
Error,16145
FindNodeReq,34813
FindNodeReq,26906
FindNodeReq,25717
FindNodeReq,25610
FindNodeReq,25486
UpdateRouteReq,38012
Error,21126
Error,37278
QueryRouteReq,72519
Error,39319
Error,28166
FindNodeReq,24705
Error,27353
Error,51338
Error,65600
Error,85661
Error,28743
UpdateRouteReq,26824
Error,41704
Error,55996
Error,33907
UpdateRouteReq,35059
UpdateRouteReq,14636
FindNodeReq,71683
FindNodeReq,96401
Error,112406
Error,127966
Error,142878
Error,174340
Error,179098
FindNodeReq,30507
FindNodeReq,38880
FindNodeReq,48561
FindNodeReq,19926
Error,10270
UpdateRouteReq,17199
Error,15400
UpdateRouteReq,15681
Error,14384
Error,13784
Error,9965
Error,22942
Error,9977
UpdateRouteReq,14941
Error,42142
UpdateRouteReq,19823
UpdateRouteReq,21292
FindNodeReq,26872
FindNodeReq,34522
Error,30199
Error,30191
Error,33102
Error,15890
FindNodeReq,29021
FindNodeReq,21854
FindNodeReq,21497
FindNodeReq,21500
UpdateRouteReq,15053
UpdateRouteReq,12244
UpdateRouteReq,11622
FindNodeReq,24315
FindNodeReq,25611
FindNodeReq,36185
Error,11415
Error,28848
Error,28304
Error,26970
QueryRouteReq,26736
Error,33111
Error,24192
Error,15778
Error,35882
Error,33350
Error,47861
FindNodeReq,61827
FindNodeReq,76270
FindNodeReq,90947
Error,30749
Error,35328
Error,18322
QueryRouteReq,27814
FindNodeReq,31340
UpdateRouteReq,19759
UpdateRouteReq,15574
UpdateRouteReq,13543
FindNodeReq,25392
FindNodeReq,23352
UpdateRouteReq,54882
FindNodeReq,44264
UpdateRouteReq,62981
Error,16506
Error,29023
Error,28108
FindNodeReq,36151
Error,26879
Error,26528
FindNodeReq,34960
Error,16434
FindNodeReq,31327
Error,16192
Error,54472
UpdateRouteReq,56222
UpdateRouteReq,69559
Error,43302
Error,28382
UpdateRouteReq,21844
FindNodeReq,25962
Error,37680
Error,50188
Error,25964
Error,26875
UpdateRouteReq,14384
UpdateRouteReq,13220
UpdateRouteReq,15100
Error,28679
Error,30543
Error,36003
Error,11103
Error,9777
UpdateRouteReq,18182
UpdateRouteReq,30242
Error,59816
UpdateRouteReq,80126
UpdateRouteReq,98250
Error,106338
Error,106711
Error,107630
UpdateRouteReq,21995
UpdateRouteReq,22596
FindNodeReq,34822
UpdateRouteReq,14559
UpdateRouteReq,13177
Error,24762
FindNodeReq,34473
Error,24172
Error,32541
Error,44086
Error,33262
UpdateRouteReq,15606
UpdateRouteReq,14023
FindNodeReq,85192
UpdateRouteReq,88517
FindNodeReq,101032
FindNodeReq,117340
FindNodeReq,51373
FindNodeReq,72069
Error,85989
Error,31231
Error,25441
FindNodeReq,29841
FindNodeReq,28170
Error,40260
FindNodeReq,37207
FindNodeReq,24120
Error,26471
Error,24064
Error,35270
Error,55652
Error,27930
Error,32865
Error,28113
FindNodeReq,37006
UpdateRouteReq,37542
FindNodeReq,48311
Error,61425
UpdateRouteReq,48002
Error,47065
UpdateRouteReq,59240
FindNodeReq,69745
FindNodeReq,79691
Error,58056
Error,59723
Error,28850
Error,47039
UpdateRouteReq,22341
Error,28086
Error,33973
Error,40777
UpdateRouteReq,53455
Error,34562
Error,27602
Error,25182
UpdateRouteReq,24287
UpdateRouteReq,15330
Error,17336
Error,19276
UpdateRouteReq,19444
UpdateRouteReq,72968
Error,81486
UpdateRouteReq,91178
Error,91539
Error,100593
Error,101666
FindNodeReq,30863
Error,25378
Error,22361
Error,40137
Error,34020
Error,14253
UpdateRouteReq,14457
Error,10170
Error,26839
Error,33672
UpdateRouteReq,22364
Error,29432
UpdateRouteReq,21394
UpdateRouteReq,25318
Error,51476
Error,29463
Error,58420
Error,54381
Error,28023
Error,34010
FindNodeReq,27044
FindNodeReq,24850
Error,32635
FindNodeReq,41894
Error,55200
UpdateRouteReq,28410
Error,43093
FindNodeReq,70213
FindNodeReq,95642
Error,118633
Error,130596
Error,24454
Error,56768
UpdateRouteReq,66329
UpdateRouteReq,68403
UpdateRouteReq,12822
FindNodeReq,29735
Error,47526
Error,51226
FindNodeReq,25683
Error,27972
Error,25408
UpdateRouteReq,26985
Error,35819
FindNodeReq,32382
Error,26899
Error,27623
Error,37691
Error,62711
Error,65336
Error,89397
FindNodeReq,101136
UpdateRouteReq,14978
Error,49817
Error,61033
Error,73211
Error,100173
Error,15782
Error,20422
Error,20088
Error,26832
Error,28043
Error,10859
Error,12309
Error,14885
Error,14263
Error,9572
UpdateRouteReq,14139
UpdateRouteReq,13443
UpdateRouteReq,12980
UpdateRouteReq,13046
Error,40929
FindNodeReq,65025
FindNodeReq,58554
FindNodeReq,73940
FindNodeReq,88918
FindNodeReq,101816
FindNodeReq,45935
Error,84796
FindNodeReq,32693
Error,27215
UpdateRouteReq,15693
Error,30933
Error,34584
Error,17678
Error,32002
Error,33709
FindNodeReq,24608
FindNodeReq,23260
Error,26124
FindNodeReq,31470
Error,26043
UpdateRouteReq,17059
UpdateRouteReq,19829
Error,23778
Error,39873
Error,28966
Error,42811
Error,37860
UpdateRouteReq,16026
Error,27933
Error,29705
Error,22674
Error,47747
Error,23895
Error,23499
Error,25876
Error,14128
UpdateRouteReq,13674
UpdateRouteReq,12505
UpdateRouteReq,11651
Error,9920
Error,31494
Error,29971
Error,27324
Error,32656
Error,15032
UpdateRouteReq,14117
FindNodeReq,30507
FindNodeReq,27617
Error,11396
Error,27350
Error,27913
Error,26526
Error,28766
Error,16286
Error,11877
Error,30966
Error,35784
Error,32470
Error,31771
Error,23363
Error,28876
Error,36212
UpdateRouteReq,36682
UpdateRouteReq,13447
UpdateRouteReq,12889
Error,47800
Error,72058
Error,41216
Error,31802
FindNodeReq,28695
Error,39879
FindNodeReq,25654
Error,26210
Error,22920
Error,15115
Error,23670
Error,23323
Error,25543
Error,25143
UpdateRouteReq,27499
FindNodeReq,77578
FindNodeReq,94122
FindNodeReq,109589
Error,24257
Error,29252
FindNodeReq,26682
Error,26312
Error,31258
Error,32085
Error,16204
FindNodeReq,28134
Error,24892
Error,27819
FindNodeReq,30271
Error,37343
Error,27969
Error,24488
Error,29699
Error,10262
Error,30761
FindNodeReq,25802
Error,36165
Error,31251
Error,27607
Error,13911
UpdateRouteReq,14728
UpdateRouteReq,12458
UpdateRouteReq,13224
UpdateRouteReq,13568
FindNodeReq,34873
Error,32665
Error,43369
Error,27206
Error,28432
FindNodeReq,36773
Error,25472
Error,16977
FindNodeReq,25702
FindNodeReq,50676
UpdateRouteReq,53182
UpdateRouteReq,55931
Error,11326
FindNodeReq,25907
Error,26453
Error,30323
Error,37021
Error,33850
Error,25298
FindNodeReq,26364
FindNodeReq,28710
Error,24445
UpdateRouteReq,16392
UpdateRouteReq,14343
Error,41675
FindNodeReq,31454
FindNodeReq,42416
Error,32312
Error,42877
Error,26132
Error,15908
FindNodeReq,32301
FindNodeReq,30908
UpdateRouteReq,32110
Error,24969
FindNodeReq,25744
FindNodeReq,25455
Error,26766
Error,28376
Error,30690
Error,37796
Error,17504
FindNodeReq,48391
FindNodeReq,21184
UpdateRouteReq,13511
FindNodeReq,21642
FindNodeReq,22968
UpdateRouteReq,13471
UpdateRouteReq,12202
UpdateRouteReq,12174
Error,9841
Error,40190
FindNodeReq,28809
FindNodeReq,38875
FindNodeReq,24314
UpdateRouteReq,14485
Error,27141
Error,331892
FindNodeReq,43518
FindNodeReq,54595
Error,69993
FindNodeReq,24571
Error,30244
Error,27241
Error,35606
FindNodeReq,34675
FindNodeReq,56205
FindNodeReq,19731
Error,23215
Error,31834
Error,32010
Error,20174
Error,13402
UpdateRouteReq,13743
UpdateRouteReq,12636
UpdateRouteReq,13514
UpdateRouteReq,12521
Error,24652
FindNodeReq,34051
FindNodeReq,49425
FindNodeReq,33909
Error,63402
Error,32713
Error,37473
Error,27046
FindNodeReq,22114
FindNodeReq,21469
FindNodeReq,20333
Error,10105
FindNodeReq,22403
FindNodeReq,21922
FindNodeReq,21779
Error,22843
Error,24570
Error,26160
Error,28744
Error,14865
FindNodeReq,22465
FindNodeReq,21383
FindNodeReq,21393
Error,20629
FindNodeReq,21860
FindNodeReq,26107
FindNodeReq,25013
UpdateRouteReq,16305
Error,28425
Error,39950
Error,29388
Error,26322
Error,31267
FindNodeReq,25299
FindNodeReq,47218
FindNodeReq,60034
Error,54063
Error,42131
FindNodeReq,25741
FindNodeReq,35018
FindNodeReq,20117
Error,22673
Error,24523
Error,41195
Error,20511
Error,18777
FindNodeReq,30634
FindNodeReq,40048
FindNodeReq,20113
FindNodeReq,23007
Error,22042
Error,35921
Error,26757
Error,28821
Error,36963
Error,45210
FindNodeReq,31532
FindNodeReq,24700
FindNodeReq,24617
Error,30952
Error,35782
Error,37720
Error,38562
Error,13858
Error,24852
Error,41281
Error,30226
Error,33614
FindNodeReq,33220
FindNodeReq,35058
FindNodeReq,45246
Error,60858
Error,17273
Error,28260
Error,28030
Error,37100
UpdateRouteReq,24073
UpdateRouteReq,24986
UpdateRouteReq,26070
FindNodeReq,38834
Error,54298
FindNodeReq,53706
FindNodeReq,65971
Error,26731
Error,16210
Error,25429
Error,28753
FindNodeReq,26062
FindNodeReq,35034
FindNodeReq,45490
Error,61364
FindNodeReq,39728
FindNodeReq,45051
FindNodeReq,29906
FindNodeReq,43372
Error,28322
FindNodeReq,32706
Error,28200
Error,22559
QueryRouteReq,35498
Error,31141
Error,27880
FindNodeReq,36804
FindNodeReq,41341
FindNodeReq,47760
FindNodeReq,59014
UpdateRouteReq,61655
UpdateRouteReq,64190
FindNodeReq,76251
Error,27363
Error,35139
Error,47002
Error,14461
Error,15598
Error,26904
Error,52613
FindNodeReq,25019
FindNodeReq,23752
Error,32212
FindNodeReq,48483
FindNodeReq,26609
UpdateRouteReq,22149
Error,36736
UpdateRouteReq,15572
Error,16652
Error,56814
Error,41052
FindNodeReq,31885
FindNodeReq,25299
Error,39263
UpdateRouteReq,40580
FindNodeReq,52574
Error,28583
Error,32751
Error,17069
Error,53106
Error,27606
Error,26407
Error,33751
FindNodeReq,25813
Error,25956
UpdateRouteReq,19555
Error,16884
UpdateRouteReq,14802
Error,25325
Error,42987
Error,31820
Error,27159
Error,22559
Error,28946
UpdateRouteReq,32087
Error,32035
UpdateRouteReq,13338
Error,30792
Error,81081
Error,43149
Error,48474
Error,16614
Error,25733
Error,28583
Error,28859
Error,36393
Error,46231
Error,21999
FindNodeReq,43458
Error,50301
Error,28458
Error,29118
Error,46583
Error,31512
Error,17654
Error,24647
Error,28250
Error,28718
Error,36576
Error,38014
Error,22101
Error,24533
Error,33456
Error,28154
Error,26998
Error,48221
Error,17039
Error,26948
Error,26489
Error,29173
Error,31276
Error,42618
Error,18725
UpdateRouteReq,14478
Error,9900
Error,41966
Error,25046
Error,31374
Error,31243
Error,15039
FindNodeReq,45378
Error,22427
Error,24621
Error,35333
Error,36817
Error,29162
Error,14441
Error,10033
Error,24521
Error,40717
Error,36493
FindNodeReq,28181
Error,23771
Error,27175
Error,24644
Error,34828
Error,28853
Error,36947
Error,42782
Error,16970
FindNodeReq,32874
FindNodeReq,43539
Error,31408
FindNodeReq,44038
Error,28523
Error,28917
Error,30459
Error,44231
Error,16686
FindNodeReq,31629
FindNodeReq,42114
Error,42722
Error,26014
Error,24696
Error,32260
Error,37607
Error,15676
FindNodeReq,21519
UpdateRouteReq,12911
FindNodeReq,42850
FindNodeReq,52699
Error,53155
Error,25560
FindNodeReq,28195
Error,35841
Error,25493
Error,37906
Error,14241
FindNodeReq,25899
FindNodeReq,30657
FindNodeReq,48856
Error,49575
FindNodeReq,61769
Error,29142
Error,29328
Error,43419
Error,26053
FindNodeReq,31800
Error,16283
FindNodeReq,37664
FindNodeReq,28349
Error,11037
Error,25317
Error,25021
Error,34753
FindNodeReq,20269
Error,34724
Error,14786
FindNodeReq,25465
FindNodeReq,34165
FindNodeReq,39163
Error,26112
FindNodeReq,36788
FindNodeReq,20807
Error,23811
Error,32128
Error,31487
FindNodeReq,36644
Error,49720
Error,24600
FindNodeReq,30388
FindNodeReq,32069
UpdateRouteReq,32751
FindNodeReq,46112
FindNodeReq,48417
FindNodeReq,64343
FindNodeReq,77513
Error,77935
FindNodeReq,22560
Error,28019
FindNodeReq,37554
Error,26162
Error,51079
Error,50317
Error,17511
FindNodeReq,26147
FindNodeReq,25052
FindNodeReq,24800
FindNodeReq,22732
Error,25209
FindNodeReq,25807
Error,26835
FindNodeReq,38732
FindNodeReq,49570
FindNodeReq,23601
UpdateRouteReq,20635
Error,36373
Error,30160
Error,29171
Error,17093
Error,25525
Error,23824
Error,30549
FindNodeReq,22497
FindNodeReq,25292
FindNodeReq,34820
Error,27829
FindNodeReq,42296
Error,25101
Error,14393
Error,10370
Error,25304
FindNodeReq,26137
FindNodeReq,35429
FindNodeReq,25187
FindNodeReq,34382
Error,22777
Error,26955
Error,25694
Error,14045
Error,9941
Error,23996
FindNodeReq,25442
FindNodeReq,21640
FindNodeReq,53070
FindNodeReq,46280
UpdateRouteReq,48866
Error,31897
Error,33710
Error,45194
Error,32208
Error,24930
Error,28795
Error,34610
Error,37378
Error,38816
Error,16748
UpdateRouteReq,24017
Error,29866
Error,25630
Error,36414
Error,33635
Error,28173
Error,14387
FindNodeReq,29643
FindNodeReq,23325
Error,25378
FindNodeReq,25595
Error,30774
Error,29600
Error,30515
Error,44091
Error,16935
FindNodeReq,27865
Error,31259
FindNodeReq,53911
Error,24866
Error,30567
Error,41968
Error,36190
FindNodeReq,39650
Error,56048
FindNodeReq,33380
FindNodeReq,44799
FindNodeReq,44822
Error,51082
Error,29323
Error,28871
Error,42990
Error,32302
Error,17708
FindNodeReq,24602
Error,34243
FindNodeReq,47067
Error,28218
Error,41080
Error,44156
Error,43187
Error,14119
FindNodeReq,22285
FindNodeReq,42494
Error,43090
Error,23289
Error,25127
Error,36486
Error,41989
FindNodeReq,21086
Error,15037
UpdateRouteReq,20365
FindNodeReq,34635
Error,22042
Error,24376
FindNodeReq,40807
Error,25543
Error,37350
Error,43134
Error,29677
FindNodeReq,36328
Error,30754
Error,28252
FindNodeReq,36700
Error,27656
Error,27191
Error,26086
Error,17143
Error,21894
Error,24419
FindNodeReq,27748
Error,23259
Error,32549
Error,22950
Error,29566
FindNodeReq,24085
FindNodeReq,23317
Error,9763
Error,30819
FindNodeReq,24841
FindNodeReq,37375
FindNodeReq,28203
FindNodeReq,38237
Error,22870
Error,28068
Error,26243
Error,15546
FindNodeReq,54615
Error,26438
Error,41580
Error,36486
Error,32769
FindNodeReq,26331
Error,26443
Error,23104
UpdateRouteReq,16320
FindNodeReq,25544
FindNodeReq,27578
FindNodeReq,45370
Error,50792
FindNodeReq,24413
Error,28845
Error,29843
Error,35397
Error,34460
Error,17615
FindNodeReq,32028
FindNodeReq,25115
Error,25369
FindNodeReq,24274
FindNodeReq,23923
Error,34514
FindNodeReq,30876
FindNodeReq,39547
FindNodeReq,49580
FindNodeReq,20108
Error,24484
Error,38204
Error,23887
FindNodeReq,62595
FindNodeReq,63889
Error,23040
FindNodeReq,36494
FindNodeReq,46213
Error,50195
Error,54774
Error,48740
Error,61772
FindNodeReq,73130
FindNodeReq,84732
FindNodeReq,22640
Error,27250
FindNodeReq,35732
FindNodeReq,29256
Error,27938
Error,43648
Error,57228
Error,33601
Error,45654
Error,45767
Error,28030
FindNodeReq,25892
FindNodeReq,24600
Error,30922
Error,44067
Error,32942
FindNodeReq,22641
Error,22545
FindNodeReq,32540
UpdateRouteReq,49124
Error,49865
Error,15036
Error,33323
Error,33746
Error,49087
Error,38968
Error,37958
Error,36924
FindNodeReq,40096
FindNodeReq,49074
FindNodeReq,59040
Error,59150
FindNodeReq,19737
Error,25171
Error,34461
Error,22835
Error,24317
Error,14774
Error,10161
Error,26340
FindNodeReq,35627
FindNodeReq,44457
FindNodeReq,55094
FindNodeReq,65612
Error,22827
Error,27062
Error,36583
Error,32606
Error,17646
Error,28417
FindNodeReq,35649
FindNodeReq,41216
FindNodeReq,34463
Error,58675
Error,48512
Error,43050
Error,17398
UpdateRouteReq,18669
UpdateRouteReq,31025
Error,24934
Error,29392
Error,26515
FindNodeReq,27616
Error,26679
Error,17908
Error,10508
UpdateRouteReq,32325
UpdateRouteReq,31044
UpdateRouteReq,15373
UpdateRouteReq,14815
FindNodeReq,26578
FindNodeReq,27231
FindNodeReq,24395
FindNodeReq,21395
FindNodeReq,23277
UpdateRouteReq,14797
UpdateRouteReq,13473
Error,14032
UpdateRouteReq,16155
Error,29309
Error,28739
Error,32063
Error,33633
Error,17335
UpdateRouteReq,27540
UpdateRouteReq,29238
UpdateRouteReq,16217
FindNodeReq,29015
FindNodeReq,27550
FindNodeReq,28502
UpdateRouteReq,15826
UpdateRouteReq,14374
FindNodeReq,23986
UpdateRouteReq,15195
FindNodeReq,24694
FindNodeReq,22809
FindNodeReq,31548
Error,30819
Error,29462
Error,30402
Error,26016
Error,41852
FindNodeReq,36661
Error,16173
FindNodeReq,28667
FindNodeReq,28359
FindNodeReq,25794
FindNodeReq,25279
UpdateRouteReq,16392
UpdateRouteReq,52431
Error,43425
Error,15408
Error,56983
FindNodeReq,63034
Error,79239
UpdateRouteReq,55920
Error,73751
UpdateRouteReq,76540
Error,30622
UpdateRouteReq,20295
Error,35298
UpdateRouteReq,14286
Error,35482
Error,16976
UpdateRouteReq,25233
Error,34394
UpdateRouteReq,33617
Error,22896
Error,22433
UpdateRouteReq,13441
FindNodeReq,51056
Error,10063
Error,24319
Error,38066
UpdateRouteReq,16416
Error,28407
UpdateRouteReq,14471
Error,30663
Error,23266
Error,29628
FindNodeReq,34035
UpdateRouteReq,15071
Error,28399
UpdateRouteReq,15414
UpdateRouteReq,13525
UpdateRouteReq,13632
Error,26738
UpdateRouteReq,49299
Error,64061
FindNodeReq,79132
UpdateRouteReq,82334
Error,102872
Error,36919
Error,41105
Error,59462
Error,33403
FindNodeReq,42361
Error,28459
Error,22371
Error,32016
Error,14874
Error,31614
Error,32794
Error,33018
Error,10342
UpdateRouteReq,13381
UpdateRouteReq,17577
FindNodeReq,28766
UpdateRouteReq,24396
UpdateRouteReq,35457
Error,14826
Error,14761
Error,23180
Error,26946
Error,22915
Error,42156
Error,14509
UpdateRouteReq,14087
FindNodeReq,22960
UpdateRouteReq,13678
UpdateRouteReq,12954
UpdateRouteReq,14168
Error,41494
Error,28980
FindNodeReq,31428
Error,35704
FindNodeReq,25409
Error,28749
Error,31259
Error,16673
Error,24834
Error,25584
FindNodeReq,26914
FindNodeReq,36466
UpdateRouteReq,19881
Error,34265
Error,27124
Error,30386
Error,15344
FindNodeReq,33150
FindNodeReq,41976
Error,42464
Error,22895
Error,33515
Error,22493
Error,22753
Error,14826
FindNodeReq,24301
FindNodeReq,21645
UpdateRouteReq,29761
Error,30343
UpdateRouteReq,12843
UpdateRouteReq,13040
Error,23648
UpdateRouteReq,12454
FindNodeReq,40291
FindNodeReq,261458
Error,46274
Error,23146
FindNodeReq,33281
Error,40851
Error,26640
Error,39376
FindNodeReq,26886
FindNodeReq,29700
Error,44462
UpdateRouteReq,22636
Error,29664
Error,28578
Error,31546
Error,33473
FindNodeReq,29384
FindNodeReq,23443
FindNodeReq,25244
FindNodeReq,23142
FindNodeReq,24280
FindNodeReq,27010
FindNodeReq,35671
FindNodeReq,23763
Error,12699
Error,28456
UpdateRouteReq,17476
UpdateRouteReq,20597
Error,46226
UpdateRouteReq,21696
UpdateRouteReq,25369
Error,52100
Error,49002
Error,16907
Error,24654
Error,27780
Error,34824
UpdateRouteReq,27039
UpdateRouteReq,22669
Error,30756
UpdateRouteReq,14219
Error,28760
FindNodeReq,24456
Error,14348
FindNodeReq,28414
FindNodeReq,28912
FindNodeReq,27257
FindNodeReq,27003
UpdateRouteReq,38110
UpdateRouteReq,39562
UpdateRouteReq,41681
Error,41971
UpdateRouteReq,14177
Error,27532
Error,27298
FindNodeReq,28780
Error,27176
Error,47125
Error,17395
UpdateRouteReq,15337
QueryRouteReq,27766
UpdateRouteReq,15604
UpdateRouteReq,13568
UpdateRouteReq,54193
Error,11816
Error,31179
Error,37298
Error,36180
Error,27420
UpdateRouteReq,27622
Error,30143
Error,35976
Error,23232
Error,41991
UpdateRouteReq,12752
Error,26086
Error,29747
UpdateRouteReq,12821
Error,13846
Error,15590
Error,30201
Error,28177
UpdateRouteReq,16317
UpdateRouteReq,19802
Error,44699
Error,27317
Error,24629
Error,44535
Error,43222
Error,33895
Error,49751
Error,24522
UpdateRouteReq,24181
Error,59880
Error,82016
Error,95630
Error,32814
Error,28236
Error,46665
Error,58105
Error,70644
Error,88000
Error,32759
Error,44326
Error,28427
Error,21435
Error,58327
Error,71404
Error,91374
Error,105665
Error,113452
Error,72985
Error,64242
Error,65234
UpdateRouteReq,67664
UpdateRouteReq,71404
UpdateRouteReq,73833
UpdateRouteReq,88897
Error,92298
Error,34962
Error,36002
Error,57345
Error,58623
Error,80124
Error,81660
Error,82697
Error,51490
Error,35251
UpdateRouteReq,15268
Error,33532
FindNodeReq,50256
FindNodeReq,42426
FindNodeReq,42498
FindNodeReq,55106
Error,22211
Error,27290
Error,34050
Error,41428
Error,67306
Error,33286
Error,49904
UpdateRouteReq,52635
UpdateRouteReq,13152
UpdateRouteReq,55987
Error,70308
Error,105096
Error,32086
Error,44320
Error,57141
Error,77689
FindNodeReq,93267
Error,38516
FindNodeReq,50209
FindNodeReq,65227
FindNodeReq,79281
FindNodeReq,91688
Error,12544
Error,11971
Error,10802
Error,19357
Error,11344
FindNodeReq,33488
Error,17519
FindNodeReq,29739
UpdateRouteReq,13414
Error,10144
Error,9985
Error,9564
Error,9747
Error,25333
UpdateRouteReq,14413
UpdateRouteReq,18212
UpdateRouteReq,17270
Error,27194
Error,29413
Error,20427
Error,25596
UpdateRouteReq,26949
Error,30853
FindNodeReq,30193
Error,43532
FindNodeReq,35146
FindNodeReq,23364
Error,27693
Error,26863
Error,30915
Error,16512
Error,23815
Error,11892
Error,31621
Error,41051
UpdateRouteReq,20861
UpdateRouteReq,15274
Error,27850
UpdateRouteReq,15412
Error,33608
UpdateRouteReq,20172
Error,24962
FindNodeReq,47050
FindNodeReq,57160
Error,63703
Error,28955
Error,40726
Error,30946
Error,38737
Error,28978
FindNodeRsp,21481
UpdateRouteReq,13801
FindNodeReq,27522
FindNodeReq,26568
FindNodeReq,29066
FindNodeReq,39838
FindNodeReq,23535
FindNodeReq,27374
Error,11428
Error,35547
Error,28405
UpdateRouteReq,15067
Error,29830
Error,27340
Error,16536
Error,25071
Error,30634
Error,39810
Error,27777
Error,26497
Error,23355
Error,29133
Error,33498
Error,30654
Error,37553
FindNodeReq,52235
UpdateRouteReq,16264
UpdateRouteReq,21489
UpdateRouteReq,29647
Error,44445
Error,59635
Error,45596
Error,33852
Error,24304
Error,23565
FindNodeReq,29296
Error,23727
UpdateRouteReq,24550
Error,23851
Error,19936
Error,9879
FindNodeReq,34041
Error,24072
Error,25876
Error,28809
Error,22793
Error,14935
Error,21078
Error,23632
UpdateRouteReq,19410
Error,38983
UpdateRouteReq,14202
FindNodeReq,22565
UpdateRouteReq,18227
Error,30865
UpdateRouteReq,13248
UpdateRouteReq,17658
Error,23649
Error,14558
Error,11063
Error,23944
FindNodeReq,35015
UpdateRouteReq,31389
Error,23601
Error,28384
Error,44449
Error,16077
Error,12047
Error,34121
FindNodeReq,48371
Error,34553
Error,35323
Error,34839
Error,23592
FindNodeReq,26991
Error,28777
Error,28648
Error,30825
UpdateRouteReq,30270
Error,42540
UpdateRouteReq,45897
UpdateRouteReq,47856
UpdateRouteReq,27867
Error,52804
Error,32276
Error,38103
FindNodeReq,50533
Error,18670
Error,31463
Error,24442
Error,21904
UpdateRouteReq,14405
Error,29072
FindNodeReq,51184
Error,63781
Error,31693
Error,26579
FindNodeReq,38942
Error,40056
Error,13708
Error,22690
FindNodeReq,27575
Error,32131
FindNodeReq,50708
Error,28624
Error,36368
Error,23377
Error,17018
Error,16765
Error,26200
Error,25435
UpdateRouteReq,14591
Error,29361
UpdateRouteReq,19844
UpdateRouteReq,20744
UpdateRouteReq,22269
FindNodeReq,33476
Error,47422
FindNodeReq,36681
Error,38397
Error,15470
Error,26024
Error,29477
FindNodeReq,38019
FindNodeReq,43139
Error,33212
QueryRouteReq,43416
Error,33704
Error,35315
Error,16306
Error,11823
UpdateRouteReq,16721
UpdateRouteReq,15203
Error,29661
UpdateRouteReq,24237
UpdateRouteReq,27000
FindNodeReq,47903
Error,62023
FindNodeReq,29359
Error,33784
Error,23565
Error,27701
Error,10373
Error,24671
FindNodeReq,25911
FindNodeReq,35479
Error,22254
Error,33133
Error,26753
Error,16700
Error,26039
Error,31220
UpdateRouteReq,16394
Error,28449
FindNodeReq,44723
FindNodeReq,44436
Error,60088
Error,27284
Error,16421
Error,9626
Error,30735
FindNodeReq,22634
FindNodeReq,20931
Error,23102
Error,24154
Error,22904
Error,14077
Error,21489
Error,23828
UpdateRouteReq,18460
FindNodeReq,22990
FindNodeReq,25623
Error,37840
UpdateRouteReq,23226
UpdateRouteReq,17218
Error,23757
FindNodeReq,29026
Error,40641
Error,14066
Error,26041
FindNodeReq,25929
FindNodeReq,25204
Error,28291
Error,35094
Error,30262
Error,35592
UpdateRouteReq,16687
Error,17441
FindNodeReq,30677
FindNodeReq,27220
Error,30972
Error,28168
FindNodeReq,48867
Error,64561
FindNodeReq,33372
FindNodeReq,44474
FindNodeReq,60378
Error,44366
Error,28309
Error,31854
FindNodeReq,30890
Error,29807
FindNodeReq,23553
FindNodeReq,23502
Error,28644
Error,42162
Error,30765
Error,41099
Error,17658
UpdateRouteReq,16376
UpdateRouteReq,15592
UpdateRouteReq,20146
UpdateRouteReq,13813
FindNodeReq,37799
Error,42811
FindNodeReq,53892
FindNodeReq,20743
Error,24563
Error,26887
Error,38713
UpdateRouteReq,24372
Error,53886
Error,14406
FindNodeReq,26561
FindNodeReq,34989
Error,10022
Error,25708
FindNodeReq,27588
FindNodeReq,35099
UpdateRouteReq,36483
Error,49941
UpdateRouteReq,13368
UpdateRouteReq,13080
FindNodeReq,28222
FindNodeReq,21161
Error,35950
UpdateRouteReq,17844
Error,25669
Error,26045
FindNodeReq,62467
Error,63140
FindNodeReq,24318
FindNodeReq,23416
Error,27834
Error,32918
UpdateRouteReq,16128
Error,29914
Error,27918
Error,16644
Error,24581
Error,28006
UpdateRouteReq,16371
UpdateRouteReq,30266
Error,33226
FindNodeReq,51384
FindNodeReq,35330
FindNodeReq,46216
Error,40611
Error,37779
Error,22645
Error,40388
Error,27851
Error,33566
Error,36748
Error,33613
UpdateRouteReq,16466
Error,16264
Error,25188
Error,35424
Error,26129
Error,32294
Error,23250
Error,14213
FindNodeReq,25922
FindNodeReq,23593
Error,25987
Error,28921
Error,34744
Error,31351
Error,37544
Error,17609
FindNodeReq,33735
Error,35938
FindNodeReq,21488
Error,24819
FindNodeReq,23641
Error,23078
Error,32438
Error,23748
FindNodeReq,31828
Error,14229
FindNodeReq,43973
Error,44772
Error,29033
Error,41480
Error,36901
Error,37217
FindNodeReq,36031
Error,16219
Error,28442
Error,27886
FindNodeReq,25089
UpdateRouteReq,15685
UpdateRouteReq,15524
UpdateRouteReq,20750
UpdateRouteReq,25635
Error,43442
FindNodeReq,24970
Error,35727
Error,36098
Error,16549
Error,25356
FindNodeReq,24729
FindNodeReq,24910
Error,28043
Error,34400
Error,35268
Error,25975
Error,14476
FindNodeReq,22936
FindNodeReq,20197
Error,22006
FindNodeReq,28513
Error,27439
FindNodeReq,37334
Error,26419
Error,31401
Error,28256
Error,13844
UpdateRouteReq,13515
FindNodeReq,22095
FindNodeReq,21352
Error,9773
FindNodeReq,22077
Error,23503
FindNodeReq,26022
FindNodeReq,38334
FindNodeReq,23172
Error,24050
Error,27582
Error,32490
Error,14493
Error,33762
FindNodeReq,45763
FindNodeReq,22867
Error,29263
Error,29963
Error,36106
Error,26416
Error,33418
UpdateRouteReq,16794
FindNodeReq,26608
FindNodeReq,23829
Error,25007
FindNodeReq,23112
Error,24374
FindNodeReq,21072
Error,24831
Error,25824
Error,23002
Error,14933
FindNodeReq,29071
FindNodeReq,22321
Error,9867
Error,24259
UpdateRouteReq,26331
FindNodeReq,32024
UpdateRouteReq,36868
FindNodeReq,48268
Error,32393
Error,36959
Error,33374
Error,20215
FindNodeReq,46736
FindNodeReq,64251
Error,19910
Error,24495
Error,27633
Error,25292
FindNodeReq,31892
Error,39386
FindNodeReq,25485
Error,14327
Error,11498
Error,28682
Error,46246
Error,34446
Error,41989
Error,33408
FindNodeReq,28761
FindNodeReq,34799
FindNodeReq,44936
FindNodeReq,26489
FindNodeReq,26506
Error,11719
Error,30079
Error,28847
Error,31376
Error,42543
Error,22655
UpdateRouteReq,16710
UpdateRouteReq,15135
UpdateRouteReq,14738
UpdateRouteReq,13382
Error,22005
FindNodeReq,23673
FindNodeReq,21634
Error,22977
Error,31061
FindNodeReq,20787
Error,22507
Error,25985
Error,15099
Error,11947
Error,36296
Error,28947
Error,34056
Error,22543
Error,24773
Error,35911
Error,33004
UpdateRouteReq,16715
Error,28260
Error,31868
FindNodeReq,48468
FindNodeReq,64043
FindNodeReq,40493
FindNodeReq,53605
Error,68600
Error,75630
Error,45046
Error,17469
Error,31585
Error,35328
Error,35430
Error,33317
Error,11659
Error,11714
Error,30617
Error,36680
Error,41928
Error,28692
FindNodeReq,42985
Error,42328
FindNodeReq,38401
FindNodeReq,27215
UpdateRouteReq,16400
UpdateRouteReq,15471
FindNodeReq,26992
Error,12093
UpdateRouteReq,23333
Error,29354
UpdateRouteReq,15795
Error,28788
Error,29384
Error,26668
Error,23774
Error,15409
Error,34900
Error,24018
Error,33080
FindNodeReq,43000
FindNodeReq,32871
FindNodeReq,42853
Error,55995
Error,25923
FindNodeReq,32579
FindNodeReq,43663
Error,44971
FindNodeReq,22846
UpdateRouteReq,15658
UpdateRouteReq,15275
UpdateRouteReq,15975
FindNodeReq,32618
UpdateRouteReq,13681
FindNodeReq,26540
FindNodeReq,44388
Error,41679
Error,49783
Error,35541
Error,45597
FindNodeReq,62638
UpdateRouteReq,65533
Error,27484
Error,52869
UpdateRouteReq,65280
Error,80722
Error,27719
Error,27076
Error,26903
Error,26840
FindNodeReq,47709
FindNodeReq,41938
Error,41676
FindNodeReq,56161
Error,57030
FindNodeReq,26129
UpdateRouteReq,35223
Error,35925
UpdateRouteReq,15018
FindNodeReq,26575
FindNodeReq,26649
Error,47951
FindNodeReq,73185
FindNodeReq,87640
FindNodeReq,99305
Error,28216
Error,46273
Error,24884
Error,33853
FindNodeReq,31969
FindNodeReq,24712
Error,25889
FindNodeReq,25714
Error,39516
FindNodeReq,50580
FindNodeReq,63133
Error,26771
Error,35204
Error,34074
Error,16167
UpdateRouteReq,15733
UpdateRouteReq,13825
FindNodeReq,26290
FindNodeReq,23136
FindNodeReq,24967
Error,25529
FindNodeReq,33815
FindNodeReq,25683
Error,32866
FindNodeReq,44266
Error,28920
FindNodeReq,25103
UpdateRouteReq,16892
Error,27728
UpdateRouteReq,14445
Error,36172
Error,45380
Error,40044
Error,28958
FindNodeReq,25116
FindNodeReq,25072
FindNodeReq,28514
Error,42693
FindNodeReq,28850
Error,37181
FindNodeReq,51167
FindNodeReq,64417
Error,28676
FindNodeReq,61786
Error,17182
Error,11608
FindNodeReq,25473
Error,28124
Error,30053
Error,37112
Error,32936
Error,17143
Error,26161
Error,28851
Error,39708
Error,42621
Error,36527
UpdateRouteReq,20342
Error,15970
FindNodeReq,31475
FindNodeReq,32266
FindNodeReq,25919
UpdateRouteReq,20686
FindNodeReq,34055
UpdateRouteReq,18654
FindNodeReq,32517
Error,31429
Error,31274
Error,28456
Error,26938
Error,41924
Error,16592
UpdateRouteReq,16109
UpdateRouteReq,14984
UpdateRouteReq,14189
Error,21995
FindNodeReq,23112
FindNodeReq,24609
Error,24548
Error,24026
FindNodeReq,20929
FindNodeReq,40506
Error,26040
Error,31218
Error,17265
FindNodeReq,24595
FindNodeReq,26843
FindNodeReq,26355
Error,11840
FindNodeReq,26221
UpdateRouteReq,15349
Error,29052
UpdateRouteReq,28760
UpdateRouteReq,29966
UpdateRouteReq,14201
Error,30369
Error,26865
Error,45264
FindNodeReq,37400
Error,49411
Error,11881
Error,28186
FindNodeReq,42448
UpdateRouteReq,37075
Error,28529
Error,36192
Error,28182
Error,16521
FindNodeReq,46103
Error,11356
FindNodeReq,26507
Error,24938
Error,26552
Error,29869
Error,24475
Error,19749
Error,15561
FindNodeReq,31751
FindNodeReq,25663
Error,27553
Error,28227
Error,32376
FindNodeReq,25240
Error,39124
Error,22683
FindNodeReq,28786
FindNodeReq,29328
UpdateRouteReq,15615
UpdateRouteReq,15014
UpdateRouteReq,15012
UpdateRouteReq,14677
UpdateRouteReq,15185
Error,25424
Error,28112
UpdateRouteReq,33476
UpdateRouteReq,13692
Error,42199
Error,27245
Error,22385
Error,14322
Error,26948
Error,29186
FindNodeReq,24535
FindNodeReq,23472
Error,31933
FindNodeReq,43159
UpdateRouteReq,21027
Error,42377
Error,36896
Error,16779
Error,25894
Error,25193
Error,28098
Error,26015
Error,23030
Error,21158
FindNodeReq,33544
FindNodeReq,45200
Error,54788
FindNodeReq,49745
Error,57209
Error,58923
Error,80871
UpdateRouteReq,94631
UpdateRouteReq,21867
Error,36925
UpdateRouteReq,33040
UpdateRouteReq,33878
Error,56467
Error,45172
UpdateRouteReq,46234
UpdateRouteReq,57490
Error,57238
Error,60979
Error,93090
Error,118996
Error,24636
Error,29659
FindNodeReq,22375
Error,24034
Error,31341
Error,36004
Error,15001
Error,18986
Error,14754
FindNodeReq,43021
FindNodeReq,23849
Error,12808
Error,11824
Error,11263
Error,16911
Error,16646
UpdateRouteReq,35406
UpdateRouteReq,37750
FindNodeReq,28072
Error,28927
FindNodeReq,26424
UpdateRouteReq,15371
Error,31397
Error,29453
Error,31356
Error,16567
Error,25805
Error,26310
Error,44193
Error,28918
Error,28174
UpdateRouteReq,17100
Error,16115
Error,38434
Error,35755
Error,40930
Error,35941
Error,39078
Error,17023
FindNodeReq,32292
UpdateRouteReq,13755
UpdateRouteReq,13289
UpdateRouteReq,13056
UpdateRouteReq,16750
Error,55018
Error,28636
Error,28891
FindNodeReq,31010
Error,26867
Error,29558
Error,17085
FindNodeReq,33275
Error,32135
Error,27118
Error,29439
Error,33298
Error,26779
Error,22431
FindNodeReq,24654
FindNodeReq,32155
Error,31252
Error,25454
Error,30228
Error,32834
Error,35758
Error,14262
FindNodeReq,31097
UpdateRouteReq,26575
Error,9750
FindNodeReq,22752
Error,24421
Error,24944
Error,26078
Error,23468
Error,14344
FindNodeReq,32795
Error,9936
Error,23924
Error,28085
Error,25602
Error,32122
Error,20295
Error,27376
FindNodeReq,36066
Error,48817
Error,38437
Error,50969
Error,26098
Error,41596
Error,59123
Error,36573
Error,42949
FindNodeReq,21797
Error,23829
FindNodeReq,24530
Error,26225
Error,30999
Error,10714
Error,24583
Error,14507
Error,10816
Error,27263
Error,22283
Error,24637
FindNodeReq,22701
Error,35034
Error,25410
Error,37421
Error,14208
FindNodeReq,23862
Error,9934
Error,44310
FindNodeReq,37097
FindNodeReq,287368
FindNodeReq,42377
Error,67510
FindNodeReq,24048
Error,27755
Error,27395
Error,16990
Error,25406
FindNodeReq,25207
Error,27045
FindNodeReq,31928
FindNodeReq,29520
FindNodeReq,40836
Error,26711
UpdateRouteReq,17189
Error,28316
UpdateRouteReq,31531
Error,27186
Error,16213
Error,39462
Error,34322
FindNodeReq,26090
FindNodeReq,29604
FindNodeReq,41277
FindNodeReq,36789
Error,50922
FindNodeReq,34209
UpdateRouteReq,14968
Error,33713
UpdateRouteReq,34670
Error,26114
Error,17517
FindNodeReq,31314
Error,30091
FindNodeReq,29253
FindNodeReq,50260
FindNodeReq,20572
Error,23904
Error,39249
Error,30470
Error,37495
Error,16978
UpdateRouteReq,15534
FindNodeReq,26082
FindNodeReq,31610
FindNodeReq,23768
Error,12595
Error,27500
Error,28193
Error,25984
Error,16910
Error,11794
Error,24966
Error,32071
Error,30143
Error,35276
Error,25684
Error,13988
FindNodeReq,25513
FindNodeReq,22391
FindNodeReq,26819
FindNodeReq,41306
FindNodeReq,27663
UpdateRouteReq,15841
Error,27971
Error,26927
Error,36319
Error,27237
Error,27512
Error,16408
FindNodeReq,35724
FindNodeReq,48807
FindNodeReq,63447
FindNodeReq,24878
UpdateRouteReq,17011
UpdateRouteReq,31382
FindNodeReq,24804
FindNodeReq,26942
Error,11938
Error,28342
Error,41704
Error,38382
Error,27410
Error,17904
FindNodeReq,28665
FindNodeReq,23187
FindNodeReq,24736
FindNodeReq,24512
UpdateRouteReq,15415
FindNodeReq,24979
UpdateRouteReq,13723
Error,25043
UpdateRouteReq,14821
Error,29420
Error,47178
Error,26788
UpdateRouteReq,21477
Error,25885
Error,44282
Error,12365
Error,33212
FindNodeReq,25805
Error,26534
Error,36927
UpdateRouteReq,25581
UpdateRouteReq,15640
FindNodeReq,30906
Error,44165
Error,23896
FindNodeReq,27539
FindNodeReq,77286
FindNodeReq,92903
UpdateRouteReq,105108
FindNodeReq,56589
Error,79884
Error,84158
Error,28276
Error,31073
UpdateRouteReq,15137
UpdateRouteReq,25138
Error,42906
Error,28437
Error,16948
Error,18630
FindNodeReq,41838
Error,40835
UpdateRouteReq,14229
Error,35107
UpdateRouteReq,13772
FindNodeReq,39853
Error,67430
UpdateRouteReq,70368
Error,66277
Error,39587
UpdateRouteReq,27903
Error,49171
Error,39314
Error,51680
UpdateRouteReq,16888
Error,28900
Error,33350
Error,25432
UpdateRouteReq,55389
UpdateRouteReq,68790
UpdateRouteReq,80590
FindNodeReq,95611
FindNodeReq,119702
Error,120336
Error,9890
UpdateRouteReq,17014
UpdateRouteReq,16205
Error,12687
Error,32720
Error,29909
Error,37056
Error,30733
Error,22776
UpdateRouteReq,15480
UpdateRouteReq,14757
UpdateRouteReq,15142
UpdateRouteReq,14624
UpdateRouteReq,22704
FindNodeReq,39866
Error,12005
Error,43504
Error,28294
Error,38629
Error,29717
Error,22346
Error,25129
Error,27612
Error,28630
Error,36676
Error,37996
FindNodeReq,45573
Error,42629
Error,9945
Error,29783
Error,25087
Error,31397
Error,28306
Error,14380
Error,9786
UpdateRouteReq,14701
Error,24888
UpdateRouteReq,24154
Error,41228
Error,35472
Error,32514
Error,22911
Error,24827
Error,28788
Error,28630
Error,30396
Error,44720
Error,17010
Error,21165
UpdateRouteReq,14724
Error,24645
UpdateRouteReq,12659
Error,25436
Error,25414
Error,23019
Error,28941
Error,9980
Error,24972
Error,25201
Error,27014
Error,45182
Error,14350
Error,25143
Error,34546
Error,42565
UpdateRouteReq,32719
UpdateRouteReq,28787
Error,45586
UpdateRouteReq,14969
Error,28098
Error,45944
Error,40843
Error,53985
FindNodeReq,25647
Error,31111
FindNodeReq,41605
FindNodeReq,51453
Error,22012
Error,37801
Error,38820
Error,50333
Error,28945
Error,21994
Error,27547
Error,26365
Error,16062
Error,53332
Error,55068
Error,31612
Error,31927
Error,12435
Error,11069
Error,11318
Error,11225
Error,27935
Error,57356
Error,26721
Error,30822
Error,24544
Error,28112
Error,33671
Error,32678
Error,40083
UpdateRouteReq,53563
UpdateRouteReq,33141
UpdateRouteReq,42206
FindNodeReq,57898
Error,72958
Error,21909
Error,30308
FindNodeReq,33096
FindNodeReq,32953
FindNodeReq,42075
Error,9938
Error,25029
Error,25779
Error,31682
Error,32277
Error,23396
FindNodeReq,23454
FindNodeReq,27774
Error,11834
Error,42487
FindNodeReq,31258
FindNodeReq,23438
Error,26443
Error,30312
Error,36904
Error,17012
Error,10184
Error,27782
Error,25999
Error,23380
Error,32174
Error,19663
Error,28940
Error,32358
Error,31640
Error,41442
Error,40599
Error,21581
Error,31179
Error,36244
Error,29836
Error,30165
Error,26195
Error,23553
Error,13994
UpdateRouteReq,14039
Error,40977
FindNodeReq,26431
Error,28070
QueryRouteReq,37149
Error,26636
Error,48076
Error,27634
Error,21789
FindNodeReq,24715
FindNodeReq,25827
FindNodeReq,26792
FindNodeReq,27168
FindNodeReq,29197
FindNodeReq,42021
FindNodeReq,47626
Error,47583
FindNodeReq,27030
FindNodeReq,23512
Error,28471
Error,35064
Error,37498
Error,33014
Error,32958
FindNodeReq,26558
FindNodeReq,30268
FindNodeReq,23080
UpdateRouteReq,14654
UpdateRouteReq,13610
Error,50168
Error,35245
FindNodeReq,25623
FindNodeReq,40026
FindNodeReq,56725
Error,73384
Error,28334
Error,31181
Error,16547
Error,11456
Error,33198
Error,29799
Error,29141
Error,23341
Error,13966
Error,21147
Error,25239
Error,25134
Error,27536
Error,32483
Error,19282
Error,21060
Error,29546
Error,36063
Error,35826
Error,37571
Error,22313
Error,24878
Error,34166
Error,28660
Error,37308
Error,43209
Error,16846
Error,25072
Error,27721
Error,29019
Error,36607
Error,45090
UpdateRouteReq,16897
Error,17089
FindNodeReq,26697
FindNodeReq,29147
FindNodeReq,37925
Error,25149
FindNodeReq,26136
Error,26458
Error,33688
Error,26910
QueryRouteReq,40872
Error,33314
Error,24083
Error,15785
Error,32796
FindNodeReq,31859
Error,31539
Error,45071
Error,44552
Error,58108
Error,24795
Error,11743
Error,11093
Error,26360
FindNodeReq,26950
Error,22874
Error,25677
Error,25873
Error,14058
FindNodeReq,24816
Error,9908
Error,24834
FindNodeReq,40215
UpdateRouteReq,19607
Error,35267
Error,26161
Error,27033
Error,14832
FindNodeReq,41652
Error,20931
Error,24790
Error,36904
FindNodeReq,27557
Error,23711
Error,26433
Error,18952
FindNodeReq,21242
Error,9909
Error,35854
FindNodeReq,25256
Error,32596
Error,37839
Error,32204
Error,16565
FindNodeReq,28539
Error,25387
Error,36075
FindNodeReq,36685
Error,41116
Error,31581
Error,26272
Error,14169
FindNodeReq,36892
Error,42480
Error,25165
Error,22911
Error,32637
Error,24255
Error,14090
FindNodeReq,34107
UpdateRouteReq,33042
FindNodeReq,39844
Error,40594
Error,41968
Error,28822
Error,50675
Error,42348
Error,21770
FindNodeReq,24222
FindNodeReq,50938
Error,51582
Error,27924
Error,31086
Error,26679
Error,34825
UpdateRouteReq,36559
Error,17215
FindNodeReq,31622
FindNodeReq,24808
FindNodeReq,28761
FindNodeReq,32471
Error,24823
FindNodeReq,27067
FindNodeReq,25398
Error,27078
Error,26246
Error,29357
Error,26139
Error,33362
FindNodeReq,29511
FindNodeReq,23616
Error,25093
FindNodeReq,35778
Error,22995
FindNodeReq,20964
Error,24832
Error,25942
Error,29596
Error,14062
FindNodeReq,22384
FindNodeReq,21195
Error,15637
FindNodeReq,26324
FindNodeReq,22059
Error,24374
Error,25347
Error,33146
Error,34627
Error,15656
FindNodeReq,21828
FindNodeReq,20135
Error,30650
FindNodeReq,43174
FindNodeReq,23915
Error,28517
Error,28788
Error,37271
Error,38839
Error,16954
FindNodeReq,29940
FindNodeReq,39845
Error,21484
FindNodeReq,32056
Error,28531
FindNodeReq,38459
Error,25161
Error,31536
Error,28581
Error,13996
FindNodeReq,26030
FindNodeReq,31818
UpdateRouteReq,33107
Error,25460
Error,27722
FindNodeReq,35607
FindNodeReq,50292
FindNodeReq,33675
FindNodeReq,44559
Error,26706
Error,29357
Error,25760
Error,27018
FindNodeReq,31931
FindNodeReq,23217
FindNodeReq,22865
FindNodeReq,22599
Error,11875
Error,27769
UpdateRouteReq,33854
Error,29622
Error,26634
Error,33671
Error,33823
Error,17820
Error,35792
Error,30267
Error,29204
Error,29711
Error,16308
Error,9827
Error,27591
Error,25835
Error,31420
Error,24139
Error,14342
Error,14803
Error,34526
Error,29816
Error,28069
Error,52524
Error,15117
FindNodeReq,35408
FindNodeReq,47018
Error,47564
FindNodeReq,21377
Error,24499
Error,29340
Error,30797
Error,26923
Error,14946
UpdateRouteReq,23784
Error,22204
Error,28119
Error,29079
Error,37325
Error,33461
Error,22564
Error,25012
Error,27881
FindNodeReq,35342
FindNodeReq,25782
Error,40507
Error,31775
Error,36963
Error,15794
FindNodeReq,42393
Error,43181
Error,28729
FindNodeReq,24766
Error,26951
Error,36410
Error,31383
Error,16614
FindNodeReq,26031
FindNodeReq,26744
Error,25385
Error,24120
FindNodeReq,32422
FindNodeReq,41684
FindNodeReq,21329
Error,39625
Error,25153
Error,30889
FindNodeReq,22484
Error,14129
Error,24929
FindNodeReq,24311
UpdateRouteReq,16628
Error,28335
FindNodeReq,24055
Error,28174
Error,27079
Error,35470
Error,24131
FindNodeReq,37070
FindNodeReq,47400
Error,51588
Error,41131
Error,28908
Error,40774
Error,33936
Error,47893
Error,59168
FindNodeReq,68992
FindNodeReq,88234
Error,28335
Error,23048
Error,23708
Error,26427
Error,31113
Error,11059
Error,9637
Error,18588
Error,26601
Error,9644
FindNodeReq,52091
FindNodeReq,62906
FindNodeReq,42023
FindNodeReq,52709
Error,52887
Error,25246
Error,26107
Error,25102
Error,22457
Error,20792
FindNodeReq,36363
Error,38497
FindNodeReq,51520
Error,27554
FindNodeReq,36197
FindNodeReq,46188
UpdateRouteReq,17830
UpdateRouteReq,31689
Error,40257
Error,42838
FindNodeReq,31334
FindNodeReq,40747
Error,53224
Error,22946
Error,27497
Error,24159
Error,31048
Error,27479
FindNodeReq,27472
FindNodeReq,19279
Error,27104
Error,32819
Error,43599
Error,56070
Error,14383
Error,10674
Error,41152
Error,42177
Error,43440
Error,44694
Error,44863
FindNodeReq,26280
FindNodeReq,35455
Error,23852
Error,26874
Error,30457
Error,25734
Error,10243
FindNodeReq,36326
FindNodeReq,45132
FindNodeReq,21274
FindNodeReq,46412
Error,24842
Error,43461
UpdateRouteReq,15133
FindNodeReq,27261
FindNodeReq,31331
UpdateRouteReq,33420
FindNodeReq,36513
Error,50904
Error,29538
Error,28444
Error,21541
Error,11349
Error,27635
Error,28589
Error,36102
UpdateRouteReq,31737
UpdateRouteReq,18678
Error,26898
Error,14690
Error,13022
Error,24368
FindNodeReq,24946
Error,22841
Error,33571
Error,26483
Error,15069
UpdateRouteReq,37925
Error,24461
Error,36980
UpdateRouteReq,15864
Error,29205
Error,30539
Error,29478
Error,16343
Error,25223
Error,33481
Error,30443
Error,34882
Error,27068
Error,16420
Error,22290
Error,31399
Error,24900
Error,33787
Error,26769
Error,14743
UpdateRouteReq,13070
UpdateRouteReq,30344
Error,46932
Error,24820
Error,31918
Error,27058
Error,31598
Error,15220
Error,9790
Error,23522
Error,43625
Error,25754
Error,31218
Error,20409
Error,10745
Error,41344
Error,30304
Error,35549
Error,35174
Error,16549
Error,26912
Error,27819
UpdateRouteReq,17709
Error,42738
FindNodeReq,27911
Error,23709
FindNodeReq,25633
FindNodeReq,38027
Error,22725
FindNodeReq,34597
Error,34075
Error,24398
FindNodeReq,24512
FindNodeReq,25738
Error,28258
Error,30400
Error,34358
UpdateRouteReq,15761
Error,29741
Error,22060
FindNodeReq,30094
FindNodeReq,40251
Error,25304
Error,28130
FindNodeReq,34324
Error,23111
FindNodeReq,20266
Error,24406
FindNodeReq,23355
FindNodeReq,22014
Error,22237
Error,19501
FindNodeReq,42124
Error,42978
FindNodeReq,23632
Error,28846
Error,41960
Error,30694
Error,46405
Error,16791
FindNodeReq,26224
FindNodeReq,23119
Error,25481
FindNodeReq,23328
FindNodeReq,21529
Error,22776
Error,30514
Error,37163
Error,22436
Error,22177
FindNodeReq,22747
FindNodeReq,21148
FindNodeReq,27026
Error,26292
FindNodeReq,22065
Error,24150
Error,32215
Error,26654
Error,28917
FindNodeReq,26581
Error,14227
FindNodeReq,20977
FindNodeReq,32458
Error,9905
Error,28122
UpdateRouteReq,29012
FindNodeReq,34554
Error,34714
Error,36489
Error,31628
Error,16661
FindNodeReq,28043
FindNodeReq,23498
FindNodeReq,25291
FindNodeReq,28899
Error,25355
FindNodeReq,26892
Error,32447
FindNodeReq,43416
FindNodeReq,29793
Error,32472
Error,38546
Error,28041
Error,16721
FindNodeReq,26246
FindNodeReq,23176
FindNodeReq,23614
FindNodeReq,26037
FindNodeReq,24589
Error,27801
FindNodeReq,26357
FindNodeReq,25317
Error,26729
FindNodeReq,29823
FindNodeReq,40402
Error,26548
Error,38649
Error,34850
Error,16186
FindNodeReq,25258
FindNodeReq,23040
FindNodeReq,24207
FindNodeReq,22751
Error,22611
FindNodeReq,21621
FindNodeReq,24874
FindNodeReq,23487
Error,31892
FindNodeReq,42177
Error,33863
UpdateRouteReq,17442
Error,41278
UpdateRouteReq,54350
Error,28398
Error,43323
UpdateRouteReq,50642
UpdateRouteReq,56179
UpdateRouteReq,78337
Error,78966
Error,30237
Error,35455
Error,30785
Error,36408
Error,19823
FindNodeReq,23950
UpdateRouteReq,13003
UpdateRouteReq,24408
UpdateRouteReq,11536
FindNodeReq,25186
UpdateRouteReq,13898
UpdateRouteReq,19509
UpdateRouteReq,13090
UpdateRouteReq,36249
FindNodeReq,55503
Error,11708
Error,28523
Error,29921
Error,36115
Error,34748
Error,18158
FindNodeReq,26394
UpdateRouteReq,15269
FindNodeReq,50966
Error,38302
Error,24424
Error,53188
UpdateRouteReq,15874
Error,33326
Error,31132
Error,22916
FindNodeReq,24882
UpdateRouteReq,14861
UpdateRouteReq,40517
FindNodeReq,24033
FindNodeReq,44674
FindNodeReq,38325
FindNodeReq,54694
Error,30523
Error,44070
FindNodeReq,54729
UpdateRouteReq,26787
UpdateRouteReq,41815
UpdateRouteReq,28961
Error,33227
UpdateRouteReq,54600
Error,90465
Error,26162
Error,23377
FindNodeReq,22454
Error,23700
Error,39587
Error,14672
Error,38229
UpdateRouteReq,40151
Error,42424
UpdateRouteReq,73223
Error,73948
UpdateRouteReq,14891
Error,28784
Error,42851
FindNodeReq,47883
FindNodeReq,32199
Error,34550
UpdateRouteReq,35552
UpdateRouteReq,14489
Error,44028
Error,22913
Error,25691
Error,26130
Error,31814
Error,23833
FindNodeReq,28442
FindNodeReq,26491
Error,38374
FindNodeReq,23934
FindNodeReq,22758
Error,14168
FindNodeReq,33506
FindNodeReq,43032
FindNodeReq,31506
FindNodeReq,41940
FindNodeReq,24999
Error,26223
QueryRouteReq,24099
Error,27521
Error,36845
Error,36046
Error,33714
Error,16574
FindNodeReq,34668
FindNodeReq,32262
FindNodeReq,45165
Error,24767
Error,34256
UpdateRouteReq,16119
Error,28447
Error,33733
Error,34276
Error,16465
Error,26619
Error,28206
Error,35386
Error,31284
Error,30731
UpdateRouteReq,16770
Error,15921
FindNodeReq,34876
FindNodeReq,45745
FindNodeReq,23713
FindNodeReq,42728
FindNodeReq,23128
FindNodeReq,21114
FindNodeReq,23952
FindNodeReq,22512
FindNodeReq,21750
Error,22520
UpdateRouteReq,15498
Error,29326
Error,47269
Error,35537
Error,27555
FindNodeReq,39226
FindNodeReq,26519
Error,16864
UpdateRouteReq,22348
UpdateRouteReq,24140
UpdateRouteReq,15004
Error,11560
Error,28372
FindNodeReq,28822
Error,27605
Error,30785
Error,27669
UpdateRouteReq,33000
FindNodeReq,25471
Error,16395
FindNodeReq,27906
FindNodeReq,25197
UpdateRouteReq,13826
Error,19519
UpdateRouteReq,21439
FindNodeReq,26957
FindNodeReq,25165
Error,28511
Error,115999
Error,30032
Error,26635
Error,24038
Error,30426
Error,26401
Error,33998
Error,25342
FindNodeReq,67050
UpdateRouteReq,51772
UpdateRouteReq,22509
Error,37292
Error,42559
Error,35734
FindNodeReq,57587
UpdateRouteReq,19047
Error,18009
Error,24794
FindNodeReq,22650
Error,24690
Error,23294
FindNodeReq,38897
Error,28150
FindNodeReq,38078
Error,17282
UpdateRouteReq,15049
FindNodeReq,28252
UpdateRouteReq,15301
UpdateRouteReq,14883
UpdateRouteReq,13994
UpdateRouteReq,27249
Error,12134
Error,41723
Error,26897
UpdateRouteReq,16021
Error,46696
Error,28832
Error,34936
Error,50325
Error,36831
Error,38539
Error,34853
FindNodeReq,24919
FindNodeReq,21735
FindNodeReq,25236
Error,37099
UpdateRouteReq,31004
UpdateRouteReq,32048
UpdateRouteReq,34140
Error,54073
FindNodeReq,21002
FindNodeReq,20320
Error,23713
Error,27003
UpdateRouteReq,13237
Error,29119
FindNodeReq,61946
FindNodeReq,73596
FindNodeReq,91786
FindNodeReq,103833
Error,116552
Error,136162
Error,160383
Error,34829
UpdateRouteReq,36308
Error,24662
Error,34449
Error,26152
Error,13098
Error,22317
Error,21950
Error,23039
Error,23647
FindNodeReq,26991
FindNodeReq,29919
UpdateRouteReq,17187
UpdateRouteReq,14387
Error,28248
Error,28689
FindNodeReq,38218
FindNodeReq,36926
FindNodeReq,42490
UpdateRouteReq,50812
Error,67766
Error,26673
Error,17911
Error,20631
Error,27496
Error,27138
FindNodeReq,34586
FindNodeReq,44830
Error,59860
UpdateRouteReq,21244
UpdateRouteReq,35544
UpdateRouteReq,57908
UpdateRouteReq,60323
Error,75674
Error,99958
UpdateRouteReq,25257
FindNodeReq,49628
FindNodeReq,63203
Error,36363
Error,48566
Error,36260
Error,69975
Error,83058
Error,33580
Error,31351
Error,44371
Error,27623
Error,17738
Error,18344
Error,17796
Error,16628
UpdateRouteReq,16131
Error,11822
Error,17343
Error,17007
Error,11358
Error,11805
Error,24815
Error,24288
FindNodeReq,22229
Error,22821
Error,30611
FindNodeReq,22687
Error,14494
Error,10015
Error,24824
FindNodeReq,23882
Error,23071
Error,26214
Error,32564
Error,14193
Error,10036
Error,25211
Error,23563
Error,25589
Error,35012
Error,23661
Error,15374
Error,36407
Error,38200
Error,44205
Error,29436
Error,36462
Error,42895
Error,60410
Error,27914
Error,25566
Error,46232
Error,47498
Error,48576
Error,48946
FindNodeReq,60334
Error,61748
FindNodeReq,25361
Error,14695
Error,35226
FindNodeReq,22957
UpdateRouteReq,18728
UpdateRouteReq,17517
Error,30600
Error,37650
Error,24300
Error,20992
Error,24612
Error,22568
Error,40093
Error,47458
Error,40864
Error,21682
Error,25183
Error,15737
Error,31239
Error,30238
Error,27430
Error,27372
Error,17024
Error,25412
Error,29027
Error,30840
Error,35607
Error,29449
Error,22487
Error,25262
Error,34200
Error,26119
Error,28339
Error,25985
Error,33061
Error,24619
Error,28563
Error,23765
Error,27699
Error,28158
FindNodeReq,23788
Error,14288
FindNodeReq,47163
FindNodeReq,25386
Error,40843
Error,28430
UpdateRouteReq,30689
Error,33900
Error,28814
Error,43676
Error,30249
FindNodeReq,23951
Error,9936
Error,29513
FindNodeReq,27059
Error,38651
Error,51541
Error,14931
Error,21412
Error,23427
Error,31405
FindNodeReq,20329
Error,35419
Error,31232
Error,32895
Error,14502
FindNodeReq,28165
Error,9757
Error,24799
Error,26219
Error,31595
Error,28293
Error,14396
FindNodeReq,22504
FindNodeReq,33308
Error,10082
Error,24749
Error,38449
Error,38384
Error,39175
Error,18012
FindNodeReq,30978
Error,30829
FindNodeReq,43973
Error,29734
Error,28548
Error,38430
Error,34199
FindNodeReq,27527
Error,19074
FindNodeReq,27469
Error,9784
Error,24461
Error,35885
Error,51142
Error,26076
Error,19468
FindNodeReq,24662
FindNodeReq,38964
FindNodeReq,55241
Error,9995
Error,24708
Error,35930
Error,26269
Error,24290
UpdateRouteReq,24445
Error,14090
UpdateRouteReq,26269
FindNodeReq,34063
Error,9873
Error,34897
FindNodeReq,21279
Error,23089
Error,33767
Error,23034
Error,20527
Error,15862
FindNodeReq,30451
Error,43535
Error,36988
Error,50177
Error,23562
Error,41263
Error,59482
Error,42902
Error,24468
Error,21852
FindNodeReq,29735
Error,41564
Error,28326
Error,14792
Error,26174
Error,41485
Error,42126
Error,43479
Error,43937
Error,44947
Error,23243
Error,25362
FindNodeReq,24544
Error,22679
Error,25900
Error,14227
UpdateRouteReq,13045
FindNodeReq,24139
Error,9895
Error,31107
FindNodeReq,24754
FindNodeReq,30392
FindNodeReq,57608
Error,26692
FindNodeReq,37346
FindNodeReq,42305
Error,27719
FindNodeReq,30998
Error,28382
Error,23464
Error,32978
FindNodeReq,41142
FindNodeReq,51289
FindNodeReq,63074
Error,78028
Error,38207
Error,58370
Error,24319
Error,39082
Error,57772
Error,37521
Error,61153
Error,66897
FindNodeReq,77321
Error,89851
FindNodeReq,99876
FindNodeReq,110232
UpdateRouteReq,112391
Error,24052
Error,14562
Error,12310
Error,23228
Error,37457
Error,29576
Error,29450
Error,38327
FindNodeReq,26166
Error,27213
Error,41564
Error,41653
Error,46975
FindNodeReq,30482
FindNodeReq,27866
Error,32997
FindNodeReq,22907
FindNodeReq,27957
FindNodeReq,43113
Error,44161
FindNodeReq,26270
FindNodeReq,35378
FindNodeReq,22709
Error,23780
Error,46126
Error,36228
Error,30976
UpdateRouteReq,22677
Error,27051
UpdateRouteReq,27073
UpdateRouteReq,49108
Error,12653
Error,28945
Error,26943
Error,36862
Error,25863
Error,32397
Error,9920
Error,31585
Error,24409
Error,22668
Error,24951
Error,14028
Error,10250
Error,29843
Error,29581
Error,39979
Error,38889
UpdateRouteReq,21865
Error,16846
FindNodeReq,30374
Error,39548
FindNodeReq,35634
FindNodeReq,26761
Error,27810
Error,40924
Error,31100
Error,26647
Error,16841
FindNodeReq,28995
FindNodeReq,23500
Error,26031
FindNodeReq,33307
Error,27744
Error,27592
Error,30366
Error,25723
Error,33363
FindNodeReq,27994
Error,21882
FindNodeReq,21936
Error,23854
Error,55096
Error,30135
Error,34655
Error,17261
FindNodeReq,30013
Error,25201
FindNodeReq,24767
Error,36075
FindNodeReq,47142
FindNodeReq,62327
FindNodeReq,22778
Error,26021
Error,34959
UpdateRouteReq,27336
FindNodeReq,35281
Error,26864
Error,17265
FindNodeReq,37362
Error,44018
FindNodeReq,23030
FindNodeReq,22317
Error,27849
FindNodeReq,24861
Error,27405
Error,30226
Error,35405
Error,23951
Error,29197
Error,32751
Error,40497
Error,57562
Error,48359
Error,24618
Error,22721
Error,41562
Error,59355
Error,33666
Error,25348
Error,38925
Error,36516
Error,36594
Error,24695
Error,32164
Error,12749
Error,11260
Error,11190
Error,11279
Error,24772
Error,26234
Error,31085
Error,23181
Error,14403
UpdateRouteReq,14800
UpdateRouteReq,13130
Error,10148
Error,30053
UpdateRouteReq,19785
Error,30697
Error,32028
Error,27671
Error,28126
Error,9839
Error,23985
Error,43088
Error,33079
Error,22520
Error,14462
Error,11325
Error,28035
Error,36570
Error,28950
Error,25877
Error,16539
Error,22506
Error,24913
Error,25153
Error,31349
Error,28044
Error,14269
Error,28280
UpdateRouteReq,30920
Error,23865
Error,30766
Error,27001
Error,29596
Error,14522
Error,22248
FindNodeReq,24775
FindNodeReq,21080
FindNodeReq,22611
Error,28163
Error,29526
Error,39828
Error,27312
FindNodeReq,30694
Error,31330
Error,25545
Error,31596
Error,30137
FindNodeReq,31461
Error,26407
Error,35426
Error,17652
FindNodeReq,41844
Error,42498
Error,27558
Error,30859
Error,29064
Error,28892
Error,14250
Error,21575
FindNodeReq,22912
Error,22921
FindNodeReq,28944
FindNodeReq,21067
Error,23049
Error,26103
Error,22954
Error,14053
Error,31326
FindNodeReq,42093
FindNodeReq,52401
FindNodeReq,20563
Error,24433
Error,36732
Error,42906
Error,24285
Error,14306
Error,20737
Error,34744
FindNodeReq,32304
FindNodeReq,24268
Error,27088
Error,30666
Error,37764
Error,16168
UpdateRouteReq,22747
Error,21215
Error,42269
Error,28246
Error,33144
FindNodeReq,35009
Error,38724
FindNodeReq,52524
Error,12241
Error,21266
Error,30785
Error,29709
Error,27948
Error,34078
Error,22675
Error,28430
Error,33267
Error,28210
Error,48484
Error,35411
Error,47701
Error,16249
Error,10322
Error,11123
Error,33765
Error,31141
Error,22780
Error,24377
Error,14043
Error,10073
Error,29439
UpdateRouteReq,22498
FindNodeReq,28333
Error,39294
FindNodeReq,52997
FindNodeReq,67725
FindNodeReq,32398
Error,26097
Error,39637
Error,17475
FindNodeReq,42411
Error,43177
Error,27574
FindNodeReq,36301
FindNodeReq,46591
Error,26537
Error,30929
Error,32989
FindNodeReq,29554
Error,16363
Error,24761
FindNodeReq,23075
FindNodeReq,22292
FindNodeReq,24976
FindNodeReq,26560
FindNodeReq,26726
Error,26329
Error,35253
Error,34018
Error,36211
Error,36585
FindNodeReq,49270
FindNodeReq,37103
FindNodeReq,47279
Error,47531
Error,26764
Error,35509
Error,42684
Error,28311
FindNodeReq,31289
Error,16241
FindNodeReq,25929
FindNodeReq,24934
FindNodeReq,38086
Error,44120
FindNodeReq,24566
FindNodeReq,25541
Error,27962
Error,28872
Error,26809
UpdateRouteReq,32525
Error,40553
UpdateRouteReq,53741
FindNodeReq,26908
Error,35020
FindNodeReq,46481
FindNodeReq,57488
UpdateRouteReq,85710
Error,43985
Error,68818
FindNodeReq,29430
FindNodeReq,38269
FindNodeReq,25799
Error,22558
Error,28391
Error,25007
Error,24441
Error,27466
FindNodeReq,30025
FindNodeReq,27440
FindNodeReq,26103
Error,26988
Error,24891
UpdateRouteReq,61765
FindNodeReq,73813
FindNodeReq,85663
Error,96335
UpdateRouteReq,99144
Error,100256
UpdateRouteReq,111558
UpdateRouteReq,54328
UpdateRouteReq,71428
Error,12497
FindNodeReq,24604
UpdateRouteReq,15406
Error,12223
Error,28771
Error,41173
Error,34882
Error,27492
Error,17041
FindNodeReq,24953
FindNodeReq,21843
FindNodeReq,23406
UpdateRouteReq,27563
UpdateRouteReq,38931
UpdateRouteReq,40970
QueryRouteReq,31534
Error,59670
Error,24556
UpdateRouteReq,20526
UpdateRouteReq,50008
Error,67370
FindNodeReq,49619
FindNodeReq,61038
Error,26157
FindNodeReq,28027
FindNodeReq,26993
Error,25934
Error,16934
Error,12362
Error,38783
Error,29817
Error,29303
Error,34075
Error,17406
UpdateRouteReq,15082
UpdateRouteReq,14416
UpdateRouteReq,14495
QueryRouteReq,25370
Error,25733
Error,26392
Error,25966
Error,25783
Error,32051
Error,15072
Error,25293
Error,28680
FindNodeReq,29123
FindNodeReq,29354
FindNodeReq,40787
FindNodeReq,54188
FindNodeReq,67841
Error,83552
Error,78291
Error,27227
Error,16691
UpdateRouteReq,31591
UpdateRouteReq,28257
UpdateRouteReq,40509
UpdateRouteReq,60588
UpdateRouteReq,70492
UpdateRouteReq,103482
UpdateRouteReq,66992
FindNodeReq,79747
Error,51919
Error,28805
Error,29843
FindNodeReq,33961
UpdateRouteReq,33121
UpdateRouteReq,53042
Error,42792
Error,30735
Error,16603
Error,11556
Error,27980
UpdateRouteReq,14924
Error,36534
UpdateRouteReq,15878
Error,28787
UpdateRouteReq,29471
UpdateRouteReq,42120
Error,33076
UpdateRouteReq,35264
Error,17646
Error,25009
Error,38074
Error,27788
Error,29404
Error,28736
Error,16558
UpdateRouteReq,34418
FindNodeReq,29984
FindNodeReq,28049
FindNodeReq,26315
FindNodeReq,26328
FindNodeReq,23653
Error,25864
Error,27942
FindNodeReq,34551
FindNodeReq,41471
FindNodeReq,54855
Error,82412
UpdateRouteReq,27824
UpdateRouteReq,29678
FindNodeReq,25764
FindNodeReq,22920
UpdateRouteReq,20278
Error,35457
QueryRouteReq,25707
Error,27293
Error,18086
Error,25607
Error,32424
Error,30104
Error,39031
Error,29911
Error,16379
FindNodeReq,24999
FindNodeReq,24728
FindNodeReq,28051
FindNodeReq,26526
FindNodeReq,25480
FindNodeReq,25140
Error,24635
Error,36943
UpdateRouteReq,22931
UpdateRouteReq,20821
Error,35998
UpdateRouteReq,30851
UpdateRouteReq,20828
UpdateRouteReq,36289
Error,52388
UpdateRouteReq,21015
FindNodeReq,34078
FindNodeReq,40382
Error,73561
Error,16563
Error,26989
QueryRouteReq,30991
Error,35346
Error,30908
Error,62061
Error,30252
Error,16598
FindNodeReq,28129
FindNodeReq,30763
Error,25596
Error,33256
UpdateRouteReq,24793
Error,78143
UpdateRouteReq,14719
UpdateRouteReq,14073
Error,43455
UpdateRouteReq,14266
Error,31765
Error,17721
FindNodeReq,25206
Error,12064
Error,31825
Error,29747
Error,36889
FindNodeReq,38785
Error,26192
FindNodeReq,29833
FindNodeReq,32317
Error,36923
FindNodeReq,29175
FindNodeReq,79611
FindNodeReq,22463
FindNodeReq,23922
FindNodeReq,23191
FindNodeReq,23820
UpdateRouteReq,13948
Error,11911
Error,27538
UpdateRouteReq,26640
Error,44642
Error,37078
Error,28560
Error,22612
Error,42348
Error,41303
Error,30843
Error,25815
FindNodeReq,31507
FindNodeReq,42051
FindNodeReq,32266
Error,46050
Error,28369
Error,12449
FindNodeReq,24891
FindNodeReq,32154
UpdateRouteReq,15690
UpdateRouteReq,15392
UpdateRouteReq,23388
Error,42923
Error,26900
Error,30600
Error,27711
Error,38746
Error,17888
UpdateRouteReq,15629
FindNodeReq,28679
FindNodeReq,25801
FindNodeReq,25358
Error,38706
UpdateRouteReq,51801
Error,38584
Error,29891
Error,30111
Error,33385
Error,17530
Error,25543
Error,30313
UpdateRouteReq,19701
Error,45014
Error,29898
Error,27142
Error,23416
UpdateRouteReq,25746
UpdateRouteReq,31911
UpdateRouteReq,15161
UpdateRouteReq,25941
FindNodeReq,49104
Error,10114
Error,24574
Error,25183
Error,25333
Error,36561
Error,32976
Error,28515
Error,28283
Error,29073
Error,37537
Error,25592
Error,16494
Error,22620
Error,24230
Error,36654
Error,22537
Error,36199
Error,17745
Error,30729
FindNodeReq,43658
Error,31961
Error,28987
Error,42498
Error,26341
FindNodeReq,27745
FindNodeReq,25825
Error,16570
Error,9828
Error,30780
Error,24911
Error,25836
Error,38333
Error,14343
Error,9761
Error,28575
Error,35586
Error,25341
Error,38043
Error,33444
Error,43101
Error,53605
Error,29774
UpdateRouteReq,15890
UpdateRouteReq,20241
UpdateRouteReq,13941
UpdateRouteReq,14069
UpdateRouteReq,24982
Error,53188
Error,34977
Error,31267
Error,50837
Error,29652
Error,25258
Error,18116
Error,27161
Error,26773
Error,27740
Error,28409
Error,24882
Error,30367
Error,36906
Error,28025
UpdateRouteReq,20308
Error,35470
Error,16636
FindNodeReq,46032
FindNodeReq,57336
Error,59368
Error,46907
Error,58887
UpdateRouteReq,68952
FindNodeReq,35686
Error,29082
Error,43685
Error,26539
UpdateRouteReq,33933
Error,36627
Error,49902
Error,42008
Error,37742
Error,53007
Error,27885
Error,31873
FindNodeReq,31464
Error,18734
Error,23801
Error,41507
Error,42240
Error,43699
Error,44253
Error,12716
Error,11240
FindNodeReq,26517
Error,28349
Error,33315
Error,36728
Error,25917
Error,16992
FindNodeReq,24275
FindNodeReq,29527
FindNodeReq,26122
FindNodeReq,23284
Error,25965
FindNodeReq,26974
Error,27029
FindNodeReq,26836
FindNodeReq,32719
UpdateRouteReq,34147
Error,26806
Error,30086
Error,38329
Error,16571
Error,12080
Error,30884
FindNodeReq,31082
FindNodeReq,42374
Error,31423
FindNodeReq,48432
Error,40028
Error,31610
Error,23714
Error,25620
FindNodeReq,34976
FindNodeReq,43512
Error,56458
FindNodeReq,20439
Error,23236
Error,22455
Error,29980
FindNodeReq,53691
Error,65561
FindNodeReq,79515
FindNodeReq,92416
Error,116005
Error,24124
FindNodeReq,31171
Error,37462
FindNodeReq,25029
FindNodeReq,24797
Error,36913
Error,39271
Error,64073
Error,72028
Error,91951
FindNodeReq,104051
FindNodeReq,118859
FindNodeReq,134111
FindNodeReq,148308
Error,28646
Error,26556
Error,27701
UpdateRouteReq,23962
Error,44385
Error,32079
Error,37815
FindNodeReq,47621
FindNodeReq,62787
Error,63802
FindNodeReq,72959
Error,10288
UpdateRouteReq,26527
Error,10691
Error,10636
Error,9905
Error,9744
Error,10015
Error,9580
FindNodeReq,32615
FindNodeReq,34691
FindNodeReq,26713
FindNodeReq,26201
FindNodeReq,32375
Error,45972
Error,27935
Error,27111
Error,30784
Error,17076
QueryRouteReq,42865
Error,25712
Error,28147
Error,31055
Error,24361
FindNodeReq,31285
Error,39457
FindNodeReq,29360
FindNodeReq,33203
Error,14261
Error,68119
Error,35212
UpdateRouteReq,46839
Error,27148
Error,30283
Error,29626
Error,15066
Error,21650
UpdateRouteReq,14678
Error,24685
UpdateRouteReq,22336
FindNodeReq,33543
FindNodeReq,46663
FindNodeReq,58504
Error,72447
UpdateRouteReq,91974
Error,42852
Error,37102
Error,14676
Error,9943
Error,25302
FindNodeReq,28214
Error,39281
FindNodeReq,29100
Error,27073
Error,36112
Error,16698
Error,25616
FindNodeReq,27880
FindNodeReq,25319
Error,26565
Error,36066
Error,29759
Error,26550
Error,16573
Error,24306
Error,28824
FindNodeReq,38255
FindNodeReq,43414
Error,40645
Error,45690
Error,27308
Error,28194
FindNodeReq,29668
FindNodeReq,38368
Error,10101
Error,24351
UpdateRouteReq,13097
FindNodeReq,27671
FindNodeReq,37164
UpdateRouteReq,18062
Error,31051
UpdateRouteReq,25418
FindNodeReq,32497
FindNodeReq,22926
FindNodeReq,26860
FindNodeReq,39307
Error,40374
Error,37872
FindNodeReq,22673
Error,19038
FindNodeReq,28951
Error,25111
Error,35507
FindNodeReq,32392
FindNodeReq,43203
Error,26173
Error,45892
Error,29138
Error,16545
Error,11858
FindNodeReq,33798
FindNodeReq,24909
UpdateRouteReq,16750
Error,28472
Error,31714
Error,29850
Error,26133
Error,17271
FindNodeReq,34145
FindNodeReq,25027
FindNodeReq,23289
Error,9810
Error,27278
FindNodeReq,27200
FindNodeReq,35950
FindNodeReq,25679
Error,37588
Error,24381
Error,37261
Error,28218
FindNodeReq,34161
FindNodeReq,25398
FindNodeReq,34122
Error,9806
Error,26306
FindNodeReq,37113
FindNodeReq,40763
FindNodeReq,51448
Error,35359
Error,31006
Error,38108
Error,15267
FindNodeReq,22152
FindNodeReq,21488
FindNodeReq,20300
Error,27740
Error,28030
FindNodeReq,30386
FindNodeReq,41355
FindNodeReq,24789
Error,40670
Error,43125
Error,27447
Error,16295
FindNodeReq,24415
FindNodeReq,24857
FindNodeReq,24439
Error,25058
Error,27966
FindNodeReq,30629
FindNodeReq,41466
FindNodeReq,23617
UpdateRouteReq,19106
FindNodeReq,32422
FindNodeReq,37309
FindNodeReq,46803
Error,60372
Error,31861
Error,35454
FindNodeReq,50757
FindNodeReq,25564
Error,29874
FindNodeReq,41462
Error,42177
FindNodeReq,23814
Error,28563
FindNodeReq,30456
FindNodeReq,41161
Error,26563
Error,36110
Error,35682
Error,16590
FindNodeReq,24418
FindNodeReq,25316
FindNodeReq,24448
FindNodeReq,23217
Error,22341
Error,24494
FindNodeReq,41590
FindNodeReq,35026
FindNodeReq,45748
Error,61126
Error,30149
Error,16632
Error,11583
Error,11658
Error,28618
Error,28954
Error,39426
Error,36014
Error,16687
Error,25809
Error,24390
UpdateRouteReq,13972
Error,31374
Error,24907
Error,22504
Error,20933
FindNodeReq,29864
Error,32160
Error,41956
Error,37927
Error,22815
UpdateRouteReq,24528
Error,28600
Error,39707
Error,47823
Error,68722
Error,37595
Error,50537
Error,33102
Error,25719
Error,22504
Error,11025
Error,9683
Error,26855
Error,11035
Error,11201
UpdateRouteReq,15125
Error,27247
Error,29578
Error,30463
FindNodeReq,31660
Error,47513
UpdateRouteReq,54877
Error,70128
Error,19648
UpdateRouteReq,33964
Error,34194
Error,30788
Error,35259
FindNodeReq,29981
Error,22939
FindNodeReq,27955
Error,24349
UpdateRouteReq,12837
Error,14361
UpdateRouteReq,13087
FindNodeReq,36154
FindNodeReq,31736
FindNodeReq,43075
FindNodeReq,33924
FindNodeReq,46665
FindNodeReq,60772
UpdateRouteReq,15689
UpdateRouteReq,13258
UpdateRouteReq,18123
UpdateRouteReq,17853
Error,24833
FindNodeReq,24805
FindNodeReq,24900
Error,33187
Error,43453
Error,35455
Error,26035
Error,34145
UpdateRouteReq,15083
FindNodeReq,45889
FindNodeReq,56351
FindNodeReq,33237
Error,32427
FindNodeReq,26708
FindNodeReq,23303
FindNodeReq,25911
FindNodeReq,25031
Error,26937
Error,27337
UpdateRouteReq,32280
Error,50095
Error,26217
Error,20470
Error,10000
FindNodeReq,25807
Error,31680
FindNodeReq,41878
FindNodeReq,34612
FindNodeReq,24969
Error,26574
UpdateRouteReq,15493
UpdateRouteReq,13905
Error,34039
UpdateRouteReq,25943
UpdateRouteReq,27561
UpdateRouteReq,30293
Error,31042
Error,17017
Error,55150
Error,36013
Error,40041
Error,36532
Error,28657
UpdateRouteReq,24633
UpdateRouteReq,15211
Error,16371
UpdateRouteReq,15925
UpdateRouteReq,14869
Error,25777
Error,30556
Error,30102
Error,36555
Error,30406
Error,21984
FindNodeReq,26441
UpdateRouteReq,16432
UpdateRouteReq,14023
Error,83429
Error,27649
FindNodeReq,29395
Error,27103
QueryRouteReq,23897
Error,28110
Error,36080
Error,18664
Error,11846
FindNodeReq,24996
UpdateRouteReq,14884
UpdateRouteReq,14174
UpdateRouteReq,13765
Error,28747
Error,28555
Error,45855
Error,24923
Error,15270
FindNodeReq,24139
Error,17323
UpdateRouteReq,18256
UpdateRouteReq,13328
UpdateRouteReq,13283
Error,25258
FindNodeReq,22377
Error,28968
Error,33263
Error,36554
Error,22034
FindNodeReq,88431
FindNodeReq,105019
FindNodeReq,119995
Error,120702
FindNodeReq,133468
FindNodeReq,34506
FindNodeReq,47643
FindNodeReq,62385
Error,40591
Error,34932
Error,26861
QueryRouteReq,34824
Error,65645
Error,29847
Error,32279
Error,50797
FindNodeReq,64127
FindNodeReq,34893
FindNodeReq,44367
FindNodeReq,54620
FindNodeReq,24264
FindNodeReq,24413
FindNodeReq,23920
Error,22337
Error,14650
Error,12971
FindNodeReq,22038
UpdateRouteReq,18543
Error,17909
UpdateRouteReq,18262
FindNodeReq,30721
Error,20858
UpdateRouteReq,21239
Error,22177
UpdateRouteReq,12183
Error,10472
UpdateRouteReq,19656
Error,11068
Error,26727
FindNodeReq,21848
Error,24899
Error,34161
Error,37537
UpdateRouteReq,14006
Error,14414
FindNodeReq,35116
FindNodeReq,45162
UpdateRouteReq,47506
FindNodeReq,26119
FindNodeReq,24776
UpdateRouteReq,15612
Error,25941
Error,28332
Error,28187
Error,28674
UpdateRouteReq,20289
Error,35134
UpdateRouteReq,15441
Error,17332
FindNodeReq,31206
UpdateRouteReq,15161
UpdateRouteReq,14658
UpdateRouteReq,15061
FindNodeReq,30927
Error,41480
Error,27427
UpdateRouteReq,58032
Error,73976
Error,36136
Error,17049
Error,11491
FindNodeReq,34342
FindNodeReq,24994
UpdateRouteReq,14656
FindNodeReq,24718
FindNodeReq,23159
FindNodeReq,50315
FindNodeReq,60683
Error,61612
Error,27752
UpdateRouteReq,13896
UpdateRouteReq,18425
Error,27966
UpdateRouteReq,20939
UpdateRouteReq,39470
Error,63952
FindNodeReq,23433
FindNodeReq,31201
Error,26463
FindNodeReq,23162
FindNodeReq,22309
FindNodeReq,24427
Error,16766
Error,28907
FindNodeReq,33577
FindNodeReq,21392
Error,23520
FindNodeReq,26958
FindNodeReq,35639
Error,23274
Error,25331
Error,23255
Error,21214
FindNodeReq,41263
FindNodeReq,50301
Error,54168
FindNodeReq,64797
FindNodeReq,28365
FindNodeReq,36859
Error,22496
Error,39282
Error,21969
FindNodeReq,28129
FindNodeReq,23917
FindNodeReq,21598
FindNodeReq,21409
Error,26747
Error,38240
Error,27566
FindNodeReq,60754
Error,28580
Error,18206
Error,35106
Error,34449
Error,50918
FindNodeReq,56966
Error,57881
FindNodeReq,72648
FindNodeReq,87722
Error,28541
Error,43870
Error,30582
Error,34086
FindNodeReq,33407
Error,16432
FindNodeReq,28974
FindNodeReq,23474
FindNodeReq,25597
FindNodeReq,26527
FindNodeReq,26339
FindNodeReq,26339
Error,12329
Error,29012
Error,30527
Error,26785
Error,35908
Error,17592
UpdateRouteReq,15471
FindNodeReq,26349
FindNodeReq,26055
UpdateRouteReq,15267
UpdateRouteReq,14733
UpdateRouteReq,13691
UpdateRouteReq,14096
FindNodeReq,25389
UpdateRouteReq,14113
FindNodeReq,43450
Error,49198
Error,28172
Error,28883
FindNodeReq,28348
Error,26377
Error,29441
Error,17214
FindNodeReq,40567
Error,39406
FindNodeReq,54493
Error,28228
Error,28776
Error,28038
UpdateRouteReq,28408
Error,33455
Error,17145
FindNodeReq,30606
UpdateRouteReq,15218
FindNodeReq,26705
FindNodeReq,25934
FindNodeReq,25352
FindNodeReq,24488
FindNodeReq,22340
FindNodeReq,21561
FindNodeReq,30216
UpdateRouteReq,13825
FindNodeReq,26519
Error,12135
Error,27900
UpdateRouteReq,25931
Error,53070
Error,30197
Error,38913
Error,23492
Error,71266
Error,31117
Error,28546
Error,24116
Error,32012
FindNodeReq,43005
FindNodeReq,56470
FindNodeReq,43153
FindNodeReq,55443
FindNodeReq,42101
Error,47099
FindNodeReq,60176
FindNodeReq,74454
Error,28791
Error,28572
FindNodeReq,29856
FindNodeReq,43959
FindNodeReq,64197
FindNodeReq,25198
Error,20554
UpdateRouteReq,14469
Error,35010
UpdateRouteReq,36493
UpdateRouteReq,13639
UpdateRouteReq,16729
UpdateRouteReq,21442
UpdateRouteReq,27182
Error,43082
UpdateRouteReq,51589
Error,31519
Error,39277
Error,17429
Error,11792
Error,27774
FindNodeReq,25208
Error,26190
UpdateRouteReq,16500
Error,30443
Error,29575
Error,17480
FindNodeReq,24774
UpdateRouteReq,15331
UpdateRouteReq,25491
UpdateRouteReq,13496
UpdateRouteReq,12889
FindNodeReq,24883
FindNodeReq,23833
FindNodeReq,22092
Error,12038
Error,29633
Error,29045
Error,26500
Error,42460
Error,16885
FindNodeReq,26179
FindNodeReq,27812
FindNodeReq,25565
FindNodeReq,25485
FindNodeReq,25022
UpdateRouteReq,15803
FindNodeReq,28188
FindNodeReq,26194
Error,12255
Error,27532
Error,29263
Error,26307
Error,40159
UpdateRouteReq,15645
UpdateRouteReq,15458
Error,16481
UpdateRouteReq,15926
FindNodeReq,28989
FindNodeReq,28102
FindNodeReq,20859
FindNodeReq,24074
FindNodeReq,21114
FindNodeReq,46187
FindNodeReq,26819
FindNodeReq,28406
UpdateRouteReq,21894
UpdateRouteReq,23065
FindNodeReq,27895
UpdateRouteReq,15039
UpdateRouteReq,14793
FindNodeReq,24649
FindNodeReq,24411
FindNodeReq,28182
FindNodeReq,22089
UpdateRouteReq,15159
UpdateRouteReq,14094
UpdateRouteReq,16123
Error,12320
Error,30419
Error,28185
Error,35839
FindNodeReq,25301
Error,26675
FindNodeReq,26871
Error,21978
FindNodeReq,36855
FindNodeReq,36223
FindNodeReq,28462
FindNodeReq,38256
UpdateRouteReq,14948
UpdateRouteReq,13915
UpdateRouteReq,32780
FindNodeReq,44888
Error,41872
UpdateRouteReq,16202
Error,28650
FindNodeRsp,25497
Error,28140
UpdateRouteReq,33174
UpdateRouteReq,33875
UpdateRouteReq,28707
Error,42078
Error,28627
FindNodeReq,25243
Error,23298
FindNodeReq,57121
FindNodeReq,96736
Error,97172
Error,28434
Error,44457
Error,40213
UpdateRouteReq,42074
UpdateRouteReq,44918
FindNodeReq,27282
Error,28286
Error,25850
Error,58104
Error,72804
Error,30836
Error,49859
Error,28678
FindNodeReq,42768
Error,57132
FindNodeReq,72865
Error,41885
FindNodeReq,52641
Error,67694
Error,74536
Error,14791
Error,14626
Error,14428
Error,9741
Error,10631
UpdateRouteReq,30652
Error,31123
Error,25752
FindNodeReq,25952
FindNodeReq,35789
FindNodeReq,46966
FindNodeReq,59925
Error,27565
Error,28940
Error,47163
Error,19390
FindNodeReq,29179
FindNodeReq,27288
QueryRouteReq,27191
Error,27797
Error,27965
UpdateRouteReq,14310
Error,28874
FindNodeReq,22154
UpdateRouteReq,17731
Error,30421
Error,59241
Error,16761
Error,11566
Error,37829
FindNodeReq,33392
FindNodeReq,34981
FindNodeReq,47058
Error,62930
Error,36504
FindNodeReq,54075
Error,26381
Error,16781
QueryRouteReq,26544
Error,25827
Error,30519
Error,29986
Error,34041
UpdateRouteReq,14866
FindNodeReq,32752
FindNodeReq,35384
Error,49564
FindNodeReq,65820
UpdateRouteReq,32474
Error,15674
Error,22947
FindNodeReq,22770
FindNodeReq,22139
Error,24597
Error,31261
Error,43526
Error,26836
UpdateRouteReq,21050
Error,16965
FindNodeReq,26127
FindNodeReq,23532
QueryRouteReq,24359
Error,24973
Error,35117
FindNodeReq,30208
FindNodeReq,40928
FindNodeReq,33163
Error,47398
Error,39378
Error,31367
Error,16806
Error,26356
Error,29643
FindNodeReq,24950
FindNodeReq,23789
Error,26460
Error,36419
Error,28146
Error,16533
FindNodeReq,26259
FindNodeReq,31551
FindNodeReq,42916
Error,21970
Error,25166
FindNodeReq,26581
FindNodeReq,36144
Error,28034
Error,27441
Error,35107
Error,28736
FindNodeReq,22277
FindNodeReq,21735
Error,9776
FindNodeReq,21320
FindNodeReq,22261
Error,24456
Error,24631
Error,36482
Error,38900
Error,15038
FindNodeReq,44909
FindNodeReq,55665
Error,25464
FindNodeReq,24920
FindNodeReq,31822
Error,28821
Error,35783
Error,30476
Error,37742
Error,18398
FindNodeReq,36305
FindNodeReq,46717
FindNodeReq,58466
Error,24555
FindNodeReq,23358
FindNodeReq,22033
Error,23698
Error,31214
Error,27254
Error,31853
Error,14875
FindNodeReq,27208
FindNodeReq,35937
UpdateRouteReq,14207
UpdateRouteReq,12946
UpdateRouteReq,14267
Error,9984
FindNodeReq,23172
FindNodeReq,22266
Error,23278
Error,24934
Error,25309
Error,23551
Error,14862
FindNodeReq,29166
FindNodeReq,20265
FindNodeReq,21405
FindNodeReq,26407
Error,25600
FindNodeReq,22391
FindNodeReq,21436
Error,24355
Error,26047
Error,22668
Error,14691
FindNodeReq,53515
Error,55207
FindNodeReq,32261
FindNodeReq,40948
Error,40975
FindNodeReq,26616
FindNodeReq,28598
FindNodeReq,25102
Error,28202
Error,40910
UpdateRouteReq,16316
Error,27635
Error,16877
Error,31324
Error,26263
Error,32389
FindNodeReq,23781
FindNodeReq,27619
FindNodeReq,37741
Error,27925
FindNodeReq,30402
Error,30356
Error,29366
Error,27657
UpdateRouteReq,15944
Error,11300
Error,27399
Error,29657
Error,34865
Error,16787
Error,18669
Error,12030
Error,31059
Error,41185
Error,26155
UpdateRouteReq,15637
UpdateRouteReq,15582
Error,27327
UpdateRouteReq,15355
Error,16271
Error,34370
Error,23876
Error,40132
Error,35562
Error,30573
Error,16619
Error,26617
Error,27673
UpdateRouteReq,15822
Error,31222
Error,34627
Error,26050
Error,31923
Error,10162
Error,33501
Error,26273
Error,24648
UpdateRouteReq,14240
UpdateRouteReq,13139
Error,22984
UpdateRouteReq,13226
Error,15026
Error,10073
Error,25277
Error,25996
Error,24863
Error,23455
Error,21517
Error,13451
Error,41142
Error,35122
Error,25778
Error,53345
Error,60180
Error,31745
UpdateRouteReq,19241
UpdateRouteReq,16227
Error,34726
UpdateRouteReq,26629
FindNodeReq,42364
Error,49197
Error,17448
Error,17164
UpdateRouteReq,33021
Error,16850
Error,25928
Error,30177
Error,36843
Error,38020
Error,30155
Error,24290
Error,25384
UpdateRouteReq,15573
Error,28080
Error,26579
Error,36377
Error,26413
Error,14539
UpdateRouteReq,16141
UpdateRouteReq,27325
UpdateRouteReq,14419
FindNodeReq,22769
Error,21767
Error,24339
UpdateRouteReq,16519
Error,26752
Error,26032
Error,25169
Error,14127
Error,10419
Error,29902
Error,36278
FindNodeReq,29795
Error,31873
FindNodeReq,49584
FindNodeReq,26704
Error,26619
Error,17241
UpdateRouteReq,15015
Error,26229
Error,28230
FindNodeReq,32073
Error,28536
Error,30795
Error,35752
Error,16620
Error,25679
Error,27619
FindNodeReq,31624
FindNodeReq,29171
FindNodeReq,35019
FindNodeReq,47068
Error,62497
Error,39315
UpdateRouteReq,15618
Error,36083
Error,16408
FindNodeReq,26416
FindNodeReq,26838
Error,25047
Error,36419
Error,30086
Error,27481
FindNodeReq,24634
FindNodeReq,25749
UpdateRouteReq,20529
Error,35456
Error,17214
UpdateRouteReq,64095
Error,34580
Error,50266
FindNodeReq,53192
Error,68900
UpdateRouteReq,16143
Error,35286
Error,33243
Error,102671
Error,117828
Error,132036
Error,54434
Error,57637
Error,57352
Error,70465
UpdateRouteReq,72846
Error,23780
UpdateRouteReq,27712
Error,21637
UpdateRouteReq,13629
UpdateRouteReq,11562
UpdateRouteReq,11523
Error,28833
Error,43614
Error,44829
Error,46153
Error,46791
Error,47413
UpdateRouteReq,36248
UpdateRouteReq,47902
UpdateRouteReq,13380
Error,25381
Error,57136
FindNodeReq,38618
Error,27171
Error,23497
Error,24590
Error,21210
Error,36011
UpdateRouteReq,15875
UpdateRouteReq,14587
Error,34842
Error,25540
Error,29732
Error,43243
Error,55855
FindNodeReq,54785
Error,48538
Error,49705
Error,61598
Error,32194
Error,27328
Error,31591
UpdateRouteReq,22677
UpdateRouteReq,25378
Error,59801
Error,19220
Error,20576
Error,10333
Error,24513
Error,32856
Error,29186
UpdateRouteReq,12529
Error,31014
UpdateRouteReq,12650
Error,14383
FindNodeReq,25223
FindNodeReq,22955
UpdateRouteReq,13812
Error,26606
FindNodeReq,25623
UpdateRouteReq,15418
Error,29461
UpdateRouteReq,31106
Error,28827
Error,42100
Error,28599
Error,23362
FindNodeReq,51935
Error,52807
FindNodeReq,63676
FindNodeReq,39211
FindNodeReq,50984
FindNodeReq,62070
Error,28826
Error,28253
UpdateRouteReq,28454
Error,46902
UpdateRouteReq,44144
Error,27998
Error,32187
UpdateRouteReq,15930
FindNodeReq,29412
FindNodeReq,24956
UpdateRouteReq,14438
Error,27905
Error,52989
Error,54305
Error,44578
Error,66176
Error,46109
UpdateRouteReq,48898
Error,13389
Error,24441
FindNodeReq,23425
FindNodeReq,39760
FindNodeReq,88198
FindNodeReq,102742
Error,54227
FindNodeReq,55656
Error,71572
FindNodeReq,84841
Error,28022
UpdateRouteReq,22792
Error,27143
UpdateRouteReq,36600
FindNodeReq,42825
Error,43629
FindNodeReq,26320
FindNodeReq,28190
FindNodeReq,26454
FindNodeReq,24804
Error,28302
Error,31009
Error,35295
Error,27913
UpdateRouteReq,15473
Error,17500
FindNodeReq,24788
FindNodeReq,28695
UpdateRouteReq,15102
UpdateRouteReq,13498
FindNodeReq,28299
FindNodeReq,31634
Error,24789
Error,30177
Error,30741
Error,26002
Error,26402
Error,17121
FindNodeReq,23837
FindNodeReq,24372
FindNodeReq,20466
FindNodeReq,30302
UpdateRouteReq,42220
Error,42821
UpdateRouteReq,53804
Error,24376
Error,23707
Error,30138
FindNodeReq,63367
FindNodeReq,76242
Error,39809
FindNodeReq,56744
FindNodeReq,29316
FindNodeReq,39432
FindNodeReq,28200
FindNodeReq,30738
Error,36058
UpdateRouteReq,26134
QueryRouteReq,32213
Error,38797
Error,39933
Error,34348
Error,23882
UpdateRouteReq,18610
Error,24801
UpdateRouteReq,13924
UpdateRouteReq,12838
Error,14442
UpdateRouteReq,19339
UpdateRouteReq,17269
FindNodeReq,27692
FindNodeReq,28982
FindNodeReq,36858
Error,37607
Error,24997
Error,42049
Error,54240
Error,34961
UpdateRouteReq,16225
Error,16127
Error,54952
Error,41465
Error,27230
Error,30464
Error,40932
Error,16890
FindNodeReq,41965
FindNodeReq,72856
FindNodeReq,28740
Error,25369
Error,31911
Error,28780
Error,38848
Error,43933
Error,17017
FindNodeReq,23505
FindNodeReq,26577
FindNodeReq,32431
FindNodeReq,43400
FindNodeReq,62832
Error,64485
FindNodeReq,26906
Error,26875
Error,29777
Error,30642
Error,44173
Error,16539
FindNodeReq,28534
Error,25493
FindNodeReq,21729
Error,24412
Error,25528
Error,25938
Error,32009
Error,15257
FindNodeReq,31917
FindNodeReq,40774
Error,10023
UpdateRouteReq,14692
Error,33653
FindNodeReq,61492
UpdateRouteReq,20251
Error,35564
Error,36110
Error,36598
Error,16969
FindNodeReq,24505
Error,31046
FindNodeReq,43651
FindNodeReq,23894
Error,37636
Error,31254
Error,26907
Error,29269
Error,15089
FindNodeReq,26458
FindNodeReq,22382
FindNodeReq,24505
FindNodeReq,35825
Error,9931
Error,25851
FindNodeReq,20381
UpdateRouteReq,13897
UpdateRouteReq,17025
Error,30875
Error,23686
Error,25243
Error,14984
Error,12323
FindNodeReq,26144
Error,28013
Error,29110
Error,39620
Error,38390
Error,16520
FindNodeReq,26163
Error,25228
Error,36030
FindNodeReq,24639
Error,26079
Error,28871
Error,26744
Error,16950
UpdateRouteReq,21089
UpdateRouteReq,14816
FindNodeReq,25170
Error,11545
Error,29546
FindNodeReq,22275
Error,23067
Error,26150
Error,25287
Error,14111
Error,9806
Error,24729
FindNodeReq,23299
Error,23201
Error,27036
Error,33366
Error,14513
FindNodeReq,33374
Error,10088
FindNodeReq,21616
FindNodeReq,20423
Error,27382
FindNodeReq,37504
Error,29074
Error,57120
Error,27774
FindNodeReq,37270
FindNodeReq,30135
FindNodeReq,40435
Error,16653
Error,32710
FindNodeReq,45531
FindNodeReq,25891
FindNodeReq,25458
Error,26713
UpdateRouteReq,16152
Error,29272
Error,37630
Error,37700
Error,23089
FindNodeReq,27547
FindNodeReq,23856
UpdateRouteReq,15892
Error,11729
Error,35554
Error,26552
Error,28908
Error,31693
Error,33567
Error,9964
Error,25896
Error,32654
Error,28465
Error,23010
Error,28445
UpdateRouteReq,19796
Error,18539
Error,24882
Error,25243
Error,25524
Error,23452
Error,14318
Error,9713
Error,25471
Error,23396
Error,32253
Error,28551
Error,17109
Error,24675
UpdateRouteReq,16484
Error,29016
UpdateRouteReq,15554
UpdateRouteReq,14647
Error,29532
Error,29602
Error,29999
Error,16636
UpdateRouteReq,46320
UpdateRouteReq,44463
Error,27422
Error,44672
Error,61265
FindNodeReq,80971
FindNodeReq,96617
UpdateRouteReq,110399
Error,36503
Error,24036
UpdateRouteReq,13228
Error,23832
UpdateRouteReq,12100
Error,51607
FindNodeReq,66804
Error,79970
Error,71645
UpdateRouteReq,73706
Error,110377
Error,138985
Error,49459
FindNodeReq,26392
Error,28504
UpdateRouteReq,16584
UpdateRouteReq,15729
UpdateRouteReq,15378
Error,26557
Error,34965
Error,46434
Error,16925
Error,11536
Error,24736
Error,33567
UpdateRouteReq,32791
Error,33108
Error,28513
Error,26096
Error,32541
Error,25832
Error,29710
Error,25682
Error,30879
Error,31181
FindNodeReq,22665
Error,14425
FindNodeReq,24768
FindNodeReq,20925
UpdateRouteReq,12680
FindNodeReq,25321
FindNodeReq,25474
Error,25183
UpdateRouteReq,15949
FindNodeReq,25142
Error,28962
FindNodeReq,38162
PathTeardownReq,17447
Error,34837
Error,36715
Error,33687
UpdateRouteReq,15158
Error,17826
UpdateRouteReq,13080
FindNodeReq,22837
Error,10328
UpdateRouteReq,13224
PathSetupReq,13205
Error,29188
UpdateRouteReq,14668
UpdateRouteReq,19928
Error,38139
Error,34661
Error,37792
Error,22914
Error,11925
UpdateRouteReq,21204
Error,36853
UpdateRouteReq,22698
UpdateRouteReq,31730
FindNodeReq,61385
FindNodeReq,74514
Error,32084
FindNodeReq,59309
PathTeardownReq,16161
UpdateRouteReq,24129
UpdateRouteReq,25605
UpdateRouteReq,28026
PathSetupReq,15002
PathTeardownReq,15051
Error,38427
UpdateRouteReq,13738
Error,24861
FindNodeReq,26458
FindNodeReq,32685
Error,37600
FindNodeReq,48726
UpdateRouteReq,16001
UpdateRouteReq,15269
UpdateRouteReq,30957
UpdateRouteReq,30205
UpdateRouteReq,14348
PathSetupReq,12214
FindNodeReq,26296
UpdateRouteReq,14903
UpdateRouteReq,15409
FindNodeReq,45578
UpdateRouteReq,14808
FindNodeReq,27374
UpdateRouteReq,14210
UpdateRouteReq,56183
Error,28473
Error,29041
UpdateRouteReq,14663
Error,44273
Error,29681
Error,26426
Error,33493
UpdateRouteReq,16503
FindNodeReq,52132
FindNodeReq,46651
Error,47216
FindNodeReq,25662
Error,35741
Error,30951
Error,26662
Error,30036
Error,16903
FindNodeReq,48169
FindNodeReq,67319
FindNodeReq,82841
UpdateRouteReq,86095
Error,86330
UpdateRouteReq,89270
FindNodeReq,27758
Error,28988
Error,29671
Error,38170
Error,29119
Error,32599
FindNodeReq,22827
FindNodeReq,38354
FindNodeReq,24539
FindNodeReq,23061
UpdateRouteReq,15945
QueryRouteReq,27585
Error,12363
Error,35819
Error,28729
Error,38872
Error,43807
Error,17978
UpdateRouteReq,16908
UpdateRouteReq,14862
UpdateRouteReq,14488
FindNodeReq,36938
FindNodeReq,28752
UpdateRouteReq,14984
UpdateRouteReq,14783
FindNodeReq,31349
FindNodeReq,41190
FindNodeReq,38911
FindNodeReq,26308
FindNodeReq,23663
UpdateRouteReq,13564
FindNodeReq,25495
Error,29985
UpdateRouteReq,14590
Error,38086
Error,27589
FindNodeReq,40725
Error,48194
FindNodeReq,33534
Error,52525
FindNodeReq,26531
Error,16948
UpdateRouteReq,43911
Error,29375
Error,53133
FindNodeReq,64598
UpdateRouteReq,29234
UpdateRouteReq,31058
Error,47706
Error,34908
FindNodeReq,28041
UpdateRouteReq,15073
Error,30366
UpdateRouteReq,38993
Error,50934
UpdateRouteReq,62029
Error,17903
FindNodeReq,47533
Error,47337
Error,61925
FindNodeReq,74228
Error,26001
Error,29300
UpdateRouteReq,22458
UpdateRouteReq,26347
Error,47783
UpdateRouteReq,14039
UpdateRouteReq,19550
UpdateRouteReq,33903
Error,31342
FindNodeReq,35551
Error,30964
FindNodeReq,55729
Error,56767
Error,11927
Error,28971
Error,34204
Error,29702
Error,26569
Error,33746
UpdateRouteReq,25746
FindNodeReq,25101
FindNodeReq,24427
FindNodeReq,39023
Error,44703
FindNodeReq,23201
Error,29077
QueryRouteReq,27122
Error,27142
Error,37483
FindNodeReq,33971
Error,25997
Error,17062
FindNodeReq,24575
FindNodeReq,26635
FindNodeReq,26296
FindNodeReq,27294
UpdateRouteReq,37599
Error,55812
FindNodeReq,25927
Error,27086
Error,30892
Error,29494
Error,36906
Error,17177
FindNodeReq,34805
FindNodeReq,25005
UpdateRouteReq,14009
UpdateRouteReq,52356
Error,17692
Error,27759
UpdateRouteReq,16269
UpdateRouteReq,15231
UpdateRouteReq,14674
Error,27005
Error,31566
Error,26113
FindNodeReq,39205
Error,23582
QueryRouteReq,34530
Error,11928
Error,27430
Error,30119
Error,27800
FindNodeReq,25828
Error,27866
Error,16927
Error,27715
Error,28101
Error,41042
Error,30121
Error,33718
FindNodeReq,22489
Error,14351
Error,10071
Error,23861
Error,24883
Error,26781
Error,29745
FindNodeReq,22834
Error,14286
UpdateRouteReq,13220
FindNodeReq,39927
Error,9698
Error,23773
Error,25347
Error,26259
Error,22943
UpdateRouteReq,13133
Error,14163
UpdateRouteReq,12244
FindNodeReq,30936
Error,27412
Error,28864
FindNodeReq,24827
Error,26468
Error,37058
Error,27955
UpdateRouteReq,17552
Error,16894
Error,11413
Error,42185
Error,28626
FindNodeReq,31378
UpdateRouteReq,20897
Error,38338
Error,30226
Error,22647
FindNodeReq,25579
FindNodeReq,33475
Error,32421
UpdateRouteReq,13549
UpdateRouteReq,13933
UpdateRouteReq,13014
Error,25646
Error,37229
Error,31934
Error,28483
Error,14115
FindNodeReq,27769
FindNodeReq,20331
FindNodeReq,24143
FindNodeReq,32149
FindNodeReq,47308
Error,16236
Error,28933
Error,29485
Error,28023
Error,26253
Error,33611
UpdateRouteReq,16309
FindNodeReq,32982
UpdateRouteReq,15957
FindNodeReq,28064
FindNodeReq,25310
FindNodeReq,26214
FindNodeReq,42350
Error,43096
FindNodeReq,24385
FindNodeReq,29038
Error,33166
FindNodeReq,44639
Error,30511
Error,32616
Error,30402
Error,16703
UpdateRouteReq,15808
FindNodeReq,28552
Error,41344
Error,26576
FindNodeReq,33359
Error,28554
Error,26509
Error,29562
Error,16341
Error,12071
Error,30437
Error,35916
Error,33088
FindNodeReq,40072
Error,27103
FindNodeReq,32218
Error,16697
UpdateRouteReq,15418
Error,18771
UpdateRouteReq,19730
UpdateRouteReq,14778
Error,28984
UpdateRouteReq,31978
Error,29222
Error,27951
UpdateRouteReq,29093
Error,36600
Error,16605
UpdateRouteReq,15286
FindNodeReq,30515
UpdateRouteReq,29437
UpdateRouteReq,41108
UpdateRouteReq,13445
UpdateRouteReq,15525
Error,11734
Error,30570
Error,30603
Error,29036
Error,36744
Error,16633
FindNodeReq,37725
FindNodeReq,51154
FindNodeReq,65587
FindNodeReq,25915
FindNodeReq,23097
UpdateRouteReq,37978
Error,39798
Error,29941
FindNodeReq,34585
FindNodeReq,39277
Error,26400
Error,36223
Error,29362
Error,22664
FindNodeReq,26499
FindNodeReq,21545
FindNodeReq,21569
FindNodeReq,20269
Error,10286
FindNodeReq,21530
FindNodeReq,20762
Error,23406
Error,26460
Error,25476
Error,24122
FindNodeReq,23543
Error,14160
UpdateRouteReq,17157
FindNodeReq,29348
FindNodeReq,39419
FindNodeReq,36921
FindNodeReq,46514
Error,54856
Error,52048
FindNodeReq,27775
Error,26724
UpdateRouteReq,15780
UpdateRouteReq,14458
Error,28219
UpdateRouteReq,15210
Error,28482
Error,23202
UpdateRouteReq,25254
Error,26160
Error,28268
Error,28436
FindNodeReq,24492
FindNodeReq,23236
Error,26316
Error,27014
UpdateRouteReq,23357
Error,15613
UpdateRouteReq,46697
Error,46987
UpdateRouteReq,13094
UpdateRouteReq,13855
Error,25449
UpdateRouteReq,17839
FindNodeReq,23017
FindNodeReq,19449
Error,28456
FindNodeReq,45082
FindNodeReq,22913
FindNodeReq,27530
FindNodeReq,38989
Error,44972
Error,32201
UpdateRouteReq,28018
UpdateRouteReq,17720
Error,25441
UpdateRouteReq,35634
Error,10362
Error,27534
Error,43689
FindNodeReq,35595
Error,26437
FindNodeReq,27511
Error,36131
UpdateRouteReq,36782
FindNodeReq,31150
Error,17402
UpdateRouteReq,35450
UpdateRouteReq,33435
Error,12643
UpdateRouteReq,15503
Error,29159
UpdateRouteReq,29458
Error,27251
Error,34654
FindNodeReq,42586
FindNodeReq,58275
FindNodeReq,31999
Error,45868
FindNodeReq,30985
FindNodeReq,25114
Error,17853
FindNodeReq,52365
FindNodeReq,73498
FindNodeReq,84232
FindNodeRsp,32877
Error,41134
Error,28998
Error,28959
UpdateRouteReq,16173
UpdateRouteReq,15369
UpdateRouteReq,19988
UpdateRouteReq,15038
Error,30877
Error,27763
UpdateRouteReq,28876
Error,17495
UpdateRouteReq,15907
UpdateRouteReq,14608
UpdateRouteReq,14459
UpdateRouteReq,30616
Error,11585
Error,28515
FindNodeReq,28346
Error,32339
Error,32125
FindNodeReq,52885
FindNodeReq,36121
FindNodeReq,47941
Error,33495
Error,17536
UpdateRouteReq,15323
UpdateRouteReq,13832
UpdateRouteReq,13980
Error,27021
Error,27410
Error,36264
Error,27099
Error,35875
UpdateRouteReq,36956
Error,16102
UpdateRouteReq,30696
Error,31114
Error,23273
Error,23024
Error,33421
Error,23707
Error,14395
FindNodeReq,26073
FindNodeReq,24035
FindNodeReq,23615
UpdateRouteReq,14011
UpdateRouteReq,28685
Error,35953
Error,28231
Error,37250
Error,37571
Error,28909
Error,15792
Error,24878
FindNodeReq,37027
Error,29408
Error,30389
Error,29755
Error,29887
Error,16018
FindNodeReq,29725
Error,25175
Error,28103
FindNodeReq,28751
Error,26846
UpdateRouteReq,17399
Error,30720
Error,35628
Error,16200
Error,25394
Error,28439
Error,35653
Error,29722
Error,37938
Error,17218
FindNodeReq,26614
Error,38048
FindNodeReq,54790
Error,25162
Error,26663
Error,25582
FindNodeReq,27848
Error,27700
Error,15134
FindNodeReq,51035
FindNodeReq,54830
Error,63346
Error,27459
Error,41352
Error,42200
Error,27637
FindNodeReq,30673
FindNodeReq,29672
Error,33855
FindNodeReq,37793
FindNodeReq,53223
Error,53585
FindNodeReq,21147
Error,25315
Error,36203
Error,24756
Error,20544
Error,33495
FindNodeReq,47378
Error,47549
FindNodeReq,36633
Error,57642
Error,38249
Error,50295
FindNodeReq,66240
Error,24883
Error,41983
Error,63532
Error,76052
FindNodeReq,39594
FindNodeReq,48535
Error,61145
Error,27588
Error,27314
Error,31675
Error,15616
Error,14321
Error,12885
Error,11462
Error,11423
Error,11245
Error,11179
Error,27641
FindNodeReq,38319
FindNodeReq,49984
FindNodeReq,32724
FindNodeReq,46245
Error,26459
FindNodeReq,25604
FindNodeReq,23736
Error,26403
Error,30275
Error,14365
Error,28267
Error,29169
FindNodeReq,30395
FindNodeReq,41357
Error,40383
Error,44112
Error,36606
Error,15859
UpdateRouteReq,14530
FindNodeReq,38621
FindNodeReq,48806
Error,19885
Error,36848
UpdateRouteReq,15730
UpdateRouteReq,14034
Error,28600
FindNodeReq,33370
FindNodeReq,25042
FindNodeReq,33095
Error,47742
FindNodeReq,27192
UpdateRouteReq,41714
Error,31436
UpdateRouteReq,30347
Error,25119
Error,11585
Error,29131
UpdateRouteReq,25473
Error,40919
UpdateRouteReq,26053
FindNodeReq,38258
FindNodeReq,50913
Error,28492
UpdateRouteReq,15420
Error,31981
Error,16156
Error,12027
Error,41642
Error,27306
Error,31052
Error,35081
Error,17075
UpdateRouteReq,13472
UpdateRouteReq,13051
FindNodeReq,22543
FindNodeReq,20236
Error,27252
Error,29039
FindNodeReq,25498
Error,26669
Error,62249
FindNodeReq,34893
FindNodeReq,32609
Error,47895
Error,16719
Error,32064
Error,35107
FindNodeReq,29569
FindNodeReq,26855
FindNodeReq,36974
Error,27755
Error,29337
Error,29649
Error,16140
Error,11903
UpdateRouteReq,17620
FindNodeReq,26602
Error,26799
Error,39471
Error,30255
Error,25658
Error,17598
FindNodeReq,28693
FindNodeReq,29534
Error,9954
Error,30191
FindNodeReq,20534
Error,23117
Error,24794
Error,28522
Error,20329
FindNodeReq,36145
FindNodeReq,45223
Error,49081
Error,27332
Error,60349
Error,52444
Error,66034
FindNodeReq,77239
Error,29872
FindNodeReq,26886
Error,23735
Error,38893
Error,35884
Error,42472
FindNodeReq,27097
Error,26461
Error,37135
Error,44332
Error,31391
Error,18366
UpdateRouteReq,25760
Error,25166
Error,19118
Error,18068
Error,12575
Error,11251
Error,11229
Error,11161
UpdateRouteReq,14097
UpdateRouteReq,13509
FindNodeReq,33490
Error,27802
Error,27046
Error,32406
Error,30110
Error,16401
Error,22718
Error,34090
FindNodeReq,31736
Error,26696
Error,26745
Error,21140
Error,11833
Error,24681
Error,37114
UpdateRouteReq,27728
FindNodeReq,55098
UpdateRouteReq,34235
Error,49830
Error,42251
Error,29740
Error,22285
UpdateRouteReq,14552
UpdateRouteReq,12381
FindNodeReq,50965
FindNodeReq,28650
FindNodeReq,29808
FindNodeReq,42072
Error,11458
Error,27836
UpdateRouteReq,15728
UpdateRouteReq,14848
FindNodeReq,27975
Error,26583
Error,35250
Error,26326
Error,16469
Error,24636
Error,33723
Error,30724
Error,35737
Error,34524
Error,16994
FindNodeReq,35385
UpdateRouteReq,16746
UpdateRouteReq,14908
FindNodeReq,26493
UpdateRouteReq,15627
FindNodeReq,32968
FindNodeReq,25780
FindNodeReq,25510
UpdateRouteReq,19519
Error,44478
FindNodeReq,26956
Error,26923
UpdateRouteReq,20618
UpdateRouteReq,28956
Error,41333
Error,37463
Error,35323
Error,16648
FindNodeReq,41510
FindNodeReq,37296
Error,43835
FindNodeReq,28357
FindNodeReq,42860
FindNodeReq,24578
Error,25409
Error,38811
UpdateRouteReq,16152
FindNodeReq,28999
Error,35319
Error,52640
Error,36237
FindNodeReq,34307
FindNodeReq,25087
QueryRouteReq,24132
Error,30462
Error,32316
Error,38134
FindNodeReq,26097
Error,28461
FindNodeReq,28856
Error,28426
UpdateRouteReq,14925
Error,23579
UpdateRouteReq,25092
UpdateRouteReq,30056
UpdateRouteReq,28546
UpdateRouteReq,13276
Error,32327
FindNodeReq,48933
FindNodeReq,25626
FindNodeReq,22673
Error,25350
Error,26404
Error,30464
FindNodeReq,33059
Error,22789
Error,14982
FindNodeReq,25230
FindNodeReq,25137
Error,25160
Error,37381
Error,28219
UpdateRouteReq,16692
Error,28479
FindNodeReq,30967
Error,27014
FindNodeReq,22923
Error,17279
FindNodeReq,28736
FindNodeReq,25660
FindNodeReq,43521
FindNodeReq,54359
Error,61311
Error,28144
Error,34280
Error,37528
Error,31457
Error,16968
FindNodeReq,33633
FindNodeReq,23505
Error,25102
Error,24484
FindNodeReq,26891
FindNodeReq,36681
Error,23382
Error,26379
Error,30164
Error,30833
Error,9867
Error,30011
FindNodeReq,21618
FindNodeReq,19755
Error,23022
FindNodeReq,26762
Error,24511
Error,30629
Error,14909
FindNodeReq,22230
FindNodeReq,21483
FindNodeReq,33441
Error,10168
FindNodeReq,21042
FindNodeReq,20766
Error,27172
FindNodeReq,38885
Error,22965
Error,24920
Error,37069
FindNodeReq,49844
Error,55543
FindNodeReq,24608
Error,24663
FindNodeReq,34471
Error,27881
FindNodeReq,24504
FindNodeReq,26144
FindNodeReq,28987
Error,27010
Error,38313
Error,35091
Error,16147
FindNodeReq,24776
Error,26405
FindNodeReq,37328
FindNodeReq,20725
FindNodeReq,22630
Error,23461
FindNodeReq,22115
Error,25094
Error,35535
Error,28553
FindNodeReq,20813
FindNodeReq,20522
Error,14220
FindNodeReq,22548
Error,10098
Error,25009
FindNodeReq,28340
FindNodeReq,42754
Error,58577
UpdateRouteReq,24817
Error,31402
Error,38626
Error,16282
Error,11409
Error,28701
FindNodeReq,36857
FindNodeReq,32166
Error,46315
UpdateRouteReq,21362
UpdateRouteReq,22460
Error,36028
Error,29427
Error,22992
UpdateRouteReq,15477
Error,17391
QueryRouteReq,28118
Error,27706
Error,30827
Error,34904
UpdateRouteReq,16233
Error,30503
Error,21597
UpdateRouteReq,16017
UpdateRouteReq,13301
FindNodeReq,23678
FindNodeReq,20464
Error,10221
FindNodeReq,31638
Error,29339
FindNodeReq,23174
Error,28701
Error,36309
Error,34757
Error,17013
FindNodeReq,34289
FindNodeReq,27714
Error,11413
Error,27928
FindNodeReq,28265
FindNodeReq,24397
Error,27800
Error,30668
Error,41279
Error,16523
Error,19498
FindNodeReq,27627
UpdateRouteReq,16283
Error,28708
FindNodeReq,27380
Error,26291
Error,41661
Error,35931
Error,16192
FindNodeReq,25382
UpdateRouteReq,14688
FindNodeReq,26604
FindNodeReq,47569
FindNodeReq,59262
Error,59658
UpdateRouteReq,61874
Error,28483
UpdateRouteReq,15791
Error,26490
UpdateRouteReq,22752
Error,26854
FindNodeReq,25406
Error,25996
UpdateRouteReq,15661
FindNodeReq,26118
Error,16104
UpdateRouteReq,15567
Error,37729
Error,36813
Error,29105
Error,43545
Error,31433
Error,17078
Error,24653
Error,28774
Error,25877
Error,30541
Error,23141
Error,14370
Error,10331
Error,27113
Error,41836
Error,26267
Error,43660
Error,16219
Error,30694
FindNodeReq,44146
FindNodeReq,28626
Error,41133
Error,33688
Error,22987
Error,36349
Error,15106
Error,24956
FindNodeReq,33775
Error,28482
Error,39768
Error,31309
Error,27581
Error,16107
Error,24270
FindNodeReq,23077
Error,22908
Error,25334
Error,31282
Error,23346
Error,14060
FindNodeReq,33282
Error,9869
Error,29384
Error,29636
Error,30390
Error,32900
Error,16511
Error,24750
Error,28865
FindNodeReq,42025
FindNodeReq,52964
Error,60426
Error,31400
Error,23426
UpdateRouteReq,25300
Error,14726
Error,35103
Error,27242
FindNodeReq,34674
FindNodeReq,22629
Error,26081
UpdateRouteReq,15409
Error,36226
FindNodeReq,24545
Error,26337
Error,22228
Error,27093
UpdateRouteReq,14899
Error,28641
FindNodeReq,38498
FindNodeReq,49768
UpdateRouteReq,32087
FindNodeReq,30486
Error,26426
Error,26166
Error,26730
Error,30348
Error,13309
Error,28148
FindNodeReq,38468
FindNodeReq,48991
UpdateRouteReq,51297
Error,31225
Error,26513
Error,38725
Error,34082
Error,29370
Error,28561
UpdateRouteReq,22330
Error,37389
Error,16455
FindNodeReq,41937
FindNodeReq,52453
Error,53867
Error,54492
Error,22942
Error,28257
Error,24626
Error,28528
Error,24863
Error,29487
Error,10059
FindNodeReq,31950
Error,28223
FindNodeReq,37577
FindNodeReq,48838
Error,31661
Error,38026
Error,36234
Error,15966
Error,25310
FindNodeReq,29348
Error,28699
UpdateRouteReq,14851
UpdateRouteReq,13758
Error,35741
Error,35528
Error,34472
Error,22202
Error,15820
Error,32608
Error,33132
Error,47638
UpdateRouteReq,37216
UpdateRouteReq,39040
Error,67810
Error,88355
UpdateRouteReq,16199
UpdateRouteReq,15967
Error,41071
Error,48850
Error,64413
Error,32434
Error,44108
FindNodeReq,60401
Error,26534
Error,37681
Error,15346
Error,39327
Error,39116
Error,40304
Error,41494
Error,49276
Error,49999
UpdateRouteReq,18635
UpdateRouteReq,20657
Error,33792
Error,42244
Error,26515
Error,23601
Error,13799
FindNodeReq,32990
FindNodeReq,20642
Error,25184
Error,27821
FindNodeReq,39269
Error,46559
Error,37691
Error,40520
Error,32847
UpdateRouteReq,16483
FindNodeReq,26228
FindNodeReq,26469
FindNodeReq,25810
Error,34144
FindNodeReq,46585
Error,28874
Error,29792
Error,29808
Error,30439
Error,16307
FindNodeReq,25001
FindNodeReq,23274
FindNodeReq,25005
Error,25240
Error,25290
FindNodeReq,20134
Error,22587
Error,26023
Error,23863
UpdateRouteReq,14022
Error,14017
FindNodeReq,22253
Error,10210
Error,24256
UpdateRouteReq,12454
Error,22736
UpdateRouteReq,33749
FindNodeReq,46688
Error,27992
Error,21468
Error,16841
Error,25495
Error,37456
FindNodeReq,26326
Error,26779
Error,33870
Error,26856
Error,23394
Error,28601
UpdateRouteReq,39213
Error,26448
FindNodeReq,55659
FindNodeReq,71633
FindNodeReq,84762
Error,37301
Error,58741
Error,43280
UpdateRouteReq,49674
UpdateRouteReq,51748
FindNodeReq,68251
Error,29000
Error,39993
Error,22162
Error,34754
Error,16927
Error,12103
Error,11355
Error,10909
Error,11273
FindNodeReq,24960
FindNodeReq,66707
FindNodeReq,76996
FindNodeReq,96603
Error,98311
Error,108882
Error,40140
UpdateRouteReq,28142
Error,31388
Error,34859
UpdateRouteReq,15572
Error,35409
UpdateRouteReq,15534
Error,16520
FindNodeReq,37032
FindNodeReq,47624
Error,54640
Error,35270
FindNodeReq,34045
Error,28843
FindNodeReq,41297
Error,25141
UpdateRouteReq,23945
Error,32706
FindNodeReq,28609
FindNodeReq,38215
Error,13899
UpdateRouteReq,14154
FindNodeReq,29410
FindNodeReq,25210
Error,30086
Error,29170
Error,34823
Error,27835
UpdateRouteReq,15874
Error,38039
Error,16584
Error,26053
Error,29912
Error,35821
Error,35367
Error,31456
FindNodeReq,31722
Error,16544
FindNodeReq,26411
FindNodeReq,27858
FindNodeReq,31061
FindNodeReq,43942
FindNodeReq,25215
FindNodeReq,24489
QueryRouteReq,24393
FindNodeReq,26761
FindNodeReq,25338
FindNodeReq,26438
FindNodeReq,27736
Error,12576
Error,36632
Error,28907
Error,26214
Error,42399
Error,17381
UpdateRouteReq,14587
Error,23703
UpdateRouteReq,12810
Error,25824
UpdateRouteReq,22484
FindNodeReq,33240
FindNodeReq,44927
Error,22656
Error,39713
FindNodeReq,27113
FindNodeReq,24569
Error,25936
Error,16875
UpdateRouteReq,15013
FindNodeReq,25869
UpdateRouteReq,38438
Error,38714
FindNodeReq,28952
FindNodeReq,29274
FindNodeReq,25334
Error,26180
Error,44050
FindNodeReq,25102
Error,26716
UpdateRouteReq,16865
Error,28222
UpdateRouteReq,15667
UpdateRouteReq,14715
Error,16463
Error,12171
Error,29108
FindNodeReq,32816
Error,28048
Error,31067
Error,26726
Error,16529
Error,24611
Error,29297
Error,37723
FindNodeReq,34949
Error,27374
Error,28284
FindNodeReq,31245
Error,16253
UpdateRouteReq,12578
FindNodeReq,22185
FindNodeReq,23798
FindNodeReq,28436
Error,12140
FindNodeReq,34051
UpdateRouteReq,15582
QueryRouteReq,24765
Error,30125
UpdateRouteReq,15477
UpdateRouteReq,20661
Error,43197
UpdateRouteReq,28855
Error,51683
FindNodeReq,30644
Error,39242
Error,16391
UpdateRouteReq,29986
UpdateRouteReq,23041
UpdateRouteReq,25112
Error,24815
UpdateRouteReq,38909
Error,35635
Error,30909
Error,26599
Error,42821
Error,17310
FindNodeReq,27309
FindNodeReq,26604
FindNodeReq,23611
Error,21407
Error,29067
FindNodeReq,25737
FindNodeReq,29644
FindNodeReq,39037
FindNodeReq,51170
UpdateRouteReq,53913
Error,38898
Error,29277
Error,46157
Error,30137
FindNodeReq,37830
Error,37007
FindNodeReq,49962
Error,27942
UpdateRouteReq,20787
Error,38960
Error,37335
Error,32799
FindNodeReq,35959
Error,16550
FindNodeReq,26739
Error,25427
Error,32526
Error,30376
Error,36721
Error,33593
FindNodeReq,25676
Error,16026
FindNodeReq,23163
FindNodeReq,31994
FindNodeReq,29193
Error,25349
FindNodeReq,24862
Error,26934
UpdateRouteReq,23171
FindNodeReq,25165
Error,26676
Error,35444
Error,34236
Error,17733
FindNodeReq,29084
Error,36157
Error,32700
Error,32451
Error,34986
Error,28713
FindNodeReq,31318
Error,15998
FindNodeReq,33022
FindNodeReq,45782
Error,11588
Error,32376
Error,29260
Error,28284
UpdateRouteReq,15291
Error,33911
Error,16882
FindNodeReq,38645
UpdateRouteReq,59252
Error,18408
UpdateRouteReq,14654
Error,28765
UpdateRouteReq,26998
UpdateRouteReq,23104
FindNodeReq,26239
Error,33098
FindNodeReq,44119
Error,34785
FindNodeReq,26058
Error,26720
Error,33568
Error,11990
UpdateRouteReq,16343
UpdateRouteReq,15084
Error,35029
UpdateRouteReq,15600
Error,29755
Error,35293
Error,38748
Error,30633
UpdateRouteReq,22083
Error,20510
Error,31671
Error,39484
Error,32776
FindNodeReq,26931
Error,32413
FindNodeReq,49682
FindNodeReq,27600
Error,26282
FindNodeReq,21610
UpdateRouteReq,13858
UpdateRouteReq,15061
FindNodeReq,27569
FindNodeReq,27291
FindNodeReq,37759
Error,35892
Error,28731
Error,29641
FindNodeReq,25171
Error,26685
Error,35453
Error,16180
FindNodeReq,33743
UpdateRouteReq,14764
FindNodeReq,25270
FindNodeReq,51754
FindNodeReq,64631
FindNodeReq,41578
UpdateRouteReq,42409
Error,42871
FindNodeReq,23945
Error,28743
FindNodeReq,41241
UpdateRouteReq,21120
Error,36137
Error,50035
Error,45605
UpdateRouteReq,15316
Error,16541
Error,18721
Error,56794
FindNodeReq,31392
Error,28207
Error,26581
Error,35371
Error,16310
FindNodeReq,32001
FindNodeReq,28685
FindNodeReq,25954
FindNodeReq,26552
UpdateRouteReq,16102
FindNodeReq,27018
UpdateRouteReq,14401
FindNodeReq,25546
FindNodeReq,26600
FindNodeReq,25530
Error,12246
FindNodeReq,26003
Error,29954
Error,39502
UpdateRouteReq,22173
Error,27946
Error,41831
Error,18176
UpdateRouteReq,35874
Error,28206
Error,27256
Error,26324
Error,40734
Error,23175
FindNodeReq,35448
Error,12396
FindNodeReq,29753
FindNodeReq,24647
FindNodeReq,26381
FindNodeReq,28000
FindNodeReq,26546
FindNodeReq,23674
FindNodeReq,24705
FindNodeReq,24375
Error,11977
FindNodeReq,26434
Error,32833
Error,28577
Error,29283
FindNodeReq,40304
FindNodeReq,36285
Error,37345
FindNodeReq,49182
FindNodeReq,61678
Error,17667
FindNodeReq,25041
FindNodeReq,31311
FindNodeReq,41690
Error,11910
Error,28159
FindNodeReq,34963
Error,47544
Error,30689
UpdateRouteReq,21769
Error,51382
Error,16647
Error,18803
Error,29641
FindNodeReq,41279
FindNodeReq,55581
Error,26951
Error,29491
Error,33946
UpdateRouteReq,25892
Error,24780
UpdateRouteReq,14487
UpdateRouteReq,15002
UpdateRouteReq,14579
UpdateRouteReq,15907
Error,25543
Error,29664
UpdateRouteReq,16603
Error,26117
Error,32104
Error,24770
FindNodeReq,36992
Error,36406
FindNodeReq,24416
FindNodeReq,23737
FindNodeReq,21555
FindNodeReq,20018
FindNodeReq,26146
FindNodeReq,21706
FindNodeReq,25917
UpdateRouteReq,12592
Error,25391
Error,28113
Error,28622
Error,42287
Error,39490
Error,17086
UpdateRouteReq,14685
UpdateRouteReq,13787
UpdateRouteReq,13759
UpdateRouteReq,15350
FindNodeReq,37375
FindNodeReq,41686
UpdateRouteReq,52147
Error,12286
Error,31840
Error,30396
Error,27338
UpdateRouteReq,15888
Error,30050
UpdateRouteReq,15438
Error,16191
FindNodeReq,27963
FindNodeReq,25727
FindNodeReq,24660
FindNodeReq,24646
FindNodeReq,23524
FindNodeReq,26572
FindNodeReq,27066
FindNodeReq,41661
Error,31641
FindNodeReq,28849
Error,27349
Error,43484
Error,34237
Error,26205
Error,22347
UpdateRouteReq,15274
FindNodeReq,29213
FindNodeReq,29183
Error,12226
FindNodeReq,24846
Error,28479
UpdateRouteReq,17005
Error,27840
UpdateRouteReq,15913
Error,28923
FindNodeReq,24804
Error,54562
UpdateRouteReq,15418
Error,17882
FindNodeReq,42884
Error,28527
Error,27843
Error,29383
Error,29769
Error,27106
Error,16846
FindNodeReq,31300
FindNodeReq,44673
FindNodeReq,31777
UpdateRouteReq,32822
FindNodeReq,28446
FindNodeReq,26534
FindNodeReq,26602
FindNodeReq,26515
Error,12498
Error,29693
Error,28541
Error,26872
Error,41474
Error,17578
FindNodeReq,37361
FindNodeReq,26562
FindNodeReq,29260
FindNodeReq,26783
FindNodeReq,28308
FindNodeReq,23573
FindNodeReq,23939
UpdateRouteReq,16103
UpdateRouteReq,28695
Error,38683
Error,48138
Error,29114
Error,29674
Error,26783
FindNodeReq,35005
Error,16325
FindNodeReq,39286
UpdateRouteReq,14843
QueryRouteReq,27946
UpdateRouteReq,21238
UpdateRouteReq,38867
Error,26079
Error,28853
UpdateRouteReq,17133
Error,29776
Error,29770
Error,37105
Error,17495
UpdateRouteReq,15716
FindNodeReq,27976
FindNodeReq,27870
FindNodeReq,29673
FindNodeReq,25092
UpdateRouteReq,14590
UpdateRouteReq,14925
Error,12211
Error,29827
UpdateRouteReq,39096
UpdateRouteReq,35012
Error,30200
Error,30185
Error,42600
Error,16630
UpdateRouteReq,21344
FindNodeReq,42118
FindNodeReq,57744
FindNodeReq,71495
FindNodeReq,83197
Error,100198
Error,24623
UpdateRouteReq,14223
UpdateRouteReq,16359
FindNodeReq,42593
FindNodeReq,35081
Error,49474
Error,40346
FindNodeReq,50997
Error,66918
Error,37139
Error,61836
Error,31361
Error,44319
FindNodeReq,28227
Error,28132
Error,34992
Error,44314
UpdateRouteReq,44375
UpdateRouteReq,16854
Error,25622
Error,25225
Error,26375
Error,10258
FindNodeReq,33975
FindNodeReq,33350
UpdateRouteReq,35236
Error,36274
Error,13026
Error,25399
Error,26534
Error,26298
Error,29612
Error,15066
FindNodeReq,24552
FindNodeReq,27665
FindNodeReq,27603
FindNodeReq,38576
Error,18200
FindNodeReq,31032
Error,30064
FindNodeReq,31023
FindNodeReq,42234
FindNodeReq,24022
Error,26390
Error,30819
Error,37908
Error,17386
Error,12000
Error,28055
UpdateRouteReq,21347
UpdateRouteReq,19853
Error,45518
FindNodeReq,25315
Error,34621
FindNodeReq,29827
Error,28301
FindNodeReq,40199
FindNodeReq,22605
FindNodeReq,21428
Error,14470
Error,21500
Error,28334
UpdateRouteReq,14900
UpdateRouteReq,20057
FindNodeReq,32750
Error,25787
Error,38605
Error,30581
Error,25161
UpdateRouteReq,16186
FindNodeReq,24137
Error,11633
Error,26982
Error,41151
Error,32383
Error,26256
Error,13957
UpdateRouteReq,19178
UpdateRouteReq,21015
FindNodeReq,25448
FindNodeReq,20776
Error,25599
Error,29233
FindNodeReq,29255
FindNodeReq,41449
Error,26432
Error,30880
Error,30126
Error,15829
UpdateRouteReq,16562
FindNodeReq,26363
FindNodeReq,23770
Error,25000
FindNodeReq,26304
FindNodeReq,24660
Error,26557
Error,38159
Error,27484
FindNodeReq,40100
Error,48304
Error,21663
FindNodeReq,25225
UpdateRouteReq,24701
Error,10032
FindNodeReq,27457
Error,35551
Error,26181
Error,31531
UpdateRouteReq,13303
Error,32722
UpdateRouteReq,12547
Error,14256
FindNodeReq,22462
Error,27595
FindNodeReq,24653
Error,28254
Error,28631
Error,28834
UpdateRouteReq,15962
Error,42938
FindNodeReq,31601
Error,29453
UpdateRouteReq,36169
FindNodeReq,38184
Error,45149
Error,27071
Error,28569
Error,32886
Error,42219
Error,14250
UpdateRouteReq,19087
UpdateRouteReq,20807
FindNodeReq,22299
Error,21624
FindNodeReq,26158
Error,28326
Error,25645
Error,26450
Error,15911
Error,24759
Error,11543
FindNodeReq,35658
FindNodeReq,29449
Error,27464
Error,30359
Error,42775
Error,28899
Error,17546
FindNodeReq,30398
FindNodeReq,21548
Error,9933
Error,24849
FindNodeReq,33303
FindNodeReq,37139
Error,28267
Error,31975
Error,36021
Error,32348
FindNodeReq,53001
FindNodeReq,58191
FindNodeReq,70566
Error,70865
FindNodeReq,25267
Error,28745
Error,35186
Error,27833
Error,28368
FindNodeReq,30341
Error,16066
Error,9853
FindNodeReq,21848
UpdateRouteReq,16639
Error,29154
FindNodeReq,29293
Error,28400
Error,35399
Error,35494
Error,17628
Error,11810
UpdateRouteReq,14695
Error,27942
UpdateRouteReq,27392
FindNodeReq,34757
FindNodeReq,42519
UpdateRouteReq,44244
Error,60086
FindNodeReq,34095
FindNodeReq,47488
Error,26991
Error,31836
Error,17029
UpdateRouteReq,15842
FindNodeReq,50373
FindNodeReq,43258
Error,11634
Error,41663
UpdateRouteReq,29416
Error,27484
Error,25832
UpdateRouteReq,15178
UpdateRouteReq,15576
Error,17274
FindNodeReq,29860
Error,29538
Error,30027
FindNodeReq,42717
FindNodeReq,32915
Error,26778
FindNodeReq,24186
Error,28041
Error,28276
Error,45371
Error,16048
FindNodeReq,23501
FindNodeReq,21424
FindNodeReq,24436
FindNodeReq,24933
FindNodeReq,26686
UpdateRouteReq,20666
FindNodeReq,24082
Error,25680
Error,28145
FindNodeReq,25898
FindNodeReq,29273
Error,44028
FindNodeReq,24895
FindNodeReq,29295
FindNodeReq,39539
Error,27436
Error,27888
FindNodeReq,27429
Error,16251
Error,11428
Error,36546
Error,26919
Error,31788
Error,33608
Error,16614
FindNodeReq,25601
UpdateRouteReq,15249
FindNodeReq,25679
Error,12178
Error,31609
Error,35388
FindNodeReq,32901
Error,46747
UpdateRouteReq,14621
Error,29891
UpdateRouteReq,14384
Error,16440
FindNodeReq,27824
FindNodeReq,24714
FindNodeReq,24819
UpdateRouteReq,21822
UpdateRouteReq,23807
Error,11744
Error,31553
Error,28104
Error,33328
Error,16313
Error,11739
FindNodeReq,30287
FindNodeReq,31571
FindNodeReq,45286
UpdateRouteReq,16292
UpdateRouteReq,14917
FindNodeReq,42173
Error,48779
Error,27725
Error,30893
Error,30061
Error,30148
Error,17064
UpdateRouteReq,16625
FindNodeReq,33683
FindNodeReq,31585
FindNodeReq,44437
FindNodeReq,27117
FindNodeReq,26587
FindNodeReq,26608
Error,12089
Error,34966
Error,30537
Error,25887
Error,34857
FindNodeReq,30988
Error,35163
FindNodeReq,28303
FindNodeReq,24802
FindNodeReq,24554
FindNodeReq,23777
FindNodeReq,23748
FindNodeReq,26613
FindNodeReq,24617
FindNodeReq,24729
UpdateRouteReq,24268
Error,22433
Error,27613
Error,28078
Error,42496
Error,41302
Error,16803
FindNodeReq,30246
FindNodeReq,44244
UpdateRouteReq,14631
UpdateRouteReq,14116
FindNodeReq,24978
QueryRouteReq,23224
FindNodeReq,24618
UpdateRouteReq,15013
FindNodeReq,45225
Error,40807
Error,29413
FindNodeReq,34357
UpdateRouteReq,15759
UpdateRouteReq,16524
Error,42695
Error,29419
Error,26711
Error,33620
FindNodeReq,28998
FindNodeReq,22062
FindNodeReq,24850
FindNodeReq,26610
FindNodeReq,35786
FindNodeReq,25633
QueryRouteReq,39899
FindNodeReq,25035
FindNodeReq,23433
FindNodeReq,26722
UpdateRouteReq,14352
FindNodeReq,24768
Error,11943
Error,29027
Error,27058
FindNodeReq,27587
FindNodeReq,31273
Error,45793
Error,26793
Error,29271
FindNodeReq,42912
UpdateRouteReq,29886
Error,41879
FindNodeReq,30924
Error,44643
UpdateRouteReq,16962
UpdateRouteReq,15226
Error,27727
Error,25599
UpdateRouteReq,15993
Error,27113
Error,16369
Error,12566
FindNodeReq,24941
FindNodeReq,25574
FindNodeReq,29713
UpdateRouteReq,20349
FindNodeReq,33448
FindNodeReq,27191
UpdateRouteReq,19107
Error,16404
FindNodeReq,27011
FindNodeReq,24923
Error,28670
Error,26707
FindNodeReq,34082
Error,26118
Error,26731
Error,16952
FindNodeReq,28465
FindNodeReq,26961
FindNodeReq,27155
UpdateRouteReq,14499
FindNodeReq,25536
FindNodeReq,31852
Error,31426
Error,27886
Error,39612
UpdateRouteReq,15567
Error,35165
Error,26484
Error,17156
UpdateRouteReq,21885
Error,20685
UpdateRouteReq,15092
Error,38471
UpdateRouteReq,32532
UpdateRouteReq,34290
UpdateRouteReq,24697
Error,51495
Error,35720
Error,26684
Error,33387
Error,21496
Error,25774
Error,26059
Error,35222
Error,23301
Error,14257
Error,27731
FindNodeReq,48323
Error,24422
Error,31376
Error,54911
Error,42051
Error,16338
Error,24897
FindNodeReq,33249
FindNodeReq,25249
FindNodeReq,27542
Error,26566
Error,30191
Error,43691
Error,28765
Error,17795
Error,25073
Error,35173
UpdateRouteReq,16650
FindNodeReq,27220
Error,26135
Error,31252
Error,29863
Error,15969
FindNodeReq,31876
Error,30613
Error,24034
Error,26645
Error,32631
Error,29867
Error,15163
Error,35054
UpdateRouteReq,36871
Error,35273
UpdateRouteReq,18152
Error,29326
Error,31853
Error,32709
Error,16468
UpdateRouteReq,15902
UpdateRouteReq,13948
Error,32496
Error,29364
UpdateRouteReq,14478
UpdateRouteReq,30824
Error,27520
Error,28973
Error,30679
Error,32520
Error,15358
UpdateRouteReq,15717
Error,41318
Error,29564
Error,29275
UpdateRouteReq,26062
Error,35868
Error,15330
Error,10114
Error,25126
Error,36718
Error,34527
Error,23396
FindNodeReq,36334
FindNodeReq,22911
Error,19026
FindNodeReq,31775
UpdateRouteReq,13920
UpdateRouteReq,13271
Error,21258
FindNodeReq,24968
FindNodeReq,24376
Error,23917
Error,28497
FindNodeReq,39888
FindNodeReq,41257
Error,54024
Error,38450
Error,16638
Error,25144
Error,29705
FindNodeReq,27017
UpdateRouteReq,21827
Error,39106
Error,40802
Error,31791
Error,16159
Error,25159
FindNodeReq,26141
Error,32128
FindNodeReq,56433
Error,28646
Error,41994
Error,37021
Error,18849
Error,9878
UpdateRouteReq,13301
Error,25323
FindNodeReq,30281
FindNodeReq,42102
FindNodeReq,37156
Error,27392
Error,41854
UpdateRouteReq,19928
Error,26930
Error,31547
Error,25856
Error,28229
UpdateRouteReq,15681
UpdateRouteReq,19627
FindNodeReq,41849
Error,27527
Error,29543
Error,29434
Error,16425
Error,12077
FindNodeReq,30609
Error,38159
FindNodeReq,56917
Error,27801
Error,35742
Error,31695
Error,17803
UpdateRouteReq,32248
Error,40756
Error,28134
Error,31143
Error,29188
Error,27886
UpdateRouteReq,17302
UpdateRouteReq,15206
Error,16149
Error,26000
Error,27899
Error,41834
Error,30778
Error,33839
Error,16098
Error,21166
Error,24414
Error,25001
Error,32287
Error,24769
Error,14441
Error,12467
Error,27915
Error,41073
Error,36554
Error,39550
Error,17106
Error,25698
FindNodeReq,38556
Error,28597
FindNodeReq,39033
Error,30522
Error,26690
Error,28938
Error,14812
Error,25125
Error,27743
FindNodeReq,35188
Error,35040
FindNodeReq,46262
Error,28860
Error,26599
Error,16350
Error,25085
UpdateRouteReq,17113
Error,26469
Error,31682
Error,26360
Error,23317
FindNodeReq,27746
Error,14010
UpdateRouteReq,15080
FindNodeReq,28342
FindNodeReq,25288
FindNodeReq,46894
Error,11972
Error,29534
Error,28823
Error,28154
FindNodeReq,23812
Error,26444
UpdateRouteReq,15560
UpdateRouteReq,14573
Error,16179
Error,30948
FindNodeReq,43991
Error,27641
Error,29779
Error,26371
Error,39775
Error,16173
Error,11805
UpdateRouteReq,17029
Error,28833
FindNodeReq,44798
Error,40990
Error,44938
Error,38954
Error,16400
UpdateRouteReq,16639
UpdateRouteReq,15193
FindNodeReq,42117
FindNodeReq,53108
Error,10139
Error,24036
FindNodeReq,36678
FindNodeReq,40911
FindNodeReq,41217
FindNodeReq,39867
FindNodeReq,53362
FindNodeReq,65774
FindNodeReq,78042
Error,26659
FindNodeReq,34047
Error,31384
Error,26922
Error,23481
Error,27626
Error,57116
Error,35834
Error,27816
Error,52106
Error,67043
FindNodeReq,32347
Error,48803
UpdateRouteReq,47808
UpdateRouteReq,20674
Error,29082
UpdateRouteReq,30225
Error,27948
Error,33038
Error,44438
Error,23275
Error,45136
Error,58648
Error,10393
Error,11050
Error,9947
Error,9736
FindNodeReq,35912
UpdateRouteReq,37260
Error,20377
UpdateRouteReq,21094
Error,22367
FindNodeReq,25535
FindNodeReq,22048
Error,11716
Error,32201
Error,31201
Error,28064
Error,26935
UpdateRouteReq,23060
Error,24333
Error,29689
Error,53997
Error,48263
Error,69589
Error,35180
FindNodeReq,24034
UpdateRouteReq,16356
FindNodeReq,24195
Error,27598
Error,37766
Error,44969
UpdateRouteReq,16544
Error,17343
FindNodeReq,26163
FindNodeReq,28641
Error,28322
Error,11395
UpdateRouteReq,14881
Error,11223
FindNodeReq,32950
Error,32770
FindNodeReq,40882
FindNodeReq,37106
Error,10321
FindNodeReq,23343
Error,28847
FindNodeReq,38296
Error,24363
Error,25299
Error,32002
Error,19544
FindNodeReq,36956
Error,33380
FindNodeReq,35637
Error,42992
FindNodeReq,29503
FindNodeReq,25553
Error,28035
Error,25832
Error,44568
Error,49043
UpdateRouteReq,35662
Error,49441
Error,25651
Error,34067
Error,26984
Error,30603
Error,26116
Error,16216
FindNodeReq,26413
FindNodeReq,27402
FindNodeReq,27180
FindNodeReq,23028
FindNodeReq,25089
FindNodeReq,23662
FindNodeReq,23016
FindNodeReq,24754
UpdateRouteReq,13002
Error,12605
UpdateRouteReq,17623
Error,34361
Error,41771
Error,26543
Error,16178
Error,36087
Error,11452
FindNodeReq,36658
FindNodeReq,27205
FindNodeReq,24313
FindNodeReq,24586
Error,28719
UpdateRouteReq,16525
Error,35723
UpdateRouteReq,37073
FindNodeReq,50472
FindNodeReq,64353
FindNodeReq,78807
Error,101547
UpdateRouteReq,15680
Error,33859
Error,17726
Error,36006
UpdateRouteReq,27484
UpdateRouteReq,31052
UpdateRouteReq,14912
Error,31484
Error,27817
FindNodeReq,39829
Error,48306
FindNodeReq,64265
Error,26304
Error,16933
UpdateRouteReq,31361
FindNodeReq,28827
FindNodeReq,23345
FindNodeReq,26911
Error,12079
Error,30521
Error,41165
Error,26543
FindNodeReq,29250
Error,31604
FindNodeReq,43014
FindNodeReq,26193
Error,16376
FindNodeReq,25594
FindNodeReq,27155
FindNodeReq,26669
FindNodeReq,26564
FindNodeReq,31165
Error,30194
Error,27771
Error,29546
Error,26279
Error,39363
FindNodeReq,26039
FindNodeReq,27680
Error,16205
FindNodeReq,28861
FindNodeReq,24619
FindNodeReq,23281
UpdateRouteReq,15091
FindNodeReq,24873
UpdateRouteReq,37236
Error,27027
Error,27218
Error,30298
Error,26482
Error,28024
Error,18290
Error,11727
Error,30635
Error,30039
Error,29299
Error,27962
UpdateRouteReq,15994
UpdateRouteReq,14839
Error,17048
UpdateRouteReq,37716
FindNodeReq,36774
FindNodeReq,37188
Error,31692
FindNodeReq,44733
Error,28605
UpdateRouteReq,24368
Error,30803
Error,43336
FindNodeReq,24778
Error,26154
Error,21560
FindNodeReq,24428
FindNodeReq,28704
UpdateRouteReq,16044
UpdateRouteReq,15889
FindNodeReq,30484
Error,18807
Error,30683
Error,35685
Error,27223
UpdateRouteReq,36143
Error,30321
Error,17176
FindNodeReq,45703
Error,51401
Error,28636
Error,29568
Error,35575
Error,31298
Error,17092
FindNodeReq,30677
FindNodeReq,39527
FindNodeReq,23749
Error,12058
FindNodeReq,33084
Error,28484
Error,35291
Error,26145
Error,42908
Error,16457
FindNodeReq,33871
UpdateRouteReq,14843
FindNodeReq,28724
FindNodeReq,31552
Error,11903
Error,36539
Error,26927
Error,33788
Error,26072
Error,32441
UpdateRouteReq,16273
FindNodeReq,33900
UpdateRouteReq,16595
UpdateRouteReq,14681
FindNodeReq,28259
FindNodeReq,28486
FindNodeReq,27210
FindNodeReq,26858
Error,13292
Error,29254
Error,28707
Error,42423
Error,47307
Error,16890
FindNodeReq,25931
FindNodeReq,26060
FindNodeReq,37644
FindNodeReq,23466
FindNodeReq,22036
FindNodeReq,26702
FindNodeReq,26678
FindNodeReq,26679
FindNodeReq,33200
Error,31844
Error,28192
Error,28421
Error,42373
Error,28570
FindNodeReq,26431
Error,16085
FindNodeReq,26429
FindNodeReq,31575
FindNodeReq,44833
FindNodeReq,24211
FindNodeReq,27088
FindNodeReq,26674
FindNodeReq,26873
FindNodeReq,26862
Error,12045
FindNodeReq,29694
FindNodeReq,26293
Error,28995
Error,29254
UpdateRouteReq,28483
Error,34919
Error,29317
Error,16098
FindNodeReq,28075
FindNodeReq,30667
UpdateRouteReq,14331
UpdateRouteReq,14296
FindNodeReq,27130
FindNodeReq,24726
FindNodeReq,26446
UpdateRouteReq,15691
Error,11905
Error,32024
Error,40849
Error,29428
Error,26822
Error,16817
FindNodeReq,31310
FindNodeReq,51276
UpdateRouteReq,16186
UpdateRouteReq,15766
UpdateRouteReq,14671
FindNodeReq,27878
FindNodeReq,23522
FindNodeReq,24528
FindNodeReq,24761
Error,17300
Error,52412
UpdateRouteReq,17816
FindNodeReq,26909
Error,28791
Error,26628
UpdateRouteReq,18374
Error,27876
Error,22445
UpdateRouteReq,23675
Error,11479
FindNodeReq,29123
FindNodeReq,31907
FindNodeReq,36111
FindNodeReq,22061
UpdateRouteReq,13158
PathTeardownReq,10582
PathSetupReq,9524
PathTeardownReq,9763
UpdateRouteReq,10997
FindNodeReq,26474
UpdateRouteReq,14667
FindNodeReq,22870
FindNodeReq,29538
FindNodeReq,22561
FindNodeReq,22472
PathSetupReq,11241
FindNodeReq,25177
FindNodeReq,24947
UpdateRouteReq,12777
FindNodeReq,22469
FindNodeReq,24712
FindNodeReq,24347
UpdateRouteReq,13694
PathTeardownReq,13336
FindNodeReq,20682
PathTeardownReq,11193
FindNodeReq,22579
UpdateRouteReq,16439
UpdateRouteReq,14536
UpdateRouteReq,13180
UpdateRouteReq,14903
PathSetupReq,11900
UpdateRouteReq,14868
UpdateRouteReq,14830
FindNodeReq,28388
FindNodeReq,25374
UpdateRouteReq,15417
UpdateRouteReq,14046
UpdateRouteReq,13365
PathTeardownReq,11909
UpdateRouteReq,16934
UpdateRouteReq,13938
QueryRouteReq,37757
UpdateRouteReq,18828
FindNodeRsp,30424
PathSetupReq,18956
UpdateRouteReq,19506
PathTeardownReq,10968
FindNodeReq,49436
UpdateRouteReq,24823
QueryRouteReq,48790
PathSetupReq,13292
UpdateRouteReq,15469
UpdateRouteReq,13919
UpdateRouteReq,14181
UpdateRouteReq,13867
UpdateRouteReq,13574
FindNodeReq,30487
PathTeardownReq,13564
UpdateRouteReq,48313
FindNodeReq,29158
FindNodeReq,23413
FindNodeReq,23243
FindNodeReq,28550
FindNodeReq,27241
FindNodeRsp,76068
QueryRouteReq,51742
UpdateRouteReq,33575
UpdateRouteReq,14163
UpdateRouteReq,15299
FindNodeReq,33187
FindNodeReq,29009
QueryRouteReq,42089
UpdateRouteReq,15481
PathSetupReq,13541
PathTeardownReq,14478
UpdateRouteReq,16199
UpdateRouteReq,15524
UpdateRouteReq,15396
UpdateRouteReq,12774
UpdateRouteReq,16855
UpdateRouteReq,15740
UpdateRouteReq,15873
PathSetupReq,13515
UpdateRouteReq,14572
PathSetupReq,10676
PathTeardownReq,12542
PathTeardownReq,12403
PathSetupReq,12143
PathTeardownReq,15067
UpdateRouteReq,25358
PathSetupReq,11945
FindNodeRsp,38130
UpdateRouteReq,146375
UpdateRouteReq,194207
FindNodeReq,129281
UpdateRouteReq,62862
UpdateRouteReq,70522
UpdateRouteReq,88966
FindNodeReq,161321
UpdateRouteReq,47803
PathSetupReq,35070
UpdateRouteReq,244867
UpdateRouteReq,279656
FindNodeRsp,118603
FindNodeRsp,102061
FindNodeReq,148692
FindNodeReq,154971
FindNodeReq,95876
FindNodeReq,82891
FindNodeReq,78014
UpdateRouteReq,101186
FindNodeReq,178334
UpdateRouteReq,116565
UpdateRouteReq,45835
FindNodeRsp,81476
FindNodeReq,156281
FindNodeReq,146101
PathSetupReq,64531
FindNodeRsp,79768
FindNodeReq,148391
FindNodeRsp,105430
PathSetupReq,42153
FindNodeReq,104525
FindNodeReq,164960
FindNodeReq,164860
FindNodeReq,165287
UpdateRouteReq,54146
PathTeardownReq,62650
Error,118300
UpdateRouteReq,179993
Error,153350
Error,92477
UpdateRouteReq,69831
UpdateRouteReq,46086
UpdateRouteReq,93447
Error,133997
Error,104334
UpdateRouteReq,47219
Error,106062
Error,96871
Error,84649
FindNodeReq,77378
Error,82678
Error,67895
FindNodeReq,93299
Error,105346
FindNodeReq,78928
FindNodeReq,85694
UpdateRouteReq,42483
UpdateRouteReq,56927
PathSetupReq,39784
FindNodeReq,88787
FindNodeReq,75335
UpdateRouteReq,44942
FindNodeReq,98811
FindNodeReq,69204
FindNodeReq,128881
FindNodeReq,102168
UpdateRouteReq,47929
UpdateRouteReq,73414
PathTeardownReq,43427
FindNodeReq,102051
FindNodeReq,81780
PathTeardownReq,37185
UpdateRouteReq,48507
FindNodeReq,83938
UpdateRouteReq,48845
FindNodeReq,90897
FindNodeReq,79143
UpdateRouteReq,86865
UpdateRouteReq,44419
FindNodeReq,87074
UpdateRouteReq,44219
FindNodeReq,92374
FindNodeReq,83128
UpdateRouteReq,40411
UpdateRouteReq,42473
FindNodeReq,99017
FindNodeReq,143329
FindNodeReq,184767
UpdateRouteReq,114843
UpdateRouteReq,220627
PathSetupReq,37190
FindNodeReq,87787
UpdateRouteReq,109787
QueryRouteReq,105505
Error,124528
UpdateRouteReq,215135
UpdateRouteReq,47319
Error,86738
Error,86410
UpdateRouteReq,82131
UpdateRouteReq,117068
UpdateRouteReq,43559
UpdateRouteReq,44593
Error,104942
UpdateRouteReq,110014
UpdateRouteReq,142951
Error,121129
UpdateRouteReq,152423
UpdateRouteReq,174885
Error,222669
Error,318222
FindNodeReq,155349
Error,79417
Error,77407
FindNodeReq,70526
Error,50823
Error,64677
FindNodeReq,98667
FindNodeReq,72625
UpdateRouteReq,47887
UpdateRouteReq,73214
PathSetupReq,42829
UpdateRouteReq,62351
PathSetupReq,35185
FindNodeReq,152832
UpdateRouteReq,55497
PathTeardownReq,56439
UpdateRouteReq,79573
PathTeardownReq,45161
UpdateRouteReq,48418
UpdateRouteReq,47687
UpdateRouteReq,40711
UpdateRouteReq,52160
UpdateRouteReq,119497
FindNodeReq,157701
UpdateRouteReq,164593
UpdateRouteReq,171664
FindNodeReq,207132
UpdateRouteReq,75818
UpdateRouteReq,79153
UpdateRouteReq,84971
UpdateRouteReq,47599
UpdateRouteReq,43240
QueryRouteReq,87960
PathSetupReq,102154
UpdateRouteReq,65687
UpdateRouteReq,145612
UpdateRouteReq,148511
UpdateRouteReq,224791
PathSetupReq,34219
UpdateRouteReq,69954
UpdateRouteReq,71524
PathSetupReq,48751
PathTeardownReq,50528
PathSetupReq,31955
PathTeardownReq,42780
UpdateRouteReq,76498
UpdateRouteReq,36937
UpdateRouteReq,36928
UpdateRouteReq,46977
UpdateRouteReq,51752
UpdateRouteReq,45547
PathTeardownReq,39499
PathSetupReq,33910
PathTeardownReq,34883
UpdateRouteReq,48910
UpdateRouteReq,42711
UpdateRouteReq,68591
UpdateRouteReq,71331
PathSetupReq,55091
UpdateRouteReq,59436
PathTeardownReq,33995
PathSetupReq,31984
PathTeardownReq,32504
PathSetupReq,71734
PathTeardownReq,51563
PathTeardownReq,53832
PathSetupReq,48498
PathTeardownReq,49037
UpdateRouteReq,84098
UpdateRouteReq,107374
UpdateRouteReq,113514
UpdateRouteReq,239421
UpdateRouteReq,145968
PathSetupReq,33559
UpdateRouteReq,166602
QueryRouteReq,132504
QueryRouteReq,164609
UpdateRouteReq,206966
UpdateRouteReq,66102
UpdateRouteReq,80245
FindNodeReq,185852
UpdateRouteReq,99329
UpdateRouteReq,189708
UpdateRouteReq,102149
FindNodeReq,93380
PathSetupReq,182748
FindNodeReq,90101
FindNodeReq,108882
FindNodeReq,151861
PathTeardownReq,44859
UpdateRouteReq,99456
UpdateRouteReq,250810
PathSetupReq,52408
UpdateRouteReq,68124
UpdateRouteReq,245384
UpdateRouteReq,381762
UpdateRouteReq,154069
UpdateRouteReq,191578
UpdateRouteReq,227115
PathSetupReq,37851
UpdateRouteReq,78414
UpdateRouteReq,44187
PathTeardownReq,38397
PathTeardownReq,36268
PathTeardownReq,51943
FindNodeRsp,75915
UpdateRouteReq,115558
QueryRouteReq,124729
UpdateRouteReq,109117
UpdateRouteReq,90709
QueryRouteReq,242995
UpdateRouteReq,95406
FindNodeRsp,103630
PathSetupReq,40932
UpdateRouteReq,83548
UpdateRouteReq,50322
UpdateRouteReq,44563
UpdateRouteReq,44867
UpdateRouteReq,119174
UpdateRouteReq,50137
UpdateRouteReq,64535
PathSetupReq,66050
UpdateRouteReq,150073
UpdateRouteReq,156856
UpdateRouteReq,258777
UpdateRouteReq,70212
FindNodeReq,172204
FindNodeRsp,111089
FindNodeRsp,116642
FindNodeReq,156145
FindNodeReq,91742
FindNodeReq,77057
FindNodeReq,75175
UpdateRouteReq,110526
UpdateRouteReq,55679
FindNodeRsp,118219
FindNodeReq,167071
UpdateRouteReq,113922
FindNodeReq,170608
FindNodeRsp,110630
FindNodeReq,149468
FindNodeRsp,113038
FindNodeReq,168020
FindNodeReq,156025
FindNodeReq,147345
FindNodeReq,148498
UpdateRouteReq,92798
PathTeardownReq,39239
Error,110314
UpdateRouteReq,172188
Error,89725
UpdateRouteReq,66239
Error,86412
UpdateRouteReq,93385
Error,79733
Error,77702
UpdateRouteReq,44399
Error,81094
Error,75422
Error,81180
Error,77570
Error,46339
Error,52014
UpdateRouteReq,45871
FindNodeReq,79084
UpdateRouteReq,45738
UpdateRouteReq,93328
FindNodeReq,173627
UpdateRouteReq,49751
PathSetupReq,42604
UpdateRouteReq,50115
FindNodeReq,86018
FindNodeReq,73926
UpdateRouteReq,49835
FindNodeReq,78427
FindNodeReq,75466
UpdateRouteReq,42274
FindNodeReq,138317
UpdateRouteReq,48849
UpdateRouteReq,52850
FindNodeReq,94968
FindNodeReq,67006
PathTeardownReq,40964
FindNodeReq,73628
UpdateRouteReq,82849
FindNodeReq,83806
FindNodeReq,81968
UpdateRouteReq,49272
UpdateRouteReq,40483
PathTeardownReq,77758
UpdateRouteReq,70571
PathSetupReq,44279
FindNodeReq,142620
UpdateRouteReq,43892
PathTeardownReq,42457
UpdateRouteReq,50454
UpdateRouteReq,45567
QueryRouteReq,185565
UpdateRouteReq,184658
QueryRouteReq,87327
UpdateRouteReq,48077
PathSetupReq,69892
FindNodeRsp,80567
UpdateRouteReq,48607
PathTeardownReq,39491
UpdateRouteReq,44710
PathSetupReq,94539
PathTeardownReq,90651
PathSetupReq,94378
PathTeardownReq,36443
FindNodeReq,160204
FindNodeReq,99798
PathSetupReq,39940
PathTeardownReq,37128
FindNodeReq,93462
PathSetupReq,60471
PathTeardownReq,38447
FindNodeReq,151840
FindNodeReq,90371
FindNodeReq,75151
FindNodeReq,71694
UpdateRouteReq,44392
FindNodeReq,172414
UpdateRouteReq,156873
UpdateRouteReq,273418
UpdateRouteReq,275314
UpdateRouteReq,486905
UpdateRouteReq,265087
UpdateRouteReq,205991
QueryRouteReq,147499
UpdateRouteReq,52250
UpdateRouteReq,43733
QueryRouteReq,155331
UpdateRouteReq,113153
PathSetupReq,35984
UpdateRouteReq,60453
UpdateRouteReq,113998
PathTeardownReq,107949
UpdateRouteReq,63343
PathSetupReq,127496
UpdateRouteReq,104993
UpdateRouteReq,109714
PathSetupReq,150578
UpdateRouteReq,62054
FindNodeReq,111932
UpdateRouteReq,91668
UpdateRouteReq,61186
UpdateRouteReq,64451
FindNodeReq,157552
FindNodeReq,158548
FindNodeRsp,117168
FindNodeRsp,88698
FindNodeReq,175581
FindNodeReq,156116
FindNodeRsp,76322
FindNodeReq,146285
FindNodeReq,153617
FindNodeReq,151952
FindNodeReq,155001
UpdateRouteReq,87946
PathTeardownReq,123533
Error,110193
UpdateRouteReq,169748
Error,89442
UpdateRouteReq,65370
Error,85522
UpdateRouteReq,92610
Error,218636
Error,136508
UpdateRouteReq,139097
Error,114506
Error,84571
Error,79711
Error,83166
Error,50199
Error,48359
UpdateRouteReq,47083
FindNodeReq,93874
UpdateRouteReq,46453
FindNodeReq,74770
FindNodeReq,72277
FindNodeReq,75359
UpdateRouteReq,41732
FindNodeReq,76043
UpdateRouteReq,39923
UpdateRouteReq,76191
PathSetupReq,65267
FindNodeReq,118463
UpdateRouteReq,46245
FindNodeReq,153895
FindNodeReq,108112
FindNodeReq,85339
UpdateRouteReq,54031
PathTeardownReq,37832
FindNodeReq,85134
PathTeardownReq,44483
UpdateRouteReq,45588
UpdateRouteReq,40591
UpdateRouteReq,59099
UpdateRouteReq,49083
UpdateRouteReq,67345
FindNodeRsp,164333
UpdateRouteReq,51590
QueryRouteReq,96003
UpdateRouteReq,47054
QueryRouteReq,150382
UpdateRouteReq,50705
UpdateRouteReq,72625
UpdateRouteReq,45885
UpdateRouteReq,46087
UpdateRouteReq,88066
UpdateRouteReq,288502
UpdateRouteReq,460016
QueryRouteReq,204155
UpdateRouteReq,229978
UpdateRouteReq,72974
UpdateRouteReq,92600
UpdateRouteReq,79994
UpdateRouteReq,82702
PathSetupReq,42717
UpdateRouteReq,48670
UpdateRouteReq,40968
UpdateRouteReq,40393
PathTeardownReq,73207
UpdateRouteReq,46513
UpdateRouteReq,85051
PathTeardownReq,38194
PathSetupReq,207590
FindNodeReq,178107
UpdateRouteReq,160229
PathTeardownReq,161396
PathTeardownReq,81075
FindNodeRsp,60770
PNDiscReq,158036
UpdateRouteReq,111172
UpdateRouteReq,170709
UpdateRouteReq,222375
UpdateRouteReq,62904
QueryRouteReq,106572
PathSetupReq,45299
UpdateRouteReq,297572
UpdateRouteReq,93650
PathTeardownReq,194064
UpdateRouteReq,160220
QueryRouteReq,976617
UpdateRouteReq,52043
UpdateRouteReq,45821
UpdateRouteReq,43835
PathSetupReq,35072
UpdateRouteReq,44639
UpdateRouteReq,41054
FindNodeRsp,93451
UpdateRouteReq,442935
UpdateRouteReq,499757
UpdateRouteReq,520381
UpdateRouteReq,810551
UpdateRouteReq,850764
QueryRouteReq,944766
QueryRouteReq,201616
UpdateRouteReq,276932
UpdateRouteReq,143845
PathSetupReq,145256
UpdateRouteReq,194041
UpdateRouteReq,98983
PathSetupReq,97110
UpdateRouteReq,69020
UpdateRouteReq,97085
FindNodeReq,154527
FindNodeRsp,74765
FindNodeRsp,104986
FindNodeRsp,98165
FindNodeReq,161027
FindNodeReq,195049
FindNodeReq,160926
FindNodeReq,159897
UpdateRouteReq,101958
PathTeardownReq,85760
Error,110359
UpdateRouteReq,170448
Error,134665
UpdateRouteReq,236345
Error,205256
UpdateRouteReq,260649
UpdateRouteReq,185560
Error,262800
Error,194740
UpdateRouteReq,236184
Error,265362
Error,336179
FindNodeReq,390987
Error,354897
Error,425036
Error,329901
Error,345521
FindNodeReq,118110
FindNodeReq,85595
FindNodeReq,69987
FindNodeReq,66431
FindNodeReq,69915
UpdateRouteReq,52146
FindNodeReq,68898
UpdateRouteReq,57211
UpdateRouteReq,44999
UpdateRouteReq,39008
FindNodeReq,91494
FindNodeReq,106113
FindNodeReq,78678
UpdateRouteReq,39338
FindNodeReq,89902
FindNodeReq,112170
PathSetupReq,63375
FindNodeReq,85070
UpdateRouteReq,60374
UpdateRouteReq,66139
UpdateRouteReq,139599
PathTeardownReq,62795
PathTeardownReq,58882
UpdateRouteReq,69518
PathTeardownReq,86310
UpdateRouteReq,77068
UpdateRouteReq,73798
UpdateRouteReq,68833
QueryRouteReq,112250
UpdateRouteReq,73574
PathSetupReq,137079
PathSetupReq,67362
PathTeardownReq,54335
PathTeardownReq,71292
PathSetupReq,69112
PathTeardownReq,86852
FindNodeReq,156777
FindNodeReq,263930
UpdateRouteReq,446888
UpdateRouteReq,520884
UpdateRouteReq,556250
UpdateRouteReq,728198
UpdateRouteReq,251935
UpdateRouteReq,188481
UpdateRouteReq,118650
UpdateRouteReq,83558
UpdateRouteReq,81067
FindNodeReq,117465
UpdateRouteReq,156525
UpdateRouteReq,96445
UpdateRouteReq,87098
QueryRouteReq,142944
UpdateRouteReq,188426
UpdateRouteReq,113970
UpdateRouteReq,111039
PathSetupReq,59826
UpdateRouteReq,131669
FindNodeReq,300694
FindNodeReq,350317
FindNodeReq,364174
UpdateRouteReq,419919
PathTeardownReq,535757
UpdateRouteReq,585511
UpdateRouteReq,643856
UpdateRouteReq,160043
UpdateRouteReq,167416
UpdateRouteReq,174618
UpdateRouteReq,114342
PathSetupReq,194179
PathTeardownReq,194492
UpdateRouteReq,278634
UpdateRouteReq,318865
UpdateRouteReq,169974
UpdateRouteReq,204084
UpdateRouteReq,236417
UpdateRouteReq,96896
UpdateRouteReq,133659
UpdateRouteReq,204896
PathSetupReq,198123
UpdateRouteReq,106238
UpdateRouteReq,135105
FindNodeReq,53398
FindNodeReq,55640
UpdateRouteReq,28044
UpdateRouteReq,26775
FindNodeReq,54208
FindNodeReq,81433
FindNodeReq,73140
UpdateRouteReq,43114
UpdateRouteReq,118433
UpdateRouteReq,153455
Error,143129
UpdateRouteReq,180866
UpdateRouteReq,169732
Error,253015
Error,119937
UpdateRouteReq,63142
UpdateRouteReq,129977
Error,222791
Error,286730
FindNodeReq,331070
Error,411957
FindNodeReq,480757
UpdateRouteReq,529123
UpdateRouteReq,61552
Error,65322
Error,69527
UpdateRouteReq,75196
Error,121541
UpdateRouteReq,61691
FindNodeReq,90678
UpdateRouteReq,39523
UpdateRouteReq,43839
FindNodeReq,67759
FindNodeReq,61611
UpdateRouteReq,82663
Error,135931
PathSetupReq,106773
FindNodeReq,136706
UpdateRouteReq,34566
FindNodeReq,65599
Error,51864
FindNodeReq,78943
FindNodeReq,92818
FindNodeReq,116991
FindNodeReq,54589
FindNodeReq,65043
UpdateRouteReq,35326
FindNodeReq,95072
UpdateRouteReq,48479
UpdateRouteReq,50512
UpdateRouteReq,44019
PathTeardownReq,67131
PathTeardownReq,58674
PathTeardownReq,38989
UpdateRouteReq,32352
PathSetupReq,28791
UpdateRouteReq,31144
UpdateRouteReq,31087
UpdateRouteReq,30365
PathTeardownReq,24317
PathSetupReq,22803
PathTeardownReq,21158
PathSetupReq,23346
PathTeardownReq,21065
QueryRouteReq,113711
UpdateRouteReq,111459
QueryRouteReq,46409
FindNodeRsp,82468
UpdateRouteReq,42167
FindNodeReq,157928
FindNodeReq,159328
UpdateRouteReq,56844
UpdateRouteReq,42879
FindNodeReq,122053
UpdateRouteReq,50359
UpdateRouteReq,54395
UpdateRouteReq,41513
UpdateRouteReq,56594
UpdateRouteReq,75966
UpdateRouteReq,42975
FindNodeReq,137453
UpdateRouteReq,67242
UpdateRouteReq,51771
UpdateRouteReq,50720
UpdateRouteReq,56309
UpdateRouteReq,51514
UpdateRouteReq,49715
FindNodeReq,133036
UpdateRouteReq,58583
UpdateRouteReq,42749
UpdateRouteReq,40594
UpdateRouteReq,48827
UpdateRouteReq,40723
UpdateRouteReq,40859
FindNodeReq,139467
UpdateRouteReq,48403
UpdateRouteReq,43477
UpdateRouteReq,42575
UpdateRouteReq,52423
UpdateRouteReq,41265
UpdateRouteReq,40592
FindNodeReq,138426
UpdateRouteReq,60157
UpdateRouteReq,42201
UpdateRouteReq,40439
UpdateRouteReq,47999
UpdateRouteReq,41690
UpdateRouteReq,45463
FindNodeReq,174231
UpdateRouteReq,50040
UpdateRouteReq,43516
UpdateRouteReq,41747
UpdateRouteReq,50183
UpdateRouteReq,41683
UpdateRouteReq,48443
FindNodeReq,130047
UpdateRouteReq,57113
UpdateRouteReq,43831
UpdateRouteReq,42711
UpdateRouteReq,56559
UpdateRouteReq,42470
UpdateRouteReq,46902
FindNodeReq,137802
UpdateRouteReq,50071
UpdateRouteReq,43767
UpdateRouteReq,42448
UpdateRouteReq,50815
UpdateRouteReq,41988
UpdateRouteReq,41920
FindNodeReq,137317
UpdateRouteReq,50292
UpdateRouteReq,43628
UpdateRouteReq,42076
UpdateRouteReq,50535
UpdateRouteReq,41803
UpdateRouteReq,42133
FindNodeReq,132163
UpdateRouteReq,50837
UpdateRouteReq,44241
UpdateRouteReq,41807
UpdateRouteReq,51999
UpdateRouteReq,40641
UpdateRouteReq,41076
FindNodeReq,129148
UpdateRouteReq,50439
UpdateRouteReq,43644
UpdateRouteReq,42286
UpdateRouteReq,50432
UpdateRouteReq,40638
UpdateRouteReq,47761
FindNodeReq,127321
FindNodeReq,121689
UpdateRouteReq,47242
UpdateRouteReq,41491
UpdateRouteReq,40668
UpdateRouteReq,51647
UpdateRouteReq,40923
UpdateRouteReq,40315
FindNodeReq,126176
UpdateRouteReq,50344
UpdateRouteReq,43351
UpdateRouteReq,41979
UpdateRouteReq,50789
UpdateRouteReq,41699
UpdateRouteReq,44807
FindNodeReq,131306
UpdateRouteReq,49945
UpdateRouteReq,43485
UpdateRouteReq,42154
QueryRouteReq,157369
UpdateRouteReq,139917
QueryRouteReq,76793
UpdateRouteReq,244636
UpdateRouteReq,70662
FindNodeReq,162049
UpdateRouteReq,264738
UpdateRouteReq,151960
PathSetupReq,159856
UpdateRouteReq,70806
UpdateRouteReq,47970
UpdateRouteReq,65007
UpdateRouteReq,69752
UpdateRouteReq,143557
UpdateRouteReq,75806
PathSetupReq,56780
UpdateRouteReq,336798
UpdateRouteReq,50979
UpdateRouteReq,205372
UpdateRouteReq,46332
FindNodeReq,155404
UpdateRouteReq,64247
FindNodeRsp,109668
FindNodeReq,165892
PathTeardownReq,68375
UpdateRouteReq,98127
FindNodeRsp,146718
PathSetupReq,142115
UpdateRouteReq,217301
UpdateRouteReq,286908
UpdateRouteReq,107447
UpdateRouteReq,73487
PathSetupReq,39512
FindNodeReq,179458
UpdateRouteReq,116857
UpdateRouteReq,70663
FindNodeReq,155964
FindNodeReq,91393
FindNodeReq,75111
FindNodeReq,72967
UpdateRouteReq,98869
FindNodeReq,109480
UpdateRouteReq,98906
FindNodeReq,154613
UpdateRouteReq,83642
FindNodeReq,144123
FindNodeReq,154415
FindNodeReq,153270
FindNodeReq,146791
UpdateRouteReq,134368
PathTeardownReq,187614
Error,122617
UpdateRouteReq,183112
Error,138708
UpdateRouteReq,162943
Error,245581
UpdateRouteReq,148279
Error,135375
Error,137557
UpdateRouteReq,151525
Error,157333
Error,246901
UpdateRouteReq,264707
Error,320989
Error,392619
Error,193408
Error,214135
FindNodeReq,87184
FindNodeReq,86930
UpdateRouteReq,66288
FindNodeReq,81765
UpdateRouteReq,44706
FindNodeReq,83837
UpdateRouteReq,42735
FindNodeReq,72775
FindNodeReq,75566
FindNodeReq,81508
UpdateRouteReq,80591
FindNodeReq,128982
UpdateRouteReq,137206
UpdateRouteReq,112817
FindNodeReq,177532
UpdateRouteReq,61609
FindNodeReq,104544
UpdateRouteReq,59006
PathSetupReq,72391
FindNodeReq,115721
UpdateRouteReq,60673
FindNodeReq,132278
PathTeardownReq,64162
FindNodeReq,101587
UpdateRouteReq,78896
PathTeardownReq,37612
FindNodeReq,135822
UpdateRouteReq,57757
UpdateRouteReq,45770
UpdateRouteReq,70121
PathSetupReq,64183
UpdateRouteReq,120322
UpdateRouteReq,94404
PathTeardownReq,64753
PathSetupReq,56924
PathTeardownReq,58992
UpdateRouteReq,69247
UpdateRouteReq,55377
QueryRouteReq,108703
UpdateRouteReq,62430
UpdateRouteReq,69625
UpdateRouteReq,85778
UpdateRouteReq,82091
QueryRouteReq,94528
UpdateRouteReq,117487
UpdateRouteReq,51779
PathTeardownReq,51620
PathSetupReq,47706
PathTeardownReq,62765
FindNodeReq,98787
UpdateRouteReq,157356
UpdateRouteReq,191550
UpdateRouteReq,47989
FindNodeReq,101150
PathSetupReq,108660
FindNodeReq,76598
FindNodeRsp,64816
UpdateRouteReq,50481
UpdateRouteReq,80310
UpdateRouteReq,136357
FindNodeReq,149349
FindNodeReq,117730
FindNodeReq,82253
FindNodeReq,77367
UpdateRouteReq,106736
UpdateRouteReq,98479
FindNodeReq,154324
FindNodeRsp,79851
UpdateRouteReq,91679
UpdateRouteReq,110285
FindNodeRsp,80510
FindNodeReq,167035
FindNodeRsp,96038
FindNodeRsp,75797
FindNodeReq,156592
FindNodeRsp,77529
FindNodeRsp,98877
FindNodeRsp,103270
FindNodeReq,158862
FindNodeReq,156191
FindNodeRsp,79926
FindNodeReq,151299
FindNodeReq,157921
FindNodeReq,156848
FindNodeReq,156814
FindNodeReq,156573
FindNodeReq,157991
FindNodeRsp,91097
FindNodeRsp,73211
FindNodeReq,155525
PathSetupReq,131653
PathSetupReq,68063
FindNodeRsp,78717
FindNodeReq,153664
PNHello,124193
PNDiscRsp,58847
FindNodeRsp,73178
FindNodeRsp,92782
FindNodeRsp,74206
FindNodeRsp,91226
FindNodeReq,153733
FindNodeRsp,77015
FindNodeRsp,91920
FindNodeReq,154277
FindNodeRsp,75229
FindNodeRsp,75133
FindNodeRsp,82015
FindNodeReq,157217
FindNodeReq,157512
FindNodeRsp,99838
FindNodeReq,155616
FindNodeRsp,101850
FindNodeReq,155743
FindNodeReq,155365
FindNodeRsp,103721
FindNodeReq,165044
PNDiscReq,166756
FindNodeRsp,86298
FindNodeRsp,100606
FindNodeReq,154899
FindNodeReq,154517
FindNodeReq,157628
PathSetupReq,83580
PathSetupReq,69626
FindNodeRsp,81971
FindNodeReq,148995
FindNodeRsp,76293
FindNodeRsp,101598
FindNodeRsp,78953
FindNodeRsp,78198
FindNodeRsp,103668
FindNodeRsp,80654
FindNodeRsp,80578
FindNodeReq,156473
FindNodeRsp,105057
FindNodeRsp,80270
FindNodeRsp,76027
FindNodeRsp,74753
PNHello,125026
PNDiscRsp,62911
FindNodeRsp,76072
FindNodeReq,155349
FindNodeRsp,75438
FindNodeReq,154778
FindNodeRsp,97602
FindNodeReq,156317
FindNodeRsp,99049
FindNodeRsp,77876
FindNodeReq,155730
FindNodeReq,155131
FindNodeRsp,72325
FindNodeReq,104498
FindNodeReq,147780
PathSetupReq,131233
PathSetupReq,67408
FindNodeReq,140766
FindNodeRsp,77533
FindNodeRsp,51819
FindNodeReq,142711
FindNodeReq,96196
FindNodeRsp,44158
FindNodeRsp,31954
FindNodeReq,133696
FindNodeReq,61595
FindNodeReq,139701
FindNodeReq,87511
FindNodeReq,74539
FindNodeReq,68926
Error,120164
Error,88789
Error,81382
Error,43981
FindNodeReq,94269
FindNodeRsp,43714
FindNodeReq,123565
FindNodeRsp,26693
FindNodeRsp,56515
Error,108210
Error,82426
Error,81691
Error,43403
Error,108941
Error,82732
Error,84086
Error,43090
FindNodeRsp,56174
FindNodeReq,140183
FindNodeReq,140434
FindNodeRsp,55575
FindNodeRsp,52899
Error,112515
Error,83040
Error,79172
Error,41530
UpdateRouteReq,201440
Error,199569
UpdateRouteReq,204920
Error,76164
UpdateRouteReq,45092
UpdateRouteReq,60930
UpdateRouteReq,59724
Error,99518
UpdateRouteReq,102616
Error,103638
UpdateRouteReq,42173
Error,83398
Error,43244
FindNodeRsp,54220
FindNodeRsp,51247
FindNodeRsp,54326
Error,78393
Error,46454
Error,88067
UpdateRouteReq,83996
UpdateRouteReq,112939
Error,75012
Error,75638
UpdateRouteReq,43812
Error,78127
Error,92934
UpdateRouteReq,118478
Error,73954
Error,76701
Error,70711
Error,42514
Error,44245
Error,52743
Error,31843
UpdateRouteReq,87725
Error,52354
Error,93916
Error,119305
Error,76860
Error,75539
Error,39435
Error,32712
FindNodeRsp,50390
FindNodeReq,149265
PNDiscReq,110710
FindNodeRsp,31465
FindNodeReq,134008
FindNodeRsp,52762
FindNodeRsp,59124
UpdateRouteReq,153005
Error,176025
UpdateRouteReq,182880
Error,201216
Error,171936
Error,208513
UpdateRouteReq,207596
Error,108830
Error,72631
UpdateRouteReq,46446
Error,76558
Error,73486
FindNodeRsp,57299
Error,94593
Error,72373
Error,43567
Error,43573
Error,52067
Error,31124
UpdateRouteReq,89216
Error,52581
Error,94516
Error,121076
Error,78812
Error,77738
Error,40059
Error,30516
FindNodeReq,146412
FindNodeReq,140226
FindNodeRsp,50503
FindNodeReq,140537
FindNodeRsp,49833
FindNodeRsp,51126
FindNodeRsp,54697
FindNodeReq,139242
FindNodeRsp,54039
FindNodeReq,138848
FindNodeReq,139005
FindNodeRsp,49594
FindNodeReq,139586
FindNodeRsp,54204
FindNodeRsp,50471
FindNodeReq,162893
FindNodeReq,138245
FindNodeRsp,54058
FindNodeReq,139926
FindNodeRsp,49069
FindNodeReq,141689
FindNodeRsp,50247
FindNodeReq,138153
FindNodeReq,139990
FindNodeRsp,50487
FindNodeReq,138917
FindNodeRsp,50552
FindNodeReq,141789
FindNodeReq,141170
FindNodeRsp,59246
FindNodeRsp,50459
FindNodeRsp,55262
FindNodeReq,140830
FindNodeRsp,55159
FindNodeReq,142822
FindNodeRsp,51299
FindNodeReq,142601
FindNodeRsp,52019
FindNodeRsp,50614
FindNodeReq,142530
FindNodeReq,141481
FindNodeRsp,74612
FindNodeReq,140897
FindNodeRsp,55232
FindNodeRsp,50309
FindNodeReq,141117
FindNodeReq,138385
FindNodeRsp,51343
FindNodeReq,78960
FindNodeRsp,51379
FindNodeReq,142889
FindNodeReq,139515
FindNodeRsp,50435
FindNodeRsp,60854
FindNodeRsp,57441
FindNodeRsp,54412
FindNodeReq,141901
FindNodeRsp,51239
FindNodeRsp,55654
FindNodeReq,140455
FindNodeRsp,51599
FindNodeReq,141267
FindNodeReq,139371
FindNodeRsp,51190
FindNodeReq,140939
FindNodeRsp,52531
FindNodeRsp,56058
FindNodeReq,141226
FindNodeReq,140762
FindNodeRsp,58190
FindNodeReq,139542
FindNodeRsp,55588
FindNodeReq,141662
FindNodeReq,139291
FindNodeRsp,52319
FindNodeReq,140988
FindNodeReq,141269
FindNodeRsp,53025
FindNodeReq,141212
PathSetupReq,66262
PathSetupReq,65786
FindNodeRsp,55855
FindNodeReq,142149
FindNodeRsp,59943
FindNodeRsp,56006
FindNodeRsp,54914
PNHello,123987
PNDiscRsp,81772
FindNodeRsp,55875
FindNodeReq,140290
FindNodeRsp,57098
FindNodeReq,141793
FindNodeRsp,56383
FindNodeReq,141982
FindNodeRsp,57577
FindNodeRsp,57902
FindNodeRsp,56141
FindNodeReq,141433
FindNodeRsp,57451
FindNodeReq,141739
FindNodeRsp,54567
FindNodeReq,141176
FindNodeRsp,57204
FindNodeRsp,55362
FindNodeReq,142540
FindNodeReq,139908
FindNodeRsp,64239
FindNodeRsp,55027
FindNodeReq,142703
FindNodeReq,141681
FindNodeRsp,60131
FindNodeRsp,54063
FindNodeReq,143490
FindNodeReq,142777
FindNodeRsp,57066
FindNodeReq,143033
FindNodeReq,141562
FindNodeRsp,59195
FindNodeRsp,53651
FindNodeReq,143347
FindNodeRsp,57368
FindNodeReq,142497
FindNodeRsp,57205
FindNodeReq,143082
QueryRouteReq,193917
UpdateRouteReq,234575
QueryRouteRsp,110137
FindNodeReq,79564
QueryRouteRsp,84556
QueryRouteReq,107798
PathSetupReq,46523
FindNodeRsp,103258
UpdateRouteReq,174929
FindNodeReq,152450
FindNodeReq,157389
FindNodeRsp,77683
FindNodeReq,156917
FindNodeReq,153932
FindNodeReq,160321
FindNodeRsp,100413
FindNodeReq,153145
FindNodeRsp,80450
FindNodeReq,157066
FindNodeReq,151975
FindNodeRsp,92122
FindNodeReq,162256
FindNodeRsp,92859
FindNodeRsp,88867
FindNodeReq,153832
FindNodeRsp,100455
FindNodeReq,153117
FindNodeReq,154991
FindNodeRsp,85550
FindNodeReq,160671
FindNodeReq,156316
FindNodeReq,154601
FindNodeRsp,89879
FindNodeRsp,72639
FindNodeReq,156524
FindNodeReq,151617
FindNodeRsp,92241
FindNodeRsp,91300
FindNodeRsp,97952
FindNodeRsp,83228
FindNodeRsp,84898
FindNodeReq,155478
FindNodeRsp,100798
FindNodeReq,157349
FindNodeReq,155193
PNDiscReq,175008
FindNodeRsp,105344
FindNodeReq,161984
FindNodeRsp,91172
FindNodeRsp,100214
FindNodeRsp,75779
FindNodeReq,156375
FindNodeRsp,102605
FindNodeReq,154158
FindNodeRsp,74074
FindNodeReq,157115
FindNodeRsp,78320
FindNodeReq,164027
FindNodeReq,160021
FindNodeRsp,101150
FindNodeRsp,101774
FindNodeReq,154211
FindNodeRsp,81846
FindNodeReq,161447
FindNodeReq,159296
FindNodeRsp,85764
FindNodeRsp,73499
FindNodeReq,158309
FindNodeReq,154325
PathSetupReq,43519
FindNodeRsp,77782
PathSetupReq,77070
FindNodeReq,160371
FindNodeReq,153921
FindNodeRsp,75913
PathSetupReq,69919
PathSetupReq,142493
FindNodeRsp,74944
FindNodeRsp,90218
FindNodeReq,175391
FindNodeReq,162198
FindNodeRsp,86976
FindNodeRsp,106788
FindNodeReq,163424
FindNodeReq,159264
FindNodeReq,160646
FindNodeRsp,87118
FindNodeReq,176376
PathSetupReq,77658
FindNodeRsp,100838
FindNodeReq,161665
FindNodeRsp,76493
FindNodeRsp,104960
FindNodeReq,153987
FindNodeRsp,75106
FindNodeReq,161297
FindNodeReq,153718
FindNodeReq,153202
Error,84022
Error,91952
UpdateRouteReq,53104
UpdateRouteReq,42006
Error,186864
Error,231359
UpdateRouteReq,237385
Error,101314
Error,78638
Error,81462
Error,43383
Error,94309
UpdateRouteReq,44210
Error,81818
UpdateRouteReq,41115
Error,76503
PathTeardownReq,42992
UpdateRouteReq,94017
PathSetupReq,85707
PathTeardownReq,46667
FindNodeRsp,102889
UpdateRouteReq,160797
UpdateRouteReq,163806
UpdateRouteReq,127415
UpdateRouteReq,110838
UpdateRouteReq,93038
UpdateRouteReq,74064
UpdateRouteReq,64990
UpdateRouteReq,83011
UpdateRouteReq,95396
UpdateRouteReq,80354
UpdateRouteReq,184300
UpdateRouteReq,217175
FindNodeReq,144704
UpdateRouteReq,50682
UpdateRouteReq,104618
UpdateRouteReq,83839
UpdateRouteReq,66423
FindNodeRsp,87536
FindNodeReq,151511
UpdateRouteReq,135306
UpdateRouteReq,289875
UpdateRouteReq,155671
UpdateRouteReq,67145
FindNodeRsp,75353
UpdateRouteReq,96778
UpdateRouteReq,84428
UpdateRouteReq,82920
Error,140693
UpdateRouteReq,178629
Error,93112
FindNodeRsp,53213
Error,90734
UpdateRouteReq,98977
Error,143412
UpdateRouteReq,188039
Error,93449
Error,106317
Error,84809
FindNodeReq,83697
Error,120950
Error,76999
Error,43079
Error,82781
Error,33407
FindNodeReq,71735
UpdateRouteReq,44148
UpdateRouteReq,37980
UpdateRouteReq,36762
Error,82416
Error,125527
Error,82246
Error,72012
FindNodeReq,65312
FindNodeReq,75870
UpdateRouteReq,44762
Error,109012
Error,96121
Error,106443
Error,77002
FindNodeReq,112329
UpdateRouteReq,118228
UpdateRouteReq,57675
UpdateRouteReq,58023
Error,155728
Error,146706
FindNodeReq,78972
FindNodeReq,63665
Error,75638
FindNodeReq,61943
FindNodeReq,59640
Error,73487
FindNodeReq,60883
FindNodeReq,58343
Error,41768
FindNodeReq,95009
FindNodeReq,119038
FindNodeReq,64146
FindNodeReq,59413
FindNodeReq,66367
FindNodeRsp,93326
UpdateRouteReq,125189
UpdateRouteReq,155497
UpdateRouteReq,234702
UpdateRouteReq,78039
UpdateRouteReq,61450
FindNodeRsp,88096
UpdateRouteReq,161368
UpdateRouteReq,185427
UpdateRouteReq,96422
UpdateRouteReq,90978
UpdateRouteReq,287015
UpdateRouteReq,290581
UpdateRouteReq,181048
UpdateRouteReq,179566
UpdateRouteReq,214985
FindNodeReq,169182
UpdateRouteReq,159642
UpdateRouteReq,96648
UpdateRouteReq,74611
FindNodeReq,188890
UpdateRouteReq,179764
UpdateRouteReq,108054
UpdateRouteReq,77533
UpdateRouteReq,61339
FindNodeRsp,91834
UpdateRouteReq,254783
Error,318333
Error,316025
UpdateRouteReq,324908
UpdateRouteReq,114830
Error,86018
Error,33344
Error,28733
UpdateRouteReq,94988
Error,92406
FindNodeRsp,58067
UpdateRouteReq,88638
UpdateRouteReq,78446
UpdateRouteReq,38694
UpdateRouteReq,71358
PathSetupReq,37010
UpdateRouteReq,70135
Error,141425
UpdateRouteReq,44737
UpdateRouteReq,52099
FindNodeReq,99643
UpdateRouteReq,100314
UpdateRouteReq,38227
Error,161497
UpdateRouteReq,48212
FindNodeReq,94282
UpdateRouteReq,100138
PathTeardownReq,36700
UpdateRouteReq,62999
Error,198980
UpdateRouteReq,48784
UpdateRouteReq,90588
PathSetupReq,82082
FindNodeReq,144161
FindNodeReq,82783
UpdateRouteReq,119694
Error,126986
UpdateRouteReq,41641
UpdateRouteReq,38152
FindNodeReq,142637
FindNodeReq,77808
UpdateRouteReq,99942
Error,77004
Error,59215
Error,34400
Error,46983
Error,37999
Error,165220
UpdateRouteReq,154393
Error,163045
UpdateRouteReq,56619
FindNodeReq,157344
FindNodeReq,150180
FindNodeReq,95835
FindNodeReq,79998
FindNodeReq,76666
UpdateRouteReq,43707
UpdateRouteReq,41800
Error,164568
FindNodeReq,150028
FindNodeRsp,81226
Error,162271
Error,73635
Error,37585
UpdateRouteReq,61002
UpdateRouteReq,115213
QueryRouteReq,143451
UpdateRouteReq,51088
UpdateRouteReq,47729
FindNodeReq,155684
FindNodeRsp,82734
FindNodeReq,152761
FindNodeReq,156542
FindNodeReq,159155
FindNodeRsp,73054
FindNodeRsp,89771
FindNodeReq,152191
Error,37297
Error,30321
Error,85643
UpdateRouteReq,46834
Error,80233
Error,99965
UpdateRouteReq,101996
Error,87878
Error,84850
Error,45067
Error,76018
Error,186768
UpdateRouteReq,181567
Error,93988
UpdateRouteReq,44762
Error,46383
Error,60688
Error,140782
UpdateRouteReq,183427
UpdateRouteReq,257220
Error,39491
UpdateRouteReq,92442
UpdateRouteReq,43631
Error,90069
Error,81972
Error,79259
Error,78940
Error,41250
Error,32914
PathTeardownReq,65087
FindNodeReq,110477
UpdateRouteReq,51104
PathSetupReq,34654
UpdateRouteReq,41751
UpdateRouteReq,52299
FindNodeReq,188573
FindNodeReq,152071
FindNodeRsp,92542
FindNodeReq,152157
FindNodeReq,150831
FindNodeReq,157917
FindNodeRsp,97682
FindNodeReq,153041
Error,37452
Error,30430
Error,91380
UpdateRouteReq,51991
UpdateRouteReq,44998
Error,82106
Error,75732
UpdateRouteReq,45997
Error,83727
Error,79084
Error,79423
Error,47614
Error,143864
UpdateRouteReq,55964
UpdateRouteReq,43659
Error,155614
UpdateRouteReq,54984
Error,46681
Error,60453
Error,71131
UpdateRouteReq,109862
Error,39054
UpdateRouteReq,46843
Error,139097
UpdateRouteReq,116622
Error,92205
Error,84672
Error,79837
Error,43246
Error,34244
PathTeardownReq,148597
UpdateRouteReq,87377
PathSetupReq,76414
UpdateRouteReq,42492
UpdateRouteReq,49367
FindNodeReq,154017
FindNodeRsp,76560
UpdateRouteReq,47019
FindNodeReq,151342
FindNodeReq,149929
FindNodeRsp,100602
FindNodeRsp,69894
FindNodeRsp,80600
FindNodeReq,148383
FindNodeReq,158676
FindNodeRsp,68808
FindNodeRsp,79698
FindNodeRsp,92540
FindNodeReq,149571
FindNodeReq,158729
FindNodeRsp,90950
FindNodeReq,159996
FindNodeRsp,86890
FindNodeRsp,84858
FindNodeReq,161069
FindNodeRsp,92786
FindNodeReq,155960
FindNodeReq,152490
FindNodeReq,161560
FindNodeRsp,91354
PNHello,123970
PNDiscRsp,97091
FindNodeRsp,72151
FindNodeReq,160577
FindNodeReq,150551
FindNodeRsp,67909
FindNodeReq,157169
FindNodeReq,149798
FindNodeRsp,86411
FindNodeRsp,101047
FindNodeRsp,92230
FindNodeReq,173944
FindNodeReq,152077
FindNodeRsp,75142
FindNodeReq,149098
FindNodeRsp,91082
FindNodeRsp,89860
FindNodeReq,152419
UpdateRouteReq,57865
UpdateRouteReq,58145
UpdateRouteReq,59812
UpdateRouteReq,62139
PathTeardownReq,43219
FindNodeRsp,91637
PathSetupReq,44923
FindNodeReq,192336
UpdateRouteReq,53957
FindNodeRsp,89394
FindNodeRsp,91748
FindNodeRsp,103999
FindNodeRsp,99652
FindNodeRsp,73375
FindNodeReq,156895
FindNodeRsp,102517
FindNodeReq,153289
FindNodeReq,151024
FindNodeReq,146637
FindNodeRsp,72318
FindNodeReq,158943
FindNodeRsp,71368
FindNodeRsp,102938
FindNodeReq,159825
FindNodeReq,148072
FindNodeReq,157148
FindNodeRsp,102120
FindNodeReq,151007
FindNodeReq,146403
FindNodeRsp,71909
FindNodeReq,156356
FindNodeRsp,103732
FindNodeReq,150152
PathSetupReq,45123
FindNodeReq,153790
FindNodeRsp,104821
PathSetupReq,79852
FindNodeReq,158722
FindNodeReq,147215
FindNodeRsp,100129
FindNodeReq,150897
PathSetupReq,71615
PathSetupReq,107990
FindNodeRsp,100166
FindNodeRsp,87054
FindNodeRsp,101266
FindNodeReq,232297
FindNodeReq,146550
FindNodeReq,176771
FindNodeRsp,100862
FindNodeReq,154324
FindNodeRsp,75606
FindNodeReq,152253
PathSetupReq,73846
FindNodeRsp,85800
FindNodeRsp,92822
FindNodeReq,146868
FindNodeReq,155504
FindNodeRsp,93941
FindNodeReq,147196
FindNodeReq,154544
FindNodeRsp,79092
FindNodeReq,148744
FindNodeRsp,71018
FindNodeReq,154121
FindNodeRsp,70548
FindNodeReq,153244
FindNodeRsp,92204
FindNodeReq,154661
FindNodeRsp,93836
PNDiscReq,141455
FindNodeReq,153704
FindNodeRsp,76030
FindNodeReq,155918
FindNodeReq,151525
FindNodeRsp,91423
FindNodeRsp,100542
FindNodeReq,147369
FindNodeRsp,103684
FindNodeReq,157089
FindNodeReq,150162
FindNodeRsp,106113
FindNodeReq,149369
FindNodeReq,156144
FindNodeRsp,100590
FindNodeReq,152520
FindNodeReq,155860
FindNodeRsp,106610
FindNodeReq,153518
FindNodeReq,147185
FindNodeRsp,79534
FindNodeReq,158637
FindNodeReq,153009
FindNodeReq,153035
FindNodeRsp,93628
FindNodeRsp,84231
FindNodeReq,154472
FindNodeRsp,105548
FindNodeRsp,103430
FindNodeRsp,108669
FindNodeReq,159293
FindNodeReq,156021
FindNodeRsp,78270
FindNodeReq,147368
FindNodeReq,157877
FindNodeRsp,91218
FindNodeRsp,77205
FindNodeReq,155615
FindNodeRsp,94704
FindNodeRsp,105372
FindNodeRsp,102229
FindNodeReq,157290
FindNodeReq,154066
FindNodeRsp,103685
FindNodeReq,150019
FindNodeReq,154549
FindNodeRsp,103706
FindNodeRsp,104468
FindNodeRsp,92990
FindNodeReq,147376
FindNodeRsp,103237
FindNodeReq,149080
FindNodeRsp,101597
FindNodeReq,154219
FindNodeRsp,106231
FindNodeReq,154874
FindNodeRsp,118053
FindNodeReq,153055
FindNodeReq,154571
FindNodeRsp,106254
FindNodeRsp,89274
FindNodeRsp,72750
FindNodeRsp,102947
FindNodeReq,152513
FindNodeReq,154114
FindNodeReq,153466
FindNodeRsp,105553
FindNodeReq,158249
FindNodeReq,148985
FindNodeRsp,101284
FindNodeRsp,76685
FindNodeReq,152439
FindNodeReq,156454
FindNodeRsp,104437
FindNodeReq,149121
FindNodeReq,155400
FindNodeRsp,85127
FindNodeRsp,104414
FindNodeRsp,77812
FindNodeReq,157092
FindNodeReq,151291
FindNodeRsp,86070
FindNodeReq,159847
PathSetupReq,43027
PathSetupReq,78589
FindNodeRsp,83800
FindNodeReq,159489
FindNodeReq,187520
FindNodeRsp,102055
FindNodeReq,155276
PathSetupReq,72063
PathSetupReq,117603
FindNodeRsp,90290
FindNodeRsp,101080
FindNodeReq,162827
FindNodeRsp,92462
FindNodeReq,163729
FindNodeReq,160897
PNHello,125972
PNDiscRsp,55935
FindNodeRsp,96618
FindNodeReq,191660
FindNodeRsp,105717
FindNodeReq,161955
PathSetupReq,78171
FindNodeRsp,104516
FindNodeReq,161201
FindNodeRsp,104013
FindNodeReq,163364
FindNodeReq,160658
FindNodeReq,159509
FindNodeRsp,106169
FindNodeReq,154077
FindNodeRsp,93866
FindNodeReq,154637
FindNodeReq,154949
FindNodeRsp,99462
FindNodeReq,162454
FindNodeRsp,76643
FindNodeReq,158084
FindNodeReq,152106
FindNodeReq,182254
FindNodeReq,163271
FindNodeRsp,75874
FindNodeReq,159376
FindNodeReq,199082
FindNodeRsp,75650
FindNodeReq,157979
FindNodeReq,152716
FindNodeRsp,105336
FindNodeReq,153191
FindNodeRsp,88154
FindNodeReq,162406
FindNodeRsp,77493
FindNodeReq,161180
FindNodeRsp,82705
FindNodeReq,192300
FindNodeRsp,107450
FindNodeReq,159520
FindNodeReq,160420
FindNodeRsp,89237
FindNodeReq,162700
FindNodeReq,161886
FindNodeRsp,73058
FindNodeRsp,91427
FindNodeReq,161073
FindNodeReq,158952
FindNodeReq,153337
FindNodeRsp,82786
FindNodeReq,153745
FindNodeReq,155075
FindNodeRsp,110094
FindNodeReq,163560
FindNodeReq,159628
FindNodeReq,161087
FindNodeRsp,109285
FindNodeRsp,98706
FindNodeRsp,109582
FindNodeReq,154591
FindNodeReq,160597
FindNodeRsp,78302
FindNodeReq,163512
FindNodeReq,154278
FindNodeRsp,91939
FindNodeRsp,103168
FindNodeReq,161959
FindNodeRsp,93957
FindNodeReq,155821
FindNodeRsp,107394
FindNodeReq,161069
FindNodeRsp,102298
FindNodeReq,155081
FindNodeReq,154283
FindNodeRsp,77586
FindNodeRsp,79785
FindNodeReq,156246
FindNodeRsp,85354
FindNodeRsp,75442
FindNodeReq,160752
FindNodeRsp,104590
FindNodeReq,161401
FindNodeReq,183147
FindNodeReq,160264
FindNodeRsp,79795
FindNodeRsp,75480
FindNodeReq,159310
FindNodeRsp,94934
PNDiscReq,128924
FindNodeReq,155415
FindNodeReq,159605
FindNodeRsp,79998
FindNodeReq,157848
FindNodeRsp,91073
FindNodeRsp,88286
FindNodeReq,153173
FindNodeReq,160856
FindNodeRsp,100412
FindNodeReq,153249
FindNodeRsp,75506
FindNodeRsp,106605
FindNodeReq,153076
FindNodeRsp,100849
FindNodeReq,162256
FindNodeReq,161020
FindNodeRsp,74598
FindNodeReq,159793
FindNodeReq,153582
FindNodeRsp,96017
FindNodeReq,161204
FindNodeReq,155929
FindNodeRsp,84686
FindNodeRsp,100736
FindNodeReq,162317
FindNodeReq,155604
FindNodeRsp,111463
PathSetupReq,42799
PathSetupReq,78389
FindNodeRsp,74728
FindNodeReq,161953
FindNodeReq,159870
FindNodeRsp,95654
FindNodeReq,163311
FindNodeReq,154469
FindNodeReq,156009
PathSetupReq,71682
PathSetupReq,115905
FindNodeRsp,90410
FindNodeRsp,87689
FindNodeReq,159932
FindNodeReq,152801
FindNodeRsp,76653
FindNodeReq,158414
FindNodeRsp,76779
FindNodeReq,155092
FindNodeRsp,102252
FindNodeReq,155353
PathSetupReq,76758
FindNodeReq,163691
FindNodeRsp,76678
FindNodeReq,153749
FindNodeReq,159106
FindNodeRsp,84392
FindNodeReq,162161
FindNodeRsp,91908
FindNodeReq,153926
FindNodeRsp,105345
FindNodeReq,158973
FindNodeReq,153317
FindNodeRsp,95878
FindNodeRsp,76454
FindNodeReq,162098
FindNodeReq,153178
FindNodeReq,159901
FindNodeRsp,110198
FindNodeReq,155243
FindNodeRsp,90229
FindNodeReq,155193
FindNodeRsp,80122
FindNodeReq,157525
FindNodeRsp,87918
FindNodeRsp,74030
FindNodeReq,160521
FindNodeRsp,94433
FindNodeReq,154385
FindNodeReq,159558
FindNodeRsp,86143
FindNodeReq,152821
FindNodeRsp,77526
FindNodeReq,163188
FindNodeReq,157609
FindNodeRsp,95309
FindNodeReq,162859
FindNodeRsp,73534
FindNodeRsp,93293
FindNodeRsp,91833
FindNodeReq,153212
FindNodeReq,155756
FindNodeReq,160897
FindNodeRsp,106250
FindNodeReq,156769
FindNodeReq,161205
FindNodeRsp,104129
FindNodeReq,152531
FindNodeRsp,111105
FindNodeReq,160985
FindNodeReq,153156
FindNodeReq,159632
FindNodeRsp,77329
FindNodeReq,154596
FindNodeRsp,87722
FindNodeReq,159702
FindNodeRsp,92905
FindNodeReq,154921
FindNodeRsp,78918
PNHello,124418
PNDiscRsp,53494
FindNodeRsp,107094
FindNodeRsp,102613
FindNodeReq,160934
FindNodeReq,155251
FindNodeReq,161730
FindNodeRsp,104392
FindNodeReq,161368
FindNodeReq,158917
FindNodeReq,153221
FindNodeReq,161188
FindNodeRsp,100845
FindNodeReq,154224
FindNodeReq,153544
FindNodeRsp,105729
FindNodeReq,159451
FindNodeRsp,90288
FindNodeReq,159314
FindNodeRsp,74751
FindNodeReq,154124
FindNodeRsp,86718
FindNodeRsp,103006
FindNodeReq,160885
FindNodeReq,156373
FindNodeReq,154346
FindNodeReq,161853
FindNodeRsp,76296
FindNodeReq,158273
FindNodeReq,152676
FindNodeRsp,87202
FindNodeRsp,88362
FindNodeReq,109506
FindNodeReq,158253
FindNodeReq,162104
FindNodeRsp,91065
FindNodeReq,159980
FindNodeRsp,93905
FindNodeReq,163009
FindNodeRsp,102276
FindNodeReq,158340
FindNodeReq,153304
FindNodeRsp,91605
FindNodeRsp,87184
FindNodeReq,157526
FindNodeRsp,74369
FindNodeRsp,104817
FindNodeReq,155853
FindNodeRsp,75843
FindNodeReq,163191
FindNodeRsp,94088
FindNodeRsp,76804
PathSetupReq,45193
FindNodeReq,161742
FindNodeReq,158781
PathSetupReq,76889
FindNodeRsp,98032
FindNodeRsp,80230
PathSetupReq,69038
PathSetupReq,117242
FindNodeRsp,89722
FindNodeRsp,109245
FindNodeReq,158790
FindNodeReq,154209
FindNodeRsp,73247
FindNodeReq,81691
FindNodeRsp,49115
FindNodeReq,78064
FindNodeReq,83081
FindNodeRsp,88544
PathSetupReq,37130
