PNHello,127614
PNDiscRsp,35784
PNDiscReq,55646
FindNodeRsp,55270
QueryRouteReq,150173
QueryRouteRsp,81420
FindNodeReq,151911
QueryRouteReq,226315
UpdateRouteReq,148561
UpdateRouteReq,157472
QueryRouteRsp,159488
UpdateRouteReq,90130
QueryRouteReq,107465
QueryRouteRsp,100705
PathSetupReq,56209
UpdateRouteReq,62288
UpdateRouteReq,184148
FindNodeRsp,87848
PNDiscReq,181191
UpdateRouteReq,67015
QueryRouteReq,135817
QueryRouteRsp,95311
PathSetupReq,73323
UpdateRouteReq,88895
FindNodeRsp,136533
FindNodeReq,170762
UpdateRouteReq,63098
PNHello,129026
PNDiscRsp,138381
FindNodeRsp,124138
UpdateRouteReq,58787
FindNodeReq,114370
UpdateRouteReq,59025
FindNodeReq,170145
FindNodeReq,162528
FindNodeRsp,106450
PNDiscReq,125211
FindNodeReq,161494
FindNodeRsp,116993
FindNodeReq,165249
FindNodeReq,159188
UpdateRouteReq,239463
UpdateRouteReq,370786
UpdateRouteReq,318571
PathSetupReq,112610
FindNodeReq,170869
UpdateRouteReq,128681
UpdateRouteReq,49804
FindNodeRsp,118758
UpdateRouteReq,60109
FindNodeReq,106218
FindNodeReq,172021
UpdateRouteReq,156552
FindNodeRsp,125157
UpdateRouteReq,51911
FindNodeReq,172617
FindNodeRsp,122928
FindNodeReq,206320
FindNodeReq,200861
FindNodeRsp,123565
FindNodeReq,175156
PNHello,123145
PNDiscRsp,65891
PNDiscReq,129966
FindNodeRsp,112602
FindNodeReq,175334
FindNodeReq,171269
FindNodeRsp,112907
FindNodeRsp,130031
FindNodeReq,171272
FindNodeRsp,150213
FindNodeReq,118403
FindNodeRsp,120719
FindNodeReq,115270
FindNodeReq,167720
FindNodeRsp,117708
FindNodeReq,182159
FindNodeReq,169282
FindNodeRsp,169235
FindNodeReq,155424
FindNodeRsp,142336
FindNodeReq,169117
FindNodeReq,170451
FindNodeRsp,137797
FindNodeReq,231615
FindNodeReq,175734
FindNodeReq,170838
FindNodeReq,198925
FindNodeRsp,167416
FindNodeRsp,122735
FindNodeReq,168724
FindNodeReq,201593
FindNodeRsp,154984
FindNodeRsp,138009
PNHello,124654
PNDiscRsp,65875
PNDiscReq,126970
FindNodeRsp,146611
FindNodeReq,129277
FindNodeReq,170633
FindNodeReq,165580
FindNodeRsp,114576
FindNodeReq,216195
FindNodeReq,166303
FindNodeRsp,128448
FindNodeRsp,123926
FindNodeReq,178337
FindNodeReq,135274
FindNodeReq,285526
FindNodeRsp,127648
FindNodeReq,209100
FindNodeReq,178467
FindNodeReq,175190
FindNodeReq,162496
FindNodeRsp,118929
FindNodeReq,205211
FindNodeRsp,131229
FindNodeReq,244183
FindNodeReq,172430
FindNodeRsp,122045
FindNodeReq,176671
FindNodeRsp,114765
FindNodeRsp,113649
FindNodeReq,215437
FindNodeRsp,136665
FindNodeReq,174568
FindNodeRsp,144598
FindNodeReq,167697
FindNodeRsp,137103
FindNodeRsp,127108
FindNodeReq,180411
FindNodeRsp,149931
FindNodeReq,154176
FindNodeReq,167196
FindNodeRsp,140097
FindNodeReq,172950
FindNodeRsp,134970
FindNodeReq,210908
FindNodeRsp,129924
FindNodeReq,171492
FindNodeReq,174013
FindNodeRsp,119563
FindNodeReq,175421
FindNodeReq,166864
FindNodeRsp,134525
FindNodeReq,174380
FindNodeReq,179076
FindNodeRsp,141367
FindNodeReq,176282
FindNodeReq,211060
FindNodeReq,170454
FindNodeRsp,139433
FindNodeReq,176077
FindNodeRsp,130994
FindNodeRsp,136361
FindNodeRsp,142742
PathSetupReq,67363
FindNodeRsp,130348
FindNodeReq,172280
PNDiscReq,126806
FindNodeRsp,126322
PNHello,123821
PNDiscRsp,64453
PathSetupReq,133701
PathSetupReq,64430
FindNodeRsp,131715
PathSetupReq,118933
FindNodeReq,168825
FindNodeRsp,115483
PathSetupReq,49871
PathSetupReq,78751
FindNodeRsp,131884
FindNodeRsp,125329
PathSetupReq,83076
PathSetupReq,174392
PathSetupReq,110005
FindNodeReq,171164
FindNodeReq,180870
FindNodeRsp,125327
FindNodeReq,294869
FindNodeReq,175083
FindNodeReq,170060
FindNodeRsp,119110
FindNodeReq,117781
FindNodeReq,171368
FindNodeRsp,115562
FindNodeReq,174264
FindNodeRsp,122459
FindNodeReq,173069
FindNodeRsp,124413
FindNodeReq,177436
FindNodeRsp,122267
FindNodeRsp,134786
FindNodeReq,172445
FindNodeReq,176584
FindNodeReq,173248
FindNodeRsp,128839
FindNodeReq,171080
FindNodeReq,176304
FindNodeReq,172283
FindNodeReq,169068
FindNodeRsp,131787
FindNodeRsp,142386
FindNodeReq,178096
FindNodeReq,170437
FindNodeRsp,133264
FindNodeRsp,136991
FindNodeRsp,136637
FindNodeReq,170518
FindNodeRsp,149336
FindNodeReq,197562
FindNodeReq,177016
FindNodeReq,288686
FindNodeRsp,145064
FindNodeRsp,142638
FindNodeReq,176653
FindNodeReq,169121
FindNodeRsp,131189
FindNodeReq,203359
FindNodeReq,179248
FindNodeRsp,116829
FindNodeRsp,138672
FindNodeReq,168713
FindNodeRsp,127672
FindNodeReq,176528
FindNodeReq,175276
FindNodeReq,166040
FindNodeReq,171522
FindNodeRsp,133854
FindNodeReq,173842
FindNodeReq,175216
FindNodeReq,197047
FindNodeReq,253534
FindNodeReq,168095
FindNodeRsp,138057
FindNodeReq,174292
FindNodeRsp,122982
FindNodeReq,174157
FindNodeRsp,129184
FindNodeReq,172718
FindNodeRsp,145159
FindNodeRsp,163231
FindNodeRsp,124274
FindNodeReq,170122
FindNodeReq,173175
FindNodeRsp,128508
FindNodeRsp,134225
FindNodeReq,173476
FindNodeRsp,133037
FindNodeReq,165476
FindNodeRsp,128411
FindNodeReq,170527
FindNodeRsp,135997
FindNodeRsp,239741
FindNodeReq,175352
FindNodeRsp,128019
FindNodeReq,172431
FindNodeRsp,133940
FindNodeReq,172188
FindNodeReq,173345
FindNodeRsp,123608
FindNodeReq,176276
FindNodeReq,166522
FindNodeRsp,136703
FindNodeReq,174471
FindNodeRsp,119917
FindNodeReq,174860
FindNodeReq,173080
FindNodeRsp,122623
FindNodeRsp,136319
FindNodeReq,167535
FindNodeReq,172864
FindNodeRsp,171895
FindNodeReq,165938
FindNodeRsp,151357
FindNodeRsp,122915
FindNodeReq,179111
FindNodeReq,165387
FindNodeRsp,133250
FindNodeRsp,127285
FindNodeReq,176684
FindNodeRsp,125303
FindNodeRsp,129295
FindNodeReq,174437
PNDiscReq,127281
FindNodeReq,172224
FindNodeRsp,137277
PathSetupReq,68229
FindNodeRsp,116106
FindNodeReq,238040
FindNodeRsp,136350
FindNodeReq,172769
PathSetupReq,97206
PathSetupReq,66685
PNHello,123452
PNDiscRsp,64355
FindNodeRsp,119601
PathSetupReq,117687
FindNodeReq,177740
FindNodeReq,293241
FindNodeRsp,124932
PathSetupReq,85770
PathSetupReq,63275
FindNodeRsp,130117
FindNodeRsp,115522
FindNodeReq,173112
PathSetupReq,81613
PathSetupReq,108030
PathSetupReq,107310
FindNodeReq,113625
FindNodeReq,151876
FindNodeReq,160009
FindNodeRsp,119470
FindNodeReq,176729
FindNodeReq,170921
FindNodeRsp,121127
FindNodeReq,174066
FindNodeRsp,123260
FindNodeReq,176816
FindNodeReq,166421
FindNodeRsp,124967
FindNodeReq,171024
FindNodeReq,165488
FindNodeRsp,133021
FindNodeRsp,121650
FindNodeReq,168175
FindNodeRsp,119255
FindNodeRsp,132893
FindNodeRsp,135557
FindNodeRsp,151022
FindNodeReq,251171
FindNodeReq,167148
FindNodeReq,192312
FindNodeRsp,121505
FindNodeReq,173326
FindNodeRsp,115370
FindNodeRsp,163422
FindNodeReq,219751
FindNodeReq,294112
FindNodeReq,170038
FindNodeRsp,138205
FindNodeReq,172900
FindNodeRsp,127061
FindNodeRsp,152445
FindNodeReq,172607
FindNodeRsp,144841
FindNodeReq,176040
FindNodeReq,238566
FindNodeReq,173206
FindNodeReq,166664
FindNodeRsp,162455
FindNodeReq,167412
FindNodeRsp,119306
FindNodeReq,171327
FindNodeReq,171880
FindNodeRsp,136405
FindNodeReq,174295
FindNodeRsp,133889
FindNodeRsp,132601
FindNodeReq,173616
FindNodeReq,177809
FindNodeRsp,134885
FindNodeReq,167090
FindNodeReq,196852
FindNodeRsp,122622
FindNodeRsp,147412
FindNodeReq,176804
FindNodeReq,173325
FindNodeRsp,140779
FindNodeRsp,125073
FindNodeReq,169801
FindNodeReq,167234
FindNodeRsp,125881
FindNodeReq,177615
FindNodeRsp,122289
FindNodeReq,169936
FindNodeReq,173915
FindNodeRsp,114514
FindNodeRsp,129469
FindNodeReq,178421
FindNodeRsp,123898
FindNodeReq,171251
FindNodeRsp,130715
FindNodeReq,110074
FindNodeRsp,133948
FindNodeReq,197141
FindNodeReq,177304
FindNodeRsp,134681
FindNodeReq,174005
FindNodeReq,169472
FindNodeReq,173189
FindNodeRsp,125279
FindNodeReq,167057
FindNodeReq,173638
FindNodeRsp,123712
FindNodeRsp,115000
FindNodeReq,175745
FindNodeRsp,144884
FindNodeRsp,129966
FindNodeReq,134536
FindNodeReq,172463
FindNodeRsp,113994
FindNodeRsp,123464
FindNodeReq,171428
FindNodeRsp,127012
FindNodeReq,173344
FindNodeReq,176423
FindNodeReq,172640
FindNodeReq,166934
FindNodeRsp,115441
FindNodeRsp,134045
FindNodeReq,176565
FindNodeRsp,133859
FindNodeReq,171100
FindNodeRsp,140849
FindNodeRsp,113158
PathSetupReq,70232
FindNodeRsp,138664
FindNodeReq,111877
FindNodeReq,169000
FindNodeReq,164936
FindNodeRsp,116471
PathSetupReq,99677
PathSetupReq,83617
FindNodeRsp,133551
PathSetupReq,120532
FindNodeReq,172345
FindNodeReq,167881
FindNodeRsp,126503
FindNodeReq,174616
PathSetupReq,86738
FindNodeReq,178096
FindNodeReq,169524
FindNodeReq,172014
PathSetupReq,63930
FindNodeRsp,125229
FindNodeRsp,122422
FindNodeReq,174441
FindNodeReq,174573
PathSetupReq,82039
PathSetupReq,106974
PathSetupReq,107019
FindNodeReq,175237
FindNodeReq,177056
FindNodeRsp,59190
FindNodeReq,158645
FindNodeReq,109904
FindNodeRsp,137901
FindNodeReq,176422
FindNodeReq,101173
FindNodeReq,165786
FindNodeRsp,138167
FindNodeRsp,118339
FindNodeReq,164952
FindNodeReq,164693
FindNodeRsp,144931
FindNodeReq,176909
FindNodeReq,169290
FindNodeRsp,114196
FindNodeReq,166510
FindNodeReq,166924
FindNodeRsp,133849
FindNodeReq,167920
FindNodeRsp,118506
FindNodeReq,129568
FindNodeRsp,133141
FindNodeReq,219297
FindNodeReq,193702
FindNodeRsp,128708
FindNodeReq,195309
FindNodeReq,249855
FindNodeRsp,132002
FindNodeReq,178261
FindNodeRsp,127444
FindNodeRsp,123397
FindNodeReq,164870
PNDiscReq,126653
FindNodeRsp,114824
FindNodeReq,175884
FindNodeReq,172676
FindNodeReq,175227
FindNodeRsp,148609
FindNodeReq,171482
FindNodeRsp,133462
PNHello,122801
PNDiscRsp,65441
FindNodeRsp,142205
FindNodeRsp,114246
FindNodeReq,170956
FindNodeRsp,128007
FindNodeRsp,118166
FindNodeRsp,112598
FindNodeReq,235694
FindNodeReq,169690
FindNodeRsp,141217
FindNodeReq,235173
FindNodeRsp,139695
FindNodeReq,175191
FindNodeReq,172826
FindNodeReq,168495
FindNodeRsp,118020
FindNodeReq,173289
FindNodeRsp,122169
FindNodeRsp,139492
FindNodeRsp,132261
FindNodeReq,171527
FindNodeReq,166770
FindNodeRsp,137944
FindNodeRsp,134457
FindNodeReq,166852
FindNodeRsp,125532
FindNodeReq,169967
FindNodeRsp,130539
FindNodeReq,174558
FindNodeRsp,115453
FindNodeReq,167402
PathSetupReq,68026
FindNodeRsp,134916
FindNodeRsp,133644
FindNodeRsp,134947
FindNodeReq,173995
PathSetupReq,109465
FindNodeReq,250639
PathSetupReq,120635
FindNodeReq,176352
PathSetupReq,87698
PathSetupReq,82046
PathSetupReq,78890
FindNodeRsp,133017
FindNodeReq,173900
FindNodeRsp,141917
FindNodeReq,174310
FindNodeRsp,135693
FindNodeRsp,129885
FindNodeRsp,134807
FindNodeReq,175874
FindNodeRsp,139269
FindNodeRsp,131954
FindNodeReq,175391
FindNodeReq,170423
FindNodeRsp,137737
FindNodeReq,202570
FindNodeRsp,117217
FindNodeReq,213460
FindNodeReq,178252
FindNodeRsp,112862
FindNodeRsp,130957
FindNodeReq,195374
FindNodeRsp,138591
FindNodeReq,166873
FindNodeReq,171000
FindNodeRsp,140617
FindNodeRsp,135417
FindNodeReq,173228
FindNodeReq,167990
FindNodeRsp,133720
FindNodeReq,171815
FindNodeReq,202995
FindNodeRsp,115018
FindNodeReq,172660
FindNodeRsp,120350
FindNodeReq,167491
FindNodeRsp,132790
FindNodeReq,170807
FindNodeRsp,122828
FindNodeReq,170476
FindNodeReq,197131
FindNodeReq,170001
FindNodeReq,180058
FindNodeReq,174749
FindNodeReq,159416
FindNodeRsp,117431
FindNodeRsp,136689
FindNodeReq,166131
FindNodeReq,174676
FindNodeReq,177136
FindNodeRsp,127157
FindNodeReq,172494
FindNodeReq,105279
FindNodeRsp,122372
FindNodeReq,175190
FindNodeRsp,128742
FindNodeReq,175297
FindNodeRsp,134945
FindNodeReq,170455
FindNodeReq,178802
FindNodeRsp,134733
PNDiscReq,126446
FindNodeReq,174714
FindNodeReq,179671
PathSetupReq,65297
FindNodeReq,174856
FindNodeRsp,132507
PathSetupReq,62683
PNHello,124210
PNDiscRsp,65386
PathSetupReq,120821
FindNodeRsp,129641
FindNodeReq,165650
PathSetupReq,88450
FindNodeRsp,128528
PathSetupReq,72472
PathSetupReq,78397
FindNodeRsp,137381
FindNodeRsp,134807
FindNodeReq,178391
FindNodeRsp,148253
FindNodeRsp,123087
FindNodeReq,168420
FindNodeRsp,165698
FindNodeReq,169256
FindNodeRsp,113593
FindNodeReq,166075
FindNodeRsp,143837
FindNodeReq,169071
FindNodeReq,199917
FindNodeReq,148856
FindNodeReq,144116
FindNodeReq,215779
FindNodeRsp,128653
FindNodeRsp,122249
FindNodeReq,170012
FindNodeRsp,127851
FindNodeReq,176895
FindNodeReq,168565
FindNodeRsp,114007
FindNodeReq,303681
FindNodeRsp,129515
FindNodeReq,173478
FindNodeRsp,129217
FindNodeReq,171958
FindNodeReq,175612
FindNodeRsp,127859
FindNodeReq,168065
FindNodeRsp,134061
FindNodeReq,175311
FindNodeReq,164849
UpdateRouteReq,308871
UpdateRouteReq,450190
FindNodeReq,549559
UpdateRouteReq,631160
UpdateRouteReq,745149
UpdateRouteReq,350152
UpdateRouteReq,461534
UpdateRouteReq,239370
UpdateRouteReq,159315
UpdateRouteReq,90754
UpdateRouteReq,207415
UpdateRouteReq,159303
UpdateRouteReq,71287
FindNodeRsp,94330
FindNodeReq,141866
FindNodeReq,87990
FindNodeReq,73769
FindNodeReq,73491
UpdateRouteReq,186110
UpdateRouteReq,38379
FindNodeRsp,144808
Error,112110
UpdateRouteReq,138005
Error,42619
Error,98753
UpdateRouteReq,59387
Error,113929
UpdateRouteReq,53362
UpdateRouteReq,63672
UpdateRouteReq,68435
Error,79078
Error,115578
Error,47678
Error,187442
UpdateRouteReq,60311
UpdateRouteReq,53263
UpdateRouteReq,52103
FindNodeReq,144766
Error,134817
FindNodeReq,116925
PathTeardownReq,120045
PathTeardownReq,37456
UpdateRouteReq,49811
UpdateRouteReq,46786
UpdateRouteReq,65436
UpdateRouteReq,73643
Error,89223
UpdateRouteReq,50586
UpdateRouteReq,46984
Error,104172
FindNodeReq,85136
UpdateRouteReq,44414
UpdateRouteReq,44909
UpdateRouteReq,44975
UpdateRouteReq,42164
PathSetupReq,36309
FindNodeReq,79473
PathTeardownReq,35751
UpdateRouteReq,48187
Error,50482
UpdateRouteReq,50439
UpdateRouteReq,44437
Error,78399
UpdateRouteReq,196338
Error,191345
UpdateRouteReq,284834
UpdateRouteReq,336409
Error,42128
Error,180985
UpdateRouteReq,175546
UpdateRouteReq,41783
Error,129381
FindNodeReq,93020
Error,79486
UpdateRouteReq,40654
Error,132592
PathSetupReq,40691
FindNodeReq,86453
UpdateRouteReq,49386
UpdateRouteReq,39305
Error,78294
Error,49178
FindNodeReq,123572
FindNodeReq,78244
UpdateRouteReq,47919
UpdateRouteReq,42167
UpdateRouteReq,42888
PathSetupReq,34223
UpdateRouteReq,41879
Error,99023
UpdateRouteReq,51571
UpdateRouteReq,48302
UpdateRouteReq,44607
UpdateRouteReq,44895
FindNodeReq,89057
UpdateRouteReq,48172
UpdateRouteReq,62691
Error,105505
UpdateRouteReq,46444
UpdateRouteReq,39269
UpdateRouteReq,43170
UpdateRouteReq,42799
Error,116292
UpdateRouteReq,47551
FindNodeReq,163824
UpdateRouteReq,68103
Error,55215
UpdateRouteReq,53470
Error,113542
PathTeardownReq,160010
Error,156389
UpdateRouteReq,246970
Error,81706
UpdateRouteReq,48663
UpdateRouteReq,45175
UpdateRouteReq,81667
Error,177898
UpdateRouteReq,178826
UpdateRouteReq,222355
UpdateRouteReq,172437
UpdateRouteReq,175764
UpdateRouteReq,181372
UpdateRouteReq,247754
UpdateRouteReq,283779
Error,120544
UpdateRouteReq,67295
UpdateRouteReq,46447
Error,83180
UpdateRouteReq,44806
Error,101286
UpdateRouteReq,43132
Error,48499
Error,91720
FindNodeReq,124717
FindNodeReq,84527
UpdateRouteReq,53699
PathSetupReq,36034
UpdateRouteReq,47473
UpdateRouteReq,43240
UpdateRouteReq,44595
UpdateRouteReq,46957
UpdateRouteReq,45317
PathTeardownReq,39628
UpdateRouteReq,45707
UpdateRouteReq,40175
FindNodeReq,82054
UpdateRouteReq,46637
UpdateRouteReq,38541
UpdateRouteReq,38720
Error,89005
UpdateRouteReq,49959
UpdateRouteReq,46950
PathTeardownReq,37943
PathSetupReq,32265
UpdateRouteReq,38831
PathTeardownReq,33296
FindNodeReq,91678
PathSetupReq,36423
UpdateRouteReq,45080
UpdateRouteReq,76090
UpdateRouteReq,46039
UpdateRouteReq,78034
UpdateRouteReq,50019
UpdateRouteReq,63723
Error,178672
UpdateRouteReq,69939
UpdateRouteReq,58327
UpdateRouteReq,46980
UpdateRouteReq,46476
UpdateRouteReq,73252
PathSetupReq,69719
PathTeardownReq,36966
UpdateRouteReq,47759
UpdateRouteReq,43979
UpdateRouteReq,53239
Error,142757
UpdateRouteReq,44983
UpdateRouteReq,43319
UpdateRouteReq,42071
UpdateRouteReq,57381
UpdateRouteReq,73093
UpdateRouteReq,123057
PathTeardownReq,118118
PathSetupReq,119597
Error,56784
PathTeardownReq,77942
FindNodeReq,142793
FindNodeReq,192316
Error,60917
UpdateRouteReq,251733
Error,246045
UpdateRouteReq,252036
PathSetupReq,300359
UpdateRouteReq,351312
UpdateRouteReq,404166
Error,408974
UpdateRouteReq,40943
UpdateRouteReq,52799
UpdateRouteReq,62998
UpdateRouteReq,78510
UpdateRouteReq,38968
FindNodeReq,121233
UpdateRouteReq,128415
UpdateRouteReq,44999
Error,83586
UpdateRouteReq,97083
UpdateRouteReq,81316
PathSetupReq,80189
UpdateRouteReq,99656
FindNodeReq,98754
UpdateRouteReq,66798
UpdateRouteReq,64134
FindNodeReq,100093
UpdateRouteReq,47917
PathTeardownReq,65038
UpdateRouteReq,84698
PathTeardownReq,82420
PathSetupReq,33766
PathSetupReq,36799
Error,171122
FindNodeReq,104577
PathTeardownReq,60293
FindNodeReq,89454
UpdateRouteReq,76897
Error,111068
FindNodeReq,159533
FindNodeReq,76330
PathTeardownReq,133510
Error,271206
UpdateRouteReq,137547
FindNodeReq,179109
UpdateRouteReq,42759
FindNodeReq,85232
UpdateRouteReq,50554
UpdateRouteReq,44775
Error,75634
UpdateRouteReq,81954
UpdateRouteReq,149685
PathSetupReq,146506
UpdateRouteReq,152824
UpdateRouteReq,155332
Error,186984
UpdateRouteReq,84253
UpdateRouteReq,98865
UpdateRouteReq,68071
PathSetupReq,67058
PathTeardownReq,78302
UpdateRouteReq,79439
UpdateRouteReq,43232
UpdateRouteReq,46358
PathSetupReq,32611
FindNodeReq,93054
UpdateRouteReq,47467
UpdateRouteReq,45261
UpdateRouteReq,45799
FindNodeReq,79395
UpdateRouteReq,46913
UpdateRouteReq,45347
PathTeardownReq,36108
PathSetupReq,32004
UpdateRouteReq,48459
PathTeardownReq,60279
PathSetupReq,114821
PathTeardownReq,120997
PathTeardownReq,124166
UpdateRouteReq,95750
UpdateRouteReq,150237
FindNodeReq,108934
UpdateRouteReq,77054
UpdateRouteReq,80051
UpdateRouteReq,47624
UpdateRouteReq,67071
PathSetupReq,65904
FindNodeReq,90954
UpdateRouteReq,49786
UpdateRouteReq,67317
UpdateRouteReq,70120
UpdateRouteReq,71821
UpdateRouteReq,86888
FindNodeReq,188555
UpdateRouteReq,196444
PathSetupReq,78394
UpdateRouteReq,55023
UpdateRouteReq,47525
UpdateRouteReq,90415
PathTeardownReq,119649
PathSetupReq,118997
PathTeardownReq,144406
UpdateRouteReq,145884
UpdateRouteReq,110935
PathTeardownReq,58290
UpdateRouteReq,47901
UpdateRouteReq,44711
UpdateRouteReq,43779
UpdateRouteReq,45559
UpdateRouteReq,45346
UpdateRouteReq,44138
PathSetupReq,36536
UpdateRouteReq,44848
UpdateRouteReq,45326
PathTeardownReq,60647
UpdateRouteReq,49495
UpdateRouteReq,46143
UpdateRouteReq,45148
PathSetupReq,37047
FindNodeReq,96310
Error,95751
Error,97466
UpdateRouteReq,67787
PathSetupReq,64405
UpdateRouteReq,113176
Error,87445
UpdateRouteReq,48619
Error,190296
UpdateRouteReq,188061
UpdateRouteReq,47399
UpdateRouteReq,67678
Error,114630
UpdateRouteReq,139032
Error,187156
Error,250794
PathTeardownReq,72024
PathSetupReq,69260
PathTeardownReq,71760
UpdateRouteReq,42459
PathSetupReq,61815
Error,57533
UpdateRouteReq,54553
Error,97634
UpdateRouteReq,73392
UpdateRouteReq,47992
PathTeardownReq,59234
UpdateRouteReq,60655
PathSetupReq,33575
UpdateRouteReq,43468
UpdateRouteReq,54573
UpdateRouteReq,63117
PathTeardownReq,77131
UpdateRouteReq,79029
Error,158549
PathSetupReq,53411
Error,97129
UpdateRouteReq,53979
UpdateRouteReq,65642
Error,113769
PathTeardownReq,78551
UpdateRouteReq,44031
PathSetupReq,50826
Error,63803
UpdateRouteReq,47667
Error,38994
UpdateRouteReq,48545
UpdateRouteReq,69900
Error,66686
PathTeardownReq,39686
Error,35960
UpdateRouteReq,96365
PathSetupReq,88102
UpdateRouteReq,71489
UpdateRouteReq,50597
PathTeardownReq,41419
UpdateRouteReq,43712
UpdateRouteReq,70573
FindNodeRsp,99825
UpdateRouteReq,51411
FindNodeReq,169345
UpdateRouteReq,54055
FindNodeReq,155637
UpdateRouteReq,39651
FindNodeRsp,93430
UpdateRouteReq,250261
UpdateRouteReq,49475
UpdateRouteReq,118710
UpdateRouteReq,39869
UpdateRouteReq,40502
FindNodeReq,166525
UpdateRouteReq,40115
UpdateRouteReq,40311
UpdateRouteReq,54668
FindNodeRsp,84816
Error,68753
Error,144636
UpdateRouteReq,79672
Error,143777
Error,83466
UpdateRouteReq,59793
Error,75073
Error,101001
Error,43579
UpdateRouteReq,53679
PathSetupReq,34947
Error,127241
Error,96936
Error,118247
Error,50915
FindNodeReq,151536
FindNodeReq,158180
FindNodeReq,155389
FindNodeReq,154299
FindNodeReq,155597
UpdateRouteReq,97794
UpdateRouteReq,52515
UpdateRouteReq,43291
UpdateRouteReq,74758
FindNodeReq,156360
UpdateRouteReq,56651
FindNodeReq,152521
UpdateRouteReq,52847
UpdateRouteReq,57412
UpdateRouteReq,102571
UpdateRouteReq,76122
PathTeardownReq,42726
Error,166956
UpdateRouteReq,243624
UpdateRouteReq,290670
Error,86296
FindNodeRsp,59934
UpdateRouteReq,91385
UpdateRouteReq,40377
UpdateRouteReq,51319
UpdateRouteReq,42977
UpdateRouteReq,51697
PathSetupReq,50990
Error,100140
UpdateRouteReq,36839
UpdateRouteReq,125160
UpdateRouteReq,54762
UpdateRouteReq,76226
UpdateRouteReq,47981
Error,117890
UpdateRouteReq,52679
UpdateRouteReq,49451
UpdateRouteReq,96456
Error,87617
UpdateRouteReq,72987
Error,87563
UpdateRouteReq,202568
UpdateRouteReq,275943
UpdateRouteReq,129369
Error,53393
FindNodeReq,159816
FindNodeReq,152867
FindNodeReq,159551
UpdateRouteReq,68524
UpdateRouteReq,42750
UpdateRouteReq,89026
UpdateRouteReq,66446
FindNodeRsp,92306
UpdateRouteReq,48307
UpdateRouteReq,51359
UpdateRouteReq,69828
UpdateRouteReq,105719
PathTeardownReq,43855
Error,81671
UpdateRouteReq,50226
Error,87589
UpdateRouteReq,51692
UpdateRouteReq,65910
PathTeardownReq,37812
Error,82875
Error,89982
Error,86075
Error,48211
Error,82262
UpdateRouteReq,45948
FindNodeReq,95377
FindNodeReq,81387
UpdateRouteReq,45369
UpdateRouteReq,49289
PathSetupReq,36980
Error,81180
PathTeardownReq,40376
PathSetupReq,34750
UpdateRouteReq,45208
UpdateRouteReq,45411
UpdateRouteReq,43709
PathSetupReq,34591
Error,107668
UpdateRouteReq,47585
UpdateRouteReq,43493
UpdateRouteReq,48643
Error,87442
UpdateRouteReq,44926
UpdateRouteReq,44103
UpdateRouteReq,42992
Error,48447
UpdateRouteReq,74499
UpdateRouteReq,70885
PathTeardownReq,45819
UpdateRouteReq,71852
FindNodeReq,165772
UpdateRouteReq,73262
UpdateRouteReq,44615
UpdateRouteReq,174725
UpdateRouteReq,162435
QueryRouteReq,73019
UpdateRouteReq,38590
UpdateRouteReq,84376
UpdateRouteReq,115746
UpdateRouteReq,36992
UpdateRouteReq,36519
UpdateRouteReq,49595
PathSetupReq,39246
UpdateRouteReq,48214
UpdateRouteReq,43164
PathTeardownReq,68251
UpdateRouteReq,51993
PathTeardownReq,37703
UpdateRouteReq,134530
UpdateRouteReq,47671
UpdateRouteReq,44540
PathSetupReq,37307
UpdateRouteReq,61626
UpdateRouteReq,43095
UpdateRouteReq,41792
UpdateRouteReq,39611
FindNodeReq,85978
UpdateRouteReq,42752
PathSetupReq,32623
UpdateRouteReq,43317
UpdateRouteReq,87307
UpdateRouteReq,42855
UpdateRouteReq,39139
UpdateRouteReq,40814
UpdateRouteReq,41006
UpdateRouteReq,37949
UpdateRouteReq,51013
PathTeardownReq,37487
UpdateRouteReq,69662
UpdateRouteReq,68411
UpdateRouteReq,40427
PathSetupReq,34224
FindNodeRsp,99162
FindNodeReq,153192
UpdateRouteReq,70234
UpdateRouteReq,88652
UpdateRouteReq,90258
UpdateRouteReq,95300
PathTeardownReq,43092
PathTeardownReq,34794
PathTeardownReq,62622
QueryRouteReq,169425
UpdateRouteReq,62474
UpdateRouteReq,36693
FindNodeRsp,86690
PathSetupReq,77009
UpdateRouteReq,41034
UpdateRouteReq,165004
UpdateRouteReq,84186
UpdateRouteReq,86290
UpdateRouteReq,78688
UpdateRouteReq,42287
UpdateRouteReq,36234
UpdateRouteReq,108217
Error,103858
UpdateRouteReq,142261
Error,52685
Error,242507
UpdateRouteReq,251403
UpdateRouteReq,47730
UpdateRouteReq,107289
PathSetupReq,98356
Error,137185
UpdateRouteReq,106033
UpdateRouteReq,162513
UpdateRouteReq,49545
Error,150745
Error,215991
UpdateRouteReq,108307
Error,210154
Error,50670
Error,85418
UpdateRouteReq,79540
UpdateRouteReq,92465
PathTeardownReq,50882
UpdateRouteReq,84727
UpdateRouteReq,89878
Error,95809
PathTeardownReq,48307
FindNodeReq,100502
FindNodeReq,93220
UpdateRouteReq,50661
Error,82702
UpdateRouteReq,44659
FindNodeReq,187311
UpdateRouteReq,183580
UpdateRouteReq,45779
UpdateRouteReq,48611
UpdateRouteReq,43943
PathSetupReq,38299
UpdateRouteReq,77367
Error,72366
Error,80974
Error,304149
PathSetupReq,301585
UpdateRouteReq,360605
Error,364427
UpdateRouteReq,48352
Error,215712
UpdateRouteReq,216244
UpdateRouteReq,66496
UpdateRouteReq,68530
Error,100467
UpdateRouteReq,50827
Error,77371
UpdateRouteReq,49532
UpdateRouteReq,70637
Error,103725
UpdateRouteReq,84812
UpdateRouteReq,71731
UpdateRouteReq,74400
Error,134546
UpdateRouteReq,45067
Error,50063
UpdateRouteReq,89206
Error,84999
UpdateRouteReq,43095
UpdateRouteReq,128371
UpdateRouteReq,99756
UpdateRouteReq,71590
PathTeardownReq,69866
UpdateRouteReq,41913
UpdateRouteReq,42671
UpdateRouteReq,41046
UpdateRouteReq,39485
Error,120341
Error,87558
PathSetupReq,39329
PathTeardownReq,39084
UpdateRouteReq,45256
Error,50447
Error,58566
Error,192894
UpdateRouteReq,196008
UpdateRouteReq,268171
Error,312203
UpdateRouteReq,117057
UpdateRouteReq,117921
PathSetupReq,121662
UpdateRouteReq,126840
UpdateRouteReq,39683
Error,84022
UpdateRouteReq,47281
UpdateRouteReq,40813
UpdateRouteReq,38873
Error,104196
UpdateRouteReq,140173
Error,205536
UpdateRouteReq,60671
UpdateRouteReq,78068
Error,75623
UpdateRouteReq,42899
UpdateRouteReq,44519
Error,99828
Error,99954
UpdateRouteReq,42008
Error,49091
UpdateRouteReq,43007
UpdateRouteReq,47868
Error,80900
UpdateRouteReq,64705
UpdateRouteReq,45248
UpdateRouteReq,44331
UpdateRouteReq,40644
Error,113917
UpdateRouteReq,43237
UpdateRouteReq,37947
UpdateRouteReq,43801
Error,47680
Error,55242
Error,198610
UpdateRouteReq,282076
Error,326085
UpdateRouteReq,135635
UpdateRouteReq,144556
UpdateRouteReq,149602
UpdateRouteReq,40335
UpdateRouteReq,39316
UpdateRouteReq,36118
UpdateRouteReq,48539
UpdateRouteReq,39017
Error,105558
UpdateRouteReq,41989
UpdateRouteReq,45714
Error,109238
UpdateRouteReq,54392
UpdateRouteReq,49563
Error,84503
UpdateRouteReq,126785
UpdateRouteReq,134784
UpdateRouteReq,58569
UpdateRouteReq,59959
UpdateRouteReq,46948
UpdateRouteReq,46634
Error,87323
UpdateRouteReq,44806
Error,52639
FindNodeReq,101386
Error,32927
UpdateRouteReq,45499
UpdateRouteReq,43179
FindNodeReq,125997
UpdateRouteReq,44061
FindNodeReq,83658
FindNodeReq,81262
UpdateRouteReq,100045
PathTeardownReq,44587
UpdateRouteReq,165214
PathTeardownReq,69793
UpdateRouteReq,97869
QueryRouteReq,162659
FindNodeReq,87602
UpdateRouteReq,87687
UpdateRouteReq,96029
UpdateRouteReq,203091
UpdateRouteReq,111342
Error,113797
Error,189236
FindNodeReq,95850
UpdateRouteReq,57706
UpdateRouteReq,45787
PathSetupReq,42143
QueryRouteReq,78957
UpdateRouteReq,86878
UpdateRouteReq,126453
Error,135467
UpdateRouteReq,46617
Error,187967
UpdateRouteReq,182770
UpdateRouteReq,126241
UpdateRouteReq,181984
PathSetupReq,211571
UpdateRouteReq,59914
Error,132807
UpdateRouteReq,68123
UpdateRouteReq,64419
Error,76175
Error,84614
PathTeardownReq,34789
FindNodeReq,69330
UpdateRouteReq,41750
UpdateRouteReq,39068
UpdateRouteReq,42179
UpdateRouteReq,38368
PathSetupReq,31243
Error,85915
UpdateRouteReq,57559
FindNodeReq,103949
UpdateRouteReq,46054
UpdateRouteReq,43963
UpdateRouteReq,43375
UpdateRouteReq,41266
Error,102247
FindNodeReq,133215
PathTeardownReq,35331
FindNodeReq,103103
UpdateRouteReq,43899
UpdateRouteReq,42674
UpdateRouteReq,47039
UpdateRouteReq,86450
PathTeardownReq,35550
Error,82418
FindNodeReq,71478
UpdateRouteReq,44839
UpdateRouteReq,40031
UpdateRouteReq,39082
FindNodeReq,73864
FindNodeReq,69274
Error,47863
FindNodeReq,85546
UpdateRouteReq,44370
UpdateRouteReq,42279
UpdateRouteReq,83825
UpdateRouteReq,73709
UpdateRouteReq,73951
UpdateRouteReq,38239
UpdateRouteReq,55555
UpdateRouteReq,73986
UpdateRouteReq,45741
UpdateRouteReq,42801
PathSetupReq,34345
PathTeardownReq,35389
UpdateRouteReq,43202
UpdateRouteReq,39572
UpdateRouteReq,87878
PathSetupReq,78825
UpdateRouteReq,69299
UpdateRouteReq,43008
PathTeardownReq,41079
UpdateRouteReq,46547
UpdateRouteReq,39228
UpdateRouteReq,37023
UpdateRouteReq,45355
UpdateRouteReq,80402
UpdateRouteReq,73586
UpdateRouteReq,90155
UpdateRouteReq,89266
QueryRouteReq,63899
FindNodeReq,152237
UpdateRouteReq,53524
PathSetupReq,34384
PathTeardownReq,34545
UpdateRouteReq,45725
UpdateRouteReq,42249
UpdateRouteReq,38453
UpdateRouteReq,41610
FindNodeReq,152886
UpdateRouteReq,81173
UpdateRouteReq,79709
PathSetupReq,34457
UpdateRouteReq,40627
UpdateRouteReq,38361
UpdateRouteReq,37968
UpdateRouteReq,39967
UpdateRouteReq,89057
PathSetupReq,79574
UpdateRouteReq,67407
UpdateRouteReq,47471
UpdateRouteReq,100406
PathTeardownReq,37708
PathSetupReq,32355
UpdateRouteReq,42848
UpdateRouteReq,38923
UpdateRouteReq,38603
UpdateRouteReq,37523
UpdateRouteReq,54767
PathTeardownReq,33131
UpdateRouteReq,46611
PathTeardownReq,36814
PathSetupReq,32014
PathTeardownReq,32108
FindNodeReq,87312
UpdateRouteReq,47311
UpdateRouteReq,64190
UpdateRouteReq,40635
PathSetupReq,73551
PathTeardownReq,112451
UpdateRouteReq,108208
FindNodeReq,165929
UpdateRouteReq,49263
UpdateRouteReq,55853
FindNodeReq,86214
FindNodeReq,81298
UpdateRouteReq,73252
UpdateRouteReq,73189
UpdateRouteReq,39640
UpdateRouteReq,43139
PathSetupReq,32599
UpdateRouteReq,45819
PathTeardownReq,36742
UpdateRouteReq,43000
UpdateRouteReq,40488
UpdateRouteReq,41571
UpdateRouteReq,53601
UpdateRouteReq,38985
PathSetupReq,32152
PathTeardownReq,70070
UpdateRouteReq,58810
UpdateRouteReq,103970
UpdateRouteReq,96538
PathSetupReq,34163
UpdateRouteReq,40899
UpdateRouteReq,40596
FindNodeReq,123878
UpdateRouteReq,43955
UpdateRouteReq,93827
FindNodeReq,84634
UpdateRouteReq,43861
UpdateRouteReq,79538
UpdateRouteReq,45919
PathTeardownReq,36981
PathSetupReq,31127
PathTeardownReq,30838
UpdateRouteReq,42897
FindNodeReq,80807
UpdateRouteReq,44879
UpdateRouteReq,66298
UpdateRouteReq,68503
UpdateRouteReq,53851
UpdateRouteReq,41954
UpdateRouteReq,44491
UpdateRouteReq,56632
UpdateRouteReq,52898
FindNodeReq,81390
UpdateRouteReq,48346
UpdateRouteReq,43263
UpdateRouteReq,44019
PathSetupReq,38887
UpdateRouteReq,39463
UpdateRouteReq,39176
UpdateRouteReq,44323
UpdateRouteReq,149751
PathTeardownReq,140123
PathSetupReq,140597
PathTeardownReq,99642
UpdateRouteReq,103164
UpdateRouteReq,110109
UpdateRouteReq,117116
UpdateRouteReq,88379
UpdateRouteReq,120852
UpdateRouteReq,77353
UpdateRouteReq,77742
UpdateRouteReq,78100
UpdateRouteReq,77714
UpdateRouteReq,54369
UpdateRouteReq,47926
UpdateRouteReq,42287
PathSetupReq,32374
UpdateRouteReq,40663
UpdateRouteReq,60315
UpdateRouteReq,59254
UpdateRouteReq,38492
PathTeardownReq,33265
FindNodeReq,90585
UpdateRouteReq,46193
UpdateRouteReq,43550
UpdateRouteReq,42791
UpdateRouteReq,41883
UpdateRouteReq,69675
PathSetupReq,94301
UpdateRouteReq,43728
UpdateRouteReq,66359
UpdateRouteReq,68119
UpdateRouteReq,37236
UpdateRouteReq,53779
FindNodeReq,82353
PathTeardownReq,36367
UpdateRouteReq,43966
FindNodeReq,83916
UpdateRouteReq,69707
UpdateRouteReq,72339
UpdateRouteReq,43195
UpdateRouteReq,57447
PathSetupReq,53964
UpdateRouteReq,38381
UpdateRouteReq,40386
FindNodeReq,118489
UpdateRouteReq,59094
UpdateRouteReq,54749
UpdateRouteReq,44976
PathTeardownReq,36508
UpdateRouteReq,45683
UpdateRouteReq,66097
UpdateRouteReq,70062
UpdateRouteReq,42148
PathSetupReq,51665
UpdateRouteReq,50523
UpdateRouteReq,40001
PathTeardownReq,74213
UpdateRouteReq,59609
PathSetupReq,83122
PathTeardownReq,85098
FindNodeReq,83478
FindNodeReq,80419
UpdateRouteReq,59479
UpdateRouteReq,56215
PathSetupReq,88176
UpdateRouteReq,93229
UpdateRouteReq,126882
PathTeardownReq,69612
UpdateRouteReq,44210
UpdateRouteReq,60677
UpdateRouteReq,70214
PathSetupReq,94758
UpdateRouteReq,42630
UpdateRouteReq,53660
FindNodeReq,84889
UpdateRouteReq,43461
UpdateRouteReq,44923
PathTeardownReq,35685
PathSetupReq,46217
PathTeardownReq,31879
UpdateRouteReq,56773
UpdateRouteReq,60182
UpdateRouteReq,70459
UpdateRouteReq,70871
FindNodeReq,138263
UpdateRouteReq,148190
FindNodeReq,77578
UpdateRouteReq,69397
UpdateRouteReq,70735
UpdateRouteReq,77705
UpdateRouteReq,41522
PathSetupReq,33816
UpdateRouteReq,84104
PathTeardownReq,32344
UpdateRouteReq,42390
UpdateRouteReq,40844
UpdateRouteReq,40939
UpdateRouteReq,54594
UpdateRouteReq,52684
FindNodeReq,79207
UpdateRouteReq,67958
UpdateRouteReq,66570
PathSetupReq,31395
UpdateRouteReq,43075
UpdateRouteReq,41191
UpdateRouteReq,62258
UpdateRouteReq,62575
UpdateRouteReq,92736
FindNodeReq,156557
UpdateRouteReq,45583
UpdateRouteReq,67602
PathTeardownReq,66955
PathSetupReq,113132
PathTeardownReq,32156
UpdateRouteReq,57959
UpdateRouteReq,54739
FindNodeReq,81938
FindNodeReq,79291
UpdateRouteReq,45148
UpdateRouteReq,78081
UpdateRouteReq,108711
UpdateRouteReq,44191
UpdateRouteReq,45535
UpdateRouteReq,39962
PathSetupReq,53935
UpdateRouteReq,56797
UpdateRouteReq,41883
UpdateRouteReq,40651
UpdateRouteReq,70290
UpdateRouteReq,100358
UpdateRouteReq,59677
UpdateRouteReq,58510
PathTeardownReq,56663
PathSetupReq,32577
PathTeardownReq,31026
UpdateRouteReq,65413
UpdateRouteReq,69269
UpdateRouteReq,62385
UpdateRouteReq,61651
UpdateRouteReq,107565
UpdateRouteReq,60933
FindNodeReq,106154
FindNodeReq,144737
FindNodeReq,81250
UpdateRouteReq,66361
UpdateRouteReq,69582
UpdateRouteReq,41719
UpdateRouteReq,54763
UpdateRouteReq,52239
FindNodeReq,85453
FindNodeReq,74961
FindNodeReq,77618
UpdateRouteReq,44775
UpdateRouteReq,42381
UpdateRouteReq,40123
UpdateRouteReq,52695
UpdateRouteReq,52030
UpdateRouteReq,43693
UpdateRouteReq,38296
UpdateRouteReq,39089
UpdateRouteReq,36414
UpdateRouteReq,77051
UpdateRouteReq,125529
UpdateRouteReq,85231
PathSetupReq,31396
PathTeardownReq,71140
UpdateRouteReq,44110
UpdateRouteReq,43710
UpdateRouteReq,41373
UpdateRouteReq,61259
UpdateRouteReq,60946
UpdateRouteReq,77152
UpdateRouteReq,44755
UpdateRouteReq,39304
PathSetupReq,72347
PathTeardownReq,68971
UpdateRouteReq,55893
FindNodeReq,87484
UpdateRouteReq,70891
UpdateRouteReq,74598
UpdateRouteReq,57989
PathSetupReq,54355
UpdateRouteReq,58673
UpdateRouteReq,58555
UpdateRouteReq,80591
FindNodeReq,77434
UpdateRouteReq,45356
UpdateRouteReq,77782
FindNodeReq,79494
UpdateRouteReq,88238
PathTeardownReq,76815
UpdateRouteReq,59017
UpdateRouteReq,38646
UpdateRouteReq,67259
UpdateRouteReq,70866
UpdateRouteReq,77739
UpdateRouteReq,76782
UpdateRouteReq,69033
UpdateRouteReq,58886
UpdateRouteReq,73737
UpdateRouteReq,74118
UpdateRouteReq,39861
PathSetupReq,31524
UpdateRouteReq,64330
UpdateRouteReq,68382
UpdateRouteReq,110382
UpdateRouteReq,112741
UpdateRouteReq,146829
PathTeardownReq,36494
FindNodeReq,121650
UpdateRouteReq,43940
UpdateRouteReq,71105
UpdateRouteReq,72098
UpdateRouteReq,77476
PathSetupReq,31609
FindNodeReq,74983
UpdateRouteReq,44791
UpdateRouteReq,74127
UpdateRouteReq,73829
UpdateRouteReq,78398
UpdateRouteReq,78286
UpdateRouteReq,54131
UpdateRouteReq,45295
UpdateRouteReq,43577
PathTeardownReq,37894
PathSetupReq,69197
PathTeardownReq,31771
FindNodeReq,86188
FindNodeReq,80704
UpdateRouteReq,58322
UpdateRouteReq,38643
UpdateRouteReq,43866
UpdateRouteReq,48013
UpdateRouteReq,43799
UpdateRouteReq,59863
UpdateRouteReq,55479
UpdateRouteReq,119545
PathSetupReq,143759
UpdateRouteReq,297455
UpdateRouteReq,347401
UpdateRouteReq,85810
UpdateRouteReq,38519
UpdateRouteReq,37390
UpdateRouteReq,52663
UpdateRouteReq,53520
UpdateRouteReq,141395
PathTeardownReq,145239
PathSetupReq,60984
PathTeardownReq,120465
FindNodeReq,99342
UpdateRouteReq,103687
UpdateRouteReq,37971
UpdateRouteReq,41575
QueryRouteReq,68171
UpdateRouteReq,39899
UpdateRouteReq,37678
UpdateRouteReq,83146
UpdateRouteReq,53299
UpdateRouteReq,94346
UpdateRouteReq,84820
PathSetupReq,33007
UpdateRouteReq,40300
UpdateRouteReq,59371
UpdateRouteReq,59294
UpdateRouteReq,74898
UpdateRouteReq,111229
PathTeardownReq,137013
FindNodeReq,102102
UpdateRouteReq,39353
FindNodeReq,104550
UpdateRouteReq,106505
UpdateRouteReq,38940
PathSetupReq,31356
UpdateRouteReq,39675
UpdateRouteReq,39704
UpdateRouteReq,39508
UpdateRouteReq,63719
UpdateRouteReq,83468
UpdateRouteReq,86505
UpdateRouteReq,153090
UpdateRouteReq,207359
UpdateRouteReq,254505
UpdateRouteReq,262342
UpdateRouteReq,266915
UpdateRouteReq,360398
UpdateRouteReq,408179
UpdateRouteReq,236544
UpdateRouteReq,270815
UpdateRouteReq,396653
UpdateRouteReq,423729
UpdateRouteReq,56219
UpdateRouteReq,58073
PathTeardownReq,55428
PathSetupReq,45439
PathTeardownReq,43289
UpdateRouteReq,55487
UpdateRouteReq,57932
UpdateRouteReq,53619
UpdateRouteReq,73286
FindNodeReq,84190
UpdateRouteReq,41579
UpdateRouteReq,38903
UpdateRouteReq,53379
PathSetupReq,50630
UpdateRouteReq,38697
FindNodeReq,76646
UpdateRouteReq,39130
UpdateRouteReq,38856
UpdateRouteReq,88858
UpdateRouteReq,60269
PathSetupReq,56943
UpdateRouteReq,39651
UpdateRouteReq,73171
UpdateRouteReq,74330
UpdateRouteReq,93272
UpdateRouteReq,61075
UpdateRouteReq,40705
PathTeardownReq,47412
UpdateRouteReq,43050
UpdateRouteReq,38776
PathSetupReq,31658
UpdateRouteReq,39108
UpdateRouteReq,40319
UpdateRouteReq,60950
UpdateRouteReq,40867
PathTeardownReq,119373
PathSetupReq,76404
PathTeardownReq,105285
FindNodeReq,166267
UpdateRouteReq,88490
QueryRouteReq,163824
UpdateRouteReq,46291
FindNodeRsp,75211
FindNodeReq,147724
FindNodeReq,94686
FindNodeReq,80438
FindNodeReq,78632
UpdateRouteReq,45261
UpdateRouteReq,87138
UpdateRouteReq,94427
PathTeardownReq,39330
PathTeardownReq,60688
UpdateRouteReq,162089
UpdateRouteReq,43351
UpdateRouteReq,37720
QueryRouteReq,77251
UpdateRouteReq,76475
UpdateRouteReq,70787
PathSetupReq,116742
UpdateRouteReq,158773
UpdateRouteReq,242555
UpdateRouteReq,219941
UpdateRouteReq,248435
UpdateRouteReq,295526
PathSetupReq,59962
UpdateRouteReq,49814
UpdateRouteReq,46849
UpdateRouteReq,50853
UpdateRouteReq,41709
UpdateRouteReq,40553
UpdateRouteReq,38903
UpdateRouteReq,58089
UpdateRouteReq,43642
PathTeardownReq,33895
PathSetupReq,31423
PathTeardownReq,31692
UpdateRouteReq,44250
UpdateRouteReq,41679
UpdateRouteReq,40267
FindNodeReq,86338
PathTeardownReq,36219
FindNodeReq,81133
FindNodeReq,76622
FindNodeReq,78725
UpdateRouteReq,45117
UpdateRouteReq,40691
PathSetupReq,32689
UpdateRouteReq,40253
UpdateRouteReq,39813
UpdateRouteReq,43174
UpdateRouteReq,43485
UpdateRouteReq,43330
FindNodeReq,76639
UpdateRouteReq,205983
PathSetupReq,36687
UpdateRouteReq,44371
PathTeardownReq,34563
UpdateRouteReq,42559
UpdateRouteReq,42972
UpdateRouteReq,43741
PathSetupReq,32157
UpdateRouteReq,40663
UpdateRouteReq,60819
UpdateRouteReq,40253
UpdateRouteReq,41339
UpdateRouteReq,39507
UpdateRouteReq,41510
UpdateRouteReq,44790
UpdateRouteReq,40527
UpdateRouteReq,42167
UpdateRouteReq,38456
UpdateRouteReq,41079
FindNodeReq,94175
PathTeardownReq,34106
UpdateRouteReq,42879
UpdateRouteReq,40847
PathSetupReq,31881
PathTeardownReq,31947
UpdateRouteReq,169240
UpdateRouteReq,69789
UpdateRouteReq,73142
PathTeardownReq,39723
FindNodeReq,152617
FindNodeRsp,109050
UpdateRouteReq,51262
UpdateRouteReq,66707
FindNodeRsp,80763
UpdateRouteReq,43337
PathSetupReq,34970
FindNodeRsp,65955
UpdateRouteReq,90414
PathSetupReq,81231
FindNodeReq,161798
UpdateRouteReq,162329
UpdateRouteReq,100738
UpdateRouteReq,160540
UpdateRouteReq,48699
UpdateRouteReq,70318
UpdateRouteReq,70435
PathTeardownReq,37404
UpdateRouteReq,73508
PathTeardownReq,42503
PathTeardownReq,79439
FindNodeReq,153888
UpdateRouteReq,47557
UpdateRouteReq,150141
UpdateRouteReq,131937
UpdateRouteReq,60182
PathSetupReq,45475
FindNodeReq,109883
FindNodeRsp,111918
UpdateRouteReq,58445
UpdateRouteReq,54162
PathSetupReq,40955
UpdateRouteReq,54879
UpdateRouteReq,51031
PathSetupReq,39318
UpdateRouteReq,70138
UpdateRouteReq,45981
UpdateRouteReq,44303
FindNodeReq,161754
UpdateRouteReq,73217
UpdateRouteReq,134792
UpdateRouteReq,74485
UpdateRouteReq,70113
UpdateRouteReq,70345
UpdateRouteReq,95098
PathTeardownReq,39189
PathTeardownReq,61663
PathTeardownReq,150237
UpdateRouteReq,66505
UpdateRouteReq,66559
UpdateRouteReq,157373
UpdateRouteReq,39314
QueryRouteReq,155441
PathSetupReq,36784
UpdateRouteReq,38894
UpdateRouteReq,70466
PathSetupReq,35859
UpdateRouteReq,44015
FindNodeReq,84984
UpdateRouteReq,125543
UpdateRouteReq,70282
QueryRouteReq,132391
FindNodeRsp,78231
PathTeardownReq,38459
UpdateRouteReq,45230
UpdateRouteReq,42375
UpdateRouteReq,76300
Error,64098
UpdateRouteReq,47405
Error,34028
Error,148453
UpdateRouteReq,69061
UpdateRouteReq,141125
Error,214597
PathSetupReq,252007
UpdateRouteReq,291437
UpdateRouteReq,318010
UpdateRouteReq,326540
Error,397152
UpdateRouteReq,452865
UpdateRouteReq,85563
UpdateRouteReq,89013
UpdateRouteReq,96852
UpdateRouteReq,103369
UpdateRouteReq,98126
Error,130992
UpdateRouteReq,72184
PathSetupReq,38330
UpdateRouteReq,44819
Error,129213
UpdateRouteReq,47583
UpdateRouteReq,51373
UpdateRouteReq,46379
UpdateRouteReq,44643
UpdateRouteReq,42867
UpdateRouteReq,38964
Error,182416
UpdateRouteReq,178482
Error,142629
UpdateRouteReq,190448
Error,112470
UpdateRouteReq,89509
UpdateRouteReq,298552
UpdateRouteReq,337036
UpdateRouteReq,441663
UpdateRouteReq,492945
Error,492494
Error,491365
Error,164296
Error,82707
UpdateRouteReq,49523
UpdateRouteReq,43637
UpdateRouteReq,68251
Error,79083
Error,32248
Error,81199
Error,97185
Error,134405
UpdateRouteReq,111003
Error,152093
UpdateRouteReq,161282
UpdateRouteReq,45255
Error,80066
Error,86394
FindNodeReq,140677
UpdateRouteReq,146913
Error,98894
UpdateRouteReq,67379
Error,86456
Error,51288
UpdateRouteReq,47497
Error,59742
Error,195211
UpdateRouteReq,280455
Error,325223
Error,327297
UpdateRouteReq,335089
Error,94073
UpdateRouteReq,71414
UpdateRouteReq,48930
UpdateRouteReq,46953
UpdateRouteReq,45443
FindNodeReq,92462
UpdateRouteReq,50550
Error,95593
UpdateRouteReq,60579
UpdateRouteReq,66349
PathTeardownReq,34803
FindNodeReq,109645
PathTeardownReq,36903
UpdateRouteReq,42288
FindNodeReq,76200
FindNodeReq,80005
UpdateRouteReq,131508
UpdateRouteReq,139777
UpdateRouteReq,41209
UpdateRouteReq,89950
PathSetupReq,81232
UpdateRouteReq,66051
FindNodeReq,125691
UpdateRouteReq,45384
UpdateRouteReq,43263
UpdateRouteReq,46353
UpdateRouteReq,38907
Error,98496
UpdateRouteReq,59502
PathSetupReq,57799
UpdateRouteReq,46019
UpdateRouteReq,59635
PathTeardownReq,55111
UpdateRouteReq,59345
UpdateRouteReq,41473
UpdateRouteReq,38643
UpdateRouteReq,40383
UpdateRouteReq,41615
UpdateRouteReq,39783
UpdateRouteReq,41543
UpdateRouteReq,45611
UpdateRouteReq,58319
UpdateRouteReq,63891
PathSetupReq,46799
PathTeardownReq,46311
UpdateRouteReq,43135
UpdateRouteReq,39640
UpdateRouteReq,113744
UpdateRouteReq,107941
PathSetupReq,109240
UpdateRouteReq,60478
UpdateRouteReq,66854
Error,207620
UpdateRouteReq,42431
UpdateRouteReq,44474
Error,90646
UpdateRouteReq,45047
Error,74194
Error,56958
Error,34363
Error,31244
Error,108190
UpdateRouteReq,44271
FindNodeReq,92846
Error,78183
Error,89089
Error,72835
Error,76020
UpdateRouteReq,60110
Error,87558
Error,43033
Error,89605
Error,108974
Error,49186
Error,55186
Error,169556
UpdateRouteReq,255530
UpdateRouteReq,302406
Error,302969
UpdateRouteReq,67566
PathTeardownReq,45255
UpdateRouteReq,39205
UpdateRouteReq,39101
UpdateRouteReq,43604
Error,86405
UpdateRouteReq,42577
Error,106440
UpdateRouteReq,59665
PathSetupReq,57660
UpdateRouteReq,61207
UpdateRouteReq,62782
UpdateRouteReq,42324
UpdateRouteReq,40128
UpdateRouteReq,41811
PathTeardownReq,34847
PathSetupReq,30539
PathTeardownReq,33695
UpdateRouteReq,41620
UpdateRouteReq,36641
UpdateRouteReq,42596
UpdateRouteReq,40507
PathSetupReq,30768
UpdateRouteReq,40574
UpdateRouteReq,56639
Error,98862
UpdateRouteReq,57743
UpdateRouteReq,40167
UpdateRouteReq,61389
UpdateRouteReq,37539
Error,85222
Error,99518
Error,87714
Error,43700
Error,81229
Error,113765
Error,52904
Error,56452
Error,172712
UpdateRouteReq,237947
Error,279447
UpdateRouteReq,41235
UpdateRouteReq,46781
UpdateRouteReq,42991
UpdateRouteReq,40123
UpdateRouteReq,38153
FindNodeReq,83982
UpdateRouteReq,41333
Error,86449
UpdateRouteReq,49888
UpdateRouteReq,42268
PathTeardownReq,33372
PathSetupReq,32183
UpdateRouteReq,41656
UpdateRouteReq,39232
UpdateRouteReq,38025
PathTeardownReq,151541
UpdateRouteReq,48873
PathTeardownReq,38298
FindNodeReq,127962
UpdateRouteReq,143437
UpdateRouteReq,131432
PathSetupReq,55837
UpdateRouteReq,55042
UpdateRouteReq,41073
Error,95918
UpdateRouteReq,42833
FindNodeReq,90862
PathSetupReq,37260
UpdateRouteReq,41947
UpdateRouteReq,39387
UpdateRouteReq,37606
UpdateRouteReq,37364
UpdateRouteReq,48291
UpdateRouteReq,43917
Error,104177
UpdateRouteReq,88651
UpdateRouteReq,40683
UpdateRouteReq,69165
UpdateRouteReq,63658
UpdateRouteReq,40467
UpdateRouteReq,36917
UpdateRouteReq,41256
PathTeardownReq,61719
Error,117044
UpdateRouteReq,62871
UpdateRouteReq,65438
PathSetupReq,32732
PathTeardownReq,32090
UpdateRouteReq,39499
UpdateRouteReq,39111
Error,55509
FindNodeReq,108050
FindNodeReq,94891
Error,109957
Error,56692
Error,31778
Error,80163
QueryRouteReq,94160
UpdateRouteReq,44551
PathSetupReq,46527
Error,92738
UpdateRouteReq,59115
PathTeardownReq,57814
Error,105203
UpdateRouteReq,58417
PathSetupReq,55259
UpdateRouteReq,54657
Error,98898
UpdateRouteReq,73304
Error,101004
Error,108298
UpdateRouteReq,41660
Error,42139
Error,94735
UpdateRouteReq,48647
UpdateRouteReq,41320
Error,82889
UpdateRouteReq,43711
UpdateRouteReq,39239
UpdateRouteReq,40975
Error,49346
UpdateRouteReq,42752
Error,54177
UpdateRouteReq,200251
Error,194132
UpdateRouteReq,314883
Error,356609
PathTeardownReq,37407
UpdateRouteReq,90897
PathSetupReq,82572
UpdateRouteReq,39458
UpdateRouteReq,38186
Error,206039
UpdateRouteReq,204820
UpdateRouteReq,64606
UpdateRouteReq,69558
UpdateRouteReq,41331
UpdateRouteReq,63712
UpdateRouteReq,39295
UpdateRouteReq,161809
UpdateRouteReq,44040
Error,110902
UpdateRouteReq,73468
UpdateRouteReq,101172
UpdateRouteReq,54179
UpdateRouteReq,36688
Error,141648
UpdateRouteReq,98812
UpdateRouteReq,36717
Error,174580
UpdateRouteReq,64570
UpdateRouteReq,64126
UpdateRouteReq,36961
UpdateRouteReq,62661
Error,64915
Error,63710
Error,95724
UpdateRouteReq,102747
Error,31791
Error,92090
UpdateRouteReq,60154
UpdateRouteReq,63188
Error,146733
Error,132216
Error,129299
Error,71971
Error,36938
FindNodeReq,161328
UpdateRouteReq,149077
FindNodeRsp,107884
FindNodeReq,155215
UpdateRouteReq,68071
UpdateRouteReq,69074
PathTeardownReq,36944
UpdateRouteReq,94573
PathTeardownReq,38727
PathTeardownReq,149980
UpdateRouteReq,65405
UpdateRouteReq,65111
UpdateRouteReq,155260
UpdateRouteReq,37021
QueryRouteReq,154840
PathSetupReq,38230
UpdateRouteReq,63049
PathSetupReq,60668
UpdateRouteReq,38643
UpdateRouteReq,44779
UpdateRouteReq,43731
UpdateRouteReq,89897
FindNodeRsp,72891
FindNodeReq,153649
UpdateRouteReq,67627
FindNodeRsp,86639
FindNodeReq,147896
FindNodeReq,148235
FindNodeReq,148721
UpdateRouteReq,86965
Error,83470
UpdateRouteReq,116825
Error,152224
UpdateRouteReq,70019
UpdateRouteReq,56427
Error,138145
Error,183154
UpdateRouteReq,85364
FindNodeReq,89914
Error,81855
UpdateRouteReq,49666
Error,82704
Error,117550
Error,49440
Error,92694
Error,155633
UpdateRouteReq,49697
UpdateRouteReq,43625
UpdateRouteReq,46619
UpdateRouteReq,36404
Error,57415
PathTeardownReq,51399
PathSetupReq,47995
PathTeardownReq,30959
UpdateRouteReq,47192
UpdateRouteReq,38628
UpdateRouteReq,54986
UpdateRouteReq,47655
UpdateRouteReq,36038
UpdateRouteReq,34661
UpdateRouteReq,48324
UpdateRouteReq,45997
UpdateRouteReq,39553
PathTeardownReq,35323
UpdateRouteReq,86586
PathSetupReq,76873
FindNodeReq,112129
PathTeardownReq,34787
PathSetupReq,59871
FindNodeReq,89654
UpdateRouteReq,47259
UpdateRouteReq,36023
UpdateRouteReq,54384
UpdateRouteReq,57423
UpdateRouteReq,45289
UpdateRouteReq,39688
PathSetupReq,42706
UpdateRouteReq,45207
UpdateRouteReq,56419
UpdateRouteReq,86914
UpdateRouteReq,87445
UpdateRouteReq,119580
PathTeardownReq,61830
PathTeardownReq,37941
UpdateRouteReq,102349
UpdateRouteReq,97030
UpdateRouteReq,47033
UpdateRouteReq,44705
PathSetupReq,32168
UpdateRouteReq,88071
UpdateRouteReq,59951
PathTeardownReq,60627
FindNodeReq,169778
UpdateRouteReq,72249
UpdateRouteReq,145772
UpdateRouteReq,45161
PathSetupReq,34379
PathTeardownReq,79905
UpdateRouteReq,44912
UpdateRouteReq,135870
UpdateRouteReq,38949
QueryRouteReq,162705
QueryRouteReq,161032
UpdateRouteReq,42159
UpdateRouteReq,38549
PathSetupReq,83795
UpdateRouteReq,48900
PathSetupReq,32211
UpdateRouteReq,92514
UpdateRouteReq,38067
UpdateRouteReq,36945
UpdateRouteReq,43599
FindNodeReq,154445
FindNodeRsp,96561
FindNodeReq,147741
FindNodeReq,185795
FindNodeReq,147724
FindNodeReq,148655
UpdateRouteReq,67983
Error,83524
Error,88731
Error,152593
UpdateRouteReq,52307
UpdateRouteReq,39575
Error,172381
UpdateRouteReq,73562
UpdateRouteReq,74105
Error,128877
Error,52355
UpdateRouteReq,48789
UpdateRouteReq,45548
UpdateRouteReq,37535
Error,92124
UpdateRouteReq,48232
UpdateRouteReq,43802
UpdateRouteReq,64670
UpdateRouteReq,37432
FindNodeReq,128250
UpdateRouteReq,44463
FindNodeReq,77146
FindNodeReq,65326
UpdateRouteReq,55938
UpdateRouteReq,47019
FindNodeReq,67973
UpdateRouteReq,46611
UpdateRouteReq,39681
UpdateRouteReq,35966
Error,101053
UpdateRouteReq,51427
UpdateRouteReq,69370
UpdateRouteReq,39768
UpdateRouteReq,36675
PathTeardownReq,65611
Error,163661
UpdateRouteReq,96772
UpdateRouteReq,80353
UpdateRouteReq,40444
UpdateRouteReq,49648
UpdateRouteReq,43043
UpdateRouteReq,36890
UpdateRouteReq,49295
Error,89054
PathTeardownReq,45679
UpdateRouteReq,100786
UpdateRouteReq,92438
UpdateRouteReq,123976
UpdateRouteReq,48497
UpdateRouteReq,36887
Error,85320
FindNodeReq,100985
UpdateRouteReq,43265
FindNodeReq,91046
FindNodeReq,154991
UpdateRouteReq,52584
UpdateRouteReq,37203
UpdateRouteReq,103187
UpdateRouteReq,95813
UpdateRouteReq,122843
UpdateRouteReq,95734
PathSetupReq,85482
UpdateRouteReq,47643
PathSetupReq,32890
UpdateRouteReq,76068
UpdateRouteReq,63557
UpdateRouteReq,112003
UpdateRouteReq,75211
PathTeardownReq,48366
PathTeardownReq,48223
UpdateRouteReq,80376
UpdateRouteReq,102864
QueryRouteReq,42055
UpdateRouteReq,25835
UpdateRouteReq,62793
UpdateRouteReq,47836
UpdateRouteReq,33143
PathSetupReq,21123
UpdateRouteReq,45039
QueryRouteReq,50122
UpdateRouteReq,26439
UpdateRouteReq,24425
UpdateRouteReq,24337
UpdateRouteReq,30072
UpdateRouteReq,23597
UpdateRouteReq,24196
UpdateRouteReq,25953
PathTeardownReq,26287
FindNodeRsp,126847
UpdateRouteReq,400682
UpdateRouteReq,457760
QueryRouteReq,508980
UpdateRouteReq,731110
UpdateRouteReq,136081
UpdateRouteReq,62762
UpdateRouteReq,266598
PathSetupReq,63137
UpdateRouteReq,74637
PathSetupReq,53632
UpdateRouteReq,69991
UpdateRouteReq,75027
QueryRouteReq,132434
UpdateRouteReq,229248
UpdateRouteReq,345619
UpdateRouteReq,102577
UpdateRouteReq,273883
FindNodeRsp,101557
FindNodeReq,156244
PathSetupReq,78726
FindNodeRsp,94938
FindNodeReq,163433
FindNodeReq,193832
FindNodeRsp,102577
FindNodeReq,151452
FindNodeReq,192696
FindNodeReq,150345
FindNodeReq,158417
UpdateRouteReq,70570
Error,85110
UpdateRouteReq,125723
Error,94516
UpdateRouteReq,47432
Error,157777
UpdateRouteReq,108582
Error,124817
Error,97814
Error,60583
FindNodeReq,91168
FindNodeReq,79220
FindNodeReq,74373
FindNodeReq,77827
FindNodeReq,109269
UpdateRouteReq,45761
UpdateRouteReq,67491
FindNodeReq,79059
Error,84672
UpdateRouteReq,54123
FindNodeReq,85399
UpdateRouteReq,46729
PathTeardownReq,34819
FindNodeReq,72107
UpdateRouteReq,47223
UpdateRouteReq,37713
Error,89026
UpdateRouteReq,43300
UpdateRouteReq,38914
PathSetupReq,33447
UpdateRouteReq,41994
UpdateRouteReq,58790
UpdateRouteReq,67594
UpdateRouteReq,58260
UpdateRouteReq,44587
UpdateRouteReq,38579
UpdateRouteReq,108158
PathTeardownReq,40012
UpdateRouteReq,68600
UpdateRouteReq,42219
PathTeardownReq,44394
Error,150579
FindNodeReq,98816
UpdateRouteReq,51700
FindNodeReq,109918
UpdateRouteReq,49113
UpdateRouteReq,41704
UpdateRouteReq,61626
UpdateRouteReq,44832
UpdateRouteReq,39254
Error,189056
UpdateRouteReq,187412
UpdateRouteReq,44003
UpdateRouteReq,47683
UpdateRouteReq,57186
Error,132664
UpdateRouteReq,123011
UpdateRouteReq,62360
UpdateRouteReq,56917
UpdateRouteReq,50547
UpdateRouteReq,48247
UpdateRouteReq,64484
PathSetupReq,65773
PathTeardownReq,33851
FindNodeReq,98035
UpdateRouteReq,47355
FindNodeReq,98245
FindNodeReq,76528
FindNodeReq,69196
FindNodeReq,73162
UpdateRouteReq,50071
FindNodeReq,136626
UpdateRouteReq,41619
UpdateRouteReq,47731
FindNodeReq,86014
UpdateRouteReq,68881
UpdateRouteReq,69724
UpdateRouteReq,78736
UpdateRouteReq,43149
UpdateRouteReq,41107
UpdateRouteReq,37140
FindNodeReq,168510
UpdateRouteReq,49683
UpdateRouteReq,61498
UpdateRouteReq,44473
UpdateRouteReq,37688
UpdateRouteReq,48037
UpdateRouteReq,63353
UpdateRouteReq,63337
UpdateRouteReq,97362
UpdateRouteReq,67577
UpdateRouteReq,47341
UpdateRouteReq,41175
PathSetupReq,34141
PathTeardownReq,34679
UpdateRouteReq,183276
UpdateRouteReq,171234
UpdateRouteReq,174368
UpdateRouteReq,128281
UpdateRouteReq,201228
UpdateRouteReq,120717
UpdateRouteReq,108213
UpdateRouteReq,105826
UpdateRouteReq,128133
PathSetupReq,32837
UpdateRouteReq,76268
PathTeardownReq,42723
PathSetupReq,32044
UpdateRouteReq,41334
UpdateRouteReq,37805
UpdateRouteReq,39191
UpdateRouteReq,56114
PathTeardownReq,41000
PathSetupReq,33258
PathTeardownReq,61874
PathTeardownReq,72540
QueryRouteReq,127749
FindNodeRsp,174051
QueryRouteReq,204704
UpdateRouteReq,236141
UpdateRouteReq,262053
UpdateRouteReq,89660
UpdateRouteReq,43210
PathSetupReq,36243
UpdateRouteReq,45751
PathSetupReq,33779
UpdateRouteReq,44839
PathSetupReq,76232
UpdateRouteReq,71424
UpdateRouteReq,169014
FindNodeReq,163738
PathSetupReq,67709
FindNodeRsp,70647
FindNodeReq,162588
FindNodeReq,154905
FindNodeReq,163371
FindNodeReq,159794
PathSetupReq,131523
FindNodeRsp,104837
FindNodeReq,168040
PathSetupReq,78342
PathSetupReq,71915
FindNodeReq,141433
FindNodeReq,130673
FindNodeReq,79474
FindNodeReq,72598
UpdateRouteReq,39662
UpdateRouteReq,63115
FindNodeRsp,93718
FindNodeRsp,90639
FindNodeReq,150672
UpdateRouteReq,42294
FindNodeRsp,88771
FindNodeReq,156088
FindNodeRsp,90692
FindNodeRsp,99108
FindNodeRsp,105637
FindNodeReq,150531
FindNodeReq,151237
FindNodeReq,149564
FindNodeReq,149491
UpdateRouteReq,69868
Error,103301
UpdateRouteReq,162390
Error,152982
UpdateRouteReq,50799
Error,258023
FindNodeReq,85135
UpdateRouteReq,70595
FindNodeReq,78419
Error,82955
FindNodeReq,80767
Error,79518
FindNodeReq,70637
Error,49023
FindNodeReq,72883
UpdateRouteReq,51090
FindNodeReq,75244
Error,84751
UpdateRouteReq,42240
UpdateRouteReq,37465
FindNodeReq,153862
UpdateRouteReq,48868
Error,106289
UpdateRouteReq,45602
UpdateRouteReq,45189
UpdateRouteReq,46623
UpdateRouteReq,36387
FindNodeReq,81446
PathTeardownReq,52637
PathSetupReq,50279
PathTeardownReq,31245
Error,88520
UpdateRouteReq,39390
UpdateRouteReq,45323
FindNodeReq,83251
UpdateRouteReq,65171
UpdateRouteReq,40807
UpdateRouteReq,50220
UpdateRouteReq,37221
PathTeardownReq,36169
Error,148957
UpdateRouteReq,45747
UpdateRouteReq,39520
UpdateRouteReq,45660
UpdateRouteReq,46033
UpdateRouteReq,42391
UpdateRouteReq,40634
Error,83842
UpdateRouteReq,55823
UpdateRouteReq,41161
UpdateRouteReq,45811
UpdateRouteReq,40814
UpdateRouteReq,35668
FindNodeReq,216423
UpdateRouteReq,62367
UpdateRouteReq,72335
UpdateRouteReq,55857
UpdateRouteReq,51187
UpdateRouteReq,65549
UpdateRouteReq,70689
PathTeardownReq,78893
UpdateRouteReq,68922
PathSetupReq,35728
PathTeardownReq,36753
UpdateRouteReq,49517
UpdateRouteReq,46071
PathSetupReq,33940
UpdateRouteReq,98029
UpdateRouteReq,93561
PathTeardownReq,40352
UpdateRouteReq,113103
UpdateRouteReq,67959
PathSetupReq,62997
UpdateRouteReq,59177
UpdateRouteReq,61351
UpdateRouteReq,37387
UpdateRouteReq,38936
PathTeardownReq,33755
PathTeardownReq,50666
UpdateRouteReq,72631
UpdateRouteReq,70121
UpdateRouteReq,38962
UpdateRouteReq,36035
Error,274014
QueryRouteReq,91918
UpdateRouteReq,93050
Error,89061
QueryRouteReq,68111
UpdateRouteReq,42428
UpdateRouteReq,95774
UpdateRouteReq,91878
UpdateRouteReq,86623
UpdateRouteReq,84618
UpdateRouteReq,72544
PathSetupReq,70422
UpdateRouteReq,97878
UpdateRouteReq,141409
PathTeardownReq,80620
UpdateRouteReq,46728
UpdateRouteReq,142626
UpdateRouteReq,220555
Error,107654
PathSetupReq,106582
PathTeardownReq,39225
UpdateRouteReq,43224
UpdateRouteReq,58620
UpdateRouteReq,40381
UpdateRouteReq,58321
UpdateRouteReq,40735
FindNodeReq,166413
UpdateRouteReq,45535
UpdateRouteReq,223352
PathSetupReq,295434
FindNodeReq,364998
UpdateRouteReq,469840
UpdateRouteReq,512594
Error,230958
Error,288540
UpdateRouteReq,291385
UpdateRouteReq,298014
UpdateRouteReq,304397
FindNodeRsp,61958
UpdateRouteReq,89299
Error,85039
PathTeardownReq,36403
UpdateRouteReq,103942
PathSetupReq,33715
UpdateRouteReq,70827
UpdateRouteReq,85565
UpdateRouteReq,80072
PathSetupReq,81956
UpdateRouteReq,100809
UpdateRouteReq,85827
UpdateRouteReq,38408
UpdateRouteReq,37386
Error,130809
Error,160328
UpdateRouteReq,165625
FindNodeReq,209531
UpdateRouteReq,217844
UpdateRouteReq,220181
UpdateRouteReq,157984
UpdateRouteReq,98990
UpdateRouteReq,62212
Error,116103
UpdateRouteReq,71442
Error,189649
Error,226080
UpdateRouteReq,230586
UpdateRouteReq,159803
Error,211163
Error,253414
Error,113314
Error,94629
UpdateRouteReq,121872
UpdateRouteReq,46563
UpdateRouteReq,41028
UpdateRouteReq,40764
UpdateRouteReq,89998
UpdateRouteReq,131637
UpdateRouteReq,200191
UpdateRouteReq,204402
PathTeardownReq,37607
Error,124475
Error,136748
UpdateRouteReq,39035
UpdateRouteReq,41016
UpdateRouteReq,89178
PathSetupReq,102337
UpdateRouteReq,45211
Error,34114
Error,30751
Error,45742
Error,43228
UpdateRouteReq,43317
UpdateRouteReq,44398
UpdateRouteReq,35191
UpdateRouteReq,41536
UpdateRouteReq,42380
PathTeardownReq,85532
UpdateRouteReq,44571
Error,38310
UpdateRouteReq,44235
UpdateRouteReq,41734
UpdateRouteReq,39034
UpdateRouteReq,54143
UpdateRouteReq,145749
UpdateRouteReq,138233
PathSetupReq,138565
UpdateRouteReq,144241
UpdateRouteReq,150517
UpdateRouteReq,40359
UpdateRouteReq,46055
UpdateRouteReq,60735
UpdateRouteReq,58075
UpdateRouteReq,47695
UpdateRouteReq,39919
UpdateRouteReq,121619
UpdateRouteReq,197106
UpdateRouteReq,122905
PathTeardownReq,115216
PathSetupReq,115404
PathTeardownReq,116967
PathTeardownReq,41740
PathTeardownReq,59552
UpdateRouteReq,58319
UpdateRouteReq,47209
UpdateRouteReq,35930
UpdateRouteReq,123147
UpdateRouteReq,150169
QueryRouteReq,202570
UpdateRouteReq,50519
UpdateRouteReq,36606
UpdateRouteReq,43863
UpdateRouteReq,35446
PathSetupReq,237395
UpdateRouteReq,243376
UpdateRouteReq,111336
PathSetupReq,102068
UpdateRouteReq,106970
UpdateRouteReq,119790
UpdateRouteReq,181936
PathTeardownReq,83289
UpdateRouteReq,95102
UpdateRouteReq,55664
PathSetupReq,40563
UpdateRouteReq,81891
UpdateRouteReq,79098
PathTeardownReq,42167
FindNodeRsp,113744
UpdateRouteReq,63462
UpdateRouteReq,62268
UpdateRouteReq,59735
PathTeardownReq,53424
UpdateRouteReq,47983
UpdateRouteReq,60806
UpdateRouteReq,60435
UpdateRouteReq,106706
UpdateRouteReq,136195
UpdateRouteReq,227662
PathSetupReq,89696
PathTeardownReq,93904
PathSetupReq,35599
PathTeardownReq,62291
PathTeardownReq,183196
UpdateRouteReq,50923
UpdateRouteReq,46692
UpdateRouteReq,36772
QueryRouteReq,69821
UpdateRouteReq,153892
UpdateRouteReq,43471
UpdateRouteReq,36054
UpdateRouteReq,75510
QueryRouteReq,81853
UpdateRouteReq,48282
UpdateRouteReq,37008
UpdateRouteReq,62079
UpdateRouteReq,85558
UpdateRouteReq,121983
PathSetupReq,62587
UpdateRouteReq,68666
PathTeardownReq,86409
PathSetupReq,83885
PathSetupReq,61157
PathTeardownReq,47115
FindNodeReq,132640
PathTeardownReq,132809
UpdateRouteReq,48509
UpdateRouteReq,37170
UpdateRouteReq,35230
UpdateRouteReq,70647
UpdateRouteReq,86998
PathSetupReq,33240
UpdateRouteReq,127492
FindNodeReq,118369
UpdateRouteReq,56367
UpdateRouteReq,38527
PathTeardownReq,106390
UpdateRouteReq,239729
FindNodeReq,332339
UpdateRouteReq,38444
UpdateRouteReq,38137
UpdateRouteReq,82002
UpdateRouteReq,96543
PathSetupReq,149821
PathTeardownReq,34427
UpdateRouteReq,82671
UpdateRouteReq,86182
UpdateRouteReq,81869
PathSetupReq,79429
UpdateRouteReq,86797
UpdateRouteReq,79653
UpdateRouteReq,86286
PathTeardownReq,90289
PathSetupReq,234399
PathTeardownReq,237465
UpdateRouteReq,295364
UpdateRouteReq,82637
UpdateRouteReq,83663
UpdateRouteReq,37159
FindNodeReq,88244
UpdateRouteReq,39362
UpdateRouteReq,36991
UpdateRouteReq,36085
UpdateRouteReq,87967
UpdateRouteReq,86093
UpdateRouteReq,61007
UpdateRouteReq,45311
UpdateRouteReq,61657
UpdateRouteReq,41603
UpdateRouteReq,77429
FindNodeReq,81074
FindNodeReq,73266
UpdateRouteReq,55734
UpdateRouteReq,49730
FindNodeReq,88304
FindNodeReq,132004
FindNodeReq,220007
FindNodeReq,292933
FindNodeReq,71162
UpdateRouteReq,41404
PathSetupReq,139184
UpdateRouteReq,62539
UpdateRouteReq,117982
UpdateRouteReq,42695
UpdateRouteReq,43518
PathTeardownReq,54459
UpdateRouteReq,58779
UpdateRouteReq,42651
UpdateRouteReq,78438
UpdateRouteReq,112193
PathSetupReq,97726
FindNodeReq,142275
UpdateRouteReq,125265
UpdateRouteReq,223371
PathTeardownReq,54910
UpdateRouteReq,57333
UpdateRouteReq,76683
UpdateRouteReq,111914
UpdateRouteReq,86751
PathSetupReq,94758
UpdateRouteReq,104450
FindNodeReq,176522
UpdateRouteReq,184198
UpdateRouteReq,218977
UpdateRouteReq,135203
UpdateRouteReq,188909
UpdateRouteReq,102043
FindNodeRsp,106004
FindNodeReq,161193
UpdateRouteReq,73746
PathSetupReq,69384
UpdateRouteReq,115081
FindNodeRsp,89931
FindNodeReq,163421
FindNodeReq,144735
FindNodeReq,90127
FindNodeReq,74538
FindNodeReq,72399
UpdateRouteReq,39955
Error,83133
UpdateRouteReq,146770
Error,84098
UpdateRouteReq,47568
Error,91989
UpdateRouteReq,46104
Error,90302
Error,86389
Error,48163
Error,94852
Error,79491
UpdateRouteReq,48167
UpdateRouteReq,48081
UpdateRouteReq,37719
Error,82277
PathTeardownReq,36499
UpdateRouteReq,38280
UpdateRouteReq,40587
PathSetupReq,34756
UpdateRouteReq,46943
UpdateRouteReq,47508
UpdateRouteReq,45450
UpdateRouteReq,37627
UpdateRouteReq,45013
PathTeardownReq,79533
UpdateRouteReq,78178
UpdateRouteReq,58607
PathTeardownReq,33727
Error,98781
UpdateRouteReq,64383
UpdateRouteReq,55551
UpdateRouteReq,48626
UpdateRouteReq,45797
FindNodeReq,125880
FindNodeReq,178044
FindNodeReq,221773
FindNodeReq,159191
FindNodeReq,197354
UpdateRouteReq,78518
UpdateRouteReq,59174
UpdateRouteReq,47844
UpdateRouteReq,39476
Error,77738
UpdateRouteReq,47880
UpdateRouteReq,48563
UpdateRouteReq,37904
UpdateRouteReq,159043
UpdateRouteReq,70415
PathSetupReq,37685
UpdateRouteReq,43564
UpdateRouteReq,76622
UpdateRouteReq,66442
UpdateRouteReq,42081
UpdateRouteReq,76588
UpdateRouteReq,130178
UpdateRouteReq,112956
PathSetupReq,104192
PathTeardownReq,36148
UpdateRouteReq,101561
UpdateRouteReq,88195
UpdateRouteReq,54410
PathSetupReq,107982
PathTeardownReq,202227
PathTeardownReq,40586
UpdateRouteReq,89701
UpdateRouteReq,82639
UpdateRouteReq,72506
UpdateRouteReq,44703
UpdateRouteReq,36791
PathTeardownReq,183936
UpdateRouteReq,92990
UpdateRouteReq,124561
QueryRouteReq,67549
UpdateRouteReq,77613
UpdateRouteReq,51255
UpdateRouteReq,38752
UpdateRouteReq,267335
UpdateRouteReq,270826
UpdateRouteReq,301771
PathSetupReq,80171
UpdateRouteReq,79800
UpdateRouteReq,92623
UpdateRouteReq,97296
UpdateRouteReq,103413
UpdateRouteReq,143278
UpdateRouteReq,92736
UpdateRouteReq,91314
UpdateRouteReq,63765
UpdateRouteReq,66411
UpdateRouteReq,41661
PathSetupReq,33812
FindNodeReq,155141
PathTeardownReq,99199
UpdateRouteReq,99014
UpdateRouteReq,101293
UpdateRouteReq,93564
UpdateRouteReq,40381
UpdateRouteReq,43339
UpdateRouteReq,37723
UpdateRouteReq,70867
UpdateRouteReq,60107
PathTeardownReq,35903
UpdateRouteReq,71949
UpdateRouteReq,215964
UpdateRouteReq,247642
QueryRouteReq,164944
UpdateRouteReq,235651
UpdateRouteReq,82277
UpdateRouteReq,74342
UpdateRouteReq,100352
UpdateRouteReq,38135
UpdateRouteReq,283924
UpdateRouteReq,165130
UpdateRouteReq,195237
PathTeardownReq,267010
UpdateRouteReq,174311
UpdateRouteReq,251102
UpdateRouteReq,253134
UpdateRouteReq,202615
UpdateRouteReq,252131
UpdateRouteReq,278970
FindNodeReq,214099
FindNodeReq,252049
UpdateRouteReq,106306
QueryRouteReq,133429
UpdateRouteReq,86020
UpdateRouteReq,57506
UpdateRouteReq,39834
PathSetupReq,34139
PathTeardownReq,33572
PathSetupReq,31839
PathTeardownReq,47259
UpdateRouteReq,52086
FindNodeReq,107994
FindNodeReq,80377
FindNodeReq,78791
UpdateRouteReq,87193
UpdateRouteReq,113305
UpdateRouteReq,141844
FindNodeReq,301025
FindNodeReq,73258
UpdateRouteReq,97716
UpdateRouteReq,131290
PathSetupReq,94694
UpdateRouteReq,42454
UpdateRouteReq,40951
UpdateRouteReq,101705
UpdateRouteReq,55718
QueryRouteReq,90853
UpdateRouteReq,42921
UpdateRouteReq,84670
UpdateRouteReq,116274
UpdateRouteReq,145243
UpdateRouteReq,91266
FindNodeReq,160916
FindNodeReq,161988
FindNodeRsp,100560
UpdateRouteReq,69039
PathSetupReq,66051
FindNodeReq,156062
FindNodeReq,165228
FindNodeReq,158336
UpdateRouteReq,112049
FindNodeReq,142173
FindNodeReq,89262
FindNodeReq,117061
FindNodeReq,74878
UpdateRouteReq,38259
FindNodeReq,144989
UpdateRouteReq,47852
FindNodeReq,90030
FindNodeReq,75383
FindNodeReq,72067
UpdateRouteReq,40403
Error,83382
UpdateRouteReq,120357
Error,85960
UpdateRouteReq,46839
Error,85012
UpdateRouteReq,47058
Error,88990
Error,87370
Error,48235
Error,80271
Error,107182
Error,101197
FindNodeRsp,83630
Error,82962
Error,47957
FindNodeReq,161689
UpdateRouteReq,52452
UpdateRouteReq,99521
UpdateRouteReq,73786
UpdateRouteReq,46299
PathTeardownReq,60969
UpdateRouteReq,51037
PathTeardownReq,62317
PathTeardownReq,37467
FindNodeReq,168219
UpdateRouteReq,72547
UpdateRouteReq,112149
QueryRouteReq,194243
UpdateRouteReq,200056
QueryRouteReq,217182
UpdateRouteReq,242883
UpdateRouteReq,90450
UpdateRouteReq,43465
PathSetupReq,33252
UpdateRouteReq,70550
UpdateRouteReq,169929
UpdateRouteReq,71649
PathTeardownReq,69479
FindNodeRsp,108297
FindNodeReq,141801
FindNodeReq,88838
FindNodeReq,73567
FindNodeReq,74608
UpdateRouteReq,38963
UpdateRouteReq,160175
UpdateRouteReq,94696
QueryRouteReq,68466
UpdateRouteReq,236791
UpdateRouteReq,43475
UpdateRouteReq,380012
UpdateRouteReq,428784
FindNodeReq,458867
UpdateRouteReq,600756
Error,665473
Error,736665
UpdateRouteReq,747458
Error,787774
Error,852445
UpdateRouteReq,858889
UpdateRouteReq,888303
FindNodeReq,1029242
FindNodeReq,1100975
FindNodeReq,1355473
Error,473982
Error,512665
UpdateRouteReq,577958
UpdateRouteReq,584379
PathSetupReq,625907
UpdateRouteReq,663234
UpdateRouteReq,708140
UpdateRouteReq,284622
UpdateRouteReq,372222
UpdateRouteReq,395059
FindNodeRsp,104660
UpdateRouteReq,137977
UpdateRouteReq,46445
UpdateRouteReq,41312
UpdateRouteReq,41065
UpdateRouteReq,39632
FindNodeRsp,89132
FindNodeRsp,104780
UpdateRouteReq,188148
FindNodeReq,397175
FindNodeReq,472102
FindNodeReq,634312
FindNodeReq,704112
FindNodeRsp,306332
UpdateRouteReq,334058
UpdateRouteReq,380943
UpdateRouteReq,408909
UpdateRouteReq,435851
FindNodeRsp,136143
UpdateRouteReq,212877
FindNodeReq,234793
FindNodeReq,319663
FindNodeReq,638990
FindNodeReq,720792
UpdateRouteReq,737500
UpdateRouteReq,744107
QueryRouteReq,761582
UpdateRouteReq,780367
UpdateRouteReq,791689
UpdateRouteReq,820091
UpdateRouteReq,92218
FindNodeReq,99938
FindNodeReq,159841
UpdateRouteReq,92650
FindNodeReq,148091
FindNodeReq,150273
FindNodeReq,146665
FindNodeReq,226808
UpdateRouteReq,85287
UpdateRouteReq,152231
FindNodeReq,157097
FindNodeReq,189696
FindNodeReq,262426
UpdateRouteReq,80778
UpdateRouteReq,48650
UpdateRouteReq,42553
QueryRouteReq,78402
FindNodeRsp,130627
UpdateRouteReq,111569
UpdateRouteReq,123225
FindNodeReq,147818
FindNodeReq,147137
FindNodeReq,148638
FindNodeReq,146903
UpdateRouteReq,69158
Error,85179
UpdateRouteReq,123897
Error,87731
UpdateRouteReq,46783
Error,174029
UpdateRouteReq,51554
Error,138993
FindNodeReq,180476
Error,95876
Error,51237
FindNodeReq,139225
FindNodeReq,85292
FindNodeReq,71779
FindNodeReq,72611
FindNodeReq,71754
Error,93084
FindNodeReq,128814
FindNodeReq,88326
UpdateRouteReq,44674
UpdateRouteReq,38537
FindNodeReq,91722
UpdateRouteReq,40407
UpdateRouteReq,48151
Error,107319
FindNodeReq,134868
UpdateRouteReq,47135
FindNodeReq,78606
FindNodeReq,67859
FindNodeReq,80122
UpdateRouteReq,40920
UpdateRouteReq,51959
FindNodeReq,91116
UpdateRouteReq,58499
UpdateRouteReq,59069
FindNodeReq,67071
UpdateRouteReq,71686
Error,106210
UpdateRouteReq,110802
UpdateRouteReq,84333
FindNodeReq,120093
UpdateRouteReq,126050
UpdateRouteReq,130589
FindNodeReq,117890
UpdateRouteReq,119170
UpdateRouteReq,122451
FindNodeReq,157789
UpdateRouteReq,84742
UpdateRouteReq,84472
UpdateRouteReq,88925
FindNodeReq,124876
UpdateRouteReq,55679
UpdateRouteReq,57068
UpdateRouteReq,53665
UpdateRouteReq,56081
UpdateRouteReq,50606
FindNodeReq,84953
UpdateRouteReq,83938
UpdateRouteReq,84748
FindNodeReq,120823
UpdateRouteReq,127051
UpdateRouteReq,52291
FindNodeReq,83674
PathTeardownReq,41246
Error,103065
UpdateRouteReq,71220
FindNodeReq,146412
FindNodeReq,82918
FindNodeReq,76134
FindNodeReq,62519
FindNodeReq,67060
FindNodeReq,61847
FindNodeReq,66055
FindNodeReq,63770
UpdateRouteReq,43923
UpdateRouteReq,38259
FindNodeReq,83785
UpdateRouteReq,47799
QueryRouteReq,117986
UpdateRouteReq,52503
Error,77703
FindNodeReq,140915
FindNodeReq,78958
FindNodeReq,81866
FindNodeReq,63527
FindNodeReq,75140
FindNodeReq,74428
FindNodeReq,62058
UpdateRouteReq,42480
UpdateRouteReq,38391
FindNodeReq,69586
UpdateRouteReq,71812
UpdateRouteReq,71725
FindNodeReq,109537
UpdateRouteReq,70258
UpdateRouteReq,70074
UpdateRouteReq,73691
FindNodeReq,82178
UpdateRouteReq,84936
UpdateRouteReq,56102
FindNodeReq,87191
UpdateRouteReq,68346
UpdateRouteReq,68547
FindNodeReq,103994
UpdateRouteReq,54351
UpdateRouteReq,54734
UpdateRouteReq,91810
PathSetupReq,81217
UpdateRouteReq,72662
UpdateRouteReq,78578
UpdateRouteReq,92529
PathTeardownReq,68778
UpdateRouteReq,168050
UpdateRouteReq,269941
UpdateRouteReq,275626
QueryRouteReq,139769
UpdateRouteReq,226073
UpdateRouteReq,330171
QueryRouteReq,104246
UpdateRouteReq,84738
UpdateRouteReq,114762
UpdateRouteReq,45592
PathSetupReq,32833
UpdateRouteReq,42078
UpdateRouteReq,62681
UpdateRouteReq,44603
UpdateRouteReq,42551
UpdateRouteReq,40119
FindNodeRsp,99634
UpdateRouteReq,43874
UpdateRouteReq,41968
UpdateRouteReq,44126
PathTeardownReq,36008
QueryRouteReq,67673
UpdateRouteReq,71218
PathSetupReq,37419
UpdateRouteReq,167788
UpdateRouteReq,73175
UpdateRouteReq,54851
PathTeardownReq,61199
FindNodeRsp,96226
UpdateRouteReq,46287
UpdateRouteReq,41737
QueryRouteReq,154046
UpdateRouteReq,122077
UpdateRouteReq,71126
PathSetupReq,35810
UpdateRouteReq,52885
UpdateRouteReq,51883
UpdateRouteReq,43035
UpdateRouteReq,145824
UpdateRouteReq,43053
QueryRouteReq,75083
UpdateRouteReq,71707
UpdateRouteReq,47696
UpdateRouteReq,70438
UpdateRouteReq,45853
UpdateRouteReq,44297
PathTeardownReq,35641
UpdateRouteReq,67026
UpdateRouteReq,41135
UpdateRouteReq,39372
UpdateRouteReq,41871
FindNodeRsp,124589
UpdateRouteReq,46272
UpdateRouteReq,42052
QueryRouteReq,69171
UpdateRouteReq,204134
UpdateRouteReq,231411
PathSetupReq,96290
UpdateRouteReq,53157
FindNodeRsp,113926
FindNodeRsp,95494
UpdateRouteReq,97930
UpdateRouteReq,48883
UpdateRouteReq,40376
UpdateRouteReq,37587
UpdateRouteReq,41146
UpdateRouteReq,42559
UpdateRouteReq,70192
UpdateRouteReq,43614
UpdateRouteReq,39772
UpdateRouteReq,42671
QueryRouteReq,136533
QueryRouteReq,77389
UpdateRouteReq,199819
UpdateRouteReq,57297
FindNodeRsp,71899
FindNodeRsp,100632
UpdateRouteReq,82038
FindNodeReq,164143
UpdateRouteReq,51838
PathTeardownReq,81028
FindNodeReq,155107
FindNodeReq,121593
UpdateRouteReq,63555
QueryRouteReq,145264
FindNodeRsp,94724
QueryRouteReq,84573
UpdateRouteReq,114478
UpdateRouteReq,156771
UpdateRouteReq,48791
UpdateRouteReq,47140
PathSetupReq,32696
UpdateRouteReq,61971
UpdateRouteReq,50971
FindNodeRsp,96838
UpdateRouteReq,97492
UpdateRouteReq,48739
UpdateRouteReq,40251
UpdateRouteReq,38299
UpdateRouteReq,69745
UpdateRouteReq,89423
UpdateRouteReq,83062
FindNodeReq,130645
UpdateRouteReq,46399
UpdateRouteReq,39239
FindNodeReq,116976
UpdateRouteReq,40261
UpdateRouteReq,37603
UpdateRouteReq,41845
FindNodeReq,78564
UpdateRouteReq,39470
UpdateRouteReq,37245
FindNodeReq,67989
UpdateRouteReq,38245
UpdateRouteReq,42153
UpdateRouteReq,38376
PathTeardownReq,44533
QueryRouteReq,83918
QueryRouteReq,67270
UpdateRouteReq,40523
UpdateRouteReq,157029
UpdateRouteReq,49259
UpdateRouteReq,40831
PathSetupReq,35312
UpdateRouteReq,70357
UpdateRouteReq,45224
FindNodeRsp,136621
UpdateRouteReq,88270
UpdateRouteReq,336620
UpdateRouteReq,293442
UpdateRouteReq,380810
QueryRouteReq,131662
QueryRouteReq,84622
UpdateRouteReq,50311
PathSetupReq,33205
UpdateRouteReq,42723
UpdateRouteReq,47032
UpdateRouteReq,44366
FindNodeRsp,100069
FindNodeRsp,110530
FindNodeReq,162282
UpdateRouteReq,63362
UpdateRouteReq,168528
PathTeardownReq,164479
UpdateRouteReq,95130
QueryRouteReq,71268
QueryRouteReq,67579
UpdateRouteReq,49223
PathSetupReq,40062
UpdateRouteReq,47134
FindNodeRsp,102369
FindNodeRsp,112054
FindNodeRsp,104013
UpdateRouteReq,64348
UpdateRouteReq,51811
UpdateRouteReq,77242
QueryRouteReq,137265
QueryRouteReq,76378
UpdateRouteReq,98320
UpdateRouteReq,70427
FindNodeRsp,74695
UpdateRouteReq,162251
QueryRouteReq,182608
FindNodeRsp,79457
UpdateRouteReq,104688
UpdateRouteReq,62231
UpdateRouteReq,64967
UpdateRouteReq,77295
UpdateRouteReq,64827
UpdateRouteReq,67079
UpdateRouteReq,39885
UpdateRouteReq,158915
UpdateRouteReq,38630
UpdateRouteReq,66436
PathSetupReq,40984
UpdateRouteReq,44839
UpdateRouteReq,42267
UpdateRouteReq,40889
UpdateRouteReq,74296
UpdateRouteReq,49721
UpdateRouteReq,46211
UpdateRouteReq,42503
QueryRouteReq,93735
FindNodeReq,83436
UpdateRouteReq,41579
UpdateRouteReq,173055
PathTeardownReq,162845
FindNodeRsp,100398
UpdateRouteReq,218991
UpdateRouteReq,220546
FindNodeReq,254289
UpdateRouteReq,260202
UpdateRouteReq,264611
FindNodeReq,293248
UpdateRouteReq,300857
UpdateRouteReq,290042
UpdateRouteReq,281622
UpdateRouteReq,209247
FindNodeReq,237307
UpdateRouteReq,243382
UpdateRouteReq,231599
FindNodeReq,260132
UpdateRouteReq,266373
UpdateRouteReq,273360
FindNodeReq,301105
FindNodeReq,74100
FindNodeReq,63084
FindNodeReq,61847
FindNodeReq,61611
QueryRouteReq,77101
FindNodeReq,76449
FindNodeReq,99807
QueryRouteReq,71029
UpdateRouteReq,41707
UpdateRouteReq,36800
UpdateRouteReq,36439
FindNodeReq,133748
UpdateRouteReq,57314
PathSetupReq,39334
UpdateRouteReq,254494
FindNodeReq,174362
FindNodeReq,323281
UpdateRouteReq,41907
UpdateRouteReq,70480
UpdateRouteReq,39360
UpdateRouteReq,36911
UpdateRouteReq,164231
UpdateRouteReq,170024
UpdateRouteReq,249147
UpdateRouteReq,116592
FindNodeReq,142489
FindNodeReq,98367
FindNodeReq,176240
UpdateRouteReq,170392
FindNodeRsp,109042
FindNodeReq,151768
UpdateRouteReq,165647
UpdateRouteReq,49205
QueryRouteReq,147926
UpdateRouteReq,73271
UpdateRouteReq,73248
FindNodeRsp,97371
UpdateRouteReq,97991
UpdateRouteReq,47267
UpdateRouteReq,65686
UpdateRouteReq,46319
UpdateRouteReq,39454
UpdateRouteReq,38664
UpdateRouteReq,47577
PathTeardownReq,38478
FindNodeReq,79324
UpdateRouteReq,41049
UpdateRouteReq,37406
FindNodeReq,69906
UpdateRouteReq,39165
UpdateRouteReq,36839
FindNodeReq,67191
UpdateRouteReq,39755
UpdateRouteReq,38360
QueryRouteReq,73019
FindNodeReq,68372
FindNodeReq,99891
UpdateRouteReq,48411
UpdateRouteReq,44224
QueryRouteReq,66780
UpdateRouteReq,41621
UpdateRouteReq,59843
PathSetupReq,32934
FindNodeRsp,95394
UpdateRouteReq,81099
UpdateRouteReq,48342
UpdateRouteReq,41700
UpdateRouteReq,38121
UpdateRouteReq,65320
QueryRouteReq,113977
UpdateRouteReq,39368
UpdateRouteReq,41977
FindNodeReq,135457
UpdateRouteReq,45354
PathTeardownReq,53395
QueryRouteReq,123685
UpdateRouteReq,45778
QueryRouteReq,74539
UpdateRouteReq,50006
UpdateRouteReq,46857
PathSetupReq,33182
UpdateRouteReq,73274
FindNodeRsp,150893
UpdateRouteReq,46448
FindNodeReq,161905
UpdateRouteReq,167105
UpdateRouteReq,44375
PathTeardownReq,82308
PNDiscReq,129990
FindNodeReq,159014
FindNodeRsp,102996
FindNodeRsp,72251
UpdateRouteReq,66378
PathSetupReq,61867
FindNodeRsp,104938
UpdateRouteReq,165804
UpdateRouteReq,148764
UpdateRouteReq,181930
UpdateRouteReq,135797
UpdateRouteReq,114460
UpdateRouteReq,115973
UpdateRouteReq,57658
UpdateRouteReq,59222
UpdateRouteReq,80056
UpdateRouteReq,81062
UpdateRouteReq,50268
UpdateRouteReq,70219
UpdateRouteReq,69825
FindNodeRsp,86715
QueryRouteReq,105618
QueryRouteReq,79202
UpdateRouteReq,252487
UpdateRouteReq,57737
UpdateRouteReq,87626
UpdateRouteReq,72354
UpdateRouteReq,172488
UpdateRouteReq,52027
UpdateRouteReq,46292
PathTeardownReq,81486
FindNodeReq,151817
UpdateRouteReq,63566
UpdateRouteReq,62479
FindNodeRsp,118621
UpdateRouteReq,96210
QueryRouteReq,138677
QueryRouteReq,72682
UpdateRouteReq,46252
UpdateRouteReq,45508
UpdateRouteReq,48075
PathSetupReq,34065
PathTeardownReq,68023
FindNodeRsp,112618
UpdateRouteReq,78234
UpdateRouteReq,81762
QueryRouteReq,119306
UpdateRouteReq,126047
UpdateRouteReq,48326
PathSetupReq,34369
UpdateRouteReq,81546
FindNodeRsp,111349
FindNodeReq,155540
UpdateRouteReq,51917
UpdateRouteReq,43821
QueryRouteReq,134319
FindNodeRsp,77226
UpdateRouteReq,61734
UpdateRouteReq,56544
UpdateRouteReq,59439
UpdateRouteReq,38212
UpdateRouteReq,42376
UpdateRouteReq,38818
UpdateRouteReq,39736
UpdateRouteReq,62455
QueryRouteReq,143455
UpdateRouteReq,56124
UpdateRouteReq,80167
UpdateRouteReq,39613
PathTeardownReq,59178
UpdateRouteReq,44663
PathSetupReq,33557
UpdateRouteReq,42792
UpdateRouteReq,41343
UpdateRouteReq,37751
UpdateRouteReq,58028
FindNodeReq,88880
UpdateRouteReq,39410
UpdateRouteReq,165964
UpdateRouteReq,104866
UpdateRouteReq,133768
UpdateRouteReq,161963
UpdateRouteReq,60391
UpdateRouteReq,77098
UpdateRouteReq,56518
FindNodeRsp,86958
FindNodeRsp,158820
UpdateRouteReq,67395
QueryRouteReq,98949
UpdateRouteReq,69694
QueryRouteReq,119366
UpdateRouteReq,70091
FindNodeRsp,75637
PathTeardownReq,61752
QueryRouteReq,144367
FindNodeRsp,83678
UpdateRouteReq,46977
PathSetupReq,34515
UpdateRouteReq,44755
UpdateRouteReq,45321
UpdateRouteReq,169114
UpdateRouteReq,45699
UpdateRouteReq,43512
UpdateRouteReq,44170
PathTeardownReq,81834
FindNodeRsp,94792
UpdateRouteReq,98496
UpdateRouteReq,83370
UpdateRouteReq,123718
UpdateRouteReq,113827
UpdateRouteReq,69253
UpdateRouteReq,42176
UpdateRouteReq,39315
UpdateRouteReq,85502
PathSetupReq,80702
UpdateRouteReq,42905
FindNodeRsp,84982
UpdateRouteReq,42655
FindNodeReq,140951
UpdateRouteReq,96689
UpdateRouteReq,95429
FindNodeReq,141741
UpdateRouteReq,146713
UpdateRouteReq,103434
FindNodeReq,140731
UpdateRouteReq,147370
UpdateRouteReq,149705
FindNodeReq,186596
UpdateRouteReq,39525
FindNodeReq,117976
UpdateRouteReq,200422
UpdateRouteReq,179345
UpdateRouteReq,71661
UpdateRouteReq,45412
UpdateRouteReq,42123
QueryRouteReq,80721
QueryRouteReq,89130
UpdateRouteReq,43308
UpdateRouteReq,46842
UpdateRouteReq,61679
UpdateRouteReq,41177
PathTeardownReq,78909
UpdateRouteReq,179236
QueryRouteReq,228767
UpdateRouteReq,73445
QueryRouteReq,153538
UpdateRouteReq,63335
FindNodeRsp,94524
QueryRouteReq,96514
FindNodeRsp,72319
UpdateRouteReq,136681
UpdateRouteReq,142559
QueryRouteReq,68059
UpdateRouteReq,39570
UpdateRouteReq,67632
PathSetupReq,34636
UpdateRouteReq,47267
UpdateRouteReq,44355
UpdateRouteReq,42888
PathTeardownReq,162631
QueryRouteReq,135107
FindNodeRsp,79913
UpdateRouteReq,123514
UpdateRouteReq,39217
UpdateRouteReq,58135
UpdateRouteReq,39474
UpdateRouteReq,38952
UpdateRouteReq,41665
UpdateRouteReq,38125
UpdateRouteReq,39568
UpdateRouteReq,63567
PathSetupReq,41711
QueryRouteReq,145239
UpdateRouteReq,67903
UpdateRouteReq,59381
UpdateRouteReq,39523
PathTeardownReq,62167
PNHello,125393
PNDiscRsp,59491
QueryRouteReq,177374
QueryRouteReq,72866
FindNodeRsp,72874
UpdateRouteReq,59432
UpdateRouteReq,44709
UpdateRouteReq,41355
UpdateRouteReq,46494
UpdateRouteReq,236507
UpdateRouteReq,241134
UpdateRouteReq,286446
UpdateRouteReq,40536
UpdateRouteReq,39763
UpdateRouteReq,40429
UpdateRouteReq,39768
UpdateRouteReq,116385
PathSetupReq,107936
UpdateRouteReq,113044
UpdateRouteReq,170546
FindNodeReq,149766
FindNodeReq,160756
QueryRouteReq,169565
UpdateRouteReq,116594
UpdateRouteReq,41755
QueryRouteReq,73198
UpdateRouteReq,42971
UpdateRouteReq,39652
UpdateRouteReq,71138
PathTeardownReq,162089
UpdateRouteReq,68484
QueryRouteReq,127397
UpdateRouteReq,46895
UpdateRouteReq,89103
PathSetupReq,79158
FindNodeRsp,116519
PathTeardownReq,61988
FindNodeRsp,135272
UpdateRouteReq,145824
UpdateRouteReq,93256
QueryRouteReq,114378
UpdateRouteReq,94823
UpdateRouteReq,125452
UpdateRouteReq,49693
PathSetupReq,33803
UpdateRouteReq,73711
QueryRouteReq,134025
FindNodeRsp,78027
UpdateRouteReq,126009
UpdateRouteReq,38683
UpdateRouteReq,92650
UpdateRouteReq,88378
UpdateRouteReq,80633
UpdateRouteReq,110801
UpdateRouteReq,40535
UpdateRouteReq,86943
UpdateRouteReq,85531
PathTeardownReq,83467
QueryRouteReq,92609
QueryRouteReq,70963
UpdateRouteReq,40712
UpdateRouteReq,110034
PathSetupReq,100406
UpdateRouteReq,107068
FindNodeRsp,144889
UpdateRouteReq,46053
FindNodeRsp,100734
FindNodeReq,154573
UpdateRouteReq,72241
UpdateRouteReq,98693
UpdateRouteReq,70631
UpdateRouteReq,45783
QueryRouteReq,116321
FindNodeRsp,87110
UpdateRouteReq,63301
UpdateRouteReq,110439
UpdateRouteReq,130410
UpdateRouteReq,40645
FindNodeRsp,124792
UpdateRouteReq,84100
UpdateRouteReq,82166
UpdateRouteReq,92493
UpdateRouteReq,90618
UpdateRouteReq,86447
QueryRouteReq,144140
UpdateRouteReq,41914
UpdateRouteReq,41078
UpdateRouteReq,41567
UpdateRouteReq,42664
PathTeardownReq,195235
FindNodeRsp,99009
FindNodeRsp,149439
QueryRouteReq,226639
UpdateRouteReq,41867
UpdateRouteReq,40885
QueryRouteReq,79038
UpdateRouteReq,90230
UpdateRouteReq,117570
UpdateRouteReq,48656
PathSetupReq,33040
UpdateRouteReq,41495
UpdateRouteReq,72995
FindNodeRsp,112833
FindNodeReq,154197
FindNodeRsp,89887
UpdateRouteReq,435536
UpdateRouteReq,422402
UpdateRouteReq,120026
UpdateRouteReq,108700
UpdateRouteReq,67579
UpdateRouteReq,43377
UpdateRouteReq,90278
UpdateRouteReq,82178
UpdateRouteReq,38656
PathTeardownReq,45607
UpdateRouteReq,40254
UpdateRouteReq,43379
FindNodeReq,163369
UpdateRouteReq,155556
UpdateRouteReq,104557
FindNodeReq,147222
UpdateRouteReq,149597
UpdateRouteReq,153286
FindNodeReq,185732
UpdateRouteReq,102363
UpdateRouteReq,100446
FindNodeReq,139013
UpdateRouteReq,143719
UpdateRouteReq,149341
UpdateRouteReq,96032
FindNodeReq,128337
UpdateRouteReq,133892
UpdateRouteReq,137571
FindNodeReq,168045
QueryRouteReq,78259
UpdateRouteReq,77189
UpdateRouteReq,38367
UpdateRouteReq,42499
UpdateRouteReq,38688
QueryRouteReq,77679
UpdateRouteReq,67962
PathSetupReq,62918
FindNodeReq,99898
UpdateRouteReq,67971
UpdateRouteReq,91410
PathTeardownReq,52641
QueryRouteReq,119569
FindNodeRsp,75923
UpdateRouteReq,85260
QueryRouteReq,68300
UpdateRouteReq,40739
UpdateRouteReq,39517
UpdateRouteReq,41506
UpdateRouteReq,39792
UpdateRouteReq,43748
PathSetupReq,36637
FindNodeReq,154065
UpdateRouteReq,72086
UpdateRouteReq,99698
PathTeardownReq,62571
FindNodeRsp,85449
UpdateRouteReq,78647
UpdateRouteReq,89985
UpdateRouteReq,41632
UpdateRouteReq,38388
FindNodeRsp,110847
UpdateRouteReq,105276
UpdateRouteReq,235606
FindNodeReq,265606
UpdateRouteReq,271415
UpdateRouteReq,298524
UpdateRouteReq,304662
UpdateRouteReq,309845
FindNodeReq,340649
UpdateRouteReq,346608
UpdateRouteReq,351652
FindNodeReq,378584
UpdateRouteReq,384392
UpdateRouteReq,388739
FindNodeReq,415747
FindNodeReq,142597
FindNodeReq,178740
FindNodeReq,206479
FindNodeReq,123225
FindNodeReq,132152
FindNodeReq,157369
FindNodeReq,81005
FindNodeReq,62075
UpdateRouteReq,67970
UpdateRouteReq,68879
FindNodeReq,99806
UpdateRouteReq,69091
UpdateRouteReq,68411
FindNodeReq,99252
UpdateRouteReq,38438
UpdateRouteReq,36579
UpdateRouteReq,44392
UpdateRouteReq,37559
UpdateRouteReq,35735
UpdateRouteReq,48148
UpdateRouteReq,41928
UpdateRouteReq,36591
UpdateRouteReq,95670
PathSetupReq,86158
UpdateRouteReq,65406
UpdateRouteReq,69456
UpdateRouteReq,171716
UpdateRouteReq,166632
FindNodeReq,251325
UpdateRouteReq,110012
UpdateRouteReq,108073
FindNodeReq,151174
UpdateRouteReq,155816
UpdateRouteReq,158804
FindNodeReq,87549
UpdateRouteReq,88978
UpdateRouteReq,55218
UpdateRouteReq,56368
UpdateRouteReq,38159
UpdateRouteReq,36179
FindNodeReq,68435
UpdateRouteReq,55107
UpdateRouteReq,56591
FindNodeReq,63953
UpdateRouteReq,54833
UpdateRouteReq,56878
FindNodeReq,100516
UpdateRouteReq,74999
UpdateRouteReq,75626
FindNodeReq,113641
UpdateRouteReq,41741
UpdateRouteReq,38158
QueryRouteReq,158850
FindNodeRsp,87971
QueryRouteReq,125601
UpdateRouteReq,174549
UpdateRouteReq,76054
UpdateRouteReq,41728
UpdateRouteReq,40763
FindNodeRsp,140322
FindNodeRsp,95327
FindNodeReq,154949
FindNodeRsp,96796
UpdateRouteReq,200663
UpdateRouteReq,200194
FindNodeReq,233567
UpdateRouteReq,239404
UpdateRouteReq,244350
FindNodeReq,271341
UpdateRouteReq,277306
UpdateRouteReq,293327
UpdateRouteReq,102390
UpdateRouteReq,74250
UpdateRouteReq,51491
UpdateRouteReq,39969
UpdateRouteReq,48179
UpdateRouteReq,69742
UpdateRouteReq,57633
FindNodeReq,128144
UpdateRouteReq,106654
UpdateRouteReq,106050
FindNodeReq,148538
UpdateRouteReq,152989
UpdateRouteReq,156809
FindNodeReq,99313
UpdateRouteReq,100716
UpdateRouteReq,107463
UpdateRouteReq,40160
FindNodeReq,64273
UpdateRouteReq,69288
UpdateRouteReq,70680
FindNodeReq,104365
UpdateRouteReq,66953
UpdateRouteReq,69858
FindNodeReq,103270
UpdateRouteReq,80647
UpdateRouteReq,83544
UpdateRouteReq,90771
FindNodeReq,121918
FindNodeReq,62607
FindNodeReq,62775
FindNodeReq,62308
FindNodeReq,62049
UpdateRouteReq,40508
UpdateRouteReq,72079
UpdateRouteReq,43541
PathTeardownReq,67399
QueryRouteReq,105625
UpdateRouteReq,74868
QueryRouteReq,69543
UpdateRouteReq,40083
UpdateRouteReq,39823
UpdateRouteReq,38888
UpdateRouteReq,90442
PathSetupReq,80372
UpdateRouteReq,43367
UpdateRouteReq,50799
PathTeardownReq,190828
QueryRouteReq,145042
QueryRouteReq,89671
UpdateRouteReq,41376
FindNodeRsp,68942
UpdateRouteReq,68229
UpdateRouteReq,43526
PathSetupReq,33315
UpdateRouteReq,40257
PathTeardownReq,61740
QueryRouteReq,218823
UpdateRouteReq,86511
UpdateRouteReq,76378
UpdateRouteReq,44066
UpdateRouteReq,42953
UpdateRouteReq,43499
PathSetupReq,31908
FindNodeRsp,137097
UpdateRouteReq,44354
PathTeardownReq,61498
UpdateRouteReq,83042
PathSetupReq,78539
PathTeardownReq,81056
UpdateRouteReq,87922
QueryRouteReq,161432
UpdateRouteReq,39659
UpdateRouteReq,38979
FindNodeRsp,73006
UpdateRouteReq,97341
UpdateRouteReq,315002
FindNodeReq,343337
UpdateRouteReq,349674
UpdateRouteReq,355132
FindNodeReq,382706
UpdateRouteReq,388246
FindNodeReq,498156
FindNodeReq,569005
UpdateRouteReq,99356
UpdateRouteReq,105585
UpdateRouteReq,72226
UpdateRouteReq,75259
UpdateRouteReq,57011
UpdateRouteReq,39448
UpdateRouteReq,65599
UpdateRouteReq,42603
UpdateRouteReq,95945
PathSetupReq,87358
UpdateRouteReq,95821
UpdateRouteReq,96074
FindNodeReq,134097
UpdateRouteReq,141259
UpdateRouteReq,100582
FindNodeReq,130717
UpdateRouteReq,135581
UpdateRouteReq,140557
FindNodeReq,174213
UpdateRouteReq,54258
UpdateRouteReq,56242
UpdateRouteReq,38510
UpdateRouteReq,53237
FindNodeReq,86744
UpdateRouteReq,67963
UpdateRouteReq,88018
FindNodeReq,126193
UpdateRouteReq,67857
UpdateRouteReq,70100
FindNodeReq,103714
UpdateRouteReq,82271
UpdateRouteReq,82545
UpdateRouteReq,88518
UpdateRouteReq,93965
UpdateRouteReq,82662
FindNodeReq,112591
UpdateRouteReq,120537
UpdateRouteReq,126205
FindNodeReq,109701
UpdateRouteReq,112226
UpdateRouteReq,117821
FindNodeReq,148836
QueryRouteReq,71446
UpdateRouteReq,40902
UpdateRouteReq,55279
UpdateRouteReq,39597
UpdateRouteReq,38367
UpdateRouteReq,123139
UpdateRouteReq,130184
QueryRouteReq,100729
UpdateRouteReq,104441
PathTeardownReq,39822
UpdateRouteReq,39592
UpdateRouteReq,73746
PathSetupReq,35690
UpdateRouteReq,44055
PathTeardownReq,61807
QueryRouteReq,174572
QueryRouteReq,71370
FindNodeRsp,72286
UpdateRouteReq,122983
UpdateRouteReq,123050
FindNodeReq,155977
UpdateRouteReq,159631
UpdateRouteReq,124012
FindNodeReq,164891
UpdateRouteReq,156331
UpdateRouteReq,81313
UpdateRouteReq,137088
UpdateRouteReq,163455
UpdateRouteReq,155908
UpdateRouteReq,41191
UpdateRouteReq,38528
UpdateRouteReq,54088
PathSetupReq,69294
UpdateRouteReq,46537
UpdateRouteReq,72934
QueryRouteReq,83346
UpdateRouteReq,39427
UpdateRouteReq,40779
PathTeardownReq,161861
QueryRouteReq,243871
UpdateRouteReq,276234
QueryRouteReq,97077
UpdateRouteReq,41979
FindNodeRsp,65690
UpdateRouteReq,270467
UpdateRouteReq,297884
FindNodeReq,328333
UpdateRouteReq,360192
UpdateRouteReq,390247
UpdateRouteReq,397717
FindNodeReq,426112
UpdateRouteReq,454814
UpdateRouteReq,138196
FindNodeReq,149821
FindNodeReq,163756
FindNodeReq,120739
FindNodeReq,146575
FindNodeReq,62295
FindNodeReq,58559
FindNodeReq,58234
FindNodeReq,60840
UpdateRouteReq,49815
UpdateRouteReq,83993
UpdateRouteReq,41607
UpdateRouteReq,38050
UpdateRouteReq,35924
UpdateRouteReq,39207
UpdateRouteReq,75958
UpdateRouteReq,41439
UpdateRouteReq,76842
PathSetupReq,43513
UpdateRouteReq,78338
UpdateRouteReq,82558
UpdateRouteReq,98091
UpdateRouteReq,159257
QueryRouteReq,84251
UpdateRouteReq,156765
UpdateRouteReq,111773
UpdateRouteReq,39103
UpdateRouteReq,49367
UpdateRouteReq,56247
FindNodeReq,97426
UpdateRouteReq,70298
UpdateRouteReq,70875
FindNodeReq,105518
UpdateRouteReq,38610
FindNodeRsp,75744
UpdateRouteReq,42403
UpdateRouteReq,49003
PathTeardownReq,37710
QueryRouteReq,139637
UpdateRouteReq,42486
UpdateRouteReq,44225
UpdateRouteReq,40471
QueryRouteReq,74509
UpdateRouteReq,69678
FindNodeRsp,142011
UpdateRouteReq,45198
UpdateRouteReq,88603
PathSetupReq,79422
FindNodeRsp,93396
UpdateRouteReq,201962
UpdateRouteReq,202197
FindNodeReq,235325
UpdateRouteReq,240701
UpdateRouteReq,244747
FindNodeReq,272367
UpdateRouteReq,279862
UpdateRouteReq,294684
UpdateRouteReq,119229
UpdateRouteReq,92134
UpdateRouteReq,48682
UpdateRouteReq,40474
UpdateRouteReq,47242
UpdateRouteReq,43599
UpdateRouteReq,39757
UpdateRouteReq,37299
FindNodeReq,69217
UpdateRouteReq,69585
UpdateRouteReq,71222
FindNodeReq,104772
UpdateRouteReq,69571
UpdateRouteReq,70383
FindNodeReq,104382
UpdateRouteReq,53579
UpdateRouteReq,56310
UpdateRouteReq,52523
UpdateRouteReq,55638
FindNodeReq,91602
UpdateRouteReq,95216
UpdateRouteReq,101373
FindNodeReq,108711
UpdateRouteReq,110452
UpdateRouteReq,116548
FindNodeReq,145989
UpdateRouteReq,75767
UpdateRouteReq,40663
PathTeardownReq,68246
QueryRouteReq,131337
UpdateRouteReq,69324
UpdateRouteReq,68500
UpdateRouteReq,39678
UpdateRouteReq,59027
UpdateRouteReq,42395
UpdateRouteReq,90490
PathSetupReq,80732
FindNodeRsp,119805
PathTeardownReq,115122
QueryRouteReq,87534
QueryRouteReq,73455
UpdateRouteReq,41476
UpdateRouteReq,39861
UpdateRouteReq,40917
UpdateRouteReq,84278
PathSetupReq,63299
UpdateRouteReq,42459
UpdateRouteReq,39855
UpdateRouteReq,43040
UpdateRouteReq,102558
UpdateRouteReq,95871
FindNodeReq,171427
UpdateRouteReq,91734
UpdateRouteReq,91463
FindNodeReq,135717
UpdateRouteReq,139945
UpdateRouteReq,72189
PathTeardownReq,61989
UpdateRouteReq,112624
UpdateRouteReq,152412
UpdateRouteReq,178064
QueryRouteReq,130497
QueryRouteReq,91993
UpdateRouteReq,50595
PathSetupReq,43589
UpdateRouteReq,43586
UpdateRouteReq,45457
UpdateRouteReq,42419
FindNodeRsp,91939
UpdateRouteReq,204047
UpdateRouteReq,204623
FindNodeReq,238075
UpdateRouteReq,243454
UpdateRouteReq,247640
FindNodeReq,274414
UpdateRouteReq,277660
UpdateRouteReq,310275
UpdateRouteReq,117408
UpdateRouteReq,90878
UpdateRouteReq,63725
UpdateRouteReq,70173
UpdateRouteReq,42753
UpdateRouteReq,47629
UpdateRouteReq,89268
UpdateRouteReq,81535
FindNodeReq,144089
UpdateRouteReq,146726
UpdateRouteReq,152673
FindNodeReq,122345
UpdateRouteReq,122423
UpdateRouteReq,127688
FindNodeReq,164309
UpdateRouteReq,99593
UpdateRouteReq,102087
UpdateRouteReq,108222
UpdateRouteReq,115043
FindNodeReq,150944
UpdateRouteReq,112031
UpdateRouteReq,114403
FindNodeReq,148884
UpdateRouteReq,155992
UpdateRouteReq,161922
FindNodeReq,193515
FindNodeReq,141621
QueryRouteReq,176440
QueryRouteReq,76429
UpdateRouteReq,88638
UpdateRouteReq,40014
FindNodeRsp,68354
UpdateRouteReq,191596
UpdateRouteReq,196650
FindNodeReq,225235
UpdateRouteReq,229503
UpdateRouteReq,246786
FindNodeReq,152985
FindNodeReq,62253
FindNodeRsp,40012
FindNodeReq,69513
FindNodeReq,82296
UpdateRouteReq,61679
UpdateRouteReq,59046
UpdateRouteReq,74435
UpdateRouteReq,101039
QueryRouteReq,118017
UpdateRouteReq,53927
UpdateRouteReq,38707
UpdateRouteReq,56939
UpdateRouteReq,38843
UpdateRouteReq,138783
UpdateRouteReq,187204
UpdateRouteReq,193824
UpdateRouteReq,76724
UpdateRouteReq,88480
UpdateRouteReq,83120
PathTeardownReq,81572
UpdateRouteReq,59911
QueryRouteReq,78663
UpdateRouteReq,42023
QueryRouteReq,76146
UpdateRouteReq,45248
UpdateRouteReq,42539
PathSetupReq,32346
UpdateRouteReq,45917
FindNodeRsp,133501
FindNodeReq,155279
UpdateRouteReq,166909
FindNodeRsp,125135
UpdateRouteReq,99991
FindNodeRsp,69764
QueryRouteReq,80968
UpdateRouteReq,69423
UpdateRouteReq,68098
FindNodeRsp,115289
FindNodeRsp,116076
UpdateRouteReq,109841
UpdateRouteReq,296208
FindNodeReq,324326
UpdateRouteReq,329833
UpdateRouteReq,333685
FindNodeReq,362137
UpdateRouteReq,367636
UpdateRouteReq,373222
FindNodeReq,400550
UpdateRouteReq,391367
UpdateRouteReq,396167
FindNodeReq,422739
UpdateRouteReq,428823
UpdateRouteReq,433584
FindNodeReq,445119
UpdateRouteReq,451469
FindNodeRsp,195772
UpdateRouteReq,185063
UpdateRouteReq,188732
UpdateRouteReq,194534
UpdateRouteReq,199399
FindNodeReq,234953
UpdateRouteReq,217555
UpdateRouteReq,218710
UpdateRouteReq,224570
FindNodeReq,268906
FindNodeReq,297106
FindNodeReq,325313
UpdateRouteReq,317819
FindNodeReq,329585
UpdateRouteReq,336427
UpdateRouteReq,343051
FindNodeReq,235141
UpdateRouteReq,236003
UpdateRouteReq,240719
FindNodeReq,256146
UpdateRouteReq,262882
UpdateRouteReq,268584
UpdateRouteReq,274490
FindNodeReq,302559
FindNodeReq,339985
FindNodeReq,397343
FindNodeReq,428629
FindNodeReq,139495
UpdateRouteReq,137822
UpdateRouteReq,146628
UpdateRouteReq,153537
UpdateRouteReq,40495
UpdateRouteReq,53114
UpdateRouteReq,59899
UpdateRouteReq,55899
UpdateRouteReq,45535
FindNodeReq,112712
UpdateRouteReq,114539
UpdateRouteReq,120611
FindNodeReq,150653
UpdateRouteReq,68883
UpdateRouteReq,69888
FindNodeReq,103884
UpdateRouteReq,67337
UpdateRouteReq,69938
FindNodeReq,102923
FindNodeReq,63706
UpdateRouteReq,42572
UpdateRouteReq,38121
UpdateRouteReq,37491
UpdateRouteReq,37940
UpdateRouteReq,37814
UpdateRouteReq,144481
UpdateRouteReq,128721
FindNodeReq,197796
UpdateRouteReq,211590
UpdateRouteReq,210906
FindNodeReq,253839
UpdateRouteReq,259258
UpdateRouteReq,260998
FindNodeReq,295121
UpdateRouteReq,301590
UpdateRouteReq,310600
UpdateRouteReq,151368
FindNodeReq,181560
UpdateRouteReq,191341
UpdateRouteReq,199781
FindNodeReq,236355
UpdateRouteReq,244392
UpdateRouteReq,145117
FindNodeReq,177681
UpdateRouteReq,188718
UpdateRouteReq,198394
UpdateRouteReq,208260
FindNodeReq,238049
FindNodeReq,68129
UpdateRouteReq,52695
UpdateRouteReq,49167
UpdateRouteReq,49307
UpdateRouteReq,101359
UpdateRouteReq,95936
FindNodeReq,174716
UpdateRouteReq,120838
UpdateRouteReq,121442
FindNodeReq,164461
UpdateRouteReq,169467
UpdateRouteReq,174304
FindNodeReq,207539
UpdateRouteReq,115206
UpdateRouteReq,116373
UpdateRouteReq,121218
UpdateRouteReq,125572
FindNodeReq,161456
UpdateRouteReq,166776
UpdateRouteReq,82631
FindNodeReq,112037
UpdateRouteReq,119494
UpdateRouteReq,125649
UpdateRouteReq,103238
UpdateRouteReq,135775
QueryRouteReq,168037
UpdateRouteReq,112436
UpdateRouteReq,114878
FindNodeReq,172987
UpdateRouteReq,180188
UpdateRouteReq,186623
FindNodeReq,218435
UpdateRouteReq,83974
UpdateRouteReq,86083
FindNodeReq,120705
UpdateRouteReq,127509
UpdateRouteReq,98112
UpdateRouteReq,100678
UpdateRouteReq,106554
FindNodeReq,139437
UpdateRouteReq,145797
UpdateRouteReq,51543
FindNodeReq,83246
UpdateRouteReq,169099
PathTeardownReq,36646
QueryRouteReq,91062
UpdateRouteReq,42070
UpdateRouteReq,38781
UpdateRouteReq,39141
UpdateRouteReq,44107
PathSetupReq,32383
UpdateRouteReq,192194
UpdateRouteReq,63904
FindNodeRsp,71389
PathTeardownReq,169796
QueryRouteReq,172813
FindNodeRsp,106282
UpdateRouteReq,78967
UpdateRouteReq,51750
PathSetupReq,68835
UpdateRouteReq,72343
PathTeardownReq,62804
FindNodeRsp,111616
QueryRouteReq,170452
UpdateRouteReq,110103
UpdateRouteReq,126537
UpdateRouteReq,66056
PathSetupReq,62022
UpdateRouteReq,43703
UpdateRouteReq,120363
UpdateRouteReq,99228
UpdateRouteReq,71899
FindNodeRsp,91070
FindNodeRsp,105393
FindNodeRsp,104549
UpdateRouteReq,101469
UpdateRouteReq,95674
FindNodeReq,172743
UpdateRouteReq,91140
UpdateRouteReq,90962
FindNodeReq,136472
UpdateRouteReq,141069
UpdateRouteReq,168288
UpdateRouteReq,166676
PathTeardownReq,81573
UpdateRouteReq,42192
UpdateRouteReq,37865
UpdateRouteReq,93240
QueryRouteReq,125246
UpdateRouteReq,73789
QueryRouteReq,132081
FindNodeRsp,77898
UpdateRouteReq,202457
UpdateRouteReq,203444
FindNodeReq,237498
UpdateRouteReq,243199
UpdateRouteReq,247443
FindNodeReq,276387
UpdateRouteReq,281222
UpdateRouteReq,302002
FindNodeReq,391647
FindNodeReq,448328
FindNodeReq,481242
FindNodeReq,507095
UpdateRouteReq,514397
FindNodeReq,123787
UpdateRouteReq,120996
UpdateRouteReq,127403
UpdateRouteReq,44823
UpdateRouteReq,71534
UpdateRouteReq,60434
UpdateRouteReq,60025
PathSetupReq,37835
UpdateRouteReq,60449
UpdateRouteReq,168182
UpdateRouteReq,65915
UpdateRouteReq,90785
UpdateRouteReq,83606
UpdateRouteReq,40304
UpdateRouteReq,43208
UpdateRouteReq,38563
UpdateRouteReq,102597
UpdateRouteReq,96702
FindNodeReq,172921
UpdateRouteReq,123270
UpdateRouteReq,122490
FindNodeReq,166952
UpdateRouteReq,170253
UpdateRouteReq,175021
FindNodeReq,211121
UpdateRouteReq,114682
UpdateRouteReq,116601
UpdateRouteReq,123046
UpdateRouteReq,128961
FindNodeReq,164477
UpdateRouteReq,171849
UpdateRouteReq,124236
FindNodeReq,156404
UpdateRouteReq,163458
UpdateRouteReq,169461
UpdateRouteReq,176828
UpdateRouteReq,183605
FindNodeReq,215513
UpdateRouteReq,111627
UpdateRouteReq,113389
FindNodeReq,148022
UpdateRouteReq,154973
UpdateRouteReq,160164
FindNodeReq,191054
UpdateRouteReq,65363
UpdateRouteReq,40032
FindNodeRsp,88482
QueryRouteReq,169956
UpdateRouteReq,40711
QueryRouteReq,77194
UpdateRouteReq,56546
UpdateRouteReq,43941
FindNodeRsp,132217
UpdateRouteReq,42687
FindNodeRsp,100162
FindNodeRsp,147600
FindNodeReq,158277
FindNodeRsp,94656
UpdateRouteReq,217914
UpdateRouteReq,218659
FindNodeReq,252199
UpdateRouteReq,257542
UpdateRouteReq,261374
FindNodeReq,288585
UpdateRouteReq,294474
UpdateRouteReq,308540
UpdateRouteReq,315684
UpdateRouteReq,56931
UpdateRouteReq,47979
UpdateRouteReq,39969
UpdateRouteReq,46947
UpdateRouteReq,43095
UpdateRouteReq,37301
FindNodeReq,67542
UpdateRouteReq,68598
UpdateRouteReq,70347
FindNodeReq,104069
UpdateRouteReq,68879
UpdateRouteReq,69998
FindNodeReq,102445
UpdateRouteReq,54110
UpdateRouteReq,56842
UpdateRouteReq,65475
UpdateRouteReq,68651
FindNodeReq,99310
UpdateRouteReq,82109
UpdateRouteReq,84380
FindNodeReq,117982
UpdateRouteReq,125239
UpdateRouteReq,50791
FindNodeReq,79582
UpdateRouteReq,39937
UpdateRouteReq,37446
UpdateRouteReq,65919
PathTeardownReq,167334
QueryRouteReq,121770
UpdateRouteReq,39624
QueryRouteReq,77134
UpdateRouteReq,82148
UpdateRouteReq,40105
UpdateRouteReq,39397
FindNodeReq,201250
FindNodeReq,450101
UpdateRouteReq,888512
FindNodeReq,390570
FindNodeReq,418736
Error,454419
UpdateRouteReq,147798
UpdateRouteReq,175804
UpdateRouteReq,64978
UpdateRouteReq,67872
UpdateRouteReq,42684
UpdateRouteReq,56749
UpdateRouteReq,83056
PathSetupReq,113197
UpdateRouteReq,41656
UpdateRouteReq,113152
FindNodeRsp,77272
UpdateRouteReq,60398
UpdateRouteReq,151236
UpdateRouteReq,67082
UpdateRouteReq,74362
UpdateRouteReq,118122
UpdateRouteReq,42028
UpdateRouteReq,38004
FindNodeReq,73859
UpdateRouteReq,68067
UpdateRouteReq,69889
FindNodeReq,106343
UpdateRouteReq,37606
UpdateRouteReq,92862
QueryRouteReq,116769
UpdateRouteReq,39532
UpdateRouteReq,39585
UpdateRouteReq,165860
FindNodeRsp,114792
UpdateRouteReq,108374
UpdateRouteReq,496063
FindNodeReq,524735
UpdateRouteReq,531272
FindNodeReq,65650
FindNodeReq,69267
FindNodeReq,70010
FindNodeReq,98134
UpdateRouteReq,43991
UpdateRouteReq,50626
FindNodeReq,85793
FindNodeReq,63284
QueryRouteReq,80342
UpdateRouteReq,44496
UpdateRouteReq,38013
UpdateRouteReq,38139
UpdateRouteReq,38977
PathTeardownReq,56885
FindNodeRsp,121361
UpdateRouteReq,75744
UpdateRouteReq,109930
UpdateRouteReq,90676
PathSetupReq,81556
QueryRouteReq,153375
QueryRouteReq,89642
UpdateRouteReq,102271
UpdateRouteReq,40790
FindNodeRsp,69962
UpdateRouteReq,182465
UpdateRouteReq,183758
FindNodeReq,241299
UpdateRouteReq,247402
UpdateRouteReq,251869
FindNodeReq,279652
UpdateRouteReq,286218
UpdateRouteReq,106586
FindNodeReq,114462
FindNodeReq,142685
FindNodeReq,73086
FindNodeReq,95734
FindNodeReq,62080
FindNodeReq,72379
FindNodeReq,57626
UpdateRouteReq,40127
UpdateRouteReq,41110
UpdateRouteReq,38327
FindNodeReq,69533
UpdateRouteReq,67934
UpdateRouteReq,70059
FindNodeReq,104892
UpdateRouteReq,66721
UpdateRouteReq,69531
UpdateRouteReq,76571
FindNodeReq,71355
UpdateRouteReq,45086
UpdateRouteReq,39048
UpdateRouteReq,42275
UpdateRouteReq,56132
UpdateRouteReq,57339
UpdateRouteReq,101434
UpdateRouteReq,96940
FindNodeReq,173270
UpdateRouteReq,106526
UpdateRouteReq,107483
FindNodeReq,149251
UpdateRouteReq,868283
UpdateRouteReq,874947
UpdateRouteReq,152208
UpdateRouteReq,152869
FindNodeReq,208855
UpdateRouteReq,215603
UpdateRouteReq,220987
FindNodeReq,259870
UpdateRouteReq,266534
UpdateRouteReq,271310
FindNodeReq,307330
FindNodeRsp,107696
UpdateRouteReq,66911
UpdateRouteReq,67534
QueryRouteReq,143106
QueryRouteReq,141922
UpdateRouteReq,91313
UpdateRouteReq,45752
UpdateRouteReq,59419
UpdateRouteReq,40222
UpdateRouteReq,38708
UpdateRouteReq,41263
PathTeardownReq,61803
FindNodeRsp,128773
UpdateRouteReq,82849
UpdateRouteReq,118988
QueryRouteReq,70706
UpdateRouteReq,67807
QueryRouteReq,111225
UpdateRouteReq,63598
UpdateRouteReq,125637
UpdateRouteReq,45885
PathSetupReq,32807
UpdateRouteReq,41879
UpdateRouteReq,40537
UpdateRouteReq,174396
UpdateRouteReq,55871
UpdateRouteReq,41451
UpdateRouteReq,41045
UpdateRouteReq,40085
FindNodeRsp,106923
QueryRouteReq,179550
UpdateRouteReq,69290
UpdateRouteReq,81081
UpdateRouteReq,68511
UpdateRouteReq,138957
FindNodeRsp,90798
FindNodeRsp,94192
UpdateRouteReq,203471
UpdateRouteReq,203328
FindNodeReq,236830
UpdateRouteReq,242616
UpdateRouteReq,247389
FindNodeReq,274884
UpdateRouteReq,278543
UpdateRouteReq,294817
UpdateRouteReq,117057
UpdateRouteReq,90448
UpdateRouteReq,65792
UpdateRouteReq,41555
UpdateRouteReq,40267
UpdateRouteReq,72784
UpdateRouteReq,44928
UpdateRouteReq,101258
UpdateRouteReq,96702
FindNodeReq,171477
UpdateRouteReq,120245
UpdateRouteReq,121305
FindNodeReq,163116
UpdateRouteReq,168327
UpdateRouteReq,172928
FindNodeReq,208499
UpdateRouteReq,97978
UpdateRouteReq,100263
UpdateRouteReq,106482
UpdateRouteReq,113341
FindNodeReq,146113
UpdateRouteReq,110058
UpdateRouteReq,112525
FindNodeReq,147396
UpdateRouteReq,154438
UpdateRouteReq,160873
FindNodeReq,191345
UpdateRouteReq,66079
UpdateRouteReq,41439
UpdateRouteReq,57013
PathTeardownReq,220255
QueryRouteReq,253654
FindNodeRsp,85345
UpdateRouteReq,43375
UpdateRouteReq,39739
QueryRouteReq,69187
UpdateRouteReq,69597
UpdateRouteReq,43229
UpdateRouteReq,88220
PathSetupReq,79190
UpdateRouteReq,41890
UpdateRouteReq,137912
UpdateRouteReq,58972
UpdateRouteReq,40779
UpdateRouteReq,38951
UpdateRouteReq,40267
UpdateRouteReq,39602
UpdateRouteReq,64566
UpdateRouteReq,57502
UpdateRouteReq,38687
FindNodeRsp,91896
UpdateRouteReq,199691
UpdateRouteReq,201443
FindNodeReq,253573
UpdateRouteReq,261240
UpdateRouteReq,267205
FindNodeReq,295093
UpdateRouteReq,302654
UpdateRouteReq,126530
UpdateRouteReq,129437
UpdateRouteReq,136848
UpdateRouteReq,44859
UpdateRouteReq,39673
UpdateRouteReq,37968
UpdateRouteReq,87342
UpdateRouteReq,79971
UpdateRouteReq,68814
QueryRouteReq,144464
UpdateRouteReq,42965
UpdateRouteReq,66118
UpdateRouteReq,57824
FindNodeReq,128813
UpdateRouteReq,88220
UpdateRouteReq,89454
FindNodeReq,129546
UpdateRouteReq,136928
PathTeardownReq,67087
UpdateRouteReq,58059
QueryRouteReq,83106
FindNodeRsp,100330
QueryRouteReq,75655
UpdateRouteReq,45210
UpdateRouteReq,39863
UpdateRouteReq,42649
UpdateRouteReq,44195
PathSetupReq,32158
UpdateRouteReq,39227
UpdateRouteReq,36503
FindNodeReq,70051
UpdateRouteReq,37940
UpdateRouteReq,69295
UpdateRouteReq,79466
UpdateRouteReq,73551
UpdateRouteReq,44628
FindNodeRsp,69390
UpdateRouteReq,44722
QueryRouteReq,71990
UpdateRouteReq,38614
UpdateRouteReq,156408
UpdateRouteReq,94425
UpdateRouteReq,79726
PathTeardownReq,82804
FindNodeRsp,90491
UpdateRouteReq,90859
UpdateRouteReq,39987
UpdateRouteReq,68851
PathSetupReq,35823
QueryRouteReq,151635
QueryRouteReq,92238
UpdateRouteReq,101937
UpdateRouteReq,39537
FindNodeRsp,70513
UpdateRouteReq,183981
UpdateRouteReq,184556
FindNodeReq,216768
UpdateRouteReq,221780
UpdateRouteReq,226165
FindNodeReq,253105
UpdateRouteReq,259482
UpdateRouteReq,90765
FindNodeReq,129478
FindNodeReq,158550
FindNodeReq,88710
FindNodeReq,94825
FindNodeReq,62982
FindNodeReq,58575
FindNodeReq,73449
FindNodeReq,60971
UpdateRouteReq,77363
UpdateRouteReq,67878
UpdateRouteReq,83334
FindNodeReq,116178
UpdateRouteReq,123690
UpdateRouteReq,65860
UpdateRouteReq,68532
FindNodeReq,123263
UpdateRouteReq,41057
UpdateRouteReq,40010
UpdateRouteReq,75842
UpdateRouteReq,39472
UpdateRouteReq,102009
UpdateRouteReq,96589
FindNodeReq,171936
UpdateRouteReq,123783
UpdateRouteReq,123528
FindNodeReq,166947
UpdateRouteReq,172450
UpdateRouteReq,178656
UpdateRouteReq,183728
UpdateRouteReq,96978
UpdateRouteReq,99300
FindNodeReq,140285
UpdateRouteReq,148318
UpdateRouteReq,154376
FindNodeReq,144245
UpdateRouteReq,146313
UpdateRouteReq,152325
FindNodeReq,183256
UpdateRouteReq,189985
UpdateRouteReq,195025
FindNodeReq,63254
PathTeardownReq,46390
QueryRouteReq,70431
UpdateRouteReq,43003
QueryRouteReq,79547
UpdateRouteReq,45256
PathSetupReq,32874
UpdateRouteReq,39943
FindNodeRsp,86996
UpdateRouteReq,154301
FindNodeReq,150174
UpdateRouteReq,76775
UpdateRouteReq,43919
UpdateRouteReq,100807
UpdateRouteReq,95341
FindNodeReq,172916
UpdateRouteReq,91328
UpdateRouteReq,91386
FindNodeReq,135338
UpdateRouteReq,139721
UpdateRouteReq,41490
UpdateRouteReq,59919
QueryRouteReq,97918
UpdateRouteReq,54057
QueryRouteReq,71885
UpdateRouteReq,101174
UpdateRouteReq,95696
FindNodeReq,172164
UpdateRouteReq,89169
UpdateRouteReq,89107
FindNodeReq,133184
UpdateRouteReq,139207
UpdateRouteReq,92669
PathTeardownReq,38620
UpdateRouteReq,62803
FindNodeRsp,90986
QueryRouteReq,73535
UpdateRouteReq,39128
QueryRouteReq,72974
UpdateRouteReq,48149
PathSetupReq,32904
UpdateRouteReq,41201
FindNodeRsp,98208
FindNodeRsp,104194
FindNodeRsp,96426
PathTeardownReq,55497
UpdateRouteReq,202366
UpdateRouteReq,42765
UpdateRouteReq,42520
UpdateRouteReq,37883
FindNodeReq,81998
UpdateRouteReq,70071
UpdateRouteReq,70899
FindNodeReq,109313
UpdateRouteReq,39679
QueryRouteReq,152316
UpdateRouteReq,109361
UpdateRouteReq,38483
UpdateRouteReq,40780
UpdateRouteReq,39235
UpdateRouteReq,121193
UpdateRouteReq,47757
PathSetupReq,34968
UpdateRouteReq,73093
QueryRouteReq,140049
QueryRouteReq,92019
FindNodeRsp,72140
UpdateRouteReq,141847
UpdateRouteReq,143021
FindNodeReq,176647
UpdateRouteReq,182201
UpdateRouteReq,213615
FindNodeReq,109497
FindNodeReq,65055
FindNodeReq,70571
FindNodeReq,67838
UpdateRouteReq,43079
UpdateRouteReq,65616
FindNodeReq,86582
FindNodeReq,76075
FindNodeReq,63429
UpdateRouteReq,39997
UpdateRouteReq,39037
UpdateRouteReq,38849
FindNodeReq,74454
UpdateRouteReq,48859
UpdateRouteReq,78770
UpdateRouteReq,107826
UpdateRouteReq,38683
UpdateRouteReq,40950
UpdateRouteReq,87576
UpdateRouteReq,38130
UpdateRouteReq,100540
PathTeardownReq,45519
QueryRouteReq,87224
QueryRouteReq,76413
UpdateRouteReq,40265
UpdateRouteReq,39691
UpdateRouteReq,41611
PathSetupReq,32928
UpdateRouteReq,40476
UpdateRouteReq,41603
UpdateRouteReq,130238
FindNodeRsp,100388
FindNodeRsp,86238
FindNodeRsp,106594
FindNodeRsp,87657
UpdateRouteReq,816342
UpdateRouteReq,820886
FindNodeReq,849675
UpdateRouteReq,854761
UpdateRouteReq,858742
FindNodeReq,885588
UpdateRouteReq,891164
FindNodeRsp,897358
UpdateRouteReq,901425
FindNodeReq,929589
UpdateRouteReq,933725
UpdateRouteReq,939920
FindNodeReq,968705
UpdateRouteReq,974850
UpdateRouteReq,967447
FindNodeReq,994504
UpdateRouteReq,1001915
Error,248326
FindNodeRsp,236011
UpdateRouteReq,255103
UpdateRouteReq,237215
UpdateRouteReq,244359
UpdateRouteReq,251418
FindNodeReq,283245
UpdateRouteReq,288968
Error,119297
FindNodeReq,156589
FindNodeReq,185687
FindNodeReq,199209
FindNodeReq,227030
UpdateRouteReq,233176
Error,180784
Error,188185
Error,186587
FindNodeReq,238750
FindNodeReq,266388
FindNodeReq,313813
FindNodeReq,97236
Error,173965
Error,99307
Error,131053
UpdateRouteReq,137277
Error,209927
FindNodeRsp,82479
FindNodeRsp,80002
Error,79932
FindNodeRsp,83359
Error,69064
UpdateRouteReq,141384
Error,113250
Error,41623
UpdateRouteReq,105014
UpdateRouteReq,197549
UpdateRouteReq,56506
UpdateRouteReq,91498
UpdateRouteReq,85030
UpdateRouteReq,60111
UpdateRouteReq,191307
UpdateRouteReq,43761
UpdateRouteReq,168091
UpdateRouteReq,117007
UpdateRouteReq,109518
FindNodeReq,186715
UpdateRouteReq,194620
UpdateRouteReq,70109
FindNodeReq,108054
UpdateRouteReq,114812
PathTeardownReq,176096
FindNodeRsp,83599
UpdateRouteReq,41733
QueryRouteReq,141451
FindNodeRsp,158729
QueryRouteReq,234900
UpdateRouteReq,51261
UpdateRouteReq,70484
UpdateRouteReq,52525
UpdateRouteReq,44411
UpdateRouteReq,42244
PathSetupReq,32465
FindNodeRsp,113747
FindNodeReq,153603
PathTeardownReq,80890
UpdateRouteReq,101462
UpdateRouteReq,95009
FindNodeReq,173481
UpdateRouteReq,89211
UpdateRouteReq,90950
FindNodeReq,136104
UpdateRouteReq,140386
UpdateRouteReq,40983
QueryRouteReq,76595
FindNodeRsp,112745
UpdateRouteReq,102538
UpdateRouteReq,95885
FindNodeReq,173140
UpdateRouteReq,88297
UpdateRouteReq,89505
FindNodeReq,133847
UpdateRouteReq,139737
FindNodeRsp,89618
UpdateRouteReq,52043
QueryRouteReq,140823
UpdateRouteReq,40901
UpdateRouteReq,155660
UpdateRouteReq,89011
UpdateRouteReq,45595
UpdateRouteReq,41679
QueryRouteReq,101748
UpdateRouteReq,61810
UpdateRouteReq,47419
PathSetupReq,34043
UpdateRouteReq,191550
FindNodeReq,163948
UpdateRouteReq,166928
UpdateRouteReq,46492
PathTeardownReq,80498
FindNodeReq,156316
UpdateRouteReq,300807
UpdateRouteReq,300393
FindNodeReq,335023
UpdateRouteReq,341388
UpdateRouteReq,346444
FindNodeReq,373823
UpdateRouteReq,379443
UpdateRouteReq,383041
UpdateRouteReq,474099
UpdateRouteReq,497922
UpdateRouteReq,169029
Error,207359
Error,266770
UpdateRouteReq,274948
Error,309382
Error,104222
UpdateRouteReq,105841
Error,72531
Error,94590
UpdateRouteReq,99498
FindNodeRsp,79785
Error,117445
UpdateRouteReq,119135
FindNodeRsp,152243
Error,179373
UpdateRouteReq,184576
Error,157611
UpdateRouteReq,165168
UpdateRouteReq,87843
UpdateRouteReq,78656
UpdateRouteReq,93218
UpdateRouteReq,71564
UpdateRouteReq,73335
UpdateRouteReq,140493
UpdateRouteReq,44514
FindNodeRsp,73174
UpdateRouteReq,47879
PathSetupReq,33101
UpdateRouteReq,40329
UpdateRouteReq,37301
FindNodeReq,88678
UpdateRouteReq,84079
UpdateRouteReq,86210
FindNodeReq,126414
UpdateRouteReq,133273
UpdateRouteReq,61742
UpdateRouteReq,75256
FindNodeRsp,77004
FindNodeRsp,56967
FindNodeRsp,67404
UpdateRouteReq,140857
FindNodeRsp,118713
UpdateRouteReq,125358
UpdateRouteReq,130587
FindNodeRsp,84722
FindNodeRsp,70910
UpdateRouteReq,41402
UpdateRouteReq,37852
QueryRouteReq,76699
UpdateRouteReq,38644
UpdateRouteReq,38532
UpdateRouteReq,40421
UpdateRouteReq,40113
QueryRouteReq,162476
UpdateRouteReq,42063
UpdateRouteReq,40087
UpdateRouteReq,39099
FindNodeRsp,138590
QueryRouteReq,180335
FindNodeRsp,71091
UpdateRouteReq,169575
UpdateRouteReq,171148
FindNodeReq,204750
UpdateRouteReq,213027
UpdateRouteReq,219168
FindNodeReq,249311
UpdateRouteReq,253674
FindNodeReq,230044
FindNodeReq,257350
UpdateRouteReq,88191
FindNodeReq,138803
FindNodeReq,164676
UpdateRouteReq,41252
FindNodeReq,64087
FindNodeReq,74215
UpdateRouteReq,47999
UpdateRouteReq,76854
UpdateRouteReq,114670
PathTeardownReq,38657
QueryRouteReq,69205
UpdateRouteReq,43954
UpdateRouteReq,40304
UpdateRouteReq,49959
UpdateRouteReq,39504
UpdateRouteReq,102458
UpdateRouteReq,95542
FindNodeReq,172956
UpdateRouteReq,91946
UpdateRouteReq,93401
FindNodeReq,137453
UpdateRouteReq,141610
UpdateRouteReq,89009
PathSetupReq,79938
UpdateRouteReq,55244
QueryRouteReq,99946
FindNodeRsp,106718
QueryRouteReq,142921
UpdateRouteReq,91342
UpdateRouteReq,38950
UpdateRouteReq,69587
FindNodeRsp,71913
UpdateRouteReq,198338
UpdateRouteReq,199921
FindNodeReq,233291
UpdateRouteReq,240667
UpdateRouteReq,246873
FindNodeReq,276207
UpdateRouteReq,280921
UpdateRouteReq,287866
FindNodeReq,300921
UpdateRouteReq,222225
UpdateRouteReq,224059
FindNodeReq,256028
UpdateRouteReq,263830
UpdateRouteReq,255496
FindNodeReq,282839
UpdateRouteReq,290450
FindNodeReq,286921
FindNodeReq,314097
FindNodeReq,341731
UpdateRouteReq,119360
UpdateRouteReq,126921
UpdateRouteReq,62115
UpdateRouteReq,67093
UpdateRouteReq,42007
UpdateRouteReq,42730
UpdateRouteReq,39375
UpdateRouteReq,37997
UpdateRouteReq,70227
UpdateRouteReq,102766
UpdateRouteReq,96722
FindNodeReq,172590
UpdateRouteReq,122946
UpdateRouteReq,124398
FindNodeReq,167258
UpdateRouteReq,171174
UpdateRouteReq,175851
FindNodeReq,210537
UpdateRouteReq,118334
UpdateRouteReq,120117
UpdateRouteReq,126459
UpdateRouteReq,131729
FindNodeReq,169200
UpdateRouteReq,177909
UpdateRouteReq,113762
FindNodeReq,142673
UpdateRouteReq,149825
UpdateRouteReq,156091
UpdateRouteReq,163542
UpdateRouteReq,170029
FindNodeReq,151015
UpdateRouteReq,153238
UpdateRouteReq,159913
FindNodeReq,190474
UpdateRouteReq,198272
UpdateRouteReq,205228
FindNodeReq,234737
UpdateRouteReq,65643
UpdateRouteReq,40498
PathTeardownReq,60739
QueryRouteReq,121424
UpdateRouteReq,41085
UpdateRouteReq,65851
UpdateRouteReq,39843
UpdateRouteReq,40543
QueryRouteReq,76318
UpdateRouteReq,46487
PathSetupReq,32832
UpdateRouteReq,41071
UpdateRouteReq,57359
UpdateRouteReq,56405
FindNodeReq,103506
UpdateRouteReq,87752
UpdateRouteReq,89057
FindNodeReq,126502
UpdateRouteReq,133305
UpdateRouteReq,91842
UpdateRouteReq,85907
FindNodeRsp,93956
UpdateRouteReq,89044
FindNodeReq,137535
FindNodeReq,86858
FindNodeReq,71891
FindNodeReq,69740
UpdateRouteReq,61475
UpdateRouteReq,62395
FindNodeReq,81746
FindNodeReq,65086
UpdateRouteReq,41111
QueryRouteReq,124938
QueryRouteReq,76659
FindNodeRsp,125481
UpdateRouteReq,160675
UpdateRouteReq,83955
UpdateRouteReq,38825
UpdateRouteReq,39336
FindNodeReq,104330
FindNodeReq,83045
UpdateRouteReq,39377
UpdateRouteReq,55203
QueryRouteReq,91453
UpdateRouteReq,39683
FindNodeRsp,68735
UpdateRouteReq,56553
UpdateRouteReq,39483
FindNodeRsp,99362
PathTeardownReq,53849
UpdateRouteReq,158861
QueryRouteReq,87940
QueryRouteReq,142006
UpdateRouteReq,130064
UpdateRouteReq,40393
FindNodeRsp,70147
UpdateRouteReq,256186
FindNodeReq,306877
FindNodeReq,405021
UpdateRouteReq,423267
UpdateRouteReq,431636
FindNodeReq,461978
UpdateRouteReq,244395
UpdateRouteReq,245462
FindNodeReq,271650
UpdateRouteReq,263314
UpdateRouteReq,229417
FindNodeReq,248799
UpdateRouteReq,254840
FindNodeReq,138989
UpdateRouteReq,176000
FindNodeReq,203875
UpdateRouteReq,70014
FindNodeReq,81807
FindNodeReq,98214
UpdateRouteReq,54372
FindNodeReq,80372
FindNodeReq,58634
FindNodeReq,62364
FindNodeReq,57483
UpdateRouteReq,41657
UpdateRouteReq,51250
FindNodeReq,83497
UpdateRouteReq,40113
UpdateRouteReq,48185
UpdateRouteReq,56225
FindNodeReq,91558
UpdateRouteReq,79926
UpdateRouteReq,134916
UpdateRouteReq,140627
UpdateRouteReq,38259
UpdateRouteReq,157911
UpdateRouteReq,96902
PathSetupReq,87782
FindNodeRsp,86159
UpdateRouteReq,195885
UpdateRouteReq,198492
FindNodeReq,233703
UpdateRouteReq,241136
UpdateRouteReq,225404
FindNodeReq,253667
UpdateRouteReq,258384
FindNodeReq,96889
FindNodeReq,119794
FindNodeReq,60508
FindNodeReq,62446
FindNodeReq,61471
FindNodeReq,58688
FindNodeReq,59907
FindNodeReq,61560
UpdateRouteReq,41555
UpdateRouteReq,51539
FindNodeReq,80060
UpdateRouteReq,40386
FindNodeReq,61403
UpdateRouteReq,41848
FindNodeReq,86247
UpdateRouteReq,89188
UpdateRouteReq,82778
FindNodeReq,108733
UpdateRouteReq,116935
UpdateRouteReq,123461
FindNodeReq,108936
UpdateRouteReq,110933
UpdateRouteReq,115906
FindNodeReq,147502
UpdateRouteReq,67826
UpdateRouteReq,71216
UpdateRouteReq,78377
UpdateRouteReq,83795
FindNodeReq,100983
UpdateRouteReq,107714
UpdateRouteReq,51075
FindNodeReq,80018
FindNodeReq,67287
FindNodeReq,62423
UpdateRouteReq,64699
FindNodeReq,59844
FindNodeReq,61590
QueryRouteReq,85869
UpdateRouteReq,88890
UpdateRouteReq,38699
UpdateRouteReq,42421
UpdateRouteReq,154717
UpdateRouteReq,91127
UpdateRouteReq,86040
UpdateRouteReq,40298
UpdateRouteReq,102742
UpdateRouteReq,96314
FindNodeReq,173047
UpdateRouteReq,92398
UpdateRouteReq,93285
FindNodeReq,135962
UpdateRouteReq,140437
UpdateRouteReq,60406
UpdateRouteReq,43394
UpdateRouteReq,68433
FindNodeRsp,118228
UpdateRouteReq,110594
UpdateRouteReq,698308
FindNodeReq,737936
UpdateRouteReq,744553
UpdateRouteReq,749604
FindNodeReq,777855
UpdateRouteReq,783912
UpdateRouteReq,788161
FindNodeReq,816816
UpdateRouteReq,822947
UpdateRouteReq,828661
UpdateRouteReq,835544
UpdateRouteReq,841554
FindNodeReq,869337
UpdateRouteReq,875466
UpdateRouteReq,879581
FindNodeReq,906768
UpdateRouteReq,899416
UpdateRouteReq,907595
FindNodeReq,934285
FindNodeReq,114771
FindNodeReq,138923
FindNodeReq,166348
FindNodeReq,179523
FindNodeReq,58568
FindNodeReq,58090
FindNodeReq,57623
FindNodeReq,57693
UpdateRouteReq,39697
FindNodeReq,61300
UpdateRouteReq,56990
UpdateRouteReq,58575
UpdateRouteReq,37585
UpdateRouteReq,38356
UpdateRouteReq,52475
UpdateRouteReq,55706
FindNodeReq,95088
UpdateRouteReq,97780
UpdateRouteReq,103303
FindNodeReq,59031
FindNodeReq,64679
UpdateRouteReq,42041
UpdateRouteReq,103162
UpdateRouteReq,97178
FindNodeReq,169072
UpdateRouteReq,121734
UpdateRouteReq,123057
FindNodeReq,160717
UpdateRouteReq,166601
UpdateRouteReq,171465
FindNodeReq,200567
UpdateRouteReq,87324
UpdateRouteReq,90362
UpdateRouteReq,96133
UpdateRouteReq,103262
UpdateRouteReq,84314
FindNodeReq,112894
UpdateRouteReq,120088
UpdateRouteReq,126459
FindNodeReq,122897
UpdateRouteReq,125951
UpdateRouteReq,133597
FindNodeReq,164077
UpdateRouteReq,170764
UpdateRouteReq,52175
FindNodeReq,78505
FindNodeReq,65002
FindNodeReq,59326
FindNodeReq,58943
UpdateRouteReq,65974
UpdateRouteReq,39987
UpdateRouteReq,40433
UpdateRouteReq,39414
PathTeardownReq,45809
UpdateRouteReq,45254
UpdateRouteReq,38389
FindNodeReq,85665
UpdateRouteReq,89570
UpdateRouteReq,87509
FindNodeReq,113430
UpdateRouteReq,119589
UpdateRouteReq,124156
FindNodeReq,101288
UpdateRouteReq,103896
UpdateRouteReq,111233
UpdateRouteReq,83454
UpdateRouteReq,85935
FindNodeReq,120823
UpdateRouteReq,127874
UpdateRouteReq,97613
FindNodeReq,124459
UpdateRouteReq,130077
UpdateRouteReq,136717
FindNodeReq,166080
QueryRouteReq,81202
UpdateRouteReq,42363
UpdateRouteReq,39365
UpdateRouteReq,37869
FindNodeReq,68222
UpdateRouteReq,54391
UpdateRouteReq,57079
UpdateRouteReq,37017
FindNodeReq,134895
FindNodeReq,149616
FindNodeReq,211203
UpdateRouteReq,48647
QueryRouteReq,87553
UpdateRouteReq,52819
UpdateRouteReq,53660
UpdateRouteReq,38012
UpdateRouteReq,52979
PathSetupReq,36237
UpdateRouteReq,38355
UpdateRouteReq,43785
UpdateRouteReq,37621
FindNodeReq,69535
UpdateRouteReq,67886
UpdateRouteReq,70271
FindNodeReq,104461
UpdateRouteReq,37743
UpdateRouteReq,194732
UpdateRouteReq,230810
UpdateRouteReq,80514
UpdateRouteReq,41267
FindNodeRsp,100242
UpdateRouteReq,44215
FindNodeRsp,97283
QueryRouteReq,110517
QueryRouteReq,73327
FindNodeRsp,70534
UpdateRouteReq,226330
FindNodeReq,276874
UpdateRouteReq,318712
UpdateRouteReq,130410
UpdateRouteReq,159291
FindNodeReq,199023
FindNodeReq,70500
FindNodeReq,68175
FindNodeReq,67074
UpdateRouteReq,40556
FindNodeReq,65599
UpdateRouteReq,70024
UpdateRouteReq,72535
UpdateRouteReq,79314
FindNodeReq,68198
UpdateRouteReq,49048
UpdateRouteReq,59017
UpdateRouteReq,43262
UpdateRouteReq,59699
UpdateRouteReq,40169
UpdateRouteReq,89407
UpdateRouteReq,65711
PathTeardownReq,68337
UpdateRouteReq,53401
QueryRouteReq,132525
QueryRouteReq,81570
UpdateRouteReq,41511
UpdateRouteReq,41159
UpdateRouteReq,89606
PathSetupReq,80394
UpdateRouteReq,44650
FindNodeRsp,87682
FindNodeRsp,109863
FindNodeRsp,71264
UpdateRouteReq,242293
UpdateRouteReq,242327
FindNodeReq,278116
UpdateRouteReq,284600
UpdateRouteReq,289586
FindNodeReq,317707
UpdateRouteReq,322013
UpdateRouteReq,313470
FindNodeReq,341228
UpdateRouteReq,347247
UpdateRouteReq,353683
FindNodeReq,380175
UpdateRouteReq,208469
UpdateRouteReq,195247
FindNodeReq,229795
UpdateRouteReq,237510
UpdateRouteReq,233721
UpdateRouteReq,239218
UpdateRouteReq,54057
UpdateRouteReq,66685
UpdateRouteReq,41735
UpdateRouteReq,69875
UpdateRouteReq,71371
UpdateRouteReq,39170
UpdateRouteReq,60211
UpdateRouteReq,38404
FindNodeReq,108058
UpdateRouteReq,106601
UpdateRouteReq,108740
FindNodeReq,150091
UpdateRouteReq,157003
UpdateRouteReq,161372
FindNodeReq,98030
UpdateRouteReq,101017
UpdateRouteReq,108602
UpdateRouteReq,83078
UpdateRouteReq,85708
FindNodeReq,119933
UpdateRouteReq,127305
UpdateRouteReq,96811
FindNodeReq,126106
UpdateRouteReq,134333
UpdateRouteReq,139864
FindNodeReq,171242
FindNodeReq,60347
FindNodeReq,59091
FindNodeReq,61697
FindNodeReq,61772
FindNodeReq,64798
FindNodeReq,62315
FindNodeReq,64547
FindNodeReq,62812
UpdateRouteReq,42130
UpdateRouteReq,45708
UpdateRouteReq,41539
UpdateRouteReq,38169
UpdateRouteReq,38416
UpdateRouteReq,51923
FindNodeReq,84753
UpdateRouteReq,67506
UpdateRouteReq,69854
FindNodeReq,103199
FindNodeRsp,185268
QueryRouteReq,261793
UpdateRouteReq,72042
UpdateRouteReq,73531
UpdateRouteReq,40327
QueryRouteReq,109205
UpdateRouteReq,95346
PathTeardownReq,62265
UpdateRouteReq,44655
UpdateRouteReq,91234
UpdateRouteReq,81098
UpdateRouteReq,89298
PathSetupReq,79730
UpdateRouteReq,72985
UpdateRouteReq,102567
UpdateRouteReq,96780
FindNodeReq,173793
UpdateRouteReq,88529
UpdateRouteReq,90034
FindNodeReq,133861
UpdateRouteReq,140176
UpdateRouteReq,41472
QueryRouteReq,90773
UpdateRouteReq,39727
UpdateRouteReq,39072
QueryRouteReq,70463
UpdateRouteReq,39265
FindNodeRsp,67945
UpdateRouteReq,165235
UpdateRouteReq,168428
FindNodeReq,219315
UpdateRouteReq,226908
UpdateRouteReq,244753
FindNodeReq,127551
FindNodeReq,63515
FindNodeReq,67935
FindNodeReq,68704
UpdateRouteReq,42670
UpdateRouteReq,66006
FindNodeReq,81109
UpdateRouteReq,41147
UpdateRouteReq,39039
UpdateRouteReq,85454
PathTeardownReq,84380
QueryRouteReq,144730
UpdateRouteReq,40195
UpdateRouteReq,45213
QueryRouteReq,77733
UpdateRouteReq,40139
UpdateRouteReq,39661
UpdateRouteReq,40450
UpdateRouteReq,89454
PathSetupReq,79598
FindNodeRsp,91344
UpdateRouteReq,88926
QueryRouteReq,166006
UpdateRouteReq,85694
UpdateRouteReq,41739
UpdateRouteReq,39453
PathTeardownReq,55894
QueryRouteReq,140138
UpdateRouteReq,42985
UpdateRouteReq,40139
QueryRouteReq,72010
UpdateRouteReq,42502
FindNodeRsp,56734
UpdateRouteReq,43367
PathSetupReq,32221
UpdateRouteReq,41313
UpdateRouteReq,47409
UpdateRouteReq,39960
UpdateRouteReq,41038
UpdateRouteReq,40435
PathTeardownReq,62224
FindNodeRsp,127138
UpdateRouteReq,63315
UpdateRouteReq,67080
UpdateRouteReq,39671
UpdateRouteReq,37665
FindNodeReq,79782
UpdateRouteReq,85478
UpdateRouteReq,87941
FindNodeReq,124929
UpdateRouteReq,131995
QueryRouteReq,153113
UpdateRouteReq,92648
UpdateRouteReq,78447
UpdateRouteReq,41819
UpdateRouteReq,39349
UpdateRouteReq,45881
UpdateRouteReq,124989
UpdateRouteReq,91083
PathSetupReq,81650
UpdateRouteReq,73090
UpdateRouteReq,195938
UpdateRouteReq,121313
QueryRouteReq,164491
UpdateRouteReq,48201
UpdateRouteReq,41768
QueryRouteReq,74334
PathTeardownReq,162076
FindNodeReq,158284
UpdateRouteReq,47209
UpdateRouteReq,70360
UpdateRouteReq,44238
QueryRouteReq,79644
UpdateRouteReq,66293
UpdateRouteReq,39781
FindNodeReq,109865
UpdateRouteReq,58398
UpdateRouteReq,59992
FindNodeReq,73618
UpdateRouteReq,38871
QueryRouteReq,80957
UpdateRouteReq,66131
UpdateRouteReq,40035
FindNodeReq,109233
UpdateRouteReq,40314
UpdateRouteReq,63154
QueryRouteReq,133524
UpdateRouteReq,48352
FindNodeRsp,130518
QueryRouteReq,193561
UpdateRouteReq,42508
UpdateRouteReq,40023
UpdateRouteReq,39634
UpdateRouteReq,39633
UpdateRouteReq,41091
UpdateRouteReq,136487
UpdateRouteReq,45725
PathSetupReq,32456
UpdateRouteReq,44849
UpdateRouteReq,40743
FindNodeRsp,69565
UpdateRouteReq,43359
UpdateRouteReq,96198
FindNodeReq,163412
UpdateRouteReq,53644
FindNodeRsp,94563
UpdateRouteReq,186968
UpdateRouteReq,188870
FindNodeReq,222539
UpdateRouteReq,230555
UpdateRouteReq,237431
FindNodeReq,264535
UpdateRouteReq,271608
UpdateRouteReq,77306
FindNodeReq,91810
UpdateRouteReq,86042
UpdateRouteReq,72778
FindNodeReq,103778
UpdateRouteReq,69491
UpdateRouteReq,58490
FindNodeReq,59850
UpdateRouteReq,37917
FindNodeReq,141525
FindNodeReq,168720
UpdateRouteReq,46253
UpdateRouteReq,39644
UpdateRouteReq,37823
UpdateRouteReq,69955
UpdateRouteReq,43591
UpdateRouteReq,40327
FindNodeRsp,100083
UpdateRouteReq,65702
UpdateRouteReq,80995
FindNodeReq,154166
UpdateRouteReq,56622
UpdateRouteReq,58411
FindNodeReq,74643
UpdateRouteReq,39939
UpdateRouteReq,36899
FindNodeReq,70731
UpdateRouteReq,39723
UpdateRouteReq,37613
UpdateRouteReq,37246
UpdateRouteReq,37043
FindNodeReq,85554
UpdateRouteReq,88768
UpdateRouteReq,67635
FindNodeReq,98994
UpdateRouteReq,107090
UpdateRouteReq,52750
FindNodeReq,83054
PathTeardownReq,62197
UpdateRouteReq,46467
UpdateRouteReq,38405
FindNodeReq,86580
UpdateRouteReq,40928
UpdateRouteReq,38992
UpdateRouteReq,38523
UpdateRouteReq,36647
FindNodeReq,73323
UpdateRouteReq,38625
UpdateRouteReq,36613
FindNodeReq,66732
UpdateRouteReq,38056
UpdateRouteReq,36943
FindNodeReq,70586
QueryRouteReq,84238
UpdateRouteReq,41301
UpdateRouteReq,41603
UpdateRouteReq,45686
PathSetupReq,33321
UpdateRouteReq,48084
PathTeardownReq,61652
UpdateRouteReq,80160
UpdateRouteReq,184920
UpdateRouteReq,251478
UpdateRouteReq,328925
UpdateRouteReq,374471
FindNodeReq,439488
UpdateRouteReq,444689
Error,479482
Error,513329
Error,126521
Error,159108
Error,194510
Error,228316
UpdateRouteReq,234545
Error,207462
UpdateRouteReq,214145
UpdateRouteReq,220215
QueryRouteReq,73210
UpdateRouteReq,39551
FindNodeRsp,80530
UpdateRouteReq,76266
UpdateRouteReq,40141
UpdateRouteReq,96570
FindNodeRsp,75134
UpdateRouteReq,39450
UpdateRouteReq,70605
FindNodeReq,85393
FindNodeReq,84869
UpdateRouteReq,44305
Error,82131
UpdateRouteReq,42254
QueryRouteReq,160769
UpdateRouteReq,156796
UpdateRouteReq,46706
UpdateRouteReq,42075
UpdateRouteReq,94081
UpdateRouteReq,42619
FindNodeRsp,71591
PathSetupReq,96071
UpdateRouteReq,128108
UpdateRouteReq,185765
UpdateRouteReq,39752
UpdateRouteReq,40316
UpdateRouteReq,39427
UpdateRouteReq,40219
UpdateRouteReq,40164
UpdateRouteReq,39405
UpdateRouteReq,42383
UpdateRouteReq,43127
UpdateRouteReq,42292
UpdateRouteReq,41045
UpdateRouteReq,199786
UpdateRouteReq,40509
QueryRouteReq,64824
FindNodeRsp,70162
FindNodeRsp,162833
UpdateRouteReq,151367
UpdateRouteReq,155643
UpdateRouteReq,333541
FindNodeReq,379282
FindNodeReq,386891
UpdateRouteReq,49862
FindNodeRsp,61043
FindNodeRsp,134953
UpdateRouteReq,43163
UpdateRouteReq,38900
FindNodeReq,90142
UpdateRouteReq,57609
UpdateRouteReq,59106
FindNodeReq,64708
UpdateRouteReq,39767
UpdateRouteReq,36988
FindNodeReq,64726
UpdateRouteReq,39624
UpdateRouteReq,37339
FindNodeReq,66187
UpdateRouteReq,38847
FindNodeReq,166408
UpdateRouteReq,55307
UpdateRouteReq,41453
UpdateRouteReq,74234
UpdateRouteReq,40424
FindNodeRsp,74314
UpdateRouteReq,58514
UpdateRouteReq,59682
UpdateRouteReq,39847
QueryRouteReq,143385
UpdateRouteReq,42299
UpdateRouteReq,85023
UpdateRouteReq,78726
FindNodeReq,129488
UpdateRouteReq,132167
UpdateRouteReq,68726
FindNodeReq,109032
UpdateRouteReq,116243
FindNodeRsp,71224
UpdateRouteReq,41636
UpdateRouteReq,65621
UpdateRouteReq,41304
QueryRouteReq,126397
FindNodeRsp,70511
UpdateRouteReq,39864
QueryRouteReq,73087
UpdateRouteReq,39393
UpdateRouteReq,72333
UpdateRouteReq,40807
FindNodeRsp,117565
UpdateRouteReq,65383
UpdateRouteReq,40410
FindNodeReq,109778
UpdateRouteReq,57660
UpdateRouteReq,58947
FindNodeReq,73311
UpdateRouteReq,39756
PathTeardownReq,161972
UpdateRouteReq,55743
FindNodeRsp,74642
QueryRouteReq,91953
UpdateRouteReq,39995
UpdateRouteReq,40215
UpdateRouteReq,39906
UpdateRouteReq,39335
UpdateRouteReq,77128
QueryRouteReq,68170
UpdateRouteReq,118565
UpdateRouteReq,69733
PathSetupReq,35795
UpdateRouteReq,62768
FindNodeRsp,77514
UpdateRouteReq,213620
UpdateRouteReq,214719
FindNodeReq,249259
UpdateRouteReq,242530
UpdateRouteReq,249123
FindNodeReq,277076
UpdateRouteReq,284385
UpdateRouteReq,84926
FindNodeReq,63959
FindNodeReq,105843
FindNodeReq,146381
FindNodeReq,173016
UpdateRouteReq,78274
UpdateRouteReq,108107
UpdateRouteReq,41894
FindNodeRsp,73784
UpdateRouteReq,152617
UpdateRouteReq,154405
FindNodeReq,188521
UpdateRouteReq,195641
UpdateRouteReq,187840
UpdateRouteReq,40387
FindNodeReq,64241
UpdateRouteReq,39427
UpdateRouteReq,38267
FindNodeReq,64418
UpdateRouteReq,39351
UpdateRouteReq,37914
FindNodeReq,65105
UpdateRouteReq,39067
UpdateRouteReq,38941
UpdateRouteReq,37039
FindNodeReq,63291
FindNodeReq,62224
FindNodeReq,64485
FindNodeReq,63332
FindNodeReq,63995
FindNodeReq,65403
FindNodeReq,61477
UpdateRouteReq,43579
UpdateRouteReq,46259
UpdateRouteReq,40301
UpdateRouteReq,38739
UpdateRouteReq,38148
FindNodeReq,66497
UpdateRouteReq,38823
UpdateRouteReq,36672
FindNodeReq,63877
UpdateRouteReq,39839
UpdateRouteReq,37252
FindNodeReq,63973
FindNodeReq,63906
FindNodeReq,63199
QueryRouteReq,77258
UpdateRouteReq,41695
UpdateRouteReq,38323
UpdateRouteReq,46635
PathTeardownReq,40669
UpdateRouteReq,45611
UpdateRouteReq,41717
UpdateRouteReq,38528
QueryRouteReq,86295
UpdateRouteReq,71338
UpdateRouteReq,40032
FindNodeReq,109732
UpdateRouteReq,58315
UpdateRouteReq,60228
FindNodeReq,71930
UpdateRouteReq,39117
UpdateRouteReq,69099
UpdateRouteReq,44139
UpdateRouteReq,39401
UpdateRouteReq,38480
QueryRouteReq,69538
UpdateRouteReq,38632
UpdateRouteReq,39342
UpdateRouteReq,67055
UpdateRouteReq,58567
FindNodeReq,132235
UpdateRouteReq,40177
UpdateRouteReq,89620
PathSetupReq,80134
UpdateRouteReq,157060
UpdateRouteReq,95256
UpdateRouteReq,80927
UpdateRouteReq,70106
UpdateRouteReq,43953
UpdateRouteReq,40372
FindNodeRsp,78416
UpdateRouteReq,63284
FindNodeRsp,85948
QueryRouteReq,75011
UpdateRouteReq,60281
UpdateRouteReq,40767
UpdateRouteReq,40163
QueryRouteReq,76313
FindNodeRsp,71626
UpdateRouteReq,42050
UpdateRouteReq,105550
FindNodeRsp,81102
FindNodeReq,164621
UpdateRouteReq,53343
UpdateRouteReq,45054
PathTeardownReq,79878
FindNodeRsp,95362
UpdateRouteReq,187894
UpdateRouteReq,189482
FindNodeReq,223545
UpdateRouteReq,231355
UpdateRouteReq,237749
FindNodeReq,265540
UpdateRouteReq,272743
UpdateRouteReq,120125
UpdateRouteReq,113103
FindNodeReq,113977
UpdateRouteReq,115817
UpdateRouteReq,121589
FindNodeReq,81586
UpdateRouteReq,84838
UpdateRouteReq,52498
FindNodeReq,80774
UpdateRouteReq,38741
FindNodeReq,141320
FindNodeReq,76320
UpdateRouteReq,53410
UpdateRouteReq,43974
UpdateRouteReq,41883
UpdateRouteReq,39301
UpdateRouteReq,66045
UpdateRouteReq,84135
PathSetupReq,79202
FindNodeRsp,76207
UpdateRouteReq,69971
QueryRouteReq,121565
UpdateRouteReq,209477
UpdateRouteReq,40659
UpdateRouteReq,41083
PathTeardownReq,62117
FindNodeRsp,70274
UpdateRouteReq,49041
PathSetupReq,33219
UpdateRouteReq,61750
UpdateRouteReq,116309
UpdateRouteReq,46799
FindNodeRsp,68412
UpdateRouteReq,129333
UpdateRouteReq,132651
FindNodeReq,166862
UpdateRouteReq,173996
UpdateRouteReq,42199
UpdateRouteReq,40712
UpdateRouteReq,39612
UpdateRouteReq,39828
UpdateRouteReq,37239
FindNodeReq,72372
UpdateRouteReq,40375
UpdateRouteReq,37459
FindNodeReq,64258
UpdateRouteReq,39583
UpdateRouteReq,37771
FindNodeReq,67199
UpdateRouteReq,37547
UpdateRouteReq,224335
UpdateRouteReq,82051
UpdateRouteReq,117632
UpdateRouteReq,39999
UpdateRouteReq,39135
UpdateRouteReq,38092
QueryRouteReq,71926
UpdateRouteReq,41725
UpdateRouteReq,70411
UpdateRouteReq,42690
UpdateRouteReq,43521
UpdateRouteReq,40255
QueryRouteReq,75763
UpdateRouteReq,41401
UpdateRouteReq,39191
UpdateRouteReq,39269
UpdateRouteReq,39851
UpdateRouteReq,51997
UpdateRouteReq,41118
UpdateRouteReq,40944
UpdateRouteReq,40743
QueryRouteReq,149187
FindNodeRsp,77542
QueryRouteReq,69306
UpdateRouteReq,49479
UpdateRouteReq,62891
UpdateRouteReq,45581
UpdateRouteReq,45091
UpdateRouteReq,38529
UpdateRouteReq,65571
UpdateRouteReq,40120
FindNodeReq,109482
UpdateRouteReq,57057
UpdateRouteReq,59065
FindNodeReq,73652
UpdateRouteReq,38966
FindNodeRsp,59828
FindNodeRsp,104960
UpdateRouteReq,70318
UpdateRouteReq,84902
UpdateRouteReq,63699
UpdateRouteReq,38591
QueryRouteReq,87358
UpdateRouteReq,40272
UpdateRouteReq,50051
UpdateRouteReq,42695
UpdateRouteReq,157466
QueryRouteReq,152197
UpdateRouteReq,70742
PathSetupReq,38041
UpdateRouteReq,44060
UpdateRouteReq,42410
UpdateRouteReq,43412
UpdateRouteReq,174730
UpdateRouteReq,181396
UpdateRouteReq,87330
FindNodeRsp,72337
UpdateRouteReq,200878
UpdateRouteReq,201948
FindNodeReq,261626
UpdateRouteReq,268881
UpdateRouteReq,274463
FindNodeReq,303142
UpdateRouteReq,295731
UpdateRouteReq,60550
UpdateRouteReq,38687
UpdateRouteReq,38666
UpdateRouteReq,37596
UpdateRouteReq,37452
UpdateRouteReq,42724
UpdateRouteReq,38935
QueryRouteReq,71718
UpdateRouteReq,39151
UpdateRouteReq,39515
FindNodeReq,68171
FindNodeReq,64199
FindNodeReq,81370
FindNodeReq,103912
UpdateRouteReq,44727
UpdateRouteReq,45084
UpdateRouteReq,38149
UpdateRouteReq,38508
UpdateRouteReq,38349
UpdateRouteReq,39845
UpdateRouteReq,39318
UpdateRouteReq,39376
UpdateRouteReq,44239
UpdateRouteReq,39304
FindNodeRsp,110634
UpdateRouteReq,46982
QueryRouteReq,142749
QueryRouteReq,82752
UpdateRouteReq,43858
FindNodeRsp,78038
UpdateRouteReq,38147
UpdateRouteReq,67635
UpdateRouteReq,55467
UpdateRouteReq,44163
UpdateRouteReq,39492
PathTeardownReq,44626
QueryRouteReq,186932
UpdateRouteReq,42930
QueryRouteReq,92102
FindNodeRsp,89631
UpdateRouteReq,70817
PathSetupReq,145572
UpdateRouteReq,216835
UpdateRouteReq,43257
UpdateRouteReq,68878
UpdateRouteReq,47707
UpdateRouteReq,40159
UpdateRouteReq,279762
UpdateRouteReq,301441
UpdateRouteReq,38968
PathTeardownReq,38159
FindNodeReq,97382
FindNodeReq,84456
UpdateRouteReq,43435
FindNodeRsp,50167
FindNodeRsp,73263
UpdateRouteReq,41775
UpdateRouteReq,38934
QueryRouteReq,70375
UpdateRouteReq,39319
UpdateRouteReq,37998
UpdateRouteReq,40408
UpdateRouteReq,39268
UpdateRouteReq,87604
PathSetupReq,78951
UpdateRouteReq,44319
PathTeardownReq,44644
UpdateRouteReq,45159
UpdateRouteReq,41944
UpdateRouteReq,72130
UpdateRouteReq,154157
QueryRouteReq,70353
UpdateRouteReq,69493
PathSetupReq,36680
UpdateRouteReq,62533
UpdateRouteReq,64350
UpdateRouteReq,39054
FindNodeReq,109176
UpdateRouteReq,55577
UpdateRouteReq,56019
FindNodeReq,74073
UpdateRouteReq,37364
UpdateRouteReq,71871
PathTeardownReq,38465
UpdateRouteReq,54015
UpdateRouteReq,55311
FindNodeRsp,92961
UpdateRouteReq,288346
UpdateRouteReq,287786
FindNodeReq,321126
UpdateRouteReq,327981
UpdateRouteReq,318788
FindNodeReq,347963
UpdateRouteReq,339172
UpdateRouteReq,342973
FindNodeReq,370824
UpdateRouteReq,375197
UpdateRouteReq,368052
UpdateRouteReq,372668
UpdateRouteReq,39387
UpdateRouteReq,35819
FindNodeReq,65571
UpdateRouteReq,38087
UpdateRouteReq,36395
FindNodeReq,64020
UpdateRouteReq,37339
UpdateRouteReq,36477
FindNodeReq,63529
UpdateRouteReq,38123
UpdateRouteReq,36579
FindNodeReq,62728
FindNodeReq,141840
FindNodeReq,164930
FindNodeReq,89138
FindNodeReq,61895
FindNodeReq,64161
FindNodeReq,62402
FindNodeReq,141857
FindNodeReq,164264
UpdateRouteReq,73307
PathSetupReq,68646
UpdateRouteReq,46195
UpdateRouteReq,37904
UpdateRouteReq,37460
UpdateRouteReq,103653
FindNodeReq,167640
UpdateRouteReq,172523
UpdateRouteReq,54380
FindNodeReq,90292
UpdateRouteReq,57735
UpdateRouteReq,56683
FindNodeReq,66486
UpdateRouteReq,39199
UpdateRouteReq,35439
UpdateRouteReq,35939
FindNodeReq,71126
FindNodeReq,65638
FindNodeReq,93147
UpdateRouteReq,41877
UpdateRouteReq,64346
QueryRouteReq,137783
UpdateRouteReq,39511
UpdateRouteReq,83959
UpdateRouteReq,76946
FindNodeReq,110402
UpdateRouteReq,55211
UpdateRouteReq,56175
FindNodeReq,72149
UpdateRouteReq,37159
FindNodeRsp,77412
UpdateRouteReq,40090
UpdateRouteReq,64507
UpdateRouteReq,56671
FindNodeReq,128732
UpdateRouteReq,56219
UpdateRouteReq,56470
FindNodeReq,73378
UpdateRouteReq,38239
UpdateRouteReq,37207
UpdateRouteReq,36594
UpdateRouteReq,37283
FindNodeReq,74286
UpdateRouteReq,37806
UpdateRouteReq,35535
FindNodeReq,64672
UpdateRouteReq,37139
UpdateRouteReq,53626
FindNodeReq,68555
UpdateRouteReq,38261
UpdateRouteReq,153917
UpdateRouteReq,37239
QueryRouteReq,69546
UpdateRouteReq,36847
UpdateRouteReq,46899
UpdateRouteReq,38543
UpdateRouteReq,170416
PathTeardownReq,61583
UpdateRouteReq,129645
UpdateRouteReq,137957
UpdateRouteReq,111594
QueryRouteReq,102278
QueryRouteReq,73686
UpdateRouteReq,45379
UpdateRouteReq,163798
PathSetupReq,36359
UpdateRouteReq,42379
FindNodeRsp,96140
UpdateRouteReq,64323
UpdateRouteReq,39463
FindNodeReq,111358
UpdateRouteReq,56102
UpdateRouteReq,56295
FindNodeReq,74700
UpdateRouteReq,37445
UpdateRouteReq,68998
FindNodeRsp,102972
UpdateRouteReq,54434
QueryRouteReq,99465
UpdateRouteReq,40141
QueryRouteReq,73901
FindNodeRsp,68693
UpdateRouteReq,205649
UpdateRouteReq,205781
FindNodeReq,239697
UpdateRouteReq,232122
UpdateRouteReq,237395
FindNodeReq,264534
UpdateRouteReq,270604
FindNodeReq,78650
FindNodeReq,139495
UpdateRouteReq,162537
UpdateRouteReq,44021
UpdateRouteReq,37441
UpdateRouteReq,38003
UpdateRouteReq,69086
UpdateRouteReq,41033
UpdateRouteReq,39029
UpdateRouteReq,64488
UpdateRouteReq,39484
FindNodeReq,109241
UpdateRouteReq,71627
UpdateRouteReq,71758
FindNodeReq,113153
UpdateRouteReq,71272
UpdateRouteReq,70263
FindNodeReq,108285
UpdateRouteReq,38533
UpdateRouteReq,35912
UpdateRouteReq,36532
UpdateRouteReq,35597
FindNodeReq,70183
UpdateRouteReq,37974
UpdateRouteReq,35787
FindNodeReq,62479
UpdateRouteReq,37593
UpdateRouteReq,36365
UpdateRouteReq,36352
UpdateRouteReq,35635
FindNodeReq,66734
UpdateRouteReq,36944
UpdateRouteReq,35731
FindNodeReq,65185
UpdateRouteReq,37999
UpdateRouteReq,36180
FindNodeReq,66270
FindNodeReq,61564
UpdateRouteReq,39943
UpdateRouteReq,36455
UpdateRouteReq,37394
UpdateRouteReq,66067
PathTeardownReq,40899
QueryRouteReq,94609
UpdateRouteReq,47564
QueryRouteReq,69957
UpdateRouteReq,38394
UpdateRouteReq,41519
UpdateRouteReq,38765
UpdateRouteReq,69422
PathSetupReq,37905
UpdateRouteReq,43235
PathTeardownReq,62185
FindNodeRsp,107824
QueryRouteReq,90678
UpdateRouteReq,69758
UpdateRouteReq,46739
PathSetupReq,33659
UpdateRouteReq,40134
UpdateRouteReq,64997
UpdateRouteReq,40000
FindNodeReq,110083
UpdateRouteReq,58424
UpdateRouteReq,59134
FindNodeReq,75182
UpdateRouteReq,37431
UpdateRouteReq,70846
UpdateRouteReq,47654
FindNodeRsp,92006
UpdateRouteReq,41687
QueryRouteReq,143663
UpdateRouteReq,51431
UpdateRouteReq,39988
QueryRouteReq,89686
UpdateRouteReq,69671
FindNodeRsp,102521
UpdateRouteReq,183778
UpdateRouteReq,184425
FindNodeReq,219413
UpdateRouteReq,226231
UpdateRouteReq,231406
FindNodeReq,259251
UpdateRouteReq,265249
UpdateRouteReq,103084
UpdateRouteReq,69389
FindNodeReq,100841
UpdateRouteReq,107329
UpdateRouteReq,49728
FindNodeReq,82215
UpdateRouteReq,37661
UpdateRouteReq,35956
FindNodeReq,65419
UpdateRouteReq,36755
FindNodeReq,65550
FindNodeReq,64917
UpdateRouteReq,82824
FindNodeReq,145385
UpdateRouteReq,74726
UpdateRouteReq,74834
FindNodeReq,119641
UpdateRouteReq,37431
UpdateRouteReq,63434
UpdateRouteReq,43865
UpdateRouteReq,37963
UpdateRouteReq,38199
UpdateRouteReq,36535
PathTeardownReq,68530
UpdateRouteReq,75687
UpdateRouteReq,78234
FindNodeReq,136423
UpdateRouteReq,72351
UpdateRouteReq,72143
FindNodeReq,112651
UpdateRouteReq,57010
UpdateRouteReq,56782
FindNodeReq,73559
UpdateRouteReq,39021
UpdateRouteReq,36656
QueryRouteReq,79986
QueryRouteReq,68743
UpdateRouteReq,41754
UpdateRouteReq,36330
UpdateRouteReq,35955
FindNodeReq,69962
UpdateRouteReq,64167
UpdateRouteReq,39700
FindNodeReq,68774
UpdateRouteReq,37243
UpdateRouteReq,35511
FindNodeReq,63256
UpdateRouteReq,38045
UpdateRouteReq,36198
UpdateRouteReq,36079
UpdateRouteReq,34996
FindNodeReq,66895
UpdateRouteReq,66622
UpdateRouteReq,68311
FindNodeReq,101738
UpdateRouteReq,46011
PathSetupReq,33639
UpdateRouteReq,42191
UpdateRouteReq,39839
UpdateRouteReq,39259
UpdateRouteReq,38392
UpdateRouteReq,39323
UpdateRouteReq,38850
UpdateRouteReq,41729
UpdateRouteReq,40459
UpdateRouteReq,36306
FindNodeReq,73515
UpdateRouteReq,37410
UpdateRouteReq,39263
UpdateRouteReq,35932
FindNodeRsp,91685
UpdateRouteReq,259902
UpdateRouteReq,260578
FindNodeReq,295058
UpdateRouteReq,301291
UpdateRouteReq,307241
UpdateRouteReq,313344
UpdateRouteReq,319345
FindNodeReq,348106
UpdateRouteReq,335724
UpdateRouteReq,342811
FindNodeReq,355422
UpdateRouteReq,362256
UpdateRouteReq,133622
FindNodeReq,162093
FindNodeReq,162222
FindNodeReq,61560
FindNodeReq,70916
FindNodeReq,64265
FindNodeReq,65445
FindNodeReq,63786
FindNodeReq,63628
UpdateRouteReq,55531
QueryRouteReq,69691
UpdateRouteReq,39919
UpdateRouteReq,36899
FindNodeReq,66725
UpdateRouteReq,39119
UpdateRouteReq,38599
UpdateRouteReq,37983
UpdateRouteReq,37149
UpdateRouteReq,35669
FindNodeReq,66330
UpdateRouteReq,37494
UpdateRouteReq,36847
FindNodeReq,64957
UpdateRouteReq,37893
UpdateRouteReq,36253
FindNodeReq,67961
UpdateRouteReq,37719
UpdateRouteReq,35848
FindNodeReq,59359
PathTeardownReq,44130
UpdateRouteReq,44131
UpdateRouteReq,39739
UpdateRouteReq,38529
UpdateRouteReq,45690
PathSetupReq,34231
UpdateRouteReq,38566
UpdateRouteReq,64906
UpdateRouteReq,39546
FindNodeReq,109614
UpdateRouteReq,55712
UpdateRouteReq,56175
FindNodeReq,94638
UpdateRouteReq,38436
UpdateRouteReq,89180
QueryRouteReq,84652
UpdateRouteReq,48851
UpdateRouteReq,40827
UpdateRouteReq,44259
UpdateRouteReq,38126
UpdateRouteReq,68780
FindNodeRsp,81038
UpdateRouteReq,80285
QueryRouteReq,129213
UpdateRouteReq,49033
UpdateRouteReq,38072
FindNodeReq,82418
UpdateRouteReq,37995
UpdateRouteReq,35339
FindNodeReq,66803
UpdateRouteReq,37040
FindNodeReq,198799
FindNodeReq,101783
UpdateRouteReq,38823
UpdateRouteReq,37639
UpdateRouteReq,38039
QueryRouteReq,77740
UpdateRouteReq,36623
UpdateRouteReq,37568
UpdateRouteReq,38661
UpdateRouteReq,38143
PathTeardownReq,50030
UpdateRouteReq,51771
PathSetupReq,33732
UpdateRouteReq,41801
UpdateRouteReq,96996
UpdateRouteReq,68519
UpdateRouteReq,43867
UpdateRouteReq,37890
FindNodeRsp,70906
UpdateRouteReq,151260
UpdateRouteReq,152571
FindNodeReq,186630
UpdateRouteReq,192654
FindNodeReq,65711
FindNodeReq,84098
FindNodeReq,65190
FindNodeReq,61547
QueryRouteReq,74662
UpdateRouteReq,40727
UpdateRouteReq,36154
FindNodeReq,69590
UpdateRouteReq,39269
UpdateRouteReq,35724
FindNodeReq,65285
UpdateRouteReq,52527
QueryRouteReq,93759
UpdateRouteReq,39595
FindNodeRsp,105786
UpdateRouteReq,49279
UpdateRouteReq,39917
UpdateRouteReq,39865
FindNodeRsp,107638
UpdateRouteReq,43159
QueryRouteReq,132521
UpdateRouteReq,48743
UpdateRouteReq,42617
UpdateRouteReq,42790
PathTeardownReq,40057
UpdateRouteReq,53847
UpdateRouteReq,79910
UpdateRouteReq,63321
UpdateRouteReq,41749
UpdateRouteReq,88822
QueryRouteReq,97194
UpdateRouteReq,45609
PathSetupReq,32516
UpdateRouteReq,73882
UpdateRouteReq,68445
PathTeardownReq,62135
QueryRouteReq,140983
FindNodeRsp,110016
QueryRouteReq,151653
UpdateRouteReq,87344
UpdateRouteReq,158613
UpdateRouteReq,39655
UpdateRouteReq,43061
UpdateRouteReq,132486
UpdateRouteReq,179364
UpdateRouteReq,63117
UpdateRouteReq,38608
UpdateRouteReq,38559
UpdateRouteReq,46432
PathSetupReq,33114
UpdateRouteReq,69927
UpdateRouteReq,51594
PathTeardownReq,36855
QueryRouteReq,178283
FindNodeRsp,77174
UpdateRouteReq,204736
UpdateRouteReq,205617
FindNodeReq,239333
UpdateRouteReq,246420
UpdateRouteReq,251858
FindNodeReq,279184
UpdateRouteReq,270727
UpdateRouteReq,45201
FindNodeReq,66819
UpdateRouteReq,37220
UpdateRouteReq,37019
FindNodeReq,64074
UpdateRouteReq,37739
UpdateRouteReq,37236
FindNodeReq,62575
UpdateRouteReq,36439
FindNodeReq,73809
FindNodeReq,66155
UpdateRouteReq,55990
UpdateRouteReq,39339
FindNodeReq,64938
UpdateRouteReq,38333
FindNodeReq,64107
FindNodeReq,67759
FindNodeRsp,42639
FindNodeReq,64631
UpdateRouteReq,40033
UpdateRouteReq,42907
UpdateRouteReq,37979
UpdateRouteReq,37323
UpdateRouteReq,37168
UpdateRouteReq,36324
UpdateRouteReq,35654
FindNodeReq,69473
UpdateRouteReq,37687
UpdateRouteReq,36244
FindNodeReq,66560
UpdateRouteReq,37269
UpdateRouteReq,36947
FindNodeReq,67135
UpdateRouteReq,37519
UpdateRouteReq,36152
FindNodeReq,68431
UpdateRouteReq,48581
PathSetupReq,37317
UpdateRouteReq,40171
UpdateRouteReq,38164
UpdateRouteReq,65418
UpdateRouteReq,39499
FindNodeReq,108953
UpdateRouteReq,56268
UpdateRouteReq,56908
FindNodeReq,73102
UpdateRouteReq,56371
UpdateRouteReq,55550
FindNodeReq,73460
UpdateRouteReq,38593
UpdateRouteReq,38249
QueryRouteReq,133191
UpdateRouteReq,46983
UpdateRouteReq,37045
FindNodeReq,77273
UpdateRouteReq,38563
UpdateRouteReq,35554
FindNodeReq,72404
UpdateRouteReq,37681
UpdateRouteReq,35683
FindNodeReq,67266
UpdateRouteReq,38203
UpdateRouteReq,36009
UpdateRouteReq,36727
UpdateRouteReq,37703
UpdateRouteReq,35716
FindNodeReq,70906
UpdateRouteReq,38312
UpdateRouteReq,36439
FindNodeReq,67248
UpdateRouteReq,37368
UpdateRouteReq,50275
FindNodeReq,80110
UpdateRouteReq,38295
UpdateRouteReq,37372
UpdateRouteReq,36601
UpdateRouteReq,173761
UpdateRouteReq,40760
UpdateRouteReq,38126
QueryRouteReq,140097
UpdateRouteReq,47055
UpdateRouteReq,39874
UpdateRouteReq,42619
FindNodeReq,83980
UpdateRouteReq,38973
UpdateRouteReq,37204
FindNodeReq,71115
UpdateRouteReq,46543
UpdateRouteReq,36809
FindNodeReq,68410
UpdateRouteReq,36629
FindNodeReq,151639
PathTeardownReq,40731
UpdateRouteReq,65022
UpdateRouteReq,46831
QueryRouteReq,108325
UpdateRouteReq,41721
FindNodeRsp,68158
UpdateRouteReq,205710
UpdateRouteReq,206594
FindNodeReq,240393
UpdateRouteReq,245656
UpdateRouteReq,249432
FindNodeReq,277614
UpdateRouteReq,269868
UpdateRouteReq,261958
FindNodeReq,111405
FindNodeReq,58723
FindNodeReq,62388
FindNodeReq,95712
UpdateRouteReq,53719
UpdateRouteReq,37532
UpdateRouteReq,55828
UpdateRouteReq,41137
UpdateRouteReq,40805
UpdateRouteReq,39778
UpdateRouteReq,50035
PathSetupReq,36792
UpdateRouteReq,46383
QueryRouteReq,94665
QueryRouteReq,132232
UpdateRouteReq,49147
UpdateRouteReq,40637
UpdateRouteReq,40448
UpdateRouteReq,40691
UpdateRouteReq,37371
FindNodeReq,74378
UpdateRouteReq,37627
UpdateRouteReq,35541
FindNodeReq,68229
UpdateRouteReq,36258
UpdateRouteReq,155492
UpdateRouteReq,87753
UpdateRouteReq,39179
UpdateRouteReq,41040
UpdateRouteReq,39774
UpdateRouteReq,39259
UpdateRouteReq,40479
FindNodeRsp,116936
QueryRouteReq,180871
UpdateRouteReq,64653
UpdateRouteReq,63474
UpdateRouteReq,38469
UpdateRouteReq,47572
FindNodeRsp,70294
UpdateRouteReq,43658
QueryRouteReq,111814
QueryRouteReq,77360
UpdateRouteReq,91389
UpdateRouteReq,42892
UpdateRouteReq,38624
FindNodeReq,75538
UpdateRouteReq,38423
UpdateRouteReq,36062
FindNodeReq,70059
UpdateRouteReq,36643
FindNodeRsp,42515
UpdateRouteReq,36735
FindNodeReq,69711
UpdateRouteReq,38354
UpdateRouteReq,36543
FindNodeReq,69763
UpdateRouteReq,37451
UpdateRouteReq,36022
FindNodeReq,65630
UpdateRouteReq,53347
PathTeardownReq,40800
UpdateRouteReq,40375
FindNodeRsp,75883
UpdateRouteReq,38623
QueryRouteReq,88529
UpdateRouteReq,39552
UpdateRouteReq,36746
FindNodeReq,71612
UpdateRouteReq,67138
UpdateRouteReq,68684
FindNodeReq,103862
UpdateRouteReq,66695
UpdateRouteReq,66954
FindNodeReq,105050
UpdateRouteReq,51803
UpdateRouteReq,53650
UpdateRouteReq,52643
FindNodeReq,111698
FindNodeReq,182723
FindNodeReq,107854
UpdateRouteReq,93826
UpdateRouteReq,128346
UpdateRouteReq,182032
UpdateRouteReq,88434
FindNodeReq,146100
QueryRouteReq,102785
QueryRouteReq,73702
UpdateRouteReq,39537
FindNodeRsp,71342
UpdateRouteReq,198920
UpdateRouteReq,200327
FindNodeReq,234991
UpdateRouteReq,240926
UpdateRouteReq,243235
UpdateRouteReq,218831
UpdateRouteReq,239179
FindNodeReq,280557
UpdateRouteReq,261502
UpdateRouteReq,300459
UpdateRouteReq,42328
UpdateRouteReq,65467
UpdateRouteReq,40411
FindNodeRsp,106912
QueryRouteReq,158320
UpdateRouteReq,88284
UpdateRouteReq,44291
PathSetupReq,32981
UpdateRouteReq,38623
QueryRouteReq,76058
UpdateRouteReq,40552
UpdateRouteReq,38555
PathTeardownReq,62366
UpdateRouteReq,50057
PathSetupReq,33622
PathTeardownReq,35110
FindNodeRsp,95525
QueryRouteReq,135881
UpdateRouteReq,112128
QueryRouteReq,71457
FindNodeRsp,110944
UpdateRouteReq,71817
PathSetupReq,66010
UpdateRouteReq,143377
UpdateRouteReq,91502
UpdateRouteReq,40544
UpdateRouteReq,69851
FindNodeRsp,93286
UpdateRouteReq,214588
UpdateRouteReq,215034
FindNodeReq,250526
UpdateRouteReq,257382
UpdateRouteReq,262588
FindNodeReq,291262
UpdateRouteReq,297459
UpdateRouteReq,297585
UpdateRouteReq,138705
UpdateRouteReq,124576
UpdateRouteReq,74251
UpdateRouteReq,109256
UpdateRouteReq,79290
UpdateRouteReq,39286
UpdateRouteReq,35754
FindNodeReq,128690
UpdateRouteReq,132090
UpdateRouteReq,100617
FindNodeReq,137225
UpdateRouteReq,140822
UpdateRouteReq,144931
FindNodeReq,176994
UpdateRouteReq,69058
UpdateRouteReq,70704
UpdateRouteReq,75506
UpdateRouteReq,64903
UpdateRouteReq,66870
FindNodeReq,99457
UpdateRouteReq,81942
UpdateRouteReq,82502
FindNodeReq,117734
UpdateRouteReq,124696
UpdateRouteReq,96669
FindNodeReq,126416
UpdateRouteReq,131709
UpdateRouteReq,136657
FindNodeReq,166756
UpdateRouteReq,46761
UpdateRouteReq,101758
UpdateRouteReq,93896
FindNodeReq,172800
UpdateRouteReq,92491
UpdateRouteReq,93080
UpdateRouteReq,94140
UpdateRouteReq,99390
UpdateRouteReq,82814
FindNodeReq,125881
UpdateRouteReq,131981
UpdateRouteReq,136811
FindNodeReq,146216
UpdateRouteReq,147932
UpdateRouteReq,153366
FindNodeReq,184476
UpdateRouteReq,190212
UpdateRouteReq,194431
FindNodeReq,67469
UpdateRouteReq,64947
UpdateRouteReq,39765
QueryRouteReq,148237
UpdateRouteReq,48019
QueryRouteReq,78404
UpdateRouteReq,42393
UpdateRouteReq,68078
UpdateRouteReq,200136
FindNodeRsp,92630
UpdateRouteReq,242747
UpdateRouteReq,242956
FindNodeReq,277538
UpdateRouteReq,284436
UpdateRouteReq,289714
FindNodeReq,317372
UpdateRouteReq,322209
UpdateRouteReq,313108
FindNodeReq,339963
UpdateRouteReq,347213
UpdateRouteReq,337398
FindNodeReq,198005
UpdateRouteReq,199260
UpdateRouteReq,204667
FindNodeReq,232528
UpdateRouteReq,222857
UpdateRouteReq,122961
UpdateRouteReq,123645
UpdateRouteReq,116805
UpdateRouteReq,121112
UpdateRouteReq,127377
UpdateRouteReq,91802
UpdateRouteReq,87376
FindNodeReq,139102
UpdateRouteReq,141553
UpdateRouteReq,146646
FindNodeReq,118973
UpdateRouteReq,118618
UpdateRouteReq,122446
FindNodeReq,153302
UpdateRouteReq,98672
UpdateRouteReq,99567
UpdateRouteReq,104788
UpdateRouteReq,110296
FindNodeReq,141953
UpdateRouteReq,110870
UpdateRouteReq,111310
FindNodeReq,142440
UpdateRouteReq,149077
UpdateRouteReq,154662
FindNodeReq,182393
FindNodeReq,65330
FindNodeReq,59171
UpdateRouteReq,49739
UpdateRouteReq,41836
UpdateRouteReq,37983
UpdateRouteReq,36919
UpdateRouteReq,65126
UpdateRouteReq,39915
UpdateRouteReq,38348
UpdateRouteReq,36457
FindNodeReq,125514
UpdateRouteReq,128821
UpdateRouteReq,99976
FindNodeReq,137298
UpdateRouteReq,141917
UpdateRouteReq,145226
FindNodeReq,180825
UpdateRouteReq,52547
UpdateRouteReq,53767
UpdateRouteReq,37124
FindNodeReq,80558
UpdateRouteReq,81998
UpdateRouteReq,65434
FindNodeReq,95489
UpdateRouteReq,102049
UpdateRouteReq,64724
FindNodeReq,94494
UpdateRouteReq,101587
UpdateRouteReq,64318
UpdateRouteReq,65750
FindNodeReq,97229
UpdateRouteReq,47799
UpdateRouteReq,37287
UpdateRouteReq,65008
UpdateRouteReq,41045
UpdateRouteReq,37131
FindNodeReq,125053
UpdateRouteReq,128073
UpdateRouteReq,101311
FindNodeReq,140926
UpdateRouteReq,144078
UpdateRouteReq,147660
FindNodeReq,179441
UpdateRouteReq,83042
UpdateRouteReq,84214
UpdateRouteReq,89336
UpdateRouteReq,95078
FindNodeReq,106359
UpdateRouteReq,108342
UpdateRouteReq,112845
FindNodeReq,144328
UpdateRouteReq,65532
UpdateRouteReq,66496
FindNodeReq,99932
UpdateRouteReq,38501
UpdateRouteReq,36234
UpdateRouteReq,37845
UpdateRouteReq,36761
UpdateRouteReq,65178
UpdateRouteReq,57957
FindNodeReq,129708
UpdateRouteReq,105054
UpdateRouteReq,105450
FindNodeReq,143657
UpdateRouteReq,148745
UpdateRouteReq,152126
FindNodeReq,112918
UpdateRouteReq,113384
UpdateRouteReq,119138
UpdateRouteReq,124173
UpdateRouteReq,93803
FindNodeReq,127043
UpdateRouteReq,134021
UpdateRouteReq,139438
FindNodeReq,170719
UpdateRouteReq,53344
UpdateRouteReq,54312
UpdateRouteReq,37275
UpdateRouteReq,50108
FindNodeReq,83059
UpdateRouteReq,66953
UpdateRouteReq,67274
FindNodeReq,100694
UpdateRouteReq,65123
UpdateRouteReq,66631
FindNodeReq,99956
UpdateRouteReq,53106
UpdateRouteReq,53963
UpdateRouteReq,50366
UpdateRouteReq,52715
UpdateRouteReq,49684
FindNodeReq,78100
UpdateRouteReq,66687
UpdateRouteReq,67783
FindNodeReq,100918
UpdateRouteReq,67684
UpdateRouteReq,67858
FindNodeReq,99094
FindNodeReq,62719
FindNodeReq,58593
FindNodeReq,65086
FindNodeReq,59311
FindNodeReq,64158
FindNodeReq,58661
FindNodeReq,70330
UpdateRouteReq,66955
UpdateRouteReq,68605
FindNodeReq,100578
UpdateRouteReq,44847
UpdateRouteReq,38726
QueryRouteReq,78539
UpdateRouteReq,47302
UpdateRouteReq,111545
UpdateRouteReq,103512
UpdateRouteReq,174405
UpdateRouteReq,39213
QueryRouteReq,135491
PathTeardownReq,40037
UpdateRouteReq,44203
UpdateRouteReq,38061
UpdateRouteReq,96207
UpdateRouteReq,82521
UpdateRouteReq,69731
UpdateRouteReq,59289
UpdateRouteReq,43221
FindNodeRsp,99163
UpdateRouteReq,65071
PathSetupReq,60452
FindNodeRsp,67846
UpdateRouteReq,46947
UpdateRouteReq,46085
FindNodeRsp,95584
UpdateRouteReq,101910
UpdateRouteReq,94251
FindNodeReq,171612
UpdateRouteReq,86468
UpdateRouteReq,86217
FindNodeReq,130477
UpdateRouteReq,135352
FindNodeReq,156398
UpdateRouteReq,54415
FindNodeRsp,80338
UpdateRouteReq,41085
QueryRouteReq,81965
UpdateRouteReq,36914
UpdateRouteReq,39827
UpdateRouteReq,40259
QueryRouteReq,74449
FindNodeRsp,71717
UpdateRouteReq,232745
UpdateRouteReq,232671
FindNodeReq,265778
UpdateRouteReq,272826
UpdateRouteReq,278306
FindNodeReq,306813
UpdateRouteReq,313037
UpdateRouteReq,285181
UpdateRouteReq,84012
UpdateRouteReq,72306
UpdateRouteReq,78195
UpdateRouteReq,46708
UpdateRouteReq,38267
UpdateRouteReq,40011
UpdateRouteReq,102138
UpdateRouteReq,95002
FindNodeReq,170866
UpdateRouteReq,118772
UpdateRouteReq,118971
FindNodeReq,160445
UpdateRouteReq,164916
UpdateRouteReq,168902
FindNodeReq,203922
UpdateRouteReq,98202
UpdateRouteReq,99153
UpdateRouteReq,104236
UpdateRouteReq,110108
FindNodeReq,142990
UpdateRouteReq,131966
UpdateRouteReq,132493
FindNodeReq,168301
UpdateRouteReq,175600
UpdateRouteReq,181620
FindNodeReq,212188
UpdateRouteReq,65178
UpdateRouteReq,40439
FindNodeRsp,79966
FindNodeRsp,194648
UpdateRouteReq,194671
UpdateRouteReq,199432
FindNodeReq,265295
UpdateRouteReq,271662
UpdateRouteReq,275470
FindNodeReq,308215
UpdateRouteReq,314185
UpdateRouteReq,317913
UpdateRouteReq,241554
FindNodeReq,272154
UpdateRouteReq,277743
UpdateRouteReq,282515
FindNodeReq,310891
UpdateRouteReq,317857
UpdateRouteReq,323444
FindNodeReq,349476
UpdateRouteReq,356852
UpdateRouteReq,363008
UpdateRouteReq,354257
FindNodeReq,381105
FindNodeReq,90758
FindNodeReq,63531
FindNodeReq,57711
FindNodeReq,60343
UpdateRouteReq,64565
UpdateRouteReq,38179
UpdateRouteReq,65697
UpdateRouteReq,49839
QueryRouteReq,80364
UpdateRouteReq,37530
PathTeardownReq,46535
UpdateRouteReq,81878
PathSetupReq,75002
UpdateRouteReq,71910
UpdateRouteReq,65600
UpdateRouteReq,57481
FindNodeReq,130090
UpdateRouteReq,87149
UpdateRouteReq,86642
FindNodeReq,128464
UpdateRouteReq,134468
UpdateRouteReq,54488
QueryRouteReq,91034
FindNodeRsp,74946
QueryRouteReq,125785
UpdateRouteReq,152488
UpdateRouteReq,55406
UpdateRouteReq,36527
UpdateRouteReq,39747
UpdateRouteReq,39119
UpdateRouteReq,39465
UpdateRouteReq,68974
FindNodeRsp,122370
FindNodeRsp,94280
UpdateRouteReq,102172
UpdateRouteReq,95162
FindNodeReq,171703
UpdateRouteReq,87684
UpdateRouteReq,86842
FindNodeReq,131873
UpdateRouteReq,137001
PathTeardownReq,90064
UpdateRouteReq,72432
QueryRouteReq,145917
UpdateRouteReq,43077
UpdateRouteReq,38185
QueryRouteReq,79912
FindNodeRsp,113909
UpdateRouteReq,241927
UpdateRouteReq,242654
FindNodeReq,275761
UpdateRouteReq,282261
UpdateRouteReq,308537
FindNodeReq,307473
FindNodeReq,361668
FindNodeReq,430979
UpdateRouteReq,437770
UpdateRouteReq,416720
UpdateRouteReq,422637
UpdateRouteReq,147357
UpdateRouteReq,165178
UpdateRouteReq,125009
FindNodeRsp,47304
UpdateRouteReq,41067
UpdateRouteReq,39761
UpdateRouteReq,56880
UpdateRouteReq,38508
UpdateRouteReq,45987
UpdateRouteReq,43159
UpdateRouteReq,38947
UpdateRouteReq,40577
UpdateRouteReq,95518
PathSetupReq,87210
UpdateRouteReq,97265
UpdateRouteReq,98398
FindNodeReq,138064
UpdateRouteReq,145661
UpdateRouteReq,120737
FindNodeReq,153630
UpdateRouteReq,160988
UpdateRouteReq,166146
FindNodeReq,200363
UpdateRouteReq,207935
UpdateRouteReq,127039
UpdateRouteReq,130092
UpdateRouteReq,137273
FindNodeReq,174467
UpdateRouteReq,181356
UpdateRouteReq,187328
FindNodeReq,219783
UpdateRouteReq,68554
UpdateRouteReq,71099
FindNodeReq,104962
FindNodeRsp,108542
UpdateRouteReq,83783
UpdateRouteReq,84125
UpdateRouteReq,89530
UpdateRouteReq,42396
QueryRouteReq,80798
UpdateRouteReq,38530
UpdateRouteReq,40545
PathTeardownReq,62579
UpdateRouteReq,72473
UpdateRouteReq,46832
PathSetupReq,33708
UpdateRouteReq,43415
UpdateRouteReq,43299
UpdateRouteReq,43155
UpdateRouteReq,41991
UpdateRouteReq,46724
UpdateRouteReq,155906
UpdateRouteReq,58082
QueryRouteReq,103430
PathTeardownReq,63325
QueryRouteReq,173166
UpdateRouteReq,92565
UpdateRouteReq,71326
FindNodeReq,108885
UpdateRouteReq,117176
UpdateRouteReq,66959
FindNodeReq,100369
UpdateRouteReq,107810
FindNodeReq,146915
FindNodeReq,219863
UpdateRouteReq,39291
UpdateRouteReq,41080
UpdateRouteReq,54755
UpdateRouteReq,37287
UpdateRouteReq,176561
UpdateRouteReq,87828
UpdateRouteReq,77887
UpdateRouteReq,153898
UpdateRouteReq,158054
QueryRouteReq,86540
UpdateRouteReq,70187
QueryRouteReq,122501
FindNodeRsp,97920
UpdateRouteReq,49159
PathSetupReq,34256
FindNodeRsp,84618
UpdateRouteReq,255160
UpdateRouteReq,255508
FindNodeReq,316913
UpdateRouteReq,324701
UpdateRouteReq,330225
FindNodeReq,358564
UpdateRouteReq,364676
UpdateRouteReq,350965
UpdateRouteReq,341272
UpdateRouteReq,85134
UpdateRouteReq,87468
UpdateRouteReq,80666
UpdateRouteReq,44995
UpdateRouteReq,39539
UpdateRouteReq,102169
UpdateRouteReq,96278
FindNodeReq,172335
UpdateRouteReq,120191
UpdateRouteReq,121558
FindNodeReq,163372
UpdateRouteReq,169529
UpdateRouteReq,174754
FindNodeReq,207709
UpdateRouteReq,114046
UpdateRouteReq,116825
UpdateRouteReq,124397
UpdateRouteReq,131328
FindNodeReq,167904
UpdateRouteReq,175333
UpdateRouteReq,95646
FindNodeReq,126881
UpdateRouteReq,135325
UpdateRouteReq,142637
FindNodeReq,172930
FindNodeReq,85846
FindNodeReq,111608
FindNodeReq,65757
FindNodeReq,61675
FindNodeReq,62619
FindNodeReq,62403
FindNodeReq,63226
FindNodeReq,62096
UpdateRouteReq,43439
UpdateRouteReq,39443
FindNodeReq,108018
QueryRouteReq,170371
UpdateRouteReq,165491
UpdateRouteReq,44131
UpdateRouteReq,180232
UpdateRouteReq,230207
PathTeardownReq,70364
UpdateRouteReq,107882
UpdateRouteReq,103178
UpdateRouteReq,110495
FindNodeReq,109179
UpdateRouteReq,155137
UpdateRouteReq,92223
UpdateRouteReq,40068
UpdateRouteReq,47487
PathSetupReq,48459
UpdateRouteReq,154072
UpdateRouteReq,159143
QueryRouteReq,97210
PathTeardownReq,98154
UpdateRouteReq,69573
QueryRouteReq,122482
FindNodeReq,153912
UpdateRouteReq,102086
UpdateRouteReq,96563
FindNodeReq,173482
UpdateRouteReq,87688
UpdateRouteReq,89053
FindNodeReq,133066
UpdateRouteReq,139804
UpdateRouteReq,39149
QueryRouteReq,83460
QueryRouteReq,74581
UpdateRouteReq,44531
UpdateRouteReq,45771
PathSetupReq,44902
FindNodeRsp,93518
FindNodeRsp,105677
FindNodeRsp,103697
FindNodeRsp,137709
UpdateRouteReq,285464
UpdateRouteReq,285763
FindNodeReq,320795
UpdateRouteReq,327465
UpdateRouteReq,332769
FindNodeReq,360782
UpdateRouteReq,366916
UpdateRouteReq,343035
FindNodeReq,397137
UpdateRouteReq,403482
UpdateRouteReq,408639
FindNodeReq,436563
UpdateRouteReq,443536
UpdateRouteReq,265568
FindNodeReq,294459
UpdateRouteReq,302451
UpdateRouteReq,172978
UpdateRouteReq,149785
UpdateRouteReq,115478
UpdateRouteReq,39944
UpdateRouteReq,39113
UpdateRouteReq,70279
UpdateRouteReq,42147
UpdateRouteReq,38731
UpdateRouteReq,65186
UpdateRouteReq,58962
FindNodeReq,129886
UpdateRouteReq,107630
UpdateRouteReq,108779
FindNodeReq,147631
UpdateRouteReq,154157
UpdateRouteReq,158344
FindNodeReq,100336
UpdateRouteReq,102289
UpdateRouteReq,110077
UpdateRouteReq,97629
UpdateRouteReq,100567
FindNodeReq,133367
UpdateRouteReq,141289
UpdateRouteReq,147302
FindNodeReq,109729
UpdateRouteReq,112836
UpdateRouteReq,120601
FindNodeReq,150120
UpdateRouteReq,40476
UpdateRouteReq,38283
UpdateRouteReq,37968
UpdateRouteReq,38415
QueryRouteReq,146269
UpdateRouteReq,40772
PathTeardownReq,45471
UpdateRouteReq,41525
UpdateRouteReq,57674
UpdateRouteReq,39752
QueryRouteReq,163516
UpdateRouteReq,156156
UpdateRouteReq,85923
UpdateRouteReq,42537
UpdateRouteReq,39303
UpdateRouteReq,39338
UpdateRouteReq,43711
PathSetupReq,34819
PathTeardownReq,64581
UpdateRouteReq,75080
UpdateRouteReq,111101
FindNodeReq,150575
UpdateRouteReq,157080
UpdateRouteReq,163424
FindNodeReq,196658
UpdateRouteReq,38860
UpdateRouteReq,37083
UpdateRouteReq,57518
QueryRouteReq,87966
UpdateRouteReq,42052
UpdateRouteReq,38887
QueryRouteReq,77131
UpdateRouteReq,38639
UpdateRouteReq,67559
UpdateRouteReq,70982
FindNodeRsp,90170
UpdateRouteReq,309259
UpdateRouteReq,336681
FindNodeReq,388760
UpdateRouteReq,418740
UpdateRouteReq,423438
UpdateRouteReq,449038
FindNodeReq,497451
UpdateRouteReq,503414
UpdateRouteReq,248404
UpdateRouteReq,250984
FindNodeReq,287882
UpdateRouteReq,294218
UpdateRouteReq,299074
FindNodeReq,328707
UpdateRouteReq,335313
UpdateRouteReq,341211
FindNodeReq,368666
UpdateRouteReq,375175
FindNodeReq,375291
FindNodeReq,387044
FindNodeReq,203239
FindNodeReq,229306
FindNodeReq,256116
FindNodeReq,59753
FindNodeReq,58624
FindNodeReq,57626
UpdateRouteReq,208448
UpdateRouteReq,169953
UpdateRouteReq,184432
UpdateRouteReq,161794
UpdateRouteReq,74405
UpdateRouteReq,39572
UpdateRouteReq,66838
UpdateRouteReq,69610
UpdateRouteReq,57739
UpdateRouteReq,41270
UpdateRouteReq,94592
UpdateRouteReq,78028
PathSetupReq,43759
UpdateRouteReq,173448
UpdateRouteReq,149084
UpdateRouteReq,44412
UpdateRouteReq,38083
FindNodeReq,102992
UpdateRouteReq,85065
UpdateRouteReq,86834
FindNodeReq,123012
UpdateRouteReq,130721
QueryRouteReq,72935
UpdateRouteReq,53723
UpdateRouteReq,38627
UpdateRouteReq,39046
FindNodeRsp,117257
UpdateRouteReq,111254
UpdateRouteReq,152382
FindNodeReq,207503
UpdateRouteReq,215183
UpdateRouteReq,147921
UpdateRouteReq,135673
UpdateRouteReq,142612
UpdateRouteReq,70471
UpdateRouteReq,49301
UpdateRouteReq,42799
UpdateRouteReq,44252
UpdateRouteReq,39355
QueryRouteReq,119503
UpdateRouteReq,40319
UpdateRouteReq,38385
UpdateRouteReq,91832
UpdateRouteReq,107837
QueryRouteReq,143501
UpdateRouteReq,60263
UpdateRouteReq,41804
UpdateRouteReq,39179
FindNodeRsp,86694
FindNodeRsp,105904
UpdateRouteReq,42359
UpdateRouteReq,68233
UpdateRouteReq,137975
UpdateRouteReq,157665
UpdateRouteReq,69005
UpdateRouteReq,102148
UpdateRouteReq,95712
FindNodeReq,172275
UpdateRouteReq,90607
UpdateRouteReq,89538
FindNodeReq,135744
UpdateRouteReq,139323
UpdateRouteReq,51110
PathTeardownReq,38591
UpdateRouteReq,69526
QueryRouteReq,99726
FindNodeRsp,105014
QueryRouteReq,140441
UpdateRouteReq,88187
UpdateRouteReq,93459
UpdateRouteReq,53007
PathSetupReq,33285
UpdateRouteReq,42991
UpdateRouteReq,102094
UpdateRouteReq,97008
FindNodeReq,174848
UpdateRouteReq,90020
UpdateRouteReq,90921
FindNodeReq,136890
UpdateRouteReq,141787
UpdateRouteReq,55063
QueryRouteReq,92900
UpdateRouteReq,38833
QueryRouteReq,69006
UpdateRouteReq,43444
UpdateRouteReq,40939
FindNodeRsp,70539
UpdateRouteReq,238161
UpdateRouteReq,238995
FindNodeReq,272387
UpdateRouteReq,278274
UpdateRouteReq,293669
UpdateRouteReq,285958
FindNodeReq,319995
UpdateRouteReq,327435
UpdateRouteReq,317929
FindNodeReq,197069
UpdateRouteReq,183508
UpdateRouteReq,189198
FindNodeReq,216952
UpdateRouteReq,224980
FindNodeReq,251973
UpdateRouteReq,259422
FindNodeReq,115996
FindNodeReq,140697
FindNodeReq,168090
FindNodeReq,72718
FindNodeReq,58027
FindNodeReq,61990
UpdateRouteReq,66442
UpdateRouteReq,68380
FindNodeReq,99310
UpdateRouteReq,65969
UpdateRouteReq,65733
UpdateRouteReq,77673
UpdateRouteReq,58702
FindNodeReq,133849
UpdateRouteReq,105496
UpdateRouteReq,107069
FindNodeReq,148368
UpdateRouteReq,155758
UpdateRouteReq,162748
UpdateRouteReq,150667
UpdateRouteReq,154236
FindNodeReq,192164
UpdateRouteReq,201050
UpdateRouteReq,207355
FindNodeReq,238703
UpdateRouteReq,246220
UpdateRouteReq,252348
FindNodeReq,62433
UpdateRouteReq,40541
UpdateRouteReq,36827
UpdateRouteReq,51591
FindNodeReq,87914
UpdateRouteReq,81559
FindNodeRsp,111285
UpdateRouteReq,50530
UpdateRouteReq,64272
QueryRouteReq,95501
UpdateRouteReq,39112
UpdateRouteReq,158397
FindNodeRsp,89596
PathTeardownReq,80473
UpdateRouteReq,85098
UpdateRouteReq,80199
FindNodeReq,147242
UpdateRouteReq,148751
UpdateRouteReq,154697
FindNodeReq,93912
UpdateRouteReq,96081
UpdateRouteReq,57547
QueryRouteReq,89054
UpdateRouteReq,77362
UpdateRouteReq,78713
UpdateRouteReq,41131
UpdateRouteReq,39171
UpdateRouteReq,39436
UpdateRouteReq,47141
PathSetupReq,33051
PathTeardownReq,62722
UpdateRouteReq,55365
UpdateRouteReq,88582
FindNodeReq,144156
UpdateRouteReq,40008
QueryRouteReq,72662
UpdateRouteReq,54191
UpdateRouteReq,165385
UpdateRouteReq,193057
UpdateRouteReq,222661
UpdateRouteReq,43045
QueryRouteReq,68248
UpdateRouteReq,42897
UpdateRouteReq,50965
UpdateRouteReq,40300
UpdateRouteReq,58868
FindNodeReq,80442
UpdateRouteReq,239127
UpdateRouteReq,46737
PathSetupReq,33473
FindNodeRsp,69825
UpdateRouteReq,258669
UpdateRouteReq,259340
FindNodeReq,329118
UpdateRouteReq,336261
UpdateRouteReq,356537
UpdateRouteReq,362252
UpdateRouteReq,355629
UpdateRouteReq,44059
UpdateRouteReq,44877
UpdateRouteReq,42841
QueryRouteReq,73771
UpdateRouteReq,38145
UpdateRouteReq,49883
UpdateRouteReq,41582
UpdateRouteReq,42659
UpdateRouteReq,42032
FindNodeReq,95419
FindNodeReq,111421
FindNodeRsp,96111
QueryRouteReq,75836
QueryRouteReq,77314
UpdateRouteReq,43543
UpdateRouteReq,40295
UpdateRouteReq,43987
UpdateRouteReq,41811
FindNodeRsp,75646
FindNodeRsp,102571
FindNodeRsp,94238
UpdateRouteReq,201262
UpdateRouteReq,204327
FindNodeReq,238099
UpdateRouteReq,245645
UpdateRouteReq,251853
FindNodeReq,281488
UpdateRouteReq,289546
UpdateRouteReq,142417
UpdateRouteReq,130434
UpdateRouteReq,138019
FindNodeRsp,78838
UpdateRouteReq,59151
UpdateRouteReq,60501
UpdateRouteReq,69205
UpdateRouteReq,58594
FindNodeReq,131775
UpdateRouteReq,120841
UpdateRouteReq,121329
FindNodeReq,206062
UpdateRouteReq,213817
UpdateRouteReq,219028
FindNodeReq,259109
UpdateRouteReq,53913
UpdateRouteReq,56578
UpdateRouteReq,38041
FindNodeReq,85315
UpdateRouteReq,88632
UpdateRouteReq,67338
FindNodeReq,99033
UpdateRouteReq,106629
UpdateRouteReq,79802
FindNodeReq,110812
UpdateRouteReq,119304
UpdateRouteReq,126634
UpdateRouteReq,51368
FindNodeReq,83224
FindNodeReq,66683
UpdateRouteReq,90931
PathTeardownReq,40008
UpdateRouteReq,43101
QueryRouteReq,93182
UpdateRouteReq,44451
QueryRouteReq,97577
UpdateRouteReq,43819
UpdateRouteReq,40248
UpdateRouteReq,39864
FindNodeRsp,88449
QueryRouteReq,179782
FindNodeRsp,77182
UpdateRouteReq,284420
UpdateRouteReq,285390
FindNodeReq,318872
UpdateRouteReq,325037
UpdateRouteReq,316169
FindNodeReq,345355
UpdateRouteReq,352296
UpdateRouteReq,342509
FindNodeReq,368372
UpdateRouteReq,374230
UpdateRouteReq,380623
FindNodeReq,406955
UpdateRouteReq,414807
UpdateRouteReq,189381
FindNodeReq,217781
UpdateRouteReq,239961
FindNodeReq,268659
FindNodeReq,305845
UpdateRouteReq,315024
UpdateRouteReq,94578
UpdateRouteReq,39612
UpdateRouteReq,38770
UpdateRouteReq,46169
UpdateRouteReq,40529
UpdateRouteReq,43949
UpdateRouteReq,55290
UpdateRouteReq,41007
UpdateRouteReq,45261
UpdateRouteReq,131102
PathSetupReq,123054
FindNodeRsp,97442
UpdateRouteReq,417295
UpdateRouteReq,417775
FindNodeReq,471394
UpdateRouteReq,477818
UpdateRouteReq,482529
FindNodeReq,510827
UpdateRouteReq,516414
UpdateRouteReq,520301
FindNodeReq,549583
UpdateRouteReq,555484
UpdateRouteReq,563469
UpdateRouteReq,570978
UpdateRouteReq,577002
FindNodeReq,588828
UpdateRouteReq,596719
UpdateRouteReq,602539
FindNodeReq,616847
UpdateRouteReq,624106
UpdateRouteReq,629523
UpdateRouteReq,637586
UpdateRouteReq,644665
FindNodeReq,671653
UpdateRouteReq,164529
UpdateRouteReq,167195
FindNodeReq,237066
UpdateRouteReq,244903
UpdateRouteReq,251095
FindNodeReq,279410
FindNodeReq,306232
FindNodeReq,332163
FindNodeReq,360068
FindNodeReq,149827
FindNodeReq,147062
FindNodeReq,159333
FindNodeReq,186558
FindNodeReq,87130
UpdateRouteReq,104519
UpdateRouteReq,108393
UpdateRouteReq,115685
FindNodeReq,135737
UpdateRouteReq,41315
UpdateRouteReq,38543
UpdateRouteReq,67775
QueryRouteReq,68654
UpdateRouteReq,38690
UpdateRouteReq,57392
UpdateRouteReq,158304
UpdateRouteReq,68284
UpdateRouteReq,42967
UpdateRouteReq,38686
UpdateRouteReq,83967
UpdateRouteReq,78670
FindNodeReq,143787
UpdateRouteReq,147101
UpdateRouteReq,154002
FindNodeReq,92009
UpdateRouteReq,93978
PathTeardownReq,75980
UpdateRouteReq,67227
FindNodeReq,103466
UpdateRouteReq,88453
UpdateRouteReq,99584
FindNodeReq,169260
UpdateRouteReq,178408
UpdateRouteReq,121189
FindNodeReq,153709
UpdateRouteReq,161016
UpdateRouteReq,166544
FindNodeReq,200628
UpdateRouteReq,207204
UpdateRouteReq,249229
UpdateRouteReq,242787
UpdateRouteReq,237069
UpdateRouteReq,233263
FindNodeReq,264496
UpdateRouteReq,256250
UpdateRouteReq,225379
FindNodeReq,250518
QueryRouteReq,72837
UpdateRouteReq,40090
UpdateRouteReq,37801
UpdateRouteReq,38424
UpdateRouteReq,45067
FindNodeRsp,81082
QueryRouteReq,90598
UpdateRouteReq,72991
UpdateRouteReq,106374
UpdateRouteReq,44684
PathSetupReq,33005
UpdateRouteReq,41947
UpdateRouteReq,38235
FindNodeReq,81574
UpdateRouteReq,43844
UpdateRouteReq,108091
UpdateRouteReq,186480
UpdateRouteReq,41467
UpdateRouteReq,59653
QueryRouteReq,145493
FindNodeRsp,82984
UpdateRouteReq,45679
UpdateRouteReq,42641
UpdateRouteReq,45228
UpdateRouteReq,37408
FindNodeReq,78086
UpdateRouteReq,68662
UpdateRouteReq,70713
FindNodeReq,107801
UpdateRouteReq,38469
UpdateRouteReq,55559
QueryRouteReq,101530
UpdateRouteReq,39604
FindNodeRsp,66431
QueryRouteReq,70733
UpdateRouteReq,59799
UpdateRouteReq,38799
UpdateRouteReq,38899
PathTeardownReq,37080
UpdateRouteReq,39897
UpdateRouteReq,70131
FindNodeRsp,81382
UpdateRouteReq,75828
UpdateRouteReq,75215
FindNodeReq,149461
UpdateRouteReq,157697
UpdateRouteReq,69259
FindNodeReq,131037
UpdateRouteReq,138561
UpdateRouteReq,55362
QueryRouteReq,100659
QueryRouteReq,73094
UpdateRouteReq,42639
FindNodeRsp,70060
UpdateRouteReq,225908
UpdateRouteReq,226331
FindNodeReq,259681
UpdateRouteReq,265940
FindNodeReq,261000
FindNodeReq,311537
UpdateRouteReq,386927
FindNodeReq,409963
FindNodeReq,131481
FindNodeReq,154271
FindNodeReq,167868
FindNodeReq,182883
UpdateRouteReq,42292
FindNodeReq,61994
FindNodeRsp,59579
UpdateRouteReq,61210
UpdateRouteReq,53910
FindNodeReq,80288
UpdateRouteReq,40086
FindNodeReq,63259
UpdateRouteReq,54286
UpdateRouteReq,56937
UpdateRouteReq,51563
FindNodeReq,80139
FindNodeReq,65253
UpdateRouteReq,41227
UpdateRouteReq,41179
FindNodeReq,137243
UpdateRouteReq,42497
UpdateRouteReq,38307
UpdateRouteReq,52108
PathSetupReq,37771
UpdateRouteReq,102537
UpdateRouteReq,97597
FindNodeReq,174276
UpdateRouteReq,92403
UpdateRouteReq,92483
FindNodeReq,137408
UpdateRouteReq,142172
UpdateRouteReq,92283
UpdateRouteReq,86153
QueryRouteReq,143965
UpdateRouteReq,73559
UpdateRouteReq,105009
UpdateRouteReq,70307
UpdateRouteReq,96422
UpdateRouteReq,71118
UpdateRouteReq,69882
UpdateRouteReq,41311
FindNodeRsp,91299
QueryRouteReq,145922
QueryRouteReq,128667
UpdateRouteReq,44565
UpdateRouteReq,40967
UpdateRouteReq,43543
UpdateRouteReq,40939
UpdateRouteReq,40277
UpdateRouteReq,39925
PathTeardownReq,46813
UpdateRouteReq,44179
PathSetupReq,32804
PathTeardownReq,61901
UpdateRouteReq,85328
UpdateRouteReq,80178
FindNodeReq,146723
UpdateRouteReq,147539
UpdateRouteReq,153210
FindNodeReq,94358
UpdateRouteReq,95467
UpdateRouteReq,56104
QueryRouteReq,108285
UpdateRouteReq,78686
UpdateRouteReq,112545
QueryRouteReq,70655
FindNodeRsp,73586
UpdateRouteReq,243191
UpdateRouteReq,244218
FindNodeReq,278116
UpdateRouteReq,284088
UpdateRouteReq,300742
UpdateRouteReq,305154
FindNodeReq,322667
UpdateRouteReq,329189
UpdateRouteReq,334809
FindNodeReq,349458
UpdateRouteReq,434156
UpdateRouteReq,417923
FindNodeReq,453317
UpdateRouteReq,460168
UpdateRouteReq,555728
UpdateRouteReq,566752
UpdateRouteReq,618162
UpdateRouteReq,624972
UpdateRouteReq,631204
UpdateRouteReq,637840
UpdateRouteReq,632655
FindNodeReq,662740
UpdateRouteReq,670611
UpdateRouteReq,662286
FindNodeReq,695169
UpdateRouteReq,701696
FindNodeReq,215908
UpdateRouteReq,226175
FindNodeReq,253989
FindNodeReq,105646
UpdateRouteReq,78314
UpdateRouteReq,39037
UpdateRouteReq,275434
UpdateRouteReq,279368
FindNodeReq,305913
FindNodeReq,447626
FindNodeReq,520977
UpdateRouteReq,111750
UpdateRouteReq,51950
PathSetupReq,48193
UpdateRouteReq,77963
UpdateRouteReq,38900
UpdateRouteReq,38513
UpdateRouteReq,39903
UpdateRouteReq,110938
UpdateRouteReq,104090
UpdateRouteReq,97752
QueryRouteReq,170700
UpdateRouteReq,100854
UpdateRouteReq,39572
UpdateRouteReq,57801
UpdateRouteReq,73788
UpdateRouteReq,42374
UpdateRouteReq,37272
FindNodeReq,233947
UpdateRouteReq,263566
UpdateRouteReq,313326
UpdateRouteReq,315820
FindNodeReq,348232
UpdateRouteReq,374932
PathTeardownReq,37165
UpdateRouteReq,64779
UpdateRouteReq,261066
UpdateRouteReq,68104
PathSetupReq,64930
FindNodeRsp,71905
UpdateRouteReq,42188
QueryRouteReq,78286
UpdateRouteReq,38647
UpdateRouteReq,40456
UpdateRouteReq,39506
UpdateRouteReq,55166
UpdateRouteReq,285378
UpdateRouteReq,53933
UpdateRouteReq,39803
FindNodeReq,88665
UpdateRouteReq,86614
UpdateRouteReq,88049
FindNodeReq,127585
UpdateRouteReq,133905
UpdateRouteReq,85589
PathTeardownReq,39932
FindNodeRsp,65142
UpdateRouteReq,42273
UpdateRouteReq,65331
UpdateRouteReq,42751
UpdateRouteReq,39355
UpdateRouteReq,56263
UpdateRouteReq,49227
UpdateRouteReq,89502
PathSetupReq,80340
UpdateRouteReq,68363
FindNodeRsp,109716
UpdateRouteReq,64890
UpdateRouteReq,55891
FindNodeRsp,77891
UpdateRouteReq,40707
UpdateRouteReq,38903
UpdateRouteReq,37929
UpdateRouteReq,38086
PathSetupReq,78609
PathTeardownReq,72731
PathSetupReq,34100
PathTeardownReq,33033
PathSetupReq,32677
PathTeardownReq,32312
PathSetupReq,31303
PathTeardownReq,32175
PathSetupReq,31004
PathTeardownReq,32039
FindNodeRsp,76911
UpdateRouteReq,272461
UpdateRouteReq,255954
FindNodeReq,288488
UpdateRouteReq,292282
UpdateRouteReq,296000
FindNodeReq,339075
UpdateRouteReq,365902
UpdateRouteReq,374339
PathSetupReq,364580
PathTeardownReq,365930
UpdateRouteReq,357876
FindNodeReq,342957
UpdateRouteReq,343911
UpdateRouteReq,334745
FindNodeReq,363287
UpdateRouteReq,369659
UpdateRouteReq,358734
FindNodeReq,387264
UpdateRouteReq,392710
UpdateRouteReq,399232
UpdateRouteReq,405017
UpdateRouteReq,412602
FindNodeReq,440030
UpdateRouteReq,447538
UpdateRouteReq,452622
FindNodeReq,480326
PathSetupReq,81510
PathTeardownReq,80107
UpdateRouteReq,87860
QueryRouteReq,139921
UpdateRouteReq,144312
UpdateRouteReq,150013
UpdateRouteReq,144725
QueryRouteReq,77810
UpdateRouteReq,39935
UpdateRouteReq,131589
UpdateRouteReq,138170
UpdateRouteReq,146664
UpdateRouteReq,40397
UpdateRouteReq,41503
FindNodeRsp,96883
UpdateRouteReq,101548
UpdateRouteReq,93403
UpdateRouteReq,106363
PathSetupReq,105870
UpdateRouteReq,48008
UpdateRouteReq,54943
FindNodeReq,130032
UpdateRouteReq,89808
UpdateRouteReq,90545
FindNodeReq,131145
UpdateRouteReq,138281
UpdateRouteReq,119637
UpdateRouteReq,69504
QueryRouteReq,141637
FindNodeRsp,75474
QueryRouteReq,77591
UpdateRouteReq,40279
UpdateRouteReq,38870
UpdateRouteReq,38235
UpdateRouteReq,38720
UpdateRouteReq,45604
UpdateRouteReq,44192
UpdateRouteReq,70972
PathTeardownReq,162856
UpdateRouteReq,45355
UpdateRouteReq,40520
QueryRouteReq,91752
UpdateRouteReq,71473
UpdateRouteReq,165779
UpdateRouteReq,43681
UpdateRouteReq,45732
PathSetupReq,32994
UpdateRouteReq,188697
QueryRouteReq,132556
FindNodeRsp,78917
UpdateRouteReq,201198
UpdateRouteReq,203371
FindNodeReq,238442
UpdateRouteReq,246155
UpdateRouteReq,251965
FindNodeReq,279667
UpdateRouteReq,287405
FindNodeReq,341600
FindNodeReq,405042
FindNodeReq,429119
FindNodeReq,91464
FindNodeReq,59058
UpdateRouteReq,70138
UpdateRouteReq,42784
UpdateRouteReq,41263
UpdateRouteReq,39220
UpdateRouteReq,38359
FindNodeReq,64997
UpdateRouteReq,69901
UpdateRouteReq,72391
FindNodeReq,107994
UpdateRouteReq,81230
UpdateRouteReq,83833
UpdateRouteReq,90897
FindNodeReq,122578
FindNodeReq,60079
UpdateRouteReq,41004
UpdateRouteReq,37435
FindNodeReq,90426
UpdateRouteReq,38852
UpdateRouteReq,39579
UpdateRouteReq,102042
UpdateRouteReq,96992
FindNodeReq,173944
UpdateRouteReq,91018
UpdateRouteReq,91355
FindNodeReq,134297
UpdateRouteReq,139118
UpdateRouteReq,79220
UpdateRouteReq,92221
QueryRouteReq,113366
QueryRouteReq,105949
UpdateRouteReq,72474
UpdateRouteReq,66247
UpdateRouteReq,68168
UpdateRouteReq,47520
UpdateRouteReq,69653
FindNodeRsp,103170
PathTeardownReq,98112
FindNodeRsp,96434
FindNodeRsp,85867
FindNodeReq,155564
QueryRouteReq,150090
UpdateRouteReq,215483
UpdateRouteReq,70277
FindNodeRsp,89780
UpdateRouteReq,95880
PathSetupReq,94566
UpdateRouteReq,74122
UpdateRouteReq,66871
UpdateRouteReq,241431
UpdateRouteReq,81311
FindNodeRsp,96210
UpdateRouteReq,50697
QueryRouteReq,154916
UpdateRouteReq,212324
UpdateRouteReq,66190
FindNodeRsp,106746
UpdateRouteReq,401937
FindNodeReq,504737
FindNodeReq,580868
UpdateRouteReq,170998
UpdateRouteReq,85650
FindNodeReq,149301
UpdateRouteReq,88200
FindNodeReq,146182
UpdateRouteReq,128894
UpdateRouteReq,141081
FindNodeReq,192303
UpdateRouteReq,133516
UpdateRouteReq,129222
FindNodeReq,179487
UpdateRouteReq,191876
FindNodeReq,107026
FindNodeReq,97638
FindNodeRsp,209334
UpdateRouteReq,325518
UpdateRouteReq,335359
UpdateRouteReq,303690
UpdateRouteReq,345533
UpdateRouteReq,420553
UpdateRouteReq,66376
UpdateRouteReq,85780
PathSetupReq,56431
UpdateRouteReq,67229
UpdateRouteReq,60966
UpdateRouteReq,72468
UpdateRouteReq,62090
FindNodeReq,114758
UpdateRouteReq,121106
UpdateRouteReq,114905
FindNodeReq,175754
UpdateRouteReq,60376
UpdateRouteReq,83671
QueryRouteReq,98534
UpdateRouteReq,114910
UpdateRouteReq,160767
UpdateRouteReq,301505
UpdateRouteReq,175248
UpdateRouteReq,59677
FindNodeRsp,113695
UpdateRouteReq,210663
UpdateRouteReq,250738
UpdateRouteReq,72442
FindNodeRsp,109585
UpdateRouteReq,63141
UpdateRouteReq,64868
UpdateRouteReq,53254
UpdateRouteReq,95031
QueryRouteReq,135517
FindNodeReq,212648
UpdateRouteReq,72755
UpdateRouteReq,62238
FindNodeReq,114569
UpdateRouteReq,118327
UpdateRouteReq,116127
FindNodeReq,177220
UpdateRouteReq,56819
UpdateRouteReq,76566
QueryRouteReq,127323
UpdateRouteReq,174965
UpdateRouteReq,114052
FindNodeReq,322804
FindNodeReq,131523
UpdateRouteReq,62711
UpdateRouteReq,136668
UpdateRouteReq,100409
UpdateRouteReq,132337
UpdateRouteReq,129552
UpdateRouteReq,141139
PathTeardownReq,59908
QueryRouteReq,133477
FindNodeRsp,118508
UpdateRouteReq,48807
UpdateRouteReq,75078
PathSetupReq,303857
UpdateRouteReq,391251
QueryRouteReq,494527
UpdateRouteReq,71487
UpdateRouteReq,72617
PathTeardownReq,59285
UpdateRouteReq,71000
PathSetupReq,79352
UpdateRouteReq,69876
UpdateRouteReq,135510
UpdateRouteReq,67894
UpdateRouteReq,82751
UpdateRouteReq,62074
FindNodeReq,120791
UpdateRouteReq,110422
UpdateRouteReq,111974
FindNodeReq,173538
UpdateRouteReq,57191
UpdateRouteReq,77604
UpdateRouteReq,75108
UpdateRouteReq,106631
PathTeardownReq,65860
UpdateRouteReq,73375
QueryRouteReq,106265
FindNodeRsp,179404
UpdateRouteReq,343271
UpdateRouteReq,351533
FindNodeReq,409903
UpdateRouteReq,426747
QueryRouteReq,415678
UpdateRouteReq,430387
UpdateRouteReq,436215
UpdateRouteReq,472526
FindNodeReq,664417
FindNodeReq,779831
FindNodeReq,323004
UpdateRouteReq,334477
UpdateRouteReq,397219
FindNodeReq,113438
FindNodeReq,156917
FindNodeReq,92393
UpdateRouteReq,89874
FindNodeReq,135644
FindNodeReq,95650
UpdateRouteReq,328840
QueryRouteReq,455401
UpdateRouteReq,468468
UpdateRouteReq,318645
FindNodeReq,582751
UpdateRouteReq,600956
UpdateRouteReq,127717
UpdateRouteReq,165284
UpdateRouteReq,283278
UpdateRouteReq,325571
UpdateRouteReq,187743
UpdateRouteReq,84720
PathSetupReq,116425
UpdateRouteReq,175300
UpdateRouteReq,60179
UpdateRouteReq,72407
UpdateRouteReq,61842
FindNodeReq,115643
UpdateRouteReq,117941
UpdateRouteReq,113143
FindNodeReq,175100
UpdateRouteReq,56478
UpdateRouteReq,85840
UpdateRouteReq,119886
QueryRouteReq,120483
UpdateRouteReq,52807
QueryRouteReq,106263
FindNodeRsp,111070
UpdateRouteReq,235715
UpdateRouteReq,238204
FindNodeReq,292732
UpdateRouteReq,303986
QueryRouteReq,319386
UpdateRouteReq,371570
UpdateRouteReq,376732
FindNodeReq,109260
PathTeardownReq,155864
UpdateRouteReq,64413
UpdateRouteReq,69178
UpdateRouteReq,91853
UpdateRouteReq,96251
UpdateRouteReq,66150
UpdateRouteReq,117813
UpdateRouteReq,177436
UpdateRouteReq,83430
UpdateRouteReq,69566
FindNodeRsp,130799
QueryRouteReq,193446
UpdateRouteReq,77268
PathSetupReq,81150
FindNodeRsp,89934
UpdateRouteReq,68111
UpdateRouteReq,65819
UpdateRouteReq,42203
UpdateRouteReq,77778
UpdateRouteReq,61067
FindNodeReq,114413
UpdateRouteReq,115046
UpdateRouteReq,111896
FindNodeReq,176943
UpdateRouteReq,58102
UpdateRouteReq,71070
QueryRouteReq,109994
QueryRouteReq,123021
UpdateRouteReq,62929
UpdateRouteReq,68866
UpdateRouteReq,66628
FindNodeRsp,110046
UpdateRouteReq,616072
UpdateRouteReq,679750
UpdateRouteReq,762239
FindNodeReq,837706
FindNodeReq,959493
UpdateRouteReq,402898
UpdateRouteReq,445611
UpdateRouteReq,448878
FindNodeReq,502476
UpdateRouteReq,509509
UpdateRouteReq,517873
FindNodeReq,563508
UpdateRouteReq,565892
UpdateRouteReq,578284
FindNodeReq,624590
UpdateRouteReq,638694
FindNodeReq,116037
FindNodeReq,118209
UpdateRouteReq,87931
UpdateRouteReq,84750
UpdateRouteReq,116083
UpdateRouteReq,164857
UpdateRouteReq,74146
UpdateRouteReq,94484
UpdateRouteReq,60853
UpdateRouteReq,66710
UpdateRouteReq,68191
UpdateRouteReq,65414
UpdateRouteReq,69978
UpdateRouteReq,97332
UpdateRouteReq,98718
UpdateRouteReq,87127
UpdateRouteReq,75210
UpdateRouteReq,60906
FindNodeReq,111150
UpdateRouteReq,110754
UpdateRouteReq,110943
FindNodeReq,173688
UpdateRouteReq,60152
FindNodeRsp,141781
UpdateRouteReq,71246
QueryRouteReq,117660
QueryRouteReq,112523
UpdateRouteReq,66847
UpdateRouteReq,128582
UpdateRouteReq,73187
FindNodeRsp,100968
FindNodeRsp,99176
FindNodeRsp,93200
UpdateRouteReq,253154
UpdateRouteReq,276202
FindNodeReq,324965
UpdateRouteReq,333324
UpdateRouteReq,339372
FindNodeReq,367935
UpdateRouteReq,375934
UpdateRouteReq,248690
FindNodeReq,336016
FindNodeReq,406718
FindNodeReq,242338
FindNodeReq,252251
UpdateRouteReq,295914
UpdateRouteReq,349769
UpdateRouteReq,357790
UpdateRouteReq,337061
UpdateRouteReq,86346
UpdateRouteReq,74885
UpdateRouteReq,80555
UpdateRouteReq,51012
UpdateRouteReq,87238
UpdateRouteReq,81638
FindNodeReq,147521
UpdateRouteReq,150409
UpdateRouteReq,155353
FindNodeReq,146025
UpdateRouteReq,146127
UpdateRouteReq,150931
FindNodeReq,183869
UpdateRouteReq,190200
UpdateRouteReq,39308
UpdateRouteReq,41001
FindNodeReq,86124
UpdateRouteReq,90042
UpdateRouteReq,83879
FindNodeReq,114774
UpdateRouteReq,122009
UpdateRouteReq,127777
FindNodeReq,108359
UpdateRouteReq,111112
UpdateRouteReq,118473
UpdateRouteReq,145523
FindNodeReq,64807
UpdateRouteReq,40170
UpdateRouteReq,37746
UpdateRouteReq,37580
FindNodeReq,65668
UpdateRouteReq,55172
UpdateRouteReq,57643
UpdateRouteReq,52581
UpdateRouteReq,55198
FindNodeReq,93791
UpdateRouteReq,96910
UpdateRouteReq,103490
FindNodeReq,62474
UpdateRouteReq,38873
UpdateRouteReq,37807
FindNodeRsp,78919
UpdateRouteReq,256267
UpdateRouteReq,256660
FindNodeReq,292535
UpdateRouteReq,297825
UpdateRouteReq,303043
UpdateRouteReq,308995
UpdateRouteReq,1096346
FindNodeReq,1139350
UpdateRouteReq,1145551
UpdateRouteReq,1134605
FindNodeReq,1162199
UpdateRouteReq,1167541
UpdateRouteReq,1172150
FindNodeReq,267462
FindNodeRsp,238509
UpdateRouteReq,243184
UpdateRouteReq,249557
QueryRouteReq,282294
UpdateRouteReq,291173
UpdateRouteReq,297529
UpdateRouteReq,302594
UpdateRouteReq,140180
UpdateRouteReq,141119
UpdateRouteReq,77711
UpdateRouteReq,39427
UpdateRouteReq,77571
UpdateRouteReq,106933
UpdateRouteReq,103990
UpdateRouteReq,109789
FindNodeRsp,89445
UpdateRouteReq,45239
QueryRouteReq,79302
UpdateRouteReq,156749
UpdateRouteReq,90709
UpdateRouteReq,89376
UpdateRouteReq,41671
UpdateRouteReq,41230
UpdateRouteReq,68391
QueryRouteReq,107183
UpdateRouteReq,46225
QueryRouteReq,72614
UpdateRouteReq,101920
UpdateRouteReq,96454
FindNodeReq,174922
UpdateRouteReq,90581
UpdateRouteReq,91158
FindNodeReq,136687
UpdateRouteReq,141233
UpdateRouteReq,43147
UpdateRouteReq,57346
UpdateRouteReq,38612
PathTeardownReq,63162
UpdateRouteReq,81958
QueryRouteReq,108416
UpdateRouteReq,101522
QueryRouteReq,161220
UpdateRouteReq,40212
FindNodeRsp,70977
UpdateRouteReq,177287
UpdateRouteReq,45857
PathSetupReq,33544
UpdateRouteReq,42504
UpdateRouteReq,42679
UpdateRouteReq,71782
FindNodeRsp,106870
UpdateRouteReq,64603
UpdateRouteReq,58028
FindNodeReq,133134
UpdateRouteReq,91463
UpdateRouteReq,92314
FindNodeReq,135409
UpdateRouteReq,142938
UpdateRouteReq,74918
PathTeardownReq,44678
UpdateRouteReq,62715
FindNodeRsp,82105
QueryRouteReq,86142
UpdateRouteReq,39028
UpdateRouteReq,157657
UpdateRouteReq,107526
UpdateRouteReq,39883
UpdateRouteReq,38683
UpdateRouteReq,288161
UpdateRouteReq,43096
QueryRouteReq,74712
QueryRouteReq,133779
FindNodeRsp,76623
UpdateRouteReq,183058
UpdateRouteReq,183670
FindNodeReq,219340
UpdateRouteReq,225443
UpdateRouteReq,230131
FindNodeReq,258884
UpdateRouteReq,264807
UpdateRouteReq,347814
FindNodeReq,414189
FindNodeReq,488383
FindNodeReq,211539
FindNodeReq,237545
UpdateRouteReq,289423
UpdateRouteReq,319009
FindNodeReq,124577
FindNodeReq,134949
UpdateRouteReq,43060
UpdateRouteReq,38193
UpdateRouteReq,40547
UpdateRouteReq,40064
UpdateRouteReq,39931
UpdateRouteReq,39329
UpdateRouteReq,38536
UpdateRouteReq,45067
PathSetupReq,34887
UpdateRouteReq,39968
UpdateRouteReq,38683
FindNodeReq,68960
UpdateRouteReq,69446
UpdateRouteReq,71459
FindNodeReq,105808
UpdateRouteReq,38219
QueryRouteReq,138183
UpdateRouteReq,74540
UpdateRouteReq,104911
UpdateRouteReq,40159
UpdateRouteReq,39639
UpdateRouteReq,93986
UpdateRouteReq,102198
UpdateRouteReq,96603
FindNodeReq,173496
UpdateRouteReq,64426
PathTeardownReq,162253
FindNodeRsp,85671
UpdateRouteReq,56965
QueryRouteReq,84860
UpdateRouteReq,41296
UpdateRouteReq,110903
UpdateRouteReq,105668
QueryRouteReq,122550
UpdateRouteReq,49979
PathSetupReq,33154
UpdateRouteReq,42188
FindNodeRsp,79459
FindNodeRsp,102503
FindNodeRsp,95410
UpdateRouteReq,219097
UpdateRouteReq,220015
FindNodeReq,254266
UpdateRouteReq,259698
UpdateRouteReq,263736
FindNodeReq,292446
UpdateRouteReq,298017
UpdateRouteReq,300345
UpdateRouteReq,245089
FindNodeReq,274658
UpdateRouteReq,281340
UpdateRouteReq,271736
FindNodeReq,298981
UpdateRouteReq,305134
UpdateRouteReq,294059
FindNodeReq,321373
UpdateRouteReq,329511
FindNodeReq,328520
FindNodeReq,187414
FindNodeReq,218060
FindNodeReq,259560
FindNodeReq,292414
UpdateRouteReq,109290
UpdateRouteReq,138006
UpdateRouteReq,144497
UpdateRouteReq,46807
UpdateRouteReq,38701
FindNodeReq,64970
UpdateRouteReq,69168
UpdateRouteReq,69443
FindNodeReq,99959
UpdateRouteReq,68180
UpdateRouteReq,67602
FindNodeReq,97782
UpdateRouteReq,65755
UpdateRouteReq,67303
UpdateRouteReq,73141
FindNodeReq,72076
FindNodeReq,96151
FindNodeReq,60861
FindNodeReq,57759
FindNodeReq,72465
FindNodeReq,96101
FindNodeReq,60883
FindNodeReq,57407
FindNodeReq,57363
UpdateRouteReq,38045
FindNodeReq,120646
FindNodeReq,65536
UpdateRouteReq,40031
UpdateRouteReq,49797
FindNodeReq,85761
FindNodeReq,68137
FindNodeReq,70571
FindNodeReq,67591
FindNodeReq,84593
UpdateRouteReq,45007
FindNodeReq,157917
UpdateRouteReq,72891
UpdateRouteReq,19414
Error,53865
UpdateRouteReq,46762
FindNodeReq,74373
PathSetupReq,24184
FindNodeReq,70746
FindNodeRsp,50213
FindNodeReq,140873
FindNodeRsp,53864
FindNodeRsp,52071
FindNodeReq,140683
FindNodeRsp,57004
FindNodeReq,147157
FindNodeRsp,51318
FindNodeReq,137641
FindNodeRsp,50151
FindNodeReq,140138
FindNodeRsp,50631
FindNodeReq,138696
FindNodeRsp,50273
FindNodeReq,138747
FindNodeRsp,51332
FindNodeReq,138482
FindNodeRsp,52186
FindNodeReq,137961
FindNodeRsp,51108
FindNodeReq,138849
FindNodeRsp,51015
FindNodeReq,138381
FindNodeRsp,50799
FindNodeReq,138189
FindNodeRsp,51979
FindNodeReq,138361
FindNodeReq,182445
FindNodeRsp,53208
FindNodeRsp,55323
FindNodeReq,140044
FindNodeRsp,50345
FindNodeReq,139739
FindNodeRsp,51387
FindNodeReq,141797
FindNodeRsp,51047
FindNodeReq,139779
FindNodeRsp,50769
FindNodeReq,138409
FindNodeRsp,51332
FindNodeReq,140506
FindNodeRsp,50949
FindNodeReq,139141
FindNodeRsp,50587
FindNodeReq,141815
FindNodeRsp,51886
FindNodeReq,142335
FindNodeRsp,50779
FindNodeReq,139284
FindNodeRsp,52889
FindNodeReq,140302
FindNodeRsp,52193
FindNodeReq,140973
FindNodeReq,139215
FindNodeRsp,52189
FindNodeReq,163385
FindNodeRsp,57406
FindNodeRsp,66258
FindNodeReq,139966
FindNodeRsp,53132
FindNodeReq,142910
FindNodeRsp,53748
FindNodeReq,140339
FindNodeRsp,52075
FindNodeReq,138869
FindNodeRsp,70478
FindNodeReq,140649
FindNodeRsp,52225
FindNodeReq,139748
FindNodeRsp,52044
FindNodeReq,139205
FindNodeRsp,50959
FindNodeReq,141311
FindNodeRsp,50285
FindNodeReq,142789
FindNodeRsp,68055
FindNodeReq,140606
FindNodeRsp,60507
FindNodeReq,140624
FindNodeRsp,52495
FindNodeReq,141157
FindNodeReq,139864
FindNodeRsp,51092
FindNodeRsp,56364
FindNodeReq,138777
FindNodeRsp,51839
FindNodeReq,142108
FindNodeRsp,53434
FindNodeReq,141846
FindNodeRsp,51454
FindNodeReq,140885
FindNodeRsp,51987
FindNodeReq,139885
FindNodeRsp,51004
FindNodeReq,140682
FindNodeRsp,52070
PNDiscReq,110294
FindNodeReq,140127
FindNodeRsp,50231
FindNodeReq,139389
FindNodeRsp,51448
FindNodeReq,139637
FindNodeRsp,51751
FindNodeReq,139324
FindNodeRsp,51762
FindNodeReq,139162
FindNodeRsp,50191
PathSetupReq,52204
FindNodeReq,141117
FindNodeReq,138755
FindNodeRsp,51664
FindNodeReq,138437
FindNodeRsp,55551
FindNodeRsp,51739
FindNodeReq,138157
FindNodeRsp,52245
FindNodeReq,138437
FindNodeRsp,52067
FindNodeReq,140239
FindNodeRsp,53077
FindNodeReq,140382
FindNodeRsp,52532
FindNodeReq,139813
FindNodeRsp,52230
FindNodeReq,138828
FindNodeRsp,52415
FindNodeReq,139125
FindNodeRsp,51631
FindNodeReq,140748
FindNodeRsp,52348
FindNodeReq,138257
FindNodeRsp,52834
FindNodeReq,138395
FindNodeRsp,52828
FindNodeReq,139525
FindNodeRsp,52227
FindNodeReq,161441
FindNodeReq,141121
FindNodeRsp,51484
FindNodeRsp,57333
FindNodeReq,139420
FindNodeRsp,52265
FindNodeReq,140205
FindNodeRsp,52199
FindNodeReq,140597
FindNodeRsp,52986
FindNodeReq,140201
FindNodeRsp,52626
FindNodeReq,139079
FindNodeRsp,52588
FindNodeReq,167787
FindNodeRsp,53136
FindNodeReq,140696
FindNodeRsp,52345
FindNodeReq,140832
FindNodeRsp,52983
FindNodeReq,162688
FindNodeRsp,53451
FindNodeReq,139858
FindNodeRsp,53077
FindNodeReq,141677
FindNodeRsp,52594
FindNodeReq,139117
FindNodeReq,140909
FindNodeRsp,52326
FindNodeRsp,55731
FindNodeReq,140764
FindNodeRsp,51919
FindNodeReq,140921
FindNodeRsp,51603
FindNodeReq,138997
FindNodeRsp,51608
FindNodeReq,141043
FindNodeRsp,52580
FindNodeReq,140793
FindNodeRsp,51359
FindNodeReq,185622
FindNodeRsp,51231
FindNodeReq,140252
FindNodeRsp,51024
FindNodeReq,138622
FindNodeRsp,51095
FindNodeReq,138895
FindNodeRsp,51239
FindNodeReq,137265
FindNodeRsp,51975
FindNodeReq,138800
FindNodeRsp,51512
FindNodeReq,138897
FindNodeRsp,51144
FindNodeReq,138663
FindNodeReq,140069
FindNodeRsp,52434
FindNodeRsp,56987
FindNodeReq,140617
FindNodeRsp,52986
FindNodeReq,139820
FindNodeRsp,52179
FindNodeReq,138971
FindNodeRsp,52610
FindNodeReq,141817
FindNodeRsp,52544
FindNodeReq,139223
FindNodeRsp,53094
FindNodeReq,139527
FindNodeRsp,51695
FindNodeReq,139149
FindNodeRsp,53467
FindNodeReq,138789
FindNodeRsp,52864
FindNodeReq,141037
FindNodeRsp,52372
UpdateRouteReq,57014
UpdateRouteReq,98922
FindNodeRsp,55871
UpdateRouteReq,46668
FindNodeReq,139430
FindNodeRsp,40183
PathSetupReq,61843
FindNodeReq,166663
FindNodeReq,141248
UpdateRouteReq,75152
UpdateRouteReq,70904
FindNodeRsp,101987
UpdateRouteReq,97381
FindNodeRsp,59374
FindNodeReq,141284
FindNodeRsp,51932
FindNodeReq,138673
FindNodeRsp,52172
UpdateRouteReq,78977
UpdateRouteReq,75838
FindNodeRsp,67964
UpdateRouteReq,63704
FindNodeReq,96830
FindNodeRsp,30565
FindNodeReq,162789
UpdateRouteReq,57743
UpdateRouteReq,95171
FindNodeRsp,56687
UpdateRouteReq,46029
FindNodeReq,141965
FindNodeRsp,51870
FindNodeReq,141253
FindNodeRsp,51699
FindNodeReq,139044
FindNodeRsp,51583
FindNodeReq,140514
FindNodeRsp,51931
FindNodeReq,140895
FindNodeRsp,51861
FindNodeReq,141046
FindNodeRsp,51755
FindNodeReq,139329
FindNodeReq,140924
FindNodeRsp,51605
FindNodeReq,83669
FindNodeRsp,59351
FindNodeRsp,51724
QueryRouteReq,180911
UpdateRouteReq,176456
QueryRouteRsp,116846
QueryRouteRsp,97226
QueryRouteReq,136297
UpdateRouteReq,54135
PathSetupReq,62286
FindNodeReq,157001
FindNodeRsp,85911
FindNodeRsp,88334
FindNodeReq,155717
FindNodeRsp,101813
FindNodeReq,152201
FindNodeReq,158837
FindNodeRsp,105284
FindNodeReq,153869
FindNodeRsp,78065
FindNodeReq,154031
FindNodeReq,150477
FindNodeRsp,86765
FindNodeReq,156898
FindNodeReq,153568
PNDiscReq,179253
FindNodeReq,158405
FindNodeRsp,90442
FindNodeRsp,87552
FindNodeReq,156880
FindNodeReq,150737
FindNodeReq,158601
FindNodeRsp,87492
FindNodeReq,157197
FindNodeRsp,97950
FindNodeReq,151691
FindNodeRsp,89766
FindNodeReq,160118
FindNodeRsp,87051
FindNodeReq,159348
FindNodeReq,188798
FindNodeRsp,83878
FindNodeRsp,99247
FindNodeReq,158753
FindNodeReq,186352
FindNodeRsp,90131
FindNodeReq,156233
FindNodeRsp,99487
FindNodeReq,159301
FindNodeReq,154885
FindNodeRsp,85588
FindNodeReq,158058
UpdateRouteReq,76414
UpdateRouteReq,47733
PathTeardownReq,38697
FindNodeRsp,89458
FindNodeReq,156804
FindNodeRsp,92478
FindNodeReq,159181
PathSetupReq,61680
FindNodeReq,156849
FindNodeRsp,87602
FindNodeReq,153198
FindNodeRsp,90695
FindNodeRsp,99451
UpdateRouteReq,80888
UpdateRouteReq,57513
PathTeardownReq,45259
FindNodeReq,155968
FindNodeRsp,81946
UpdateRouteReq,89931
PathSetupReq,82585
UpdateRouteReq,48981
FindNodeReq,181164
FindNodeRsp,86951
FindNodeReq,158778
UpdateRouteReq,97851
UpdateRouteReq,78157
PathTeardownReq,54434
FindNodeReq,171184
FindNodeRsp,85966
FindNodeReq,179736
FindNodeReq,151138
FindNodeRsp,82064
FindNodeReq,164202
PathSetupReq,56439
FindNodeRsp,93283
FindNodeRsp,69606
FindNodeReq,154317
FindNodeReq,135362
FindNodeRsp,85831
UpdateRouteReq,94103
UpdateRouteReq,79219
PathTeardownReq,54617
FindNodeReq,161776
FindNodeRsp,83358
FindNodeRsp,87675
FindNodeReq,158534
PathSetupReq,75384
UpdateRouteReq,94502
UpdateRouteReq,76044
PathTeardownReq,54259
FindNodeReq,156006
FindNodeRsp,95480
FindNodeReq,156927
FindNodeReq,159024
FindNodeRsp,87822
FindNodeReq,151073
FindNodeReq,162235
FindNodeRsp,83766
FindNodeReq,157625
FindNodeRsp,106552
UpdateRouteReq,53426
PathSetupReq,36107
FindNodeReq,155136
FindNodeRsp,82270
UpdateRouteReq,100957
UpdateRouteReq,78466
PathTeardownReq,53521
FindNodeRsp,87851
PathSetupReq,63579
FindNodeReq,157103
FindNodeRsp,99702
FindNodeReq,156622
PathSetupReq,64867
FindNodeReq,155202
FindNodeRsp,99299
FindNodeReq,155743
FindNodeReq,149669
FindNodeReq,157497
FindNodeRsp,101112
PathSetupReq,54915
FindNodeReq,156065
PathSetupReq,64820
FindNodeReq,158618
FindNodeRsp,128397
FindNodeRsp,101888
FindNodeRsp,82427
FindNodeReq,160777
FindNodeReq,122815
FindNodeReq,149372
FindNodeReq,155122
FindNodeRsp,95817
FindNodeReq,149121
FindNodeReq,155925
FindNodeReq,150692
FindNodeReq,154528
FindNodeRsp,84206
FindNodeReq,155409
FindNodeRsp,78123
FindNodeReq,164871
FindNodeReq,152448
FindNodeRsp,97805
FindNodeReq,156859
PathSetupReq,71248
FindNodeReq,164027
FindNodeRsp,91246
FindNodeReq,161683
FindNodeRsp,101434
FindNodeReq,156455
FindNodeRsp,78225
FindNodeReq,129744
FindNodeReq,155987
FindNodeReq,150702
FindNodeRsp,79626
FindNodeReq,150177
FindNodeReq,157175
FindNodeRsp,140564
FindNodeReq,162639
FindNodeReq,162090
FindNodeRsp,98846
FindNodeReq,146084
FindNodeReq,149355
FindNodeReq,156424
FindNodeRsp,77766
FindNodeReq,158412
FindNodeRsp,83838
FindNodeReq,158098
FindNodeReq,150810
FindNodeRsp,99154
FindNodeRsp,64982
FindNodeReq,164128
FindNodeReq,131210
FindNodeRsp,112673
FindNodeReq,155873
FindNodeRsp,89365
FindNodeReq,162398
FindNodeReq,159962
FindNodeRsp,90314
FindNodeReq,157684
FindNodeReq,155188
FindNodeRsp,104391
FindNodeRsp,109438
FindNodeRsp,108158
FindNodeRsp,93813
FindNodeReq,158709
FindNodeRsp,91414
FindNodeRsp,95982
FindNodeReq,148802
FindNodeReq,156232
FindNodeRsp,75124
FindNodeReq,155693
FindNodeRsp,91732
FindNodeReq,156170
FindNodeRsp,78478
FindNodeReq,155062
FindNodeRsp,103269
FindNodeRsp,94912
FindNodeRsp,84486
FindNodeReq,156947
FindNodeRsp,96870
FindNodeRsp,87889
FindNodeReq,156466
FindNodeReq,151776
FindNodeReq,157233
FindNodeRsp,118297
FindNodeReq,151746
FindNodeReq,155472
FindNodeRsp,85236
FindNodeReq,153141
FindNodeRsp,79398
FindNodeReq,101830
FindNodeReq,162825
FindNodeRsp,98393
FindNodeReq,161633
FindNodeRsp,82585
FindNodeRsp,88005
FindNodeRsp,90514
FindNodeReq,112346
FindNodeReq,159481
FindNodeRsp,74087
FindNodeReq,162882
FindNodeRsp,86325
FindNodeReq,157328
FindNodeReq,155269
FindNodeReq,164278
FindNodeRsp,88871
FindNodeReq,104289
FindNodeRsp,95534
FindNodeRsp,80227
FindNodeReq,155869
FindNodeReq,130411
FindNodeReq,156675
FindNodeRsp,88931
FindNodeReq,155800
FindNodeRsp,103345
FindNodeReq,156437
FindNodeReq,116954
FindNodeRsp,81778
FindNodeReq,194760
FindNodeReq,144373
FindNodeRsp,69496
FindNodeReq,150935
FindNodeRsp,102878
FindNodeReq,155881
FindNodeRsp,88066
FindNodeReq,157201
FindNodeReq,138065
FindNodeRsp,97703
PNDiscReq,126509
FindNodeRsp,83880
FindNodeReq,155600
FindNodeRsp,98328
FindNodeReq,154820
FindNodeRsp,94008
FindNodeReq,117990
UpdateRouteReq,93921
UpdateRouteReq,50123
PathSetupReq,64425
UpdateRouteReq,92838
FindNodeRsp,73606
FindNodeReq,149702
FindNodeRsp,97552
PathSetupReq,55625
FindNodeReq,154208
PathSetupReq,58626
UpdateRouteReq,53487
UpdateRouteReq,40670
UpdateRouteReq,73827
FindNodeReq,140985
FindNodeRsp,71235
FindNodeRsp,102298
FindNodeReq,159768
FindNodeReq,150562
FindNodeRsp,112486
FindNodeRsp,95891
UpdateRouteReq,71192
UpdateRouteReq,48167
FindNodeRsp,92800
UpdateRouteReq,65420
FindNodeReq,150273
FindNodeReq,154078
FindNodeRsp,88987
FindNodeReq,153641
FindNodeReq,155703
PathSetupReq,74051
FindNodeReq,152204
UpdateRouteReq,59395
UpdateRouteReq,47168
UpdateRouteReq,70671
FindNodeRsp,94810
FindNodeRsp,111044
FindNodeReq,145731
FindNodeReq,149529
FindNodeRsp,102942
FindNodeReq,136157
UpdateRouteReq,95358
UpdateRouteReq,46759
UpdateRouteReq,65606
FindNodeRsp,105534
FindNodeReq,184040
FindNodeReq,161685
FindNodeRsp,91371
FindNodeReq,163951
FindNodeReq,150369
FindNodeRsp,102944
FindNodeReq,114057
FindNodeReq,116549
FindNodeRsp,87286
FindNodeReq,234380
FindNodeRsp,81790
FindNodeRsp,113647
FindNodeReq,154493
FindNodeReq,125981
FindNodeRsp,77252
FindNodeReq,103532
FindNodeReq,153693
FindNodeReq,115061
FindNodeRsp,80989
FindNodeReq,149649
FindNodeReq,122635
FindNodeRsp,82480
FindNodeReq,105081
FindNodeRsp,111001
FindNodeReq,149054
FindNodeReq,169686
FindNodeRsp,96147
FindNodeReq,154892
FindNodeRsp,69854
FindNodeReq,134037
FindNodeReq,149360
FindNodeReq,123538
FindNodeRsp,89634
FindNodeReq,149563
FindNodeRsp,95732
FindNodeReq,172665
FindNodeRsp,87273
FindNodeReq,153106
FindNodeReq,151960
FindNodeRsp,94788
FindNodeRsp,88822
FindNodeRsp,98480
FindNodeReq,116372
FindNodeReq,122366
FindNodeRsp,99050
FindNodeReq,160498
FindNodeRsp,103458
FindNodeRsp,63166
FindNodeReq,160405
FindNodeReq,123674
FindNodeReq,152301
FindNodeRsp,83846
FindNodeReq,151322
FindNodeRsp,84066
FindNodeReq,157737
FindNodeRsp,90634
UpdateRouteReq,73533
UpdateRouteReq,46666
PathTeardownReq,38139
FindNodeRsp,90677
PathSetupReq,49469
FindNodeReq,153078
FindNodeRsp,108652
FindNodeReq,144937
FindNodeReq,155373
FindNodeRsp,80715
FindNodeReq,146306
FindNodeRsp,88352
FindNodeReq,157386
FindNodeReq,154063
FindNodeReq,151293
FindNodeRsp,98803
UpdateRouteReq,95963
UpdateRouteReq,78849
PathTeardownReq,55639
FindNodeReq,149893
FindNodeReq,169372
FindNodeRsp,93024
UpdateRouteReq,70374
PathSetupReq,54143
FindNodeReq,112214
FindNodeRsp,113401
UpdateRouteReq,95941
UpdateRouteReq,78780
PathTeardownReq,54918
FindNodeRsp,86818
PathSetupReq,50184
FindNodeRsp,81240
FindNodeRsp,88446
FindNodeRsp,82906
FindNodeReq,155865
FindNodeReq,140778
FindNodeRsp,121197
UpdateRouteReq,97416
UpdateRouteReq,78011
PathTeardownReq,55729
FindNodeReq,156089
FindNodeReq,150278
FindNodeReq,110573
FindNodeRsp,68607
UpdateRouteReq,107514
PathSetupReq,115956
FindNodeReq,111769
FindNodeReq,151313
FindNodeRsp,114513
FindNodeReq,206524
UpdateRouteReq,98042
UpdateRouteReq,80862
PathTeardownReq,45721
FindNodeReq,152436
FindNodeRsp,103390
FindNodeReq,114383
PathSetupReq,81685
FindNodeReq,150836
FindNodeRsp,97219
FindNodeReq,164229
FindNodeRsp,78662
FindNodeReq,184188
FindNodeRsp,91798
FindNodeRsp,115310
UpdateRouteReq,102798
UpdateRouteReq,79199
PathTeardownReq,54358
FindNodeRsp,93212
FindNodeReq,162624
FindNodeRsp,79030
PathSetupReq,48119
PathSetupReq,64935
FindNodeRsp,87978
PathSetupReq,91223
FindNodeRsp,87658
FindNodeReq,162266
PathSetupReq,59815
FindNodeRsp,96882
FindNodeReq,157122
FindNodeRsp,82651
FindNodeRsp,69731
FindNodeReq,155198
FindNodeReq,156256
FindNodeReq,154511
FindNodeRsp,105174
FindNodeReq,150377
FindNodeReq,155237
FindNodeRsp,87406
FindNodeRsp,127159
FindNodeReq,158884
PathSetupReq,58747
FindNodeRsp,87789
FindNodeReq,161236
FindNodeReq,154928
FindNodeRsp,108939
FindNodeReq,150811
FindNodeRsp,87955
FindNodeReq,108178
FindNodeReq,151184
FindNodeReq,247655
FindNodeRsp,86662
FindNodeReq,135401
FindNodeReq,166831
FindNodeReq,164656
FindNodeRsp,102949
FindNodeReq,155025
FindNodeRsp,89316
FindNodeRsp,90730
FindNodeReq,135837
FindNodeRsp,101286
FindNodeRsp,90551
FindNodeReq,103078
FindNodeReq,156826
FindNodeRsp,82573
FindNodeRsp,74411
FindNodeReq,154740
FindNodeReq,157704
FindNodeReq,117605
FindNodeReq,80399
FindNodeRsp,56759
FindNodeReq,162892
FindNodeReq,84358
FindNodeRsp,65071
FindNodeReq,155296
FindNodeReq,156689
FindNodeRsp,98849
FindNodeReq,155205
FindNodeReq,151872
FindNodeReq,118477
FindNodeRsp,72329
FindNodeReq,155617
FindNodeRsp,91222
FindNodeReq,156425
FindNodeReq,106718
FindNodeRsp,102388
FindNodeReq,153933
FindNodeReq,157244
FindNodeRsp,98093
PNDiscReq,124473
FindNodeRsp,88245
FindNodeRsp,88565
FindNodeReq,159470
FindNodeRsp,100902
FindNodeReq,156730
FindNodeRsp,99006
FindNodeReq,157593
FindNodeRsp,85954
FindNodeRsp,90974
FindNodeReq,134153
FindNodeRsp,105667
FindNodeReq,157453
FindNodeReq,155744
FindNodeReq,156858
FindNodeReq,144025
FindNodeRsp,78647
FindNodeReq,188345
FindNodeRsp,87134
FindNodeReq,158210
FindNodeRsp,97571
FindNodeReq,160691
FindNodeReq,88615
FindNodeRsp,91411
FindNodeReq,145262
FindNodeReq,154410
FindNodeReq,150909
FindNodeReq,152378
FindNodeRsp,102115
FindNodeReq,157178
FindNodeRsp,84509
FindNodeRsp,116638
FindNodeReq,202912
FindNodeReq,150327
FindNodeRsp,103850
FindNodeReq,136751
FindNodeReq,152817
FindNodeRsp,103705
FindNodeRsp,100817
FindNodeReq,157621
FindNodeRsp,59230
FindNodeReq,156566
FindNodeRsp,76953
FindNodeRsp,83225
FindNodeRsp,94949
FindNodeReq,152793
FindNodeReq,178361
FindNodeReq,154156
FindNodeRsp,118383
FindNodeReq,206581
FindNodeRsp,89686
FindNodeRsp,89825
FindNodeReq,134425
FindNodeReq,158308
FindNodeReq,156435
FindNodeRsp,71549
FindNodeRsp,91132
FindNodeReq,160645
FindNodeReq,157081
FindNodeRsp,92529
FindNodeReq,152565
FindNodeReq,157989
FindNodeRsp,79660
FindNodeRsp,118806
FindNodeReq,208115
FindNodeReq,160583
FindNodeRsp,113281
FindNodeReq,124817
FindNodeReq,104145
FindNodeRsp,87478
FindNodeReq,141565
PathSetupReq,60775
FindNodeReq,165481
FindNodeRsp,100782
PathSetupReq,55573
FindNodeReq,141629
FindNodeRsp,135361
PathSetupReq,63441
FindNodeReq,173483
FindNodeRsp,75983
FindNodeRsp,98292
FindNodeReq,155412
FindNodeReq,159554
FindNodeRsp,96139
FindNodeReq,149445
FindNodeRsp,88031
FindNodeReq,167736
FindNodeReq,146077
FindNodeReq,155708
FindNodeRsp,141540
FindNodeReq,270199
FindNodeReq,151478
PathSetupReq,109037
FindNodeReq,174503
FindNodeRsp,100123
FindNodeReq,169137
FindNodeRsp,77331
FindNodeReq,157170
FindNodeReq,157669
FindNodeRsp,112402
FindNodeReq,153929
FindNodeRsp,97147
FindNodeReq,158593
FindNodeRsp,79025
FindNodeReq,150750
FindNodeReq,156525
FindNodeRsp,103721
FindNodeRsp,99470
FindNodeReq,155690
FindNodeRsp,101149
FindNodeReq,151432
FindNodeReq,156877
FindNodeRsp,129765
FindNodeRsp,82486
FindNodeRsp,66538
FindNodeReq,156173
FindNodeReq,202023
FindNodeRsp,90416
FindNodeReq,154597
FindNodeReq,114768
FindNodeRsp,90230
FindNodeReq,155540
FindNodeRsp,89222
FindNodeReq,156124
FindNodeRsp,86026
FindNodeReq,154861
FindNodeRsp,114773
FindNodeReq,156811
FindNodeRsp,84038
FindNodeReq,155661
FindNodeRsp,99547
FindNodeRsp,88348
FindNodeReq,156953
FindNodeRsp,104947
FindNodeRsp,102661
FindNodeReq,191128
FindNodeReq,120743
FindNodeRsp,69351
FindNodeReq,155793
FindNodeReq,115677
FindNodeReq,107194
FindNodeRsp,81873
FindNodeReq,153476
FindNodeRsp,85246
FindNodeRsp,94202
FindNodeReq,167269
FindNodeReq,131728
FindNodeRsp,88133
FindNodeReq,158818
FindNodeReq,159957
FindNodeReq,222102
FindNodeRsp,85449
FindNodeReq,155732
FindNodeReq,123276
FindNodeRsp,119912
UpdateRouteReq,97990
UpdateRouteReq,65011
PathTeardownReq,47047
FindNodeRsp,120129
PathSetupReq,60794
FindNodeReq,157833
FindNodeReq,214975
FindNodeRsp,64353
FindNodeReq,167417
FindNodeRsp,83069
FindNodeReq,154715
FindNodeReq,164794
FindNodeReq,191261
FindNodeRsp,98730
FindNodeReq,155797
FindNodeRsp,88133
UpdateRouteReq,114492
UpdateRouteReq,72746
PathTeardownReq,53947
UpdateRouteReq,92858
PathSetupReq,63978
UpdateRouteReq,64759
FindNodeRsp,85222
FindNodeReq,155308
FindNodeReq,155920
FindNodeRsp,107202
FindNodeReq,155229
FindNodeReq,163556
FindNodeRsp,98558
UpdateRouteReq,106167
UpdateRouteReq,87594
PathTeardownReq,51326
FindNodeRsp,86863
FindNodeReq,157525
FindNodeReq,150217
FindNodeRsp,100926
UpdateRouteReq,61247
PathSetupReq,43139
FindNodeReq,154889
FindNodeRsp,118958
FindNodeRsp,72087
FindNodeReq,158619
FindNodeReq,151373
UpdateRouteReq,77855
UpdateRouteReq,56634
PathTeardownReq,46197
FindNodeReq,157389
FindNodeRsp,79734
UpdateRouteReq,59490
PathSetupReq,41792
FindNodeReq,180812
UpdateRouteReq,80179
UpdateRouteReq,79040
FindNodeReq,121433
FindNodeRsp,93781
FindNodeRsp,99733
UpdateRouteReq,79247
UpdateRouteReq,90007
PathTeardownReq,45628
FindNodeReq,156081
FindNodeReq,155868
FindNodeRsp,98318
FindNodeRsp,99358
UpdateRouteReq,59775
PathSetupReq,43923
FindNodeReq,159862
FindNodeRsp,124253
PNDiscReq,123904
FindNodeRsp,90000
FindNodeReq,155615
FindNodeRsp,95798
UpdateRouteReq,79763
UpdateRouteReq,55093
PathTeardownReq,42630
FindNodeReq,150218
FindNodeReq,156028
FindNodeRsp,77898
FindNodeReq,150387
FindNodeReq,158301
FindNodeRsp,89080
FindNodeReq,156346
FindNodeReq,157251
FindNodeRsp,86631
FindNodeReq,155906
PathSetupReq,55131
FindNodeRsp,87282
UpdateRouteReq,91725
PathSetupReq,85134
PathSetupReq,83908
FindNodeReq,156195
FindNodeRsp,79766
FindNodeRsp,86794
FindNodeReq,152886
FindNodeReq,154601
FindNodeRsp,91010
FindNodeReq,155106
FindNodeRsp,85886
FindNodeReq,157317
FindNodeRsp,142796
FindNodeReq,232107
FindNodeReq,155587
FindNodeRsp,90326
PathSetupReq,60263
FindNodeReq,160187
FindNodeRsp,99360
FindNodeReq,160692
FindNodeRsp,72882
FindNodeReq,156840
FindNodeReq,120158
FindNodeRsp,67060
FindNodeReq,149897
FindNodeReq,155737
FindNodeReq,125711
FindNodeRsp,102713
FindNodeReq,155981
FindNodeRsp,91342
FindNodeReq,154668
FindNodeRsp,89518
FindNodeRsp,98653
FindNodeReq,154794
FindNodeReq,151241
FindNodeReq,156656
FindNodeRsp,88266
FindNodeReq,156985
FindNodeReq,152102
FindNodeRsp,78882
FindNodeRsp,82194
FindNodeRsp,95002
FindNodeReq,157177
FindNodeReq,154528
FindNodeRsp,97604
FindNodeReq,153978
FindNodeReq,149497
FindNodeReq,158356
FindNodeRsp,85436
FindNodeReq,150565
FindNodeReq,155197
FindNodeRsp,80702
FindNodeRsp,114569
FindNodeRsp,89603
FindNodeReq,156351
FindNodeReq,155216
FindNodeReq,138879
FindNodeRsp,73679
FindNodeReq,156933
FindNodeRsp,115496
FindNodeReq,158245
FindNodeRsp,85236
FindNodeReq,154929
FindNodeRsp,89038
FindNodeReq,152919
FindNodeReq,181652
FindNodeRsp,105570
FindNodeReq,166694
FindNodeRsp,87334
FindNodeRsp,92958
FindNodeReq,150762
FindNodeRsp,93711
FindNodeRsp,67541
FindNodeReq,156902
FindNodeReq,127808
FindNodeReq,156873
FindNodeRsp,95794
FindNodeReq,138826
FindNodeRsp,91078
FindNodeReq,157551
FindNodeReq,152661
FindNodeRsp,106688
FindNodeReq,156104
FindNodeReq,155316
FindNodeRsp,79062
FindNodeRsp,95557
FindNodeReq,159120
FindNodeReq,155157
FindNodeReq,191592
FindNodeRsp,122146
FindNodeReq,149770
FindNodeReq,167312
FindNodeRsp,80605
FindNodeRsp,103704
FindNodeReq,121172
FindNodeReq,151741
FindNodeReq,116974
FindNodeRsp,112329
FindNodeReq,151486
FindNodeReq,105038
FindNodeRsp,133690
FindNodeReq,116049
FindNodeRsp,161347
FindNodeRsp,88293
FindNodeReq,102100
FindNodeReq,161724
FindNodeReq,156418
FindNodeReq,115217
FindNodeRsp,86409
FindNodeRsp,110987
FindNodeRsp,67542
FindNodeReq,210075
FindNodeReq,137430
FindNodeReq,108570
FindNodeReq,152349
FindNodeRsp,81359
FindNodeReq,157636
FindNodeRsp,92125
FindNodeReq,154178
FindNodeRsp,92136
FindNodeReq,152181
FindNodeRsp,92806
FindNodeReq,163536
FindNodeRsp,87199
FindNodeRsp,94647
FindNodeReq,120635
FindNodeRsp,78298
FindNodeReq,169857
FindNodeRsp,120841
FindNodeReq,116218
FindNodeRsp,105465
PathSetupReq,65110
FindNodeRsp,98147
FindNodeReq,174477
FindNodeRsp,84333
FindNodeReq,153930
PathSetupReq,56907
PathSetupReq,63532
FindNodeReq,106412
FindNodeRsp,72640
FindNodeRsp,94134
FindNodeRsp,79138
FindNodeReq,153753
FindNodeReq,184656
FindNodeReq,157032
FindNodeRsp,98349
FindNodeRsp,81375
FindNodeReq,131985
FindNodeReq,154148
FindNodeReq,161968
FindNodeRsp,107850
FindNodeReq,167414
FindNodeRsp,80018
PathSetupReq,82983
FindNodeRsp,64927
