PNHello,104916
PNDiscRsp,42099
PathSetupReq,29685
UpdateRouteReq,20618
PNDiscReq,68969
PathSetupReq,22633
QueryRouteReq,86662
PathSetupReq,109174
UpdateRouteReq,84368
QueryRouteRsp,59652
UpdateRouteReq,21090
QueryRouteReq,62627
PathSetupReq,99837
QueryRouteRsp,32962
UpdateRouteReq,29055
UpdateRouteReq,57918
PathSetupReq,31028
PathSetupReq,31329
FindNodeRsp,69881
FindNodeReq,68969
UpdateRouteReq,243625
QueryRouteReq,261759
PathSetupReq,235420
UpdateRouteReq,32049
UpdateRouteReq,64240
QueryRouteRsp,93534
UpdateRouteReq,149199
UpdateRouteReq,47429
UpdateRouteReq,135012
UpdateRouteReq,57387
UpdateRouteReq,172101
UpdateRouteReq,149469
UpdateRouteReq,32591
UpdateRouteReq,39403
QueryRouteReq,62386
PathSetupReq,96561
UpdateRouteReq,32311
UpdateRouteReq,30858
QueryRouteRsp,39645
PathSetupReq,59782
PNDiscReq,105948
PNHello,70592
PNDiscRsp,74500
FindNodeRsp,66764
FindNodeRsp,78066
FindNodeRsp,93985
PNDiscReq,73056
FindNodeReq,97041
PNHello,129842
PNDiscRsp,37831
FindNodeRsp,91942
FindNodeReq,79469
FindNodeRsp,65803
FindNodeReq,97873
FindNodeReq,111248
FindNodeReq,73347
FindNodeRsp,50364
FindNodeReq,105487
FindNodeReq,107251
FindNodeRsp,64821
PNDiscReq,75361
FindNodeRsp,59481
PNHello,69410
PNDiscRsp,33453
FindNodeRsp,60623
FindNodeReq,100678
FindNodeRsp,63228
FindNodeReq,141254
FindNodeRsp,86512
FindNodeRsp,74058
FindNodeRsp,57848
FindNodeReq,99466
FindNodeRsp,78957
FindNodeReq,105717
FindNodeReq,104224
FindNodeRsp,82935
FindNodeReq,102492
FindNodeRsp,63909
FindNodeReq,103223
FindNodeReq,109515
FindNodeRsp,121026
FindNodeRsp,55093
PNHello,58800
PNDiscRsp,32981
PNDiscReq,54752
FindNodeRsp,68318
FindNodeReq,69660
FindNodeReq,61786
FindNodeRsp,82334
FindNodeRsp,42870
FindNodeReq,70252
FindNodeRsp,51225
FindNodeReq,52898
FindNodeRsp,65372
FindNodeReq,89106
FindNodeReq,77775
FindNodeRsp,50895
FindNodeReq,72415
FindNodeRsp,61745
FindNodeReq,90228
FindNodeRsp,70321
FindNodeRsp,69861
FindNodeRsp,64230
FindNodeReq,80290
FindNodeReq,57407
FindNodeRsp,46747
FindNodeRsp,46697
FindNodeReq,53259
FindNodeRsp,69139
FindNodeRsp,51857
FindNodeRsp,66774
FindNodeReq,75451
FindNodeRsp,50224
FindNodeReq,92814
FindNodeRsp,66744
FindNodeRsp,65703
FindNodeReq,81853
FindNodeRsp,66975
FindNodeReq,83607
FindNodeReq,95339
FindNodeRsp,54953
PNHello,78606
PNDiscRsp,47639
FindNodeRsp,61635
PNDiscReq,70923
FindNodeRsp,66905
FindNodeRsp,67947
FindNodeReq,56505
FindNodeReq,57799
FindNodeRsp,62026
FindNodeReq,97052
FindNodeReq,77645
FindNodeRsp,67396
FindNodeReq,55223
FindNodeReq,126967
FindNodeRsp,54612
FindNodeReq,55954
FindNodeRsp,94136
FindNodeRsp,45164
FindNodeRsp,52298
PathSetupReq,54562
PathSetupReq,84859
FindNodeRsp,63790
FindNodeReq,76103
FindNodeReq,133630
FindNodeRsp,92112
FindNodeRsp,58690
PathSetupReq,36258
FindNodeReq,79890
FindNodeRsp,64621
PathSetupReq,36318
FindNodeReq,87584
FindNodeReq,88906
FindNodeReq,108483
PathSetupReq,64140
FindNodeReq,73096
PathSetupReq,52227
FindNodeRsp,62196
PathSetupReq,49964
FindNodeRsp,66014
PathSetupReq,36047
FindNodeReq,106750
PathSetupReq,37090
FindNodeRsp,88796
FindNodeReq,110827
FindNodeRsp,64711
FindNodeRsp,66575
FindNodeRsp,67637
FindNodeRsp,75972
FindNodeRsp,66514
FindNodeReq,106650
FindNodeRsp,87133
FindNodeRsp,88525
FindNodeReq,104164
FindNodeRsp,63178
FindNodeReq,136656
FindNodeRsp,54562
FindNodeReq,84277
FindNodeRsp,68969
FindNodeReq,109615
FindNodeRsp,87914
FindNodeRsp,98745
FindNodeReq,84618
FindNodeRsp,62917
FindNodeReq,91461
FindNodeRsp,56135
FindNodeReq,57147
FindNodeRsp,59582
FindNodeReq,82064
FindNodeRsp,49763
FindNodeReq,70492
FindNodeRsp,47659
FindNodeReq,91912
FindNodeRsp,71224
FindNodeRsp,67747
FindNodeReq,83396
FindNodeReq,111128
FindNodeRsp,66194
FindNodeReq,57076
FindNodeRsp,44172
FindNodeRsp,68658
FindNodeReq,104646
FindNodeReq,99496
FindNodeRsp,63569
FindNodeReq,81362
FindNodeRsp,62056
FindNodeReq,59250
FindNodeReq,100037
FindNodeReq,88856
PNHello,118522
PNDiscRsp,42249
FindNodeRsp,96751
FindNodeRsp,44142
FindNodeReq,66795
FindNodeReq,67075
FindNodeReq,162294
FindNodeRsp,91231
PNDiscReq,66705
FindNodeRsp,72315
FindNodeRsp,73187
FindNodeRsp,66173
FindNodeRsp,93906
FindNodeRsp,69520
FindNodeRsp,74860
FindNodeRsp,68388
FindNodeRsp,68779
FindNodeReq,135173
FindNodeRsp,70151
FindNodeReq,133419
FindNodeRsp,56887
FindNodeReq,108112
FindNodeReq,112801
FindNodeRsp,52127
FindNodeRsp,88044
FindNodeRsp,46236
FindNodeReq,138830
FindNodeRsp,94426
FindNodeReq,94286
FindNodeRsp,101239
FindNodeReq,107831
FindNodeRsp,50164
FindNodeReq,92382
FindNodeRsp,59100
FindNodeRsp,55895
FindNodeRsp,55403
FindNodeReq,110036
FindNodeRsp,69119
PathSetupReq,57608
PathSetupReq,27160
FindNodeRsp,59792
FindNodeRsp,60052
FindNodeReq,66624
FindNodeReq,115125
PathSetupReq,50665
FindNodeReq,92833
FindNodeRsp,64200
PathSetupReq,33613
FindNodeReq,99736
FindNodeRsp,54231
FindNodeReq,116708
PathSetupReq,43321
PathSetupReq,40015
FindNodeRsp,63549
PathSetupReq,38331
FindNodeReq,162023
PathSetupReq,32300
FindNodeRsp,62086
PathSetupReq,45315
FindNodeRsp,41468
FindNodeRsp,39213
FindNodeRsp,62096
FindNodeRsp,62336
FindNodeReq,108723
FindNodeRsp,65562
FindNodeRsp,60584
FindNodeReq,132888
FindNodeReq,94076
FindNodeRsp,61525
FindNodeReq,74750
FindNodeReq,101549
FindNodeReq,91521
FindNodeRsp,67757
FindNodeRsp,73237
FindNodeRsp,56235
FindNodeReq,53911
FindNodeRsp,53330
FindNodeReq,59181
FindNodeReq,128310
FindNodeReq,101510
FindNodeRsp,36538
FindNodeRsp,92443
FindNodeReq,100398
FindNodeReq,65823
FindNodeRsp,87383
FindNodeReq,84137
FindNodeRsp,67407
FindNodeRsp,76623
FindNodeRsp,68729
FindNodeReq,80019
FindNodeRsp,55734
FindNodeReq,74329
FindNodeRsp,66475
FindNodeRsp,60403
FindNodeReq,110056
FindNodeRsp,67456
FindNodeRsp,72275
FindNodeRsp,72746
FindNodeReq,72305
FindNodeRsp,47298
FindNodeReq,95980
FindNodeReq,84398
FindNodeReq,87574
FindNodeRsp,67927
FindNodeRsp,72496
FindNodeRsp,70201
FindNodeReq,102681
FindNodeRsp,49562
FindNodeRsp,49282
FindNodeReq,46617
FindNodeRsp,68928
FindNodeReq,107140
FindNodeRsp,61465
FindNodeRsp,65833
FindNodeRsp,60664
FindNodeReq,108923
FindNodeReq,99917
FindNodeRsp,63949
FindNodeReq,136315
FindNodeReq,100137
FindNodeReq,99796
FindNodeRsp,85951
FindNodeReq,74299
FindNodeRsp,86482
FindNodeRsp,64500
FindNodeReq,91681
FindNodeRsp,97281
FindNodeReq,117580
FindNodeReq,92824
FindNodeReq,73738
FindNodeRsp,95759
FindNodeRsp,50535
FindNodeReq,72706
FindNodeReq,86702
FindNodeRsp,63108
FindNodeReq,100929
FindNodeRsp,47849
FindNodeRsp,58189
FindNodeReq,108412
FindNodeRsp,96630
FindNodeRsp,97241
FindNodeRsp,49834
FindNodeRsp,48581
FindNodeReq,91611
FindNodeRsp,55052
PathSetupReq,49994
PathSetupReq,32431
FindNodeRsp,67005
FindNodeRsp,67116
PathSetupReq,51126
FindNodeReq,79218
FindNodeRsp,64000
FindNodeReq,104766
PathSetupReq,36247
FindNodeReq,89467
FindNodeReq,67787
FindNodeRsp,68919
FindNodeReq,71674
PNHello,65092
PNDiscRsp,35466
PathSetupReq,27481
PathSetupReq,41778
FindNodeRsp,69970
PathSetupReq,41076
PathSetupReq,39904
PathSetupReq,55233
FindNodeRsp,61124
FindNodeRsp,47830
PNDiscReq,70742
FindNodeRsp,70061
FindNodeRsp,66844
FindNodeRsp,70001
FindNodeRsp,69620
FindNodeRsp,92763
FindNodeReq,248915
FindNodeRsp,55594
FindNodeReq,139661
FindNodeRsp,67616
FindNodeReq,114484
FindNodeRsp,64009
FindNodeRsp,81913
FindNodeReq,103173
FindNodeRsp,65413
FindNodeRsp,59101
FindNodeReq,199052
FindNodeRsp,60534
FindNodeReq,111950
FindNodeRsp,75281
FindNodeRsp,57618
FindNodeRsp,83687
FindNodeRsp,59251
FindNodeRsp,47789
FindNodeReq,72385
FindNodeReq,52108
FindNodeReq,122069
FindNodeRsp,61655
FindNodeRsp,75281
FindNodeRsp,86231
FindNodeRsp,49121
FindNodeRsp,62487
FindNodeReq,57287
FindNodeRsp,63259
FindNodeReq,92674
FindNodeRsp,67256
FindNodeReq,75341
FindNodeRsp,65662
FindNodeRsp,61175
FindNodeReq,71534
FindNodeRsp,62416
FindNodeRsp,63018
FindNodeReq,56476
FindNodeReq,72225
FindNodeRsp,63669
FindNodeRsp,65292
FindNodeReq,208840
FindNodeRsp,60323
FindNodeReq,89788
FindNodeRsp,71614
FindNodeRsp,52498
FindNodeRsp,73367
FindNodeReq,71544
FindNodeRsp,47679
FindNodeRsp,55634
FindNodeReq,210885
FindNodeRsp,54162
PathSetupReq,33051
FindNodeRsp,69139
FindNodeRsp,63659
PathSetupReq,42719
FindNodeReq,82825
FindNodeReq,89728
FindNodeRsp,60724
PathSetupReq,49492
PathSetupReq,38842
FindNodeRsp,90790
PathSetupReq,35596
PathSetupReq,38112
FindNodeRsp,50815
FindNodeRsp,72846
FindNodeRsp,67386
FindNodeRsp,65402
FindNodeReq,52818
FindNodeRsp,65923
FindNodeRsp,63339
FindNodeRsp,67095
FindNodeRsp,47559
FindNodeReq,139080
FindNodeReq,62687
FindNodeRsp,95598
FindNodeRsp,48281
FindNodeRsp,69490
FindNodeRsp,58088
FindNodeReq,70031
FindNodeRsp,66684
FindNodeRsp,42479
FindNodeReq,63599
FindNodeReq,93074
FindNodeRsp,63279
FindNodeReq,120054
FindNodeReq,140202
FindNodeRsp,66795
FindNodeRsp,69129
FindNodeRsp,71122
FindNodeReq,77495
FindNodeReq,76102
FindNodeReq,75581
PNHello,109595
PNDiscRsp,36418
FindNodeReq,94316
FindNodeRsp,74018
FindNodeReq,79809
FindNodeRsp,63299
FindNodeRsp,57398
PNDiscReq,69931
FindNodeRsp,63229
FindNodeRsp,59060
FindNodeReq,104776
FindNodeReq,109585
FindNodeRsp,87042
FindNodeRsp,65703
FindNodeReq,107611
FindNodeRsp,70372
FindNodeReq,134140
FindNodeRsp,84127
FindNodeReq,76803
FindNodeRsp,73077
FindNodeReq,79669
FindNodeRsp,78286
FindNodeRsp,45355
FindNodeReq,51156
FindNodeRsp,73026
FindNodeRsp,51406
FindNodeReq,243365
FindNodeReq,73377
FindNodeRsp,62678
FindNodeRsp,71794
FindNodeReq,61946
FindNodeRsp,42610
FindNodeRsp,40125
FindNodeRsp,67857
FindNodeRsp,47399
FindNodeRsp,39725
PathSetupReq,86572
FindNodeReq,75051
FindNodeRsp,63518
FindNodeReq,131395
FindNodeRsp,70542
PathSetupReq,41577
FindNodeReq,135202
FindNodeReq,372056
FindNodeRsp,64651
FindNodeReq,219130
PathSetupReq,138499
PathSetupReq,40105
FindNodeRsp,63208
PathSetupReq,35657
PathSetupReq,161161
FindNodeRsp,65412
FindNodeRsp,69009
FindNodeReq,135663
FindNodeRsp,74850
FindNodeReq,107451
FindNodeReq,93865
FindNodeRsp,75902
FindNodeRsp,65041
FindNodeRsp,63518
FindNodeReq,87974
FindNodeRsp,70562
FindNodeRsp,72766
FindNodeReq,139010
FindNodeRsp,72004
FindNodeRsp,72275
FindNodeReq,135253
FindNodeRsp,73858
FindNodeRsp,43402
FindNodeRsp,92422
FindNodeRsp,72245
FindNodeRsp,56776
FindNodeReq,109084
FindNodeReq,88165
FindNodeReq,126176
FindNodeReq,91602
FindNodeRsp,71274
UpdateRouteReq,188994
UpdateRouteReq,335547
FindNodeReq,391953
UpdateRouteReq,492170
UpdateRouteReq,496839
UpdateRouteReq,409776
UpdateRouteReq,340657
FindNodeRsp,56787
FindNodeRsp,53149
FindNodeReq,132227
FindNodeReq,151783
FindNodeRsp,80721
FindNodeReq,68077
FindNodeReq,48521
FindNodeReq,46667
FindNodeReq,45845
UpdateRouteReq,118362
FindNodeReq,92613
UpdateRouteReq,30567
UpdateRouteReq,34745
UpdateRouteReq,32621
UpdateRouteReq,116438
UpdateRouteReq,41979
UpdateRouteReq,65612
UpdateRouteReq,38041
UpdateRouteReq,139200
Error,80090
UpdateRouteReq,45966
UpdateRouteReq,27751
UpdateRouteReq,19206
UpdateRouteReq,29194
UpdateRouteReq,36418
PathTeardownReq,21310
FindNodeReq,51266
FindNodeReq,45015
FindNodeReq,37580
FindNodeReq,64661
UpdateRouteReq,19627
Error,59892
FindNodeReq,53330
UpdateRouteReq,24706
Error,87874
FindNodeReq,63419
UpdateRouteReq,29224
Error,70061
UpdateRouteReq,24376
FindNodeReq,62917
UpdateRouteReq,27712
UpdateRouteReq,23584
UpdateRouteReq,21790
Error,25328
UpdateRouteReq,26179
Error,17242
UpdateRouteReq,20408
UpdateRouteReq,19757
UpdateRouteReq,22131
UpdateRouteReq,89417
UpdateRouteReq,86802
UpdateRouteReq,28403
FindNodeRsp,52879
FindNodeRsp,45204
Error,291505
Error,167032
Error,25839
UpdateRouteReq,20678
UpdateRouteReq,19907
UpdateRouteReq,35567
UpdateRouteReq,33803
FindNodeReq,107331
FindNodeReq,80099
FindNodeRsp,58770
Error,34244
UpdateRouteReq,90349
FindNodeReq,55814
FindNodeReq,84979
FindNodeReq,64180
FindNodeReq,57647
FindNodeReq,53530
FindNodeRsp,46277
FindNodeReq,79198
FindNodeRsp,37500
FindNodeReq,82585
FindNodeReq,61936
FindNodeRsp,31850
FindNodeReq,84147
FindNodeReq,43952
FindNodeReq,34945
FindNodeReq,34053
UpdateRouteReq,17553
UpdateRouteReq,31249
UpdateRouteReq,30988
UpdateRouteReq,38081
UpdateRouteReq,26609
UpdateRouteReq,25517
UpdateRouteReq,23424
UpdateRouteReq,21660
UpdateRouteReq,21089
UpdateRouteReq,21580
UpdateRouteReq,21049
UpdateRouteReq,36097
UpdateRouteReq,26670
FindNodeRsp,51527
UpdateRouteReq,32852
UpdateRouteReq,50013
FindNodeRsp,29264
FindNodeRsp,40786
FindNodeReq,45906
FindNodeReq,66644
FindNodeRsp,54071
FindNodeReq,79840
FindNodeReq,59631
FindNodeReq,55664
FindNodeReq,53510
FindNodeReq,256350
FindNodeReq,152215
FindNodeReq,107210
FindNodeReq,73498
FindNodeReq,55884
FindNodeReq,46687
FindNodeReq,45585
UpdateRouteReq,27642
UpdateRouteReq,34204
UpdateRouteReq,31990
UpdateRouteReq,27451
UpdateRouteReq,32441
UpdateRouteReq,30658
UpdateRouteReq,27702
UpdateRouteReq,23284
UpdateRouteReq,26800
UpdateRouteReq,23313
FindNodeReq,73317
UpdateRouteReq,55393
FindNodeReq,74179
FindNodeRsp,35717
FindNodeReq,101860
FindNodeRsp,34875
FindNodeRsp,46076
Error,198652
Error,235069
Error,207418
FindNodeRsp,31008
FindNodeRsp,32932
FindNodeReq,74469
FindNodeReq,34264
FindNodeReq,33392
FindNodeReq,32530
UpdateRouteReq,24876
UpdateRouteReq,23504
UpdateRouteReq,110336
UpdateRouteReq,40195
UpdateRouteReq,33833
UpdateRouteReq,28033
UpdateRouteReq,25497
UpdateRouteReq,26109
UpdateRouteReq,25728
UpdateRouteReq,26780
FindNodeReq,58048
FindNodeReq,58009
UpdateRouteReq,30186
FindNodeReq,102171
FindNodeReq,53831
FindNodeReq,47238
FindNodeReq,45044
FindNodeRsp,54983
FindNodeReq,127479
FindNodeRsp,35606
FindNodeReq,93325
FindNodeReq,73297
FindNodeReq,74589
FindNodeReq,36718
FindNodeReq,33944
FindNodeReq,31699
FindNodeRsp,33192
FindNodeReq,66003
FindNodeReq,34224
FindNodeReq,31719
FindNodeReq,31579
FindNodeReq,78606
FindNodeRsp,45495
FindNodeReq,74309
FindNodeReq,32100
FindNodeReq,30447
FindNodeReq,29355
UpdateRouteReq,16942
UpdateRouteReq,65202
UpdateRouteReq,472223
UpdateRouteReq,447286
UpdateRouteReq,363500
UpdateRouteReq,338874
UpdateRouteReq,179546
UpdateRouteReq,34455
UpdateRouteReq,27291
UpdateRouteReq,36198
UpdateRouteReq,40145
UpdateRouteReq,28173
UpdateRouteReq,45355
UpdateRouteReq,27592
UpdateRouteReq,26470
UpdateRouteReq,26259
UpdateRouteReq,21160
FindNodeRsp,33733
PNHello,63007
PNDiscRsp,32040
FindNodeReq,79989
FindNodeReq,77374
PathSetupReq,40065
PathSetupReq,33894
PathSetupReq,51006
FindNodeRsp,40015
Error,25287
Error,70642
Error,21911
FindNodeReq,253153
FindNodeReq,48541
FindNodeReq,43983
FindNodeReq,43882
FindNodeReq,99276
FindNodeReq,59571
FindNodeReq,56766
FindNodeReq,50264
UpdateRouteReq,53831
PNDiscReq,97392
UpdateRouteReq,34395
FindNodeRsp,37390
FindNodeReq,178193
FindNodeReq,86501
FindNodeReq,99105
FindNodeReq,77715
FindNodeReq,48802
FindNodeReq,41127
FindNodeReq,44172
UpdateRouteReq,246351
UpdateRouteReq,37511
FindNodeReq,233186
FindNodeRsp,48451
UpdateRouteReq,80781
FindNodeReq,98334
UpdateRouteReq,41999
UpdateRouteReq,99025
FindNodeRsp,60844
FindNodeReq,229018
FindNodeRsp,57106
FindNodeReq,85760
FindNodeReq,79098
Error,85469
Error,262601
Error,243565
FindNodeReq,70041
FindNodeReq,55383
FindNodeReq,52809
FindNodeReq,51997
FindNodeReq,77696
FindNodeRsp,53851
FindNodeReq,195225
FindNodeRsp,33543
FindNodeReq,89788
FindNodeReq,33582
FindNodeReq,26299
FindNodeReq,25838
UpdateRouteReq,27011
UpdateRouteReq,48240
UpdateRouteReq,29656
UpdateRouteReq,25708
UpdateRouteReq,24255
UpdateRouteReq,24245
UpdateRouteReq,23914
UpdateRouteReq,23023
UpdateRouteReq,52829
UpdateRouteReq,35737
UpdateRouteReq,28122
FindNodeReq,76733
UpdateRouteReq,22131
FindNodeRsp,33152
FindNodeRsp,43091
FindNodeReq,64491
FindNodeRsp,31249
FindNodeRsp,42800
FindNodeReq,112981
FindNodeReq,37500
FindNodeReq,34033
FindNodeReq,35476
FindNodeReq,96010
FindNodeRsp,54873
FindNodeReq,101369
FindNodeReq,50164
FindNodeReq,44934
FindNodeRsp,33192
FindNodeRsp,32170
FindNodeReq,88375
FindNodeReq,62877
FindNodeReq,72906
FindNodeReq,66194
FindNodeReq,65943
FindNodeReq,62868
UpdateRouteReq,27140
UpdateRouteReq,79268
UpdateRouteReq,34144
UpdateRouteReq,316331
UpdateRouteReq,310200
UpdateRouteReq,302666
UpdateRouteReq,31088
UpdateRouteReq,30086
UpdateRouteReq,24786
UpdateRouteReq,21761
UpdateRouteReq,26450
UpdateRouteReq,22322
UpdateRouteReq,23594
UpdateRouteReq,24366
UpdateRouteReq,32701
UpdateRouteReq,23464
FindNodeReq,92543
FindNodeReq,81923
FindNodeRsp,52207
FindNodeReq,72556
FindNodeReq,100908
FindNodeReq,46106
FindNodeReq,42990
FindNodeReq,36127
UpdateRouteReq,50304
FindNodeReq,110827
FindNodeRsp,46106
FindNodeReq,70021
FindNodeRsp,43371
FindNodeReq,76243
FindNodeReq,46847
FindNodeReq,39083
FindNodeReq,36439
FindNodeReq,76473
FindNodeReq,100128
FindNodeRsp,57116
FindNodeRsp,41758
FindNodeReq,93986
FindNodeReq,94446
FindNodeReq,56576
FindNodeReq,61635
FindNodeReq,46427
FindNodeReq,85740
FindNodeReq,84498
FindNodeReq,61315
FindNodeReq,57197
FindNodeReq,56385
FindNodeReq,125835
FindNodeReq,66114
FindNodeReq,60904
FindNodeReq,66385
UpdateRouteReq,43942
UpdateRouteReq,33883
UpdateRouteReq,102682
UpdateRouteReq,25428
UpdateRouteReq,349212
UpdateRouteReq,30266
UpdateRouteReq,28764
UpdateRouteReq,27181
UpdateRouteReq,27041
UpdateRouteReq,26369
UpdateRouteReq,23403
UpdateRouteReq,29977
UpdateRouteReq,26539
UpdateRouteReq,24566
UpdateRouteReq,24175
UpdateRouteReq,28503
FindNodeRsp,58459
UpdateRouteReq,28063
FindNodeReq,79268
FindNodeReq,80280
UpdateRouteReq,54292
FindNodeRsp,56656
FindNodeReq,78497
FindNodeRsp,46787
FindNodeRsp,38341
FindNodeReq,79909
FindNodeReq,97763
FindNodeReq,53821
FindNodeReq,51336
FindNodeReq,49603
FindNodeReq,101259
FindNodeReq,102101
FindNodeRsp,55865
FindNodeReq,75421
FindNodeReq,92994
FindNodeReq,49182
FindNodeReq,44664
FindNodeReq,44934
FindNodeReq,90509
FindNodeReq,56525
FindNodeReq,54972
FindNodeReq,54952
UpdateRouteReq,36008
UpdateRouteReq,44363
UpdateRouteReq,39965
UpdateRouteReq,36548
UpdateRouteReq,37771
UpdateRouteReq,38762
UpdateRouteReq,41016
FindNodeReq,92874
FindNodeRsp,48660
UpdateRouteReq,41107
FindNodeReq,89517
FindNodeReq,46277
FindNodeReq,42439
FindNodeReq,41598
FindNodeReq,84428
FindNodeReq,131115
FindNodeRsp,51977
FindNodeReq,71244
Error,52919
Error,247352
Error,215393
FindNodeReq,93996
FindNodeReq,48270
FindNodeReq,45515
FindNodeReq,44994
FindNodeReq,70892
FindNodeReq,51857
FindNodeReq,124613
FindNodeReq,48260
UpdateRouteReq,36709
UpdateRouteReq,68589
UpdateRouteReq,126326
UpdateRouteReq,42900
UpdateRouteReq,43331
UpdateRouteReq,42429
UpdateRouteReq,50585
UpdateRouteReq,44343
UpdateRouteReq,40045
FindNodeRsp,70562
UpdateRouteReq,80010
UpdateRouteReq,36909
FindNodeRsp,55394
FindNodeReq,102301
UpdateRouteReq,30907
FindNodeReq,91140
FindNodeReq,47259
FindNodeReq,43611
FindNodeReq,42169
FindNodeReq,113583
FindNodeReq,98935
FindNodeReq,90048
FindNodeReq,47328
FindNodeReq,43441
FindNodeReq,42309
FindNodeRsp,51717
FindNodeReq,99255
FindNodeReq,146133
FindNodeReq,123611
FindNodeRsp,43671
FindNodeReq,93414
FindNodeReq,129532
FindNodeReq,136325
FindNodeRsp,47789
Error,25708
Error,125224
Error,102712
FindNodeReq,55764
FindNodeReq,128340
FindNodeReq,52308
FindNodeReq,50754
FindNodeReq,48140
FindNodeReq,96631
FindNodeReq,89087
FindNodeReq,47820
FindNodeReq,44153
FindNodeReq,42900
FindNodeRsp,56175
FindNodeReq,96440
FindNodeReq,94266
FindNodeRsp,48831
FindNodeRsp,45555
FindNodeReq,147606
FindNodeReq,47359
FindNodeReq,43441
FindNodeReq,41959
FindNodeReq,118802
FindNodeReq,49182
FindNodeReq,43482
FindNodeReq,41948
UpdateRouteReq,25738
UpdateRouteReq,129282
FindNodeReq,97713
FindNodeReq,99657
UpdateRouteReq,58579
FindNodeReq,99997
UpdateRouteReq,32751
FindNodeReq,36788
FindNodeReq,36278
FindNodeReq,35306
FindNodeReq,34495
FindNodeReq,62927
FindNodeRsp,46667
FindNodeRsp,32120
Error,27070
Error,20468
Error,13475
FindNodeReq,65522
FindNodeReq,34444
FindNodeReq,27361
FindNodeReq,26500
UpdateRouteReq,17313
UpdateRouteReq,20959
FindNodeRsp,28934
FindNodeReq,105607
UpdateRouteReq,18404
FindNodeReq,68488
FindNodeReq,32942
FindNodeReq,29966
FindNodeReq,25348
FindNodeReq,69570
FindNodeReq,100709
FindNodeReq,69560
FindNodeRsp,24987
Error,30276
Error,97222
Error,54312
FindNodeReq,88535
FindNodeReq,37580
FindNodeReq,34674
FindNodeReq,33964
FindNodeReq,59251
FindNodeReq,207198
FindNodeReq,68067
FindNodeReq,43190
FindNodeReq,37700
FindNodeReq,36879
FindNodeReq,82485
FindNodeRsp,42619
FindNodeReq,91290
FindNodeReq,57187
FindNodeReq,52008
FindNodeReq,54461
UpdateRouteReq,27010
UpdateRouteReq,285744
UpdateRouteReq,115997
UpdateRouteReq,24827
UpdateRouteReq,50123
UpdateRouteReq,27151
UpdateRouteReq,24145
UpdateRouteReq,23374
UpdateRouteReq,20779
UpdateRouteReq,23864
UpdateRouteReq,23163
UpdateRouteReq,22642
UpdateRouteReq,21931
UpdateRouteReq,21961
FindNodeRsp,45816
FindNodeReq,224329
UpdateRouteReq,34605
FindNodeReq,95138
UpdateRouteReq,31128
FindNodeRsp,54121
FindNodeReq,68739
Error,67867
Error,220182
Error,192691
FindNodeRsp,44513
FindNodeReq,256520
FindNodeReq,197910
FindNodeRsp,48371
FindNodeRsp,31399
FindNodeReq,45174
FindNodeReq,226344
FindNodeReq,46076
FindNodeReq,39023
FindNodeReq,37941
FindNodeRsp,53310
FindNodeReq,94276
FindNodeReq,48340
FindNodeReq,43821
FindNodeReq,43031
FindNodeReq,106489
PathSetupReq,47398
FindNodeRsp,43201
FindNodeRsp,34675
PathSetupReq,32250
PathSetupReq,159398
FindNodeReq,94407
FindNodeReq,102531
FindNodeReq,45455
FindNodeReq,41187
FindNodeReq,40125
FindNodeReq,77134
FindNodeReq,68809
FindNodeReq,53930
FindNodeReq,52308
FindNodeReq,51777
UpdateRouteReq,35216
UpdateRouteReq,43351
UpdateRouteReq,396412
UpdateRouteReq,371094
UpdateRouteReq,37170
UpdateRouteReq,194504
UpdateRouteReq,31660
UpdateRouteReq,25588
UpdateRouteReq,22593
UpdateRouteReq,22542
UpdateRouteReq,24807
FindNodeReq,76152
UpdateRouteReq,47498
UpdateRouteReq,34284
FindNodeReq,76864
FindNodeRsp,43321
FindNodeRsp,48050
UpdateRouteReq,43561
FindNodeRsp,54071
FindNodeReq,105827
FindNodeReq,66414
FindNodeReq,53570
FindNodeReq,52738
FindNodeReq,45986
FindNodeRsp,66665
FindNodeReq,76924
FindNodeRsp,44162
FindNodeRsp,52768
Error,31178
Error,98885
Error,68799
FindNodeReq,110757
FindNodeReq,50124
FindNodeReq,45796
FindNodeReq,44423
FindNodeRsp,53760
FindNodeReq,85781
FindNodeReq,102702
FindNodeRsp,40455
FindNodeReq,100398
FindNodeReq,47128
FindNodeReq,42900
FindNodeReq,37169
UpdateRouteReq,26119
UpdateRouteReq,28935
FindNodeReq,115365
UpdateRouteReq,32160
FindNodeReq,97943
FindNodeRsp,43391
FindNodeRsp,57568
FindNodeRsp,47689
FindNodeReq,93054
FindNodeReq,58188
FindNodeReq,47269
FindNodeReq,44493
FindNodeReq,76443
FindNodeReq,101640
FindNodeReq,142226
FindNodeRsp,52087
FindNodeReq,93555
FindNodeReq,106920
FindNodeRsp,51977
FindNodeReq,98785
FindNodeReq,48641
FindNodeReq,45205
FindNodeReq,43170
UpdateRouteReq,28333
UpdateRouteReq,31519
UpdateRouteReq,27271
UpdateRouteReq,50204
UpdateRouteReq,23343
UpdateRouteReq,25598
UpdateRouteReq,24326
UpdateRouteReq,21150
UpdateRouteReq,23384
UpdateRouteReq,22292
UpdateRouteReq,21490
UpdateRouteReq,33623
FindNodeReq,78287
FindNodeReq,48190
FindNodeReq,44272
FindNodeReq,51917
FindNodeReq,99806
UpdateRouteReq,39624
FindNodeReq,84117
FindNodeReq,81963
Error,116728
Error,171471
Error,134121
FindNodeRsp,57698
FindNodeReq,72756
FindNodeReq,214070
FindNodeReq,49062
FindNodeReq,44453
FindNodeReq,43210
FindNodeReq,360634
FindNodeRsp,54492
FindNodeReq,74209
FindNodeRsp,43241
FindNodeReq,77936
FindNodeReq,47769
FindNodeReq,44283
FindNodeReq,42509
FindNodeReq,61425
FindNodeRsp,53921
FindNodeReq,96771
Error,71444
Error,166171
Error,139401
FindNodeReq,62216
FindNodeReq,43551
FindNodeReq,38522
FindNodeReq,40426
UpdateRouteReq,28884
UpdateRouteReq,37931
UpdateRouteReq,27852
FindNodeReq,109424
UpdateRouteReq,32611
FindNodeReq,51617
FindNodeReq,35727
FindNodeReq,34144
FindNodeReq,37019
FindNodeReq,103193
FindNodeReq,103042
FindNodeReq,99526
FindNodeReq,101459
FindNodeReq,54973
FindNodeReq,51567
FindNodeReq,51717
FindNodeReq,58840
FindNodeReq,85019
FindNodeReq,70872
FindNodeRsp,38101
FindNodeReq,73206
FindNodeReq,52227
FindNodeReq,50474
FindNodeReq,49763
FindNodeReq,108362
FindNodeRsp,64530
FindNodeReq,81412
FindNodeReq,57117
FindNodeReq,59862
FindNodeReq,53370
FindNodeReq,62407
FindNodeRsp,46036
FindNodeRsp,40475
PNHello,69631
PNDiscRsp,33472
Error,35506
Error,194744
Error,146614
FindNodeReq,102291
FindNodeReq,36729
FindNodeReq,32511
FindNodeReq,88896
FindNodeReq,47710
FindNodeReq,44433
FindNodeReq,43521
FindNodeReq,96451
FindNodeReq,70512
FindNodeReq,34103
FindNodeReq,30838
FindNodeReq,30387
FindNodeReq,88726
FindNodeReq,46788
FindNodeReq,41257
FindNodeReq,40416
UpdateRouteReq,22322
UpdateRouteReq,33613
UpdateRouteReq,260838
UpdateRouteReq,28203
UpdateRouteReq,23844
UpdateRouteReq,23604
UpdateRouteReq,25227
UpdateRouteReq,22953
UpdateRouteReq,20819
UpdateRouteReq,21931
UpdateRouteReq,19607
UpdateRouteReq,21000
UpdateRouteReq,20568
UpdateRouteReq,20859
UpdateRouteReq,23183
FindNodeReq,313776
FindNodeRsp,35326
FindNodeReq,65252
FindNodeReq,82404
UpdateRouteReq,30076
PNDiscReq,63810
FindNodeRsp,45164
FindNodeRsp,39584
FindNodeReq,98654
FindNodeReq,50815
FindNodeReq,42570
FindNodeReq,37631
FindNodeReq,84067
FindNodeReq,74199
FindNodeReq,83907
FindNodeReq,69790
FindNodeReq,47639
FindNodeReq,47048
UpdateRouteReq,31448
UpdateRouteReq,161431
UpdateRouteReq,76362
UpdateRouteReq,35175
UpdateRouteReq,29815
UpdateRouteReq,38011
UpdateRouteReq,32901
UpdateRouteReq,29235
UpdateRouteReq,17112
UpdateRouteReq,27431
UpdateRouteReq,52569
UpdateRouteReq,29686
UpdateRouteReq,27732
UpdateRouteReq,25187
UpdateRouteReq,23284
UpdateRouteReq,27221
UpdateRouteReq,30386
FindNodeReq,77736
Error,199102
Error,286145
Error,258634
FindNodeReq,95098
FindNodeReq,72996
Error,28683
FindNodeReq,134431
UpdateRouteReq,27151
FindNodeReq,65843
FindNodeRsp,35967
Error,101179
Error,173554
Error,142356
FindNodeRsp,40566
Error,38813
Error,266769
Error,227645
UpdateRouteReq,37300
UpdateRouteReq,22522
FindNodeRsp,61134
Error,31318
Error,250148
UpdateRouteReq,233105
Error,234378
FindNodeReq,90580
FindNodeReq,86151
FindNodeReq,64441
FindNodeReq,65543
FindNodeReq,62627
UpdateRouteReq,32641
UpdateRouteReq,32962
UpdateRouteReq,46307
UpdateRouteReq,28433
FindNodeReq,79779
FindNodeRsp,38322
FindNodeReq,102121
FindNodeReq,80310
FindNodeReq,55043
FindNodeReq,54001
FindNodeReq,53230
FindNodeRsp,51707
FindNodeReq,81473
Error,248024
UpdateRouteReq,150301
Error,52799
UpdateRouteReq,29265
UpdateRouteReq,29966
UpdateRouteReq,29204
UpdateRouteReq,20969
UpdateRouteReq,30717
UpdateRouteReq,42900
FindNodeReq,95028
FindNodeReq,56956
FindNodeReq,55974
FindNodeReq,55254
FindNodeReq,80029
FindNodeReq,79148
FindNodeRsp,37951
FindNodeRsp,27592
FindNodeReq,74630
FindNodeReq,49232
FindNodeReq,47840
FindNodeReq,48501
FindNodeReq,60493
FindNodeReq,43271
FindNodeReq,42370
FindNodeReq,41678
FindNodeReq,83286
FindNodeRsp,46387
FindNodeReq,73197
FindNodeReq,52528
FindNodeReq,50435
FindNodeReq,43822
FindNodeReq,81653
FindNodeReq,61885
FindNodeReq,58359
FindNodeReq,57538
FindNodeReq,69059
FindNodeReq,52027
FindNodeReq,53931
FindNodeReq,45835
UpdateRouteReq,27973
UpdateRouteReq,27752
UpdateRouteReq,327151
UpdateRouteReq,93265
UpdateRouteReq,361727
UpdateRouteReq,32511
UpdateRouteReq,25207
UpdateRouteReq,18405
UpdateRouteReq,17863
UpdateRouteReq,17983
UpdateRouteReq,27231
FindNodeReq,69329
UpdateRouteReq,24806
UpdateRouteReq,26209
FindNodeReq,105197
FindNodeRsp,42369
FindNodeRsp,53600
Error,36107
Error,204662
Error,169537
FindNodeRsp,34965
FindNodeReq,42970
FindNodeReq,42650
FindNodeReq,36197
FindNodeReq,35637
UpdateRouteReq,19035
UpdateRouteReq,279553
UpdateRouteReq,24876
UpdateRouteReq,29495
UpdateRouteReq,25127
UpdateRouteReq,21420
UpdateRouteReq,29746
UpdateRouteReq,25477
UpdateRouteReq,23695
UpdateRouteReq,23074
UpdateRouteReq,20408
UpdateRouteReq,20528
UpdateRouteReq,19907
UpdateRouteReq,44353
UpdateRouteReq,62907
UpdateRouteReq,34143
FindNodeReq,80591
FindNodeReq,84238
FindNodeReq,108082
FindNodeRsp,53761
FindNodeReq,58529
FindNodeReq,97782
FindNodeReq,57477
FindNodeReq,56215
FindNodeReq,54642
FindNodeReq,82264
FindNodeReq,87013
FindNodeRsp,46347
Error,201647
Error,261058
Error,235310
FindNodeRsp,41607
FindNodeReq,79899
FindNodeRsp,44313
FindNodeReq,67116
FindNodeReq,79368
FindNodeReq,58871
FindNodeReq,57418
FindNodeReq,60634
UpdateRouteReq,28193
UpdateRouteReq,165770
UpdateRouteReq,121768
UpdateRouteReq,29765
UpdateRouteReq,29124
UpdateRouteReq,32411
UpdateRouteReq,25167
UpdateRouteReq,21760
UpdateRouteReq,23493
UpdateRouteReq,23313
UpdateRouteReq,26660
UpdateRouteReq,24065
UpdateRouteReq,27531
UpdateRouteReq,20979
UpdateRouteReq,37029
UpdateRouteReq,26549
UpdateRouteReq,30216
FindNodeReq,46738
FindNodeReq,52638
FindNodeReq,54612
FindNodeReq,53450
FindNodeReq,59011
FindNodeReq,51366
FindNodeReq,48952
FindNodeReq,49413
FindNodeReq,121798
FindNodeRsp,52799
FindNodeRsp,38642
FindNodeReq,80340
FindNodeReq,56786
FindNodeReq,56005
FindNodeReq,54733
FindNodeReq,87854
FindNodeReq,112761
FindNodeReq,113502
PathSetupReq,36999
PathSetupReq,20227
FindNodeRsp,39584
FindNodeReq,61124
FindNodeReq,44343
FindNodeReq,42299
FindNodeReq,56977
PathSetupReq,26028
FindNodeReq,112901
FindNodeReq,109074
FindNodeReq,75120
FindNodeReq,47168
FindNodeReq,42560
FindNodeReq,41017
FindNodeReq,86602
FindNodeReq,44032
FindNodeReq,41858
FindNodeReq,41067
FindNodeReq,336328
FindNodeReq,51456
FindNodeReq,39934
FindNodeReq,35607
UpdateRouteReq,19627
UpdateRouteReq,18144
UpdateRouteReq,17984
UpdateRouteReq,30166
UpdateRouteReq,22833
UpdateRouteReq,17162
UpdateRouteReq,16501
UpdateRouteReq,18254
UpdateRouteReq,18324
UpdateRouteReq,17864
UpdateRouteReq,14748
UpdateRouteReq,14667
UpdateRouteReq,27171
UpdateRouteReq,29385
FindNodeRsp,53991
FindNodeRsp,42840
FindNodeReq,61325
FindNodeRsp,37129
FindNodeReq,81893
Error,51056
Error,215012
Error,181750
UpdateRouteReq,34414
FindNodeRsp,30757
FindNodeReq,101871
Error,34915
Error,162534
Error,120045
FindNodeReq,81131
FindNodeReq,59001
FindNodeReq,56556
FindNodeRsp,46136
FindNodeReq,88435
Error,328784
Error,187540
Error,158997
FindNodeRsp,39304
FindNodeReq,60263
FindNodeReq,100768
FindNodeReq,120194
UpdateRouteReq,41197
UpdateRouteReq,44533
FindNodeReq,50164
UpdateRouteReq,25127
UpdateRouteReq,22973
UpdateRouteReq,24606
UpdateRouteReq,80029
FindNodeReq,76362
FindNodeRsp,27130
FindNodeRsp,37531
FindNodeReq,109014
FindNodeReq,55714
FindNodeReq,37039
FindNodeReq,29566
FindNodeReq,28673
UpdateRouteReq,15960
UpdateRouteReq,197970
FindNodeReq,115627
UpdateRouteReq,42259
UpdateRouteReq,27061
UpdateRouteReq,140824
UpdateRouteReq,204302
UpdateRouteReq,132508
UpdateRouteReq,94156
FindNodeReq,47769
UpdateRouteReq,23785
FindNodeReq,43641
UpdateRouteReq,22442
UpdateRouteReq,20628
UpdateRouteReq,19957
UpdateRouteReq,20488
FindNodeReq,47208
UpdateRouteReq,22743
UpdateRouteReq,20278
UpdateRouteReq,19867
UpdateRouteReq,19667
FindNodeReq,43080
UpdateRouteReq,30367
UpdateRouteReq,21150
UpdateRouteReq,20088
UpdateRouteReq,21170
UpdateRouteReq,20057
UpdateRouteReq,20408
UpdateRouteReq,20047
UpdateRouteReq,36589
FindNodeReq,50063
FindNodeReq,46116
UpdateRouteReq,25367
UpdateRouteReq,20258
FindNodeReq,48401
FindNodeReq,55524
UpdateRouteReq,216675
FindNodeReq,62787
FindNodeReq,93545
FindNodeReq,60563
FindNodeReq,44783
FindNodeReq,43341
FindNodeReq,63479
UpdateRouteReq,22242
FindNodeReq,55995
FindNodeRsp,32381
FindNodeRsp,18885
FindNodeReq,45585
Error,82685
Error,140393
Error,116458
FindNodeReq,61144
FindNodeReq,78817
FindNodeReq,62757
FindNodeReq,55053
FindNodeReq,54833
FindNodeReq,88235
FindNodeReq,69390
FindNodeRsp,36298
FindNodeReq,89368
FindNodeRsp,39965
FindNodeReq,260978
FindNodeReq,35937
FindNodeReq,33162
FindNodeReq,31509
PathTeardownReq,37690
PathSetupReq,37240
UpdateRouteReq,86672
Error,64671
Error,50594
Error,69480
Error,26479
Error,32260
Error,22452
Error,17914
Error,51927
Error,43291
Error,39855
Error,55414
Error,21831
Error,25127
Error,36328
Error,27220
Error,43331
Error,48721
Error,55875
Error,44183
Error,18615
Error,26559
Error,31779
Error,17994
Error,46016
Error,51857
Error,43331
Error,42399
Error,19667
Error,26549
Error,40435
Error,14587
Error,40396
Error,44543
Error,38412
Error,37630
Error,17262
Error,22633
Error,32461
Error,15479
Error,38903
Error,44733
Error,38522
Error,37440
Error,17152
Error,22752
Error,35476
Error,12514
Error,40916
Error,37230
Error,44773
Error,44523
Error,18385
Error,23063
Error,19887
Error,15640
Error,39424
Error,45766
Error,37891
Error,37270
Error,23704
Error,22923
Error,17974
Error,14937
Error,49843
Error,38532
Error,37731
Error,37541
Error,17172
Error,23194
Error,26089
Error,15720
Error,39214
Error,37220
Error,44443
Error,45274
Error,17713
Error,22963
Error,19486
Error,15619
Error,39053
Error,46077
Error,38432
Error,37350
Error,17492
Error,23073
Error,20659
Error,13576
Error,46817
Error,38051
Error,37721
Error,37390
Error,17192
Error,22582
Error,35105
Error,12734
Error,40696
Error,38041
Error,44984
Error,44934
Error,17643
Error,22923
Error,18394
Error,15319
Error,38552
Error,48190
Error,44934
Error,37711
Error,17373
Error,22612
Error,19516
Error,15429
Error,47359
Error,38862
Error,37169
Error,37731
Error,17282
Error,22783
Error,37841
Error,12474
Error,40355
Error,38131
Error,37901
Error,45355
Error,18064
Error,23003
Error,20980
Error,15990
Error,39164
Error,45475
Error,47559
Error,37671
Error,17813
Error,23063
Error,17512
Error,15078
Error,46467
Error,37620
Error,37159
Error,37641
Error,17263
Error,22662
Error,36709
Error,15749
Error,40867
Error,38412
Error,37841
Error,45625
Error,17763
Error,23655
Error,18285
Error,15739
Error,39554
Error,45725
Error,44914
Error,37991
Error,17603
Error,23193
Error,17813
Error,26039
Error,67857
Error,44373
Error,42018
Error,49132
Error,20037
Error,30628
Error,71123
Error,53229
Error,40786
Error,38623
Error,37550
Error,45285
Error,18495
Error,26069
Error,54702
Error,36970
Error,41507
Error,47749
Error,45545
Error,38552
Error,17773
Error,25016
Error,54081
Error,37440
Error,51286
Error,39063
Error,37600
Error,38021
Error,17413
Error,25097
Error,57728
Error,32100
Error,39925
Error,38101
Error,45876
Error,45756
Error,18575
Error,24826
Error,49643
Error,33101
Error,41157
Error,46507
Error,44884
Error,38281
Error,18215
Error,25097
Error,51136
Error,33643
Error,49192
Error,45295
Error,38151
Error,37630
Error,17593
Error,24767
Error,58910
Error,38452
Error,40275
Error,46306
Error,38301
Error,89638
Error,22372
Error,28022
Error,39664
Error,20599
Error,46908
Error,51046
Error,41157
Error,39534
Error,18685
Error,24566
Error,21079
Error,15680
Error,53500
Error,41237
Error,40185
Error,48321
Error,19015
Error,24857
Error,39744
Error,15700
Error,43591
Error,40666
Error,47840
Error,40365
Error,18364
Error,24706
Error,33443
Error,17553
Error,42229
Error,48550
Error,40777
Error,39975
Error,18315
Error,25217
Error,32511
Error,17633
Error,42499
Error,48901
Error,41187
Error,39654
Error,18194
Error,24766
Error,31158
Error,15268
Error,42569
Error,49032
Error,40697
Error,39785
Error,18314
Error,24306
Error,40746
Error,25638
Error,49853
Error,41056
Error,39974
Error,47088
Error,18565
Error,24706
Error,44814
Error,28684
Error,43130
Error,50384
Error,49803
Error,40356
Error,18635
Error,24836
Error,31970
Error,14928
Error,42790
Error,48451
Error,39754
Error,39193
Error,17914
Error,24325
Error,33953
Error,18113
Error,50846
Error,40997
Error,44203
Error,47509
Error,18796
Error,24456
Error,38352
Error,18836
Error,42039
Error,39955
Error,47238
Error,40927
Error,18134
Error,24396
Error,35106
Error,17613
Error,51165
Error,41267
Error,39715
Error,46607
Error,18444
Error,24195
Error,41006
Error,19496
Error,42199
Error,40616
Error,240680
Error,42209
Error,18925
Error,24526
Error,38241
Error,20989
Error,42209
Error,56916
Error,41768
Error,40526
Error,18544
Error,24806
Error,32891
Error,17032
Error,50785
Error,41016
Error,40876
Error,47469
Error,18415
Error,24596
Error,40225
Error,24877
Error,42940
Error,47509
Error,39944
Error,40516
Error,18354
Error,24556
Error,38842
Error,18664
Error,49483
Error,40556
Error,39534
Error,47639
Error,18835
Error,24626
Error,19516
Error,16150
Error,40977
Error,40676
Error,47829
Error,40515
Error,18535
Error,24687
Error,30558
Error,17493
Error,41367
Error,48651
Error,41358
Error,42058
Error,18645
Error,24255
Error,38021
Error,20568
Error,51396
Error,40656
Error,39855
Error,60132
Error,19376
Error,24135
Error,43782
Error,30066
Error,41347
Error,39765
Error,46627
Error,39804
Error,17663
Error,23283
Error,41287
Error,26710
Error,41688
Error,47679
Error,39975
Error,39073
Error,17423
Error,23564
Error,27211
Error,14927
Error,48942
Error,40245
Error,38572
Error,45816
Error,18244
Error,23464
Error,42709
Error,17973
Error,46547
Error,43721
Error,51997
Error,44203
Error,20929
Error,26440
Error,21840
Error,17042
Error,41288
Error,45575
Error,39133
Error,38212
Error,17603
Error,23233
Error,17252
Error,16150
Error,49933
Error,39253
Error,38712
Error,44564
Error,17883
Error,23203
Error,29465
Error,15088
Error,40747
Error,39003
Error,44413
Error,38071
Error,17192
Error,23244
Error,18445
Error,15069
Error,38983
Error,45725
Error,38242
Error,38011
Error,18544
Error,22582
Error,25548
Error,15750
Error,46577
Error,38331
Error,37400
Error,45655
Error,18003
Error,22602
Error,37269
Error,15189
Error,40295
Error,37060
Error,45485
Error,44984
Error,17914
Error,22763
Error,20879
Error,15809
Error,39023
Error,45986
Error,38041
Error,38262
Error,18184
Error,22913
Error,18895
Error,15529
Error,47208
Error,38122
Error,37811
Error,37219
Error,17263
Error,22793
Error,37540
Error,11933
Error,41107
Error,38241
Error,45084
Error,44132
Error,17844
Error,23033
Error,18845
Error,15189
Error,39204
Error,46426
Error,39143
Error,38492
Error,17603
Error,22863
Error,18194
Error,14788
Error,47168
Error,38922
Error,37761
Error,38432
Error,17563
Error,22762
Error,36208
Error,12844
Error,40466
Error,37921
Error,45274
Error,44323
Error,17612
Error,22953
Error,18664
Error,15069
Error,46978
Error,46938
Error,39083
Error,38261
Error,17382
Error,22903
Error,17934
Error,15008
Error,49763
Error,38732
Error,37831
Error,36799
Error,17232
Error,23214
Error,36499
Error,13325
Error,40175
Error,37971
Error,44784
Error,44403
Error,17643
Error,22542
Error,17884
Error,15058
Error,39544
Error,46026
Error,38762
Error,37780
Error,17433
Error,23124
Error,18485
Error,14737
Error,46396
Error,38392
Error,37651
Error,37620
Error,17473
Error,22962
Error,32350
Error,11722
Error,40816
Error,44884
Error,38332
Error,37720
Error,17673
Error,23664
Error,20558
Error,15810
Error,46446
Error,38583
Error,37340
Error,38111
Error,17212
Error,22733
Error,32070
Error,9428
Error,40616
Error,45044
Error,37340
Error,37771
Error,17963
Error,22723
Error,20528
Error,15830
Error,46517
Error,38672
Error,37870
Error,37481
Error,17523
Error,22432
Error,30407
Error,13986
Error,40906
Error,46296
Error,37530
Error,37800
Error,17553
Error,22442
Error,20077
Error,15679
Error,46617
Error,38853
Error,37380
Error,37580
Error,17563
Error,22742
Error,31349
Error,10149
Error,40706
Error,37770
Error,50114
Error,44714
Error,17572
Error,22772
Error,18705
Error,15168
Error,39403
Error,45736
Error,37981
Error,37540
Error,17953
Error,22963
Error,18785
Error,14567
Error,46918
Error,38562
Error,37691
Error,37731
Error,17393
Error,22482
Error,35125
Error,12674
Error,40345
Error,38141
Error,52479
Error,45435
Error,17853
Error,22762
Error,18564
Error,15168
Error,39564
Error,45736
Error,44163
Error,37701
Error,17703
Error,23193
Error,33633
Error,12293
Error,40876
Error,37981
Error,47669
Error,45394
Error,18034
Error,23564
Error,13084
Error,15098
Error,39554
Error,45435
Error,44403
Error,38332
Error,17753
Error,23344
Error,18685
Error,15579
Error,46868
Error,38522
Error,38482
Error,38001
Error,17223
Error,22753
Error,34855
Error,12504
Error,40436
Error,38451
Error,47078
Error,44182
Error,17703
Error,22813
Error,20408
Error,15989
Error,39805
Error,45856
Error,44333
Error,37951
Error,17703
Error,23144
Error,19316
Error,15479
Error,46266
Error,37961
Error,37460
Error,37860
Error,17312
Error,22803
Error,34424
Error,12083
Error,40435
Error,45395
Error,46647
Error,37771
Error,17352
Error,22853
Error,17723
Error,14887
Error,47058
Error,38161
Error,37630
Error,37840
Error,17864
Error,22673
Error,20688
Error,15720
Error,41467
Error,38142
Error,37751
Error,45695
Error,18114
Error,23033
Error,33813
Error,12674
Error,40295
Error,44533
Error,37861
Error,38291
Error,17313
Error,22733
Error,20047
Error,15259
Error,46677
Error,37910
Error,37249
Error,73116
Error,20699
Error,26139
Error,68909
Error,51015
Error,47318
Error,47669
Error,55163
Error,47539
Error,19246
Error,25487
Error,59862
Error,44463
Error,48030
Error,54933
Error,46667
Error,47468
Error,18966
Error,25017
Error,60704
Error,45375
Error,55564
Error,47458
Error,47249
Error,55313
Error,19186
Error,24636
Error,83236
Error,66925
Error,47538
Error,47309
Error,55744
Error,47809
Error,18865
Error,24967
Error,58971
Error,43862
Error,48470
Error,55403
Error,48451
Error,62688
Error,20428
Error,34114
Error,63699
Error,47819
Error,51496
Error,42340
Error,40887
Error,47869
Error,18154
Error,24977
Error,61405
Error,38001
Error,47449
Error,42279
Error,48381
Error,40596
Error,18395
Error,26450
Error,62687
Error,37730
Error,42309
Error,49222
Error,40987
Error,42901
Error,18444
Error,26520
Error,71113
Error,53059
Error,51176
Error,40937
Error,39323
Error,46878
Error,18786
Error,26409
Error,79318
Error,66935
Error,43501
Error,40054
Error,54542
Error,66825
Error,19496
Error,24816
Error,37991
Error,18765
Error,42800
Error,48481
Error,40997
Error,40636
Error,18364
Error,24506
Error,36178
Error,18635
Error,51416
Error,48340
Error,46797
Error,37660
Error,14156
Error,17924
Error,11832
Error,11942
Error,31038
Error,31089
Error,34355
Error,29034
Error,13746
Error,17533
Error,8566
Error,11692
Error,30077
Error,36588
Error,29866
Error,29425
Error,14076
Error,17573
Error,7925
Error,11581
Error,35817
Error,29074
Error,27681
Error,34504
Error,13896
Error,17613
Error,13025
Error,10530
Error,30507
Error,29736
Error,34234
Error,29415
Error,13566
Error,17623
Error,8045
Error,11631
Error,30086
Error,35125
Error,28774
Error,28593
Error,13906
Error,17813
Error,9308
Error,11541
Error,35917
Error,29575
Error,29355
Error,49172
Error,15008
Error,17753
Error,11923
Error,11682
Error,30537
Error,28383
Error,34074
Error,28874
Error,14508
Error,17953
Error,8736
Error,11542
Error,29956
Error,34826
Error,28994
Error,29174
Error,14127
Error,17453
Error,7424
Error,11482
Error,35386
Error,29846
Error,27872
Error,33262
Error,13555
Error,17583
Error,10940
Error,11442
Error,29996
Error,41848
Error,29265
Error,28053
Error,13475
Error,17472
Error,8205
Error,11382
Error,29354
Error,34765
Error,28774
Error,28663
Error,13775
Error,17342
Error,12694
Error,10469
Error,36017
Error,29706
Error,28563
Error,33513
Error,13876
Error,17363
Error,13575
Error,11963
Error,30788
Error,28894
Error,33523
Error,33272
Error,13756
Error,17352
Error,7875
Error,11692
Error,30096
Error,34404
Error,29064
Error,29025
Error,13946
Error,17393
Error,7875
Error,11502
Error,36778
Error,29435
Error,28684
Error,28744
Error,13475
Error,17482
Error,10900
Error,11531
Error,29926
Error,28854
Error,33773
Error,33092
Error,13785
Error,17192
Error,8165
Error,11592
Error,29685
Error,34214
Error,28623
Error,28944
Error,13846
Error,17582
Error,10049
Error,11571
Error,35126
Error,29244
Error,28864
Error,29125
Error,13556
Error,17112
Error,11291
Error,11521
Error,29746
Error,28404
Error,43842
Error,34865
Error,13736
Error,17402
Error,9488
Error,11511
Error,29666
Error,34445
Error,29115
Error,29014
Error,13695
Error,17252
Error,7975
Error,11421
Error,35847
Error,29535
Error,28363
Error,29175
Error,13365
Error,17252
Error,11071
Error,11451
Error,30086
Error,28704
Error,33874
Error,33753
Error,13626
Error,17733
Error,9417
Error,11472
Error,29535
Error,34895
Error,29144
Error,29215
Error,13745
Error,17322
Error,10048
Error,11501
Error,37840
Error,29435
Error,29275
Error,29385
Error,13365
Error,17482
Error,11331
Error,11522
Error,29856
Error,28624
Error,33713
Error,33924
Error,13775
Error,18384
Error,13205
Error,12463
Error,32360
Error,34855
Error,33823
Error,29165
Error,14477
Error,17232
Error,13465
Error,10700
Error,35496
Error,30077
Error,34224
Error,29145
Error,13525
Error,17663
Error,11491
Error,11532
Error,29825
Error,28784
Error,33723
Error,28954
Error,13285
Error,17382
Error,11100
Error,11371
Error,29776
Error,28433
Error,33793
Error,29496
Error,13415
Error,17243
Error,13364
Error,10730
Error,35526
Error,29235
Error,33853
Error,29145
Error,13535
Error,17313
Error,9718
Error,11331
Error,35396
Error,29264
Error,28463
Error,35366
Error,13556
Error,17313
Error,11161
Error,11711
Error,30226
Error,29996
Error,34504
Error,35877
Error,13515
Error,17382
Error,8916
Error,11452
Error,30266
Error,34434
Error,29175
Error,28924
Error,13455
Error,17533
Error,9417
Error,11311
Error,35536
Error,29264
Error,28543
Error,29776
Error,13375
Error,17283
Error,11150
Error,11532
Error,29665
Error,29064
Error,33913
Error,33753
Error,13756
Error,17402
Error,8405
Error,11321
Error,29635
Error,34995
Error,29686
Error,29064
Error,14247
Error,17523
Error,7995
Error,11382
Error,35276
Error,28824
Error,29124
Error,29264
Error,13466
Error,17353
Error,11833
Error,11602
Error,30717
Error,28894
Error,34545
Error,33933
Error,13845
Error,20258
Error,9608
Error,13355
Error,32731
Error,37200
Error,30627
Error,30978
Error,13825
Error,17673
Error,13395
Error,10660
Error,35677
Error,29916
Error,29054
Error,29525
Error,13235
Error,17242
Error,11161
Error,11502
Error,30538
Error,29405
Error,34064
Error,33583
Error,13696
Error,17613
Error,7725
Error,11482
Error,29976
Error,34685
Error,29095
Error,28784
Error,13996
Error,17473
Error,8476
Error,11521
Error,35436
Error,28934
Error,28764
Error,29115
Error,13475
Error,17353
Error,12032
Error,11511
Error,45395
Error,45816
Error,54873
Error,54802
Error,21470
Error,39173
Error,51837
Error,34364
Error,48421
Error,41137
Error,40335
Error,49002
Error,18925
Error,26119
Error,116869
Error,98374
Error,90108
Error,44673
Error,58760
Error,49131
Error,20999
Error,23664
Error,25638
Error,12453
Error,44353
Error,37270
Error,36418
Error,46627
Error,15319
Error,19406
Error,32470
Error,13535
Error,37621
Error,36347
Error,41528
Error,43542
Error,15238
Error,19617
Error,23804
Error,12424
Error,36368
Error,41498
Error,41277
Error,35687
Error,15208
Error,19096
Error,35507
Error,19467
Error,42940
Error,37309
Error,35927
Error,36548
Error,15308
Error,19006
Error,36689
Error,20970
Error,35857
Error,36028
Error,35707
Error,41167
Error,16842
Error,18825
Error,38091
Error,19727
Error,35947
Error,41859
Error,40906
Error,35857
Error,15259
Error,19016
Error,29665
Error,10690
Error,42560
Error,35727
Error,36057
Error,36559
Error,15228
Error,19016
Error,36970
Error,21520
Error,35766
Error,35837
Error,35947
Error,41157
Error,15098
Error,18835
Error,37149
Error,19226
Error,35957
Error,43000
Error,43962
Error,35186
Error,15409
Error,19056
Error,40326
Error,11151
Error,42529
Error,36018
Error,36718
Error,35576
Error,14958
Error,18925
Error,37159
Error,21310
Error,35847
Error,36228
Error,36689
Error,41217
Error,16301
Error,18655
Error,40446
Error,21840
Error,36227
Error,41678
Error,40976
Error,35847
Error,15929
Error,19196
Error,35065
Error,18825
Error,41878
Error,36588
Error,36388
Error,35627
Error,14817
Error,18855
Error,44032
Error,23964
Error,36087
Error,36288
Error,36037
Error,41016
Error,14858
Error,18926
Error,24095
Error,11481
Error,36267
Error,41217
Error,42169
Error,35366
Error,15129
Error,19717
Error,24176
Error,11291
Error,41468
Error,41528
Error,35827
Error,35727
Error,14938
Error,19286
Error,34534
Error,17793
Error,35617
Error,41117
Error,123931
Error,36779
Error,16611
Error,19066
Error,37119
Error,19767
Error,36168
Error,42279
Error,36929
Error,36749
Error,16992
Error,18745
Error,42470
Error,23494
Error,41888
Error,35927
Error,35466
Error,40877
Error,14968
Error,18986
Error,43631
Error,22703
Error,35927
Error,35867
Error,41759
Error,35707
Error,15369
Error,20769
Error,23323
Error,12093
Error,35486
Error,41548
Error,38882
Error,36448
Error,14848
Error,19146
Error,80731
Error,20789
Error,36388
Error,41848
Error,37409
Error,35657
Error,15289
Error,18975
Error,34354
Error,22442
Error,36097
Error,41898
Error,35747
Error,38341
Error,16150
Error,20298
Error,44132
Error,31459
Error,42841
Error,37751
Error,37971
Error,43311
Error,16341
Error,16451
Error,22552
Error,13535
Error,31489
Error,31168
Error,36077
Error,31368
Error,14467
Error,17353
Error,16922
Error,6582
Error,31729
Error,37440
Error,31940
Error,31679
Error,13806
Error,16822
Error,32301
Error,17973
Error,37380
Error,31499
Error,30387
Error,36268
Error,13235
Error,16731
Error,39143
Error,25808
Error,31799
Error,31989
Error,36218
Error,32311
Error,13425
Error,16741
Error,31139
Error,19496
Error,31449
Error,36017
Error,32110
Error,33202
Error,13505
Error,16722
Error,19537
Error,6623
Error,36658
Error,31780
Error,32761
Error,36238
Error,13335
Error,16681
Error,34474
Error,22863
Error,30748
Error,31028
Error,35897
Error,31659
Error,14086
Error,16731
Error,33583
Error,18204
Error,31639
Error,35726
Error,30888
Error,30818
Error,13815
Error,16661
Error,32110
Error,18475
Error,36539
Error,31218
Error,32241
Error,36288
Error,13104
Error,16751
Error,30217
Error,18264
Error,31138
Error,42569
Error,31599
Error,30857
Error,13004
Error,16601
Error,29826
Error,19447
Error,31789
Error,36007
Error,31328
Error,31218
Error,14076
Error,16591
Error,31519
Error,18304
Error,36277
Error,31489
Error,32431
Error,36458
Error,13144
Error,16681
Error,34054
Error,24165
Error,30718
Error,31178
Error,35928
Error,36568
Error,13545
Error,16551
Error,30127
Error,20649
Error,31640
Error,36308
Error,32130
Error,32481
Error,13696
Error,16601
Error,29746
Error,16110
Error,35907
Error,32200
Error,31910
Error,31398
Error,15489
Error,16802
Error,34805
Error,24757
Error,31519
Error,31619
Error,37200
Error,35797
Error,13184
Error,16752
Error,27041
Error,16581
Error,31519
Error,36629
Error,32059
Error,31258
Error,13756
Error,16751
Error,33252
Error,17392
Error,36368
Error,31579
Error,33763
Error,31619
Error,13715
Error,16311
Error,36899
Error,25829
Error,31318
Error,31539
Error,35948
Error,36087
Error,14247
Error,16702
Error,30677
Error,21430
Error,31469
Error,36158
Error,31619
Error,32842
Error,14186
Error,16781
Error,11651
Error,10659
Error,36358
Error,31288
Error,31800
Error,31239
Error,13395
Error,16441
Error,13755
Error,10390
Error,62547
Error,58600
Error,58459
Error,55033
Error,15359
Error,21711
Error,35236
Error,27632
Error,38452
Error,44313
Error,37490
Error,38161
Error,16110
Error,19988
Error,45445
Error,36959
Error,43331
Error,37540
Error,37410
Error,37761
Error,15489
Error,19927
Error,61354
Error,52859
Error,37861
Error,37640
Error,49462
Error,43391
Error,15899
Error,19957
Error,45575
Error,37249
Error,38021
Error,43811
Error,43200
Error,37671
Error,15759
Error,19657
Error,62757
Error,55354
Error,43201
Error,37349
Error,37119
Error,37580
Error,15730
Error,20358
Error,69390
Error,60203
Error,37660
Error,38001
Error,37440
Error,43681
Error,15529
Error,19927
Error,60603
Error,53661
Error,37760
Error,46877
Error,35687
Error,31078
Error,13074
Error,16611
Error,34555
Error,24316
Error,36488
Error,32070
Error,31368
Error,32180
Error,13455
Error,16571
Error,32400
Error,28092
Error,31479
Error,36137
Error,35756
Error,31098
Error,13194
Error,16551
Error,34435
Error,23884
Error,36067
Error,32270
Error,32190
Error,32461
Error,13345
Error,16551
Error,44814
Error,34946
Error,31148
Error,31189
Error,31769
Error,35657
Error,13205
Error,16852
Error,32250
Error,26590
Error,31600
Error,36638
Error,36058
Error,31419
Error,13755
Error,16581
Error,40526
Error,30598
Error,37620
Error,32131
Error,31208
Error,32070
Error,13355
Error,16691
Error,42680
Error,37260
Error,31529
Error,32270
Error,31629
Error,36098
Error,13265
Error,16551
Error,32090
Error,26669
Error,31589
Error,37410
Error,35797
Error,31679
Error,13746
Error,16992
Error,41538
Error,36277
Error,31849
Error,31659
Error,31379
Error,31549
Error,13345
Error,16651
Error,42019
Error,37650
Error,31278
Error,31529
Error,31309
Error,35997
Error,13104
Error,16631
Error,34535
Error,24435
Error,31900
Error,36288
Error,35687
Error,31489
Error,13505
Error,16732
Error,34214
Error,24125
Error,36207
Error,35456
Error,31429
Error,31209
Error,13355
Error,17513
Error,33142
Error,27892
Error,31980
Error,36178
Error,31589
Error,33673
Error,13756
Error,16822
Error,27000
Error,21811
Error,31639
Error,36538
Error,31038
Error,31459
Error,13275
Error,16711
Error,30988
Error,26078
Error,32040
Error,32881
Error,35857
Error,31429
Error,13605
Error,19337
Error,41397
Error,36128
Error,31599
Error,31459
Error,36669
Error,31589
Error,13315
Error,16722
Error,39313
Error,33683
Error,36428
Error,36879
Error,31148
Error,31018
Error,13305
Error,16701
Error,40546
Error,31469
Error,31328
Error,31279
Error,31909
Error,35947
Error,13285
Error,16400
Error,32420
Error,27792
Error,31329
Error,31699
Error,36498
Error,30887
Error,13224
Error,16420
Error,35105
Error,24346
Error,36358
Error,35456
Error,31590
Error,33522
Error,13144
Error,16551
Error,37811
Error,29405
Error,36549
Error,31489
Error,31178
Error,35888
Error,13285
Error,16531
Error,35236
Error,23925
Error,31940
Error,31830
Error,36228
Error,31939
Error,13295
Error,16982
Error,32691
Error,28243
Error,31690
Error,35928
Error,31298
Error,31408
Error,13295
Error,16842
Error,48891
Error,41938
Error,31489
Error,31278
Error,35546
Error,31179
Error,13014
Error,16391
Error,43622
Error,33683
Error,31018
Error,35887
Error,30948
Error,31228
Error,13114
Error,16561
Error,35837
Error,31208
Error,31739
Error,31129
Error,36348
Error,31338
Error,13475
Error,16712
Error,34634
Error,25147
Error,31779
Error,37621
Error,31088
Error,31418
Error,13295
Error,16691
Error,33833
Error,29154
Error,36368
Error,31278
Error,31319
Error,36798
Error,13525
Error,16681
Error,37901
Error,28012
Error,31339
Error,31599
Error,35606
Error,31168
Error,13586
Error,16951
Error,34465
Error,24526
Error,31529
Error,36529
Error,31368
Error,31418
Error,13795
Error,16751
Error,34104
Error,24126
Error,36278
Error,31239
Error,30907
Error,35948
Error,13385
Error,16441
Error,38051
Error,28603
Error,31259
Error,31258
Error,36037
Error,31299
Error,13455
Error,17052
Error,31860
Error,26489
Error,31249
Error,35627
Error,31008
Error,31439
Error,13535
Error,16912
Error,34285
Error,24166
Error,36418
Error,31098
Error,30968
Error,35526
Error,13676
Error,16741
Error,48160
Error,38713
Error,30928
Error,36348
Error,31439
Error,31519
Error,13725
Error,16871
Error,34705
Error,24185
Error,38612
Error,32181
Error,31339
Error,36529
Error,13225
Error,16742
Error,44242
Error,35066
Error,31619
Error,31038
Error,36498
Error,31459
Error,13836
Error,16811
Error,34524
Error,24386
Error,31679
Error,36137
Error,31138
Error,32742
Error,14287
Error,16451
Error,34564
Error,23935
Error,36128
Error,31429
Error,31779
Error,35947
Error,13335
Error,16621
Error,42389
Error,38041
Error,30857
Error,31739
Error,35757
Error,31408
Error,13264
Error,17062
Error,49352
Error,38401
Error,31829
Error,36067
Error,30748
Error,31329
Error,13596
Error,16782
Error,34494
Error,24526
Error,36258
Error,31729
Error,31850
Error,36318
Error,13295
Error,16681
Error,42640
Error,33182
Error,30988
Error,31689
Error,37991
Error,35666
Error,13265
Error,16881
Error,30898
Error,25448
Error,31679
Error,37610
Error,31859
Error,31419
Error,13635
Error,16822
Error,32851
Error,22893
Error,35967
Error,31338
Error,31539
Error,35927
Error,13024
Error,16611
Error,42519
Error,37901
Error,30908
Error,31229
Error,36298
Error,35406
Error,13275
Error,16461
Error,33192
Error,23844
Error,31428
Error,37620
Error,31359
Error,33282
Error,13876
Error,16681
Error,33944
Error,24095
Error,36158
Error,32170
Error,31710
Error,31689
Error,13395
Error,16652
Error,42690
Error,38292
Error,30968
Error,31379
Error,35736
Error,35587
Error,13185
Error,16491
Error,34495
Error,24396
Error,208419
Error,39003
Error,31839
Error,45826
Error,14618
Error,17032
Error,31779
Error,26369
Error,36949
Error,32360
Error,31760
Error,32311
Error,36819
Error,17262
Error,41587
Error,30667
Error,31669
Error,31579
Error,36548
Error,37069
Error,12914
Error,16721
Error,34414
Error,24486
Error,31759
Error,37220
Error,31339
Error,31399
Error,14157
Error,16932
Error,33793
Error,24536
Error,36438
Error,33683
Error,31068
Error,31589
Error,14988
Error,16391
Error,43872
Error,34544
Error,31068
Error,31148
Error,35797
Error,35727
Error,13605
Error,17032
Error,34375
Error,24435
Error,32190
Error,36258
Error,35336
Error,31298
Error,13254
Error,16561
Error,35296
Error,24015
Error,36498
Error,31389
Error,31268
Error,31328
Error,13335
Error,17513
Error,37620
Error,28984
Error,31298
Error,30517
Error,36108
Error,36017
Error,13586
Error,16741
Error,31729
Error,26429
Error,31709
Error,36859
Error,35727
Error,31498
Error,13305
Error,16882
Error,31850
Error,26099
Error,36508
Error,33212
Error,31128
Error,32080
Error,13516
Error,16461
Error,43200
Error,33142
Error,31068
Error,31288
Error,31569
Error,36909
Error,13285
Error,16661
Error,34544
Error,23745
Error,31639
Error,36258
Error,36047
Error,31479
Error,13956
Error,16862
Error,34034
Error,25026
Error,36448
Error,31438
Error,32401
Error,32140
Error,13265
Error,16471
Error,41899
Error,37740
Error,31178
Error,31299
Error,33232
Error,36489
Error,13274
Error,16511
Error,35006
Error,23053
Error,30828
Error,44283
Error,47729
Error,14928
Error,38913
Error,15419
Error,31799
Error,26270
Error,31830
Error,36388
Error,31339
Error,31810
Error,13565
Error,16531
Error,31739
Error,26119
Error,36488
Error,31208
Error,31368
Error,31629
Error,13625
Error,16671
Error,43923
Error,33633
Error,31369
Error,31930
Error,35857
Error,35907
Error,13365
Error,16481
Error,34845
Error,24906
Error,31569
Error,38101
Error,36939
Error,32130
Error,13445
Error,18305
Error,27341
Error,21871
Error,42178
Error,31539
Error,33202
Error,31700
Error,13315
Error,16571
Error,43962
Error,34755
Error,31108
Error,43131
Error,31209
Error,36138
Error,13125
Error,16711
Error,33443
Error,23133
Error,31639
Error,36408
Error,35657
Error,31930
Error,13575
Error,16701
Error,30237
Error,14608
Error,36979
Error,31739
Error,31399
Error,31458
Error,13295
Error,16841
Error,30758
Error,25638
Error,31890
Error,36498
Error,35757
Error,31399
Error,13225
Error,16531
Error,33463
Error,23644
Error,36378
Error,32110
Error,30988
Error,31719
Error,13175
Error,16711
Error,42980
Error,36618
Error,31208
Error,32391
Error,32080
Error,35927
Error,13325
Error,16671
Error,35887
Error,25107
Error,31499
Error,36458
Error,36027
Error,31509
Error,13114
Error,16972
Error,38782
Error,33322
Error,37671
Error,31509
Error,33172
Error,32330
Error,13275
Error,16812
Error,33102
Error,28924
Error,31700
Error,36468
Error,35867
Error,31018
Error,13675
Error,16942
Error,34465
Error,24776
Error,36398
Error,31699
Error,40256
Error,32811
Error,13936
Error,16801
Error,40405
Error,35507
Error,31008
Error,32059
Error,32190
Error,36017
Error,13215
Error,16932
Error,33263
Error,27281
Error,31659
Error,38171
Error,35917
Error,31939
FindNodeReq,37520
Error,14567
Error,18385
Error,49002
Error,38702
Error,36718
Error,32250
Error,31760
Error,31859
Error,14838
Error,16731
Error,41929
Error,32241
Error,31599
Error,31349
Error,32090
Error,35987
Error,13565
Error,16521
Error,35236
Error,24686
Error,31779
Error,36047
Error,36098
Error,30837
Error,13836
Error,16951
Error,35085
Error,23293
Error,36267
Error,31939
Error,31318
Error,31388
Error,13025
Error,16631
Error,42320
Error,33062
Error,31609
Error,31278
Error,31298
Error,37520
Error,13135
Error,22603
Error,30036
Error,11140
Error,29575
Error,31719
Error,30818
Error,25949
Error,12494
Error,17273
Error,31098
Error,16642
Error,31780
Error,103734
Error,25327
Error,23945
Error,11411
Error,16481
Error,37670
Error,20568
Error,26509
Error,29825
Error,25067
Error,24767
Error,11422
Error,16151
Error,31489
Error,15999
Error,26860
Error,29916
Error,24305
Error,24055
Error,11311
Error,16170
Error,39143
Error,20598
Error,30577
Error,24446
Error,24015
Error,28804
Error,11492
Error,16731
Error,54302
Error,29455
Error,37249
Error,34314
Error,40766
Error,34104
Error,15329
Error,19457
Error,50444
Error,30768
Error,30497
Error,35937
Error,29636
Error,28623
Error,13254
Error,19476
Error,57407
Error,36168
Error,31098
Error,29395
Error,41067
Error,32401
Error,13526
Error,19566
Error,44634
Error,23103
Error,31128
Error,35657
Error,29354
Error,29024
Error,13095
Error,19347
Error,49332
Error,27721
Error,31228
Error,29014
Error,35517
Error,29465
Error,13586
Error,19366
Error,29375
Error,10149
Error,32892
Error,35666
Error,29295
Error,28163
Error,13185
Error,19417
Error,56997
Error,35697
Error,36308
Error,29445
Error,29025
Error,34384
Error,13546
Error,19467
Error,45565
Error,24316
Error,30507
Error,29055
Error,35015
Error,28834
Error,13255
Error,19326
Error,46466
Error,25357
Error,30748
Error,35396
Error,29245
Error,28082
Error,13225
Error,19517
Error,58830
Error,39483
Error,35757
Error,29435
Error,28853
Error,33683
Error,13916
Error,20278
Error,56105
Error,35446
Error,30106
Error,34495
Error,28563
Error,28884
Error,13214
Error,19256
Error,53801
Error,31539
Error,30387
Error,28904
Error,35066
Error,29104
Error,13365
Error,19817
Error,50194
Error,29224
Error,31229
Error,35697
Error,28994
Error,28544
Error,13285
Error,19366
Error,56595
Error,36348
Error,41899
Error,28804
Error,28463
Error,33933
Error,13575
Error,19065
Error,50234
Error,29134
Error,30878
Error,28804
Error,35015
Error,29155
Error,13465
Error,19376
Error,49713
Error,29135
Error,30847
Error,35336
Error,29264
Error,28583
Error,13655
Error,19066
Error,55664
Error,35366
Error,30567
Error,29105
Error,33743
Error,29395
Error,13385
Error,19266
Error,48470
Error,27983
Error,31610
Error,38061
Error,29495
Error,29385
Error,13355
Error,19687
Error,43782
Error,23273
Error,30757
Error,36569
Error,31659
Error,28955
Error,13355
Error,19356
Error,43452
Error,22092
Error,31148
Error,28974
Error,35686
Error,30027
Error,13425
Error,19547
Error,45014
Error,23353
Error,37380
Error,34335
Error,29195
Error,28403
Error,13465
Error,19447
Error,54572
Error,33642
Error,30607
Error,28894
Error,29074
Error,34735
Error,13586
Error,19657
Error,49152
Error,29265
Error,31378
Error,29395
Error,35346
Error,29045
Error,13425
Error,19306
Error,49583
Error,28934
Error,36839
Error,34274
Error,29626
Error,29104
Error,13625
Error,19477
Error,57387
Error,37110
Error,31188
Error,29084
Error,28974
Error,34524
Error,14136
Error,19406
Error,46016
Error,24286
Error,31048
Error,30297
Error,35457
Error,28894
Error,13735
Error,20218
Error,46327
Error,26129
Error,37320
Error,33954
Error,29075
Error,29025
Error,13114
Error,19326
Error,54011
Error,34184
Error,32360
Error,29515
Error,28723
Error,36308
Error,13375
Error,19336
Error,50805
Error,31058
Error,30678
Error,28683
Error,35195
Error,28864
Error,13125
Error,19346
Error,53720
Error,33012
Error,36678
Error,33613
Error,29174
Error,28944
Error,13205
Error,19066
Error,60303
Error,40015
Error,35927
Error,28573
Error,28363
Error,34144
Error,13786
Error,19196
Error,53279
Error,32881
Error,30587
Error,28493
Error,42780
Error,29916
Error,13445
Error,19206
Error,48521
Error,28113
Error,30938
Error,35326
Error,29786
Error,29405
Error,13175
Error,19075
Error,51656
Error,32221
Error,30828
Error,28403
Error,35456
Error,28644
Error,13095
Error,19917
Error,47128
Error,33663
Error,37060
Error,34775
Error,29074
Error,28663
Error,13114
Error,19527
Error,57928
Error,38462
Error,36529
Error,29335
Error,28173
Error,34484
Error,13575
Error,19446
Error,51747
Error,31528
Error,30787
Error,28694
Error,36920
Error,29606
Error,13255
Error,19266
Error,50254
Error,29375
Error,29996
Error,35145
Error,28904
Error,28393
Error,13054
Error,19547
Error,59862
Error,40976
Error,35707
Error,42379
Error,29676
Error,35005
Error,13455
Error,18936
Error,44293
Error,25928
Error,30988
Error,28353
Error,35106
Error,29365
Error,13235
Error,19376
Error,46858
Error,32210
Error,30657
Error,35096
Error,29445
Error,28844
Error,12844
Error,19396
Error,58329
Error,38733
Error,35486
Error,29476
Error,29315
Error,34314
Error,13415
Error,19216
Error,52308
Error,32831
Error,30417
Error,29315
Error,35176
Error,28674
Error,13024
Error,18945
Error,52448
Error,33092
Error,30406
Error,36157
Error,28974
Error,38923
Error,13535
Error,19216
Error,52638
Error,33442
Error,36999
Error,29435
Error,28073
Error,33693
Error,13245
Error,19026
Error,61705
Error,42319
Error,50124
Error,27611
Error,29816
Error,25087
Error,13946
Error,16962
Error,13636
Error,9828
Error,26409
Error,29546
Error,24316
Error,44083
Error,14227
Error,19507
Error,37070
Error,15699
Error,51737
Error,42079
Error,40456
Error,31098
UpdateRouteReq,18925
Error,14567
Error,31178
Error,31399
Error,22171
Error,40645
Error,29014
Error,28894
Error,34525
Error,14047
Error,18164
Error,10289
Error,12634
Error,29765
Error,28763
Error,44013
Error,35276
Error,14217
Error,16321
Error,14747
Error,8496
Error,29996
Error,34094
Error,28894
Error,29234
Error,13856
Error,16200
Error,15509
Error,11992
Error,64490
Error,53400
Error,53010
Error,50183
Error,22071
Error,25859
Error,68008
Error,55995
Error,47769
Error,46307
Error,54703
Error,54773
Error,24175
Error,28052
Error,51907
Error,36899
Error,50034
Error,56436
Error,48480
Error,48231
Error,22122
Error,25838
Error,55123
Error,40145
Error,56906
Error,46166
Error,46728
Error,46537
Error,22031
Error,25789
Error,71373
Error,55324
Error,47449
Error,46026
Error,71804
Error,63068
Error,21931
Error,25177
Error,75200
Error,59331
Error,53189
Error,62326
Error,52348
Error,52017
Error,21410
Error,25077
Error,77505
Error,62016
Error,60713
Error,52599
Error,52548
Error,51487
Error,21340
Error,25267
Error,85259
Error,68588
Error,52839
Error,52538
Error,62617
Error,60363
Error,23113
Error,26240
Error,75872
Error,59341
Error,54081
Error,61665
Error,52318
Error,51456
Error,21550
Error,24946
Error,77534
Error,60463
Error,60353
Error,52228
Error,51958
Error,52338
Error,21641
Error,25237
Error,71293
Error,61184
Error,52889
Error,58890
Error,69540
Error,67216
Error,27251
Error,25949
Error,53360
Error,32391
Error,53269
Error,59701
Error,59511
Error,51887
Error,22402
Error,24616
Error,48000
Error,27552
Error,58500
Error,50364
Error,50434
Error,50955
Error,21360
Error,24626
Error,59071
Error,42129
Error,51206
Error,50305
Error,54331
Error,57958
Error,27241
Error,25137
Error,46627
Error,26089
Error,51827
Error,60173
Error,57538
Error,50865
Error,21050
Error,25007
Error,47549
Error,27622
Error,51286
Error,51346
Error,58169
Error,57267
Error,21390
Error,24736
Error,47810
Error,28594
Error,58279
Error,53149
Error,51026
Error,51426
Error,21501
Error,24766
Error,58710
Error,42088
Error,51457
Error,50504
Error,57618
Error,62547
Error,21220
Error,25398
Error,49542
Error,21901
Error,58379
Error,50234
Error,49913
Error,50174
Error,21290
Error,24927
Error,49482
Error,29806
Error,50505
Error,59581
Error,50223
Error,50865
Error,21300
Error,24686
Error,52439
Error,32551
Error,57978
Error,50264
Error,55324
Error,50233
Error,20528
Error,24777
Error,46868
Error,18996
Error,51256
Error,50505
Error,56707
Error,57066
Error,21440
Error,24446
Error,48150
Error,27361
Error,69440
Error,51326
Error,50875
Error,50064
Error,20959
Error,24776
Error,61315
Error,43652
Error,51036
Error,49923
Error,64691
Error,50785
Error,20578
Error,24275
Error,62006
Error,45916
Error,51446
Error,49993
Error,57488
Error,50625
Error,20779
Error,24936
Error,50504
Error,30237
Error,60713
Error,50174
Error,57297
Error,49723
Error,21541
Error,25288
Error,46958
Error,27491
Error,58218
Error,50365
Error,57558
Error,50164
Error,20979
Error,24566
Error,47890
Error,30978
Error,58419
Error,50815
Error,50384
Error,57237
Error,20749
Error,24306
Error,62247
Error,89918
Error,54512
Error,43982
Error,51356
Error,50394
Error,20328
Error,23434
Error,25287
Error,14798
Error,44042
Error,50173
Error,42790
Error,42740
Error,20418
Error,25388
Error,24956
Error,16531
Error,51035
Error,43842
Error,42640
Error,42349
Error,20478
Error,25417
Error,57197
Error,21009
Error,60734
Error,56666
Error,49632
Error,42479
Error,17863
Error,25979
Error,14056
Error,16671
Error,39765
Error,43671
Error,38232
Error,38613
Error,18214
Error,21440
Error,14948
Error,12794
Error,45145
Error,38302
Error,37380
Error,37310
Error,16932
Error,19917
Error,25558
Error,10980
Error,45606
Error,38693
Error,42349
Error,41668
Error,16921
Error,19817
Error,9578
Error,12463
Error,38733
Error,42340
Error,39043
Error,37630
Error,16451
Error,19907
Error,9738
Error,13516
Error,43621
Error,37139
Error,37720
Error,36508
Error,16521
Error,19627
Error,24896
Error,9427
Error,38382
Error,38603
Error,41758
Error,48701
Error,17402
Error,20599
Error,12744
Error,13165
Error,38822
Error,67466
Error,66764
Error,58870
Error,25557
Error,31459
Error,60152
Error,54011
Error,63639
Error,50774
Error,50975
Error,50614
Error,22943
Error,26860
Error,54352
Error,47809
Error,51647
Error,51436
Error,59200
Error,57608
Error,25829
Error,29806
Error,36668
Error,28083
Error,55854
Error,62577
Error,60002
Error,53009
Error,24255
Error,28433
Error,38642
Error,30107
Error,63369
Error,50595
Error,50945
Error,50314
Error,23344
Error,28172
Error,55384
Error,47849
Error,53581
Error,51356
Error,51486
Error,59532
Error,23133
Error,28263
Error,46106
Error,40466
Error,53079
Error,59220
Error,58169
Error,51536
Error,22863
Error,27121
Error,45555
Error,41989
Error,60964
Error,51727
Error,51466
Error,51236
Error,22432
Error,27080
Error,55233
Error,48370
Error,53099
Error,51757
Error,50524
Error,60223
Error,22722
Error,34535
Error,33091
Error,28153
Error,64460
Error,55063
Error,53039
Error,53049
Error,24215
Error,28694
Error,37069
Error,33062
Error,53039
Error,60933
Error,57818
Error,52177
Error,23954
Error,28493
Error,47769
Error,42430
Error,62617
Error,52167
Error,52448
Error,50725
Error,22412
Error,26790
Error,78967
Error,60594
Error,53701
Error,51997
Error,51336
Error,58490
Error,22973
Error,27401
Error,38893
Error,30247
Error,53169
Error,59331
Error,58390
Error,51055
Error,22662
Error,27271
Error,47769
Error,42780
Error,66945
Error,58269
Error,58800
Error,57568
Error,22572
Error,27261
Error,79559
Error,57367
Error,52869
Error,51346
Error,50965
Error,59200
Error,22823
Error,27181
Error,58910
Error,52258
Error,53450
Error,58690
Error,57809
Error,50664
Error,23043
Error,27692
Error,61715
Error,55193
Error,61205
Error,51446
Error,50724
Error,50214
Error,22963
Error,27021
Error,60773
Error,52208
Error,58520
Error,61765
Error,61084
Error,53891
Error,23724
Error,27271
Error,40095
Error,32120
Error,63349
Error,50805
Error,52068
Error,50725
Error,22242
Error,28142
Error,55684
Error,49232
Error,54672
Error,51586
Error,58971
Error,57898
Error,22352
Error,27091
Error,61585
Error,55002
Error,54653
Error,66685
Error,53210
Error,53009
Error,24386
Error,28493
Error,48301
Error,42790
Error,61636
Error,52117
Error,50464
Error,52568
Error,22071
Error,28413
Error,60633
Error,55824
Error,53750
Error,52618
Error,60052
Error,57648
Error,22342
Error,27331
Error,58950
Error,53801
Error,64380
Error,60583
Error,58128
Error,50775
Error,22733
Error,27281
Error,46067
Error,40466
Error,60944
Error,51246
Error,51276
Error,50664
Error,22612
Error,27332
Error,69590
Error,63919
Error,52478
Error,51627
Error,58580
Error,58689
Error,23043
Error,27191
Error,59361
Error,52208
Error,52599
Error,65563
Error,62337
Error,53900
Error,24756
Error,28584
Error,38572
Error,30226
Error,61916
Error,52868
Error,50765
Error,50935
Error,23694
Error,28643
Error,67236
Error,59521
Error,53681
Error,51607
Error,51747
Error,58680
Error,22903
Error,27151
Error,40445
Error,32691
Error,53209
Error,63639
Error,60964
Error,59412
Error,28664
Error,29435
Error,43261
Error,30677
Error,66714
Error,56886
Error,64020
Error,51036
Error,18936
Error,25789
Error,37199
Error,14978
Error,36528
Error,36899
Error,35025
Error,44103
Error,17042
Error,23504
Error,45696
Error,18715
Error,44574
Error,45796
Error,44172
Error,32391
Error,14988
Error,20849
Error,32080
Error,11000
Error,43892
Error,31850
Error,31148
Error,29865
Error,15149
Error,19346
Error,40746
Error,18514
Error,33593
Error,36529
Error,34705
Error,42830
Error,17854
Error,20328
Error,37981
Error,13876
Error,33944
Error,36579
Error,40396
Error,32331
Error,15479
Error,21390
Error,38722
Error,14346
Error,52338
Error,46287
Error,45305
Error,54933
Error,18725
Error,27231
Error,61265
Error,30948
Error,45425
Error,50614
Error,47970
Error,41728
Error,19647
Error,26409
Error,69250
Error,40676
Error,52157
Error,41057
Error,46257
Error,42589
Error,20158
Error,27832
Error,59591
Error,30908
Error,45926
Error,50284
Error,41227
Error,40796
Error,19507
Error,26039
Error,71103
Error,43722
Error,42990
Error,49562
Error,40195
Error,41728
Error,19547
Error,27241
Error,82254
Error,54742
Error,49983
Error,40565
Error,60763
Error,59631
Error,21790
Error,29054
Error,22011
Error,15659
Error,53330
Error,44353
Error,54632
Error,41939
Error,21660
Error,26870
Error,16280
Error,17543
Error,39624
Error,38271
Error,32981
Error,31940
Error,15299
Error,31038
Error,83175
Error,64330
Error,54182
Error,41798
Error,41127
Error,42780
Error,18224
Error,22492
Error,35637
Error,15819
Error,40355
Error,39894
Error,38732
Error,45105
Error,20128
Error,22222
Error,27361
Error,16010
Error,39174
Error,44714
Error,43962
Error,37129
Error,18835
Error,22021
Error,32691
Error,15619
Error,38893
Error,37831
Error,39654
Error,43221
Error,17834
Error,20278
Error,33523
Error,19336
Error,38793
Error,50735
Error,43120
Error,36257
Error,17753
Error,29255
Error,82084
Error,65863
Error,61044
Error,43291
Error,40425
Error,39543
Error,18504
Error,25588
Error,68378
Error,51386
Error,42339
Error,39715
Error,39363
Error,51396
Error,19166
Error,25348
Error,68529
Error,62156
Error,45114
Error,54542
Error,48711
Error,41037
Error,18945
Error,25247
Error,52148
Error,47168
Error,54712
Error,43963
Error,49121
Error,42390
Error,20789
Error,26720
Error,69240
Error,41447
Error,44844
Error,41577
Error,52568
Error,49793
Error,20699
Error,27672
Error,52468
Error,35796
Error,45676
Error,50694
Error,42590
Error,40375
Error,20769
Error,27401
Error,48801
Error,29615
Error,53490
Error,41779
Error,45385
Error,40736
Error,20068
Error,27111
Error,60002
Error,33393
Error,46307
Error,41568
Error,67286
Error,52989
Error,21440
Error,27421
Error,49512
Error,29856
Error,44704
Error,51306
Error,45145
Error,39914
Error,20558
Error,27512
Error,52068
Error,29355
Error,55143
Error,42179
Error,40175
Error,41107
Error,26620
Error,27151
Error,58990
Error,32581
Error,54401
Error,43531
Error,55313
Error,51135
Error,20398
Error,26850
Error,55483
Error,26139
Error,46988
Error,51086
Error,48721
Error,42449
Error,27972
Error,27131
Error,55223
Error,30658
Error,53150
Error,42299
Error,44794
Error,56515
Error,20699
Error,29775
Error,50875
Error,22983
Error,50214
Error,45796
Error,44263
Error,52629
Error,22472
Error,27060
Error,53139
Error,30798
Error,43952
Error,50695
Error,51727
Error,44252
Error,21501
Error,28283
Error,53019
Error,29505
Error,55003
Error,42750
Error,40897
Error,47860
Error,22923
Error,29114
Error,50414
Error,29625
Error,47178
Error,52338
Error,54753
Error,42700
Error,24616
Error,27492
Error,67146
Error,51927
Error,55043
Error,42068
Error,40836
Error,40285
Error,19637
Error,25277
Error,76072
Error,53731
Error,42048
Error,43612
Error,40035
Error,53770
Error,21120
Error,32500
Error,60844
Error,52188
Error,49703
Error,57718
Error,61495
Error,48060
Error,22542
Error,26189
Error,57277
Error,33423
Error,47639
Error,46467
Error,56706
Error,46807
Error,21820
Error,26499
Error,58450
Error,45104
Error,57107
Error,51005
Error,49673
Error,48982
Error,24266
Error,31348
Error,70542
Error,55163
Error,55353
Error,44063
Error,40095
Error,47118
Error,18635
Error,25258
Error,78817
Error,50324
Error,44563
Error,40977
Error,47910
Error,40225
Error,18244
Error,25688
Error,57277
Error,35025
Error,56656
Error,70171
Error,63279
Error,57938
Error,24015
Error,35897
Error,48922
Error,26921
Error,73388
Error,68167
Error,52699
Error,55644
Error,21901
Error,25999
Error,69801
Error,50604
Error,61885
Error,52528
Error,53790
Error,55614
Error,20539
Error,28012
Error,60433
Error,36017
Error,53060
Error,56956
Error,58138
Error,58590
Error,20578
Error,33132
Error,55394
Error,33793
Error,53850
Error,51075
Error,64070
Error,58449
Error,20568
Error,27501
Error,65432
Error,43692
Error,52027
Error,58740
Error,64680
Error,51296
Error,23685
Error,30818
Error,147035
Error,112240
Error,55694
Error,60714
Error,57207
Error,52608
Error,22532
Error,25989
Error,38632
Error,11361
Error,62827
Error,53069
Error,58269
Error,59631
Error,20889
Error,24235
Error,45105
Error,14938
Error,53510
Error,54883
Error,62366
Error,54181
Error,23263
Error,24676
Error,27321
Error,16480
Error,53430
Error,59732
Error,59261
Error,55274
Error,22321
Error,28363
Error,27411
Error,17302
Error,54462
Error,66454
Error,58038
Error,55995
Error,23404
Error,25347
Error,32400
Error,16100
Error,51867
Error,64701
Error,53861
Error,58981
Error,22452
Error,26049
Error,45125
Error,15529
Error,60202
Error,54151
Error,62076
Error,60153
Error,21150
Error,25488
Error,41567
Error,12394
Error,52177
Error,55534
Error,61715
Error,53691
Error,22292
Error,24526
Error,27772
Error,22892
Error,54482
Error,61234
Error,54482
Error,53700
Error,22072
Error,24936
Error,35026
Error,15659
Error,59792
Error,51275
Error,54371
Error,59180
Error,21079
Error,24365
Error,44022
Error,22473
Error,52107
Error,54231
Error,61315
Error,51236
Error,22001
Error,25789
Error,27150
Error,17623
Error,56335
Error,61144
Error,59000
Error,56355
Error,23183
Error,26019
Error,21941
Error,17192
Error,62597
Error,53029
Error,66063
Error,60974
Error,22672
Error,25096
Error,45175
Error,14397
Error,53049
Error,56716
Error,59181
Error,63519
Error,23194
Error,25658
Error,27481
Error,16210
Error,52488
Error,58950
Error,57438
Error,56085
Error,23204
Error,24656
Error,26679
Error,16431
Error,59391
Error,53370
Error,59671
Error,58109
Error,20398
Error,24406
Error,51837
Error,21380
Error,52858
Error,59351
Error,53961
Error,56245
Error,24667
Error,27220
Error,38412
Error,18715
Error,60974
Error,52258
Error,60553
Error,58750
Error,20779
Error,24306
Error,40896
Error,18896
Error,54471
Error,55774
Error,66905
Error,52748
Error,23975
Error,25147
Error,32601
Error,16391
Error,52929
Error,62847
Error,55504
Error,57608
Error,24235
Error,25738
Error,21961
Error,17282
Error,62026
Error,56125
Error,61345
Error,64260
Error,24165
Error,27581
Error,41428
Error,13295
Error,57407
Error,63318
Error,67306
Error,55364
Error,24306
Error,27140
Error,60453
Error,39523
Error,58129
Error,62527
Error,57277
Error,59000
Error,24566
Error,26780
Error,30868
Error,16912
Error,63629
Error,56806
Error,65042
Error,62026
Error,22342
Error,26931
Error,45375
Error,13084
Error,58098
Error,57788
Error,62116
Error,58730
Error,26539
Error,28694
Error,30958
Error,18846
Error,57467
Error,63709
Error,61505
Error,60814
Error,25037
Error,27281
Error,27040
Error,17994
Error,69860
Error,57518
Error,65533
Error,63619
Error,22993
Error,27301
Error,46988
Error,21831
Error,55203
Error,66975
Error,65773
Error,64922
Error,26149
Error,26820
Error,29214
Error,17242
Error,56075
Error,65512
Error,59251
Error,57658
Error,23675
Error,31138
Error,28674
Error,17022
Error,63328
Error,55093
Error,60303
Error,61685
Error,22983
Error,26440
Error,56375
Error,16832
Error,57297
Error,60002
Error,63479
Error,62407
Error,22012
Error,26880
Error,43892
Error,17182
Error,55905
Error,62346
Error,54191
Error,57798
Error,24166
Error,26520
Error,28574
Error,16861
Error,64120
Error,55133
Error,65743
Error,58249
Error,22181
Error,27602
Error,45776
Error,18224
Error,57066
Error,58550
Error,65883
Error,62296
Error,23254
Error,26380
Error,33092
Error,17382
Error,55995
Error,62958
Error,62126
Error,58349
Error,24215
Error,26640
Error,30477
Error,16952
Error,65232
Error,54803
Error,62156
Error,62426
Error,23894
Error,28894
Error,48481
Error,17433
Error,56937
Error,60964
Error,75421
Error,63719
Error,22222
Error,26529
Error,32751
Error,20849
FindNodeReq,45595
FindNodeReq,54823
Error,54812
FindNodeReq,47398
FindNodeReq,46607
Error,56846
Error,57727
Error,55484
Error,22292
Error,29455
Error,59572
Error,36177
Error,60343
Error,60874
Error,65382
Error,63970
Error,23304
Error,28022
Error,33092
Error,18094
Error,57107
Error,63909
Error,73377
Error,59151
Error,24986
Error,27501
Error,30026
Error,17172
Error,66134
Error,56045
Error,64040
Error,62457
Error,23835
Error,28693
Error,45886
Error,18936
Error,58049
Error,59081
Error,75942
Error,65843
Error,21951
Error,26480
Error,33202
Error,17102
Error,63098
Error,66064
Error,72165
Error,56576
Error,25768
Error,27421
Error,45285
Error,11191
Error,63949
Error,59892
Error,60052
Error,62797
Error,23935
Error,27562
Error,47189
Error,16891
Error,56606
Error,62216
Error,67516
Error,66735
Error,21991
Error,27031
Error,32822
Error,17062
Error,57107
Error,63910
Error,70372
Error,56215
Error,24055
Error,26610
Error,31068
Error,17533
Error,63448
Error,56746
Error,62657
Error,57538
Error,21982
Error,26500
Error,51216
Error,20869
Error,56055
Error,63319
Error,68538
Error,61124
Error,24376
Error,26580
Error,30828
Error,17092
Error,63840
Error,62347
Error,63538
Error,58158
Error,25829
Error,27922
Error,44303
Error,22222
Error,58770
Error,59391
Error,65712
Error,62598
Error,23665
Error,27542
Error,34685
Error,17963
Error,56886
Error,63539
Error,73267
Error,55874
Error,26740
Error,27621
Error,30757
Error,21660
Error,65052
Error,55193
Error,64120
Error,59431
Error,22482
Error,26460
Error,56005
Error,37560
Error,55303
Error,58680
Error,80621
Error,56005
Error,21961
Error,26339
Error,44042
Error,20859
Error,66634
Error,74209
Error,74229
Error,63218
Error,28102
Error,30046
Error,75080
Error,54051
Error,77796
Error,59001
Error,60243
Error,58539
Error,23093
Error,26640
Error,55614
Error,21770
Error,55534
Error,56405
Error,62717
Error,55343
Error,26209
Error,27361
Error,30066
Error,18104
Error,63669
Error,56315
Error,60954
Error,57397
Error,21941
Error,28814
Error,48531
Error,16000
Error,60513
Error,60553
Error,62898
Error,63539
Error,23274
Error,27291
Error,33323
Error,16982
Error,57287
Error,64230
Error,68548
Error,59311
Error,25959
Error,27421
Error,44463
Error,11472
Error,69450
Error,57688
Error,62407
Error,64360
Error,22723
Error,27020
Error,48911
Error,16350
Error,56014
Error,57768
Error,57898
Error,64701
Error,22402
Error,26649
Error,32200
Error,17022
Error,55394
Error,64590
Error,62066
Error,55654
Error,23694
Error,26519
Error,46888
Error,22683
Error,65993
Error,63118
Error,57317
Error,60613
Error,24696
Error,30056
Error,46507
Error,27922
Error,56796
Error,63839
Error,62988
Error,57969
Error,24195
Error,27812
Error,31539
Error,18024
Error,58149
Error,64951
Error,56245
Error,59141
Error,23464
Error,26680
Error,52899
Error,22441
Error,62917
Error,57247
Error,57708
Error,66053
Error,23955
Error,27661
Error,33112
Error,18775
Error,57067
Error,62186
Error,66284
Error,55654
Error,25679
Error,28243
Error,34514
Error,17653
Error,56406
Error,63669
Error,56966
Error,60022
Error,21961
Error,28504
Error,56656
Error,12173
Error,58379
Error,64791
Error,59642
Error,58129
Error,23654
Error,27010
Error,48000
Error,15559
Error,55464
Error,62797
Error,55624
Error,58379
Error,22452
Error,26540
Error,53039
Error,21400
Error,56135
Error,59031
Error,68738
Error,55083
Error,23695
Error,27251
Error,38823
Error,17032
Error,56806
Error,62046
Error,59882
Error,57728
Error,21881
Error,26719
Error,52048
Error,21159
Error,55694
Error,57939
Error,72446
Error,56526
Error,24225
Error,26359
Error,32130
Error,17102
Error,61796
Error,64030
Error,55013
Error,65913
Error,22321
Error,27372
Error,48521
Error,21270
Error,63979
Error,55213
Error,60603
Error,65001
Error,22582
Error,26279
Error,34815
Error,16832
Error,55674
Error,59391
Error,62957
Error,54321
Error,23824
Error,26750
Error,47438
Error,16130
Error,56055
Error,63379
Error,57788
Error,60493
Error,71754
Error,29025
Error,54281
Error,29445
Error,71454
Error,56506
Error,65042
Error,63028
Error,22392
Error,26500
Error,50845
Error,21481
Error,58640
Error,59852
Error,69480
Error,56055
Error,24236
Error,26469
Error,40476
Error,17313
Error,56285
Error,68077
Error,57737
Error,58529
Error,22132
Error,29304
Error,34084
Error,16902
Error,56847
Error,62778
Error,56997
Error,57107
Error,23754
Error,27151
Error,30898
Error,16831
Error,55624
Error,64961
Error,55534
Error,57758
Error,21821
Error,28684
Error,45435
Error,12444
Error,57557
Error,65392
Error,55744
Error,59121
Error,24736
Error,27051
Error,45545
Error,12203
Error,55864
Error,62387
Error,54793
Error,62176
Error,22201
Error,26610
Error,55855
Error,22803
Error,55364
Error,56316
Error,67516
Error,55053
Error,23985
Error,26950
Error,43431
Error,24386
Error,57076
Error,63218
Error,59852
Error,57547
Error,23284
Error,26410
Error,51997
Error,22743
Error,55794
Error,57318
Error,65342
Error,55003
Error,24025
Error,26700
Error,45596
Error,28072
Error,58099
Error,63409
Error,57758
Error,60383
Error,23955
Error,29555
Error,84308
Error,67106
Error,64000
Error,55845
Error,64320
Error,64851
Error,22612
Error,26510
Error,40937
Error,18384
Error,57407
Error,61434
Error,70201
Error,55854
Error,25067
Error,26790
Error,45265
Error,13155
Error,56877
Error,65021
Error,59541
Error,66124
Error,23964
Error,28503
Error,54232
Error,26730
Error,64100
Error,58510
Error,61655
Error,62697
Error,22281
Error,27341
Error,36398
Error,18826
Error,57718
Error,60102
Error,67366
Error,56005
Error,25368
Error,26519
Error,42980
Error,12363
Error,72656
Error,62888
Error,56796
Error,60934
Error,22973
Error,26560
Error,45345
Error,14347
Error,65613
Error,54672
Error,59331
Error,62297
Error,22121
Error,26710
Error,40556
Error,16971
Error,55022
Error,58279
Error,62877
Error,56496
Error,23874
Error,26439
Error,28073
Error,17032
Error,67717
Error,64491
Error,59090
Error,56626
Error,22512
Error,27351
Error,51777
Error,22252
Error,55213
Error,57648
Error,66024
Error,56726
Error,23945
Error,26791
Error,44163
Error,11291
Error,66745
Error,64811
Error,59792
Error,57778
Error,23504
Error,28523
Error,53870
Error,22783
Error,64752
Error,56205
Error,63559
Error,62006
Error,24406
Error,26629
Error,33543
Error,17533
Error,56546
Error,60403
Error,70863
Error,56385
Error,24826
Error,27621
Error,41258
Error,19316
Error,57558
Error,62787
Error,56977
Error,61224
Error,31458
Error,28643
Error,48300
Error,16341
Error,66765
Error,57788
FindNodeReq,60994
Error,61625
Error,63689
Error,22262
Error,26680
Error,44904
Error,24455
Error,57478
Error,60143
Error,69661
Error,56024
Error,24987
Error,26990
Error,42319
Error,19817
Error,56465
Error,68148
Error,57518
Error,63418
Error,24385
Error,27261
Error,44884
Error,13395
Error,56085
Error,66294
Error,60883
Error,53900
Error,21730
Error,34605
Error,50585
Error,21360
Error,57047
Error,66805
Error,60474
Error,61565
Error,22172
Error,26891
Error,55944
Error,22943
Error,56807
Error,70852
Error,55003
Error,55103
Error,21901
Error,29335
Error,24566
Error,20649
Error,57868
Error,63859
Error,59832
Error,59121
Error,22562
Error,26640
Error,48591
Error,28644
Error,55755
Error,68338
Error,61124
Error,61836
Error,31529
Error,27391
Error,50094
Error,14296
Error,56706
Error,63438
Error,59431
Error,53931
Error,23083
Error,26480
Error,52348
Error,28463
Error,62847
Error,55003
Error,64431
Error,62737
Error,22482
Error,26780
Error,51607
Error,28543
Error,58369
Error,57939
Error,67166
Error,56867
Error,26971
Error,28894
Error,42349
Error,24356
Error,56055
Error,70421
Error,60734
Error,60683
Error,23985
Error,26520
Error,42479
Error,17303
Error,68157
Error,59141
Error,65413
Error,63599
Error,23534
Error,27001
Error,62206
Error,37029
Error,55404
Error,57798
Error,66204
Error,57909
Error,26629
Error,28273
Error,57327
Error,39503
Error,57778
Error,64150
Error,63219
Error,58039
Error,24125
Error,27852
Error,43762
Error,21039
Error,67076
Error,55785
Error,64380
Error,63108
Error,23374
Error,27341
Error,52047
Error,28193
Error,55284
Error,61795
Error,66194
Error,59141
Error,26590
Error,27762
Error,40546
Error,21610
Error,61415
Error,65392
Error,57888
Error,57016
Error,25037
Error,28483
Error,38001
Error,24286
Error,66003
Error,57077
Error,59531
Error,64931
Error,23143
Error,26760
Error,44152
Error,33533
Error,59902
Error,58580
Error,63719
Error,54522
Error,24255
Error,27511
Error,44162
Error,34064
Error,56606
Error,63097
Error,55383
Error,59812
Error,24165
Error,27281
Error,40947
Error,29204
Error,66995
Error,57377
Error,57868
Error,62217
Error,23253
Error,37009
Error,46777
Error,35917
Error,58379
Error,60172
Error,63699
Error,78166
Error,22302
Error,26640
Error,88505
Error,65232
Error,64571
Error,82264
Error,65312
Error,49783
Error,30037
Error,26921
Error,77795
Error,56386
Error,56155
Error,59661
Error,64260
Error,55203
Error,24105
Error,29606
Error,48240
Error,26339
Error,68157
Error,57287
Error,60563
Error,64981
Error,24255
Error,27191
Error,50585
Error,29335
Error,57617
Error,62116
Error,56395
Error,61565
Error,23694
Error,27912
Error,59351
Error,37610
Error,65442
Error,57387
Error,58229
Error,62116
Error,24766
Error,35436
Error,56456
Error,36609
Error,59572
Error,59641
Error,63739
Error,62217
Error,25348
Error,26650
Error,47809
Error,29054
Error,56476
Error,58329
Error,59411
Error,65994
Error,23073
Error,27902
Error,44654
Error,34735
Error,56656
Error,58029
Error,65192
Error,57598
Error,27913
Error,28644
Error,67887
Error,48310
Error,57458
Error,64711
Error,58710
Error,58790
Error,23414
Error,26750
Error,61354
Error,39514
Error,57508
Error,55664
Error,54312
Error,55644
Error,22963
Error,26920
Error,78848
Error,60893
Error,55463
Error,58569
Error,56455
Error,58951
Error,24566
Error,27762
Error,38161
Error,22372
Error,58560
Error,64812
Error,55163
Error,62577
Error,22252
Error,27180
Error,59230
Error,38953
Error,58780
Error,55183
Error,55333
Error,64641
Error,22291
Error,27041
Error,71474
Error,50414
Error,56455
Error,61054
Error,62567
Error,55945
Error,24657
Error,27221
Error,41607
Error,31349
Error,56025
Error,63839
Error,54782
Error,59691
Error,24155
Error,26770
Error,43101
Error,32150
Error,55884
Error,60212
Error,62467
Error,55012
Error,24787
Error,28503
Error,41748
Error,30818
Error,57717
Error,64280
Error,56876
Error,57898
Error,26068
Error,26830
Error,43040
Error,32060
Error,55734
FindNodeReq,57919
Error,55744
Error,66465
Error,56235
Error,25387
Error,27502
Error,52698
Error,41307
Error,58880
Error,66424
Error,55874
Error,62998
Error,26620
Error,29274
Error,43411
Error,20388
Error,66835
Error,56145
Error,66454
Error,63529
Error,22081
Error,26610
Error,57537
Error,44944
Error,63058
Error,60353
Error,63459
Error,56395
Error,25157
Error,27612
Error,42930
Error,32491
Error,56295
Error,71994
Error,54823
Error,60664
Error,23905
Error,26620
Error,38893
Error,27842
Error,64391
Error,57117
Error,58169
Error,62617
Error,22412
Error,27001
Error,81272
Error,58319
Error,55984
Error,57307
Error,61555
Error,62046
Error,23834
Error,27101
Error,46237
Error,24145
Error,65583
Error,57067
Error,65543
Error,66895
Error,23714
Error,24295
Error,41617
Error,39985
Error,61705
Error,63829
Error,59631
Error,52318
Error,24226
Error,25808
Error,37490
Error,19697
Error,52548
Error,62196
Error,60753
Error,62877
Error,34134
Error,25257
Error,40185
Error,16230
Error,61565
Error,52408
Error,54161
Error,65161
Error,21470
Error,24886
Error,47779
Error,20308
Error,53651
Error,59170
Error,53570
Error,54442
Error,22712
Error,24786
Error,36138
Error,25247
Error,65603
Error,55043
Error,58229
Error,64310
Error,24485
Error,28643
Error,69299
Error,46787
Error,57407
Error,59461
Error,67506
Error,64871
Error,22853
Error,28704
Error,40275
Error,29515
Error,60874
Error,65402
Error,54452
Error,58129
Error,25708
Error,27160
Error,41487
Error,30397
Error,64340
Error,65202
Error,59481
Error,69360
Error,23704
Error,28513
Error,51666
Error,40225
Error,53651
Error,71022
Error,59001
Error,62797
Error,22693
Error,27150
Error,20438
Error,15559
Error,59361
Error,51166
Error,53670
Error,63248
Error,20679
Error,24616
Error,51716
Error,20068
Error,52728
Error,57127
Error,58540
Error,57848
Error,20628
Error,24506
Error,34745
Error,22111
Error,53961
Error,59020
Error,50835
Error,53651
Error,24015
Error,25017
Error,40456
Error,20528
Error,59972
Error,51616
Error,56465
Error,54222
Error,20268
Error,24897
Error,48170
Error,17472
Error,54893
Error,59611
Error,52819
FindNodeRsp,26219
Error,52609
Error,23564
Error,26429
Error,33222
Error,17552
Error,60553
Error,53059
Error,55484
Error,58118
Error,22122
Error,25488
Error,47289
Error,18194
Error,57247
Error,60273
Error,52488
Error,67126
Error,23043
Error,25458
Error,42690
Error,19626
Error,61495
Error,52007
Error,54041
Error,56666
Error,20578
Error,24676
Error,47909
Error,19747
Error,52037
Error,56165
Error,58349
Error,62046
Error,21711
Error,54431
Error,55423
Error,34545
Error,149119
Error,103344
Error,76293
Error,25277
Error,104255
UpdateRouteReq,22362
Error,50564
UpdateRouteReq,39574
Error,60283
Error,58098
Error,20317
Error,24596
Error,40706
UpdateRouteReq,121166
Error,96581
UpdateRouteReq,60984
UpdateRouteReq,21851
Error,59721
UpdateRouteReq,28994
Error,52238
Error,59300
Error,52268
Error,20678
Error,28152
Error,44323
Error,21390
Error,51867
Error,51817
Error,58700
Error,61244
Error,20728
Error,24636
Error,41317
Error,16631
Error,52619
Error,61425
Error,51406
Error,53911
Error,23244
Error,24767
Error,39073
Error,18184
Error,60943
Error,51596
Error,53881
Error,53781
Error,20960
Error,24726
Error,47289
Error,16511
Error,53019
Error,55113
Error,60433
Error,58649
Error,20429
Error,25037
Error,37410
Error,18214
Error,54803
Error,58549
Error,51075
Error,53390
Error,23043
Error,24967
Error,38933
Error,18364
Error,61886
Error,52689
Error,54922
Error,56376
Error,20588
Error,24445
Error,52589
Error,34945
Error,51817
Error,56285
Error,58960
Error,58620
Error,21911
Error,24816
Error,35867
Error,25378
Error,53049
Error,58720
Error,50625
Error,53490
Error,23684
Error,24626
Error,39374
Error,19546
Error,58580
Error,51256
Error,57207
Error,54321
Error,20468
Error,24226
Error,47579
Error,19847
Error,54812
Error,55013
Error,70211
Error,60533
Error,21570
Error,24847
Error,39685
Error,31289
Error,60813
Error,50755
Error,54081
Error,56105
Error,24596
Error,25408
Error,53179
Error,36198
Error,61064
Error,55444
Error,59220
Error,58870
Error,21751
Error,27952
Error,71283
Error,60794
Error,63379
Error,67937
Error,63458
Error,54431
Error,23554
Error,25387
Error,36398
Error,27381
Error,62477
Error,52538
Error,55614
Error,55805
Error,22713
Error,25367
Error,41938
Error,19366
Error,53851
Error,56105
Error,61335
Error,59161
Error,20899
Error,26780
Error,22773
Error,18695
Error,57227
Error,64331
Error,60634
Error,54261
Error,23934
Error,26119
Error,23434
Error,16871
Error,68939
Error,53991
Error,54422
Error,59171
Error,25227
Error,27832
Error,52659
Error,26279
Error,54672
Error,65643
Error,63839
Error,69580
Error,25578
Error,26840
Error,28924
Error,16882
Error,65323
Error,55604
Error,59381
Error,73427
Error,22192
Error,26459
Error,43942
Error,21460
Error,55052
Error,64912
Error,59641
Error,62927
Error,22392
Error,26389
Error,30908
Error,18464
Error,58028
Error,63809
Error,63589
Error,59652
Error,27822
Error,28633
Error,42439
Error,21239
Error,65513
Error,56796
Error,63389
Error,60302
Error,22181
Error,26630
Error,45925
Error,21270
Error,60353
Error,61956
Error,60624
Error,64661
Error,23775
Error,27201
Error,38983
Error,12162
Error,57117
Error,73057
Error,65583
Error,58319
Error,26008
Error,27391
Error,29054
Error,18164
Error,65252
Error,59632
Error,59471
Error,58680
Error,22321
Error,26119
Error,52368
Error,11612
Error,56716
Error,57598
Error,58390
Error,62046
Error,22863
Error,27011
Error,25438
Error,17332
Error,60002
Error,65933
Error,67937
Error,57568
Error,25618
Error,27521
Error,32400
Error,19115
Error,66474
Error,57999
Error,60092
Error,59572
Error,24055
Error,27492
Error,33953
Error,18294
Error,56847
Error,59010
Error,59802
Error,63219
Error,22682
Error,28984
Error,26089
Error,19095
Error,60824
Error,65883
Error,65733
Error,56956
Error,25367
Error,27822
Error,25849
Error,202779
Error,139841
Error,65282
Error,59721
Error,58198
Error,22082
Error,29354
Error,27671
Error,17072
Error,58780
Error,63639
Error,55774
Error,62566
Error,26039
Error,28804
Error,23434
Error,18705
Error,57247
Error,65252
Error,57027
Error,62748
Error,23163
Error,27361
Error,32230
Error,18074
Error,64320
Error,58209
Error,59771
Error,63879
Error,23584
Error,34324
Error,38011
Error,17693
Error,55584
Error,58119
Error,67326
Error,61065
Error,26469
Error,28072
Error,40236
Error,18735
Error,56585
Error,66955
Error,57487
Error,59922
Error,23504
Error,29616
Error,38883
Error,21150
Error,58629
Error,65072
Error,58199
Error,54993
Error,25207
Error,26650
Error,38141
Error,17062
Error,59882
Error,61735
Error,68599
Error,58249
Error,25458
Error,28032
Error,31509
Error,24856
Error,67096
Error,67797
Error,57096
Error,59481
Error,24536
Error,27691
Error,51336
Error,21680
Error,65172
Error,56776
Error,60924
Error,63499
Error,22392
Error,29295
Error,39393
Error,16541
Error,60373
Error,62797
Error,66995
Error,57718
Error,25889
Error,26910
Error,39544
Error,16160
Error,57678
Error,57187
Error,55624
Error,36328
Error,19477
Error,24135
Error,46177
Error,15078
Error,66253
Error,64351
Error,57107
Error,60082
Error,22732
Error,26439
Error,49623
Error,21189
Error,57277
Error,61375
Error,59101
Error,64290
Error,22271
Error,27070
Error,32791
Error,13435
Error,57378
Error,59160
Error,63308
Error,71514
Error,24606
Error,26459
Error,35837
Error,17112
Error,64240
Error,71523
Error,55614
Error,58670
Error,24916
Error,28223
Error,37551
Error,25848
Error,59171
Error,61094
Error,61806
Error,64110
Error,24475
Error,27902
Error,31810
Error,12744
Error,58289
Error,58900
Error,67787
Error,55834
Error,24977
Error,28143
Error,22331
Error,17032
Error,65863
Error,62577
Error,55704
Error,63889
Error,24255
Error,28223
Error,37430
Error,16992
Error,57958
Error,59481
Error,63128
Error,65252
Error,22683
Error,26600
Error,24646
Error,18184
Error,61145
Error,61195
Error,64370
Error,57236
Error,25397
Error,27431
Error,32090
Error,19155
Error,75030
Error,77655
Error,65302
Error,73658
Error,28313
Error,31969
Error,68649
Error,42149
Error,73217
Error,62848
Error,68518
Error,74429
Error,22392
Error,26960
Error,28403
Error,17302
Error,56767
Error,59622
Error,63849
Error,57417
Error,24746
Error,26590
Error,38412
Error,17443
Error,55724
Error,65152
Error,60804
Error,62798
Error,23524
Error,28192
Error,45515
Error,20178
Error,68949
Error,59601
Error,63198
Error,64270
Error,20669
Error,24386
Error,26239
Error,11361
Error,53400
Error,74769
Error,52037
Error,52719
Error,24807
Error,26019
Error,24306
Error,12503
Error,55654
Error,61014
Error,53760
Error,56245
Error,22361
Error,25507
Error,32160
Error,16892
Error,53390
Error,61254
Error,55664
Error,54281
Error,22361
Error,24385
Error,47899
Error,20328
Error,54803
Error,58950
Error,51867
Error,55333
Error,22212
Error,26069
Error,22552
Error,17833
Error,52899
Error,53500
Error,60473
Error,61515
Error,22191
Error,25247
Error,20769
Error,16911
Error,53390
Error,62417
Error,53710
Error,55935
Error,24205
Error,23975
Error,20659
Error,15479
Error,60113
Error,52188
Error,58510
Error,56235
Error,23133
Error,25157
Error,46567
Error,20498
Error,53150
Error,56495
Error,60403
Error,58820
Error,20368
Error,25398
Error,21661
Error,17012
Error,56175
Error,62497
Error,59371
Error,52658
Error,22842
Error,24856
Error,20208
Error,15780
Error,59982
Error,60383
Error,57447
Error,56957
Error,20869
Error,25658
Error,46978
Error,18675
Error,55134
Error,57708
Error,61756
Error,67707
Error,24145
Error,24806
Error,65353
Error,45185
Error,53670
Error,60052
Error,58419
Error,54772
Error,22292
Error,25447
Error,70181
Error,45916
Error,52869
Error,64039
Error,52498
Error,60043
Error,20348
Error,25127
Error,27061
Error,24977
Error,53801
Error,61335
Error,54091
Error,52268
Error,20969
Error,24286
Error,55183
Error,47339
Error,60994
Error,58719
Error,56465
Error,56586
Error,20408
Error,25017
Error,57096
Error,24486
Error,52688
Error,56045
Error,55354
Error,58940
Error,20599
Error,24325
Error,57918
Error,40676
Error,54452
Error,55514
Error,58870
Error,54522
Error,22693
Error,24986
Error,56907
Error,47539
Error,63138
Error,61996
Error,52598
Error,56185
Error,21089
Error,25608
Error,61224
Error,53359
Error,56165
Error,65853
Error,69129
Error,64059
Error,22973
Error,24436
Error,39253
Error,30167
Error,60894
Error,58769
Error,54833
Error,56626
Error,21691
Error,24716
Error,57908
Error,50365
Error,54222
Error,54882
Error,54361
Error,63479
Error,21740
Error,25528
Error,43000
Error,33853
Error,54933
Error,61014
Error,52348
Error,56605
Error,20318
Error,24656
Error,55063
Error,47609
Error,52578
Error,57928
Error,54372
Error,59281
Error,20248
Error,24355
Error,35477
Error,25197
Error,53440
Error,54872
Error,62507
Error,54361
Error,24385
Error,26921
Error,57557
Error,47519
Error,61515
Error,61284
Error,54562
Error,56225
Error,21380
Error,24276
Error,55864
Error,48521
Error,60143
Error,55244
Error,54713
Error,61696
Error,20268
Error,25087
Error,40145
Error,30968
Error,60163
Error,68638
Error,52808
Error,57527
Error,19977
Error,24316
Error,59351
Error,49492
Error,52418
Error,57277
Error,55875
Error,59020
Error,20598
Error,24355
Error,45716
Error,39333
Error,55454
Error,67626
Error,59592
Error,61955
Error,21089
Error,27542
Error,85009
Error,65683
Error,61405
Error,60783
Error,61976
Error,65452
Error,23183
Error,26379
Error,51256
Error,49393
Error,58259
Error,59671
Error,63268
Error,55684
Error,24376
Error,26620
Error,56926
Error,48481
Error,64941
Error,63448
Error,55423
Error,60423
Error,22993
Error,26319
Error,71023
Error,63770
Error,56806
Error,60293
Error,59822
Error,63549
Error,22442
Error,26880
Error,54953
Error,46287
Error,57247
Error,60252
Error,62837
Error,62827
Error,24305
Error,26139
Error,59681
Error,51667
Error,64570
Error,72466
Error,56336
Error,59161
Error,22853
Error,27332
Error,61765
Error,50945
Error,65963
Error,60423
Error,64120
Error,68228
Error,24706
Error,24385
Error,58329
Error,49673
Error,62416
Error,63840
Error,60453
Error,52027
Error,21971
Error,24686
Error,46807
Error,39304
Error,71634
Error,56004
Error,44172
Error,48601
Error,22963
Error,27952
Error,29205
Error,13766
Error,52719
Error,45575
Error,59591
Error,48671
Error,20188
Error,24967
Error,14878
Error,15219
Error,43942
Error,43211
Error,49893
Error,43261
Error,19356
Error,23103
Error,24606
Error,15088
Error,41177
Error,47960
Error,45846
Error,43170
Error,20429
Error,25267
Error,37961
Error,18104
Error,45004
Error,42289
Error,38903
Error,40205
Error,18074
Error,24425
Error,36879
Error,19446
Error,49873
Error,41769
Error,41548
Error,51346
Error,20148
Error,22482
Error,26941
Error,14638
Error,41057
Error,47358
Error,46006
Error,45595
Error,19456
Error,25858
Error,29875
Error,10149
Error,52398
Error,41698
Error,41268
Error,39734
Error,18335
Error,22542
Error,37320
Error,18855
Error,41728
Error,40736
Error,41277
Error,47679
Error,19927
Error,24406
Error,24095
Error,15008
Error,40987
Error,51406
Error,46707
Error,44503
Error,20147
Error,25187
Error,27531
Error,10018
Error,52519
Error,41828
Error,40737
Error,40476
Error,19286
Error,24436
Error,39003
Error,19025
Error,42469
Error,40156
Error,39344
Error,48260
Error,20008
Error,24425
Error,23895
Error,15970
Error,40726
Error,47078
Error,46356
Error,40326
Error,21009
Error,25408
Error,26850
Error,14106
Error,52228
Error,43582
Error,41217
Error,40405
Error,18053
Error,22953
Error,39875
Error,19807
Error,42029
Error,40035
Error,40686
Error,49743
Error,19546
Error,24195
Error,27932
Error,15850
Error,41888
Error,47710
Error,46557
Error,40526
Error,21340
Error,24997
Error,55203
Error,65232
Error,43762
Error,49934
Error,41718
Error,41157
Error,19687
Error,16721
Error,20579
Error,35266
Error,18785
Error,41979
Error,39794
Error,48260
Error,42299
Error,19446
Error,24186
Error,22672
Error,12954
Error,43090
Error,47239
Error,40316
Error,39494
Error,17964
Error,22893
Error,51907
Error,24917
Error,44253
Error,40045
Error,39724
Error,46497
Error,18495
Error,23223
Error,21770
Error,14738
Error,41738
Error,40916
Error,47228
Error,40115
Error,18014
Error,23083
Error,22221
Error,14858
Error,41338
Error,39985
Error,38141
Error,24726
Error,24376
Error,24506
Error,21520
Error,13295
Error,49443
Error,46848
Error,45596
Error,42249
Error,20669
Error,24896
Error,40185
Error,19437
Error,49733
Error,41868
Error,39273
Error,45816
Error,18695
Error,24476
Error,22111
Error,16040
Error,43261
Error,40356
Error,47979
Error,41688
Error,18966
Error,22833
Error,14157
Error,14557
Error,42509
Error,52608
Error,57026
Error,46647
Error,20829
Error,26439
Error,44584
Error,20559
Error,52699
Error,40225
Error,38812
Error,46447
Error,19106
Error,23464
Error,14107
Error,14628
Error,40987
Error,39133
Error,47158
Error,40115
Error,18134
Error,22722
Error,23995
Error,14417
Error,40926
Error,48431
Error,48962
Error,41337
Error,18083
Error,22863
Error,32511
Error,11030
Error,44493
Error,61686
Error,42109
Error,41257
Error,18996
Error,24536
Error,40586
Error,18535
Error,45345
Error,41427
Error,40866
Error,41348
Error,19426
Error,25056
Error,41528
Error,19116
Error,44524
Error,41448
Error,41989
Error,44694
Error,19467
Error,24816
Error,36769
Error,18966
Error,44233
Error,42489
Error,53229
Error,42459
Error,19316
Error,24516
Error,40797
Error,19236
Error,44704
Error,41638
Error,41818
Error,42349
Error,19306
Error,24736
Error,28003
Error,17453
Error,43481
Error,43000
Error,50995
Error,45205
Error,22052
Error,26670
Error,28773
Error,11011
Error,46066
Error,43612
Error,43401
Error,51697
Error,19927
Error,24937
Error,42139
Error,21320
Error,44704
Error,43150
Error,50775
Error,50935
Error,21330
Error,25879
Error,25317
Error,9898
Error,44302
Error,51206
Error,42159
Error,51998
Error,19887
Error,24967
Error,30427
Error,17193
Error,52658
Error,43200
Error,42079
Error,48891
Error,19787
Error,24776
Error,39323
Error,18454
Error,44763
Error,49763
Error,42840
Error,49523
Error,19667
Error,24326
Error,34534
Error,9298
Error,52579
Error,43671
Error,41457
Error,56686
Error,20358
Error,24616
Error,43532
Error,18906
Error,44493
Error,45706
Error,53680
Error,46117
Error,21390
Error,23484
Error,24606
Error,14698
Error,41157
Error,47518
Error,39584
Error,39524
Error,17944
Error,23183
Error,28103
Error,10290
Error,50133
Error,41037
Error,39814
Error,54842
Error,19105
Error,23213
Error,38552
Error,19176
Error,43090
Error,46527
Error,40225
Error,39865
Error,17853
Error,23163
Error,26680
Error,14216
Error,49552
Error,40606
Error,39764
Error,46828
Error,18574
Error,22963
Error,38943
Error,19586
Error,41348
Error,39694
Error,46817
Error,39284
Error,18845
Error,25768
Error,24125
Error,13575
Error,43491
Error,49472
Error,42520
Error,40956
Error,19186
Error,23204
Error,29325
Error,15920
Error,48190
Error,41117
Error,39845
Error,47890
Error,20007
Error,24336
Error,39695
Error,19777
Error,42930
Error,41368
Error,46668
Error,46617
Error,18695
Error,26069
Error,22232
Error,14297
Error,43932
Error,50754
Error,43612
Error,40606
Error,19656
Error,22722
Error,27601
Error,9528
Error,49182
Error,40516
Error,39083
Error,40506
Error,19437
Error,24395
Error,39634
Error,19917
Error,42990
Error,42149
Error,47489
Error,47539
Error,18675
Error,29405
Error,24376
Error,14968
Error,41548
Error,47870
Error,40245
Error,39203
Error,17744
Error,23003
Error,27742
Error,12554
Error,50494
Error,40596
Error,39674
Error,39253
Error,18405
UpdateRouteReq,80360
Error,28383
Error,72595
Error,29105
Error,42750
Error,46517
Error,46447
Error,39735
Error,18084
Error,26009
Error,22102
Error,16050
Error,52438
Error,43171
Error,41347
Error,40586
Error,19226
Error,22943
Error,31458
Error,10439
Error,51726
Error,40035
Error,38823
Error,23274
Error,18244
Error,24676
Error,14457
Error,14036
Error,51767
Error,42219
Error,40787
Error,47519
Error,18755
Error,22843
Error,37801
Error,17663
Error,41979
Error,51856
Error,43221
Error,41437
Error,20378
Error,24215
Error,26580
Error,13896
Error,48531
Error,41377
Error,39224
Error,46237
Error,19797
Error,24285
Error,38682
Error,19396
Error,42981
Error,40976
Error,47629
Error,40766
Error,19497
Error,25017
Error,17202
Error,14507
Error,55214
Error,55143
Error,41517
Error,61685
Error,26470
Error,26459
Error,28353
Error,17012
Error,46908
Error,45155
Error,48080
Error,40556
Error,18184
Error,23254
Error,15048
Error,14487
Error,56566
Error,49091
Error,40085
Error,40295
Error,18144
Error,23504
Error,30197
Error,19296
Error,40576
Error,39924
Error,39574
Error,56295
Error,19256
Error,23213
Error,23184
Error,14668
Error,41167
Error,42689
Error,51015
Error,42329
Error,19286
Error,24616
Error,30638
Error,16020
Error,52469
Error,49583
Error,43091
Error,41918
Error,19336
Error,24466
Error,20449
Error,15609
Error,52187
Error,42218
Error,42610
Error,41849
Error,22291
Error,26850
Error,40396
Error,18806
Error,47970
Error,43411
Error,51166
Error,43771
Error,19707
Error,24656
Error,32451
Error,10600
Error,51887
Error,43401
Error,44173
Error,43711
Error,20348
Error,26069
Error,42880
Error,23725
Error,45245
Error,42539
Error,41517
Error,50415
Error,20017
Error,25818
Error,26459
Error,15449
Error,44493
Error,50294
Error,48872
Error,43000
Error,19747
Error,24395
Error,32671
Error,18344
Error,52588
Error,51326
Error,42779
Error,41187
Error,19216
Error,24786
Error,34464
Error,18845
Error,44312
Error,50495
Error,42981
Error,49132
Error,19747
Error,24647
Error,40155
Error,10179
Error,45264
Error,49703
Error,43361
Error,43051
Error,19046
Error,24436
Error,40366
Error,18875
Error,51095
Error,43141
Error,41007
Error,48611
Error,19586
Error,24917
Error,30648
Error,12033
Error,44673
Error,41638
Error,49913
Error,42800
Error,19376
Error,24566
Error,34073
Error,19346
Error,51146
Error,51236
Error,42610
Error,41678
Error,19186
Error,24756
Error,41387
Error,24225
Error,43581
Error,41207
Error,42559
Error,50725
Error,19837
Error,24686
Error,31108
Error,15649
Error,44263
Error,42439
Error,50946
Error,42950
Error,19787
Error,24867
Error,20287
Error,15479
Error,51316
Error,58860
Error,43912
Error,61715
Error,19827
Error,24987
Error,30888
Error,10740
Error,52889
Error,42119
Error,41989
Error,49382
Error,19757
Error,24856
Error,26569
Error,15669
Error,44072
Error,41417
Error,49873
Error,42469
Error,19356
Error,24896
Error,19016
Error,15830
Error,44142
Error,50425
Error,56726
Error,45154
Error,19406
Error,24476
Error,42269
Error,24276
Error,51537
Error,42519
Error,41547
Error,48761
Error,19296
Error,24556
Error,26780
Error,15278
Error,44082
Error,42199
Error,50024
Error,42479
Error,18986
Error,24706
Error,30868
Error,11672
Error,44713
Error,50494
Error,42419
Error,48039
Error,22693
Error,27021
Error,36629
Error,21120
Error,45625
Error,50444
Error,43682
Error,42880
Error,31539
Error,25497
Error,42299
Error,26509
Error,45405
Error,43411
Error,42800
Error,41607
Error,19346
Error,24376
Error,41387
Error,26539
Error,44022
Error,41518
Error,41086
Error,41888
Error,19396
Error,25137
Error,40235
Error,20919
Error,44023
Error,51146
Error,42549
Error,49082
Error,19717
Error,25127
Error,32952
Error,16801
Error,45906
Error,51256
Error,43722
Error,49763
Error,19677
Error,24716
Error,32752
Error,16550
Error,44223
Error,50194
Error,42860
Error,41979
Error,19316
Error,24806
Error,50445
Error,23694
Error,51967
Error,42580
Error,41828
Error,49192
Error,19477
Error,24555
Error,28734
Error,11301
Error,44162
Error,42379
Error,49603
Error,42068
Error,19156
Error,24626
Error,29645
Error,11602
Error,44173
Error,50495
Error,42460
Error,41908
Error,19386
Error,24356
Error,41678
Error,23934
Error,55835
Error,44564
Error,43101
Error,49923
Error,20869
Error,26349
Error,40084
Error,18825
Error,45876
Error,43151
Error,49192
Error,41789
Error,19747
Error,24505
Error,29165
Error,15539
Error,42870
Error,52708
Error,43651
Error,42319
Error,19006
Error,24716
Error,27090
Error,15439
Error,44002
Error,54883
Error,44513
Error,43291
Error,20298
Error,26089
Error,33944
Error,12784
Error,45335
Error,56555
Error,42259
Error,41909
Error,19045
Error,27342
Error,40486
Error,22111
Error,45425
Error,41478
Error,49563
Error,41918
Error,20288
Error,24636
Error,33492
Error,17523
Error,44643
Error,50594
Error,44633
Error,59041
Error,24305
Error,28343
Error,13165
Error,18695
Error,57909
Error,47308
Error,47368
Error,54542
Error,23144
Error,31860
Error,46096
Error,20008
Error,55473
Error,49933
Error,58990
Error,50534
Error,23775
Error,31890
Error,28403
Error,19998
Error,50395
Error,59281
Error,53781
Error,44763
Error,22662
Error,27942
Error,14407
Error,17884
Error,46567
Error,53510
Error,45084
Error,45475
Error,21831
Error,28123
Error,18876
Error,19286
Error,45565
Error,53551
Error,46608
Error,44874
Error,21580
Error,27801
Error,15209
Error,17834
Error,57467
Error,46547
Error,44373
Error,59622
Error,24246
Error,30247
Error,28073
Error,20819
Error,48360
Error,46778
Error,54842
Error,46297
Error,23514
Error,29856
Error,15058
Error,20879
Error,47479
Error,54512
Error,45625
Error,47189
Error,23794
Error,29135
Error,18725
Error,18144
Error,54221
Error,46146
Error,55664
Error,53691
Error,22031
Error,28012
Error,28002
Error,18204
Error,47258
Error,46357
Error,53119
Error,44874
Error,21620
Error,28864
Error,20278
Error,17823
Error,46747
Error,53240
Error,45685
Error,46036
Error,21571
Error,27923
Error,21600
Error,16561
Error,53460
Error,45195
Error,50855
Error,55334
Error,24215
Error,28784
Error,14728
Error,19456
Error,48611
Error,45535
Error,54202
Error,45065
Error,22843
Error,30477
Error,14296
Error,19436
Error,47509
Error,54101
Error,46978
Error,46657
Error,23414
Error,27571
Error,21991
Error,16712
Error,56316
Error,52518
Error,48852
Error,55864
Error,24325
Error,29596
Error,15970
Error,19546
Error,48240
Error,45434
Error,53350
Error,45556
Error,22793
Error,29856
Error,17793
Error,19787
Error,45976
Error,53420
Error,47498
Error,43361
Error,21260
Error,27271
Error,18614
Error,18144
Error,63789
Error,46346
Error,46297
Error,51736
Error,22071
Error,27792
Error,21520
Error,21009
Error,48261
Error,46126
Error,53560
Error,52458
Error,23223
Error,29295
Error,19146
Error,19376
Error,46487
Error,53660
Error,45625
Error,44723
Error,22502
Error,27541
Error,18916
Error,18014
Error,59742
Error,47649
Error,46737
Error,45786
Error,22392
Error,29245
Error,21340
Error,19858
Error,46547
Error,45896
Error,53910
Error,53009
Error,22803
Error,29274
Error,19166
Error,19346
Error,47219
Error,57578
Error,45075
Error,43451
Error,21330
Error,28523
Error,15418
Error,18475
Error,59802
Error,48872
Error,47288
Error,48811
Error,22923
Error,28914
Error,27050
Error,18144
Error,47448
Error,45185
Error,55233
Error,53270
Error,23404
Error,29124
Error,18344
Error,19296
Error,49483
Error,54832
Error,44423
Error,46076
Error,21240
Error,27782
Error,32992
Error,18906
Error,56155
Error,45785
Error,45265
Error,44293
Error,23754
Error,28042
Error,27702
Error,18454
Error,45966
Error,45004
Error,54101
Error,52598
Error,23113
Error,28373
Error,22321
Error,17122
Error,46757
Error,55253
Error,46467
Error,44643
Error,22311
Error,35747
Error,22131
Error,17482
Error,56516
Error,45886
Error,45214
Error,45004
Error,22893
Error,28022
Error,20648
Error,18976
Error,46587
Error,45866
Error,55394
Error,53691
Error,22302
Error,27812
Error,15119
Error,18544
Error,45946
Error,56345
Error,53771
Error,45485
Error,22272
Error,31439
Error,22171
Error,20017
Error,51867
Error,46788
Error,46578
Error,55223
Error,23765
Error,29856
Error,13305
Error,20047
Error,55884
Error,46547
Error,117569
Error,74219
Error,27131
Error,33152
Error,33112
Error,20228
Error,47900
Error,54692
Error,54342
Error,45976
Error,23755
Error,28574
Error,299440
Error,272379
Error,62467
Error,44783
Error,43421
Error,47489
Error,18274
Error,22753
Error,23985
Error,21119
Error,56145
Error,53941
Error,54081
Error,61184
Error,23654
Error,29125
Error,23233
Error,16962
Error,47679
Error,57998
Error,58489
Error,48370
Error,23814
Error,31018
Error,13114
Error,20638
Error,56425
Error,47018
Error,46056
Error,46477
Error,22973
Error,29515
Error,19025
Error,20448
Error,47729
Error,47759
Error,46877
Error,55414
Error,23624
Error,28202
Error,19026
Error,19306
Error,52448
Error,49042
Error,56486
Error,46347
Error,24636
Error,29776
Error,18334
Error,18685
Error,48771
Error,54983
Error,48791
Error,47048
Error,23354
Error,29365
Error,18424
Error,18475
Error,56927
Error,47378
Error,45184
Error,54021
Error,22312
Error,28162
Error,15068
Error,19597
Error,47429
Error,45535
Error,52778
Error,45595
Error,23083
Error,27932
Error,18896
Error,17202
Error,46627
Error,55754
Error,47529
Error,45605
Error,21630
Error,27020
Error,20198
Error,16972
Error,55614
Error,47018
Error,45846
Error,55003
Error,23283
Error,29315
Error,18504
Error,18785
Error,46597
Error,44704
Error,53410
Error,48811
Error,25067
Error,29135
Error,19296
Error,19186
Error,45455
Error,58339
Error,50665
Error,48421
Error,23575
Error,29355
Error,16410
Error,18214
Error,55735
Error,44433
Error,43912
Error,48170
Error,28644
Error,28313
Error,17934
Error,18645
Error,53019
Error,46136
Error,43371
Error,50314
Error,23965
Error,26750
Error,20067
Error,17152
Error,44904
Error,42139
Error,50925
Error,42098
Error,20639
Error,25387
Error,18264
Error,15599
Error,44914
Error,50334
Error,49533
Error,45655
Error,20789
Error,25979
Error,12594
Error,16862
Error,44484
Error,51075
Error,43592
Error,42981
Error,21720
Error,25548
Error,19096
Error,15680
Error,43381
Error,50203
Error,43221
Error,42449
Error,20628
Error,25678
Error,18805
Error,15770
Error,49773
Error,43742
Error,47238
Error,55644
Error,22492
Error,27812
Error,20017
Error,16811
Error,44663
Error,54592
Error,44263
Error,43682
Error,21220
Error,25438
Error,18785
Error,15229
Error,43681
Error,41748
Error,42700
Error,49353
Error,21390
Error,25247
Error,18345
Error,15920
Error,47839
Error,52699
Error,50855
Error,44263
Error,21691
Error,27411
Error,20258
Error,16631
Error,52047
Error,43191
Error,41948
Error,43381
Error,20658
Error,26349
Error,18625
Error,15349
Error,44283
Error,44102
Error,41988
Error,49954
Error,21440
Error,25348
Error,19747
Error,16200
Error,44222
Error,50564
Error,56085
Error,43121
Error,21309
Error,25799
Error,18735
Error,15880
Error,51146
Error,42990
Error,42800
Error,42219
Error,20278
Error,25378
Error,17443
Error,15829
Error,42750
Error,43361
Error,41848
Error,49573
Error,23313
Error,27812
Error,21130
Error,18925
Error,45064
Error,50294
Error,62617
Error,43742
Error,20669
Error,25367
Error,18334
Error,15218
Error,50604
Error,49844
Error,44423
Error,41297
Error,20308
Error,24897
Error,13395
Error,17072
Error,43151
Error,41538
Error,47329
Error,51456
Error,20899
Error,25829
Error,13265
Error,16732
Error,43021
Error,49532
Error,48611
Error,42770
Error,20649
Error,24987
Error,17953
Error,15269
Error,51376
Error,49302
Error,43561
Error,42229
Error,20097
Error,25217
Error,49994
Error,45935
Error,42730
Error,51266
Error,48982
Error,41337
Error,20007
Error,18164
Error,27511
Error,255798
Error,231512
Error,102802
Error,54282
Error,39434
Error,39043
Error,18885
Error,20338
Error,16500
Error,12984
Error,40766
Error,33502
Error,32992
Error,34344
Error,16420
Error,20017
Error,14928
Error,12353
Error,34024
Error,33072
Error,44954
Error,41939
Error,16902
Error,20007
Error,14437
Error,13294
Error,33953
Error,40195
Error,38221
Error,33512
Error,16411
Error,19536
Error,14738
Error,12032
Error,39805
Error,33282
Error,33282
Error,32862
Error,17122
Error,19406
Error,15960
Error,12654
Error,33673
Error,32982
Error,38582
Error,43922
Error,18505
Error,21380
Error,16010
Error,13265
Error,34845
Error,40275
Error,58529
Error,48791
Error,24255
Error,29065
Error,13585
Error,19797
Error,59121
Error,47779
Error,47599
Error,46737
Error,20148
Error,24806
Error,15579
Error,16330
Error,43030
Error,42680
Error,47720
Error,53620
Error,22332
Error,26329
Error,13716
Error,18274
Error,44523
Error,51516
Error,50465
Error,43872
Error,21100
Error,26390
Error,19266
Error,16060
Error,54021
Error,43030
Error,41247
Error,41387
Error,19998
Error,25648
Error,14337
Error,17062
Error,42700
Error,47629
Error,42950
Error,50815
Error,21941
Error,26389
Error,19967
Error,16751
Error,44393
Error,50965
Error,50605
Error,43943
Error,21661
Error,26409
Error,17954
Error,15409
Error,53580
Error,42941
Error,41668
Error,41137
Error,22292
Error,26029
Error,15409
Error,16271
Error,47679
Error,42900
Error,41969
Error,51536
Error,22161
Error,26128
Error,19607
Error,16581
Error,44784
Error,52989
Error,50144
Error,43190
Error,20218
Error,25217
Error,17934
Error,15689
Error,50805
Error,49222
Error,42540
Error,41607
Error,20208
Error,24867
Error,15910
Error,18314
Error,42860
Error,42109
Error,41648
Error,53931
Error,21179
Error,25057
Error,18344
Error,15198
Error,43782
Error,51086
Error,48530
Error,42509
Error,20188
Error,24826
Error,18705
Error,15298
Error,51716
Error,49162
Error,42289
Error,41868
Error,20769
Error,26880
Error,18895
Error,15610
Error,43161
Error,50264
Error,41958
Error,43200
Error,19917
Error,25107
Error,18575
Error,15199
Error,43171
Error,49653
FindNodeRsp,26369
Error,41908
Error,41978
Error,20278
Error,24717
Error,12143
Error,16611
Error,49813
Error,43561
Error,41408
Error,48952
Error,22632
Error,25408
Error,57447
Error,48260
Error,43121
Error,39885
Error,47930
Error,60152
Error,20880
Error,23834
Error,23915
Error,12895
Error,16911
Error,43571
Error,49363
Error,52047
Error,42560
Error,20298
Error,25117
Error,18024
Error,15309
Error,50755
Error,43261
Error,42008
Error,40987
Error,22522
Error,26319
Error,11972
Error,18314
Error,47188
Error,42490
Error,49372
Error,49894
Error,21951
Error,25107
Error,17994
Error,15088
Error,43351
Error,49252
Error,49473
Error,41858
Error,98965
Error,25017
Error,17693
Error,15800
Error,51316
Error,43201
Error,41558
Error,44834
Error,20358
Error,25808
Error,23564
Error,16470
Error,43251
Error,41167
Error,41307
Error,49072
Error,21620
Error,24586
Error,17663
Error,15529
Error,43031
Error,50214
Error,49252
Error,42339
Error,20499
Error,24977
Error,18575
Error,15038
Error,51747
Error,42810
Error,51296
Error,20338
Error,25658
Error,112881
Error,20338
Error,16571
Error,51516
Error,43231
Error,41267
Error,50996
Error,20418
Error,25227
Error,17953
Error,15929
Error,44783
Error,41368
Error,48641
Error,42820
Error,20358
Error,25749
Error,18033
Error,15108
Error,42780
Error,49052
Error,41778
Error,46237
Error,20338
Error,25407
Error,18845
Error,15309
Error,291425
Error,109735
Error,46807
Error,52859
Error,22502
Error,35707
Error,24225
Error,37801
Error,71063
Error,51686
Error,54962
Error,44944
Error,20388
Error,27531
Error,65512
Error,34745
Error,44162
Error,54432
Error,43341
Error,40776
Error,19506
Error,28433
Error,58149
Error,14558
Error,55553
Error,40887
Error,39874
Error,50905
Error,19155
Error,28043
Error,63649
Error,31278
Error,45435
Error,40776
Error,52588
Error,42539
Error,18996
Error,26569
Error,57117
Error,22773
Error,46156
Error,54712
Error,43030
Error,41347
Error,18174
Error,26690
Error,58259
Error,26370
Error,53310
Error,41718
Error,39954
Error,47499
Error,18785
Error,26680
Error,65522
Error,32461
Error,44082
Error,40255
Error,47188
Error,47329
Error,18595
Error,26169
Error,62297
Error,31770
Error,44704
Error,49693
Error,44854
Error,40115
Error,18755
Error,26219
Error,55143
Error,19857
Error,54151
Error,41156
Error,39985
Error,39163
Error,18374
Error,25668
Error,61826
Error,27261
Error,44263
Error,40256
Error,47910
Error,46307
Error,18885
Error,26159
Error,60383
Error,29535
Error,44644
Error,49101
Error,47048
Error,45756
FindNodeRsp,26980
Error,19046
Error,29565
Error,59110
Error,27802
Error,48380
Error,42750
Error,53460
Error,50054
Error,20738
Error,28273
Error,55263
Error,26229
Error,44694
Error,48892
Error,40395
Error,43010
Error,20078
Error,28183
Error,57968
Error,26149
Error,55584
Error,42890
Error,41879
Error,44293
Error,20899
Error,28303
Error,62547
Error,26740
Error,46477
Error,41988
Error,50675
Error,50204
Error,20698
Error,28203
Error,56856
Error,25598
Error,45516
Error,48801
Error,40296
Error,41228
Error,19617
Error,26900
Error,58730
Error,27000
Error,55684
Error,40826
Error,39744
Error,39674
Error,21180
Error,28232
Error,20258
Error,21971
Error,47720
Error,43632
Error,50685
Error,48641
Error,19918
Error,27271
Error,54292
Error,19637
Error,46187
Error,48611
Error,40436
Error,39424
Error,19196
Error,27261
Error,61616
Error,30848
Error,54182
Error,40646
Error,39203
Error,38883
Error,21751
Error,28233
Error,66114
Error,34124
Error,46497
Error,41898
Error,52438
Error,49242
Error,20338
Error,27381
Error,58570
Error,29024
Error,47319
Error,50755
Error,48090
Error,40996
Error,19677
Error,26519
Error,55634
Error,26900
Error,53630
Error,44673
Error,40195
Error,42609
Error,20338
Error,27161
Error,65913
Error,33934
Error,44623
Error,40496
Error,48861
Error,50305
Error,20197
Error,27181
Error,55423
Error,26880
Error,45976
Error,50986
Error,46658
Error,39905
Error,29805
Error,27492
Error,55975
Error,27151
Error,53981
Error,40877
Error,39504
Error,39514
Error,18064
Error,26309
Error,66384
Error,34043
Error,44333
Error,39674
Error,39033
Error,47779
Error,18866
Error,26088
Error,57988
Error,27742
Error,44133
Error,48590
Error,55233
Error,43651
Error,20609
Error,27492
Error,55634
Error,17062
Error,56005
Error,41578
Error,39384
Error,39464
Error,19566
Error,28894
Error,63739
Error,30737
Error,45535
Error,41257
Error,40276
Error,47229
Error,18745
Error,26460
Error,67226
Error,27572
Error,45665
Error,48591
Error,46998
Error,40235
Error,18244
Error,26470
Error,55955
Error,24706
Error,54082
Error,40405
Error,39424
Error,39344
Error,18034
Error,26339
Error,62286
Error,29054
Error,44613
Error,39103
Error,39013
Error,54792
Error,21280
Error,29896
Error,56135
Error,27902
Error,45225
Error,48240
Error,52358
Error,48711
Error,21319
Error,27231
Error,58109
Error,28133
Error,45986
Error,48540
Error,46707
Error,39795
Error,18275
Error,26159
Error,57688
Error,27481
Error,49382
Error,41648
Error,49823
Error,42229
Error,19546
Error,28955
Error,55264
Error,22582
Error,46277
Error,49824
Error,41107
Error,40435
Error,19757
Error,27672
Error,55273
Error,22562
Error,45946
Error,50194
Error,40515
Error,39374
Error,22743
Error,29345
Error,55644
Error,27491
Error,46166
Error,52689
Error,41197
Error,40687
Error,19587
Error,28273
Error,62476
Error,29865
Error,53750
Error,42660
Error,39434
Error,47318
Error,18404
Error,25688
Error,60143
Error,33312
Error,47509
Error,49492
Error,40236
Error,45766
Error,19697
Error,28153
Error,57908
Error,27572
Error,46697
Error,41278
Error,49953
Error,41648
Error,18655
Error,26359
Error,56195
Error,27351
Error,45074
Error,41227
Error,47910
Error,40426
Error,18454
Error,26530
Error,57578
Error,27501
Error,55263
Error,61876
Error,41327
Error,39804
Error,18274
Error,26680
Error,62938
Error,30177
Error,52859
Error,40706
Error,39143
Error,55795
Error,20038
Error,26650
Error,56275
Error,27171
Error,45355
Error,39914
Error,49011
Error,40616
Error,18255
Error,26720
Error,60774
Error,28724
Error,57368
Error,49383
Error,41808
Error,41327
Error,19356
Error,27061
Error,57628
Error,26660
Error,46667
Error,40726
Error,50995
Error,40816
Error,17964
Error,33022
Error,124673
Error,89547
Error,53189
Error,47298
Error,39824
Error,39564
Error,18064
Error,25228
Error,62688
Error,29385
Error,44493
Error,63388
Error,63238
Error,21570
Error,68738
Error,29215
Error,14777
Error,17272
Error,52348
Error,42810
Error,41247
Error,46838
Error,22602
Error,28102
Error,43722
Error,18024
Error,42780
Error,58690
Error,53460
Error,61905
Error,23854
Error,27341
Error,32180
Error,17172
Error,52979
Error,55183
Error,45044
Error,53440
Error,21761
Error,25637
Error,49933
Error,34645
Error,45305
Error,41918
Error,49052
Error,41788
Error,19937
Error,24075
Error,33131
Error,10019
Error,43662
Error,51857
Error,41918
Error,42199
Error,18264
Error,23775
Error,32651
Error,9698
Error,51576
Error,48040
Error,44053
Error,51597
Error,21150
Error,27321
Error,34604
Error,10990
Error,44604
Error,44072
Error,48381
Error,48300
Error,20017
Error,25137
Error,31909
Error,9317
Error,44774
Error,51126
Error,43070
Error,40455
Error,19757
Error,24055
Error,31749
Error,9728
Error,54782
Error,54662
Error,42269
Error,40676
Error,18064
Error,23885
Error,40155
Error,18675
Error,43411
Error,46467
Error,54101
Error,52919
Error,21690
Error,26790
Error,19887
Error,15188
Error,45505
Error,45495
Error,60022
Error,45105
Error,18334
Error,23464
Error,14437
Error,15459
Error,41989
Error,66223
Error,43691
Error,39864
Error,17974
Error,24356
Error,14618
Error,14878
Error,47860
Error,39975
Error,39584
Error,45795
Error,18535
Error,25327
Error,19536
Error,15148
Error,41428
Error,40245
Error,46837
Error,40355
Error,19065
Error,22902
Error,15860
Error,15439
Error,42780
Error,49453
Error,47128
Error,43632
Error,20178
Error,25418
Error,32300
Error,18465
Error,53060
Error,42850
Error,45505
Error,49403
Error,19917
Error,25467
Error,53079
Error,30267
Error,45144
Error,51486
Error,46497
Error,45505
Error,23654
Error,32431
Error,67166
Error,46597
Error,51616
Error,67867
Error,48991
Error,50184
Error,25338
Error,33293
Error,58179
Error,37159
Error,46697
Error,53049
Error,49834
Error,44653
Error,21320
Error,28112
Error,63328
Error,47769
Error,52678
Error,43270
Error,43331
Error,48491
Error,21730
Error,28473
Error,54382
Error,32911
Error,50214
Error,43942
Error,52057
Error,51827
Error,22111
Error,29204
Error,52889
Error,33493
Error,46347
Error,41818
Error,42590
Error,49472
Error,22672
Error,28363
Error,49713
Error,29205
Error,46898
Error,44272
Error,51637
Error,43712
Error,20749
Error,28543
Error,50975
Error,32210
Error,45244
Error,42289
Error,55043
Error,45775
Error,23615
Error,29355
Error,53640
Error,37039
Error,54281
Error,50084
Error,42219
Error,42850
Error,20980
Error,29535
Error,49252
Error,32501
Error,47429
Error,51386
Error,44203
Error,42389
Error,22111
Error,27521
Error,48410
Error,30557
Error,52638
Error,42639
Error,42078
Error,47709
Error,22512
Error,31940
Error,67787
Error,48611
Error,49913
Error,46447
Error,45234
Error,52248
Error,22812
Error,29555
Error,59270
Error,38863
Error,50314
Error,45164
Error,52328
Error,51115
Error,23604
Error,30787
Error,51285
Error,33573
Error,47298
Error,52348
Error,44393
Error,50244
Error,23815
Error,31920
Error,51246
Error,29105
Error,59160
Error,45976
Error,45986
Error,43151
Error,21610
Error,29495
Error,58680
Error,35938
Error,48992
Error,46326
Error,51616
Error,50575
Error,23775
Error,30377
Error,51186
Error,28764
Error,47980
Error,53881
Error,44012
Error,51155
Error,24096
Error,31508
Error,51426
Error,29405
Error,50174
Error,54622
Error,45235
Error,46006
Error,23093
Error,28944
Error,51015
Error,33192
Error,56175
Error,44984
Error,45355
Error,53119
Error,23353
Error,30406
Error,51446
Error,32821
Error,47319
Error,53570
Error,44564
Error,54963
Error,23264
Error,30527
Error,61715
Error,27101
Error,50043
Error,44704
Error,43532
Error,51636
Error,22482
Error,30537
Error,49923
Error,24806
Error,50524
Error,44403
Error,52558
Error,46357
Error,21971
Error,29806
Error,49292
Error,24335
Error,49252
Error,44072
Error,53009
Error,51977
Error,23694
Error,30327
Error,46487
Error,22022
Error,52638
Error,56836
Error,45885
Error,46036
Error,21540
Error,33973
Error,63429
Error,27762
Error,54752
Error,48842
Error,60032
Error,49653
Error,24426
Error,34685
Error,63138
Error,28423
Error,55814
Error,58720
Error,44814
Error,45655
Error,25207
Error,31679
Error,48802
Error,23814
Error,52248
Error,55714
Error,53590
Error,45946
Error,21260
Error,30256
Error,50895
Error,24566
Error,58379
Error,51687
Error,45224
Error,43391
Error,21300
Error,31669
Error,49322
Error,23033
Error,51777
Error,53470
Error,44213
Error,44063
Error,22612
Error,31058
Error,50294
Error,22873
Error,49663
Error,44904
Error,52739
Error,44233
Error,21710
Error,30427
Error,49763
Error,22362
Error,57618
Error,54702
Error,45475
Error,44363
Error,21390
Error,30026
Error,58520
Error,24957
Error,56516
Error,45846
Error,44994
Error,51957
Error,22122
Error,37801
Error,49493
Error,23374
Error,51887
Error,43952
Error,52267
Error,44313
Error,21380
Error,30858
Error,43661
Error,24576
Error,58460
Error,51476
Error,44222
Error,43411
Error,21941
Error,30166
Error,58750
Error,26119
Error,56145
Error,44423
Error,43251
Error,52318
Error,22332
Error,29315
Error,63318
Error,25538
Error,51195
Error,53720
Error,44944
Error,44113
Error,22001
Error,29606
Error,57086
Error,27952
Error,49432
Error,102942
Error,61705
Error,44784
Error,21240
Error,31259
Error,48882
Error,24155
Error,58178
Error,44383
Error,43731
Error,44443
Error,22362
Error,29796
Error,51666
Error,24295
Error,51235
Error,44674
Error,43402
Error,54521
Error,21700
Error,30066
Error,60072
Error,25698
Error,48811
Error,44504
Error,52247
Error,44623
Error,21460
FindNodeReq,59180
Error,44493
Error,129832
Error,97282
Error,47890
Error,52558
Error,44774
Error,66104
Error,23605
Error,34114
Error,47128
Error,22222
Error,61254
Error,47589
Error,51336
Error,45084
Error,22883
Error,31990
Error,51186
Error,22873
Error,59752
Error,53510
Error,44062
Error,43211
Error,21209
Error,31088
Error,56025
Error,23675
Error,49844
Error,44924
Error,43161
Error,52327
Error,21560
Error,39574
Error,49702
Error,21961
Error,51076
Error,46167
Error,53990
Error,44534
Error,22782
Error,31048
Error,54252
Error,21981
Error,57918
Error,44413
Error,50104
Error,44763
Error,21179
Error,30507
Error,54642
Error,22381
Error,61084
Error,47569
Error,52107
Error,43982
Error,21169
Error,29946
Error,86542
Error,40896
Error,49884
Error,44022
Error,52408
Error,50514
Error,21500
Error,29335
Error,56596
Error,22782
Error,48300
Error,51827
Error,44013
Error,43542
Error,21721
Error,29976
Error,53129
Error,22352
Error,56856
Error,44944
Error,43261
Error,50945
Error,21520
Error,29245
Error,63108
Error,27612
Error,58339
Error,43532
Error,52498
Error,44193
Error,20739
Error,30096
Error,54362
Error,22392
Error,56676
Error,46317
Error,44724
Error,51707
Error,22872
Error,29635
Error,55704
Error,22823
Error,48490
Error,43782
Error,52448
Error,43452
Error,22492
Error,29766
Error,57077
Error,21851
Error,48290
Error,61185
Error,47238
Error,46527
Error,23524
Error,29856
Error,55594
Error,22652
Error,57086
Error,44352
Error,43081
Error,54602
Error,21280
Error,31429
Error,53500
Error,22572
Error,49933
Error,53059
Error,45104
Error,44132
Error,20999
Error,28994
Error,55514
Error,21259
Error,47919
Error,43211
Error,49693
Error,46056
Error,22843
Error,33803
Error,60914
Error,28653
Error,58619
Error,52047
Error,44433
Error,44363
Error,22131
Error,30797
Error,54272
Error,22091
Error,48711
Error,43261
Error,51226
Error,44323
Error,23123
Error,30928
Error,55794
Error,21771
Error,47889
Error,51747
Error,43391
Error,52428
Error,21991
Error,29675
Error,55895
Error,22342
Error,47479
Error,43030
Error,43532
Error,43361
Error,21230
Error,29214
Error,53770
Error,23003
Error,48049
Error,53069
Error,43372
Error,43652
Error,20829
Error,29585
Error,55604
Error,25106
Error,57508
Error,44734
Error,42469
Error,49913
Error,21109
Error,31118
Error,57126
Error,21951
Error,58109
Error,44153
Error,43702
Error,49302
Error,22051
Error,29435
Error,57738
Error,25287
Error,48771
Error,43541
Error,42399
Error,52589
Error,21621
Error,29164
Error,55304
Error,23143
Error,48411
Error,52868
Error,51696
Error,44313
Error,21230
Error,28994
Error,59962
Error,22822
Error,56616
Error,55133
Error,43561
Error,43301
Error,21150
Error,29015
Error,57457
Error,22552
Error,49423
Error,43772
Error,42649
Error,52508
Error,21421
Error,30106
Error,58008
Error,23244
Error,48341
Error,52228
Error,50484
Error,43421
Error,21981
Error,29205
Error,57097
Error,26049
Error,61465
Error,51426
Error,43301
Error,48410
Error,20819
Error,29445
Error,62918
Error,26399
Error,49332
Error,45435
Error,52238
Error,44523
Error,20899
Error,30637
Error,55223
Error,23243
Error,48992
Error,52448
Error,45245
Error,51206
Error,21430
Error,29055
Error,55073
Error,26419
Error,48711
Error,57878
Error,53219
Error,47328
Error,26530
Error,30847
Error,57918
Error,21691
Error,50394
Error,53851
Error,42980
Error,43682
Error,20829
Error,30737
Error,53710
Error,22672
Error,49383
Error,43872
Error,53410
Error,55193
Error,22622
Error,29616
Error,62327
Error,27572
Error,48431
Error,51286
Error,47619
Error,42940
Error,23303
Error,31439
Error,60613
Error,27431
Error,58379
Error,45254
Error,43672
Error,43441
Error,20789
Error,30718
Error,55895
Error,22152
Error,49883
Error,54632
Error,46998
Error,45014
Error,23604
Error,31158
Error,65753
Error,31890
Error,49353
Error,43772
Error,55684
Error,45926
Error,21540
Error,29445
Error,61124
Error,28103
Error,56806
Error,45405
Error,42780
Error,43170
Error,20729
Error,28794
Error,54141
Error,24676
Error,49362
Error,43391
Error,42560
Error,42550
Error,20488
Error,28884
Error,62236
Error,34785
Error,83276
Error,51947
Error,43090
Error,49643
Error,23714
Error,35586
Error,74099
Error,45936
Error,49493
Error,43852
Error,44834
Error,43762
Error,20618
Error,29305
Error,55474
Error,22883
Error,48470
Error,42009
Error,41748
Error,52187
Error,22613
Error,29956
Error,63799
Error,29565
Error,48781
Error,43291
Error,50164
Error,60824
Error,24125
Error,29215
Error,61345
Error,28934
Error,48731
Error,41908
Error,41968
Error,52037
Error,22692
Error,29525
Error,54572
Error,22963
Error,49112
Error,43301
Error,42860
Error,43101
Error,21070
Error,29486
Error,53751
Error,21951
Error,47579
Error,42429
Error,51226
Error,42489
Error,22893
Error,30687
Error,55023
Error,22762
Error,59532
Error,45075
Error,50134
Error,43742
Error,20478
Error,28974
Error,62416
Error,28994
Error,48601
Error,42720
Error,42009
Error,42600
Error,23644
Error,30547
Error,62437
Error,28232
Error,49262
Error,42319
Error,42970
Error,51035
Error,26229
Error,31609
Error,56816
Error,11341
Error,51847
Error,46838
Error,57768
Error,45505
Error,22362
Error,30197
Error,54672
Error,22843
Error,50615
Error,43642
Error,41959
Error,50244
Error,23093
Error,30116
Error,63859
Error,27922
Error,48861
Error,50785
Error,43201
Error,41718
Error,21791
Error,29695
Error,62937
Error,28994
Error,49012
Error,43151
Error,52348
Error,50374
Error,21510
Error,29385
Error,62307
Error,29034
Error,48921
Error,43782
Error,53209
Error,49863
Error,21811
Error,28793
Error,53129
Error,22281
Error,48861
Error,41909
Error,41698
Error,50614
Error,22312
Error,33302
Error,52799
Error,21951
Error,51647
Error,46327
Error,52859
Error,44604
Error,23273
Error,28563
Error,55724
Error,21400
Error,47569
Error,42970
Error,51286
Error,43852
Error,23063
Error,30236
Error,55614
Error,22833
Error,48922
Error,43651
Error,44202
Error,50825
Error,21701
Error,29626
Error,55855
Error,22782
Error,48300
Error,52267
Error,49302
Error,43211
Error,21110
Error,29405
Error,57137
Error,28914
Error,48310
Error,51747
Error,49362
Error,42960
Error,21621
Error,29015
Error,54131
Error,21701
Error,48500
Error,43341
Error,51196
Error,51215
Error,22332
Error,29165
Error,71113
Error,34004
Error,49653
Error,52649
Error,44553
Error,42610
Error,21250
Error,28974
Error,54812
Error,21951
Error,57177
Error,43862
Error,42770
Error,42680
Error,21099
Error,28954
Error,61345
Error,29465
Error,48060
Error,43110
Error,52489
Error,49693
Error,21961
Error,28824
Error,54572
Error,26279
Error,52809
Error,62026
Error,52869
Error,46146
Error,22743
Error,30256
Error,55173
Error,22793
Error,49352
Error,53289
Error,44794
Error,42890
Error,21420
Error,30627
Error,54141
Error,22342
Error,49102
Error,53440
Error,45104
Error,43291
Error,21110
Error,28784
Error,55393
Error,22462
Error,65963
Error,46868
Error,42509
Error,50114
Error,22001
Error,29505
Error,52989
Error,22161
Error,47269
Error,52177
Error,43341
Error,42569
Error,21410
Error,29265
Error,52377
Error,21701
Error,47629
Error,42580
Error,41798
Error,51376
Error,22112
Error,28934
Error,54682
Error,22161
Error,48401
Error,47508
Error,46798
Error,45385
Error,26009
Error,29936
Error,56215
Error,22351
Error,51015
Error,51636
Error,43040
Error,41728
Error,22532
Error,30397
Error,55634
Error,28093
Error,58139
Error,44593
Error,43612
Error,50364
Error,22743
Error,29164
Error,56285
Error,27000
Error,49963
Error,57688
Error,53500
Error,44854
Error,22321
Error,30817
Error,57568
Error,26319
Error,48671
Error,56256
Error,46156
Error,43451
Error,22502
Error,30988
Error,48410
Error,22893
Error,57057
Error,45876
Error,43502
Error,50174
Error,22371
Error,29695
Error,58279
Error,25928
Error,48681
Error,44433
Error,51527
Error,61596
Error,23484
Error,30256
Error,48441
Error,22883
Error,49603
Error,52779
Error,44803
Error,44092
Error,21721
Error,30246
Error,47479
Error,22692
Error,49333
Error,52839
Error,44603
Error,43902
Error,22973
Error,30387
Error,49763
Error,24195
Error,58249
Error,45124
Error,44223
FindNodeReq,47068
Error,46958
Error,21911
Error,29505
Error,33383
Error,26088
Error,55414
Error,44293
Error,43602
Error,49993
Error,23333
Error,27451
Error,25919
Error,18294
Error,46677
Error,43120
Error,51667
Error,43582
Error,21280
Error,26931
Error,31870
Error,25298
Error,47840
Error,52769
Error,44373
Error,43151
Error,22021
Error,27141
Error,33182
Error,27822
Error,54171
Error,56085
Error,44413
Error,43461
Error,22352
Error,30026
Error,43491
Error,20819
Error,49903
Error,45134
Error,48761
Error,41969
Error,21761
Error,26028
Error,23133
Error,17754
Error,44012
Error,43351
Error,53029
Error,45605
Error,22723
Error,27011
Error,33473
Error,26069
Error,46647
Error,52108
Error,50835
Error,50966
Error,24296
Error,29134
Error,51035
Error,49863
Error,56906
Error,55514
Error,48821
Error,46757
Error,25037
Error,28443
Error,16531
Error,17473
Error,44143
Error,50094
Error,43642
Error,48330
Error,22332
Error,27432
Error,16731
Error,17262
Error,42429
Error,53440
Error,46196
Error,45575
Error,22482
Error,32090
Error,17984
Error,20629
Error,52839
Error,45465
Error,44052
Error,51006
Error,22893
Error,28854
Error,19747
Error,19116
Error,44343
Error,41988
Error,50604
Error,45545
Error,21981
Error,26961
Error,17252
Error,19125
Error,44013
Error,52538
Error,43180
Error,43240
Error,21691
Error,25938
Error,16560
Error,17513
Error,42870
Error,57037
Error,45856
Error,45315
Error,23003
Error,27482
Error,30928
Error,21881
Error,45695
Error,42800
Error,42920
Error,53510
Error,21891
Error,25978
Error,15799
Error,17463
Error,43912
Error,50375
Error,50424
Error,44092
Error,20509
Error,25868
Error,16851
Error,17653
Error,50284
Error,49282
Error,42640
Error,44093
Error,24326
Error,27752
Error,15829
Error,20398
Error,45295
Error,51857
Error,43862
Error,42900
Error,21851
Error,26910
Error,16621
Error,17553
Error,44813
Error,49973
Error,43220
Error,44684
Error,21370
Error,27601
Error,21260
Error,18705
Error,52278
Error,44834
Error,43291
Error,50625
Error,22682
Error,28033
Error,41909
Error,28984
Error,54893
Error,45906
Error,43281
Error,51456
Error,22311
Error,28753
Error,35126
Error,12223
Error,49212
Error,45746
Error,55444
Error,42209
Error,20358
Error,26148
Error,14718
Error,17453
Error,53329
Error,49884
Error,42670
Error,44212
Error,20849
Error,25958
Error,22612
Error,15399
Error,51246
Error,42219
Error,42609
Error,51076
Error,21330
Error,25528
Error,31930
Error,19106
Error,45475
Error,43421
Error,58138
Error,43741
Error,22001
Error,25768
Error,25688
Error,17633
Error,43701
Error,42038
Error,51376
Error,45996
Error,22391
Error,26390
Error,16762
Error,17583
Error,43161
Error,41949
Error,48902
Error,53660
Error,21631
Error,26360
Error,15339
Error,18465
Error,43361
Error,48741
Error,42690
Error,41978
Error,20879
Error,26950
Error,17313
Error,18073
Error,54682
Error,42430
Error,41848
Error,45134
Error,20859
Error,26109
Error,18345
Error,17723
Error,42249
Error,41688
Error,40806
Error,46607
Error,21490
Error,25688
Error,21230
Error,17713
Error,49232
Error,43241
Error,44843
Error,42168
Error,21320
Error,26019
Error,31499
Error,21059
Error,52217
Error,42599
Error,41698
Error,41839
Error,20939
Error,25718
Error,21510
Error,17923
Error,42299
Error,42028
Error,41958
Error,47880
Error,20960
Error,25718
Error,18414
Error,17542
Error,42790
Error,42830
Error,49202
Error,51196
Error,25417
Error,29324
Error,34945
Error,20138
Error,49723
Error,53621
Error,51737
Error,45315
Error,21411
Error,27031
Error,38161
Error,18154
Error,53340
Error,44353
Error,44443
Error,42229
Error,23214
Error,29536
Error,47268
Error,24967
Error,50113
Error,44834
Error,47058
Error,40546
Error,27521
Error,27572
Error,17794
Error,19126
Error,44774
Error,52759
Error,43882
Error,21771
Error,51757
Error,24677
Error,21671
Error,18054
Error,43090
Error,49573
Error,42880
Error,41608
Error,21751
Error,26890
Error,22122
Error,172242
Error,54432
Error,44032
Error,49673
Error,50444
Error,20408
Error,25538
Error,18024
Error,17693
Error,42509
Error,48610
Error,47489
Error,42289
Error,19536
Error,25137
Error,17553
Error,17102
Error,50665
Error,41948
Error,41848
Error,40886
Error,19526
Error,24727
Error,23835
Error,16200
Error,42469
Error,41258
Error,40385
Error,46507
Error,19627
Error,26720
Error,15118
Error,22051
Error,46327
Error,50685
Error,48531
Error,41638
Error,21530
Error,26931
Error,17553
Error,17262
Error,43071
Error,42770
Error,49553
Error,42038
Error,20818
Error,25728
Error,16000
Error,17613
Error,42499
Error,49813
Error,42379
Error,42730
Error,20348
Error,26340
Error,18885
Error,18915
Error,54472
Error,51266
Error,45004
Error,48951
Error,21380
Error,26339
Error,39504
Error,22713
Error,46447
Error,51306
Error,45786
Error,44583
Error,21600
Error,27431
Error,34284
Error,21350
Error,55865
Error,46086
Error,45024
Error,53730
Error,23555
Error,27171
Error,14096
Error,16641
Error,52588
Error,43361
Error,44644
Error,57948
Error,23434
Error,28593
Error,33112
Error,11641
Error,43631
Error,40415
Error,48731
Error,39694
Error,18274
Error,23053
Error,17984
Error,15930
Error,42269
Error,48761
Error,41157
Error,44023
Error,19195
Error,23153
Error,16220
Error,14697
Error,48300
Error,46296
Error,39785
Error,39434
Error,17673
Error,26329
Error,23685
Error,14156
Error,44052
Error,48310
Error,40857
Error,40847
Error,20909
Error,22863
Error,30147
Error,9368
Error,41197
Error,46146
Error,40015
Error,39684
Error,19116
Error,24255
Error,24996
Error,15660
Error,50164
Error,41238
Error,39243
Error,45525
Error,18194
Error,22332
Error,34214
Error,11441
Error,41728
Error,47899
Error,47830
Error,39854
Error,17934
Error,22823
Error,29996
Error,11401
Error,42009
Error,49573
Error,39484
Error,39073
Error,17954
Error,23183
Error,17613
Error,14658
Error,47760
Error,40075
Error,39314
Error,45756
Error,18435
Error,22482
Error,38682
Error,12082
Error,41558
Error,39804
Error,38923
Error,38812
Error,18053
Error,23754
Error,27772
Error,13055
Error,49192
Error,40255
Error,39243
Error,49382
Error,19476
Error,24165
Error,40105
Error,28233
Error,43822
Error,41728
Error,49362
Error,41929
Error,19316
Error,23935
Error,33823
Error,19226
Error,43391
Error,55985
Error,41748
Error,40986
Error,18865
Error,24085
Error,33452
Error,18515
Error,51245
Error,45144
Error,41838
Error,48261
Error,19577
Error,24175
Error,32631
Error,19206
Error,44563
Error,51066
Error,43111
Error,42970
Error,20268
Error,24116
Error,32761
Error,19136
Error,44212
Error,49182
Error,42089
Error,41568
Error,19066
Error,24385
Error,31950
Error,19075
Error,44694
Error,49814
Error,41768
Error,43131
Error,20449
Error,25378
Error,40315
Error,23474
Error,54823
Error,43862
Error,42950
Error,48541
Error,20058
Error,24145
Error,38802
Error,28353
Error,43381
Error,43000
Error,42590
Error,42750
Error,18975
Error,24055
Error,33031
Error,16772
Error,44253
Error,41988
Error,50014
Error,43842
Error,19246
Error,24787
Error,42560
Error,28523
Error,43792
Error,42029
Error,50464
Error,42580
Error,19306
Error,24495
Error,33463
Error,18284
Error,51927
Error,48801
Error,41258
Error,40947
Error,19176
Error,24466
Error,40446
Error,28273
Error,50674
Error,42780
Error,42970
Error,49563
Error,19477
Error,23574
Error,34394
Error,19336
Error,43572
Error,45796
Error,51827
Error,42188
Error,20518
Error,25748
Error,34685
Error,15499
Error,43311
Error,41578
Error,49102
Error,49703
Error,23774
Error,27371
Error,42108
Error,31239
Error,49383
Error,56155
Error,57327
Error,46848
Error,21791
Error,27401
Error,42500
Error,31610
Error,62116
Error,48020
Error,43972
Error,41447
Error,18705
Error,24396
Error,48691
Error,40576
Error,43271
Error,41047
Error,41548
Error,41157
Error,18725
Error,24196
Error,36638
Error,24315
Error,52509
Error,42729
Error,41137
Error,48952
Error,19917
Error,24346
Error,35236
Error,23464
Error,43040
Error,49894
Error,41527
Error,44944
Error,19917
Error,25768
Error,41517
Error,30617
Error,44724
Error,42309
Error,41808
Error,49232
Error,19547
Error,24255
Error,36839
Error,23354
Error,43962
Error,42079
Error,49633
Error,48180
Error,19397
Error,24205
Error,35797
Error,25507
Error,43922
Error,41628
Error,50144
Error,41658
Error,19015
Error,25057
Error,33102
Error,20488
Error,50735
Error,41718
Error,43621
Error,48510
Error,21770
Error,30798
Error,45515
Error,22402
Error,42910
Error,40646
Error,48281
Error,41528
Error,18405
Error,23124
Error,29314
Error,14047
Error,48791
Error,41047
Error,39113
Error,45104
Error,18835
Error,22663
Error,40436
Error,17904
Error,42319
Error,39403
Error,45735
Error,46306
Error,18845
Error,23013
Error,23574
Error,15028
Error,40275
Error,46748
Error,39774
Error,39233
Error,18154
Error,23133
Error,30827
Error,16441
Error,41508
Error,41828
Error,49112
Error,41648
Error,19296
Error,24906
Error,34264
Error,20188
Error,43922
Error,44082
Error,41658
Error,40676
Error,19347
Error,24395
Error,32951
Error,19426
Error,43602
Error,41598
Error,50484
Error,42369
Error,18916
Error,24406
Error,17222
Error,20328
Error,43822
Error,42199
Error,50344
Error,41657
Error,21750
Error,25307
Error,68138
Error,59001
Error,65823
Error,58089
Error,44995
Error,42830
Error,27381
Error,27090
Error,20639
Error,18334
Error,46887
Error,54402
Error,58629
Error,44083
Error,19296
Error,23294
Error,16480
Error,16481
Error,44012
Error,48601
Error,40626
Error,39303
Error,18675
Error,23233
Error,17383
Error,14397
Error,48060
Error,43561
Error,40585
Error,45676
Error,18635
Error,23053
Error,17633
Error,15409
Error,41518
Error,47659
Error,39974
Error,38372
Error,18836
Error,23254
Error,20118
Error,15680
Error,40846
Error,40325
Error,39705
Error,46827
Error,19086
Error,23625
Error,14748
Error,15439
Error,40857
Error,42629
Error,48200
Error,40526
Error,19246
Error,23224
Error,11802
Error,16200
Error,53430
Error,48771
Error,41237
Error,40075
Error,19386
Error,23754
Error,18104
Error,14947
Error,40606
Error,47849
Error,42289
Error,43351
Error,20217
Error,26059
Error,46266
Error,44373
Error,53280
Error,48721
Error,43411
Error,50946
Error,21460
Error,27792
Error,70843
Error,59822
Error,43642
Error,40696
Error,49403
Error,41447
Error,19837
Error,26149
Error,74739
Error,59972
Error,44373
Error,56446
Error,41447
Error,41508
Error,19326
Error,33533
Error,91321
Error,77364
Error,53179
Error,42309
Error,48461
Error,52618
Error,21991
Error,66033
Error,177041
Error,168225
Error,92584
Error,54522
Error,65413
Error,51095
Error,41999
Error,21420
Error,24926
Error,61114
Error,49362
Error,98364
Error,40356
Error,38332
Error,47189
Error,19837
Error,18534
Error,21430
Error,55363
Error,36308
Error,42079
FindNodeRsp,18495
Error,40084
Error,46587
Error,40386
Error,18755
Error,33883
Error,86261
Error,64701
Error,44793
Error,38562
FindNodeReq,49202
Error,42600
Error,48801
Error,20088
Error,24245
Error,49492
Error,26360
Error,49662
Error,47619
Error,39734
Error,40275
Error,19807
Error,28694
Error,78316
Error,56266
Error,43141
Error,48741
Error,40486
Error,38943
Error,17884
Error,24616
Error,55363
Error,35025
Error,45224
Error,50103
Error,39344
Error,38853
Error,18865
Error,24455
Error,50144
Error,30908
Error,42620
Error,39724
Error,47028
Error,39714
Error,18394
Error,24436
Error,48541
Error,25016
Error,52458
Error,46567
Error,40015
Error,38963
Error,17563
Error,29545
Error,99877
Error,96069
Error,53460
Error,42810
Error,41738
Error,48250
Error,19576
Error,25939
Error,66555
Error,51456
Error,44553
Error,50965
Error,41918
Error,41277
Error,20007
Error,26430
Error,66845
Error,51496
Error,53169
Error,42519
Error,41287
Error,49383
Error,20078
Error,26149
Error,74048
Error,61334
Error,49683
Error,44854
Error,52729
Error,44073
Error,20609
Error,26610
Error,67126
Error,52919
Error,44383
Error,49683
Error,42219
Error,42389
Error,21760
Error,27932
Error,64170
Error,48711
Error,44894
Error,44613
Error,49142
Error,44383
Error,20829
Error,28433
Error,57859
Error,37520
Error,47840
Error,41899
Error,56585
Error,42459
Error,19396
Error,24897
Error,53510
Error,28353
Error,42009
Error,39113
Error,47239
Error,41668
Error,19626
Error,26139
Error,57958
Error,36809
Error,51826
Error,48350
Error,41558
Error,39644
Error,18154
Error,24486
Error,56977
Error,36138
Error,47599
Error,43542
Error,52608
Error,48290
Error,19657
Error,25658
Error,49512
Error,26089
Error,52578
Error,46807
Error,44994
Error,44613
Error,21821
Error,29565
Error,77344
Error,56415
Error,49493
Error,44483
Error,52097
Error,39885
Error,17863
Error,25047
Error,61846
Error,39945
Error,51636
Error,48119
Error,43842
Error,39564
Error,19356
Error,25908
Error,74439
Error,61134
Error,44714
Error,42169
Error,41878
Error,49632
Error,19797
Error,26429
Error,66214
Error,50675
Error,43772
Error,42209
Error,50775
Error,42119
Error,19667
Error,26269
Error,72485
Error,54572
Error,53110
Error,49172
Error,44944
Error,41848
Error,20889
Error,28433
Error,69009
Error,53700
Error,46076
Error,40045
Error,53730
Error,46367
Error,20669
Error,27452
Error,56466
Error,35726
Error,50685
Error,47479
Error,40436
Error,40806
Error,18004
Error,33672
Error,58810
Error,37260
Error,49773
Error,43391
Error,41588
Error,40596
Error,18123
Error,25217
Error,48029
Error,25708
Error,49984
Error,41348
Error,40756
Error,39924
Error,18074
Error,24406
Error,57247
Error,35296
Error,41868
Error,40315
Error,47088
Error,45555
Error,18885
Error,24837
Error,53450
Error,32551
Error,42981
Error,48300
Error,45755
Error,40776
Error,18284
Error,24737
Error,53670
Error,32170
Error,50365
Error,40185
Error,39524
Error,38853
Error,18234
Error,24977
Error,57347
Error,35035
Error,42740
Error,40105
Error,39373
Error,46527
Error,19236
Error,24776
Error,54562
Error,44584
Error,45185
Error,40576
Error,47639
Error,46527
Error,18585
Error,26399
Error,66424
Error,53059
Error,44343
Error,52068
Error,42580
Error,41468
Error,19266
Error,26359
Error,66334
Error,51376
Error,60744
Error,42549
Error,43491
Error,42189
Error,19316
Error,25949
Error,82985
Error,65463
Error,50705
Error,45706
Error,53280
Error,51927
Error,21791
Error,29815
Error,69941
Error,48461
Error,49713
Error,56656
Error,52307
Error,39284
Error,20869
Error,28353
Error,70031
Error,48261
Error,43191
Error,49052
Error,41638
Error,39594
Error,18124
Error,24646
Error,53621
Error,35266
Error,56716
Error,43662
Error,42469
Error,49182
Error,20368
Error,24085
Error,53751
Error,35767
Error,42189
Error,43071
Error,40406
Error,49983
Error,20529
Error,26159
Error,53409
Error,35717
Error,43391
Error,50254
Error,41888
Error,40385
Error,18434
Error,24646
Error,48841
Error,26209
Error,56285
Error,43311
Error,42119
Error,41177
Error,19677
Error,25648
Error,58700
Error,35817
Error,43151
Error,40896
Error,48411
Error,46267
Error,18454
Error,24236
Error,46968
Error,24806
Error,42149
Error,49423
Error,42519
Error,41027
Error,18154
Error,24586
Error,53881
Error,31970
Error,59040
Error,44353
Error,41758
Error,43882
Error,18244
Error,24796
Error,57417
Error,35757
Error,44063
Error,40075
Error,53099
Error,43461
Error,20689
Error,27902
Error,67035
Error,53250
Error,54752
Error,42760
Error,41848
Error,49232
Error,20088
Error,26119
Error,73086
Error,57387
Error,50445
Error,45365
Error,53991
Error,45265
Error,20990
Error,28954
Error,58369
Error,37491
Error,48992
Error,55063
Error,45696
Error,45646
Error,22151
Error,29856
Error,73086
Error,51086
Error,51747
Error,41718
Error,40295
Error,46387
Error,19186
Error,25248
Error,62006
Error,43241
Error,43491
Error,39494
Error,47679
Error,40386
Error,17804
Error,25167
Error,47920
Error,25868
Error,50314
Error,45595
Error,40766
Error,39453
Error,18244
Error,24566
Error,59111
Error,37200
Error,42660
Error,39884
Error,40025
Error,46587
Error,18575
Error,23765
Error,51045
Error,33563
Error,45084
Error,41938
Error,50875
Error,21220
Error,71895
Error,24276
Error,48741
Error,28142
Error,44242
Error,51797
Error,46878
Error,41758
Error,18024
Error,26058
Error,48881
Error,26660
Error,43611
Error,49913
Error,47058
Error,41828
Error,18675
Error,24335
Error,52859
Error,31169
Error,50875
Error,40636
Error,47258
Error,42619
Error,20699
Error,26620
Error,62457
Error,54011
Error,43371
Error,40917
Error,40626
Error,81001
Error,20698
Error,26019
Error,49933
Error,32400
Error,42109
Error,48361
Error,46918
Error,42068
Error,20198
Error,28063
Error,70482
Error,55654
Error,43761
Error,50034
Error,43110
Error,45846
Error,20208
Error,27010
Error,50354
Error,32872
Error,53410
Error,42109
Error,49082
Error,44403
Error,20257
Error,25277
Error,57127
Error,35416
Error,44012
Error,43571
Error,49272
Error,48110
Error,19968
Error,27091
Error,57808
Error,36348
Error,43121
Error,38692
Error,47819
Error,47198
Error,20529
Error,26690
Error,61274
Error,47539
Error,45214
Error,49803
Error,41908
Error,40235
Error,18053
Error,24716
Error,54291
Error,34324
Error,51796
Error,41758
Error,42099
Error,50305
Error,19887
Error,26550
Error,49322
Error,26720
Error,42359
Error,48741
Error,40786
Error,46628
Error,20628
Error,27301
Error,56606
Error,34945
Error,45044
Error,40916
Error,40636
Error,48010
Error,18394
Error,24435
Error,46186
Error,23935
Error,42399
Error,41167
Error,40486
Error,49773
Error,20579
Error,26059
Error,54882
Error,32621
Error,41838
Error,47519
Error,45074
Error,40195
Error,22633
Error,26890
Error,48420
Error,25638
Error,45465
Error,42870
Error,50104
Error,47710
Error,19256
Error,24546
Error,47048
Error,24966
Error,42800
Error,48621
Error,42209
Error,40576
Error,18906
Error,26459
Error,60073
Error,40656
Error,57257
Error,42770
Error,41408
Error,41547
Error,23574
Error,28303
Error,73928
Error,61906
Error,46887
Error,64781
Error,73508
Error,65432
Error,23794
Error,27932
Error,62367
Error,54883
Error,57948
Error,64050
Error,56245
Error,60402
Error,25597
Error,28483
Error,63999
Error,56786
Error,55463
Error,58971
Error,66384
Error,67065
Error,29765
Error,30738
Error,56476
Error,42800
Error,60553
Error,70432
Error,61325
Error,63239
Error,22892
Error,24576
Error,42880
Error,22812
Error,52338
Error,61294
Error,58770
Error,56907
Error,21681
Error,24676
Error,51816
Error,33823
Error,59662
Error,58219
Error,58649
Error,62657
Error,22973
Error,25748
Error,84759
Error,66604
Error,51767
Error,68678
Error,52989
Error,30998
Error,32761
Error,77104
Error,70312
Error,50795
Error,61344
Error,52338
Error,56034
Error,59150
Error,21741
Error,25538
Error,56495
Error,37000
Error,52408
Error,55544
Error,66384
Error,59471
Error,22562
Error,25187
Error,40315
Error,22783
Error,55284
Error,59641
Error,65392
Error,53420
Error,22853
Error,24556
Error,43190
Error,23344
Error,60343
Error,59611
Error,65383
Error,60012
Error,22051
Error,25678
Error,54883
Error,36398
Error,52858
Error,55384
Error,72285
Error,59702
Error,24596
Error,26679
Error,69871
Error,62937
Error,57608
Error,56937
Error,55574
Error,63028
Error,23764
Error,28143
Error,62807
Error,54823
Error,56104
Error,59110
Error,65192
Error,63880
Error,22582
Error,26550
Error,75080
Error,68118
Error,59401
Error,80300
Error,58910
Error,59421
Error,26439
Error,26510
Error,63519
Error,55985
Error,69800
Error,60463
Error,62407
Error,63598
Error,22301
Error,28464
Error,53450
Error,39734
Error,61385
Error,65001
Error,52819
Error,52749
Error,23164
Error,24526
Error,42840
Error,22001
Error,62828
Error,62537
Error,54883
Error,56666
Error,21921
Error,25247
Error,52588
Error,35978
Error,59491
Error,52127
Error,59241
Error,62537
Error,22432
Error,25898
Error,43882
Error,24786
Error,61445
Error,60443
Error,58820
Error,55093
Error,20819
Error,24486
Error,69650
Error,46196
Error,54242
Error,55463
Error,59331
Error,59250
Error,20979
Error,24957
Error,54712
Error,35085
Error,53660
Error,56426
Error,58599
Error,51766
Error,20729
Error,24246
Error,53540
Error,35476
Error,53219
Error,55544
Error,65583
Error,60323
Error,20919
Error,25127
Error,63218
Error,53350
Error,59562
Error,58530
Error,69049
Error,56696
Error,25919
Error,26880
Error,72074
Error,54983
Error,60203
Error,63990
Error,55293
Error,59612
Error,23745
Error,27522
Error,86732
Error,70302
Error,65182
Error,55995
Error,59271
Error,62737
Error,25538
Error,28783
Error,83406
Error,76313
Error,59051
Error,62947
Error,57487
Error,60904
Error,23614
Error,28814
Error,74059
Error,52829
Error,53490
Error,65052
Error,62597
Error,71834
Error,22943
Error,25759
Error,47038
Error,26089
Error,52218
Error,54982
Error,70361
Error,61785
Error,22822
Error,26459
Error,57657
Error,35026
Error,54742
Error,60563
Error,65492
Error,53991
Error,25047
Error,24656
Error,52318
Error,33492
Error,60413
Error,52358
Error,54512
Error,58690
Error,21931
Error,24376
Error,55143
Error,33864
Error,52398
Error,57367
Error,54703
Error,62978
Error,23113
Error,25818
Error,42159
Error,25678
Error,54432
Error,56967
Error,65573
Error,53300
Error,22472
Error,24717
Error,43201
Error,22021
Error,61244
Error,59100
Error,57949
Error,56857
Error,20688
Error,24796
Error,66204
Error,45515
Error,63068
Error,56295
Error,55093
Error,59251
Error,20989
Error,24906
Error,49373
Error,37250
Error,57607
Error,59331
Error,66124
Error,56085
Error,24827
Error,26559
Error,63359
Error,56124
Error,65472
Error,57788
Error,57467
Error,56135
Error,22081
Error,26619
Error,84939
Error,68368
Error,58640
Error,65803
Error,59070
Error,58560
Error,24466
Error,28423
Error,51997
Error,38021
Error,72395
Error,59080
Error,58630
Error,59552
Error,24526
Error,28323
Error,59441
Error,40075
Error,60373
Error,52027
Error,61886
Error,59051
Error,21801
Error,26119
Error,47299
Error,26760
Error,52709
Error,55434
Error,60543
Error,59080
Error,20568
Error,24356
Error,39724
Error,22282
Error,52949
Error,54091
Error,71283
Error,52288
Error,23153
Error,24556
Error,52398
Error,34024
Error,60013
Error,59040
Error,57136
Error,64210
Error,21059
Error,24626
Error,54802
Error,36298
Error,60232
Error,52358
Error,60173
Error,58820
Error,20588
Error,24716
Error,56125
Error,38252
Error,53420
Error,63008
Error,67636
Error,54062
Error,23825
Error,24566
Error,53240
Error,32591
Error,60253
Error,59040
Error,55033
Error,57938
Error,22663
Error,25608
Error,58379
Error,46958
Error,61285
Error,53159
Error,55043
Error,61204
Error,20639
Error,25638
Error,50023
Error,29265
Error,58940
Error,60223
Error,66013
Error,57748
Error,27902
Error,24907
Error,48200
Error,28173
Error,53690
Error,69950
Error,54652
Error,62918
Error,23854
Error,27702
Error,64000
Error,51426
Error,52889
Error,51115
Error,64701
Error,53029
Error,20679
Error,24596
Error,64752
Error,37801
Error,53640
Error,55163
Error,58709
Error,53290
Error,20468
FindNodeReq,47228
Error,53400
Error,145071
Error,119624
Error,69429
Error,55573
Error,58529
Error,61425
Error,22412
Error,25427
Error,44142
Error,18886
Error,54802
Error,61365
Error,58840
Error,53861
Error,20448
Error,25919
Error,39163
Error,19787
Error,53500
Error,57527
Error,58459
Error,55323
Error,20669
Error,24746
Error,60674
Error,35747
Error,53270
Error,60674
Error,57889
Error,52017
Error,21801
Error,24406
Error,42650
Error,22161
Error,52778
Error,60003
Error,64120
Error,51527
Error,23424
Error,24966
Error,41939
Error,22963
Error,60483
Error,59241
Error,59231
Error,55374
Error,20678
Error,27772
Error,39825
Error,29304
Error,55033
Error,62006
Error,58099
Error,56656
Error,23854
Error,26009
Error,54251
Error,33853
Error,54091
Error,53790
Error,55323
Error,36579
Error,29966
Error,26650
Error,76523
Error,69790
Error,56846
Error,58990
Error,68558
Error,62897
Error,22372
Error,26429
Error,88947
Error,87303
Error,58760
Error,59160
Error,65793
Error,64611
Error,22522
Error,26640
Error,73387
Error,56836
Error,64590
Error,56155
Error,61295
Error,63028
Error,22141
Error,26429
Error,84167
Error,66925
Error,57367
Error,59181
Error,63428
Error,56075
Error,24666
Error,27652
Error,76073
Error,69429
Error,57407
Error,56576
Error,60634
Error,65252
Error,24004
Error,28003
Error,56946
Error,54602
Error,60703
Error,54933
Error,72406
Error,59923
Error,26710
Error,25037
Error,40766
Error,21611
Error,60503
Error,59922
Error,56606
Error,66074
Error,21541
Error,24616
Error,55464
Error,32301
Error,60773
Error,53059
Error,60323
Error,60243
Error,21140
Error,24626
Error,54873
Error,36719
Error,52519
Error,55444
Error,65252
Error,51667
Error,22682
Error,24556
Error,54943
Error,36638
Error,53891
Error,59702
Error,51376
Error,57367
Error,20779
Error,24746
Error,56626
Error,46887
Error,60853
Error,53250
Error,56326
Error,55213
FindNodeReq,60874
Error,21019
FindNodeReq,75180
Error,24276
FindNodeReq,120084
Error,80951
Error,59320
Error,50504
UpdateRouteReq,24426
Error,53761
Error,54672
Error,59030
Error,21050
Error,26420
Error,74990
Error,68588
Error,59642
Error,70332
Error,57598
Error,56285
Error,24966
Error,26289
Error,72406
Error,65553
Error,56826
Error,58940
Error,63288
Error,63979
Error,22482
Error,26470
Error,63078
Error,55174
Error,59621
Error,63388
Error,58429
Error,58520
Error,24767
Error,26429
Error,71514
Error,54091
Error,66765
Error,59311
Error,67336
Error,68157
Error,26299
Error,27100
Error,42259
Error,20970
Error,52428
Error,59101
Error,57818
Error,51597
Error,20368
Error,24556
Error,54011
Error,38973
Error,52729
Error,51586
Error,56726
Error,51616
Error,20378
Error,26078
Error,57948
Error,38402
Error,54152
Error,50946
Error,64290
Error,51837
Error,20809
Error,24375
Error,41848
Error,25036
Error,53129
Error,51447
Error,52738
Error,70982
Error,24395
Error,28383
Error,69500
Error,50545
Error,53620
Error,55664
Error,65232
Error,51907
Error,23664
Error,27301
Error,38081
Error,27362
Error,55494
Error,61495
Error,60263
Error,54252
Error,23173
Error,24496
Error,45836
Error,25538
Error,53209
Error,52518
Error,67376
Error,52939
Error,21660
Error,25427
Error,42199
Error,21460
Error,60293
Error,51957
Error,59562
Error,61395
Error,23985
Error,28614
Error,74108
Error,66955
Error,59110
Error,61004
Error,65373
Error,70522
Error,23013
Error,26520
Error,71614
Error,55193
Error,65031
Error,57958
Error,60984
Error,60884
Error,23174
Error,26470
Error,75762
Error,69239
Error,65192
Error,55444
Error,63929
Error,66184
Error,25037
Error,28503
Error,74459
Error,67556
Error,57778
Error,61124
Error,65973
Error,56355
Error,25627
Error,27952
Error,73838
Error,56115
Error,60413
Error,64380
Error,58138
Error,57337
Error,24706
Error,26600
Error,73798
Error,67466
Error,69680
Error,68328
Error,56575
Error,59231
Error,22723
Error,26199
Error,69650
Error,62307
Error,60813
Error,68639
Error,69820
Error,60102
Error,20759
Error,28554
Error,61475
Error,41938
Error,61726
Error,59031
Error,59301
Error,51807
Error,22783
Error,25849
Error,39644
Error,20328
Error,53099
Error,51716
Error,65462
Error,51978
Error,22882
Error,24476
Error,42589
Error,26720
Error,52488
Error,52809
Error,64481
Error,52809
Error,22472
Error,24576
Error,56044
Error,35737
Error,54833
Error,59632
Error,55954
Error,53811
Error,20598
Error,25407
Error,53590
Error,34845
Error,63839
Error,55744
Error,60984
Error,57197
Error,22191
Error,26619
Error,71704
Error,55254
Error,66254
Error,56386
Error,56045
Error,55694
Error,21941
Error,26439
Error,65272
Error,58479
Error,57117
Error,57618
Error,64531
Error,64360
Error,25467
Error,27071
Error,72665
Error,66674
Error,60123
Error,63108
Error,55453
Error,63999
Error,23684
Error,28303
Error,70171
Error,49533
Error,62246
Error,55324
Error,64400
Error,69841
Error,23944
Error,24245
Error,59792
Error,37079
Error,52759
Error,54662
Error,61234
Error,55344
Error,25047
Error,25788
Error,59882
Error,33733
Error,56195
Error,53059
Error,55804
Error,60243
Error,20718
Error,25308
Error,43922
Error,25077
Error,60883
Error,61154
Error,58770
Error,55694
Error,21680
Error,24276
Error,66955
Error,45365
Error,52638
Error,68629
Error,57157
Error,59270
Error,20649
Error,24446
Error,44613
Error,25267
Error,60944
Error,51998
Error,61465
Error,54993
Error,20729
Error,24326
Error,53400
Error,36428
Error,52167
Error,55343
Error,58840
Error,58610
Error,20408
Error,24586
Error,57768
Error,36438
Error,53880
Error,62006
Error,60132
Error,51787
Error,22502
Error,26369
Error,55173
Error,46016
Error,53530
Error,56676
Error,59481
Error,58289
Error,23144
Error,26660
Error,63518
Error,56355
Error,64190
Error,55705
Error,64912
Error,57127
Error,24126
Error,26329
Error,74359
Error,67757
Error,63308
Error,57848
Error,56425
Error,68327
Error,22431
Error,27452
Error,80180
Error,71193
Error,55363
Error,63770
Error,54733
Error,60734
Error,23474
Error,27461
Error,84639
Error,77625
Error,66193
Error,55284
Error,58359
Error,62567
Error,26179
Error,28032
Error,64460
Error,56997
Error,57909
Error,59802
Error,64190
Error,57568
Error,27160
Error,29255
Error,61485
Error,41508
Error,61114
Error,59531
Error,59351
Error,62417
Error,23534
Error,25207
Error,56456
Error,36508
Error,59541
Error,51837
Error,67866
Error,61896
Error,21310
Error,24576
Error,52578
Error,43091
Error,52689
Error,54521
Error,64039
Error,52559
Error,22632
Error,26108
Error,43842
Error,24346
Error,52168
Error,53270
Error,68428
Error,51887
Error,22612
Error,24245
Error,42981
Error,30717
Error,60262
Error,52058
Error,56255
Error,56135
Error,21561
Error,25638
Error,68448
Error,59722
Error,54722
Error,51787
Error,54311
Error,55333
Error,20618
Error,25768
Error,52468
Error,34695
Error,53830
Error,57988
Error,67396
Error,62998
Error,22381
Error,26339
Error,74800
Error,68378
Error,59932
Error,74439
Error,56556
Error,58850
Error,26660
Error,26951
Error,72124
Error,55814
Error,56296
Error,66615
Error,58940
Error,63820
Error,27331
Error,24366
Error,46266
Error,26940
Error,59632
Error,60854
Error,64901
Error,51807
Error,20709
Error,24175
Error,47018
Error,22802
Error,61024
Error,53059
Error,52598
Error,59802
Error,20538
Error,25548
Error,49482
Error,27852
Error,52067
Error,56496
Error,70532
Error,51947
Error,22583
Error,24486
Error,43732
Error,26149
Error,53300
Error,59882
Error,56927
Error,54171
Error,22252
Error,24556
Error,62417
Error,36117
Error,62968
Error,52358
Error,60393
Error,58790
Error,21751
Error,24907
Error,44433
Error,25157
Error,52148
Error,54752
Error,65833
Error,52508
Error,22662
Error,24475
Error,54602
Error,32451
Error,53109
Error,58520
Error,58319
Error,60373
Error,20598
Error,24957
Error,40585
Error,19937
Error,62397
Error,53150
Error,60844
Error,58579
Error,20749
Error,24606
Error,52538
Error,34234
Error,53189
Error,54422
Error,58189
Error,56376
Error,24856
Error,26790
Error,70882
Error,54011
Error,63378
Error,56165
Error,60954
Error,62847
Error,23464
Error,26249
Error,62937
Error,53510
Error,64911
Error,63008
Error,54752
Error,58400
Error,22131
Error,26560
Error,82915
Error,76272
Error,64340
Error,55795
Error,58229
Error,63159
Error,22422
Error,26159
Error,74409
Error,67756
Error,59431
Error,58559
Error,64060
Error,65743
Error,22081
Error,26650
Error,73497
Error,67677
Error,60133
Error,57508
Error,57647
Error,54833
Error,22161
Error,26850
Error,60694
Error,53079
Error,55544
Error,64551
Error,64040
Error,59631
Error,24847
Error,26178
Error,49292
Error,26359
Error,71363
Error,60463
Error,64480
Error,54622
Error,22452
Error,26339
Error,43742
Error,18635
Error,54291
Error,62066
Error,57467
Error,51346
Error,22603
Error,25618
Error,42099
Error,22943
Error,53349
Error,60664
Error,57838
Error,53580
Error,21651
Error,24386
Error,66204
Error,49403
Error,52308
Error,56045
Error,54562
Error,53931
Error,21911
Error,25308
Error,51736
Error,36298
Error,53871
Error,56285
Error,60303
Error,58309
Error,20719
Error,25888
Error,21500
Error,16390
Error,54702
Error,60373
Error,59992
Error,54903
Error,22632
Error,26310
Error,69681
Error,53850
Error,65111
Error,60112
Error,58960
Error,63007
Error,22842
Error,26660
Error,62658
Error,55313
Error,56816
Error,58159
Error,63047
Error,62798
Error,22462
Error,26650
Error,63760
Error,54772
Error,58520
Error,58019
Error,57578
Error,64069
Error,22211
Error,26419
Error,95027
Error,79449
Error,56325
Error,61415
Error,67546
Error,58910
Error,25888
Error,24606
Error,61716
Error,41728
Error,60533
Error,70602
Error,57477
Error,54382
Error,20518
Error,26480
Error,42329
Error,26299
Error,53941
Error,59922
Error,57227
Error,54763
Error,23935
Error,26420
Error,39364
Error,19557
Error,53910
Error,60914
Error,58379
Error,55594
Error,20348
Error,24495
Error,47659
Error,28734
Error,52549
Error,54462
Error,60733
Error,53319
Error,24025
Error,25628
Error,55203
Error,35346
Error,54923
Error,58950
Error,56987
Error,67707
Error,21220
Error,24606
Error,49262
Error,28854
Error,54452
Error,55032
Error,57568
Error,52078
Error,20278
Error,24405
Error,47829
Error,27962
Error,54131
Error,52057
Error,68028
Error,21049
Error,47088
Error,23123
Error,55805
Error,36909
Error,53290
Error,55023
Error,58399
Error,55023
Error,24446
Error,30017
Error,75872
Error,69059
Error,59020
Error,65723
Error,58039
Error,61535
FindNodeReq,52348
Error,22612
FindNodeReq,80761
Error,30477
FindNodeReq,57448
FindNodeReq,116808
Error,110597
Error,90289
Error,55193
Error,55804
Error,54952
Error,66454
Error,22633
Error,26810
Error,72305
Error,71003
Error,59452
Error,57738
Error,67466
Error,58850
Error,27080
Error,28042
Error,73338
Error,71874
Error,60684
Error,67786
Error,56826
Error,60373
Error,23514
Error,26349
Error,64480
Error,54251
Error,57297
Error,55123
Error,65191
Error,57167
Error,25899
Error,26630
Error,74790
Error,68518
Error,59341
Error,69409
Error,58159
Error,62066
Error,24075
Error,27802
Error,75892
Error,68629
Error,64791
Error,57247
Error,60383
Error,64421
Error,22402
Error,26530
Error,76573
Error,69680
Error,56556
Error,58900
Error,65613
Error,57007
Error,25358
Error,28263
Error,61955
Error,41488
Error,66014
Error,63368
Error,60373
Error,63989
Error,24326
Error,27912
Error,47078
Error,27341
Error,55404
Error,59661
Error,52267
Error,56396
Error,24385
Error,25778
Error,42900
Error,24196
Error,53309
Error,61004
Error,59161
Error,55283
Error,24075
Error,26339
Error,47338
Error,26540
Error,67426
Error,59190
Error,59482
Error,64560
Error,22552
Error,26780
Error,67656
Error,38983
Error,57667
Error,60243
Error,74298
Error,58409
Error,25478
Error,27521
Error,57317
Error,37810
Error,56966
Error,63860
Error,67687
Error,58380
Error,24185
Error,27962
Error,52097
Error,33192
Error,61756
Error,57468
Error,65112
Error,65032
Error,22252
Error,26360
Error,50364
Error,30337
Error,57278
Error,67556
Error,72125
Error,61094
Error,23554
Error,28103
Error,75652
Error,58480
Error,65993
Error,66004
Error,61394
Error,61104
Error,22092
Error,25758
Error,43942
Error,23184
Error,62447
Error,54241
Error,60844
Error,55023
Error,20498
Error,24405
Error,53580
Error,35235
Error,54222
Error,53399
Error,59972
Error,59381
Error,20759
Error,28042
Error,43492
Error,23994
Error,63979
Error,54662
Error,57538
Error,60533
Error,22201
Error,25678
Error,67677
Error,46237
Error,54371
Error,58219
Error,53260
Error,52368
Error,20137
Error,25758
Error,56716
Error,35326
Error,53961
Error,55072
Error,55173
Error,59701
Error,24095
Error,25998
Error,50765
Error,28794
Error,55263
Error,58810
Error,56356
Error,60634
Error,21591
Error,26670
Error,56546
Error,37119
Error,57447
Error,67687
Error,69469
Error,57247
Error,25428
Error,27652
Error,55324
Error,37090
Error,65622
Error,63629
Error,60072
Error,61355
Error,23784
Error,28654
Error,72927
Error,63589
Error,58479
Error,60103
Error,63649
Error,65532
Error,23924
Error,26599
Error,58289
Error,38482
Error,57026
Error,63459
Error,72866
Error,57117
Error,23203
Error,26369
Error,50665
Error,27832
Error,56336
Error,64100
Error,65092
Error,70502
Error,22442
Error,27632
Error,50675
Error,30096
Error,58619
Error,64290
Error,61706
Error,61295
Error,22201
Error,24807
Error,49883
Error,36388
Error,58199
Error,66605
Error,63539
Error,56425
Error,22132
Error,28293
Error,58840
Error,40305
Error,61886
Error,64060
Error,58269
Error,60774
Error,24065
Error,27761
Error,49012
Error,28183
Error,57517
Error,55754
Error,69710
Error,57748
Error,21731
Error,28864
Error,43431
Error,22502
Error,64350
Error,57377
Error,63419
Error,58489
Error,22062
Error,29334
Error,47609
Error,27261
Error,69219
Error,58519
Error,58459
Error,65282
Error,24516
Error,27561
Error,71223
Error,49873
Error,64360
Error,67376
Error,72506
Error,64871
Error,28985
Error,30908
Error,73307
Error,51767
Error,65603
Error,72696
Error,60162
Error,60092
Error,26509
Error,28413
Error,60923
Error,39543
Error,60713
Error,56926
Error,71244
Error,57888
Error,24656
Error,28013
Error,56385
Error,37410
Error,56746
Error,66524
Error,69249
Error,58509
Error,22843
Error,26159
Error,62687
Error,42850
Error,57538
Error,72385
Error,59201
Error,59271
Error,24636
Error,26540
Error,47529
Error,25758
Error,56485
Error,60362
Error,72455
Error,64491
Error,22422
Error,26650
Error,51766
Error,30527
Error,57597
Error,65613
Error,63168
Error,56145
Error,24606
Error,26480
Error,61334
Error,40085
Error,68648
Error,56826
Error,55534
Error,69410
Error,22832
Error,26760
Error,46597
Error,28804
Error,57417
Error,60382
Error,66364
Error,55775
Error,24025
Error,26760
Error,49051
Error,27481
Error,68448
Error,57989
Error,55654
Error,63418
Error,22201
Error,26840
Error,77635
Error,59000
Error,55994
Error,55453
Error,59431
Error,55063
Error,25408
Error,26850
Error,57637
Error,37079
Error,67416
Error,64791
Error,56476
Error,60022
Error,22021
Error,26690
Error,85389
Error,63429
Error,57889
Error,55875
Error,58760
Error,58640
Error,31068
Error,27130
Error,69781
Error,48521
Error,56235
Error,58890
Error,62928
Error,63819
Error,22632
Error,26569
Error,48311
Error,27873
Error,64291
Error,56817
Error,66264
Error,58379
Error,21881
Error,26730
Error,52989
Error,39284
Error,57698
Error,64591
Error,68989
Error,66324
Error,24335
Error,26520
Error,48721
Error,27943
Error,56315
Error,58940
Error,69410
Error,63479
Error,22182
Error,26189
Error,46958
Error,25948
Error,64581
Error,56486
Error,64831
Error,59491
Error,22372
Error,26339
Error,69289
Error,47128
Error,57748
Error,58870
Error,73838
Error,66705
Error,22542
Error,26660
Error,60603
Error,51255
Error,59541
Error,56446
Error,62938
Error,65212
Error,22502
Error,26540
Error,61675
Error,41277
Error,56225
Error,59291
Error,69630
Error,56465
Error,24115
Error,26630
Error,54192
Error,32040
Error,58739
Error,74319
Error,57217
Error,56957
Error,22332
Error,28513
Error,53760
Error,31769
Error,57176
Error,59291
Error,69089
Error,56937
Error,25739
Error,26800
Error,42029
Error,21600
Error,56195
Error,55474
Error,55022
Error,58038
Error,22251
Error,26830
Error,63088
Error,39834
Error,58660
Error,61545
Error,68758
Error,63949
Error,24105
Error,26149
Error,20639
Error,20819
Error,35476
Error,35507
Error,35016
Error,29154
Error,14598
Error,17854
Error,13055
Error,10940
Error,35166
Error,29215
Error,27291
Error,25938
Error,12544
Error,18425
Error,13285
Error,11000
Error,29696
Error,35647
Error,52739
Error,47238
Error,21791
Error,24947
Error,15850
Error,14878
Error,56977
Error,47429
Error,40405
Error,47809
Error,20178
Error,24225
Error,12082
Error,16060
Error,40926
Error,39905
Error,51176
Error,46236
FindNodeRsp,24716
Error,19286
Error,25107
Error,15439
Error,15169
Error,42079
Error,49432
Error,44774
Error,39323
FindNodeReq,37620
Error,19406
Error,24215
Error,17513
Error,14597
Error,51576
Error,42199
Error,44063
Error,46567
Error,18835
Error,22573
Error,14156
Error,14858
Error,41908
Error,48881
Error,48511
Error,40376
Error,17964
Error,23253
Error,15830
Error,13134
Error,41377
Error,48261
Error,42981
Error,45175
Error,19827
Error,22181
Error,16711
Error,13605
Error,49472
Error,143799
Error,42479
Error,47740
Error,17363
Error,21380
Error,14497
Error,12683
Error,31849
Error,30647
Error,47228
Error,30948
Error,14337
Error,17823
Error,13375
Error,10600
Error,32320
Error,36738
Error,30867
Error,30126
Error,14317
Error,18044
Error,12373
Error,10510
Error,57328
Error,58008
Error,61304
Error,60744
Error,26319
Error,30667
Error,54853
Error,26159
Error,42209
Error,31499
Error,30528
Error,29415
Error,18204
Error,27982
Error,20859
Error,17333
Error,49433
Error,50975
Error,55854
Error,47869
Error,22963
Error,26600
Error,19036
Error,17132
Error,56676
Error,48180
Error,42529
Error,47298
Error,20729
Error,24595
Error,17362
Error,15249
Error,42600
Error,41388
Error,70442
Error,75231
Error,31258
Error,39033
Error,81863
Error,53019
Error,93455
Error,63048
Error,43832
Error,50855
Error,20549
Error,25538
Error,17142
Error,14647
Error,44113
Error,41067
Error,49622
Error,40846
Error,18464
Error,23393
Error,15840
Error,13806
Error,41407
Error,41577
Error,45064
Error,48481
Error,18845
Error,23364
Error,15459
Error,13686
Error,42099
Error,190797
Error,48431
Error,45034
Error,20729
Error,24746
Error,16481
Error,13726
Error,44683
Error,39273
Error,32711
Error,32010
Error,16000
Error,19517
Error,14487
Error,11983
Error,33633
Error,32921
Error,33373
Error,36428
Error,14727
Error,18054
Error,13055
Error,10710
Error,39554
Error,38301
Error,36037
Error,31439
Error,21700
Error,26009
Error,19276
Error,15619
Error,56565
Error,54311
Error,46417
Error,45295
Error,20748
Error,26188
Error,18084
Error,16561
Error,47128
Error,54392
Error,40736
Error,39413
Error,18384
Error,26179
Error,18124
Error,14246
Error,42830
Error,41548
Error,60413
Error,52478
Error,24826
Error,29516
Error,21109
Error,18284
Error,56395
Error,53621
Error,47348
Error,46306
Error,23594
Error,28414
Error,19156
Error,20138
Error,54822
Error,47419
Error,51016
Error,46777
Error,23634
Error,28684
Error,22492
Error,20629
Error,50034
Error,57547
Error,47790
Error,59551
Error,48490
Error,45756
Error,33162
Error,51356
UpdateRouteReq,23674
Error,21340
UpdateRouteReq,39794
Error,27862
Error,20438
Error,16251
UpdateRouteReq,89467
UpdateRouteReq,23304
Error,50635
UpdateRouteReq,37660
UpdateRouteReq,21981
Error,45185
Error,53460
Error,43942
Error,22222
Error,31188
Error,22091
Error,17823
Error,65613
Error,51837
Error,54542
Error,44904
Error,24125
Error,25868
Error,19317
Error,16691
Error,48060
Error,45906
Error,37701
Error,34244
Error,16811
Error,20518
Error,15850
Error,13295
Error,35276
Error,33652
Error,33372
Error,40175
Error,20519
Error,23484
Error,17853
Error,15118
Error,36538
Error,34895
Error,34735
Error,35627
Error,18294
Error,21600
Error,16871
Error,14647
Error,36067
Error,41598
Error,36549
Error,34705
Error,17533
Error,21290
Error,15108
Error,13405
Error,36228
Error,40425
Error,34795
Error,37541
Error,18355
Error,21991
Error,17683
Error,15329
Error,41858
Error,35967
Error,40456
Error,41367
Error,17933
Error,21901
Error,16621
Error,14327
Error,35497
Error,35987
Error,47840
Error,35095
Error,17933
Error,20589
Error,15639
Error,13295
Error,43431
Error,43160
Error,35847
Error,33713
Error,16671
Error,20549
Error,15619
Error,13224
Error,34484
Error,34926
Error,44243
Error,40515
Error,16921
Error,20048
Error,15429
Error,13365
Error,35437
Error,40887
Error,35626
Error,33593
Error,16561
Error,20318
Error,15920
Error,12964
Error,40025
Error,43381
Error,37370
Error,36208
Error,19386
Error,23354
Error,17563
Error,14417
Error,43832
Error,35687
Error,45064
Error,37199
Error,16400
Error,19817
Error,14758
Error,13415
Error,38942
Error,36158
Error,32822
Error,30246
Error,14547
Error,22011
Error,15990
Error,13085
Error,33683
Error,31780
Error,33733
Error,31469
Error,16641
Error,19527
Error,15459
Error,12674
Error,37390
Error,32651
Error,31980
Error,32490
Error,15729
Error,19977
Error,15529
Error,12313
Error,36809
Error,31038
Error,32311
Error,30578
Error,14668
Error,19777
Error,14697
Error,11301
Error,30597
Error,32270
Error,35657
Error,36107
Error,17032
Error,18294
Error,14778
Error,12273
Error,31549
Error,30657
Error,31689
Error,35958
Error,16110
Error,18034
Error,14487
Error,12213
Error,31479
Error,30838
Error,29395
Error,30397
Error,18395
Error,20068
Error,16150
Error,13616
Error,33202
Error,38943
Error,33452
Error,32010
Error,16611
Error,19477
Error,14888
Error,13115
Error,31779
Error,31279
Error,31950
Error,32731
Error,16090
Error,19216
Error,14217
Error,11451
Error,35847
Error,35586
Error,30617
Error,31890
Error,18134
Error,20799
Error,15699
Error,13586
Error,32832
Error,32852
Error,31279
Error,37289
Error,16411
Error,29776
Error,15519
Error,12904
Error,31398
Error,31329
Error,36409
Error,32451
Error,16521
Error,20058
Error,13936
Error,11542
Error,31208
Error,30978
Error,30728
Error,34134
Error,16591
Error,19507
Error,15439
Error,12814
Error,33041
Error,31970
Error,35877
Error,34935
Error,16250
Error,20007
Error,16320
Error,13024
Error,31880
Error,36509
Error,32190
Error,31158
Error,15849
Error,18093
Error,13526
Error,12413
Error,31198
Error,35977
Error,30387
Error,34154
Error,17132
Error,20688
Error,15489
Error,12554
Error,38091
Error,32621
Error,36778
Error,35747
Error,16351
Error,19988
Error,15890
Error,12664
Error,32260
Error,31979
Error,36489
Error,35316
Error,17142
Error,18104
Error,13966
Error,11521
Error,30266
Error,37450
Error,38332
Error,34454
Error,17002
Error,20839
Error,15249
Error,12964
Error,52098
Error,50415
Error,59932
Error,44373
Error,24236
Error,30797
Error,18554
Error,18715
Error,45165
Error,52788
Error,43942
Error,44503
Error,20458
Error,27401
Error,16591
Error,18264
Error,48270
FindNodeReq,37490
UpdateRouteReq,85129
FindNodeReq,131996
Error,141765
FindNodeReq,118401
FindNodeReq,54141
FindNodeReq,33062
Error,149921
FindNodeReq,169216
Error,562412
FindNodeReq,588991
UpdateRouteReq,594301
Error,735665
UpdateRouteReq,732389
UpdateRouteReq,873142
FindNodeReq,915592
Error,906584
FindNodeReq,925871
UpdateRouteReq,946229
Error,929989
UpdateRouteReq,924719
FindNodeReq,947761
UpdateRouteReq,900022
FindNodeReq,946319
Error,949575
FindNodeReq,958291
Error,971586
Error,974031
FindNodeReq,993357
UpdateRouteReq,886677
Error,904461
Error,911193
UpdateRouteReq,885876
FindNodeReq,894412
Error,941700
Error,964884
Error,932443
Error,934146
FindNodeReq,923657
Error,888841
Error,894643
FindNodeReq,762886
FindNodeReq,718163
Error,696562
FindNodeRsp,668580
FindNodeReq,649174
Error,609149
Error,565197
FindNodeRsp,623175
UpdateRouteReq,553746
FindNodeReq,561089
Error,551812
Error,537044
UpdateRouteReq,516546
Error,448609
Error,435505
FindNodeReq,437237
Error,451053
FindNodeReq,431657
Error,504423
Error,479026
Error,489095
Error,423812
FindNodeReq,431076
Error,444441
FindNodeReq,378538
Error,393525
Error,495847
FindNodeRsp,442647
Error,438620
FindNodeReq,437067
Error,450553
FindNodeRsp,440674
FindNodeReq,456774
Error,328885
FindNodeReq,353561
Error,330408
Error,342420
Error,353060
FindNodeReq,255558
Error,306333
UpdateRouteReq,271819
Error,246030
Error,257842
UpdateRouteReq,257652
Error,243615
Error,270415
FindNodeReq,247593
Error,255809
Error,267350
Error,292887
FindNodeReq,322923
Error,305271
Error,402442
Error,370833
Error,354393
Error,296895
Error,261509
Error,314608
Error,338423
Error,410347
Error,435033
UpdateRouteReq,400779
FindNodeRsp,386042
Error,383176
Error,379279
Error,382986
UpdateRouteReq,392524
UpdateRouteReq,370813
Error,433169
Error,445212
Error,390069
FindNodeRsp,461924
Error,496578
UpdateRouteReq,475990
Error,577299
FindNodeReq,620450
Error,607756
Error,602236
UpdateRouteReq,606413
Error,567451
UpdateRouteReq,578421
UpdateRouteReq,580686
UpdateRouteReq,610742
UpdateRouteReq,584213
Error,589221
Error,609710
UpdateRouteReq,610261
Error,582118
UpdateRouteReq,651618
Error,623596
UpdateRouteReq,607045
Error,641840
Error,652520
UpdateRouteReq,625610
FindNodeReq,623055
Error,643953
UpdateRouteReq,682747
FindNodeRsp,658551
UpdateRouteReq,797140
Error,791920
Error,771642
UpdateRouteReq,781000
Error,828128
UpdateRouteReq,834039
FindNodeRsp,825814
Error,890996
Error,891657
UpdateRouteReq,890635
FindNodeReq,832156
FindNodeRsp,794165
Error,776381
QueryRouteRsp,743770
Error,765842
Error,765862
Error,681003
Error,606344
Error,578782
Error,592508
Error,645376
Error,616944
Error,669943
FindNodeReq,673950
Error,720376
Error,717471
Error,759540
FindNodeRsp,705639
FindNodeRsp,771022
Error,759099
Error,679941
Error,624668
Error,613447
FindNodeRsp,591946
Error,591256
FindNodeReq,563944
FindNodeRsp,470109
FindNodeRsp,507689
Error,457585
Error,566459
Error,497129
Error,496999
Error,477322
Error,623436
Error,617174
Error,606835
Error,618627
Error,684289
Error,662308
FindNodeReq,813560
Error,842324
Error,855439
Error,859186
FindNodeReq,867682
Error,840121
Error,799004
Error,849518
FindNodeReq,883922
Error,946910
Error,920821
Error,1081071
Error,1112019
Error,1098574
Error,1084567
Error,959503
Error,933695
FindNodeRsp,916112
FindNodeReq,984451
Error,987917
FindNodeRsp,914790
Error,910983
Error,914770
FindNodeReq,922324
Error,955817
FindNodeReq,1014596
FindNodeRsp,905353
Error,933225
Error,956027
Error,956298
FindNodeReq,930269
Error,904050
FindNodeRsp,469007
Error,515794
FindNodeRsp,568303
Error,570156
FindNodeReq,601695
FindNodeRsp,521635
Error,479918
FindNodeReq,470950
Error,443078
Error,459920
Error,387284
Error,389909
Error,409706
Error,437498
FindNodeReq,535832
FindNodeReq,467695
FindNodeReq,486910
Error,434903
Error,417982
Error,455110
Error,306794
FindNodeReq,400078
Error,341478
Error,337761
Error,340737
Error,471521
Error,431778
Error,435114
Error,426438
FindNodeReq,354964
Error,294441
FindNodeReq,398886
Error,439502
Error,370061
Error,366415
Error,321461
FindNodeReq,302546
Error,320099
Error,306393
Error,334735
Error,316412
Error,205304
Error,189594
Error,171110
UpdateRouteReq,108834
Error,150942
Error,125865
Error,118762
Error,35025
UpdateRouteReq,28914
Error,18174
Error,64711
Error,33613
Error,25417
Error,16551
Error,26900
Error,21030
Error,34905
Error,33963
Error,14157
Error,12433
FindNodeReq,27963
FindNodeReq,27060
FindNodeReq,26840
FindNodeReq,26409
FindNodeReq,26169
Error,52348
Error,27191
UpdateRouteReq,15789
Error,26299
UpdateRouteReq,13315
Error,24947
UpdateRouteReq,12904
UpdateRouteReq,11752
Error,25949
UpdateRouteReq,13085
Error,26009
UpdateRouteReq,12764
Error,25708
UpdateRouteReq,12383
Error,25988
UpdateRouteReq,12663
UpdateRouteReq,11531
Error,12524
UpdateRouteReq,23524
Error,15499
UpdateRouteReq,28463
UpdateRouteReq,17733
Error,15870
UpdateRouteReq,41908
Error,10219
Error,9427
UpdateRouteReq,14898
Error,46707
Error,26319
Error,24997
Error,25588
Error,12494
Error,16010
Error,10940
Error,11512
Error,24606
Error,25778
Error,25047
Error,25698
Error,11422
Error,13996
Error,10650
Error,11712
Error,24376
Error,24586
Error,25067
Error,25037
Error,12082
Error,15019
Error,11011
Error,8887
Error,26630
Error,25487
Error,24686
Error,25328
Error,12303
Error,14087
Error,10710
Error,11581
Error,25718
Error,25187
Error,23954
Error,25377
Error,11963
Error,14207
Error,10700
Error,8756
Error,26249
Error,25117
Error,24736
Error,25317
Error,11682
Error,14056
Error,10750
Error,11151
Error,24606
Error,24926
Error,24666
Error,26119
Error,11441
Error,14177
Error,10590
Error,8987
Error,25678
Error,24747
Error,24716
Error,24827
Error,11942
Error,13936
Error,10610
Error,8756
Error,26249
Error,25488
Error,25528
Error,25418
Error,12093
Error,14497
Error,10680
Error,8856
Error,26880
Error,24405
Error,25017
Error,25447
Error,12303
Error,14156
Error,11211
Error,8927
Error,26580
Error,25598
Error,25608
Error,25618
Error,11712
Error,14106
Error,10509
Error,9167
Error,25988
Error,25127
Error,24716
Error,24896
Error,11912
Error,14076
Error,10740
Error,9618
Error,27492
Error,25438
Error,24476
Error,31058
Error,12343
Error,22502
Error,11171
Error,9057
Error,32440
Error,27301
Error,26089
Error,24977
Error,11602
Error,14898
Error,11081
Error,8707
Error,26470
Error,25287
Error,30096
Error,24697
Error,12353
Error,14588
Error,10940
Error,9298
Error,32070
Error,25638
Error,31759
Error,25708
Error,11712
Error,14307
Error,10820
Error,9297
Error,31428
Error,25207
Error,29666
Error,25748
Error,12123
Error,16391
Error,12884
Error,12674
Error,27842
Error,25107
Error,32060
Error,25889
Error,11552
Error,14306
Error,10971
Error,11512
Error,29856
Error,24917
Error,29525
Error,26179
Error,11461
Error,14336
Error,10710
Error,11472
Error,30216
Error,26610
Error,29606
Error,25338
Error,11362
Error,14177
Error,10910
Error,11691
Error,31198
Error,25968
Error,25858
Error,25698
Error,12373
Error,14036
Error,10830
Error,8736
Error,26039
Error,25578
Error,30557
Error,24787
Error,12123
Error,14186
Error,11021
Error,8666
Error,26950
Error,25177
Error,25077
Error,30778
Error,12222
Error,14177
Error,10810
Error,9117
Error,26018
Error,30026
Error,29035
Error,25588
Error,11902
Error,19797
Error,10981
Error,8847
Error,31840
Error,30678
Error,26289
Error,29475
Error,12414
Error,14968
Error,10700
Error,11191
Error,24746
Error,41628
Error,26119
Error,25467
Error,11661
Error,14317
Error,10810
Error,8757
Error,30798
Error,25418
Error,29725
Error,25718
Error,12373
Error,14808
Error,11121
Error,11371
Error,25839
Error,24305
Error,24977
Error,25287
Error,12073
Error,14276
Error,10921
Error,8827
Error,31349
Error,26149
Error,25247
Error,30327
Error,12413
Error,14107
Error,11351
Error,8766
Error,25628
Error,24486
Error,30447
Error,25608
Error,11842
Error,14447
Error,10730
Error,8817
Error,27261
Error,30817
Error,26509
Error,28013
Error,11531
Error,22612
Error,12543
Error,11402
Error,25397
Error,30547
Error,30437
Error,25177
Error,12573
Error,14567
Error,10600
Error,11341
Error,30117
Error,26650
Error,34645
Error,26409
Error,11642
Error,14187
Error,10580
Error,11301
Error,31999
Error,26259
Error,29885
Error,26379
Error,11461
Error,14066
Error,11091
Error,11150
Error,24906
Error,30407
Error,25568
Error,29465
Error,12293
Error,14387
Error,10810
Error,8806
Error,26089
Error,30607
Error,25488
Error,24386
Error,11962
Error,14718
Error,10720
Error,8907
Error,31849
Error,25568
Error,23975
Error,24897
Error,11962
Error,14206
Error,10900
Error,8646
Error,26059
Error,30076
Error,25377
Error,29235
Error,13115
Error,14807
Error,10970
Error,9288
Error,26600
Error,31028
Error,25778
Error,25117
Error,11692
Error,14176
Error,10830
Error,9047
Error,30928
Error,27431
Error,29475
Error,25588
Error,12132
Error,14517
Error,11010
Error,11692
Error,25558
Error,24827
Error,31099
Error,26239
Error,80831
Error,15199
Error,10760
Error,9187
Error,26579
Error,25878
Error,25217
Error,30296
Error,12804
Error,21420
Error,11742
Error,8867
Error,26379
Error,26670
Error,29986
Error,25307
Error,11472
Error,14016
Error,10770
Error,8977
Error,26590
Error,30628
Error,29495
Error,25617
Error,11462
Error,14047
Error,10650
Error,9087
Error,30327
Error,25999
Error,24937
Error,25046
Error,15950
Error,15049
Error,12934
Error,10430
Error,29074
Error,28523
Error,25026
Error,30407
Error,11853
Error,14537
Error,11241
Error,8716
Error,26780
Error,30206
Error,29274
Error,25578
Error,12393
Error,14277
Error,11000
Error,11371
Error,30407
Error,25839
Error,24857
Error,25417
Error,11812
Error,14226
Error,11181
Error,11371
Error,26399
Error,24606
Error,26820
Error,32520
Error,11893
Error,14246
Error,10740
Error,8887
Error,25899
Error,30607
Error,29054
Error,25478
Error,12423
Error,14207
Error,10459
Error,8827
Error,26920
Error,29966
Error,25588
Error,24737
Error,12643
Error,14177
Error,11001
Error,8876
Error,31239
Error,25437
Error,24806
Error,23714
Error,13535
Error,14337
Error,10921
Error,8817
Error,26660
Error,30577
Error,25357
Error,29014
Error,12393
Error,14227
Error,10780
Error,9087
Error,31208
Error,26159
Error,28874
Error,25137
Error,11652
Error,14136
Error,10770
Error,8977
Error,27492
Error,25007
Error,30196
Error,25398
Error,11561
Error,14077
Error,10790
Error,8737
Error,27041
Error,30327
Error,24947
Error,27011
Error,12293
Error,14407
Error,10599
Error,8937
Error,31529
Error,25938
Error,24186
Error,30568
Error,11953
Error,14637
Error,10791
Error,8706
Error,26540
Error,24916
Error,31439
Error,25307
Error,12252
Error,14036
Error,10640
Error,8847
Error,26609
Error,30878
Error,25237
Error,33022
Error,12694
Error,14367
Error,12233
Error,9598
Error,31770
Error,25107
Error,31479
Error,26088
Error,11401
Error,14797
Error,13014
Error,9688
Error,25277
Error,25017
Error,24255
Error,30276
Error,12404
Error,14427
Error,10791
Error,8867
Error,26830
Error,25728
Error,30948
Error,25258
Error,12754
Error,14226
Error,11100
Error,9428
Error,26429
Error,25137
Error,30447
Error,25047
Error,11983
Error,14127
Error,10810
Error,8866
Error,31959
Error,30377
Error,25087
Error,39113
Error,11812
Error,14267
Error,11091
Error,8997
Error,26389
Error,24807
Error,25257
Error,30056
Error,12213
Error,14167
Error,11001
Error,8877
Error,26630
Error,26890
Error,30207
Error,27752
Error,12363
Error,14056
Error,14947
Error,5300
Error,32501
Error,29245
Error,25127
Error,24837
Error,11792
Error,14166
Error,11151
Error,8917
Error,30387
Error,25318
Error,35586
Error,26730
Error,12032
Error,14096
Error,12033
Error,8606
Error,27141
Error,26590
Error,30798
Error,25057
Error,12013
Error,14808
Error,12343
Error,9457
Error,26550
Error,31258
Error,25718
Error,25497
Error,12153
Error,14417
Error,12554
Error,9427
Error,31689
Error,28944
Error,25397
Error,28032
Error,12443
Error,17272
Error,10580
Error,9087
Error,26629
Error,25818
Error,30507
Error,25157
Error,11902
Error,13956
Error,11432
Error,8826
Error,26519
Error,24255
Error,25828
Error,32291
Error,12684
Error,14247
Error,10940
Error,8766
Error,26119
Error,30267
Error,28944
Error,25497
Error,12093
Error,14167
Error,10740
Error,8846
Error,37841
Error,25788
Error,23995
Error,25318
Error,12123
Error,14257
Error,11031
Error,8796
Error,26199
Error,25037
Error,32331
Error,25799
Error,12083
Error,14657
Error,11782
Error,8717
Error,25598
Error,30868
Error,28994
Error,24927
Error,12072
Error,14367
Error,11391
Error,8727
Error,31198
Error,24806
Error,23704
Error,25578
Error,12093
Error,14296
Error,10960
Error,8566
Error,25919
Error,30066
Error,25188
Error,28984
Error,12303
Error,14477
Error,10830
Error,8746
Error,26921
Error,30547
Error,26149
Error,27742
Error,12734
Error,14357
Error,13014
Error,9798
Error,27341
Error,25177
Error,29856
Error,25027
Error,11491
Error,14537
Error,11982
Error,8967
Error,26609
Error,26029
Error,30607
Error,25838
Error,12504
Error,14507
Error,11221
Error,8736
Error,26149
Error,29886
Error,26059
Error,26790
Error,12723
Error,14146
Error,12694
Error,9438
Error,30718
Error,25938
Error,24025
Error,29936
Error,12293
Error,14296
Error,10590
Error,8866
Error,26600
Error,26059
Error,31939
Error,26109
Error,11892
Error,14176
Error,12253
Error,8917
Error,25357
Error,30127
Error,25417
Error,26790
Error,11882
Error,14206
Error,11071
Error,8897
Error,29846
Error,25879
Error,24806
Error,32621
Error,12844
Error,14938
Error,12053
Error,8876
Error,26590
Error,27171
Error,30226
Error,25368
Error,12263
Error,14136
Error,11772
Error,11461
Error,25628
Error,30407
Error,25237
Error,27121
Error,11912
Error,14186
Error,10990
Error,9127
Error,30107
Error,26129
Error,29616
Error,24847
Error,11892
Error,14086
Error,10700
Error,9107
Error,26189
Error,30237
Error,25437
Error,25077
Error,11262
Error,14157
Error,11872
Error,8977
Error,26409
Error,30648
Error,24887
Error,26870
Error,12343
Error,14216
Error,11041
Error,8716
Error,30647
Error,25538
Error,24656
Error,31449
Error,11752
Error,14106
Error,10970
Error,9167
Error,25487
Error,36919
Error,37890
Error,26710
Error,12584
Error,14367
Error,11181
Error,8877
Error,26720
Error,30818
Error,25838
Error,27712
Error,12634
Error,14386
Error,12724
Error,9678
Error,30888
Error,24987
Error,24416
Error,29345
Error,12152
Error,14146
Error,10970
Error,8987
Error,27100
Error,30237
Error,25027
Error,24125
Error,12243
Error,15158
Error,10841
Error,8996
Error,26710
Error,24907
Error,30226
Error,25739
Error,12032
Error,14828
Error,11561
Error,8987
Error,26580
Error,27051
Error,30196
Error,25818
Error,12013
Error,14407
Error,10720
Error,8656
Error,31669
Error,29344
Error,25708
Error,24836
Error,12594
Error,14287
Error,16901
Error,10129
Error,27040
Error,25337
Error,33784
Error,32851
Error,14166
Error,14286
Error,11010
Error,11622
Error,24196
Error,27462
Error,31068
Error,25889
Error,12423
Error,14306
Error,10549
Error,8646
Error,33012
Error,30167
Error,25999
Error,24236
Error,12223
Error,14016
Error,11020
Error,9047
Error,31178
Error,25758
Error,24927
Error,30618
Error,11973
Error,14147
Error,11111
Error,8786
Error,26429
Error,26810
Error,30097
Error,25848
Error,11522
Error,14357
Error,10730
Error,8777
Error,31459
Error,30096
Error,25979
Error,28884
Error,12754
Error,14327
Error,10670
Error,8997
Error,31639
Error,26249
Error,24055
Error,29516
Error,12654
Error,14166
Error,10810
Error,8947
Error,26440
Error,26039
Error,33032
Error,25979
Error,11802
Error,14246
Error,10950
Error,8636
Error,26700
Error,29566
Error,25598
Error,26650
Error,11772
Error,14817
Error,10770
Error,8997
Error,30818
Error,25949
Error,36748
Error,25779
Error,11802
Error,14327
Error,12393
Error,8827
Error,26329
Error,26790
Error,36077
Error,25328
Error,12623
Error,14186
Error,11051
Error,8927
Error,27191
Error,30677
Error,25588
Error,27060
Error,11401
Error,13996
Error,11001
Error,8727
Error,30437
Error,25107
Error,24315
Error,29525
Error,12082
Error,14457
Error,11281
Error,8826
Error,25859
Error,27331
Error,30848
Error,25277
Error,11882
Error,14187
Error,11101
Error,8676
Error,26710
Error,30226
Error,28503
Error,25728
Error,12112
Error,14297
Error,11061
Error,11170
Error,28554
Error,25618
Error,28944
Error,25768
Error,11832
Error,14347
Error,10881
Error,11462
Error,25818
Error,24716
Error,30847
Error,25428
Error,12353
Error,14236
Error,10821
Error,11411
Error,24175
Error,30347
Error,25568
Error,27231
Error,12654
Error,15229
Error,10861
Error,8917
Error,31288
Error,31449
Error,26159
Error,29154
Error,11672
Error,14267
Error,10901
Error,9097
Error,30838
Error,24926
Error,28924
Error,25798
Error,12093
Error,14266
Error,10760
Error,8997
Error,26930
Error,26670
Error,30106
Error,25057
Error,12143
Error,14287
Error,11071
Error,8937
Error,26610
Error,39283
Error,27722
Error,31449
Error,13065
Error,14367
Error,10901
Error,11261
Error,25387
Error,30868
Error,25729
Error,29826
Error,11952
Error,14657
Error,10770
Error,9057
Error,26359
Error,24536
Error,25858
Error,24777
Error,11962
Error,14126
Error,10910
Error,11442
Error,24476
Error,29956
Error,24897
Error,28934
Error,12553
Error,14247
Error,10810
Error,9057
Error,25738
Error,30708
Error,26049
Error,30007
Error,12673
Error,14217
Error,11121
Error,8977
Error,31068
Error,25518
Error,24295
Error,29515
Error,12023
Error,14257
Error,12223
Error,9077
Error,26419
Error,25938
Error,29886
Error,24896
Error,11371
Error,14227
Error,10980
Error,8927
Error,25748
Error,36829
Error,25838
Error,24225
Error,12012
Error,16070
Error,28744
Error,7865
Error,31619
Error,26620
Error,25398
Error,29896
Error,12334
Error,14447
Error,11191
Error,8817
Error,27451
Error,25217
Error,29956
Error,25488
Error,12764
Error,14276
Error,10920
Error,8937
Error,26269
Error,30577
Error,25318
Error,27261
Error,12043
Error,14177
Error,10619
Error,8967
Error,31629
Error,25267
Error,24135
Error,30187
Error,11852
Error,14217
Error,12704
Error,9487
Error,26640
Error,30156
Error,25839
Error,24516
Error,12173
Error,14227
Error,11812
Error,8786
Error,26830
Error,30537
Error,26018
Error,26770
Error,13024
Error,14016
Error,10660
Error,9268
Error,31810
Error,28804
Error,40435
Error,25798
Error,12043
Error,15930
Error,12603
Error,9548
Error,27101
Error,37530
Error,25888
Error,24485
Error,12784
Error,15690
Error,12113
Error,9026
Error,26870
Error,30447
Error,24937
Error,26960
Error,11682
Error,14107
Error,10870
Error,8976
Error,31379
Error,25167
Error,29846
Error,26209
Error,11432
Error,14006
Error,10780
Error,9007
Error,25909
Error,30517
Error,26559
Error,24406
Error,11451
Error,14577
Error,10710
Error,8677
Error,25427
Error,30707
Error,26038
Error,26419
Error,11631
Error,14477
Error,10660
Error,8877
Error,31228
Error,26139
Error,23714
Error,30377
Error,12193
Error,13987
Error,10800
Error,8997
Error,33863
Error,25368
Error,30407
Error,30346
Error,12844
Error,14768
Error,11852
Error,11651
Error,24667
Error,30737
Error,26169
Error,26600
Error,11511
Error,14297
Error,12383
Error,9478
Error,31960
Error,26420
Error,24136
Error,25077
Error,12583
Error,14287
Error,10931
Error,8826
Error,27161
Error,25478
Error,30687
Error,30206
Error,11962
Error,14407
Error,10761
Error,8917
Error,26430
Error,30257
Error,25488
Error,27291
Error,11742
Error,14046
Error,10660
Error,8636
Error,31589
Error,26199
Error,24416
Error,24436
Error,12213
Error,14317
Error,12744
Error,9819
Error,26189
Error,24065
Error,29976
Error,30456
Error,12403
Error,14156
Error,11622
Error,9338
Error,33032
Error,26639
Error,25588
Error,25678
Error,11571
Error,14106
Error,12844
Error,9558
Error,31569
Error,26129
Error,30297
Error,24856
Error,11511
Error,13776
Error,11792
Error,8776
Error,27682
Error,25978
UpdateRouteReq,17162
Error,32110
UpdateRouteReq,13976
Error,26800
UpdateRouteReq,14648
Error,12012
UpdateRouteReq,14928
UpdateRouteReq,12112
UpdateRouteReq,13645
QueryRouteRsp,17312
UpdateRouteReq,13335
FindNodeReq,194113
Error,160339
Error,67697
Error,16280
FindNodeReq,23794
Error,12744
Error,34444
FindNodeReq,24947
UpdateRouteReq,14858
Error,26840
FindNodeReq,30978
UpdateRouteReq,29805
Error,27812
Error,27371
FindNodeRsp,20739
UpdateRouteReq,16451
FindNodeReq,22142
Error,27412
Error,28343
Error,25719
UpdateRouteReq,21259
UpdateRouteReq,17993
Error,14127
Error,32381
Error,54172
UpdateRouteReq,20950
Error,74810
UpdateRouteReq,45244
Error,40656
Error,12894
UpdateRouteReq,75431
Error,67537
FindNodeRsp,75902
Error,71554
UpdateRouteReq,56475
Error,44944
Error,88705
Error,97132
Error,10309
Error,31369
Error,10830
Error,8145
UpdateRouteReq,13395
Error,26580
Error,26270
Error,25227
UpdateRouteReq,13796
Error,16151
FindNodeRsp,50164
UpdateRouteReq,48651
Error,69881
Error,44163
Error,42179
Error,74018
Error,66404
UpdateRouteReq,61765
Error,18555
Error,90279
FindNodeRsp,88104
UpdateRouteReq,82384
Error,89157
UpdateRouteReq,69109
Error,45415
Error,24776
UpdateRouteReq,15499
Error,13655
Error,63188
UpdateRouteReq,88124
Error,95118
Error,98895
FindNodeRsp,94958
Error,132928
UpdateRouteReq,92312
Error,76252
Error,118842
Error,92753
Error,35997
UpdateRouteReq,12954
Error,11091
Error,33392
Error,27591
QueryRouteRsp,16331
Error,28644
Error,22021
Error,107831
Error,96330
UpdateRouteReq,105317
Error,79960
Error,67497
UpdateRouteReq,38482
Error,13765
Error,26270
Error,46376
Error,26790
Error,14367
Error,41688
UpdateRouteReq,55133
Error,27261
Error,28022
UpdateRouteReq,14157
Error,8967
Error,11702
Error,7815
Error,109364
Error,10270
UpdateRouteReq,13055
Error,56055
Error,27952
Error,26630
Error,31810
UpdateRouteReq,15279
FindNodeRsp,18074
UpdateRouteReq,12974
FindNodeRsp,10039
FindNodeRsp,14587
FindNodeRsp,17612
FindNodeReq,25457
FindNodeRsp,21801
FindNodeReq,106750
FindNodeRsp,32721
FindNodeReq,64461
UpdateRouteReq,54521
UpdateRouteReq,27081
FindNodeRsp,42680
FindNodeReq,67876
FindNodeRsp,32070
FindNodeReq,69119
FindNodeReq,48911
FindNodeReq,45946
FindNodeReq,44273
Error,55464
Error,43742
Error,41117
Error,40726
Error,39233
Error,42359
Error,41077
Error,41487
Error,20448
Error,22171
Error,25187
Error,169897
Error,56566
Error,82725
Error,231513
UpdateRouteReq,158486
UpdateRouteReq,50655
Error,47369
Error,48250
UpdateRouteReq,29165
UpdateRouteReq,21690
Error,45655
UpdateRouteReq,19627
Error,43171
UpdateRouteReq,21120
UpdateRouteReq,31960
FindNodeReq,53140
FindNodeReq,49222
Error,20949
FindNodeReq,57097
UpdateRouteReq,136766
Error,63659
Error,71704
Error,45735
Error,48611
Error,18495
UpdateRouteReq,19296
UpdateRouteReq,16330
UpdateRouteReq,16200
Error,47008
UpdateRouteReq,34104
UpdateRouteReq,18605
Error,41708
UpdateRouteReq,25808
Error,44694
Error,43432
Error,20047
Error,26800
Error,50785
Error,17222
Error,45165
Error,44123
Error,42619
Error,41518
Error,19086
Error,24976
Error,47349
Error,16751
Error,46096
Error,41057
Error,40486
Error,39955
Error,17392
Error,23093
Error,47508
Error,14367
Error,44664
Error,40586
Error,40867
Error,40456
Error,18535
Error,23524
Error,47239
Error,14537
Error,44192
Error,40085
Error,38823
Error,46718
Error,19517
Error,25167
Error,48039
Error,14747
Error,46948
Error,40556
Error,39774
Error,38643
Error,17082
Error,23263
Error,46848
Error,16651
Error,44903
Error,41106
Error,40747
Error,39844
Error,18815
Error,24415
Error,48481
Error,19767
Error,44373
Error,39744
Error,39204
Error,39143
Error,20589
Error,24987
Error,47258
Error,15409
Error,46968
Error,41308
Error,40706
Error,40476
Error,19065
Error,25568
Error,51036
Error,17613
Error,48170
Error,40486
Error,40406
Error,39384
Error,17763
Error,24686
Error,52688
Error,20048
Error,45966
Error,40816
Error,40285
Error,39754
Error,18184
Error,28252
Error,53901
Error,20518
Error,47839
Error,42440
Error,41889
Error,40886
Error,19847
Error,25909
Error,53581
Error,19777
Error,47799
Error,43512
Error,40947
Error,40746
Error,18174
Error,25278
Error,53701
Error,18955
Error,45795
Error,41849
Error,40546
Error,40366
Error,17904
Error,24415
Error,73407
Error,36588
Error,46907
Error,41598
Error,40426
Error,39574
Error,17873
Error,24175
Error,52398
Error,18355
Error,45695
Error,41127
Error,40917
Error,39393
Error,18184
Error,24816
Error,52999
Error,19286
Error,45775
Error,40435
Error,40516
Error,39995
Error,17893
Error,24306
Error,52388
Error,18665
Error,46036
Error,44042
Error,42339
Error,41407
Error,19447
Error,27230
Error,52658
Error,19897
Error,44994
Error,41558
Error,41708
Error,40015
Error,17983
Error,25808
Error,51797
Error,18365
Error,47649
Error,41318
Error,40536
Error,40055
Error,17532
Error,24415
Error,52749
Error,18985
Error,44794
Error,41016
Error,40877
Error,44283
Error,19386
Error,25648
Error,52919
Error,18975
Error,47299
Error,41708
Error,41778
Error,40075
Error,17663
Error,26319
Error,52238
Error,18425
Error,44974
Error,42610
Error,44614
Error,44323
Error,19587
Error,27271
Error,61415
Error,23143
Error,50564
Error,45335
Error,43822
Error,43851
Error,20809
Error,27461
Error,62346
Error,23754
Error,45685
Error,40535
Error,40356
Error,39203
Error,17293
Error,24275
Error,54091
Error,20128
Error,45074
Error,40606
Error,39273
Error,39694
Error,17764
Error,24335
Error,53390
Error,49092
Error,41117
Error,40266
Error,39694
Error,39394
Error,17213
Error,30718
Error,55133
Error,20529
Error,45836
Error,41057
Error,39564
Error,39424
Error,18034
Error,24095
Error,53270
Error,19626
Error,46106
Error,40255
Error,39765
Error,39244
Error,17954
Error,24065
Error,53080
Error,19436
Error,45054
Error,40235
Error,40135
Error,39474
Error,17643
Error,23674
Error,54492
Error,20338
Error,61415
Error,44713
Error,40335
Error,39174
Error,17753
Error,24256
Error,56175
Error,22161
Error,45675
Error,40226
Error,40085
Error,40355
Error,17773
Error,25517
Error,53560
Error,20037
Error,46988
Error,41418
Error,40245
Error,40636
Error,18404
Error,24476
Error,53200
Error,19977
Error,45164
Error,40756
Error,44744
Error,41538
Error,19246
Error,25778
Error,54071
Error,20077
Error,46527
Error,40836
Error,39413
Error,40326
Error,17263
Error,24095
Error,44183
Error,20569
Error,45966
Error,39894
Error,39594
Error,39504
Error,17663
Error,23815
Error,52538
Error,19517
Error,45435
Error,39694
Error,38873
Error,39434
Error,19286
Error,24305
Error,53130
Error,20258
Error,45084
Error,40235
Error,39303
Error,39253
Error,17172
Error,24305
Error,52639
Error,19397
Error,46176
Error,40616
Error,39444
Error,39735
Error,17743
Error,24395
Error,54302
Error,19897
Error,45516
Error,40166
Error,40997
Error,39905
Error,17603
Error,24466
Error,79318
Error,39574
Error,53980
Error,43421
Error,43331
Error,40025
Error,19707
Error,24485
Error,15569
Error,12523
Error,47319
Error,43842
Error,44683
Error,42600
Error,19717
Error,23975
Error,30217
Error,17243
Error,45044
Error,42800
Error,40386
Error,40686
Error,18365
Error,21440
Error,29505
Error,15990
Error,43110
Error,48079
Error,44544
Error,47038
Error,22161
Error,25989
Error,21871
Error,15569
Error,49883
Error,42289
Error,46337
Error,45224
Error,21259
Error,25107
Error,19105
Error,16792
Error,48160
Error,43301
Error,40476
Error,40816
Error,17272
Error,20538
Error,15329
Error,13155
Error,41107
Error,46126
Error,42059
Error,41167
Error,19477
Error,23404
Error,15018
Error,15429
Error,42900
Error,40966
Error,39975
Error,39534
Error,18585
Error,21830
Error,14718
Error,14728
Error,42960
Error,40005
Error,39934
Error,39824
Error,18174
Error,22211
Error,28403
Error,8807
Error,42599
Error,40375
Error,48942
Error,46346
Error,20589
Error,23374
Error,28373
Error,18695
Error,44833
Error,41929
Error,41086
Error,40196
Error,18214
Error,21570
Error,29065
Error,16341
Error,43261
Error,42689
Error,41046
Error,41317
Error,19236
Error,23104
Error,30397
Error,16301
Error,43241
Error,40847
Error,40626
Error,40145
Error,21911
Error,23884
Error,29165
Error,16010
Error,49623
Error,46257
Error,52218
Error,45375
Error,17452
Error,20208
Error,14868
Error,13795
Error,42489
Error,40506
Error,39875
Error,39494
Error,18555
Error,22161
Error,15128
Error,15069
Error,44153
Error,41057
Error,38312
Error,39423
Error,17112
Error,23834
Error,15399
Error,15389
Error,42660
Error,41387
Error,41127
Error,40606
Error,19457
Error,22542
Error,14006
Error,15068
Error,41638
Error,41627
Error,39854
Error,39104
Error,18986
Error,21811
Error,14207
Error,14838
Error,42439
Error,39063
Error,39734
Error,37841
Error,16951
Error,20489
Error,14557
Error,13385
Error,46116
Error,41498
Error,41037
Error,40706
Error,19025
Error,22612
Error,14457
Error,15289
Error,43481
Error,41337
Error,40105
Error,39745
Error,18735
Error,21941
Error,15058
Error,14958
Error,41878
Error,40095
Error,40075
Error,39764
Error,18715
Error,20509
Error,14858
Error,13515
Error,39333
Error,45906
Error,40566
Error,40035
Error,19216
Error,23274
Error,30257
Error,15028
Error,44623
Error,41898
Error,40466
Error,40115
Error,18103
Error,21360
Error,30007
Error,16430
Error,43151
Error,42159
Error,41808
Error,41969
Error,19486
Error,23243
Error,29795
Error,16250
Error,43531
Error,41177
Error,41067
Error,46296
Error,20498
Error,24075
Error,16581
Error,17312
Error,47910
Error,47008
Error,50935
Error,41056
Error,20999
Error,24707
Error,19397
Error,16812
Error,46928
Error,40176
Error,46016
Error,40486
Error,18354
Error,21991
Error,15950
Error,13446
Error,41027
Error,39474
Error,39474
Error,42590
Error,19116
Error,22532
Error,20057
Error,15549
Error,42650
Error,41497
Error,41828
Error,41358
Error,19026
Error,21811
Error,16341
Error,14527
Error,42720
Error,39624
Error,39825
Error,39855
Error,18675
Error,21670
Error,15289
Error,15008
Error,40957
Error,38892
Error,39654
Error,38722
Error,23334
Error,22312
Error,15990
Error,14677
Error,40946
Error,40075
Error,39764
Error,39554
Error,18304
Error,21800
Error,15088
Error,14607
Error,42489
Error,41217
Error,39755
Error,39794
Error,18605
Error,21550
Error,14748
Error,14878
Error,42189
Error,39524
Error,40035
Error,38932
Error,17372
Error,27120
Error,13165
Error,14958
Error,42390
Error,39764
Error,42129
Error,41237
Error,19907
Error,23294
Error,28623
Error,15580
Error,44884
Error,47399
Error,42760
Error,41046
Error,19737
Error,23374
Error,30697
Error,16510
Error,44864
Error,42579
Error,43952
Error,39804
Error,18494
Error,24947
Error,29405
Error,13906
Error,46427
Error,45325
Error,46517
Error,44083
Error,20258
Error,23935
Error,29475
Error,16010
Error,45546
Error,42750
Error,42189
Error,40746
Error,17934
Error,22993
Error,29846
Error,16461
Error,43872
Error,42460
Error,45195
Error,40476
Error,18224
Error,21921
Error,31319
Error,8827
Error,46046
Error,41368
Error,44013
Error,41878
Error,19657
Error,22893
Error,28894
Error,15429
Error,43552
Error,40195
Error,44393
Error,41588
Error,18785
Error,23364
Error,29976
Error,16090
Error,44633
Error,41758
Error,41798
Error,41016
Error,17603
Error,21500
Error,29445
Error,15860
Error,48290
Error,44022
Error,43471
Error,43110
Error,19727
Error,21841
Error,29766
Error,16110
Error,43431
Error,41177
Error,43461
Error,42199
Error,19687
Error,23424
Error,29635
Error,16210
Error,44674
Error,42049
Error,42279
Error,40326
Error,19787
Error,23655
Error,18605
Error,15689
Error,52698
Error,41999
Error,41587
Error,41497
Error,19186
Error,22722
Error,14838
Error,15479
Error,43011
Error,42440
Error,41808
Error,42660
Error,19616
Error,23283
Error,30097
Error,16190
Error,43802
Error,42600
Error,41107
Error,40756
Error,18405
Error,21761
Error,30276
Error,16010
Error,44784
Error,47749
Error,43151
Error,42720
Error,21710
Error,26019
Error,19486
Error,15559
Error,47699
Error,41628
Error,40455
Error,39844
Error,18495
Error,22052
Error,16261
Error,14397
Error,40957
Error,39985
Error,40165
Error,39253
Error,18615
Error,20659
Error,16120
Error,13475
Error,40435
Error,39204
Error,43983
Error,40846
Error,18795
Error,22692
Error,15449
Error,15389
Error,42459
Error,41638
Error,40055
Error,39314
Error,18655
Error,21460
Error,38302
Error,13094
Error,40365
Error,40996
Error,38522
Error,21240
Error,20698
Error,87193
Error,35376
Error,15148
Error,41228
Error,39694
Error,38713
Error,38412
Error,17052
Error,20598
Error,14638
Error,13475
Error,46427
Error,41448
Error,42880
Error,41538
Error,19406
Error,22532
Error,16721
Error,15439
Error,42871
Error,40896
Error,39664
Error,40035
Error,18664
Error,22202
Error,14958
Error,14588
Error,47679
Error,46697
Error,48982
Error,39393
Error,17243
Error,20608
Error,14347
Error,13405
Error,44734
Error,42880
Error,40867
Error,40255
Error,19706
Error,22162
Error,15038
Error,12473
UpdateRouteReq,49463
UpdateRouteReq,55353
Error,41277
UpdateRouteReq,28954
Error,43742
Error,42599
Error,42339
Error,23173
Error,25999
Error,14547
Error,15700
Error,44673
Error,43361
Error,48952
Error,40737
Error,19066
Error,26138
Error,14758
Error,16531
Error,45916
Error,47589
Error,48400
Error,47539
Error,22202
Error,22662
Error,15509
Error,16831
Error,47719
Error,46557
Error,46036
Error,40756
Error,19186
Error,22241
Error,14286
Error,14477
Error,42479
Error,39464
Error,44583
Error,44643
Error,19566
Error,22743
Error,13445
Error,14658
Error,42068
Error,40506
Error,46628
Error,39834
Error,18865
Error,22632
Error,13094
Error,14667
Error,42459
Error,40646
Error,49122
Error,40636
Error,19687
Error,22392
Error,13936
Error,13054
Error,40406
Error,38682
Error,44163
Error,44433
Error,19627
Error,22913
Error,14477
Error,15358
Error,43993
Error,41628
Error,40676
Error,40556
Error,19116
Error,21821
Error,14216
Error,14857
Error,41728
Error,40045
Error,45746
Error,39945
Error,19076
Error,21981
Error,14497
Error,13395
Error,40646
Error,39183
Error,45465
Error,40556
Error,20539
Error,22742
Error,29455
Error,14907
Error,43802
Error,43391
Error,42669
Error,40837
Error,19196
Error,24265
Error,29666
Error,14838
Error,42610
Error,39895
Error,47348
Error,42069
Error,20739
Error,22071
Error,17312
Error,14096
Error,43682
Error,41006
Error,47709
Error,43983
Error,20919
Error,24286
Error,21339
Error,16501
Error,45856
Error,43762
Error,48671
Error,41808
Error,20379
Error,23634
Error,16431
Error,15319
Error,79188
Error,44233
Error,43291
Error,42660
Error,19777
Error,24316
Error,15920
Error,16681
Error,53079
Error,49383
Error,42229
Error,47249
Error,22592
Error,26519
Error,12443
Error,15168
Error,43291
Error,39955
Error,46167
Error,40886
Error,19166
Error,22833
Error,16591
Error,13576
Error,42459
Error,40967
Error,39373
Error,38782
Error,18194
Error,21000
Error,17402
Error,13926
Error,44934
Error,40636
Error,42960
Error,41467
Error,19356
Error,22371
Error,14998
Error,14848
Error,44623
Error,40707
Error,40466
Error,39584
Error,19166
Error,22773
Error,13565
Error,15830
Error,43111
Error,40566
Error,38151
Error,38372
Error,18715
Error,20909
Error,14487
Error,15148
Error,42059
Error,40386
Error,39214
Error,40696
Error,19486
Error,22572
Error,14918
Error,14768
Error,42450
Error,40176
Error,39674
Error,40055
Error,18885
Error,22983
Error,17282
Error,15549
Error,41939
Error,41457
Error,41047
Error,38402
Error,20098
Error,23203
Error,38763
Error,17573
Error,47228
Error,42990
Error,42630
Error,42430
Error,20628
Error,24045
Error,19847
Error,16361
Error,43842
Error,42219
Error,41107
Error,42850
Error,20097
Error,23514
Error,27632
Error,16511
Error,44093
Error,42539
Error,42459
Error,40496
Error,18765
Error,22101
Error,26239
Error,14907
Error,49503
Error,43642
Error,44113
Error,43562
Error,21631
Error,25067
Error,10129
Error,17743
Error,45325
Error,43391
Error,45185
Error,46066
Error,22251
Error,26219
Error,27291
Error,16681
Error,42178
Error,40175
Error,39885
Error,47669
Error,21420
Error,22311
Error,16601
Error,14357
Error,46968
Error,42780
Error,41588
Error,41056
Error,20458
Error,23214
Error,16271
Error,16060
Error,42851
Error,42068
Error,40806
Error,40606
Error,19316
Error,21861
Error,13686
Error,16030
Error,41608
Error,40325
Error,39564
Error,40125
Error,17412
Error,20909
Error,15629
Error,14147
Error,40666
FindNodeRsp,21180
Error,41597
Error,40065
Error,40054
Error,19337
Error,22382
Error,15759
Error,14647
Error,40986
Error,35667
Error,45915
UpdateRouteReq,22172
Error,32100
Error,24516
Error,77474
Error,37581
Error,21370
Error,41387
Error,40155
Error,39413
Error,39254
Error,19176
Error,20579
Error,16250
Error,13806
Error,43542
Error,55904
Error,44403
Error,42249
Error,20208
Error,23845
Error,26670
Error,17783
Error,43591
Error,42098
Error,41848
Error,41898
Error,20819
Error,22752
Error,20218
Error,16050
Error,43672
Error,41858
Error,41969
Error,42359
Error,20118
Error,21801
Error,28654
Error,14598
Error,41859
Error,40295
Error,46517
Error,43101
Error,21280
Error,24807
Error,38272
Error,16971
Error,50063
Error,46678
Error,45595
Error,40676
Error,17683
Error,20478
Error,16140
Error,15189
Error,42380
Error,40105
Error,39604
Error,39654
Error,19737
Error,22522
Error,16190
Error,13876
Error,40707
Error,38201
Error,38712
Error,44523
Error,19777
Error,23584
Error,28703
Error,14197
Error,43622
Error,41908
Error,39273
Error,40907
Error,17873
Error,21040
Error,16281
Error,14828
Error,42870
Error,40305
Error,40346
Error,39604
Error,19106
Error,22362
Error,16000
Error,15449
Error,40286
Error,38552
Error,38502
Error,38041
Error,20889
Error,23444
Error,13325
Error,16060
Error,42129
Error,41147
Error,41177
Error,41087
Error,19727
Error,22211
Error,15750
Error,15699
Error,42049
Error,40636
Error,39483
Error,39494
Error,19056
Error,22371
Error,16460
Error,15349
Error,42089
Error,38512
Error,37931
Error,38422
Error,23975
Error,23133
Error,15830
Error,15620
Error,42810
Error,40696
Error,42730
Error,41518
Error,20549
Error,23324
Error,17733
Error,16380
Error,44003
Error,42900
Error,42440
Error,41247
Error,20358
Error,23393
Error,18474
Error,16421
Error,44002
Error,42069
Error,40786
Error,41027
Error,18675
Error,25268
Error,17443
Error,16171
Error,45585
Error,47499
Error,46337
Error,46467
Error,22061
Error,23444
Error,13285
Error,14948
Error,43140
Error,40426
Error,46387
Error,40326
Error,19447
Error,22071
Error,14487
Error,13516
Error,40295
Error,38372
Error,47398
Error,42650
Error,19396
Error,22572
Error,14317
Error,15409
Error,42479
Error,41397
Error,40385
Error,40155
Error,18534
Error,22091
Error,17773
Error,15880
Error,42850
Error,39754
Error,49041
Error,40015
Error,19857
Error,22462
Error,14177
Error,13245
Error,40035
Error,38322
Error,44383
Error,41668
Error,19456
Error,22933
Error,22522
Error,13244
Error,43993
Error,41037
Error,40295
Error,40485
Error,19376
Error,20729
Error,13716
Error,15008
Error,42249
Error,39834
Error,41287
Error,40215
Error,19656
Error,21039
Error,14647
Error,13535
Error,40496
Error,39123
Error,45765
Error,41788
Error,20759
Error,23794
Error,24275
Error,15800
Error,43682
Error,41898
Error,38151
Error,38422
Error,19226
Error,23193
Error,17082
Error,15569
Error,44323
Error,42449
Error,51296
Error,41658
Error,19707
Error,22352
Error,18054
Error,14167
Error,45725
Error,49573
Error,46618
Error,45495
Error,20298
Error,22953
Error,15810
Error,15389
Error,42971
Error,40797
Error,41287
Error,39304
Error,19566
Error,22292
Error,14858
Error,14727
Error,42549
Error,39824
Error,39804
Error,38803
Error,17452
Error,20779
Error,14347
Error,13235
Error,40396
Error,43051
Error,40797
Error,40736
Error,19757
Error,22673
Error,13606
Error,15188
Error,43502
Error,41368
Error,44593
Error,39664
Error,19216
Error,22102
Error,13926
Error,14567
Error,42960
Error,41137
Error,43672
Error,39715
Error,17552
Error,20769
Error,14558
Error,13556
Error,46006
Error,41147
Error,41067
Error,41377
Error,20017
Error,23244
Error,16300
Error,15138
Error,42339
Error,40255
Error,43452
Error,40495
Error,19556
Error,22252
Error,13335
Error,14687
Error,41657
Error,40065
Error,47318
Error,39003
Error,17622
Error,20699
Error,15368
Error,13194
Error,45275
Error,41528
Error,41507
Error,41478
Error,20639
Error,23284
Error,17482
Error,13305
Error,42600
Error,40586
Error,42390
Error,43131
Error,20358
Error,23825
Error,18715
Error,15449
Error,44884
Error,43031
Error,45545
Error,40115
Error,18865
Error,22071
Error,30647
Error,14508
Error,46477
Error,42370
Error,48350
Error,41818
Error,20257
Error,23514
Error,17533
Error,15449
Error,44033
Error,42600
Error,41558
Error,42058
Error,19606
Error,23383
Error,17202
Error,15449
Error,44073
Error,42079
Error,41457
Error,41378
Error,18304
Error,25738
Error,17052
Error,16010
Error,46106
Error,44613
Error,51787
Error,43612
Error,20558
Error,24777
Error,18364
Error,15459
Error,43801
Error,43151
Error,44393
Error,42329
Error,20528
Error,23284
Error,16771
Error,15389
Error,45134
Error,42409
Error,40907
Error,40175
Error,18475
Error,25458
Error,28513
Error,16321
Error,45635
Error,43792
Error,56797
Error,47218
Error,22072
Error,25507
Error,13325
Error,14847
Error,44624
Error,46036
Error,51566
Error,42099
Error,19546
Error,22071
Error,15789
Error,14668
Error,42930
Error,38572
Error,40125
Error,38592
Error,22182
Error,22943
Error,15339
Error,15188
Error,43141
Error,40907
Error,44833
Error,40526
Error,19135
Error,22452
Error,15729
Error,14477
Error,43090
Error,40536
Error,40145
Error,43672
Error,18905
Error,23754
Error,19496
Error,15529
Error,43652
Error,41518
Error,42770
Error,41277
Error,22702
Error,24436
Error,19526
Error,16431
Error,45655
Error,43521
Error,50795
Error,43953
Error,20459
Error,23363
Error,26971
Error,15408
Error,44463
Error,43171
Error,44153
Error,42289
Error,19997
Error,23724
Error,18484
Error,14076
Error,43211
Error,41587
Error,42139
Error,46837
Error,21310
Error,24766
Error,25768
Error,15950
Error,45545
Error,44132
Error,50234
Error,44573
Error,20569
Error,24015
Error,20709
Error,15449
Error,44403
Error,41898
Error,45375
Error,41528
Error,19857
Error,24005
Error,17854
Error,14056
Error,43291
Error,40817
Error,50184
Error,44713
Error,20419
Error,24205
Error,35136
Error,16270
Error,45835
Error,43201
Error,43281
Error,41778
Error,20589
Error,22472
Error,25287
Error,15379
Error,44914
Error,42389
Error,48190
Error,42720
Error,19978
Error,23694
Error,25598
Error,14197
Error,43150
Error,40776
Error,46487
Error,43421
Error,21060
Error,24556
Error,34815
Error,16270
Error,46947
Error,44674
Error,50274
Error,43872
Error,19927
Error,22452
Error,18004
Error,15129
Error,44464
Error,43171
Error,42189
Error,42469
Error,20178
Error,22211
Error,29355
Error,12334
Error,43091
Error,45615
Error,52428
Error,48802
Error,23544
Error,28163
Error,40365
Error,18495
Error,52337
Error,49322
Error,48531
Error,50093
Error,22833
Error,22172
Error,29074
Error,13425
Error,44703
Error,42600
Error,48721
Error,42379
Error,19987
Error,22141
Error,27993
Error,12333
Error,43802
Error,46237
Error,44724
Error,43511
Error,20809
Error,25027
Error,30247
Error,16762
Error,45956
Error,44052
Error,46176
Error,52839
Error,20318
Error,24025
Error,35887
Error,16921
Error,44784
Error,43150
Error,48200
Error,42470
Error,19045
Error,21720
Error,25718
Error,14086
Error,42880
Error,48050
Error,50174
Error,43802
Error,20910
Error,24446
Error,29715
Error,16541
Error,46086
Error,41318
Error,42880
Error,39684
Error,20438
Error,23494
Error,28744
Error,13605
Error,44212
Error,42259
Error,47699
Error,42570
Error,18835
Error,22111
Error,29435
Error,13745
Error,57367
Error,44694
Error,42079
Error,48020
Error,20318
Error,23534
Error,27682
Error,15550
Error,44173
Error,42199
Error,46317
Error,42188
Error,19807
Error,23303
Error,28203
Error,15489
Error,44052
Error,41959
Error,45075
Error,43060
Error,18234
Error,21730
Error,30227
Error,13816
Error,48511
Error,44433
Error,43491
Error,42790
Error,20548
Error,24376
Error,29686
Error,13345
Error,45655
Error,43852
Error,47178
Error,41358
Error,18775
Error,22242
Error,28694
Error,13886
Error,44683
Error,42400
Error,48942
Error,40536
Error,18775
Error,21730
Error,27912
Error,13365
Error,48952
Error,45144
Error,45315
Error,43261
Error,21019
Error,24075
Error,19065
Error,16250
Error,44884
Error,43291
Error,45395
Error,41938
Error,20178
Error,23724
Error,29255
Error,13295
Error,44803
Error,42610
Error,41578
Error,41086
Error,18265
Error,21891
Error,31599
Error,15228
Error,47078
Error,42340
Error,44042
Error,42098
Error,19627
Error,22452
Error,28453
Error,14327
Error,44523
Error,42299
Error,49242
Error,42389
Error,19817
Error,23303
Error,29044
Error,15749
Error,43772
Error,42239
Error,46327
Error,40265
Error,18885
Error,22963
Error,26640
Error,15919
Error,44733
Error,42840
Error,48421
Error,41708
Error,20008
Error,23564
Error,29084
Error,15559
Error,43351
Error,42229
Error,50043
Error,41929
Error,20128
Error,23354
Error,29255
Error,12554
Error,44914
Error,42800
Error,45235
Error,40135
Error,18685
Error,26219
Error,18455
Error,16732
Error,46096
Error,43632
Error,50384
Error,43752
Error,20989
Error,23765
Error,28543
Error,12894
Error,43742
Error,42128
Error,47870
Error,40405
Error,18815
Error,23464
Error,26059
Error,15689
Error,44804
Error,42209
Error,43641
Error,40256
Error,19106
Error,24586
Error,28753
Error,15389
Error,44503
Error,43060
Error,50584
Error,45785
Error,22282
Error,25578
Error,29515
Error,14116
Error,41467
Error,46127
Error,54191
Error,38643
Error,17492
Error,22362
Error,14738
Error,14427
Error,41688
Error,39273
Error,38492
Error,38753
Error,21380
Error,23303
Error,15258
Error,15468
Error,42560
Error,42008
Error,49813
Error,41388
Error,19116
Error,22011
Error,14568
Error,14828
Error,42810
Error,40546
Error,41107
Error,40176
Error,18705
Error,22382
Error,15659
Error,14838
Error,41187
Error,39504
Error,40706
Error,43752
Error,19566
Error,22332
Error,14697
Error,14827
Error,42419
Error,40004
Error,47419
Error,40315
Error,18926
Error,22812
Error,13055
Error,14487
Error,42669
Error,40616
Error,41378
Error,38983
Error,18856
Error,22181
Error,14627
Error,13576
Error,41017
Error,38122
Error,40526
Error,44052
Error,20258
Error,23113
Error,18424
Error,16851
Error,42659
Error,46076
Error,43732
Error,40836
Error,19236
Error,22151
Error,17142
Error,15570
Error,44763
Error,42580
Error,44193
Error,41738
Error,20047
Error,23494
Error,17944
Error,14116
Error,43161
Error,41938
Error,51847
Error,43401
Error,19897
Error,24766
Error,31670
Error,16350
Error,45665
Error,43121
Error,42239
Error,43031
Error,20408
Error,22121
Error,18825
Error,17964
Error,44803
Error,42539
Error,44924
Error,41969
Error,21170
Error,22041
Error,25618
Error,14357
Error,43722
Error,47679
Error,44713
Error,42900
Error,20969
Error,24676
Error,17994
Error,16401
Error,45996
Error,43281
Error,50354
Error,41808
Error,20027
Error,23965
Error,14798
Error,15359
Error,44263
Error,42279
Error,47569
Error,42840
Error,19206
Error,21971
Error,29275
Error,13966
Error,48540
Error,44153
Error,43431
Error,50705
Error,21139
Error,24246
Error,17383
Error,16401
Error,45605
Error,42199
Error,48851
Error,42910
Error,20168
Error,24456
Error,15279
Error,15489
Error,44964
Error,42229
Error,49884
Error,41187
Error,18615
Error,22181
Error,35687
Error,16050
Error,46617
Error,43522
Error,44733
Error,42280
Error,20668
Error,24195
Error,16982
Error,16921
Error,44232
Error,43120
Error,54682
Error,47329
Error,22332
Error,26209
Error,36759
Error,11922
Error,50154
Error,48350
Error,48050
Error,45565
Error,21450
Error,29224
Error,36067
Error,10941
Error,46346
Error,44183
Error,49953
Error,43502
Error,20599
Error,22112
Error,28513
Error,14056
Error,44253
Error,42840
Error,49171
Error,42389
Error,19947
Error,23334
Error,28463
Error,15499
Error,43532
Error,42730
Error,42519
Error,41176
Error,18876
Error,24165
Error,29305
Error,12553
Error,43932
Error,42399
Error,49572
Error,42339
Error,20037
Error,22402
Error,26059
Error,14066
Error,44082
Error,42960
Error,49503
Error,42780
Error,20097
Error,23494
Error,28974
Error,18053
Error,44573
Error,41317
Error,45816
Error,40966
Error,22041
Error,24967
Error,27982
Error,14387
Error,45144
Error,43591
Error,49743
Error,43752
Error,20769
Error,31739
Error,80601
Error,56085
Error,44594
Error,41728
Error,43141
Error,42339
Error,20098
Error,23554
Error,29655
Error,13795
Error,44574
Error,41488
Error,40265
Error,41177
Error,23063
Error,24585
Error,29344
Error,14357
Error,45586
Error,43923
Error,48381
Error,43151
Error,19707
Error,22252
Error,28994
Error,13745
Error,43331
Error,42990
Error,41537
Error,42360
Error,19918
Error,23464
Error,29065
Error,13635
Error,44593
Error,41928
Error,41678
Error,40456
Error,21741
Error,24416
Error,29445
Error,13645
Error,45154
Error,44293
Error,50214
Error,43642
Error,18885
Error,21951
Error,28944
Error,12473
Error,43401
Error,43561
Error,46557
Error,41517
Error,19857
Error,23404
Error,27912
Error,14386
Error,43582
Error,41096
Error,40586
Error,49363
Error,20488
Error,23704
Error,28764
Error,13546
Error,43983
Error,42229
Error,46237
Error,45385
Error,20518
Error,21801
Error,15308
Error,13375
Error,48371
Error,45525
Error,44873
Error,43902
Error,21520
Error,21580
Error,15779
Error,13345
Error,41267
Error,40015
Error,45215
Error,41849
Error,19777
Error,23634
Error,29165
Error,15188
Error,44223
Error,42169
Error,48330
Error,40155
Error,18926
Error,21520
Error,16240
Error,13416
Error,42419
Error,40706
Error,39754
Error,40165
Error,19306
Error,22472
Error,15740
Error,13465
Error,41457
Error,39574
Error,47649
Error,42400
Error,19837
Error,23103
Error,14567
Error,15268
Error,43922
Error,41538
Error,46187
Error,39934
Error,19076
Error,22382
Error,13805
Error,15800
Error,42469
Error,40716
Error,39724
Error,40035
Error,20298
Error,21860
Error,29595
Error,12483
Error,43451
Error,40837
Error,46477
Error,45284
Error,20629
Error,24936
Error,31549
Error,16451
Error,46867
Error,45284
Error,50144
Error,42851
Error,20428
Error,22341
Error,17362
Error,14056
Error,46066
Error,42740
Error,45245
Error,42389
Error,20118
Error,22512
Error,28443
Error,14417
Error,42470
Error,39224
Error,46898
Error,44674
Error,21340
Error,24946
Error,33332
Error,16541
Error,46056
Error,44713
Error,49222
Error,41578
Error,18806
Error,23604
Error,17853
Error,16341
Error,44804
Error,43251
Error,46056
Error,42439
Error,20177
Error,22422
Error,26740
Error,14277
Error,43461
Error,41347
Error,47599
Error,43782
Error,20679
Error,24586
Error,29144
Error,16090
Error,46467
Error,43712
Error,48350
Error,42500
Error,20748
Error,23584
Error,17032
Error,16851
Error,44393
Error,42991
Error,51416
Error,42649
Error,19126
Error,22753
Error,27842
Error,14216
Error,43532
Error,48000
Error,44233
Error,44404
Error,20288
Error,24767
Error,17904
Error,16310
Error,45805
Error,43041
Error,45895
Error,42449
Error,20799
Error,23684
Error,18765
Error,15249
Error,44924
Error,42960
Error,44593
Error,43200
Error,18715
Error,22482
Error,28233
Error,13936
Error,52087
Error,48751
Error,47559
Error,47509
Error,23003
Error,27181
Error,37069
Error,12013
Error,51165
Error,48130
Error,44884
Error,46276
Error,18885
Error,23454
Error,28454
Error,15469
Error,44393
Error,42399
Error,48210
Error,41227
Error,18685
Error,22271
Error,39194
Error,15920
Error,45114
Error,42980
Error,50514
Error,42128
Error,20418
Error,24125
Error,28543
Error,15569
Error,44012
Error,42219
Error,49813
Error,42449
Error,20488
Error,23704
Error,28453
Error,12683
Error,44584
Error,43621
Error,47830
Error,40145
Error,18645
Error,28263
Error,28193
Error,13055
Error,44974
Error,42980
Error,43482
Error,41839
Error,20267
Error,22041
Error,29545
Error,14066
Error,43751
Error,41468
Error,44744
Error,42479
Error,20559
Error,23343
Error,28403
Error,12664
Error,44573
Error,42058
Error,43802
Error,41427
Error,18755
Error,26189
Error,29344
Error,14016
Error,45495
Error,44554
Error,49282
Error,43992
Error,20819
Error,22141
Error,29155
Error,12814
Error,43150
Error,41558
Error,43191
Error,42259
Error,20018
Error,23404
Error,28132
Error,15449
Error,45254
Error,42640
Error,42319
Error,40936
Error,18845
Error,24506
Error,28994
Error,15469
Error,45074
Error,42610
Error,47990
Error,42009
Error,20488
Error,23634
Error,29736
Error,14728
Error,44573
Error,42700
Error,48140
Error,40245
Error,19116
Error,22342
Error,28424
Error,15569
Error,43862
Error,41347
Error,46187
Error,40275
Error,22001
Error,26008
Error,32230
Error,9338
Error,49362
Error,47298
Error,40746
Error,46718
Error,22743
Error,24395
Error,15269
Error,14848
Error,42289
Error,39754
Error,48240
Error,39473
Error,18634
Error,23113
Error,14838
Error,13355
Error,40436
Error,38652
Error,39514
Error,44603
Error,19787
Error,23244
Error,14457
Error,15349
Error,43001
Error,41567
Error,47118
Error,40315
Error,19276
Error,21881
Error,13836
Error,15148
Error,43071
Error,40766
Error,48009
Error,39003
Error,19397
Error,22583
Error,15018
Error,13575
Error,41036
Error,39213
Error,41678
Error,44813
Error,20198
Error,23374
Error,14917
Error,15789
Error,43010
Error,41698
Error,48981
Error,40476
Error,19226
Error,22051
Error,14678
Error,14888
Error,42800
Error,40215
Error,39704
Error,39705
Error,19065
Error,22171
Error,14317
Error,13445
Error,41328
Error,38853
Error,47409
Error,41527
Error,19166
Error,23033
Error,16862
Error,15048
Error,41939
Error,41878
Error,43181
Error,43021
Error,20398
Error,24116
Error,19597
Error,15359
Error,44724
Error,43261
Error,50374
Error,43592
Error,20158
Error,23414
Error,28222
Error,14337
Error,44062
Error,41097
Error,47869
Error,44904
Error,21490
Error,25067
Error,33002
Error,17252
Error,47579
Error,48140
Error,54262
Error,47098
Error,22221
Error,21090
Error,16672
Error,15389
Error,48200
Error,45966
Error,50124
Error,41307
Error,19326
Error,20899
Error,16030
Error,13274
Error,41297
Error,45145
Error,41437
Error,41748
Error,26109
Error,22612
Error,13996
Error,15569
Error,43792
Error,42339
Error,40336
Error,39764
Error,19597
Error,22772
Error,16131
Error,14668
Error,42389
Error,40786
Error,39855
Error,40967
Error,19006
Error,21610
Error,16110
Error,13175
Error,41247
Error,46187
Error,42389
Error,41087
Error,19566
Error,23123
Error,15589
Error,15660
Error,44333
Error,42109
Error,43741
Error,39995
Error,19236
Error,22783
Error,13666
Error,14687
Error,42479
Error,40245
Error,42439
Error,40836
Error,18324
Error,20569
Error,16591
Error,13505
Error,41387
Error,44774
Error,42108
Error,41217
Error,19837
Error,23374
Error,13666
Error,15519
Error,44093
Error,42079
Error,40545
Error,41789
Error,19286
Error,24305
Error,17893
Error,15839
Error,44152
Error,42800
Error,49402
Error,42860
Error,18986
Error,22402
Error,25608
Error,14197
Error,48380
Error,44232
Error,44282
Error,44273
Error,20979
Error,24455
Error,18073
Error,16410
Error,45856
Error,41928
Error,42219
Error,42369
Error,20388
Error,23935
Error,27712
Error,16070
Error,45255
Error,42740
Error,49703
Error,40646
Error,19938
Error,22221
Error,22592
Error,21070
Error,47108
Error,44103
Error,48130
Error,41428
Error,19958
Error,25788
Error,18425
Error,17894
Error,47729
Error,45495
Error,53299
Error,43120
Error,21971
Error,25658
Error,30257
Error,16761
Error,43482
Error,40506
Error,47218
Error,38852
Error,18144
Error,24836
Error,14236
Error,15489
Error,43953
Error,42659
Error,51256
Error,41077
Error,20368
Error,23093
Error,15840
Error,16902
Error,43041
Error,41087
Error,40246
Error,40115
Error,19346
Error,22523
Error,16010
Error,14747
Error,42640
Error,40977
Error,39474
Error,38382
Error,17653
Error,24546
Error,27471
Error,12594
Error,43992
Error,42109
Error,40565
Error,41758
Error,20017
Error,20970
Error,16391
Error,13435
Error,41979
Error,40756
Error,45115
Error,40756
Error,19607
Error,22242
Error,16009
Error,15198
Error,43171
Error,41087
Error,43301
Error,40245
Error,26088
Error,24465
Error,15820
Error,15999
Error,44613
Error,41588
Error,47249
Error,42971
Error,20038
Error,23574
Error,17413
Error,15559
Error,45275
Error,42149
Error,49122
Error,41197
Error,20428
Error,23674
Error,27953
Error,15820
Error,44413
Error,41377
Error,48190
Error,55854
Error,21410
Error,24205
Error,16291
Error,15750
Error,44122
Error,39654
Error,45455
Error,45676
Error,21400
Error,22231
Error,13886
Error,14927
Error,41838
Error,40927
Error,46447
Error,40155
Error,19226
Error,22322
Error,16281
Error,13776
Error,40977
Error,39184
Error,44934
Error,41608
Error,20919
Error,23915
Error,29555
Error,14246
Error,44192
Error,42429
Error,42229
Error,41127
Error,17673
Error,20809
Error,20098
Error,10280
Error,42480
Error,40656
Error,39864
Error,40095
Error,18935
Error,22221
Error,15519
Error,13465
Error,40836
Error,39043
Error,38852
Error,37690
Error,21089
Error,23244
Error,15148
Error,15519
Error,42350
Error,42229
Error,41457
Error,41688
Error,22502
Error,25688
Error,30086
Error,15939
Error,42520
Error,40666
Error,39985
Error,39463
Error,17653
Error,21229
Error,15369
Error,14807
Error,42881
Error,43391
Error,41587
Error,41527
Error,18625
Error,24796
Error,26480
Error,16621
Error,45475
Error,43822
Error,44183
Error,43942
Error,20708
Error,23995
Error,25548
Error,15870
Error,45144
Error,43261
Error,41728
Error,43271
Error,19637
Error,23524
Error,19226
Error,15919
Error,45535
Error,42670
Error,42910
Error,40927
Error,18555
Error,21701
Error,25999
Error,14027
Error,51657
Error,44363
Error,41788
Error,41497
Error,19476
Error,23103
Error,17583
Error,17392
Error,47088
Error,45505
Error,45796
Error,46477
Error,20177
Error,22172
Error,15849
Error,16842
Error,47569
Error,45565
Error,41658
Error,40376
Error,19206
Error,20518
Error,16561
Error,13525
Error,40996
Error,38201
Error,45154
Error,41097
Error,19336
Error,23134
Error,31038
Error,14737
Error,42850
Error,42018
Error,39123
Error,38602
Error,17573
Error,20568
Error,16380
Error,14778
Error,42459
Error,40947
Error,40335
Error,39845
Error,18805
Error,22181
Error,15279
Error,14838
Error,40426
Error,40165
Error,39894
Error,38833
Error,21149
Error,22812
Error,15980
Error,15880
Error,43402
Error,41768
Error,40716
Error,41398
Error,19607
Error,22352
Error,16761
Error,14738
Error,42028
Error,40776
Error,40697
Error,40536
Error,18634
Error,22141
Error,16822
Error,14838
Error,41518
Error,40966
Error,40696
Error,38833
Error,17933
Error,20989
Error,16341
Error,15810
Error,44584
Error,44573
Error,44413
Error,43772
Error,20979
Error,23925
Error,25327
Error,12904
Error,46657
Error,44353
Error,40496
Error,40776
Error,18465
Error,23754
Error,17352
Error,15769
Error,44964
Error,43161
Error,41628
Error,42860
Error,18144
Error,21801
Error,18144
Error,14457
Error,42570
Error,48100
Error,44242
Error,43451
Error,20288
Error,23995
Error,17503
Error,16150
Error,46117
Error,48451
Error,46036
Error,45425
Error,21681
Error,22421
Error,14938
Error,17142
Error,47960
Error,45926
Error,45064
Error,42138
Error,18675
Error,21230
Error,17182
Error,13916
Error,41818
Error,44633
Error,43000
Error,42119
Error,20599
Error,23003
Error,29936
Error,15268
Error,43531
Error,42269
Error,42289
Error,40786
Error,17503
Error,20889
Error,14026
Error,14257
Error,43301
Error,40155
Error,40595
Error,39914
Error,18946
Error,22622
Error,16320
Error,13735
Error,41147
Error,39293
Error,39965
Error,37831
Error,21410
Error,23294
Error,14717
Error,15299
Error,43220
Error,42209
Error,40396
Error,41989
Error,19857
Error,22201
Error,14477
Error,15199
Error,41588
Error,39755
Error,40966
Error,40125
Error,19466
Error,22181
Error,14727
Error,15098
Error,42910
Error,41598
Error,46186
Error,38742
Error,17182
Error,23073
Error,15149
Error,15368
Error,42659
Error,40015
Error,41778
Error,39163
Error,20258
Error,23825
Error,18455
Error,15679
Error,44042
Error,42900
Error,42861
Error,41868
Error,19987
Error,23624
Error,18745
Error,14367
Error,42800
Error,41908
Error,41016
Error,47969
Error,21079
Error,24436
Error,25117
Error,16401
Error,44794
Error,43511
Error,46127
Error,46116
Error,21370
Error,22462
Error,14968
Error,15199
Error,41518
Error,40917
Error,39765
Error,40676
Error,18074
Error,20809
Error,15529
Error,13966
Error,44233
Error,41397
Error,41688
Error,41969
Error,19215
Error,23093
Error,13875
Error,15720
Error,43421
Error,39965
Error,45596
Error,40315
Error,19296
Error,22172
Error,14817
Error,15048
Error,42259
Error,40515
Error,39213
Error,38712
Error,21410
Error,23333
Error,13475
Error,15840
Error,42550
Error,41958
Error,45956
Error,40606
Error,19747
Error,22111
Error,14808
Error,14978
Error,42439
Error,45835
Error,45375
Error,43571
Error,18715
Error,20649
Error,14578
Error,13525
Error,40526
Error,39153
Error,45976
Error,42740
Error,19617
Error,23183
Error,15529
Error,15729
Error,43431
Error,44173
Error,44093
Error,42499
Error,20047
Error,24014
Error,24666
Error,15750
Error,44724
Error,42770
Error,46607
Error,45004
Error,20148
Error,24226
Error,34604
Error,10159
Error,47418
Error,45065
Error,54883
Error,45715
Error,19447
Error,23053
Error,13735
Error,15639
Error,43932
Error,41187
Error,40406
Error,40216
Error,18575
Error,22121
Error,13084
Error,14998
Error,43351
Error,43361
Error,39655
Error,39063
Error,20839
Error,22792
Error,15008
Error,16702
Error,43912
Error,41418
Error,45004
Error,40927
Error,20048
Error,22392
Error,14888
Error,14858
Error,42529
Error,41437
Error,39664
Error,39644
Error,18645
Error,22362
Error,16982
Error,13766
Error,41167
Error,38392
Error,38562
Error,42630
Error,19326
Error,23754
Error,16631
Error,15158
Error,43061
Error,41156
Error,40506
Error,39994
Error,18926
Error,21541
Error,15218
Error,14898
Error,42650
Error,40766
Error,40075
Error,39784
Error,19036
Error,21190
Error,15649
Error,13836
Error,41357
Error,45114
Error,42600
Error,41297
Error,19316
Error,22732
Error,13596
Error,15539
Error,43211
Error,41978
Error,41127
Error,40205
Error,18835
Error,24836
Error,32821
Error,11090
Error,44403
Error,42399
Error,41117
Error,40576
Error,18826
Error,21701
Error,31770
Error,21340
Error,50896
Error,42560
Error,40455
Error,41988
Error,20368
Error,22302
Error,17142
Error,14387
Error,45625
Error,42700
Error,42479
Error,43051
Error,20078
Error,23424
Error,16821
Error,15790
Error,45936
Error,41788
Error,41197
Error,40986
Error,21991
Error,24947
Error,18624
Error,16311
Error,46037
Error,43712
Error,45515
Error,43682
Error,22742
Error,25378
Error,29997
Error,15469
Error,46086
Error,41056
Error,45154
Error,44303
Error,19096
Error,22282
Error,15810
Error,13676
Error,41047
Error,39844
Error,44714
Error,42028
Error,20037
Error,22583
Error,14868
Error,15820
Error,42500
Error,42259
Error,40566
Error,40355
Error,18816
Error,22412
Error,13826
Error,14757
Error,42760
Error,39825
Error,40225
Error,38522
Error,18064
Error,20488
Error,14938
Error,15118
Error,42249
Error,39213
Error,48370
Error,40135
Error,18123
Error,22342
Error,14037
Error,14938
Error,42579
Error,40266
Error,38883
FindNodeReq,39224
Error,40075
Error,20217
Error,23234
Error,25548
Error,15910
Error,44143
Error,42520
Error,42198
Error,40305
Error,18625
Error,28664
Error,15369
Error,15890
Error,44403
Error,42860
Error,50104
Error,42449
Error,20308
Error,23494
Error,18525
Error,15829
Error,45044
Error,42940
Error,44773
Error,42069
Error,20007
Error,23735
Error,16100
Error,15569
Error,44443
Error,42339
Error,40786
Error,40266
Error,18094
Error,25468
Error,18054
Error,16561
Error,48771
Error,46668
Error,57508
Error,46156
Error,19717
Error,22552
Error,15309
Error,14928
Error,42700
Error,40937
Error,40165
Error,40646
Error,20939
Error,22312
Error,15499
Error,14848
Error,42059
Error,40215
Error,38912
Error,38602
Error,17372
Error,23885
Error,15509
Error,15790
Error,42780
Error,41598
Error,43542
Error,40797
Error,19837
Error,22171
Error,15218
Error,15288
Error,42459
Error,39264
Error,40075
Error,40595
Error,18975
Error,22001
Error,15038
Error,14958
Error,47258
Error,41087
Error,41938
Error,38853
Error,17142
Error,23884
Error,15639
Error,15559
Error,42951
Error,40786
Error,44132
Error,40195
Error,19156
Error,22612
Error,15309
Error,15058
Error,41698
Error,39955
Error,40155
Error,39835
Error,19716
Error,22762
Error,13456
Error,15138
Error,42039
Error,40736
Error,41317
Error,40856
Error,18255
Error,24075
Error,16591
Error,15980
Error,44544
Error,42640
Error,44584
Error,41387
Error,19707
Error,23404
Error,16361
Error,15830
Error,44293
Error,42209
Error,41968
Error,42440
Error,20218
Error,23754
Error,16652
Error,15750
Error,44984
Error,41428
Error,43551
Error,40395
Error,18625
Error,23494
Error,17122
Error,15930
Error,48150
Error,45585
Error,55855
Error,42550
Error,18865
Error,22272
Error,15539
Error,14828
Error,42649
Error,40536
Error,41388
Error,39875
Error,19006
Error,22592
Error,15519
Error,15298
Error,41949
Error,39104
Error,38863
Error,38311
Error,21911
Error,22693
Error,15249
Error,15599
Error,43010
Error,41929
Error,43582
Error,53079
Error,25368
Error,24315
Error,17102
Error,14287
Error,42860
Error,41177
Error,41097
Error,40285
Error,18745
Error,22532
Error,16932
Error,15129
Error,42800
Error,39634
Error,39193
Error,39754
Error,20198
Error,23073
Error,14938
Error,15930
Error,42871
Error,41307
Error,41648
FindNodeRsp,19867
Error,40606
Error,18885
Error,22312
Error,15499
Error,14788
Error,42219
Error,41117
Error,43521
Error,40856
Error,20088
Error,22181
Error,77615
Error,56586
Error,41728
Error,39704
Error,47319
Error,39714
Error,20247
Error,23033
Error,15398
Error,15950
Error,44884
Error,43963
Error,48360
Error,42369
Error,19536
Error,22903
Error,17803
Error,15439
Error,44142
Error,41928
Error,41498
Error,41498
Error,19256
Error,22361
Error,18184
Error,15118
Error,57397
Error,43812
Error,46877
Error,41577
Error,22872
Error,28543
Error,53690
Error,20549
Error,58420
Error,53500
Error,51456
Error,51777
Error,22963
Error,31719
Error,83947
Error,53039
Error,52829
Error,49312
Error,49953
Error,48711
Error,23123
Error,30046
Error,68217
Error,41107
Error,46347
Error,43832
Error,44112
Error,47699
Error,22633
Error,29204
Error,51997
Error,21911
Error,51176
Error,46967
Error,46326
Error,46567
Error,22382
Error,30247
Error,71153
Error,45645
Error,47318
Error,44002
Error,45214
Error,43912
Error,22371
Error,29265
Error,69911
Error,42380
Error,46187
Error,41888
Error,48300
Error,44563
Error,22032
Error,28473
Error,70862
Error,44663
Error,47719
Error,44413
Error,44674
Error,42669
Error,20789
Error,27712
Error,59591
Error,29104
Error,46978
Error,42820
Error,41528
Error,42760
Error,18815
Error,25298
Error,66544
Error,38301
Error,50034
Error,44513
Error,43221
Error,43591
Error,21540
Error,26950
Error,64029
Error,36048
Error,47880
Error,42720
Error,43040
Error,40606
Error,18504
Error,26189
Error,63108
Error,34024
Error,45665
Error,42860
Error,41497
Error,41157
Error,21881
Error,27251
Error,62958
Error,36017
Error,47379
Error,44262
Error,43781
Error,43622
Error,20559
Error,26068
Error,62136
Error,33653
Error,46377
Error,42329
Error,40265
Error,41358
Error,20127
Error,26028
Error,64671
Error,35366
Error,45926
Error,41769
Error,41588
Error,47659
Error,21550
Error,27060
Error,70252
Error,42369
Error,47119
Error,44513
Error,43250
Error,41478
Error,19005
Error,25047
Error,63569
Error,34344
Error,45034
Error,43311
Error,41799
Error,42399
Error,19757
Error,25768
Error,73548
Error,44373
Error,45365
Error,40706
Error,40556
Error,40686
Error,18354
Error,29014
Error,52929
Error,23133
Error,49482
Error,44554
Error,44133
Error,43662
Error,20459
Error,25067
Error,63408
Error,34826
Error,45104
Error,41498
Error,41598
Error,41547
Error,20509
Error,26469
Error,65101
Error,36048
Error,45635
Error,42269
Error,42349
Error,41498
Error,18815
Error,24856
Error,70552
Error,43361
Error,44674
Error,44393
Error,43852
Error,43281
Error,20678
Error,27261
Error,69650
Error,41738
Error,45596
Error,44152
Error,41348
Error,40185
Error,19637
Error,26099
Error,64711
Error,36147
Error,46096
Error,42720
Error,43401
Error,43171
Error,20398
Error,24676
Error,68859
Error,41297
Error,44774
Error,40797
Error,41548
Error,45054
Error,18545
Error,27150
Error,68098
Error,41478
Error,47929
Error,44232
Error,44704
Error,44243
Error,20428
Error,24837
Error,65192
Error,35987
Error,44814
Error,42239
Error,40946
Error,42159
Error,19938
Error,24546
Error,65392
Error,36599
Error,45746
Error,42079
Error,41197
Error,40666
Error,18545
Error,27421
Error,59792
Error,33011
Error,48180
Error,47729
Error,47459
Error,46336
Error,22522
Error,28444
Error,48531
Error,20768
Error,51586
Error,44373
Error,44874
Error,43932
Error,22291
Error,27862
Error,52117
Error,21711
Error,46086
Error,44033
Error,40586
Error,40696
Error,18234
Error,23404
Error,50655
Error,22121
Error,49803
Error,42960
Error,42119
Error,41106
Error,19466
Error,23704
Error,46266
Error,17352
Error,46637
Error,40295
Error,39294
Error,39685
Error,17523
Error,23193
Error,47369
Error,16281
Error,44854
Error,39604
Error,38903
Error,39995
Error,17283
Error,23354
Error,47299
Error,16671
Error,45205
Error,40906
Error,45084
Error,40235
Error,19176
Error,25238
Error,54752
Error,24145
Error,45596
Error,41748
Error,38041
Error,39273
Error,18394
Error,23323
Error,60333
Error,34364
Error,43130
Error,39704
Error,39363
Error,41769
Error,18815
Error,25267
Error,64461
Error,37580
Error,45395
Error,40986
Error,40216
Error,40946
Error,18725
Error,25688
Error,63899
Error,36528
Error,45415
Error,41638
Error,42158
Error,42179
Error,18545
Error,25729
Error,58179
Error,26930
Error,46777
Error,41859
Error,41287
Error,41378
Error,18695
Error,25257
Error,63629
Error,37280
Error,44634
Error,41808
Error,41347
Error,40536
Error,18735
Error,25077
Error,65062
Error,35356
Error,51767
Error,44423
Error,44924
Error,45305
Error,20428
Error,27983
Error,58269
Error,27261
Error,46557
Error,43641
Error,42840
Error,41177
Error,18735
Error,25247
Error,56526
Error,24326
Error,46637
Error,43422
Error,41487
Error,41998
Error,20208
Error,25337
Error,56996
Error,26339
Error,46607
Error,41247
Error,47949
Error,43511
Error,20558
Error,27261
Error,70502
Error,42760
Error,46317
Error,43712
Error,40876
Error,40165
Error,18755
Error,24987
Error,57106
Error,26690
Error,45595
Error,43591
Error,41067
Error,42650
Error,20728
Error,26509
Error,59541
Error,27181
Error,47068
Error,41758
Error,41147
Error,41337
Error,19005
Error,25137
Error,65823
Error,36649
Error,45315
Error,40606
Error,41157
Error,41047
Error,18464
Error,25217
Error,56646
Error,25327
Error,45916
Error,41457
Error,40636
Error,40515
Error,18665
Error,25457
Error,64130
Error,35667
Error,45876
Error,47419
Error,46357
Error,45805
Error,21661
Error,29234
Error,79429
Error,48180
Error,49804
Error,45816
Error,51587
Error,48772
Error,22933
Error,30637
Error,80761
Error,48340
Error,46638
Error,42048
Error,41297
Error,40376
Error,18445
Error,25097
Error,64952
Error,37270
Error,44753
Error,42780
Error,40927
Error,41116
Error,18355
Error,26239
Error,63068
Error,35045
Error,45996
Error,41878
Error,40666
Error,39915
Error,18404
Error,24827
Error,68688
Error,40757
Error,45174
Error,41207
Error,40766
Error,40586
Error,18575
Error,25137
Error,69410
Error,40886
Error,45505
Error,41307
Error,41007
Error,40425
Error,47489
Error,26229
Error,64631
Error,36328
Error,45335
Error,42209
Error,41678
Error,41046
Error,18655
Error,28613
Error,65172
Error,36849
Error,47980
Error,43612
Error,45475
Error,42650
Error,19997
Error,26250
Error,64842
Error,37481
Error,46907
Error,41648
Error,41638
Error,40316
Error,19266
Error,26109
Error,69450
Error,41638
Error,45134
Error,42539
Error,41918
Error,41007
Error,19246
Error,25868
Error,50344
Error,18956
Error,48260
Error,42089
Error,43421
Error,43131
Error,21571
Error,28333
Error,65973
Error,42169
Error,47229
Error,45435
Error,46187
Error,43030
Error,21239
Error,31229
Error,74910
Error,49843
Error,47759
Error,44563
Error,45645
Error,43511
Error,21430
Error,28033
Error,71874
Error,45936
Error,47689
Error,44072
Error,44453
Error,42680
Error,20749
Error,26430
Error,70201
Error,43822
Error,46918
Error,43722
Error,45375
Error,43291
Error,19656
Error,26480
Error,67526
Error,39444
Error,44934
Error,41528
Error,43462
Error,41077
Error,18705
Error,28313
Error,65653
Error,37731
Error,48110
Error,43922
Error,44924
Error,42449
Error,19877
Error,25769
Error,66525
Error,37620
Error,45204
Error,40817
Error,41508
Error,42370
Error,20328
Error,32862
Error,22743
Error,16752
Error,45795
Error,43862
Error,41768
Error,41257
Error,18425
Error,25878
Error,27782
Error,17052
Error,46898
Error,44573
Error,46757
Error,43000
Error,20298
Error,23584
Error,29285
Error,14998
Error,45656
Error,42910
Error,41137
Error,40255
Error,18174
Error,22361
Error,28744
Error,13846
Error,44593
Error,42891
Error,42209
Error,41517
Error,19106
Error,25848
Error,26770
Error,16662
Error,45224
Error,44052
Error,48270
Error,43491
Error,19787
Error,23404
Error,29536
Error,12694
Error,44654
Error,43362
Error,41788
Error,40075
Error,18695
Error,22913
Error,27582
Error,15550
Error,44513
Error,43000
Error,40025
Error,41287
Error,18514
Error,25607
Error,27992
Error,14697
Error,46727
Error,43401
Error,48551
Error,42861
Error,19756
Error,23504
Error,30146
Error,14678
Error,45956
Error,42840
Error,40536
Error,40566
Error,18254
Error,23634
Error,28383
Error,12704
Error,44884
Error,43291
Error,41648
Error,41107
Error,18544
Error,25117
Error,27622
Error,17042
Error,45034
Error,44263
Error,47339
Error,42299
Error,20308
Error,23104
Error,25828
Error,15890
Error,44263
Error,44022
Error,41959
FindNodeReq,36498
Error,40827
FindNodeReq,37159
FindNodeReq,34304
Error,19847
FindNodeReq,58459
Error,42219
Error,38622
Error,14978
Error,54372
Error,41878
Error,40566
Error,40956
Error,22622
Error,24306
Error,28052
Error,16661
Error,45004
Error,46697
Error,46186
Error,45265
Error,21571
Error,22712
Error,17503
Error,16991
Error,48711
Error,41157
Error,40677
Error,41527
Error,19146
Error,22833
Error,16581
Error,13014
Error,42350
Error,41026
Error,39263
Error,38622
Error,18044
Error,23464
Error,16761
Error,14236
Error,71384
Error,47018
Error,42900
Error,46677
Error,22031
Error,31208
Error,20248
Error,17613
Error,48300
Error,45154
Error,43271
Error,44583
Error,23304
Error,27681
Error,28013
Error,18805
Error,45816
Error,43501
Error,43201
Error,42790
Error,21680
Error,28874
Error,18805
Error,20418
Error,47118
Error,51747
Error,46386
Error,44924
Error,22913
Error,26649
Error,17984
Error,17673
Error,48190
Error,45044
Error,44303
Error,43351
Error,22121
Error,25327
Error,11702
Error,17152
Error,45415
Error,43451
Error,41948
Error,43091
Error,19507
Error,24826
Error,17363
Error,14306
Error,44333
Error,42920
Error,41477
Error,41567
Error,19296
Error,22011
Error,15910
Error,13826
Error,44343
Error,41507
Error,41878
Error,40787
Error,19155
Error,22112
Error,16010
Error,14056
Error,44233
Error,41748
Error,41658
Error,41758
Error,18425
Error,26480
Error,16050
Error,15930
Error,45034
Error,43261
Error,42921
Error,43241
Error,20198
Error,23655
Error,16281
Error,15288
Error,45876
Error,42901
Error,43411
Error,42269
Error,20217
Error,23304
Error,16190
Error,13906
Error,44343
Error,41868
Error,42049
Error,41417
Error,18996
Error,25007
Error,19416
Error,15649
Error,45344
Error,43291
Error,42509
Error,42569
Error,20068
Error,23664
Error,16140
Error,14778
Error,44794
Error,43090
Error,42289
Error,44012
Error,20378
Error,23725
Error,15579
Error,14988
Error,43932
Error,41628
Error,41086
Error,41097
Error,19126
Error,27542
Error,15569
Error,16080
Error,46036
Error,44483
Error,42820
Error,42029
Error,19997
Error,23965
Error,17252
Error,15038
Error,45726
Error,48280
Error,47339
Error,48661
Error,22271
Error,26910
Error,20148
Error,17774
Error,49122
Error,46868
Error,45606
Error,47228
Error,21280
Error,25628
Error,16060
Error,16391
Error,44774
Error,43761
Error,42629
Error,42099
Error,20007
FindNodeReq,69330
FindNodeReq,37761
Error,23384
FindNodeReq,137207
Error,40596
Error,18665
FindNodeReq,39433
Error,40926
Error,52819
Error,41588
Error,41728
Error,18665
Error,22021
Error,26320
Error,14397
Error,43761
Error,41648
Error,40606
Error,40676
Error,18795
Error,22082
Error,17783
Error,13555
Error,43962
Error,41939
Error,40516
Error,40316
Error,19026
Error,22151
Error,10119
Error,14176
Error,42920
Error,41467
Error,45886
Error,40706
Error,18765
Error,22171
Error,11462
Error,14577
Error,44974
Error,42119
Error,40396
Error,40927
Error,19036
Error,22352
Error,17082
Error,13495
Error,42860
Error,42128
Error,40956
Error,40766
Error,19597
Error,21871
Error,17222
Error,13405
Error,43131
Error,41658
Error,41898
Error,41287
Error,17784
Error,21621
Error,10870
Error,14497
Error,43080
Error,41428
Error,41748
Error,41698
Error,18845
Error,21851
Error,18154
Error,13085
Error,43611
Error,40155
Error,40816
Error,44132
Error,19928
Error,24766
Error,19196
Error,16030
Error,40746
Error,40206
Error,40726
Error,40346
Error,18615
Error,21250
Error,24526
Error,14206
Error,42620
Error,40937
Error,39995
Error,40556
Error,18013
Error,21350
Error,19878
Error,14126
Error,43271
Error,40906
Error,41397
Error,40366
Error,18525
Error,21510
Error,13034
Error,13575
Error,42870
Error,41207
Error,41287
Error,41969
Error,18214
Error,21360
Error,14116
Error,13645
Error,41908
Error,40736
Error,41468
Error,40466
Error,18184
Error,21370
Error,13736
Error,14047
Error,43031
Error,41507
Error,40656
Error,40305
Error,17803
Error,24155
Error,19577
Error,14277
Error,44383
Error,41919
Error,42319
Error,40676
Error,18946
Error,22892
Error,18294
Error,15048
Error,42660
Error,41868
Error,41517
Error,47439
Error,18785
Error,22201
Error,17713
Error,14718
Error,42600
Error,46867
Error,41809
Error,43050
Error,20579
Error,23845
Error,17563
Error,15089
Error,45956
Error,41006
Error,40886
Error,45384
Error,19317
Error,22221
Error,17543
Error,14768
Error,44142
Error,41207
Error,42099
Error,47529
Error,18524
Error,22262
Error,39794
Error,48160
Error,120956
Error,42189
Error,40737
Error,40095
Error,18906
Error,17473
Error,23494
Error,36197
Error,17162
Error,45926
Error,43812
Error,42399
Error,43672
Error,19286
Error,22543
Error,16411
Error,14797
Error,44433
Error,41327
Error,42209
Error,40887
Error,18946
Error,21971
Error,28763
Error,13154
Error,43471
Error,47279
Error,47198
Error,46096
Error,20989
Error,25046
Error,37760
Error,19035
Error,53721
Error,49753
Error,46727
Error,45725
Error,20759
Error,25197
Error,26139
Error,14917
Error,42940
Error,41768
Error,40736
Error,40105
Error,18675
Error,22862
Error,26680
Error,14577
Error,41708
Error,40837
Error,41167
Error,41828
Error,18444
Error,22292
Error,28433
Error,14056
Error,43201
Error,41408
Error,49352
Error,42269
Error,18695
Error,22091
Error,35346
Error,16681
Error,43742
Error,41828
Error,42199
Error,41037
Error,18174
Error,22271
Error,28463
Error,14597
Error,43401
Error,41017
Error,41397
Error,42349
Error,18374
Error,22182
Error,26490
Error,14758
Error,60873
Error,41908
Error,52518
Error,40596
Error,19025
Error,22773
Error,27321
Error,14968
Error,43811
Error,41047
Error,42249
Error,44003
Error,20358
Error,23995
Error,27952
Error,15910
Error,40917
Error,41248
Error,53039
Error,48210
Error,18585
Error,21140
Error,15319
Error,13876
Error,40385
Error,38953
Error,38261
Error,38362
Error,18164
Error,20828
Error,15438
Error,13906
Error,45895
Error,42830
Error,48250
Error,52048
Error,20979
Error,22602
Error,15549
Error,15138
Error,42870
Error,40716
Error,40596
Error,49052
Error,18084
Error,20809
Error,15068
Error,13996
Error,41468
Error,39895
Error,54202
Error,39874
Error,17663
Error,21210
Error,14968
Error,14177
Error,48611
Error,42840
Error,47419
Error,44674
Error,20479
Error,24275
Error,42419
Error,27852
Error,46116
Error,42850
Error,42029
Error,40425
Error,18515
Error,23925
Error,21881
Error,16240
Error,44843
Error,42740
Error,42340
Error,51396
Error,20488
Error,22021
Error,17764
Error,14567
Error,43741
Error,41117
Error,41518
Error,53931
Error,24867
Error,26579
Error,39003
Error,18845
Error,50795
Error,41558
Error,40335
Error,47920
Error,18124
Error,20428
Error,15109
Error,13966
Error,40455
Error,40626
Error,40446
Error,39975
Error,18655
Error,22101
Error,21279
Error,13826
Error,41577
Error,39424
Error,38653
Error,37881
Error,17353
Error,20668
Error,17172
Error,14918
Error,43501
Error,39513
Error,38762
Error,47139
Error,18204
Error,21129
Error,13175
Error,13896
Error,40986
Error,49994
Error,46126
Error,39033
Error,17613
Error,21290
Error,15620
Error,14257
Error,48951
Error,46176
Error,39444
Error,38672
Error,17703
Error,20699
Error,21280
Error,14156
Error,41818
Error,44473
Error,40466
Error,46978
Error,17593
Error,20829
Error,24376
Error,8576
Error,41548
Error,39063
Error,47569
Error,39013
Error,17924
Error,21420
Error,15269
Error,14077
Error,48621
Error,45976
Error,39083
Error,38261
Error,17643
Error,21039
Error,13656
Error,13896
Error,41037
Error,47298
Error,39685
Error,41397
Error,22883
Error,24686
Error,25287
Error,16882
Error,45284
Error,42800
Error,51908
Error,43541
Error,19867
Error,23694
Error,17703
Error,16490
Error,45344
Error,42960
Error,42500
Error,50294
Error,20799
Error,22823
Error,16822
Error,14978
Error,43502
Error,41617
Error,41117
Error,43641
Error,18715
Error,22442
Error,15840
Error,15208
Error,44133
Error,41298
Error,49873
Error,47960
Error,19547
Error,22542
Error,25788
Error,14847
Error,42159
Error,41999
Error,41909
Error,40626
Error,18555
Error,22402
Error,38782
Error,12053
Error,44634
Error,41418
Error,41658
Error,53369
Error,19546
Error,22562
Error,23705
Error,14778
Error,43862
Error,48220
Error,53450
Error,44654
Error,20267
Error,24145
Error,38552
Error,20268
Error,45485
Error,51827
Error,49903
Error,42279
Error,19186
Error,22352
Error,24937
Error,14887
Error,52588
Error,42149
Error,41939
Error,50214
Error,18786
Error,22512
Error,26620
Error,14808
Error,43381
Error,40766
Error,40014
Error,49483
Error,18395
Error,25528
Error,16771
Error,16711
Error,46136
Error,42310
Error,51656
Error,47018
Error,19978
Error,22242
Error,17001
Error,15058
Error,44242
Error,42259
Error,49483
Error,50895
Error,20288
Error,23845
Error,16421
Error,16000
Error,42620
Error,40986
Error,40475
Error,48721
Error,19146
Error,21801
Error,33563
Error,9067
Error,51116
Error,51526
Error,42860
Error,40996
Error,18305
Error,22542
Error,41788
Error,27612
Error,58439
Error,46838
Error,47168
Error,54101
Error,21630
Error,24936
Error,32951
Error,11120
Error,49893
Error,45986
Error,46357
Error,62928
Error,22082
Error,22332
Error,28093
Error,14548
Error,42760
Error,40976
Error,40676
Error,48912
Error,18605
Error,25668
Error,28093
Error,16751
Error,44643
Error,51706
Error,42179
Error,44042
Error,19797
Error,23474
Error,40054
Error,11551
Error,43281
Error,43120
Error,40155
Error,47860
Error,18234
Error,23695
Error,29545
Error,12734
Error,56566
Error,42580
Error,41007
Error,47048
Error,18404
Error,22162
Error,26469
Error,14607
Error,43541
Error,41768
Error,54342
Error,46427
Error,20839
Error,24947
Error,27963
Error,13005
Error,52208
Error,41638
Error,41136
Error,45375
Error,18033
Error,23855
Error,26840
Error,15659
Error,52468
Error,43020
Error,41608
Error,56546
Error,20439
Error,22151
Error,31960
Error,8816
Error,43862
Error,41357
Error,40916
Error,48351
Error,19136
Error,26440
Error,28934
Error,14227
Error,47159
Error,43662
Error,50775
Error,52498
Error,20809
Error,22322
Error,25638
Error,14607
Error,44914
Error,49803
Error,48681
Error,124202
Error,21640
Error,23604
Error,29315
Error,12684
Error,52488
Error,41798
Error,42309
Error,48140
Error,18775
Error,22152
Error,28062
Error,14778
Error,50975
Error,58088
Error,44744
Error,41618
Error,18575
Error,22211
Error,32711
Error,17192
Error,55103
Error,42459
Error,41618
Error,48771
Error,19246
Error,22301
Error,38041
Error,10700
Error,43251
Error,40906
Error,41568
Error,55534
Error,19256
Error,22402
Error,31839
Error,9267
Error,43912
Error,40786
Error,41137
Error,46157
Error,18605
Error,28453
Error,16301
Error,15198
Error,52178
Error,42029
Error,41278
Error,43932
Error,18394
Error,22351
Error,27020
Error,14708
Error,42950
Error,48801
Error,41788
Error,47910
Error,18665
Error,22211
Error,34715
Error,8897
Error,43522
Error,40996
Error,48090
Error,48411
Error,18845
Error,22803
Error,25557
Error,14858
Error,42709
Error,41197
Error,57949
Error,42490
Error,19016
Error,22672
Error,35086
Error,16591
Error,58219
Error,48551
Error,41157
Error,41929
Error,19576
Error,22011
Error,38722
Error,17132
Error,44213
Error,40616
Error,40716
Error,48050
Error,19276
Error,22281
Error,38472
Error,11762
Error,43532
Error,40475
Error,40796
Error,47930
Error,18745
Error,21951
Error,38933
Error,18294
Error,46567
Error,41117
Error,40436
Error,50684
Error,19035
Error,22102
Error,29255
Error,14668
Error,44574
Error,42790
Error,41819
Error,62296
Error,20308
Error,22472
Error,31669
Error,13826
Error,42931
Error,40916
Error,40406
Error,57487
Error,19125
Error,22582
Error,28093
Error,14687
Error,43191
Error,42049
Error,49763
Error,52207
Error,20598
Error,23714
Error,36729
Error,16841
Error,44694
Error,51046
Error,43381
Error,42079
Error,18775
Error,22331
Error,28644
Error,14427
Error,44313
Error,41258
Error,49683
Error,41248
Error,18405
Error,22382
Error,38482
Error,10850
Error,44152
Error,41547
Error,48420
Error,40836
Error,18344
Error,22261
Error,16060
Error,14908
Error,43722
Error,47709
Error,40696
Error,20018
Error,40245
Error,20819
Error,27221
Error,14547
Error,42660
Error,41748
Error,49322
Error,41748
Error,18214
Error,22632
Error,27532
Error,14548
Error,42259
Error,41979
Error,49071
Error,41277
Error,18685
Error,24316
Error,25338
Error,15900
Error,44934
Error,50455
Error,49382
Error,42209
Error,20077
Error,24035
Error,28012
Error,13115
Error,50975
Error,41467
Error,48441
Error,40746
Error,18685
Error,22101
Error,38973
Error,17263
Error,43201
Error,41849
Error,41889
Error,41107
Error,18244
Error,22653
Error,46397
Error,19406
Error,44423
Error,41668
Error,50895
Error,48781
Error,19196
Error,21730
Error,25768
Error,15048
Error,43481
Error,49662
Error,42370
Error,41468
Error,18755
Error,22232
Error,27762
Error,14587
Error,42469
Error,41658
Error,40786
Error,39935
Error,19076
Error,22251
Error,29836
Error,14217
Error,46406
Error,51146
Error,42129
Error,42830
Error,18365
Error,21951
Error,27552
Error,14638
Error,43081
Error,49703
Error,41097
Error,41247
Error,18845
Error,22081
Error,25969
Error,14738
Error,42589
Error,50214
Error,41487
Error,41337
Error,18685
Error,22292
Error,41307
Error,19236
Error,57778
Error,43321
Error,48882
Error,41849
Error,19386
Error,22231
Error,26810
Error,14657
Error,43452
Error,40907
Error,46266
Error,39995
Error,18224
Error,22331
Error,44864
Error,23023
Error,47278
Error,51376
Error,41949
Error,41388
Error,18785
Error,22903
Error,13164
Error,15369
Error,51225
Error,51046
Error,45325
Error,44763
Error,21079
Error,25658
Error,13645
Error,17152
Error,46437
Error,45024
Error,54151
Error,45104
Error,20979
Error,24807
Error,14657
Error,16381
Error,45556
Error,50554
Error,44022
Error,41417
Error,19627
Error,22392
Error,14558
Error,15048
Error,51657
Error,43050
Error,47529
Error,44262
Error,20509
Error,24927
Error,14948
Error,16551
Error,44363
Error,43741
Error,43691
Error,42991
Error,19998
Error,23975
Error,15198
Error,16150
Error,45245
Error,42810
Error,42770
Error,42159
Error,19757
Error,22012
Error,21260
Error,15159
Error,44173
Error,48671
Error,41378
Error,46167
Error,22262
Error,25207
Error,12994
Error,17202
Error,45605
Error,43011
Error,54251
Error,43501
Error,19817
Error,23955
Error,12183
Error,16561
Error,44163
Error,43071
Error,42209
Error,42359
Error,19777
Error,22613
Error,15028
Error,14888
Error,51717
Error,42199
Error,41106
Error,49793
Error,19366
Error,23404
Error,18455
Error,15269
Error,43181
Error,41056
Error,49503
Error,41978
Error,19246
Error,22402
Error,13645
Error,15208
Error,43240
Error,41978
Error,41377
Error,41298
Error,18475
Error,22583
Error,13806
Error,15249
Error,43061
Error,40907
Error,41728
Error,50254
Error,19566
Error,22672
Error,15669
Error,15700
Error,45044
Error,50114
Error,43220
Error,47830
Error,18885
Error,22602
Error,14738
Error,15178
Error,43271
Error,49753
Error,41688
Error,41327
Error,18715
Error,22572
Error,14247
Error,15048
Error,42911
Error,49612
Error,41487
Error,39975
Error,18144
Error,22091
Error,14447
Error,15218
Error,43522
Error,48040
Error,43431
Error,52748
Error,20769
Error,24336
Error,14217
Error,16461
Error,44473
Error,43211
Error,51306
Error,49823
Error,20848
Error,24205
Error,13435
Error,16040
Error,44323
Error,42289
Error,42770
Error,42019
Error,18745
Error,22001
Error,14297
Error,14968
Error,42359
Error,42189
Error,47689
Error,44464
Error,21089
Error,24916
Error,33152
Error,16731
Error,45215
Error,42980
Error,48731
Error,51456
Error,19387
Error,24206
Error,14598
Error,16561
Error,44713
Error,43561
Error,51326
Error,49422
Error,20328
Error,22612
Error,12733
Error,14958
Error,43321
Error,41007
Error,49893
Error,48521
Error,20909
Error,24916
Error,13065
Error,17462
Error,44974
Error,51306
Error,47809
Error,41718
Error,19757
Error,24165
Error,14216
Error,16320
Error,44553
Error,42750
Error,51386
Error,42429
Error,19777
Error,23924
Error,14507
Error,14818
Error,51025
Error,49583
Error,41848
Error,41758
Error,22161
Error,24767
Error,13005
Error,17172
Error,45696
Error,43190
Error,42219
Error,42509
Error,20278
Error,22892
Error,14046
Error,16901
Error,44704
Error,42589
Error,41918
Error,42330
Error,19998
Error,23965
Error,14498
Error,16822
Error,44032
Error,41658
Error,49683
Error,40826
Error,18625
Error,22281
Error,11492
Error,15999
Error,51596
Error,45786
Error,45004
Error,44834
Error,22011
Error,26209
Error,19316
Error,16351
Error,46036
Error,43721
Error,43291
Error,43742
Error,21841
Error,26029
Error,20178
Error,16440
Error,47048
Error,43842
Error,52809
Error,50304
Error,21370
Error,26038
Error,18585
Error,16451
Error,51587
Error,55553
Error,47358
Error,49493
Error,23304
Error,26149
Error,20499
Error,17132
Error,46517
Error,60734
Error,52548
Error,46327
Error,22983
Error,26911
Error,20328
Error,17663
Error,47068
Error,53069
Error,52969
Error,44042
Error,21520
Error,25568
Error,18625
Error,17001
Error,62256
Error,47098
Error,46858
Error,42148
Error,21019
Error,26589
Error,19086
Error,15449
Error,45294
Error,44303
Error,52027
Error,44523
Error,21851
Error,25297
Error,18655
Error,15950
Error,53350
Error,71874
Error,45876
Error,46797
Error,22032
Error,26229
Error,15689
Error,17964
Error,53170
Error,56666
Error,50244
Error,59040
Error,25277
Error,25838
Error,23003
Error,19667
Error,50985
Error,52678
Error,53220
Error,43652
Error,25428
Error,29525
Error,23073
Error,18505
Error,44784
Error,42700
Error,50885
Error,41768
Error,21450
Error,24886
Error,19035
Error,15479
Error,51466
Error,46477
Error,53840
Error,51456
Error,22342
Error,25729
Error,18564
Error,17363
Error,45154
Error,51537
Error,42490
Error,42159
Error,22141
Error,26800
Error,19456
Error,16260
Error,46868
Error,50524
Error,43021
Error,42188
Error,20629
Error,24546
Error,18103
Error,15158
Error,50875
Error,45264
Error,44133
Error,45865
Error,21390
Error,25688
Error,19216
Error,17724
Error,45104
Error,43812
Error,43551
Error,43441
Error,21471
Error,25358
Error,19466
Error,17803
Error,45625
Error,45044
Error,41708
Error,41297
Error,20388
Error,24576
Error,18535
Error,15699
Error,44513
Error,48791
Error,55583
Error,52648
Error,27682
Error,25728
Error,19897
Error,16982
Error,47569
Error,50444
Error,54271
Error,46557
Error,23784
Error,27421
Error,19767
Error,16771
Error,47709
Error,43301
Error,45965
Error,52498
Error,21611
Error,24706
Error,18124
Error,15459
Error,44653
Error,43181
Error,57828
Error,46086
Error,23213
Error,26359
Error,16060
Error,18224
Error,55554
Error,52528
Error,45385
Error,45075
Error,21711
Error,26459
Error,18996
Error,16120
Error,54011
Error,51797
Error,44102
Error,41979
Error,20318
Error,23665
Error,17713
Error,14617
Error,44713
Error,43000
Error,41918
Error,49914
Error,22401
Error,25588
Error,13716
Error,17332
Error,54342
Error,45205
Error,44342
Error,51336
Error,21440
Error,24416
Error,18765
Error,15619
Error,46266
Error,42820
Error,51937
Error,51656
Error,21309
Error,24596
Error,17964
Error,14848
Error,88144
Error,67115
Error,49182
Error,49933
Error,22963
Error,29375
Error,55764
Error,24556
Error,50915
Error,53239
Error,47539
Error,46487
Error,21040
Error,28573
Error,57498
Error,25447
Error,53380
Error,48110
Error,46867
Error,53630
Error,19867
Error,25758
Error,47770
Error,17503
Error,45976
Error,40976
Error,40235
Error,48811
Error,22452
Error,26379
Error,49863
Error,15670
Error,49102
Error,44132
Error,40816
Error,41007
Error,19697
Error,25638
Error,45956
Error,17482
Error,58499
Error,41197
Error,41778
Error,41447
Error,21140
Error,26379
Error,50975
Error,19156
Error,49312
Error,42229
Error,41508
Error,50053
Error,24486
Error,27973
Error,44353
Error,18885
Error,50424
Error,45896
Error,43131
Error,42509
Error,20839
Error,26760
Error,34384
Error,17703
Error,49322
Error,44644
Error,47189
Error,42780
Error,20929
Error,27181
Error,48971
Error,16721
Error,48971
Error,42740
Error,58168
Error,41809
Error,23163
Error,27631
Error,49633
Error,18856
Error,58700
Error,47098
Error,56605
Error,43612
Error,19557
Error,25799
Error,49122
Error,18685
Error,47549
Error,42900
Error,48822
Error,51767
Error,21380
Error,26991
Error,49632
Error,18976
Error,47850
Error,42489
Error,57949
Error,48771
Error,21330
Error,27732
Error,48812
Error,17613
Error,57327
Error,45104
Error,47449
Error,41107
Error,18885
Error,25768
Error,54992
Error,17332
Error,46847
Error,43431
Error,57648
Error,42639
Error,20799
Error,25618
Error,47058
Error,15399
Error,47058
Error,41738
Error,48401
Error,54101
Error,21781
Error,27672
Error,49823
Error,16501
Error,57647
Error,50735
Error,47269
Error,42169
Error,18735
Error,25678
Error,57027
Error,17993
Error,47038
Error,44774
Error,42219
Error,50865
FindNodeReq,43492
Error,22532
Error,28894
Error,61475
Error,25999
Error,51836
Error,55604
Error,50164
Error,62868
Error,24176
Error,30377
Error,56956
Error,19807
Error,53961
Error,43181
Error,45755
Error,41147
Error,20608
Error,26811
Error,52819
Error,17713
Error,49833
Error,44483
Error,48511
Error,51326
Error,22652
Error,27592
Error,52989
Error,26109
Error,51667
Error,43842
Error,51967
Error,46226
Error,24255
Error,29755
Error,52367
Error,19917
Error,50044
Error,45275
Error,47689
Error,44293
Error,20718
Error,28162
Error,51947
Error,22712
Error,48361
Error,45265
Error,49733
Error,43401
Error,21039
Error,27371
Error,84558
Error,58970
Error,45535
Error,42399
Error,50735
Error,42550
Error,20368
Error,27061
Error,48991
Error,17443
Error,56826
Error,43962
Error,54472
Error,42589
Error,20028
Error,26519
Error,49462
Error,19907
Error,51796
Error,43772
Error,47028
Error,50995
Error,20589
Error,26229
Error,48952
Error,16801
Error,46507
Error,50996
Error,54812
Error,42570
Error,19697
Error,25698
Error,47609
Error,17142
Error,47388
Error,41858
Error,47529
Error,41468
Error,18515
Error,24867
Error,49332
Error,18314
Error,47930
Error,40857
Error,46837
Error,40927
Error,20508
Error,27031
Error,48451
Error,16060
Error,58560
Error,43441
Error,47338
Error,43441
Error,18625
Error,25438
Error,55654
Error,22652
Error,47148
Error,42390
Error,47468
Error,42119
Error,19556
Error,26810
Error,49603
Error,18425
Error,46628
Error,42209
Error,59632
Error,50695
Error,21530
Error,27712
Error,46968
Error,16792
Error,57848
Error,43190
Error,46617
Error,41908
Error,20518
Error,26990
Error,43431
Error,17944
Error,47349
Error,41618
Error,79298
Error,43711
Error,20558
Error,26500
Error,50284
Error,18334
Error,48110
Error,50665
Error,48962
Error,44984
Error,21510
Error,28122
Error,51105
Error,16802
Error,48461
Error,43381
Error,57598
Error,44193
Error,19908
Error,25478
Error,50484
Error,18665
Error,48601
Error,41637
Error,40376
Error,42740
Error,21991
Error,27782
Error,56115
Error,18214
Error,51066
Error,48560
Error,45505
Error,45124
Error,18544
Error,23544
Error,45665
Error,16160
Error,45505
Error,49071
Error,45576
Error,40496
Error,17964
Error,24306
Error,44243
Error,14588
Error,52959
Error,40266
Error,38943
Error,39544
Error,17974
Error,24206
Error,52909
Error,22683
Error,49723
Error,43832
Error,43000
Error,42299
Error,21360
Error,27061
Error,48110
Error,18835
Error,48991
Error,43782
Error,50715
Error,41858
Error,19136
Error,26980
Error,49853
Error,18515
Error,48792
Error,42890
Error,41457
Error,41207
Error,18745
Error,25167
Error,50013
Error,16822
Error,51617
Error,43782
Error,52318
Error,54652
Error,20659
Error,27231
Error,48471
Error,18595
Error,48671
Error,42800
Error,42439
Error,40867
Error,19186
Error,25758
Error,54452
Error,22202
Error,57037
Error,42530
Error,42339
Error,41367
Error,18685
Error,25397
Error,48060
Error,18154
Error,47158
Error,46888
Error,41608
Error,41317
Error,19356
Error,24996
Error,49573
Error,17744
Error,64360
Error,43371
Error,47088
Error,41728
Error,18776
Error,26530
Error,49342
Error,17002
Error,47849
Error,50414
Error,48010
Error,41879
Error,19406
Error,25828
Error,52077
Error,17934
Error,59591
Error,51166
Error,43522
Error,41959
Error,19907
Error,26619
Error,58389
Error,23684
Error,56485
Error,44072
Error,47609
Error,42279
Error,19427
Error,25087
Error,47880
Error,18585
Error,48661
Error,50084
Error,42119
Error,48540
Error,19506
Error,25447
Error,49362
Error,16932
Error,51096
Error,44102
Error,43000
Error,53179
Error,20578
Error,25317
Error,50664
Error,19547
Error,53770
Error,57578
Error,50644
Error,46948
Error,21249
Error,28373
Error,64320
Error,26570
Error,53040
Error,47990
Error,46848
Error,46056
Error,18675
Error,25338
Error,49502
Error,17543
Error,50434
Error,52769
Error,43090
Error,42500
Error,19938
Error,25638
Error,48932
Error,17963
Error,56796
Error,42349
Error,41618
Error,41367
Error,20388
Error,26910
Error,57397
Error,24306
Error,48401
Error,47799
Error,42099
Error,41597
Error,18755
Error,25037
Error,90509
Error,58951
Error,57708
Error,46047
Error,47118
Error,44814
Error,17893
Error,27251
Error,60804
Error,26189
Error,59391
Error,45986
Error,44664
Error,52638
Error,18164
Error,23735
Error,44333
Error,16501
Error,45826
Error,40907
Error,39144
Error,48059
Error,18946
Error,25237
Error,46356
Error,16711
Error,45445
Error,40195
Error,53981
Error,39454
Error,18324
Error,23755
Error,45114
Error,14297
Error,52288
Error,39864
Error,39814
Error,39554
Error,17393
Error,23975
Error,45996
Error,14937
Error,53279
Error,40426
Error,39624
Error,46938
Error,18525
Error,24656
Error,48110
Error,16591
Error,47248
Error,41537
Error,42379
Error,40716
Error,19145
Error,25207
Error,49232
Error,18725
Error,56535
Error,42289
Error,44152
Error,19717
Error,20518
Error,26951
Error,49542
Error,18795
Error,57517
Error,42469
Error,45094
FindNodeReq,47569
Error,42049
Error,19616
Error,25057
Error,51536
Error,16761
Error,52608
Error,48721
Error,58129
Error,56025
Error,22802
Error,24426
Error,45074
Error,16631
Error,51447
Error,58470
Error,45295
Error,40376
Error,19206
Error,25899
Error,44193
Error,14167
Error,47168
Error,40556
Error,49673
Error,40085
Error,17853
Error,23925
Error,51476
Error,17823
Error,46157
Error,40275
Error,41327
Error,47559
Error,18415
Error,23734
Error,44653
Error,14567
Error,45104
Error,48892
Error,39785
Error,39314
Error,18194
Error,23734
Error,45285
Error,14227
Error,44633
Error,43271
Error,40466
Error,39363
Error,17743
Error,23795
Error,44383
Error,15549
Error,47429
Error,41287
Error,39584
Error,39484
Error,18174
Error,24817
Error,44193
Error,14187
Error,45215
Error,39834
Error,39484
Error,39363
Error,18314
Error,23323
Error,44604
Error,17071
Error,45225
Error,40055
Error,45075
Error,47549
Error,18485
Error,23614
Error,62487
Error,29635
Error,46598
Error,39714
Error,47850
Error,45886
Error,18495
Error,24355
Error,44763
Error,17092
Error,44834
Error,39513
Error,48230
Error,47018
Error,18395
Error,25598
Error,51857
Error,22873
Error,46807
Error,41517
Error,41367
Error,50324
Error,19747
Error,25067
Error,54382
Error,23644
Error,51998
Error,45284
Error,52658
Error,43261
Error,20258
Error,27091
Error,48541
Error,18084
Error,49402
Error,43762
Error,40946
Error,40616
Error,18775
Error,27031
Error,49462
Error,18224
Error,47990
Error,52929
Error,43361
Error,41738
Error,19196
Error,25518
Error,56816
Error,24105
Error,62928
Error,44804
Error,41368
Error,41207
Error,18855
Error,26740
Error,48020
Error,15619
Error,46547
Error,42630
Error,50935
Error,41448
Error,18355
Error,25688
Error,50644
Error,18214
Error,47098
Error,41287
Error,52458
Error,42429
Error,19626
Error,26089
Error,48401
Error,18665
Error,55964
Error,46677
Error,45084
Error,43531
Error,20558
Error,26910
Error,49472
Error,18985
Error,47359
Error,42640
Error,50685
Error,42099
Error,20148
Error,27381
Error,48801
Error,18655
Error,48561
Error,43832
Error,52308
Error,42219
Error,18595
Error,25427
Error,47499
Error,18144
Error,46897
Error,56876
Error,45054
Error,41547
Error,18885
Error,25047
Error,74590
Error,45976
Error,45475
Error,42078
Error,41908
Error,42239
Error,20127
Error,26480
Error,55103
Error,18444
Error,45676
Error,41678
Error,41879
Error,40796
Error,18825
Error,25007
Error,63369
Error,26980
Error,62597
Error,47068
Error,50734
Error,49973
Error,23374
Error,29866
Error,70192
Error,40045
Error,51336
Error,48000
Error,48331
Error,40867
Error,18945
Error,26880
Error,48911
Error,18214
Error,49102
Error,43271
Error,41888
Error,42950
Error,19246
Error,25026
Error,50434
Error,16661
Error,45986
Error,41678
Error,56185
Error,44173
Error,18605
Error,25938
Error,56285
Error,25348
Error,55634
Error,42680
Error,41187
Error,40906
Error,18805
Error,25237
Error,47018
Error,20228
Error,46577
Error,41678
Error,41187
Error,40976
Error,18835
Error,24766
Error,54813
Error,22963
Error,46967
Error,41938
Error,49512
Error,52418
Error,19336
Error,25698
Error,49222
Error,17974
Error,56757
Error,43571
Error,42269
Error,49844
Error,20358
Error,25348
Error,48701
Error,18695
Error,47179
Error,42630
Error,41648
Error,41588
Error,18885
Error,25037
Error,47649
Error,18354
Error,46417
Error,41297
Error,41347
Error,49433
Error,21340
Error,26420
Error,48261
Error,17453
Error,57568
Error,49693
Error,42570
Error,42340
Error,18685
Error,25358
Error,48791
Error,17643
Error,46598
Error,42359
Error,54332
Error,41718
Error,19567
Error,25217
Error,49022
Error,17102
Error,55344
Error,42049
Error,40586
Error,48010
Error,19076
Error,26489
Error,48841
Error,16681
Error,46947
Error,42380
Error,41798
Error,50505
Error,19587
Error,25378
Error,49091
Error,18695
Error,62918
Error,48521
Error,41527
Error,40977
Error,18575
Error,25227
Error,55504
Error,24356
Error,46327
Error,41658
Error,40686
Error,49683
Error,19907
Error,25397
Error,46678
Error,16070
Error,47949
Error,42389
Error,51246
Error,43462
Error,19977
Error,26660
Error,48330
Error,18033
Error,56757
Error,42730
Error,41608
Error,48911
Error,19396
Error,25367
Error,56085
Error,23374
Error,45334
Error,41758
Error,49112
Error,41388
Error,19115
Error,25607
Error,59591
Error,19797
Error,47318
Error,51105
Error,44003
Error,41598
Error,19246
Error,26049
Error,48070
Error,15870
Error,46838
Error,41317
Error,40696
Error,40816
Error,18715
Error,25288
Error,51016
Error,21370
Error,48771
Error,42019
Error,45766
Error,41057
Error,18665
Error,25157
Error,56095
Error,24125
Error,50715
Error,43522
Error,41858
Error,53510
Error,21029
Error,25748
Error,49613
Error,17072
Error,47398
Error,41417
Error,41588
Error,40376
Error,19026
Error,25378
Error,48441
Error,17403
Error,47168
Error,40375
Error,40346
Error,40907
Error,18975
Error,25157
Error,55634
Error,23594
Error,53830
Error,45615
Error,40797
Error,49482
Error,19076
Error,25588
Error,48500
Error,16160
Error,46667
Error,50134
Error,48220
Error,41157
Error,18825
Error,25928
Error,48230
Error,17854
Error,46948
Error,50945
Error,48561
Error,40736
Error,19126
Error,25277
Error,48361
Error,18995
Error,46727
Error,41217
Error,53300
Error,48982
Error,19367
Error,25317
Error,56536
Error,29074
Error,48972
Error,53700
Error,52068
Error,44864
Error,21921
Error,25468
Error,50084
Error,17392
Error,55674
Error,42961
Error,41508
Error,43432
Error,20288
Error,26720
Error,47750
Error,15519
Error,47008
Error,42519
Error,40806
Error,56726
Error,21821
Error,27501
Error,70011
Error,39755
Error,47819
Error,44403
Error,43621
Error,49062
Error,19577
Error,25327
Error,48511
Error,15779
Error,58870
Error,49632
Error,41076
Error,41507
Error,19937
Error,26439
Error,54923
Error,24215
Error,46698
Error,41898
Error,41217
Error,49633
Error,23243
Error,27291
Error,47780
Error,17042
Error,57949
Error,52078
Error,43021
Error,43000
Error,19236
Error,24737
Error,47979
Error,16872
Error,46858
Error,41758
Error,42710
Error,41808
Error,19797
Error,26179
Error,55764
Error,24265
Error,47659
Error,42299
Error,41437
Error,40516
Error,18264
Error,28924
Error,49944
Error,17693
Error,49753
Error,43582
Error,52548
Error,43922
Error,20298
Error,26931
Error,47279
Error,17062
Error,57067
Error,42900
Error,41808
Error,48290
Error,20498
Error,26290
Error,47769
Error,16421
Error,48901
Error,42209
Error,42229
Error,41117
Error,18564
Error,25297
Error,47579
Error,21350
Error,51306
Error,44603
Error,43812
Error,42830
Error,20449
Error,25387
Error,47128
Error,16631
Error,46447
Error,41438
Error,41217
Error,41608
Error,19957
Error,26219
Error,48581
Error,17593
Error,49623
Error,42659
Error,41498
Error,41037
Error,18665
Error,25598
Error,49924
Error,16722
Error,55133
Error,48080
Error,44824
Error,43993
Error,24917
Error,26729
Error,50945
Error,19717
Error,47318
Error,42149
Error,40425
Error,49582
Error,20388
Error,26279
Error,50375
Error,16501
Error,47970
Error,42279
Error,50835
Error,42068
Error,18565
Error,25117
Error,47038
Error,15409
Error,55493
Error,42699
Error,47609
Error,44704
Error,20909
Error,26950
Error,66474
Error,38723
Error,46236
Error,42540
Error,42078
Error,42660
Error,20087
Error,25528
Error,57387
Error,26399
Error,45675
Error,40936
Error,40907
Error,41748
Error,20799
Error,26540
Error,46647
Error,17884
Error,47008
Error,41618
Error,41227
Error,40606
Error,22361
Error,26900
Error,56315
Error,22662
Error,48961
Error,44483
Error,42179
Error,53921
Error,19226
Error,25387
Error,47319
Error,16050
Error,56215
Error,41678
Error,42218
Error,42028
Error,20348
Error,26540
Error,48130
Error,18665
Error,48550
Error,41808
Error,50063
Error,40797
Error,18935
Error,29155
Error,48421
Error,16110
Error,48771
Error,44834
Error,53570
Error,42740
Error,20408
Error,25317
Error,49543
Error,18064
Error,46537
Error,41297
Error,50064
Error,47860
Error,20498
Error,26660
Error,47539
Error,17733
Error,55875
Error,43561
Error,41728
Error,40947
Error,18765
Error,25488
Error,68347
Error,30557
Error,46958
Error,42018
Error,49162
Error,48261
Error,19517
Error,24857
Error,48691
Error,17022
Error,46678
Error,49894
Error,41307
Error,41478
Error,19046
Error,25468
Error,47569
Error,18294
Error,55194
Error,42058
Error,41608
Error,40215
Error,19026
Error,24877
Error,49673
Error,18064
Error,58249
Error,43201
Error,49863
Error,45986
Error,19286
Error,25718
Error,47710
Error,17913
Error,47759
Error,41458
Error,52879
Error,41417
Error,18905
Error,25588
Error,50144
Error,15990
Error,46196
Error,50544
Error,41107
Error,41338
Error,19116
Error,25278
Error,49753
Error,18655
Error,47159
Error,45345
Error,41848
Error,43752
Error,21099
Error,26599
Error,48951
Error,18315
Error,48570
Error,43371
Error,51296
Error,41568
Error,20809
Error,25388
Error,51476
Error,18184
Error,55313
Error,44504
Error,50374
Error,43722
Error,18765
Error,24796
Error,51066
Error,17202
Error,54602
Error,49903
Error,44874
Error,44203
Error,20689
Error,26820
Error,50474
Error,16431
Error,47078
Error,80581
Error,58800
Error,42409
Error,19596
Error,26719
Error,50535
Error,16481
Error,57146
Error,50925
Error,43912
Error,42930
Error,19046
Error,25718
Error,49863
Error,16491
Error,59692
Error,43240
Error,50885
Error,46517
Error,19076
Error,25447
Error,49533
Error,18184
Error,47709
Error,41979
Error,50784
Error,42370
Error,19377
Error,24837
Error,48571
Error,19296
Error,47399
Error,50675
Error,57768
Error,42449
Error,18675
Error,25327
Error,52178
Error,22862
Error,51757
Error,45334
Error,53180
Error,43210
Error,20488
Error,26970
Error,50966
Error,18444
Error,49984
Error,43482
Error,42539
Error,41548
Error,18695
Error,25357
Error,46768
Error,16711
Error,47639
Error,43662
Error,42510
Error,42790
Error,18675
Error,31288
Error,83196
Error,51175
Error,54522
Error,42981
Error,41177
Error,56165
Error,19306
Error,26850
Error,48711
Error,16581
Error,47138
Error,43652
Error,50504
Error,41889
Error,18965
Error,25036
Error,47769
Error,15539
Error,46808
Error,41577
Error,49703
Error,42960
Error,19477
Error,25077
Error,49292
Error,18444
Error,52358
Error,45605
Error,53610
Error,50785
Error,20838
Error,27291
Error,49263
Error,17953
Error,46898
Error,41728
Error,51026
Error,43412
Error,20308
Error,26810
Error,51978
Error,18044
Error,47479
Error,43812
Error,42630
Error,50274
Error,19466
Error,25678
Error,48230
Error,17874
Error,58118
Error,43482
Error,46618
Error,46517
Error,21460
Error,27842
Error,49292
Error,18154
Error,46788
Error,42980
Error,51105
Error,50334
Error,19987
Error,26810
Error,49903
Error,18454
Error,49132
Error,44223
Error,43161
Error,41858
Error,19195
Error,25387
Error,50815
Error,22022
Error,51356
Error,43131
Error,45486
Error,44453
Error,22542
Error,27772
Error,51456
Error,17653
Error,47319
Error,43381
Error,50845
Error,43712
Error,19727
Error,28673
Error,49332
Error,19607
Error,48471
Error,47218
Error,42600
Error,51115
Error,19917
Error,25698
Error,51265
Error,20087
Error,54432
Error,46227
Error,60834
Error,53420
Error,24316
Error,29394
Error,53480
Error,24316
Error,50424
Error,46607
Error,53520
Error,50554
Error,23825
Error,30267
Error,53029
Error,22792
Error,51416
Error,45905
Error,45525
Error,53260
Error,21821
Error,27842
Error,67697
Error,29696
Error,49232
Error,53831
Error,49352
Error,43962
Error,20529
Error,27301
Error,51596
Error,21700
Error,49151
Error,52868
Error,43471
Error,42910
Error,20979
Error,26570
Error,52639
Error,20338
Error,48069
Error,43602
Error,52027
Error,43842
Error,20689
Error,26419
Error,64651
Error,23033
Error,48420
Error,43171
Error,42059
Error,42499
Error,20408
Error,25988
Error,52408
Error,18956
Error,56696
Error,43642
Error,58539
Error,42309
Error,18705
Error,25097
Error,57588
Error,24446
Error,45565
Error,41788
Error,53259
Error,48711
Error,19657
Error,25057
Error,37330
Error,17533
Error,45956
Error,51336
Error,42610
Error,41427
Error,19296
Error,25638
Error,49202
Error,16701
Error,47619
Error,42690
Error,48981
Error,49933
Error,19707
Error,25508
Error,47719
Error,17322
Error,56236
Error,42089
Error,41848
Error,41457
Error,19136
Error,25137
Error,47639
Error,15710
Error,48531
Error,42549
Error,52068
Error,42950
Error,20448
Error,25408
Error,49623
Error,18174
Error,47509
Error,50184
Error,47469
Error,42830
Error,20518
Error,26900
Error,48461
Error,17943
Error,49021
Error,50905
Error,41388
Error,40706
Error,19126
Error,25087
Error,47859
Error,18464
Error,68067
Error,43391
Error,49112
Error,46978
Error,19366
Error,25678
Error,47670
Error,16010
Error,47169
Error,42099
Error,52248
Error,48931
Error,19847
Error,25117
Error,50635
Error,18384
Error,48260
Error,51746
Error,42810
Error,41477
Error,18986
Error,25537
Error,50724
Error,18484
Error,47028
Error,44803
Error,41819
Error,41046
Error,18846
Error,24907
Error,50003
Error,19106
Error,46387
Error,41197
Error,41297
Error,42660
Error,19316
Error,24937
Error,51397
Error,17402
Error,47509
Error,41778
Error,49883
Error,41928
Error,19105
Error,25398
Error,55163
Error,22803
Error,46838
Error,50675
Error,45235
Error,41527
Error,18655
Error,25458
Error,52809
Error,23353
Error,47879
Error,44092
Error,43210
Error,55283
Error,22161
Error,27632
Error,52758
Error,19546
Error,51125
Error,39694
Error,47869
Error,44684
Error,20217
Error,26770
Error,53350
Error,17032
Error,51997
Error,43040
Error,44734
Error,52608
Error,19626
Error,26459
Error,53720
Error,14658
Error,45926
Error,41638
Error,48781
Error,40986
Error,17653
Error,23594
Error,49302
Error,18504
Error,44323
Error,39303
Error,39594
Error,48170
Error,18364
Error,23995
Error,46857
Error,17363
Error,46136
Error,39824
Error,38622
Error,50474
Error,19707
Error,24606
Error,45976
Error,15228
Error,51887
Error,43051
Error,43993
Error,41408
Error,18755
Error,25207
Error,56957
Error,16240
Error,46537
Error,42720
Error,41908
Error,50344
Error,20258
Error,25398
Error,49783
Error,19737
Error,47299
Error,42339
Error,51176
Error,42660
Error,19676
Error,25849
Error,50514
Error,18725
Error,47539
Error,52017
Error,42861
Error,41728
Error,19056
Error,25608
Error,51516
Error,17313
Error,47829
Error,51366
Error,42360
Error,41718
Error,19005
Error,25167
Error,52118
Error,17764
Error,47188
Error,51376
Error,43761
Error,41878
Error,18956
Error,35446
Error,59511
Error,24155
Error,55274
Error,43260
Error,41568
Error,49442
Error,19827
Error,25167
Error,56175
Error,23904
Error,47349
Error,41888
Error,50173
Error,43211
Error,19727
Error,25107
Error,51417
Error,16631
Error,47598
Error,43051
Error,53530
Error,42239
Error,18975
Error,25437
Error,56135
Error,20127
Error,49062
Error,42088
Error,41658
Error,41878
Error,25177
Error,24727
Error,50815
Error,16220
Error,56876
Error,43201
Error,48300
Error,42008
Error,19897
Error,26219
Error,49723
Error,18345
Error,47289
Error,41798
Error,42309
Error,41488
Error,18925
Error,25217
Error,48230
Error,18505
Error,47609
Error,52368
Error,43281
Error,50815
Error,20017
Error,25628
Error,56655
Error,23393
Error,48410
Error,42159
Error,41237
Error,57257
Error,22442
Error,28534
Error,57607
Error,18565
Error,52789
Error,47799
Error,56335
Error,47819
Error,22072
Error,28694
Error,59060
Error,19386
Error,53731
Error,41718
Error,45485
Error,41588
Error,18996
Error,25297
Error,53701
Error,23424
Error,48030
Error,42159
Error,52017
Error,20238
Error,44714
Error,25878
Error,56526
Error,25388
Error,57557
Error,42219
Error,41367
Error,41628
Error,18925
Error,27031
Error,52007
Error,18555
Error,47639
Error,43481
Error,49543
Error,42489
Error,19697
Error,28784
Error,47699
Error,16531
Error,50114
Error,44293
Error,53640
Error,43511
Error,20448
Error,25327
Error,46988
Error,16892
Error,55333
Error,42390
Error,41107
Error,42750
Error,20358
Error,26469
Error,48851
Error,17924
Error,56155
Error,44002
Error,41648
Error,48591
Error,19586
Error,25208
Error,49503
Error,16541
Error,47308
Error,41839
Error,50594
Error,41738
Error,19727
Error,25187
Error,47899
Error,18174
Error,47629
Error,41688
Error,49983
Error,42740
Error,19036
Error,25337
Error,51496
Error,17503
Error,57988
Error,48551
Error,41357
Error,42780
Error,18565
Error,25177
Error,51186
Error,25808
Error,47138
Error,42139
Error,41317
Error,41678
Error,19085
Error,25728
Error,49362
Error,18355
Error,47639
Error,41929
Error,50845
Error,42099
Error,18665
Error,25397
Error,48230
Error,19056
Error,55684
Error,42950
Error,41197
Error,48431
Error,19807
Error,25047
Error,51817
Error,17583
Error,56516
Error,52478
Error,42870
Error,41447
Error,18785
Error,25377
Error,48671
Error,16170
Error,47008
Error,52227
Error,49433
Error,43311
Error,19657
Error,25197
Error,49683
Error,17893
Error,48160
Error,42219
Error,40866
Error,41447
Error,18976
Error,25307
Error,51346
Error,18545
Error,46377
Error,46968
Error,43532
Error,42369
Error,20698
Error,26861
Error,47378
Error,22211
Error,48771
Error,43201
Error,43581
Error,43581
Error,18735
Error,25287
Error,51927
Error,17593
Error,46167
Error,41658
Error,41087
Error,41127
Error,18505
Error,25348
Error,51336
Error,18264
Error,56095
Error,42189
Error,50374
Error,20419
Error,58530
Error,24546
Error,54031
Error,23634
Error,47850
Error,42800
Error,42600
Error,42169
Error,20228
Error,25047
Error,55964
Error,23885
Error,46346
Error,40987
Error,49783
Error,43621
Error,19357
Error,25297
Error,51225
Error,19968
Error,47459
Error,41308
Error,41658
Error,41127
Error,18895
Error,26069
Error,54973
Error,23264
Error,47279
Error,50585
Error,41878
Error,42309
Error,19226
Error,25328
Error,51526
Error,16611
Error,48451
Error,43461
Error,43011
Error,43581
Error,19036
Error,25127
Error,49702
Error,17212
Error,47289
Error,42901
Error,41487
Error,51336
Error,19426
Error,25157
Error,62096
Error,25447
Error,47299
Error,41097
Error,50625
Error,42510
Error,19066
Error,24756
Error,49182
Error,17993
Error,46587
Error,42679
Error,40956
Error,41478
Error,20268
Error,25006
Error,49883
Error,18274
Error,47429
Error,42289
Error,41799
Error,41358
Error,19366
Error,25398
Error,50875
Error,17713
Error,62587
Error,57177
Error,43892
Error,40937
Error,18695
Error,25558
Error,57337
Error,17202
Error,54482
Error,42920
Error,41718
Error,49152
Error,19226
Error,25568
Error,51697
Error,18544
Error,47569
Error,42610
Error,41187
Error,42871
Error,18936
Error,25047
Error,48581
Error,15900
Error,47889
Error,54823
Error,43331
Error,49934
Error,20218
Error,25518
Error,51727
Error,22011
Error,48270
Error,42740
Error,41848
Error,50925
Error,20328
Error,25237
Error,50966
Error,16451
Error,47128
Error,50654
Error,49092
Error,41999
Error,18605
Error,25367
Error,56957
Error,24656
Error,46928
Error,50244
Error,51356
Error,42449
Error,19366
Error,25387
Error,52758
Error,23254
Error,55734
Error,42920
Error,41608
Error,41478
Error,19857
Error,25117
Error,50244
Error,16351
Error,48050
Error,51968
Error,42369
Error,42520
Error,19616
Error,24947
Error,51717
Error,17583
Error,48461
Error,41968
Error,41427
Error,50324
Error,20519
Error,25648
Error,49573
Error,18816
Error,46767
Error,51937
Error,41668
Error,49473
Error,19466
Error,25227
Error,50294
Error,18895
Error,46968
Error,42209
Error,41948
Error,41577
Error,18545
Error,25338
Error,59521
Error,23845
Error,45946
Error,42760
Error,54041
Error,48240
Error,42680
Error,26760
Error,47268
Error,17202
Error,47819
Error,52228
Error,42930
Error,42890
Error,20618
Error,25558
Error,50034
Error,15709
Error,47198
Error,41678
Error,41808
Error,43241
Error,20338
Error,26650
Error,50384
Error,16781
Error,46868
Error,43250
Error,40636
Error,40937
Error,18655
Error,24986
Error,73698
Error,45485
Error,55333
Error,43271
Error,41538
Error,48831
Error,19987
Error,25758
Error,49422
Error,18264
Error,46677
Error,51145
Error,42370
Error,41287
Error,19267
Error,25287
Error,49793
Error,18345
Error,46367
Error,41347
Error,50565
Error,41879
Error,19096
Error,25809
Error,61365
Error,17843
Error,55053
Error,41808
Error,41648
Error,48451
Error,19456
Error,25518
Error,48851
Error,18244
Error,47850
Error,51506
Error,42159
Error,42039
Error,18876
Error,24776
Error,51396
Error,18084
Error,46156
Error,51055
Error,47599
Error,41097
Error,19226
Error,25458
Error,49061
Error,18194
Error,52278
Error,45124
Error,59912
Error,50345
Error,20278
Error,25357
Error,49643
Error,18865
Error,47048
Error,42129
Error,40696
Error,41918
Error,19997
Error,26138
Error,52559
Error,18144
Error,60222
Error,44102
Error,42980
Error,48591
Error,20318
Error,25558
Error,55043
Error,23945
Error,52788
Error,45625
Error,43671
Error,53029
Error,21059
Error,26930
Error,49282
Error,16832
Error,48430
Error,41588
Error,41127
Error,41047
Error,20429
Error,26519
Error,51176
Error,17753
Error,48160
Error,44112
Error,51988
Error,43401
Error,19517
Error,25998
Error,48300
Error,15710
Error,55404
Error,44092
Error,50664
Error,46066
Error,18945
Error,25167
Error,43130
Error,16671
Error,47920
Error,41648
Error,41056
Error,41617
Error,19477
Error,25288
Error,54682
Error,23504
Error,46467
Error,42369
Error,41848
Error,41748
Error,19587
Error,25247
Error,55975
Error,23184
Error,47048
Error,45064
Error,42089
Error,49363
Error,19346
Error,25628
Error,50454
Error,19006
Error,49443
Error,51937
Error,44513
Error,42038
Error,20037
Error,25407
Error,49573
Error,18415
Error,47018
Error,81693
Error,44272
Error,49613
Error,19937
Error,25227
Error,49592
Error,16902
Error,54963
Error,46226
Error,44343
Error,54692
Error,22952
Error,26950
Error,51346
Error,16961
Error,46547
Error,51647
Error,42420
Error,47398
Error,20949
Error,26930
Error,50856
Error,18675
Error,48931
Error,43531
Error,43361
Error,40986
Error,18825
Error,25288
Error,52418
Error,16070
Error,47659
Error,56816
Error,45245
Error,43441
Error,22572
Error,28824
Error,54432
Error,19897
Error,62136
Error,45835
Error,58099
Error,44794
Error,22231
Error,28853
Error,54632
Error,19907
Error,61545
Error,47379
Error,49032
Error,40887
Error,18304
Error,23353
Error,48280
Error,17473
Error,53120
Error,47599
Error,42920
Error,41968
Error,25648
Error,26360
Error,52628
Error,24325
Error,46306
Error,40306
Error,38562
Error,39474
Error,19105
Error,25437
Error,53811
Error,23254
Error,46177
Error,41047
Error,41548
Error,48621
Error,18554
Error,24165
Error,46737
Error,17583
Error,43791
Error,40816
Error,48550
Error,46918
Error,20609
Error,25969
Error,58961
Error,28192
Error,46797
Error,42610
Error,49142
Error,45876
Error,18224
Error,23774
Error,50123
Error,20127
Error,45265
Error,49612
Error,39855
Error,39013
Error,20167
Error,25488
Error,48009
Error,17202
Error,58249
Error,42390
Error,39493
Error,39313
Error,17944
Error,32691
Error,47559
Error,19005
Error,45896
Error,38883
Error,49102
Error,39864
Error,18034
Error,24886
Error,49713
Error,18275
Error,44533
Error,40265
Error,42359
Error,40746
Error,19356
Error,25217
Error,49302
Error,17844
Error,47650
Error,51196
Error,42309
Error,40806
Error,19636
Error,25728
Error,48270
Error,17873
Error,51786
Error,45415
Error,44252
Error,43501
Error,20238
Error,26109
Error,47399
Error,18204
Error,46407
Error,41998
Error,40886
Error,40506
Error,20358
Error,27021
Error,56747
Error,24426
Error,47920
Error,42229
Error,42490
Error,41137
Error,18755
Error,25237
Error,54953
Error,22823
Error,51867
Error,45385
Error,43191
Error,52488
Error,21019
Error,26610
Error,49142
Error,16672
Error,55924
Error,43201
Error,40976
Error,41627
Error,20368
Error,26389
Error,48861
Error,17684
Error,48250
Error,42610
Error,42921
Error,40716
Error,18455
Error,24916
Error,48471
Error,16240
Error,64310
Error,54562
Error,43020
Error,41598
Error,19436
Error,30046
Error,42679
Error,12533
Error,47178
Error,41808
Error,41257
Error,41307
Error,18815
Error,25438
Error,49352
Error,18334
Error,55364
Error,42790
Error,41758
Error,48571
Error,19476
Error,25398
Error,55674
Error,24126
Error,58740
Error,44464
Error,41748
Error,43161
Error,19406
Error,25578
Error,41117
Error,11181
Error,47429
Error,41799
Error,56425
Error,47579
Error,21310
Error,29115
Error,56816
Error,20739
Error,53280
Error,47178
Error,49413
Error,55474
Error,21821
Error,28593
Error,74339
Error,28022
Error,48881
Error,41908
Error,45185
Error,50164
Error,20107
Error,25287
Error,49021
Error,17463
Error,47159
Error,41688
Error,45405
Error,50234
Error,19506
Error,24937
Error,47569
Error,17553
Error,57477
Error,49493
Error,46718
Error,41668
Error,18575
Error,26149
Error,55354
Error,17673
Error,49553
Error,44944
Error,47719
Error,42469
Error,20849
Error,25066
Error,49162
Error,18195
Error,46597
Error,41387
Error,57046
Error,43161
Error,20979
Error,25958
Error,48540
Error,15108
Error,48331
Error,42940
Error,40566
Error,50013
Error,22372
Error,27030
Error,48220
Error,18354
Error,58760
Error,52328
Error,51346
Error,45666
Error,22171
Error,28614
Error,53721
Error,22082
Error,52127
Error,54302
Error,45635
Error,39574
Error,19135
Error,25357
Error,45615
Error,14708
Error,44844
Error,39444
Error,44393
Error,53520
Error,20689
Error,26399
Error,45645
Error,14618
Error,47579
Error,40846
Error,44824
Error,49302
Error,19306
Error,25417
Error,46237
Error,15589
Error,45556
Error,39353
Error,48230
Error,47830
Error,20349
Error,26559
Error,49041
Error,18485
Error,48080
Error,42169
Error,46276
Error,44182
Error,41327
Error,21620
Error,46647
Error,16651
Error,49542
Error,44283
Error,57297
Error,43161
Error,19286
Error,25738
Error,47249
Error,17513
Error,46537
Error,41418
Error,57818
Error,52829
Error,20889
Error,25047
Error,50724
Error,16932
Error,47960
Error,57988
Error,48841
Error,44824
Error,21070
Error,27722
Error,50935
Error,18174
Error,48751
Error,43571
Error,45645
Error,42269
Error,19196
Error,27311
Error,48340
Error,18364
Error,48661
Error,43201
Error,57778
Error,42921
Error,20428
Error,25387
Error,47589
Error,15709
Error,56345
Error,45835
Error,42339
Error,44273
Error,21170
Error,27341
Error,57317
Error,18735
Error,48541
Error,45084
Error,54842
Error,44603
Error,20749
Error,27822
Error,60793
Error,26419
Error,51015
Error,40155
Error,52589
Error,41778
Error,18023
Error,24165
Error,47518
Error,18715
Error,48942
Error,52638
Error,42359
Error,49062
Error,19948
Error,25438
Error,45806
Error,16251
Error,46618
Error,40486
Error,44142
Error,38722
Error,17873
Error,23915
Error,44824
Error,17002
Error,53420
Error,41318
Error,45475
Error,45755
Error,19036
Error,23854
Error,44043
Error,17512
Error,49423
Error,45525
Error,52758
Error,45686
Error,21019
Error,26649
Error,48049
Error,17122
Error,49142
Error,45936
Error,53540
Error,54793
Error,19516
Error,25658
Error,50234
Error,18194
Error,46678
Error,43201
Error,50555
Error,42139
Error,19056
Error,28533
Error,49302
Error,18695
Error,61384
Error,45495
Error,44313
Error,49723
Error,20969
Error,25437
Error,47679
Error,17222
Error,46757
Error,42249
Error,41277
Error,50935
Error,20719
Error,25898
Error,48400
Error,18505
Error,48190
Error,43441
Error,50755
Error,48380
Error,19416
Error,25508
Error,44053
Error,15258
Error,49282
Error,41908
Error,50444
Error,42019
Error,19105
Error,25848
Error,49452
Error,17763
Error,47078
Error,42940
Error,42129
Error,41116
Error,19216
Error,25268
Error,54763
Error,23373
Error,46828
Error,41949
Error,41678
Error,49763
Error,19146
Error,25458
Error,59952
Error,27402
Error,55133
Error,57107
Error,55093
Error,46286
Error,19807
Error,24295
Error,46947
Error,16180
Error,45485
Error,39133
Error,38782
Error,48992
Error,20458
Error,25197
Error,46497
Error,16601
Error,54041
Error,39334
Error,40907
Error,39664
Error,17783
Error,23694
Error,46136
Error,17343
Error,71083
Error,50224
Error,44744
Error,55263
Error,38642
Error,26139
Error,31729
Error,17453
Error,44974
Error,43231
Error,43131
Error,52098
Error,21280
Error,24366
Error,30747
Error,17522
Error,46276
Error,41948
Error,43090
Error,45865
Error,20729
Error,24316
Error,42870
Error,18624
Error,57357
Error,57758
Error,47840
Error,47449
Error,19366
Error,23013
Error,15008
Error,14057
Error,42439
Error,40896
Error,50665
Error,40846
Error,19196
Error,22663
Error,15569
Error,15459
Error,44644
Error,49563
Error,41527
Error,39534
Error,18445
Error,21570
Error,22843
Error,14076
Error,47759
Error,42800
Error,42289
Error,46447
Error,19847
Error,23083
Error,15689
Error,15419
Error,43151
Error,40536
Error,40586
Error,40786
Error,19356
Error,22552
Error,15368
Error,15238
Error,50845
Error,42379
Error,40326
Error,39814
Error,17994
Error,21440
Error,15509
Error,14167
Error,47478
Error,51236
Error,47649
Error,41989
Error,19767
Error,23003
Error,13816
Error,15359
Error,42971
Error,48251
Error,40786
Error,40946
Error,19226
Error,22392
Error,13345
Error,15188
Error,43211
Error,40717
Error,40886
Error,47419
Error,18294
Error,21630
Error,15219
Error,14207
Error,47218
Error,42570
Error,41978
Error,54041
Error,19486
Error,24395
Error,29435
Error,15069
Error,54742
Error,43711
Error,47008
Error,38923
Error,19857
Error,22522
Error,15940
Error,15218
Error,42189
Error,41939
Error,61795
Error,45345
Error,17433
Error,20859
Error,27081
Error,15710
Error,44103
Error,41397
Error,52598
Error,41097
Error,18785
Error,22442
Error,14157
Error,15168
Error,42910
Error,40887
Error,48821
Error,41828
Error,19416
Error,22151
Error,19857
Error,15308
Error,43762
Error,41227
Error,47409
Error,39925
Error,17282
Error,21019
Error,17042
Error,15539
Error,54913
Error,42489
Error,40135
Error,40606
Error,19176
Error,22993
Error,15509
Error,15018
Error,43421
Error,40837
Error,40846
Error,49873
Error,20258
Error,22703
Error,28413
Error,14687
Error,43722
Error,41337
Error,46467
Error,46877
Error,18665
Error,24636
Error,22211
Error,16240
Error,43602
Error,50544
Error,50795
Error,40105
Error,19145
Error,22933
Error,15389
Error,15259
Error,50414
Error,41247
Error,41698
Error,39915
Error,19146
Error,22933
Error,15799
Error,15859
Error,42640
Error,40967
Error,39394
Error,47229
Error,24877
Error,23313
Error,15599
Error,15599
Error,43291
Error,49262
Error,46677
Error,39794
Error,19356
Error,22923
Error,15609
Error,15049
Error,49633
Error,42660
Error,48901
Error,42710
Error,19616
Error,24406
Error,38251
Error,19065
Error,46016
Error,41187
Error,48080
Error,41558
Error,21400
Error,24846
Error,27601
Error,12523
Error,58639
Error,45495
Error,49512
Error,41978
Error,18965
Error,22822
Error,29435
Error,15099
Error,44293
Error,43080
Error,47869
Error,50815
Error,20638
Error,23984
Error,29214
Error,16741
Error,45805
Error,42209
Error,60934
Error,51577
Error,21310
Error,23624
Error,28984
Error,16962
Error,53580
Error,43491
Error,43732
Error,51386
Error,19356
Error,22603
Error,38912
Error,20368
Error,43932
Error,44093
Error,47720
Error,49352
Error,20729
Error,23584
Error,27171
Error,9548
Error,44343
Error,40636
Error,54682
Error,47168
Error,21210
Error,24677
Error,29164
Error,17022
Error,47138
Error,45725
Error,53821
Error,44803
Error,20258
Error,24616
Error,34154
Error,8676
Error,48891
Error,46136
Error,50274
Error,41046
Error,19216
Error,22652
Error,18695
Error,14107
Error,41968
Error,39604
Error,46297
Error,41878
Error,19746
Error,22412
Error,29615
Error,15579
Error,44052
Error,40556
Error,46918
Error,40315
Error,18495
Error,20999
Error,23895
Error,12674
Error,44763
Error,53320
Error,48561
Error,41698
Error,20558
Error,23985
Error,29546
Error,17051
Error,44594
Error,50053
Error,45786
Error,46347
Error,21120
Error,24185
Error,37831
Error,28714
Error,53460
Error,46537
Error,54011
Error,45074
Error,19817
Error,22352
Error,15779
Error,15358
Error,48300
Error,46277
Error,48932
Error,49112
Error,19787
Error,21300
Error,15219
Error,14347
Error,40366
Error,40165
Error,45815
Error,43772
Error,20538
Error,23675
Error,28634
Error,9287
Error,44744
Error,41638
Error,58559
Error,41197
Error,19146
Error,21580
Error,13766
Error,13746
Error,42359
Error,41177
Error,48230
Error,47299
Error,20318
Error,22572
Error,13515
Error,14276
Error,41307
Error,47639
Error,46236
Error,42690
Error,19978
Error,23534
Error,31328
Error,15870
Error,51717
Error,41738
Error,48551
Error,47619
Error,19165
Error,20879
Error,14006
Error,14026
Error,43151
Error,40987
Error,41037
Error,49021
Error,19406
Error,22853
Error,15358
Error,14477
Error,40916
Error,46496
Error,45996
Error,43011
Error,20057
Error,23594
Error,29255
Error,15829
Error,44022
Error,41287
Error,56035
Error,41267
Error,19516
Error,20980
Error,15469
Error,12503
Error,50724
Error,42108
Error,48491
Error,45125
Error,19637
Error,23774
Error,29795
Error,17192
Error,52749
Error,42119
Error,51165
Error,51406
Error,21320
Error,24145
Error,45565
Error,34184
Error,45806
Error,43261
Error,65883
Error,47308
Error,20238
Error,21380
Error,16571
Error,15619
Error,48270
Error,46267
Error,58439
Error,41257
Error,19156
Error,21329
Error,22792
Error,14607
Error,41628
Error,47048
Error,45034
Error,43180
Error,19937
Error,23454
Error,28944
Error,15419
Error,43682
Error,40506
Error,57818
Error,41738
Error,19015
Error,21290
Error,15620
Error,13796
Error,42630
Error,40896
Error,48631
Error,51065
Error,19777
Error,22322
Error,15289
Error,14217
Error,41828
Error,39273
Error,53310
Error,49252
Error,20789
Error,22823
Error,27311
Error,9437
Error,44483
Error,40696
Error,54652
Error,42139
Error,19176
Error,21230
Error,20679
Error,14246
Error,43311
Error,41348
Error,47288
Error,40867
Error,19396
Error,22132
Error,13826
Error,13916
Error,49392
Error,40155
Error,45345
Error,42279
Error,19827
Error,23364
Error,36749
Error,20438
Error,43551
Error,40936
Error,47859
Error,47669
Error,19507
Error,21370
Error,15268
Error,14017
Error,42941
Error,62187
Error,53941
Error,41397
Error,19586
Error,24075
Error,30417
Error,16982
Error,53079
Error,48611
Error,46937
Error,44013
Error,21059
Error,25057
Error,36458
Error,25548
Error,46287
Error,51557
Error,46036
Error,42810
Error,20218
Error,24025
Error,30017
Error,17342
Error,54301
Error,43581
Error,47248
Error,41347
Error,19266
Error,22753
Error,39063
Error,21831
Error,44373
Error,41408
Error,56105
Error,56306
Error,22953
Error,26289
Error,28413
Error,9718
Error,44203
Error,40766
Error,43331
Error,49522
Error,20077
Error,23153
Error,28733
Error,15729
Error,48822
Error,43171
Error,39574
Error,47720
Error,18084
Error,21861
Error,15389
Error,13976
Error,41157
Error,45735
Error,43081
Error,42409
Error,20358
Error,22192
Error,30717
Error,17122
Error,42901
Error,41327
Error,40366
Error,38652
Error,18074
Error,22882
Error,16060
Error,15549
Error,43170
Error,50905
Error,41678
Error,42008
Error,19576
Error,21369
Error,15458
Error,13896
Error,42029
Error,54332
Error,43421
Error,49784
Error,20779
Error,23093
Error,15499
Error,15699
Error,42870
Error,41477
Error,49422
Error,41297
Error,18955
Error,22483
Error,15589
Error,15358
Error,43100
Error,41307
Error,48842
Error,41568
Error,17643
Error,21400
Error,15909
Error,14207
Error,48972
Error,46847
Error,46037
Error,59461
Error,22142
Error,24656
Error,30056
Error,17062
Error,46146
Error,51376
Error,47339
Error,41938
Error,20669
Error,24135
Error,30657
Error,17302
Error,45826
Error,43531
Error,43672
Error,43170
Error,19166
Error,22572
Error,40216
Error,18565
Error,47378
Error,47198
Error,56316
Error,51677
Error,21500
Error,24996
Error,29184
Error,9157
Error,44814
Error,51937
Error,48120
Error,42048
Error,20949
Error,25698
Error,16310
Error,17383
Error,48220
Error,46157
Error,43681
Error,45756
Error,20749
Error,23564
Error,16010
Error,14377
Error,45976
Error,51997
Error,54722
Error,42339
Error,19687
Error,22722
Error,13936
Error,15469
Error,50815
Error,41999
Error,41127
Error,41017
Error,19427
Error,23053
Error,16771
Error,16671
Error,41708
Error,41437
Error,41288
Error,46918
Error,18164
Error,21240
Error,15900
Error,13686
Error,56716
Error,43832
Error,45004
Error,48931
Error,19797
Error,22862
Error,15759
Error,15268
Error,43081
Error,50474
Error,41267
Error,40465
Error,18975
Error,22151
Error,15980
Error,15269
Error,42219
Error,41337
Error,49252
Error,40266
Error,18825
Error,20748
Error,19196
Error,17953
Error,44273
Error,41257
Error,47499
Error,40496
Error,19045
Error,24927
Error,29916
Error,16570
Error,45545
Error,43812
Error,44603
Error,42249
Error,18905
Error,22773
Error,30387
Error,17292
Error,44654
Error,43251
Error,44483
Error,41267
Error,18705
Error,22392
Error,37369
Error,18665
Error,48050
Error,52057
Error,51426
Error,48190
Error,20528
Error,25938
Error,18354
Error,16150
Error,47959
Error,45725
Error,50655
Error,42950
Error,21250
Error,25627
Error,26159
Error,17253
Error,52157
Error,42028
Error,47719
Error,46086
Error,17864
Error,25547
Error,17052
Error,16260
Error,44573
Error,42309
Error,56266
Error,47499
Error,20188
Error,22542
Error,15850
Error,15258
Error,42730
Error,48510
Error,41117
Error,40335
Error,19327
Error,22462
Error,15299
Error,14878
Error,50144
Error,41558
Error,39674
Error,39023
Error,17272
Error,24676
Error,14867
Error,15960
Error,46226
Error,53500
Error,40986
Error,41017
Error,19015
Error,23253
Error,16441
Error,15569
Error,43121
Error,47248
Error,48601
Error,40596
Error,18956
Error,22712
Error,15439
Error,15409
Error,42620
Error,49834
Error,51677
Error,39083
Error,20217
Error,23193
Error,15018
Error,16050
Error,52648
Error,41528
Error,44464
Error,40575
Error,20618
Error,24325
Error,29886
Error,16641
Error,44353
Error,51446
Error,54692
Error,42800
Error,19376
Error,24075
Error,28934
Error,16601
Error,44403
Error,41628
Error,57257
Error,50214
Error,20498
Error,24005
Error,29926
Error,17102
Error,45114
Error,43882
Error,44813
Error,51416
Error,19507
Error,22642
Error,26129
Error,8817
Error,45505
Error,43491
Error,58870
Error,43341
Error,20218
Error,23905
Error,29575
Error,16802
Error,52067
Error,42109
Error,40195
Error,55314
Error,21200
Error,24466
Error,40536
Error,28884
Error,47660
Error,43240
Error,64621
Error,52798
Error,20639
Error,24636
Error,20889
Error,16091
Error,52579
Error,47348
Error,55093
Error,54061
Error,19928
Error,22302
Error,15930
Error,14026
Error,40516
Error,39664
Error,47328
Error,42449
Error,19967
Error,22963
Error,24356
Error,15198
Error,50424
Error,42149
Error,45565
Error,39955
Error,19235
Error,22081
Error,18765
Error,15409
Error,43150
Error,41468
Error,54072
Error,46888
Error,19967
Error,22342
Error,15258
Error,14006
Error,41999
Error,39594
Error,43942
Error,42910
Error,19697
Error,23283
Error,29836
Error,15429
Error,42820
Error,49763
Error,45575
Error,40185
Error,18756
Error,21270
Error,17272
Error,14066
Error,50494
Error,43721
Error,46627
Error,49904
Error,20398
Error,23855
Error,38122
Error,22412
Error,44643
Error,41368
Error,58089
Error,44834
Error,21199
Error,25798
Error,31769
Error,11071
Error,48260
Error,41047
Error,58229
Error,47148
Error,21730
Error,24535
Error,16491
Error,14107
Error,43130
Error,49072
Error,41558
Error,40385
Error,19025
Error,22693
Error,23814
Error,14968
Error,48550
Error,40175
Error,45986
Error,42279
Error,19747
Error,23775
Error,29035
Error,15660
Error,42910
Error,40947
Error,60563
Error,47348
Error,19997
Error,21140
Error,15309
Error,14036
Error,42760
Error,40756
Error,49192
Error,42640
Error,19236
Error,22953
Error,15389
Error,14487
Error,41308
Error,47790
Error,54241
Error,43361
Error,18935
Error,22572
Error,14467
Error,14958
Error,50345
Error,41538
Error,45946
Error,41197
Error,19085
Error,22953
Error,17122
Error,15178
Error,41668
Error,41187
Error,48801
Error,47860
Error,19496
Error,22332
Error,16210
Error,14066
Error,41257
Error,48791
Error,69049
Error,51757
Error,20448
Error,32861
Error,95428
Error,81132
Error,44152
Error,44032
Error,41788
Error,42780
Error,20128
Error,23585
Error,17633
Error,14677
Error,45685
Error,43051
Error,42690
Error,50084
Error,19927
Error,23775
Error,30187
Error,17182
Error,45194
Error,41528
Error,64290
Error,55434
Error,20979
Error,24055
Error,36458
Error,26129
Error,45706
Error,52788
Error,50454
Error,42420
Error,19095
Error,22823
Error,29385
Error,10800
Error,53260
Error,43422
Error,45435
Error,42189
Error,18715
Error,23033
Error,40095
Error,21851
Error,44293
Error,41177
Error,47519
Error,44453
Error,20569
Error,24606
Error,34344
Error,11181
Error,57678
Error,40395
Error,44494
Error,52969
Error,21140
Error,23694
Error,16110
Error,15469
Error,40767
Error,40105
Error,47909
Error,40085
Error,18214
Error,21891
Error,15930
Error,14016
Error,40926
Error,40375
Error,47198
Error,42370
Error,19897
Error,22703
Error,17313
Error,15218
Error,51406
Error,41468
Error,41037
Error,47148
Error,19917
Error,22172
Error,11371
Error,15399
Error,42419
Error,49452
Error,41588
Error,39304
Error,17904
Error,21340
Error,19176
Error,14086
Error,41177
Error,39594
Error,44523
Error,42500
Error,19938
Error,22922
Error,27943
Error,13906
Error,51817
Error,41899
Error,39093
Error,38973
Error,17834
Error,21671
Error,14137
Error,15218
Error,42560
Error,48621
Error,40796
Error,40646
Error,18755
Error,21230
Error,26400
Error,14507
Error,43551
Error,42690
Error,41648
Error,46688
Error,21120
Error,24766
Error,28593
Error,16831
Error,55303
Error,49994
Error,43100
Error,42680
Error,20148
Error,24116
Error,42038
Error,21230
Error,44504
Error,41377
Error,41418
Error,50143
Error,20859
Error,24235
Error,29896
Error,14758
Error,45365
Error,41547
Error,40766
Error,49363
Error,22893
Error,24726
Error,17884
Error,18134
Error,49242
Error,46547
Error,54692
Error,51757
Error,19657
Error,23133
Error,13705
Error,15359
Error,41618
Error,39884
Error,40536
Error,49703
Error,19336
Error,22712
Error,15519
Error,13936
Error,41478
Error,39795
Error,38993
Error,47519
Error,18154
Error,24105
Error,15279
Error,16101
Error,44463
Error,40937
Error,41257
Error,40275
Error,18885
Error,22802
Error,14927
Error,15579
Error,42199
Error,49122
Error,41338
Error,41929
Error,19186
Error,23023
Error,15189
Error,17713
Error,41308
Error,40185
Error,47579
Error,39915
Error,17823
Error,24055
Error,10018
Error,15780
Error,51276
Error,43000
Error,40907
Error,40356
Error,19667
Error,22672
Error,15409
Error,15209
Error,50104
Error,41517
Error,39684
Error,40626
Error,19326
Error,22993
Error,15730
Error,15399
Error,48591
Error,45766
Error,39675
Error,38953
Error,17953
Error,21370
Error,35687
Error,17603
Error,46898
Error,44123
Error,44012
Error,52137
Error,20919
Error,22512
Error,24406
Error,9648
Error,44123
Error,43100
Error,52669
Error,44102
Error,20328
Error,23935
Error,25719
Error,9428
Error,45485
Error,51686
Error,49973
Error,41598
Error,18815
Error,23033
Error,30547
Error,17413
Error,48771
Error,44363
Error,60393
Error,55694
Error,23113
Error,27181
Error,33342
Error,27060
Error,69230
Error,49062
Error,53580
Error,54802
Error,22081
Error,25578
Error,41748
Error,29155
Error,44813
Error,41868
Error,42519
Error,48902
Error,19286
Error,22362
Error,27882
Error,17974
Error,52198
Error,42860
Error,49963
Error,41318
Error,18976
Error,22552
Error,28002
Error,17092
Error,43642
Error,54802
Error,45385
Error,44142
Error,21209
Error,21750
Error,18204
Error,15900
Error,46377
Error,38963
Error,38632
Error,39905
Error,17904
Error,21320
Error,15008
Error,14016
Error,40446
Error,45485
Error,50945
Error,48291
Error,19827
Error,22753
Error,14016
Error,15028
Error,42930
Error,48831
Error,41157
Error,39844
Error,18956
Error,22893
Error,14056
Error,16050
Error,49703
Error,42380
Error,40105
Error,38912
Error,17803
Error,20708
Error,19406
Error,14117
Error,41258
Error,47619
Error,41037
Error,38803
Error,18374
Error,21521
Error,38873
Error,19476
Error,41607
Error,38963
Error,48961
Error,42840
Error,18876
Error,22692
Error,25988
Error,9297
Error,44603
Error,50194
Error,42189
Error,41307
Error,19246
Error,22522
Error,30667
Error,17202
Error,52137
Error,42650
Error,50584
Error,42058
Error,20519
Error,24926
Error,34675
Error,17974
Error,57076
Error,44473
Error,39043
Error,38552
Error,17773
Error,21249
Error,13966
Error,14187
Error,48631
Error,46367
Error,39755
Error,39073
Error,17884
Error,21140
Error,15469
Error,14277
Error,41077
Error,39374
Error,47759
Error,46798
Error,19948
Error,23324
Error,13736
Error,16270
Error,43111
Error,47679
Error,40516
Error,40175
Error,19406
Error,22682
Error,16270
Error,14267
Error,42159
Error,40996
Error,48852
Error,39604
Error,17853
Error,21079
Error,14688
Error,14146
Error,40415
Error,39033
Error,38231
Error,47589
Error,18254
Error,21259
Error,15478
Error,13856
Error,40385
Error,38793
Error,38993
Error,38612
Error,18315
Error,21200
Error,13705
Error,14106
Error,48631
Error,40767
Error,45525
Error,39554
Error,17813
Error,21039
Error,15449
Error,14457
Error,48902
Error,40736
Error,39344
Error,45395
Error,17974
Error,24155
Error,13535
Error,16310
Error,43522
Error,49692
Error,41638
Error,40155
Error,19256
Error,22803
Error,17894
Error,16210
Error,44623
Error,51046
Error,43551
Error,42139
Error,20449
Error,22622
Error,29996
Error,15679
Error,54943
Error,41838
Error,41878
Error,40676
Error,19256
Error,23164
Error,38261
Error,23204
Error,46517
Error,40987
Error,52428
Error,44303
Error,20679
Error,23814
Error,34424
Error,12112
Error,41207
Error,39283
Error,45946
Error,39193
Error,17944
Error,21440
Error,13896
Error,14357
Error,41919
Error,39634
Error,54723
Error,40506
Error,20508
Error,24426
Error,39514
Error,20348
Error,53179
Error,47619
Error,57498
Error,41838
Error,19196
Error,21129
Error,18474
Error,14347
Error,43571
Error,48792
Error,42730
Error,40747
Error,19516
Error,22882
Error,16191
Error,13215
Error,49552
Error,40616
Error,46136
Error,40575
Error,17673
Error,21350
Error,43351
Error,18455
Error,46557
Error,43091
Error,43702
Error,58570
Error,20749
Error,23604
Error,15829
Error,14276
Error,44844
Error,51607
Error,42719
Error,42299
Error,20238
Error,23163
Error,23083
Error,16922
Error,45595
Error,42660
Error,48912
Error,43170
Error,20358
Error,24887
Error,20459
Error,14978
Error,44713
Error,53400
Error,64771
Error,42950
Error,19647
Error,23484
Error,15158
Error,14668
Error,50845
Error,48741
Error,42209
Error,41758
Error,20398
Error,24065
Error,40295
Error,22111
Error,46377
Error,44142
Error,42820
Error,49172
Error,19696
Error,25508
Error,30897
Error,17132
Error,47408
Error,44584
Error,52358
Error,42930
Error,20338
Error,22081
Error,40355
Error,20919
Error,51456
Error,42861
Error,46867
Error,50043
Error,20969
Error,24135
Error,28283
Error,16171
Error,43211
Error,43201
Error,41979
Error,49773
Error,19116
Error,25828
Error,32291
Error,16882
Error,44483
Error,42208
Error,57067
Error,49131
Error,20108
Error,23203
Error,27401
Error,8807
Error,44523
Error,50014
Error,48721
Error,41557
Error,18865
Error,22482
Error,29716
Error,16792
Error,52378
Error,42700
Error,46327
Error,41628
Error,25458
Error,23064
Error,30027
Error,17603
Error,45685
Error,50665
Error,49763
Error,41628
Error,18955
Error,23133
Error,28383
Error,11772
Error,45385
Error,50845
Error,47458
Error,41988
Error,18826
Error,22572
Error,30086
Error,17553
Error,44443
Error,53671
Error,55083
Error,41398
Error,25568
Error,23053
Error,30326
Error,16751
Error,52598
Error,43010
Error,49011
Error,41277
Error,19486
Error,23113
Error,30968
Error,17032
Error,52498
Error,43131
Error,46397
Error,44043
Error,21931
Error,25638
Error,41658
Error,30166
Error,58790
Error,47378
Error,50765
Error,54793
Error,22552
Error,27992
Error,52158
Error,41126
Error,53591
Error,44332
Error,46487
Error,42500
Error,18655
Error,22341
Error,35236
Error,25808
Error,50815
Error,42730
Error,49392
Error,42520
Error,20108
Error,23995
Error,30517
Error,16842
Error,53841
Error,42219
Error,47168
Error,40516
Error,22572
Error,24306
Error,38121
Error,28904
Error,45335
Error,42840
Error,47789
Error,44353
Error,20237
Error,23604
Error,26550
Error,16861
Error,45916
Error,41487
Error,57537
Error,41708
Error,19045
Error,22562
Error,30277
Error,16731
Error,44032
Error,41177
Error,57958
Error,41437
Error,20999
Error,24736
Error,28724
Error,19046
Error,46818
Error,53190
Error,44313
Error,42599
Error,19386
Error,22702
Error,30397
Error,17282
Error,43611
Error,50054
Error,43411
Error,42539
Error,20559
Error,23353
Error,41617
Error,28373
Error,45826
Error,50334
Error,42239
Error,47138
Error,19105
Error,26159
Error,33202
Error,28644
Error,47869
Error,44853
Error,46457
Error,42229
Error,20037
Error,22692
Error,38342
Error,28814
Error,44153
Error,41868
Error,41297
Error,21721
Error,18254
Error,22673
Error,39333
Error,28543
Error,45284
Error,41978
Error,49903
Error,42940
Error,19156
Error,22472
Error,30326
Error,16832
Error,47609
Error,44343
Error,52859
Error,50014
Error,20398
Error,23694
Error,29776
Error,16982
Error,46247
Error,42629
Error,42580
Error,40836
Error,18745
Error,22051
Error,30397
Error,17132
Error,43812
Error,51747
Error,41668
Error,41678
Error,18735
Error,22593
Error,41157
Error,29395
Error,50655
Error,47288
Error,44433
Error,43531
Error,21180
Error,24205
Error,36489
Error,27000
Error,45705
Error,41437
Error,40596
Error,48891
Error,19416
Error,23845
Error,28113
Error,18825
Error,44784
Error,43401
Error,50705
Error,42480
Error,18615
Error,22542
Error,30176
Error,21551
Error,44043
Error,49352
Error,46847
Error,44273
Error,21019
Error,24917
Error,51867
Error,43411
Error,45805
Error,49663
Error,42920
Error,39724
Error,19096
Error,23884
Error,30868
Error,17373
Error,44684
Error,42289
Error,51205
Error,43432
Error,20168
Error,22352
Error,28814
Error,16521
Error,51727
Error,47940
Error,41227
Error,47088
Error,20799
Error,24767
Error,29515
Error,25187
Error,46827
Error,42099
Error,42209
Error,42239
Error,19035
Error,22342
Error,29966
Error,17283
Error,43210
Error,42059
Error,41328
Error,43331
Error,20117
Error,24175
Error,38142
Error,28463
Error,46457
Error,49813
Error,41097
Error,40346
Error,21891
Error,24907
Error,38201
Error,29515
Error,47459
Error,44212
Error,42509
Error,42289
Error,20158
Error,23745
Error,36137
Error,25568
Error,43972
Error,43892
Error,41408
Error,42199
Error,19717
Error,23574
Error,29966
Error,17001
Error,44753
Error,42099
Error,40315
Error,40236
Error,18905
Error,28654
Error,29274
Error,17062
Error,44543
Error,42229
Error,50845
Error,48601
Error,19056
Error,22432
Error,28994
Error,18033
Error,44774
Error,56927
Error,42739
Error,40807
Error,18815
Error,22673
Error,28844
Error,19707
Error,44382
Error,49252
Error,42069
Error,41187
Error,18975
Error,22011
Error,29976
Error,16501
Error,46577
Error,41057
Error,49052
Error,42059
Error,18995
Error,22832
Error,30728
Error,17072
Error,51626
Error,51006
Error,41537
Error,40787
Error,18885
Error,22342
Error,29896
Error,16891
Error,44343
Error,41447
Error,40466
Error,40766
Error,18414
Error,22051
Error,38592
Error,27852
Error,50514
Error,45315
Error,42599
Error,49082
Error,19236
Error,23894
Error,29395
Error,17212
Error,43963
Error,40976
Error,40426
Error,40606
Error,18855
Error,22422
Error,29866
Error,16831
Error,43732
Error,41819
Error,41788
Error,50074
Error,18965
Error,22542
Error,31098
Error,17392
Error,43721
Error,41067
Error,44282
Error,40836
Error,19346
Error,21981
Error,49302
Error,38713
Error,44023
Error,42049
Error,41618
Error,50695
Error,19256
Error,22202
Error,30397
Error,17152
Error,43270
Error,50404
Error,41728
Error,49132
Error,19296
Error,21811
Error,27862
Error,18094
Error,44082
Error,49652
Error,42199
Error,51166
Error,19467
Error,22231
Error,83887
Error,80030
Error,53640
Error,52027
Error,42059
Error,44383
Error,19016
Error,22983
Error,29726
Error,17332
Error,53149
Error,49222
Error,46757
Error,41548
Error,18875
Error,22943
Error,30627
Error,17332
Error,43872
Error,50054
Error,48361
Error,51887
Error,21160
Error,25127
Error,36398
Error,28443
Error,46066
Error,42850
Error,42580
Error,42269
Error,20849
Error,23995
Error,30548
Error,17884
Error,45535
Error,54191
Error,48631
Error,41368
Error,18775
Error,22302
Error,29335
Error,17283
Error,52939
Error,41527
Error,47188
Error,43111
Error,21310
Error,24827
Error,34434
Error,23183
Error,45676
Error,42960
Error,48040
Error,49342
Error,19757
Error,23464
Error,31860
Error,23313
Error,45485
Error,42379
Error,48812
Error,50635
Error,20568
Error,21881
Error,30306
Error,17493
Error,43561
Error,49663
Error,50174
Error,44613
Error,21020
Error,24827
Error,35486
Error,26730
Error,46136
Error,42139
Error,43301
Error,40966
Error,18956
Error,23343
Error,30307
Error,17523
Error,44844
Error,51276
Error,42790
Error,41788
Error,19767
FindNodeReq,60393
FindNodeReq,32992
Error,20929
FindNodeReq,92553
Error,66814
Error,54682
FindNodeReq,37440
Error,41908
Error,46517
Error,43281
Error,45485
Error,21881
Error,25718
Error,46056
Error,21430
Error,47248
Error,40796
Error,45656
Error,45946
Error,22282
Error,24015
Error,27952
Error,15499
Error,48611
Error,41498
Error,58770
Error,40856
Error,18074
Error,21590
Error,17412
Error,14077
Error,47018
Error,49843
Error,43051
Error,41868
Error,19185
Error,22632
Error,14607
Error,15659
Error,42730
Error,41868
Error,49392
Error,41677
Error,20078
Error,22652
Error,17182
Error,15709
Error,43702
Error,49222
Error,51326
Error,39073
Error,17883
Error,21461
Error,16511
Error,14367
Error,41658
Error,44804
Error,49813
Error,42339
Error,19877
Error,22983
Error,14026
Error,15509
Error,42750
Error,41387
Error,49272
Error,41237
Error,19116
Error,22462
Error,17243
Error,15539
Error,42550
Error,50405
Error,42188
Error,40887
Error,18094
Error,21260
Error,16942
Error,14206
Error,49733
Error,46026
Error,41457
Error,42249
Error,19617
Error,22953
Error,16391
Error,15229
Error,50173
Error,41978
Error,40496
Error,48090
Error,19496
Error,22643
Error,29295
Error,10990
Error,44133
Error,43742
Error,48732
Error,41668
Error,18945
Error,22382
Error,30487
Error,17643
Error,53059
Error,47769
Error,45986
Error,44042
Error,24676
Error,24155
Error,30397
Error,18765
Error,46056
Error,43481
Error,42880
Error,50364
Error,19346
Error,22341
Error,31328
Error,17623
Error,44703
Error,42620
Error,42589
Error,50885
Error,21000
Error,22573
Error,29895
Error,12473
Error,44193
Error,41457
Error,48180
Error,44614
Error,21451
Error,24777
Error,42640
Error,30807
Error,46476
Error,43431
Error,50725
Error,63949
Error,21300
Error,25728
Error,30247
Error,17163
Error,46177
Error,40616
Error,55163
Error,44804
Error,22322
Error,21080
Error,22723
Error,14076
Error,41488
Error,54863
Error,41838
Error,40215
Error,17603
Error,21129
Error,37280
Error,10239
Error,42950
Error,40015
Error,39473
Error,46446
Error,18013
Error,20749
Error,16271
Error,14246
Error,41097
Error,40085
Error,47108
Error,40386
Error,17914
Error,20768
Error,16771
Error,14007
Error,41408
Error,39554
Error,44373
Error,41668
Error,19587
Error,23484
Error,31228
Error,16009
Error,43061
Error,41768
Error,40826
Error,49222
Error,19616
Error,21190
Error,18625
Error,14086
Error,42760
Error,40185
Error,41858
Error,54442
Error,20969
Error,24025
Error,31169
Error,17673
Error,44824
Error,41567
Error,50815
Error,48161
Error,21030
Error,24726
Error,29024
Error,16941
Error,55153
Error,43712
Error,42439
Error,49092
Error,20058
Error,22562
Error,32090
Error,17643
Error,53631
Error,43582
Error,41978
Error,49843
Error,20939
Error,23634
Error,30056
Error,17142
Error,43882
Error,41848
Error,71293
Error,44303
Error,19326
Error,22883
Error,28884
Error,17423
Error,43732
Error,52798
Error,43131
Error,48070
Error,19015
Error,22722
Error,29495
Error,16872
Error,43862
Error,42319
Error,41117
Error,41027
Error,18635
Error,22352
Error,30156
Error,17322
Error,48841
Error,44282
Error,43581
Error,43221
Error,19867
Error,23824
Error,27301
Error,11522
Error,46287
Error,52047
Error,43311
Error,40956
Error,18875
Error,22663
Error,29886
Error,16531
Error,44102
Error,43211
Error,41598
Error,49653
Error,22933
Error,24726
Error,28643
Error,19617
Error,48951
Error,53189
Error,43101
Error,42509
Error,20018
Error,24065
Error,29475
Error,14827
Error,45525
Error,42659
Error,48611
Error,42129
Error,18825
Error,22452
Error,28763
Error,17412
Error,50083
Error,61916
Error,60634
Error,49492
Error,21069
Error,26038
Error,36778
Error,29385
Error,51527
Error,46657
Error,47098
Error,40986
Error,18735
Error,22842
Error,29986
Error,16781
Error,44012
Error,41779
Error,50133
Error,41668
Error,18464
Error,25437
Error,28654
Error,16981
Error,46416
Error,43341
Error,51787
Error,42700
Error,20037
Error,23824
Error,28944
Error,16712
Error,46447
Error,50484
Error,41908
Error,40165
Error,18715
Error,23984
Error,29916
Error,16831
Error,52799
Error,41858
Error,39484
Error,46436
Error,21040
Error,24737
Error,36959
Error,32060
Error,46206
Error,42450
Error,42600
Error,51807
Error,20338
Error,22271
Error,29445
Error,16892
Error,44934
Error,42329
Error,40425
Error,40776
Error,18134
Error,22122
Error,38151
Error,26119
Error,52358
Error,46968
Error,42620
Error,55344
Error,22712
Error,26038
Error,18986
Error,16140
Error,43371
Error,46137
Error,44183
Error,39704
Error,19556
Error,22983
Error,13626
Error,15399
Error,42369
Error,39083
Error,47339
Error,39684
Error,22242
FindNodeRsp,26870
Error,21530
Error,23364
Error,13956
Error,44694
Error,42900
Error,42740
Error,42700
Error,19998
Error,24075
Error,60233
Error,46377
Error,35106
Error,51807
Error,40977
Error,41157
Error,18675
Error,23364
Error,36008
Error,19176
Error,44734
Error,54482
Error,44353
Error,51947
Error,21340
Error,24595
Error,29956
Error,9057
Error,44944
Error,52067
Error,43411
Error,41948
Error,19316
Error,22252
Error,39453
Error,22552
Error,44362
Error,40997
Error,41438
Error,40726
Error,18645
Error,22932
Error,17934
Error,16771
Error,45214
Error,44483
Error,51396
Error,43562
Error,20729
Error,23915
Error,30507
Error,14958
Error,45435
Error,42931
Error,49182
Error,42209
Error,19065
Error,23775
Error,30497
Error,16952
Error,43641
Error,49843
Error,41568
Error,46647
Error,21190
Error,24967
Error,28804
Error,16891
Error,46487
Error,51907
Error,42730
Error,52318
Error,20658
Error,22361
Error,26088
Error,16000
Error,44924
Error,42239
Error,40836
Error,41167
Error,18485
Error,22552
Error,29725
Error,16952
Error,49052
Error,53150
Error,44253
Error,48450
Error,22603
Error,27462
Error,36709
Error,30857
Error,61155
Error,49192
Error,55724
Error,47228
Error,44844
Error,26720
Error,34334
Error,21550
Error,43682
Error,40886
Error,50464
Error,47108
Error,20990
Error,24977
Error,43221
Error,37951
Error,45345
Error,42640
Error,42088
Error,41668
Error,20599
Error,23814
Error,38492
Error,27391
Error,44934
Error,42640
Error,40867
Error,40375
Error,18515
Error,22302
Error,29905
Error,17012
Error,53099
Error,47669
Error,43761
Error,50634
Error,21300
Error,29956
Error,39143
Error,20789
Error,46587
Error,46968
Error,50775
Error,21480
Error,36529
Error,24285
Error,15569
Error,14747
Error,42961
Error,40847
Error,40686
Error,38562
Error,17794
Error,21420
Error,14267
Error,14628
Error,41247
Error,38812
Error,38612
Error,38593
Error,18134
Error,21209
Error,14547
Error,13205
Error,49112
Error,46036
Error,40495
Error,39053
Error,18224
Error,21169
Error,15879
Error,12875
Error,41297
Error,39644
Error,47659
Error,45695
Error,20698
Error,23815
Error,16801
Error,14287
Error,50284
Error,41477
Error,39805
Error,48531
Error,20839
Error,23574
Error,17262
Error,16200
Error,44363
Error,43571
Error,42189
Error,52528
Error,20609
Error,22892
Error,18174
Error,14958
Error,43772
Error,55995
Error,51236
Error,44203
Error,21320
Error,23725
Error,18224
Error,16280
Error,43973
Error,42490
Error,41397
Error,54672
Error,20979
Error,24155
Error,31519
Error,9438
Error,45385
Error,43692
Error,48140
Error,41848
Error,18765
Error,23704
Error,23934
Error,14757
Error,43201
Error,50494
Error,42379
Error,48430
Error,19567
Error,22622
Error,17583
Error,15148
Error,43842
Error,41308
Error,49703
Error,41407
Error,19616
Error,22472
Error,25317
Error,15028
Error,43230
Error,41187
Error,47269
Error,42399
Error,19016
Error,22322
Error,38421
Error,25307
Error,44493
Error,41187
Error,40446
Error,40495
Error,19035
Error,22563
Error,18264
Error,14908
Error,42659
Error,41157
Error,42209
Error,41037
Error,18795
Error,22351
Error,38392
Error,17593
Error,57026
Error,44733
Error,40836
Error,48641
Error,19456
Error,22833
Error,18194
Error,14708
Error,42841
Error,50234
Error,47699
Error,46026
Error,21210
Error,25277
Error,36618
Error,19256
Error,49873
Error,46837
Error,45505
Error,45055
Error,18846
Error,22963
Error,30617
Error,15559
Error,44042
Error,41327
Error,40886
Error,40886
Error,19186
Error,22212
Error,30297
Error,14697
Error,43501
Error,40446
Error,40044
Error,40025
Error,19146
Error,22342
Error,30487
Error,14968
Error,43721
Error,40416
Error,40376
Error,47017
Error,21500
Error,24806
Error,41958
Error,28142
Error,45545
Error,42229
Error,42460
Error,41478
Error,20178
Error,23554
Error,31128
Error,15829
Error,44453
Error,41698
Error,42049
Error,40746
Error,19847
Error,21801
Error,30847
Error,15188
Error,43071
Error,46798
Error,43832
Error,45234
Error,20859
Error,22562
Error,31318
Error,16972
Error,52849
Error,49212
Error,41688
Error,40866
Error,20258
Error,23504
Error,29645
Error,14958
Error,54331
Error,42750
Error,48761
Error,40486
Error,19367
Error,27461
Error,30517
Error,15609
Error,48771
Error,43782
Error,55013
Error,42980
Error,20188
Error,23855
Error,31209
Error,15779
Error,45114
Error,51386
Error,43761
Error,54572
Error,21140
Error,23965
Error,31669
Error,15760
Error,44212
Error,49513
Error,41838
Error,47348
Error,21039
Error,24385
Error,44454
Error,30567
Error,46797
Error,42630
Error,42509
Error,42019
Error,20288
Error,23925
Error,29656
Error,14898
Error,54111
Error,42579
Error,42088
Error,40566
Error,20298
Error,25998
Error,32621
Error,17513
Error,53100
Error,48270
Error,43993
Error,51126
Error,21510
Error,22582
Error,31409
Error,15840
Error,44293
Error,43782
Error,40505
Error,42209
FindNodeReq,39194
FindNodeReq,37070
Error,20208
FindNodeReq,47579
Error,25247
FindNodeReq,138990
Error,57788
Error,42420
Error,43582
Error,42499
Error,42229
Error,47719
Error,21160
Error,24907
Error,39073
Error,24225
Error,47038
Error,43060
Error,43200
Error,42930
Error,20137
Error,23955
Error,31119
Error,14688
Error,45735
Error,42920
Error,51346
Error,41598
Error,19246
Error,24165
Error,28644
Error,14618
Error,44773
Error,50104
Error,47399
Error,44854
Error,20999
Error,24556
Error,39013
Error,25688
Error,45645
Error,52098
Error,43581
Error,50605
Error,20619
Error,23774
Error,30367
Error,16941
Error,45926
Error,51667
Error,42710
Error,41427
Error,20308
Error,22702
Error,31098
Error,17112
Error,53470
Error,48029
Error,54031
Error,44383
Error,21290
Error,22402
Error,29966
Error,15289
Error,52408
Error,42970
Error,42399
Error,40446
Error,20188
Error,23964
Error,31499
Error,16010
Error,53450
Error,43562
Error,42530
Error,48300
Error,19586
Error,22101
Error,40306
Error,24666
Error,50775
Error,45625
Error,45375
Error,47208
Error,22191
Error,25298
Error,21631
Error,16110
Error,49312
Error,46557
Error,54743
Error,52568
Error,22141
Error,25698
Error,10580
Error,16290
Error,42630
Error,39083
Error,40205
Error,47489
Error,19166
Error,21330
Error,15468
Error,12604
Error,40505
Error,40706
Error,43541
Error,39744
Error,17893
Error,21270
Error,16581
Error,13245
Error,41468
Error,40586
Error,48491
Error,46437
Error,23484
Error,21841
Error,15428
Error,13525
Error,41057
Error,47599
Error,45965
Error,42219
Error,19547
Error,23073
Error,15229
Error,15268
Error,41317
Error,41909
Error,41628
Error,40025
Error,19126
Error,22532
Error,14838
Error,14727
Error,51186
Error,41759
Error,43091
Error,40336
Error,17904
Error,20969
Error,10750
Error,14307
Error,43842
Error,48271
Error,44643
Error,54652
Error,21691
Error,24165
Error,33323
Error,10149
Error,45284
Error,41698
Error,51106
Error,42299
Error,20559
Error,24305
Error,17162
Error,17393
Error,53059
Error,42760
Error,42350
Error,40095
Error,19106
Error,22402
Error,16551
Error,15509
Error,44202
Error,40956
Error,41518
Error,41598
Error,20759
Error,22743
Error,17653
Error,15249
Error,52789
Error,42209
Error,41458
Error,41257
Error,19116
Error,22752
Error,31519
Error,9628
Error,44623
Error,49402
Error,41798
Error,41838
Error,22232
Error,24997
Error,25207
Error,13636
Error,54161
Error,44363
Error,42760
Error,41628
Error,18615
Error,22872
Error,37761
Error,10870
Error,45635
Error,42079
Error,42760
Error,42389
Error,20859
Error,24386
Error,26690
Error,15018
Error,43671
Error,41758
Error,49944
Error,43020
Error,19306
Error,22382
Error,30447
Error,16942
Error,43652
Error,42119
Error,41187
Error,40766
Error,18845
Error,22822
Error,25177
Error,14988
Error,43090
Error,41187
Error,50404
Error,41608
Error,19356
Error,22352
Error,24746
Error,14787
Error,42790
Error,46887
Error,52688
Error,44083
Error,20639
Error,27131
Error,37971
Error,24786
Error,50775
Error,56987
Error,49673
Error,47449
Error,21981
Error,25528
Error,35637
Error,19416
Error,50294
Error,47629
Error,50595
Error,41207
Error,18425
Error,25738
Error,30527
Error,15840
Error,55504
Error,44453
Error,42930
Error,50224
Error,20438
Error,23855
Error,29175
Error,10901
Error,45626
Error,43301
Error,42099
Error,49202
Error,20949
Error,24105
Error,30887
Error,15929
Error,44003
Error,49864
Error,42018
Error,47329
Error,21771
Error,24696
Error,44212
Error,30547
Error,50704
Error,46076
Error,46147
Error,43682
Error,18775
Error,25668
Error,18705
Error,16130
Error,48010
Error,41107
Error,40265
Error,39934
Error,17783
Error,20749
Error,15820
Error,13034
Error,46087
Error,42850
Error,50394
Error,41869
Error,19787
Error,22452
Error,16541
Error,14297
Error,49202
Error,41578
Error,45114
Error,45565
Error,19386
Error,22792
Error,17292
Error,14898
Error,42570
Error,39574
Error,51927
Error,40315
Error,21551
Error,23835
Error,17884
Error,14808
Error,41989
Error,40896
Error,39664
Error,40315
Error,19607
Error,22823
Error,10911
Error,15609
Error,44293
Error,42850
Error,53460
Error,43021
Error,20248
Error,23153
Error,18264
Error,14788
Error,43290
Error,50354
Error,48090
Error,43121
Error,18615
Error,22532
Error,31068
Error,14457
Error,44103
Error,41347
Error,50124
Error,41668
Error,19236
Error,22171
Error,17653
Error,14928
Error,43942
Error,40596
Error,41327
Error,41638
Error,22542
Error,94407
Error,40085
Error,14427
Error,43161
Error,41929
Error,47108
Error,43873
Error,20859
Error,24135
Error,31339
Error,16802
Error,45185
Error,51817
Error,43992
Error,42189
Error,20097
Error,24055
Error,27281
Error,13946
Error,52308
Error,43291
Error,41207
Error,41047
Error,18675
Error,22833
Error,27061
Error,14927
Error,51967
Error,48090
Error,43472
Error,45675
Error,21089
Error,23184
Error,18915
Error,16190
Error,45004
Error,42440
Error,42800
Error,50945
Error,20909
Error,24025
Error,19477
Error,16491
Error,45194
Error,43371
Error,42950
Error,41528
Error,19386
Error,22261
Error,39113
Error,17733
Error,44914
Error,41918
Error,52158
Error,49092
Error,19316
Error,22692
Error,16521
Error,13655
Error,42990
Error,51196
Error,54693
Error,46937
Error,21410
Error,26209
Error,41398
Error,24155
Error,50956
Error,47369
Error,55854
Error,47589
Error,24947
Error,24766
Error,36198
Error,25868
Error,46036
Error,43010
Error,42370
Error,42239
Error,19968
Error,22251
Error,31449
Error,15509
Error,44453
Error,42590
Error,41166
Error,42009
Error,19777
Error,24025
Error,46477
Error,29825
Error,44343
Error,41948
Error,41618
Error,44072
Error,19226
Error,22522
Error,36258
Error,25107
Error,43561
Error,40876
Error,40947
Error,41768
Error,18985
Error,22292
Error,31289
Error,15709
Error,44824
Error,41437
Error,40906
Error,50244
Error,20067
Error,22442
Error,39895
Error,22291
Error,43962
Error,48811
Error,52639
Error,44172
Error,20728
Error,23865
Error,31428
Error,16822
Error,45105
Error,42069
Error,51056
Error,43111
Error,19055
Error,22362
Error,27060
Error,9618
Error,43872
Error,51646
Error,43081
Error,43111
Error,19056
Error,22051
Error,30838
Error,15519
Error,48881
Error,43652
Error,50485
Error,44233
Error,20288
Error,23433
Error,31259
Error,16050
Error,39584
Error,50364
Error,41929
Error,41658
Error,20669
Error,23304
Error,36077
Error,25027
Error,54051
Error,44283
Error,41317
Error,48490
Error,22632
Error,24796
Error,32932
Error,18364
Error,47329
Error,44904
Error,42269
Error,42911
Error,20518
Error,23965
Error,31219
Error,10559
Error,45685
Error,55624
Error,44543
Error,42559
Error,20388
Error,23815
Error,42269
Error,22562
Error,43682
Error,40175
Error,47679
Error,52157
Error,21400
Error,24786
Error,37761
Error,25618
Error,47229
Error,55032
Error,52949
Error,46406
Error,19306
Error,25858
Error,15680
Error,17533
Error,57046
Error,53310
Error,47198
Error,45655
Error,18424
Error,21260
Error,14637
Error,13396
Error,55103
Error,43361
Error,43151
Error,41818
Error,19717
Error,22893
Error,16952
Error,14307
Error,42369
Error,48811
Error,46436
Error,41367
Error,19537
Error,22772
Error,16520
Error,14307
Error,42069
Error,39233
Error,42980
Error,46767
Error,18445
Error,22261
Error,15048
Error,13315
Error,41848
Error,47930
Error,45976
Error,40556
Error,17783
Error,21390
Error,15299
Error,12504
Error,41067
Error,39985
Error,43821
Error,47499
Error,18044
Error,21400
Error,15148
Error,12754
Error,40967
Error,39394
Error,49863
Error,48059
Error,25187
Error,87444
Error,26430
Error,14558
Error,46618
Error,42930
Error,41238
Error,40566
Error,19457
Error,22502
Error,14066
Error,15208
Error,46767
Error,46998
Error,45355
Error,40766
Error,19767
Error,22492
Error,15138
Error,14116
Error,47589
Error,39704
Error,45074
Error,49022
Error,20779
Error,23894
Error,15038
Error,15459
Error,42369
Error,41087
Error,49472
Error,40556
Error,19477
Error,22462
Error,16511
Error,14377
Error,42630
Error,47999
Error,41037
Error,39584
Error,17593
Error,21230
Error,9798
Error,13675
Error,41537
Error,45385
Error,41778
Error,54081
Error,20608
Error,22582
Error,16872
Error,14988
Error,43040
Error,40115
Error,53921
Error,40987
Error,19006
Error,22963
Error,16601
Error,14236
Error,42269
Error,39083
Error,50965
Error,39564
Error,17973
Error,21310
Error,15740
Error,12773
Error,41187
Error,38903
Error,51487
Error,39244
Error,18384
Error,21280
Error,15439
Error,12804
Error,48340
Error,39574
Error,43291
Error,39594
Error,18805
Error,21491
Error,14888
Error,13445
Error,41016
Error,47519
Error,45626
Error,39834
Error,23473
Error,25097
Error,25258
Error,16931
Error,44994
Error,51306
Error,43842
Error,42509
Error,20709
Error,24005
Error,25988
Error,13164
Error,53490
Error,44193
Error,42770
Error,48861
Error,19736
Error,22773
Error,28874
Error,12954
Error,43171
Error,41818
Error,49563
Error,44904
Error,21380
Error,24657
Error,21310
Error,16030
Error,40937
Error,45535
Error,54653
Error,51827
Error,18374
Error,21190
Error,14247
Error,13064
Error,41338
Error,47479
Error,45015
Error,40275
Error,18474
Error,21390
Error,13415
Error,13806
Error,49042
Error,40776
Error,47639
Error,39353
Error,17493
Error,21320
Error,15439
Error,12955
Error,48952
Error,40406
Error,41187
Error,39895
Error,18043
Error,21820
Error,15800
Error,12844
Error,42109
Error,39804
Error,43140
Error,39654
Error,17483
Error,28965
Error,17813
Error,13355
Error,41678
Error,39785
Error,52569
Error,39413
Error,17863
Error,21790
Error,15239
Error,13425
Error,41608
Error,40616
Error,48762
Error,46036
Error,18895
Error,21600
Error,14036
Error,13095
Error,41498
Error,40496
Error,56175
Error,51937
Error,18745
Error,21760
Error,15739
Error,12633
Error,41768
Error,39705
Error,45365
Error,40686
Error,18835
Error,22422
Error,18705
Error,15068
Error,43561
Error,51206
Error,44753
Error,40897
Error,19546
Error,22462
Error,27191
Error,15048
Error,50595
Error,48752
Error,44153
Error,48651
Error,20609
Error,24505
Error,30798
Error,9688
Error,54542
Error,46908
Error,45225
Error,45355
Error,21169
Error,21210
Error,16802
Error,14868
Error,49112
Error,45755
Error,46207
Error,41017
Error,19827
Error,21541
Error,15048
Error,13435
Error,42008
Error,39063
Error,43231
Error,39864
Error,18074
Error,20759
Error,13856
Error,13175
Error,41448
Error,40146
Error,47789
Error,40636
Error,18164
Error,21390
Error,14457
Error,13145
Error,49292
Error,54332
Error,45375
Error,39794
Error,18024
Error,21069
Error,14888
Error,13365
Error,48281
Error,46387
Error,43060
Error,48831
Error,20438
Error,22793
Error,17132
Error,14487
Error,43361
Error,40836
Error,50184
Error,41367
Error,19236
Error,22742
Error,16931
Error,14266
Error,42639
Error,49653
Error,39945
Error,39304
Error,17492
Error,20859
Error,14658
Error,12704
Error,47258
Error,50755
Error,45375
Error,48771
Error,19737
Error,23033
Error,16460
Error,16250
Error,51917
Error,44493
Error,43021
Error,43371
Error,20579
Error,24055
Error,25308
Error,16130
Error,52838
Error,43251
Error,46497
Error,49051
Error,19607
Error,22852
Error,27051
Error,15008
Error,49212
Error,44924
Error,44463
Error,44183
Error,20729
Error,26169
Error,22221
Error,17182
Error,48220
Error,46347
Error,59441
Error,43522
Error,22061
Error,25438
Error,19416
Error,17132
Error,42349
Error,41628
Error,44824
Error,47108
Error,18033
Error,25368
Error,17483
Error,16761
Error,43732
Error,41096
Error,39514
Error,40176
Error,18825
Error,22732
Error,13445
Error,15058
Error,49212
Error,41818
Error,40566
Error,40806
Error,19206
Error,22533
Error,10439
Error,14146
Error,42409
Error,40145
Error,38943
Error,39053
Error,17783
Error,22522
Error,15609
Error,13405
Error,41928
Error,39293
Error,39844
Error,39344
Error,17974
Error,21590
Error,14788
Error,12613
Error,41027
Error,39263
Error,39825
Error,47669
Error,18355
Error,20698
Error,13796
Error,13255
Error,41017
Error,47159
Error,40606
Error,38252
Error,21239
Error,23784
Error,17573
Error,14227
Error,44724
Error,41237
Error,43751
Error,40786
Error,20398
Error,23143
Error,16771
Error,14267
Error,42740
Error,40706
Error,42239
Error,41888
Error,18525
Error,22492
Error,25247
Error,14858
Error,51637
Error,42299
Error,51346
Error,41938
Error,22663
Error,25106
Error,17072
Error,16491
Error,56406
Error,45705
Error,46497
Error,44313
Error,21450
Error,24476
Error,32601
Error,11361
Error,47669
Error,44794
Error,43611
Error,49913
Error,19046
Error,22412
Error,27972
Error,14066
Error,43892
Error,41488
Error,51957
Error,50094
Error,20809
Error,24886
Error,32601
Error,16301
Error,46016
Error,43221
Error,61525
Error,46657
Error,21370
Error,25918
Error,12263
Error,14217
Error,43191
Error,46587
Error,50484
Error,45705
Error,19286
Error,22352
Error,14988
Error,13385
Error,40876
Error,39133
Error,46296
Error,41799
Error,20018
Error,23254
Error,14257
Error,15098
Error,47940
Error,42780
Error,45244
Error,40265
Error,18975
Error,22732
Error,17222
Error,14497
FindNodeReq,38071
Error,42219
Error,49472
Error,40826
Error,40105
Error,18064
Error,21460
Error,15039
Error,12914
Error,48952
Error,47349
Error,50044
Error,47499
Error,19517
Error,22713
Error,16932
Error,15179
Error,42810
Error,49452
Error,47248
Error,41667
Error,19066
Error,22692
Error,18835
Error,15148
Error,50545
Error,40676
Error,44613
Error,41687
Error,19617
Error,22673
Error,26680
Error,14577
Error,49353
Error,53870
Error,45225
Error,44474
Error,20408
Error,23895
Error,16982
Error,16030
Error,45535
Error,42750
Error,45194
Error,44523
Error,22712
Error,25798
Error,11412
Error,16942
Error,47589
Error,41498
Error,43983
Error,39253
Error,17693
Error,24766
Error,15469
Error,15389
Error,52779
Error,44133
Error,51557
Error,40746
Error,19156
Error,22502
Error,13936
Error,14818
Error,42629
Error,41447
Error,54522
Error,40977
Error,19847
Error,22382
Error,11061
Error,15439
Error,40235
Error,40044
Error,48791
Error,40506
Error,21120
Error,23685
Error,15209
Error,15158
Error,43672
Error,40837
Error,44673
Error,48541
Error,19897
Error,23304
Error,14397
Error,14607
Error,42760
Error,41387
Error,42319
Error,49292
Error,19907
Error,22643
Error,14667
Error,12844
Error,41378
Error,39564
Error,38712
Error,49522
Error,20027
Error,23174
Error,17562
Error,14276
Error,43872
Error,40215
Error,54081
Error,41568
Error,19447
Error,22412
Error,16471
Error,14147
Error,43061
Error,48992
Error,44042
Error,46186
Error,18775
Error,21380
Error,16831
Error,14036
Error,44133
Error,50735
Error,59110
Error,44544
Error,19657
Error,22502
Error,31589
Error,17302
Error,52778
Error,42520
Error,40926
Error,41458
Error,18595
Error,22202
Error,41308
Error,19346
Error,44683
Error,42649
Error,53309
Error,48511
Error,19666
Error,24266
Error,17512
Error,16230
Error,46897
Error,54021
Error,49392
Error,48381
Error,22572
Error,25989
Error,16520
Error,15549
Error,42189
Error,40806
Error,47249
Error,48791
Error,19336
Error,22833
Error,16791
Error,14316
Error,43221
Error,48280
Error,41528
Error,39263
Error,17934
Error,21300
Error,14998
Error,13305
Error,41056
Error,46797
Error,41277
Error,39323
Error,18144
Error,21420
Error,15018
Error,14166
Error,41478
Error,39544
Error,39935
Error,47870
Error,18124
Error,20679
Error,15479
Error,12814
Error,41658
Error,39283
Error,39624
Error,39384
Error,18514
Error,21160
Error,14978
Error,13255
Error,51406
Error,40316
Error,45796
Error,50234
Error,21921
Error,23093
Error,14016
Error,15269
Error,42730
Error,49101
Error,49141
Error,41167
Error,19336
Error,22833
Error,16721
Error,14337
Error,51667
Error,42850
Error,39564
Error,39484
Error,17693
Error,21270
Error,15429
Error,12914
Error,49262
Error,39725
Error,45725
Error,44593
Error,21320
Error,25929
Error,42770
Error,19547
Error,46346
Error,44153
Error,45124
Error,49603
Error,19847
Error,23574
Error,17673
Error,16220
Error,44654
Error,42971
Error,53420
Error,43862
Error,20409
Error,22482
Error,30868
Error,16271
Error,42750
Error,41278
Error,47920
Error,53019
Error,22432
Error,24496
Error,33693
Error,17172
Error,46227
Error,42950
Error,51466
Error,53220
Error,21150
Error,24265
Error,16821
Error,14477
Error,48461
Error,46256
Error,52027
Error,40947
Error,19416
Error,21070
Error,20287
Error,14227
Error,48100
Error,46657
Error,43000
Error,42209
Error,19546
Error,22873
Error,16561
Error,14286
Error,43522
Error,49011
Error,41527
Error,40956
Error,19867
Error,23204
Error,16691
Error,14387
Error,43151
Error,39193
Error,41988
Error,38873
Error,17903
Error,21240
Error,11932
Error,14026
Error,46827
Error,41688
Error,39284
Error,38642
Error,18074
Error,21650
Error,14588
Error,12784
Error,41116
Error,39774
Error,44894
Error,39764
Error,17713
Error,24486
Error,11822
Error,16090
Error,47268
Error,40797
Error,44083
Error,39043
Error,17754
Error,21730
Error,9508
Error,18124
Error,45605
Error,41287
Error,41878
Error,41428
Error,19026
Error,22872
Error,18194
Error,14988
Error,57748
Error,44132
Error,42139
Error,42339
Error,20438
Error,24395
Error,34033
Error,10159
Error,45565
Error,42209
Error,44694
Error,41417
Error,19536
Error,22352
Error,34093
Error,15489
Error,53490
Error,43010
Error,42369
Error,49693
Error,19225
Error,22722
Error,26038
Error,15830
Error,47769
Error,59882
Error,48531
Error,57808
Error,20258
Error,24496
Error,18334
Error,18956
Error,47980
Error,42059
Error,39894
Error,38912
Error,18094
Error,21551
Error,29525
Error,15719
Error,47839
Error,41718
Error,50264
Error,40757
Error,19426
Error,23324
Error,14907
Error,14908
Error,50574
Error,40125
Error,41127
Error,40385
Error,18094
Error,21260
Error,15549
Error,13034
Error,48701
Error,47118
Error,40636
Error,40536
Error,18094
Error,21671
Error,14627
Error,13465
Error,49432
Error,44032
Error,40957
Error,40605
Error,20098
Error,22603
Error,14537
Error,13315
Error,41958
Error,48431
Error,40515
Error,40285
Error,19557
Error,21831
Error,16771
Error,13906
Error,44964
Error,40215
Error,48561
Error,40576
Error,18234
Error,21511
Error,14718
Error,13675
Error,41688
Error,49021
Error,43812
Error,42048
Error,19717
Error,22582
Error,16150
Error,15489
Error,42139
Error,40797
Error,41197
Error,54902
Error,19467
Error,23153
Error,15559
Error,15108
Error,44243
Error,42900
Error,41848
Error,41858
Error,18805
Error,22111
Error,17723
Error,14938
Error,53049
Error,43692
Error,42219
Error,42379
Error,20959
Error,24075
Error,28282
Error,16621
Error,45024
Error,51997
Error,42860
Error,43040
Error,20198
Error,23083
Error,16410
Error,14938
Error,54642
Error,42610
Error,41608
Error,44403
Error,21019
Error,24606
Error,17603
Error,16010
Error,53450
Error,46086
Error,45195
Error,44984
Error,20829
Error,22341
Error,14317
Error,13115
Error,41538
Error,47689
Error,40335
Error,40105
Error,18034
Error,21500
Error,16721
Error,13285
Error,41328
Error,47880
Error,39904
Error,40295
Error,19476
Error,23203
Error,16351
Error,14698
Error,42730
Error,50174
Error,41517
Error,40396
Error,17663
Error,21591
Error,15900
Error,14407
Error,50634
Error,47739
Error,41007
Error,40256
Error,17713
Error,21551
Error,15369
Error,12834
Error,49533
Error,39684
Error,46016
Error,40605
Error,18224
Error,21019
Error,13846
Error,13095
Error,41418
Error,40305
Error,47910
Error,40505
Error,18314
Error,27792
Error,16000
Error,12744
Error,48310
Error,41187
Error,47158
Error,40585
Error,17883
Error,21440
Error,15529
Error,12573
Error,48872
Error,40556
Error,46026
Error,39263
Error,18514
Error,22572
Error,24596
Error,14728
Error,43050
Error,44043
Error,56175
Error,41588
Error,19036
Error,25989
Error,17253
Error,17052
Error,55374
Error,45815
Error,53530
Error,44944
Error,21761
Error,26870
Error,16080
Error,18284
Error,58089
Error,47990
Error,54552
Error,47809
Error,22612
Error,25849
Error,17954
Error,17433
Error,42800
Error,47469
Error,45174
Error,39534
Error,20890
Error,23704
Error,10109
Error,16291
Error,44584
Error,42048
Error,39805
Error,48230
Error,20368
Error,22412
Error,16772
Error,14347
Error,41508
Error,41397
Error,54242
Error,41007
Error,19446
Error,22432
Error,14658
Error,13365
Error,48440
Error,40386
Error,39584
Error,51175
Error,20939
Error,23744
Error,19977
Error,14927
Error,43802
Error,42098
Error,40075
Error,40034
Error,20048
Error,22462
Error,17012
Error,14547
Error,49993
Error,41037
Error,40967
Error,48090
Error,19686
Error,22482
Error,15198
Error,13295
Error,40736
Error,47369
Error,48080
Error,47970
Error,20178
Error,23774
Error,15308
Error,15028
Error,50855
Error,40997
Error,40806
Error,40836
Error,19366
Error,22753
Error,15829
Error,14577
Error,43361
Error,49713
Error,41347
Error,40385
Error,19166
Error,22772
Error,14958
Error,13325
Error,42880
Error,41518
Error,50885
Error,45054
Error,21250
Error,25026
Error,40496
Error,27852
Error,47650
Error,42429
Error,50645
Error,49402
Error,20518
Error,23564
Error,16541
Error,15980
Error,44603
Error,43491
Error,55574
Error,43892
Error,20668
Error,22672
Error,36328
Error,16301
Error,44644
Error,49061
Error,47168
Error,43791
Error,22492
Error,27592
Error,16070
Error,195987
Error,60033
Error,43641
Error,46868
Error,40245
Error,19667
Error,21460
Error,17142
Error,13245
Error,43632
Error,40816
Error,42219
Error,39745
Error,21641
Error,21831
Error,17663
Error,13776
Error,41357
Error,47810
Error,46516
Error,52869
Error,20939
Error,24796
Error,19887
Error,15499
Error,43792
Error,42269
Error,41828
Error,40485
Error,20018
Error,23654
Error,20428
Error,15479
Error,44133
Error,42670
Error,57388
Error,40105
Error,19436
Error,23033
Error,17903
Error,14497
Error,42770
Error,46917
Error,42049
Error,45124
Error,19176
Error,23614
Error,13195
Error,15049
Error,43351
Error,41548
Error,48610
Error,41037
Error,19126
Error,23184
Error,18455
Error,15289
Error,42629
Error,49913
Error,40836
Error,40105
Error,19176
Error,23504
Error,11601
Error,16892
Error,53050
Error,50274
Error,46137
Error,45645
Error,22482
Error,26941
Error,21591
Error,17372
Error,47839
Error,46497
Error,45636
Error,46787
Error,23695
Error,29665
Error,21069
Error,18946
Error,48881
Error,46927
Error,45665
Error,44754
Error,22082
Error,27992
Error,22001
Error,18826
Error,53289
Error,48340
Error,51076
Error,51156
Error,26389
Error,29806
Error,13596
Error,18374
Error,45565
Error,44764
Error,49723
Error,42419
Error,22813
Error,27462
Error,21299
Error,17733
Error,45845
Error,43742
Error,45996
Error,41528
Error,20538
Error,25608
Error,19958
Error,18484
Error,60754
Error,52498
Error,49513
Error,44553
Error,22252
Error,26229
Error,14727
Error,18525
Error,51066
Error,43471
Error,46588
Error,42450
Error,21100
Error,25828
Error,13986
Error,18214
Error,44653
Error,42900
Error,45876
Error,40325
Error,19807
Error,23614
Error,18134
Error,16401
Error,52468
Error,42860
Error,44694
Error,49793
Error,22402
Error,24365
Error,13185
Error,16551
Error,47128
Error,41228
Error,47960
Error,47919
Error,19747
Error,23695
Error,18985
Error,14216
Error,42560
Error,40927
Error,40335
Error,48731
Error,19306
Error,25708
Error,17753
Error,16431
Error,44673
Error,52759
Error,55274
Error,44493
Error,22212
FindNodeRsp,36728
Error,25237
Error,21070
Error,17333
Error,46978
Error,45184
Error,45225
Error,46377
Error,25558
FindNodeReq,88916
Error,29866
Error,21971
Error,17553
Error,57387
Error,43662
Error,48171
Error,48862
Error,24656
Error,27230
Error,22392
Error,17844
Error,45855
Error,43271
Error,42870
Error,42239
Error,21420
Error,26660
Error,20518
Error,17412
Error,45225
Error,43401
Error,45926
Error,42900
Error,21070
Error,24896
Error,20048
Error,15750
Error,44113
Error,41768
Error,51977
Error,47729
Error,22883
Error,27081
Error,22592
Error,16571
Error,44633
Error,42590
Error,41758
Error,41577
Error,22111
Error,25918
Error,13826
Error,17412
Error,43922
Error,50104
Error,43091
Error,42169
Error,18986
Error,23414
Error,19046
Error,14938
Error,43712
Error,49372
Error,43171
Error,47439
Error,21680
Error,25578
Error,13625
Error,18234
Error,44183
Error,42630
Error,41838
Error,42509
Error,22933
Error,24275
Error,19496
Error,16501
Error,51146
Error,42639
Error,41608
Error,48040
Error,20288
Error,21911
Error,17342
Error,13686
Error,48260
Error,40686
Error,39243
Error,52589
Error,20929
Error,26440
Error,11642
Error,17533
Error,45144
Error,43762
Error,43141
Error,51466
Error,20689
Error,24275
Error,12443
Error,17012
Error,52558
Error,43972
Error,42850
Error,52448
Error,20960
Error,24716
Error,11812
Error,15659
Error,53200
Error,42900
Error,42279
Error,46256
Error,21771
Error,26019
Error,11632
Error,18985
Error,58710
Error,46427
Error,44904
Error,46307
Error,19076
Error,23754
Error,13215
Error,15970
Error,42128
Error,40716
Error,40505
Error,47499
Error,19927
Error,23555
Error,17443
Error,13255
Error,41809
Error,39203
Error,38312
Error,38992
Error,21681
Error,24917
Error,21651
Error,15359
Error,51076
Error,41548
Error,39964
Error,47288
Error,19897
Error,23243
Error,18645
Error,14878
Error,42209
Error,44102
Error,57838
Error,42439
Error,19316
Error,22482
Error,11702
Error,14267
Error,41217
Error,40005
Error,48190
Error,39874
Error,22212
Error,24055
Error,19467
Error,14898
Error,42760
Error,41688
Error,40616
Error,40165
Error,19597
Error,23514
Error,11852
Error,16060
Error,42900
Error,39935
Error,39203
Error,40936
Error,19366
Error,23735
Error,12934
Error,14617
Error,41278
Error,39865
Error,39534
Error,46608
Error,18194
Error,21790
Error,15078
Error,17453
Error,45666
Error,41958
Error,42229
Error,48791
Error,20188
Error,23494
Error,18515
Error,14667
Error,50815
Error,43461
Error,42740
Error,53671
Error,20839
Error,24416
Error,11842
Error,16762
Error,42990
Error,41277
Error,41888
Error,41618
Error,19677
Error,23635
Error,18034
Error,15569
Error,50454
Error,43731
Error,49162
Error,44583
Error,21690
Error,24947
Error,18935
Error,17092
Error,44984
Error,45515
Error,43271
Error,42269
Error,20067
Error,24856
Error,13675
Error,15759
Error,46627
Error,43161
Error,41909
Error,51547
Error,19156
Error,23054
Error,20398
Error,13936
Error,43812
Error,42900
Error,41567
Error,50083
Error,19466
Error,23845
Error,15529
Error,15539
Error,44703
Error,50104
Error,49443
Error,41829
Error,18966
Error,23353
Error,17753
Error,14417
Error,54863
Error,45295
Error,48902
Error,44863
Error,20929
Error,21901
Error,12403
Error,14537
Error,41257
Error,40175
Error,39244
Error,39334
Error,18064
Error,21731
Error,17402
Error,13015
Error,46767
Error,42680
Error,50855
Error,41508
Error,19847
Error,23294
Error,18835
Error,14617
Error,42479
Error,49903
Error,41258
Error,41177
Error,19366
Error,23083
Error,18585
Error,14697
Error,41498
Error,48130
Error,39775
Error,38983
Error,17482
Error,21761
Error,13556
Error,14547
Error,47609
Error,39925
Error,38182
Error,44473
Error,19927
Error,24015
Error,16330
Error,15940
Error,43351
Error,40716
Error,51356
Error,50424
Error,18214
Error,23103
Error,19446
Error,14808
Error,42359
Error,55814
Error,40727
Error,40285
Error,19256
Error,23223
Error,18555
Error,13896
Error,43802
Error,41498
Error,41898
Error,41627
Error,19116
Error,28464
Error,17714
Error,14366
Error,42870
Error,50724
Error,42399
Error,40957
Error,19727
Error,22963
Error,11672
Error,15188
Error,43651
Error,40966
Error,44303
Error,40946
Error,19186
Error,24606
Error,20208
Error,14347
Error,43541
Error,41217
Error,41177
Error,40456
Error,18775
Error,23153
Error,12834
Error,21561
Error,45405
Error,42159
Error,40606
Error,49903
Error,20598
Error,24977
Error,14898
Error,16551
Error,46376
Error,46477
Error,46597
Error,45605
Error,18054
Error,21681
Error,17272
Error,13184
Error,41377
Error,40275
Error,47399
Error,42119
Error,18645
Error,21820
Error,18014
Error,13194
Error,40806
Error,47770
Error,39974
Error,45145
Error,20258
Error,23845
Error,15129
Error,16450
Error,42640
Error,40696
Error,38653
Error,38461
Error,17333
Error,23334
Error,11061
Error,15699
Error,42560
Error,40165
Error,38673
Error,22973
Error,24396
Error,19397
Error,16380
Error,13505
Error,49372
Error,40616
Error,39154
Error,39284
Error,17934
Error,21701
Error,17312
Error,13496
Error,40736
Error,44794
Error,41227
Error,41768
Error,19216
Error,22883
Error,17272
Error,14397
Error,43402
Error,40175
Error,40115
Error,49022
Error,19647
Error,23133
Error,16771
Error,14587
Error,39805
Error,38682
Error,40817
Error,41608
Error,18695
Error,23194
Error,20128
Error,13756
Error,43882
Error,42038
Error,50605
Error,50535
Error,19336
Error,23153
Error,11511
Error,15850
Error,52107
Error,43441
Error,42179
Error,41558
Error,18715
Error,27111
Error,17944
Error,17944
Error,50554
Error,47408
Error,41708
Error,40997
Error,20739
Error,24536
Error,22041
Error,15228
Error,47619
Error,44663
Error,39634
Error,54802
Error,21310
Error,25688
Error,13234
Error,16291
Error,41598
Error,39675
Error,39274
Error,39574
Error,17894
Error,21600
Error,17403
Error,13165
Error,45114
Error,40746
Error,40266
Error,18695
Error,38913
Error,20338
Error,17362
Error,13185
Error,41006
Error,39965
Error,38632
Error,38973
Error,17894
Error,21571
Error,17413
Error,13205
Error,41568
Error,48100
Error,54612
Error,49562
Error,20358
Error,23213
Error,10539
Error,15819
Error,43251
Error,41167
Error,40846
Error,38602
Error,18134
Error,23243
Error,17362
Error,14577
Error,43772
Error,48941
Error,46958
Error,40145
Error,18514
Error,21810
Error,16812
Error,13195
Error,41307
Error,39814
Error,39825
Error,38713
Error,21991
Error,23694
Error,13114
Error,18224
Error,45866
Error,42610
Error,40536
Error,41658
Error,18776
Error,21510
Error,18404
Error,14477
Error,51035
Error,41958
Error,41407
Error,41377
Error,19116
Error,21540
Error,17051
Error,16802
Error,42399
Error,39594
Error,39323
Error,47038
Error,19306
Error,22933
Error,16832
Error,19377
Error,48932
Error,45415
Error,51035
Error,50464
Error,20829
Error,24746
Error,13335
Error,15519
Error,43772
Error,50044
Error,42530
Error,42179
Error,20669
Error,24326
Error,22763
Error,15369
Error,44363
Error,41858
Error,40465
Error,41558
Error,19045
Error,23114
Error,20438
Error,13816
Error,44082
Error,41337
Error,47339
Error,53350
Error,21820
Error,24776
Error,13715
Error,16751
Error,44833
Error,42209
Error,41578
Error,50254
Error,21009
Error,24496
Error,15098
Error,16772
Error,45034
Error,42740
Error,43101
Error,41828
Error,19025
Error,23354
Error,16531
Error,15499
Error,52939
Error,42690
Error,41568
Error,48510
Error,23444
Error,25648
Error,11592
Error,17462
Error,46167
Error,43482
Error,51567
Error,43732
Error,18965
Error,22843
Error,11542
Error,16531
Error,45976
Error,50795
Error,43582
Error,42429
Error,20287
Error,24796
Error,15599
Error,15209
Error,49843
Error,43070
Error,41538
Error,48911
Error,19246
Error,23394
Error,22182
Error,15168
Error,49202
Error,45164
Error,62557
Error,45125
Error,20989
Error,23504
Error,12373
Error,15238
Error,42590
Error,42189
Error,51135
Error,44563
Error,20678
Error,24926
Error,20258
Error,15349
Error,45024
Error,41678
Error,42098
Error,50575
Error,19366
Error,22863
Error,18264
Error,14026
Error,43702
Error,42981
Error,48511
Error,53700
Error,21620
Error,23714
Error,27441
Error,18705
Error,51005
Error,48461
Error,47579
Error,57057
Error,23444
Error,27812
Error,22292
Error,17473
Error,49833
Error,48600
Error,47259
Error,50394
Error,19627
Error,23134
Error,13164
Error,15128
Error,43702
Error,41317
Error,40896
Error,45956
Error,21179
Error,25317
Error,17062
Error,16711
Error,44282
Error,52398
Error,43792
Error,43171
Error,18955
Error,24686
Error,31188
Error,17183
Error,56726
Error,43362
Error,42660
Error,42810
Error,20238
Error,23614
Error,18595
Error,15489
Error,44322
Error,40957
Error,41638
Error,41147
Error,19136
Error,23624
Error,22593
Error,15629
Error,52438
Error,42580
Error,40966
Error,52267
Error,21210
Error,25447
Error,18815
Error,15439
Error,41527
Error,42800
Error,53780
Error,44733
Error,18034
Error,21751
Error,17342
Error,13235
Error,41448
Error,47779
Error,47178
Error,40316
Error,18385
Error,21641
Error,18845
Error,13435
Error,41447
Error,45525
Error,42579
Error,41998
Error,19767
Error,23354
Error,17382
Error,14697
Error,42850
Error,40937
Error,49512
Error,40886
Error,18825
Error,23513
Error,18003
Error,14617
Error,41458
Error,39715
Error,39344
Error,38151
Error,17643
Error,21801
Error,17332
Error,13104
Error,41658
Error,39825
Error,38613
Error,44924
Error,20157
Error,23724
Error,11531
Error,15689
Error,42700
Error,42519
Error,42439
Error,51266
Error,20448
Error,22893
Error,11933
Error,16391
Error,44383
Error,41017
Error,41207
Error,44493
Error,20237
Error,23174
Error,12343
Error,15118
Error,51846
Error,41819
Error,40616
Error,48631
Error,19547
Error,23113
Error,18655
Error,15820
Error,43903
Error,42109
Error,49793
Error,44954
Error,20789
Error,24997
Error,11712
Error,16240
Error,46768
Error,39815
Error,38943
Error,38642
Error,17673
Error,21149
Error,17443
Error,13155
Error,41458
Error,47339
Error,39153
Error,39334
Error,18614
Error,21891
Error,16000
Error,13525
Error,40316
Error,45615
Error,51756
Error,42780
Error,19316
Error,23303
Error,11291
Error,15609
Error,50123
Error,50334
Error,40736
Error,39484
Error,18695
Error,23123
Error,12343
Error,14528
Error,42750
Error,39003
Error,39063
Error,46858
Error,18235
Error,21660
Error,17202
Error,13715
Error,41348
Error,39233
Error,40556
Error,39084
Error,20839
Error,25698
Error,17002
Error,15389
Error,42990
Error,49994
Error,40936
Error,41027
Error,17823
Error,21681
Error,13715
Error,15980
Error,50134
Error,41809
Error,40515
Error,53490
Error,19667
Error,23434
Error,16771
Error,13004
Error,40385
Error,46778
Error,39955
Error,39314
Error,17623
Error,25107
Error,13505
Error,16752
Error,42479
Error,43422
Error,41007
Error,40776
Error,19507
Error,23564
Error,13455
Error,14417
Error,42820
Error,40245
Error,48962
Error,41858
Error,20398
Error,24706
Error,16981
Error,17352
Error,44463
Error,41708
Error,41267
Error,52208
Error,19877
Error,23283
Error,13846
Error,15238
Error,43611
Error,46888
Error,44313
Error,43942
Error,23043
Error,24887
Error,10890
Error,15248
Error,52037
Error,48801
Error,41898
Error,41919
Error,20589
Error,24386
Error,11912
Error,16792
Error,45385
Error,42640
Error,42139
Error,50615
Error,19256
Error,23434
Error,16260
Error,15319
Error,43591
Error,41328
Error,50034
Error,48241
Error,21541
Error,25989
Error,11041
Error,16261
Error,44293
Error,51917
Error,43111
Error,41067
Error,19086
Error,23414
Error,10930
Error,16891
Error,44343
Error,51627
Error,44122
Error,50784
Error,21080
Error,23203
Error,12674
Error,14497
Error,43431
Error,41899
Error,40546
Error,50885
Error,19867
Error,27191
Error,10921
Error,15368
Error,42970
Error,41567
Error,41818
Error,40987
Error,18865
Error,23204
Error,12904
Error,15569
Error,43392
Error,50524
Error,42219
Error,39795
Error,19146
Error,23304
Error,12493
Error,15368
Error,42610
Error,41718
Error,40225
Error,41388
Error,18715
Error,23053
Error,12633
Error,15208
Error,42880
Error,48190
Error,44303
Error,43812
Error,20519
Error,25177
Error,12663
Error,16811
Error,44062
Error,43060
Error,51305
Error,42059
Error,18565
Error,23313
Error,15209
Error,16741
Error,44353
Error,42139
Error,43682
Error,55614
Error,22562
Error,26269
Error,21070
Error,17402
Error,48130
Error,56675
Error,55012
Error,53079
Error,23734
Error,28763
Error,20238
Error,18995
Error,50324
Error,43712
Error,41087
Error,40325
Error,18665
Error,24456
Error,11872
Error,16521
Error,44503
Error,41798
Error,42219
Error,42480
Error,18675
Error,22933
Error,18685
Error,13906
Error,43010
Error,40966
Error,40375
Error,40726
Error,18534
Error,26179
Error,17543
Error,16411
Error,45745
Error,42650
Error,42750
Error,54041
Error,20499
Error,24396
Error,10921
Error,16662
Error,44213
Error,50224
Error,41948
Error,42119
Error,20538
Error,24786
Error,18535
Error,15048
Error,42730
Error,41989
Error,41377
Error,49082
Error,19196
Error,23153
Error,17002
Error,15178
Error,49282
Error,48130
Error,54251
Error,19947
Error,47498
Error,21720
Error,16270
Error,15028
Error,43722
Error,41528
Error,41488
Error,49853
Error,19396
Error,23274
Error,13104
Error,15279
Error,43171
Error,42229
Error,40656
Error,41498
Error,18835
Error,23154
Error,45245
Error,11812
Error,42840
Error,43912
Error,39664
Error,22923
Error,24686
Error,22713
Error,27502
Error,15269
Error,42699
Error,47690
Error,44624
Error,42659
Error,20879
Error,24345
Error,17312
Error,15729
Error,44985
Error,52047
Error,50515
Error,45435
Error,20177
Error,24636
Error,19356
Error,15059
Error,44823
Error,42970
Error,42068
Error,41607
Error,19165
Error,24195
Error,34285
Error,31809
Error,100939
Error,43331
Error,42049
Error,40616
Error,25487
Error,26509
Error,23554
Error,27791
Error,15620
Error,43080
Error,49152
Error,42459
Error,40826
Error,19717
Error,22872
Error,20067
Error,13976
Error,52609
Error,42319
Error,41478
Error,41087
Error,19106
Error,23484
Error,11853
Error,14968
Error,43522
Error,41167
Error,41207
Error,50876
Error,19647
Error,23323
Error,16431
Error,15048
Error,52228
Error,43652
Error,41578
Error,51857
Error,19727
Error,23044
Error,12544
Error,15028
Error,51827
Error,43110
Error,41728
Error,49302
Error,19055
Error,22963
Error,12473
Error,15088
Error,52227
Error,42810
Error,41918
Error,42179
Error,19246
Error,22923
Error,12463
Error,15028
Error,43501
Error,50204
Error,42610
Error,44122
Error,19066
Error,22652
Error,18204
Error,15269
Error,43421
Error,41828
Error,50524
Error,42028
Error,18555
Error,23494
Error,11972
Error,15078
Error,44763
Error,42359
Error,41698
Error,41548
Error,18434
Error,24877
Error,20638
Error,15099
Error,46446
Error,54251
Error,44493
Error,39885
Error,20598
Error,28543
Error,19447
Error,17382
Error,58479
Error,59000
Error,51696
Error,46076
Error,19657
Error,23133
Error,18495
Error,14707
Error,42419
Error,41418
Error,49182
Error,41918
Error,19527
Error,23374
Error,17542
Error,13074
Error,42089
Error,48210
Error,40495
Error,39584
Error,18094
Error,21631
Error,16251
Error,15259
Error,48290
Error,44543
Error,44714
Error,54482
Error,20639
Error,24936
Error,17393
Error,15869
Error,45335
Error,43161
Error,49863
Error,42880
Error,19827
Error,25007
Error,12884
Error,15389
Error,43621
Error,43421
Error,49422
Error,42730
Error,19046
Error,22983
Error,13425
Error,15148
Error,43211
Error,42319
Error,58699
Error,43171
Error,19095
Error,23153
Error,18835
Error,15579
Error,46347
Error,46167
Error,44723
Error,45836
Error,19697
Error,21830
Error,17653
Error,15629
Error,56555
Error,46487
Error,44032
Error,47368
Error,18254
Error,22051
Error,17082
Error,13215
Error,41627
Error,46697
Error,39795
Error,39343
Error,23894
Error,24266
Error,16682
Error,15449
Error,51827
Error,42168
Error,47809
Error,41077
Error,19316
Error,22311
Error,17272
Error,14306
Error,42599
Error,41738
Error,40386
Error,49112
Error,20168
Error,23143
Error,17372
Error,12984
Error,42099
Error,40165
Error,39754
Error,48160
Error,17933
Error,21530
Error,17373
Error,14177
Error,50244
Error,41277
Error,40636
Error,47559
Error,18574
Error,21641
Error,17292
Error,13094
Error,41478
Error,40546
Error,47609
Error,39914
Error,18204
Error,21650
Error,17272
Error,13264
Error,41618
Error,48060
Error,39705
Error,39524
Error,18104
Error,22252
Error,12544
Error,14176
Error,41628
Error,45575
Error,50254
Error,41969
Error,19777
Error,25537
Error,12213
Error,15318
Error,51446
Error,42480
Error,41859
Error,43100
Error,20188
Error,24807
Error,18464
Error,16682
Error,45325
Error,42870
Error,49994
Error,49122
Error,19447
Error,22772
Error,12233
Error,14858
Error,43691
Error,46126
Error,42349
Error,50745
Error,20588
Error,23454
Error,12384
Error,15149
Error,43782
Error,50966
Error,41608
Error,41167
Error,20618
Error,24936
Error,19897
Error,15198
Error,47108
Error,39374
Error,47558
Error,39544
Error,17984
Error,21761
Error,17313
Error,13315
Error,40786
Error,47980
Error,40697
Error,38753
Error,17493
Error,21600
Error,11882
Error,14327
Error,41097
Error,39584
Error,38882
Error,39153
Error,18324
Error,22281
Error,17393
Error,13275
Error,41397
Error,38302
Error,39253
Error,38923
Error,18113
Error,21430
Error,17612
Error,13044
Error,41127
Error,39924
Error,46036
Error,40345
Error,18024
Error,21750
Error,17122
Error,13135
Error,51256
Error,50254
Error,41147
Error,46296
Error,18485
Error,21581
Error,17272
Error,13135
Error,40867
Error,47138
Error,38713
Error,45746
Error,18524
Error,21851
Error,16160
Error,13686
Error,40506
Error,38853
Error,38733
Error,44633
Error,19907
Error,24495
Error,12774
Error,15629
Error,41387
Error,42189
Error,42189
Error,43210
Error,21330
Error,24486
Error,19847
Error,16651
Error,45816
Error,42218
Error,41728
Error,43441
Error,19066
Error,23223
Error,12824
Error,15219
Error,42710
Error,50133
Error,43431
Error,41748
Error,21650
Error,25277
Error,11772
Error,17142
Error,53229
Error,43963
Error,60153
Error,45916
Error,22061
Error,26680
Error,18644
Error,14928
Error,41698
Error,51165
Error,41668
Error,39484
Error,19367
Error,21521
Error,17212
Error,13375
Error,41217
Error,47769
Error,46387
Error,40566
Error,21781
Error,23994
Error,20187
Error,14697
Error,42119
Error,40636
Error,41107
Error,48300
Error,19697
Error,22803
Error,13085
Error,15789
Error,43902
Error,40295
Error,40606
Error,39775
Error,19126
Error,21951
Error,12794
Error,14978
Error,41247
Error,39734
Error,39795
Error,38983
Error,18545
Error,24906
Error,13225
Error,16701
Error,43462
Error,47569
Error,40867
Error,40175
Error,19456
Error,23233
Error,18775
Error,14507
Error,42038
Error,40125
Error,40466
Error,39855
Error,19136
Error,25558
Error,14648
Error,14578
Error,41257
Error,39995
Error,46658
Error,39173
Error,17753
Error,21811
Error,11621
Error,14687
Error,40896
Error,40095
Error,38572
Error,47660
Error,19056
Error,26049
Error,43241
Error,17833
Error,44603
Error,42559
Error,43301
Error,41808
Error,20328
Error,27000
Error,22231
Error,17272
Error,47238
Error,41728
Error,50865
Error,42138
Error,19506
Error,25908
Error,73337
Error,41317
Error,54071
Error,47219
Error,46446
Error,46407
Error,21320
Error,28784
Error,88185
Error,56445
Error,50454
Error,46917
Error,48100
Error,49993
Error,19797
Error,26169
Error,61745
Error,35907
Error,45735
Error,43040
Error,41137
Error,40977
Error,19176
Error,25698
Error,72907
Error,42730
Error,51226
Error,44643
Error,44443
Error,45415
Error,22662
Error,28303
Error,54853
Error,17022
Error,63509
Error,47559
Error,41377
Error,43872
Error,22171
Error,25337
Error,52318
Error,22702
Error,45835
Error,40355
Error,41177
Error,38852
Error,17854
Error,24025
Error,46406
Error,20018
Error,51136
Error,44513
Error,42409
Error,43200
Error,21541
Error,26209
Error,40666
Error,18925
Error,45866
Error,42329
Error,57728
Error,43552
Error,22432
Error,27652
Error,39604
Error,19567
Error,48571
Error,53560
Error,42870
Error,41949
Error,21109
Error,30777
Error,40656
Error,20288
Error,50975
Error,54792
Error,46527
Error,43261
Error,22572
Error,29545
Error,40987
Error,17473
Error,55884
Error,46888
Error,46567
Error,44804
Error,22542
Error,31289
Error,53921
Error,31198
Error,49282
Error,44173
Error,46597
Error,53661
Error,26359
Error,32150
Error,54392
Error,32761
Error,51767
Error,47298
Error,47118
Error,46347
Error,24185
Error,31650
Error,60553
Error,35606
Error,48891
Error,45465
Error,44654
Error,46176
Error,24226
Error,31148
Error,55053
Error,31699
Error,48270
Error,45575
Error,53019
Error,49322
Error,25417
Error,32240
Error,70522
Error,48391
Error,54322
Error,49984
Error,50735
Error,49412
Error,24125
Error,28323
Error,41548
Error,21680
Error,49292
Error,43501
Error,46357
Error,43211
Error,24005
Error,29375
Error,39413
Error,20428
Error,47609
Error,49804
Error,60413
Error,48120
Error,24656
Error,30497
Error,45255
Error,22823
Error,56145
Error,65432
Error,45284
Error,51096
Error,25097
Error,30547
Error,38892
Error,15319
Error,46727
Error,45004
Error,45405
Error,42990
Error,22472
Error,39093
Error,37910
Error,12614
Error,49493
Error,47729
Error,58991
Error,44644
Error,22582
Error,28523
Error,41317
Error,22011
Error,49192
Error,43721
Error,43201
Error,43361
Error,22582
Error,28533
Error,50304
Error,30958
Error,50023
Error,46086
Error,57678
Error,46287
Error,24276
Error,31128
Error,54692
Error,34324
Error,50204
Error,45314
Error,46768
Error,46026
Error,24185
Error,29526
Error,58379
Error,33282
Error,50795
Error,54692
Error,47669
Error,44342
Error,22803
Error,29054
Error,66324
Error,39654
Error,50093
Error,53390
Error,48250
Error,44343
Error,30046
Error,29355
Error,56776
Error,33553
Error,50144
Error,46317
Error,47399
Error,46808
Error,24395
Error,28373
Error,74870
Error,59031
Error,47900
Error,45796
Error,46727
Error,45775
Error,23253
Error,29275
Error,62747
Error,36778
Error,58901
Error,46006
Error,46377
Error,51416
Error,25137
Error,30106
Error,57418
Error,33112
Error,49232
Error,53591
Error,53440
Error,50515
Error,24596
Error,32691
Error,51437
Error,23644
Error,47378
Error,57818
Error,51486
Error,58329
Error,22693
Error,26570
Error,50464
Error,26138
Error,54933
Error,49322
Error,42580
Error,59341
Error,21751
Error,26840
Error,54953
Error,25528
Error,49883
Error,45324
Error,42650
Error,41808
Error,20167
Error,26650
Error,51336
Error,19547
Error,46427
Error,42199
Error,42059
Error,49573
Error,20058
Error,26159
Error,49342
Error,17973
Error,46627
Error,41428
Error,49191
Error,42389
Error,21741
Error,28323
Error,52258
Error,20939
Error,58519
Error,45996
Error,62527
Error,45154
Error,20408
Error,27251
Error,52779
Error,18445
Error,57517
Error,44082
Error,42630
Error,43090
Error,64630
Error,27321
Error,51065
Error,19947
Error,48691
Error,43271
Error,43231
Error,43311
Error,22071
Error,28583
Error,54221
Error,23323
Error,50514
Error,53991
Error,45705
Error,44623
Error,20549
Error,27121
Error,50654
Error,20518
Error,48430
Error,43952
Error,42669
Error,52738
Error,20448
Error,28072
Error,51436
Error,20669
Error,48540
Error,42429
Error,43031
Error,51947
Error,21741
Error,28493
Error,51968
Error,17914
Error,50935
Error,53540
Error,46427
Error,51125
Error,20638
Error,27130
Error,51216
Error,18605
Error,48110
Error,42449
Error,41748
Error,50624
Error,19617
Error,26079
Error,52007
Error,21129
Error,47419
Error,42710
Error,46738
Error,51536
Error,22282
Error,27381
Error,50334
Error,19016
Error,48701
Error,51867
Error,47629
Error,42570
Error,19216
Error,26279
Error,53840
Error,23684
Error,47559
Error,42129
Error,45565
Error,41528
Error,19707
Error,25327
Error,50775
Error,17854
Error,48010
Error,42279
Error,50354
Error,42660
Error,23194
Error,30327
Error,66143
Error,27160
Error,53450
Error,47729
Error,52858
Error,47158
Error,21881
Error,28774
Error,58349
Error,19086
Error,52378
Error,50634
Error,46577
Error,40476
Error,18485
Error,25478
Error,49743
Error,17684
Error,47730
Error,51457
Error,56215
Error,49683
Error,21721
Error,27822
Error,50284
Error,18194
Error,49944
Error,44513
Error,43802
Error,44012
Error,21570
Error,27571
Error,56936
Error,26229
Error,46747
Error,41638
Error,41598
Error,44393
Error,21099
Error,28183
Error,51045
Error,17022
Error,48901
Error,44694
Error,48922
Error,45485
Error,20989
Error,25668
Error,49352
Error,18976
Error,47379
Error,42890
Error,41347
Error,42179
Error,20318
Error,26841
Error,50093
Error,16851
Error,48391
Error,53390
Error,43992
Error,43120
Error,19125
Error,25447
Error,48901
Error,18825
Error,48019
Error,49071
Error,45875
Error,44954
Error,22101
Error,26840
Error,56035
Error,24475
Error,46898
Error,44433
Error,41377
Error,49974
Error,20879
Error,26319
Error,50314
Error,18305
Error,48942
Error,42951
Error,42419
Error,41899
Error,19146
Error,25207
Error,56456
Error,24707
Error,46496
Error,48701
Error,52568
Error,52037
Error,21620
Error,26710
Error,51637
Error,18204
Error,47820
Error,43031
Error,50585
Error,48671
Error,20939
Error,26880
Error,47759
Error,15859
Error,49272
Error,43151
Error,52177
Error,43080
Error,19326
Error,25789
Error,49993
Error,19526
Error,47248
Error,57438
Error,45435
Error,44553
Error,21240
Error,27121
Error,79619
Error,49352
Error,44954
Error,43301
Error,41287
Error,50244
Error,19928
Error,27000
Error,47539
Error,17774
Error,48601
Error,50504
Error,56996
Error,46377
Error,19887
Error,26219
Error,56225
Error,24756
Error,47539
Error,53340
Error,48902
Error,47769
Error,23554
Error,25999
Error,51406
Error,17523
Error,51606
Error,47448
Error,45906
Error,44533
Error,22552
Error,27942
Error,45625
Error,17353
Error,46347
Error,41647
Error,41267
Error,40085
Error,18896
Error,23604
Error,47769
Error,16331
Error,59552
Error,44934
Error,50465
Error,43672
Error,20128
Error,24486
Error,45134
Error,16581
Error,46296
Error,39774
Error,39764
Error,41177
Error,19837
Error,25568
Error,56075
Error,24395
Error,46668
Error,45355
Error,43010
Error,48140
Error,19056
Error,24346
Error,44884
Error,18144
Error,49853
Error,52067
Error,43762
Error,50835
Error,21210
Error,26279
Error,46577
Error,15660
Error,46988
Error,50905
Error,47930
Error,40596
Error,19406
Error,26019
Error,49293
Error,18435
Error,55033
Error,44623
Error,43552
Error,43392
Error,19246
Error,25738
Error,50164
Error,18324
Error,53290
Error,45946
Error,44383
Error,54122
Error,21310
Error,26871
Error,48391
Error,16571
Error,49182
Error,43401
Error,52248
Error,42570
Error,19186
Error,26099
Error,50875
Error,16922
Error,47468
Error,43811
Error,52327
Error,49072
Error,19477
Error,25608
Error,51206
Error,18725
Error,54112
Error,46206
Error,44703
Error,45545
Error,20628
Error,27231
Error,49192
Error,19757
Error,47999
Error,42069
Error,42169
Error,43211
Error,21120
Error,27321
Error,51767
Error,18555
Error,48811
Error,43462
Error,48571
Error,42219
Error,18965
Error,26690
Error,56465
Error,27501
Error,52318
Error,45565
Error,44423
Error,44343
Error,20428
Error,26159
Error,50104
Error,19005
Error,56286
Error,48812
Error,42329
Error,41678
Error,19026
Error,26851
Error,50374
Error,18565
Error,49463
Error,51847
Error,43331
Error,42048
Error,19897
Error,26009
Error,49353
Error,15609
Error,46497
Error,49463
Error,45074
Error,44884
Error,21570
Error,26900
Error,58168
Error,23845
Error,49272
Error,43311
Error,43521
Error,42429
Error,19236
Error,25237
Error,59091
Error,19156
Error,52408
Error,47449
Error,52087
Error,47259
Error,22843
Error,28754
Error,64190
Error,27972
Error,52228
Error,54371
Error,49252
Error,44253
Error,21951
Error,27421
Error,50604
Error,18093
Error,57898
Error,50625
Error,43812
Error,41307
Error,19236
Error,25658
Error,50134
Error,17242
Error,46497
Error,51176
Error,48570
Error,21730
Error,47750
Error,24897
Error,50264
Error,18224
Error,55283
Error,49112
Error,44954
Error,44102
Error,19135
Error,27071
Error,49923
Error,18966
Error,49252
Error,43511
Error,57277
Error,42139
Error,19737
Error,26310
Error,49202
Error,17392
Error,48861
Error,51406
Error,47859
Error,42850
Error,19617
Error,25357
Error,47990
Error,17924
Error,52378
Error,53900
Error,45586
Error,51175
Error,20789
Error,27311
Error,47719
Error,17923
Error,48571
Error,43271
Error,47790
Error,41588
Error,18835
Error,25006
Error,48120
Error,17643
Error,45866
Error,42299
Error,46888
Error,51055
Error,19516
Error,25678
Error,66414
Error,32120
Error,48991
Error,41627
Error,45435
Error,41006
Error,19226
Error,25447
Error,47088
Error,15590
Error,46316
Error,41096
Error,45485
Error,42489
Error,19066
Error,24847
Error,56796
Error,23795
Error,46838
Error,42450
Error,56095
Error,41458
Error,19176
Error,26189
Error,48451
Error,18415
Error,49884
Error,44643
Error,45225
Error,41858
Error,18925
Error,26931
Error,49522
Error,16972
Error,55704
Error,42409
Error,45966
Error,42800
Error,20488
Error,25878
Error,48991
Error,18354
FindNodeReq,44142
Error,42780
Error,41838
Error,57017
Error,42469
Error,23404
Error,28002
Error,49302
Error,17503
Error,49974
Error,44734
Error,62346
Error,42349
Error,19236
Error,25869
Error,48371
Error,18405
Error,47519
Error,41298
Error,46257
Error,41949
Error,19947
Error,26459
Error,49443
Error,18655
Error,47559
Error,41778
Error,52818
Error,48231
Error,21069
Error,27321
Error,49703
Error,17863
Error,49312
Error,52087
Error,44403
Error,43000
Error,20768
Error,26770
Error,49432
Error,20208
Error,47619
Error,42579
Error,46216
Error,51586
Error,21030
Error,26890
Error,50464
Error,16231
Error,46938
Error,41738
Error,48521
Error,44854
Error,21289
Error,28012
Error,52298
Error,22121
Error,49232
Error,44533
Error,44102
Error,42069
Error,20598
Error,25829
Error,49152
Error,16922
Error,47950
Error,43652
Error,55153
Error,41888
Error,19667
Error,25558
Error,58038
Error,24465
Error,46377
Error,53690
Error,52689
Error,48661
Error,20459
Error,25889
Error,36448
Error,17453
Error,47289
Error,42079
Error,55864
Error,41548
Error,19847
Error,25808
Error,48691
Error,17192
Error,48000
Error,42630
Error,46056
Error,50424
Error,20348
Error,25528
Error,46908
Error,17974
Error,57818
Error,52408
Error,48961
Error,45425
Error,19396
Error,25388
Error,47499
Error,16621
Error,47449
Error,42089
Error,46517
Error,40816
Error,18846
Error,25197
Error,48560
Error,16221
Error,47969
Error,41968
Error,56927
Error,41908
Error,19767
Error,25338
Error,49141
Error,18905
Error,52468
Error,45175
Error,43301
Error,42970
Error,20498
Error,25367
Error,49642
Error,17793
Error,46557
Error,41698
Error,40616
Error,42038
Error,20328
Error,27001
Error,50494
Error,18475
Error,48200
Error,43401
Error,40906
Error,41027
Error,18845
Error,25107
Error,50053
Error,16691
Error,48261
Error,51376
Error,42339
Error,48280
Error,19988
Error,25467
Error,47599
Error,18815
Error,48150
Error,49943
Error,49903
Error,42650
Error,19437
Error,27481
Error,60794
Error,34835
Error,45164
Error,41487
Error,53360
Error,41508
Error,18905
Error,25277
Error,60003
Error,22803
Error,58589
Error,48891
Error,44163
Error,41427
Error,20459
Error,25858
Error,49873
Error,17713
Error,55965
Error,42550
Error,42910
Error,42570
FindNodeRsp,25107
Error,18295
Error,25457
Error,50535
Error,19306
Error,47589
Error,51556
Error,42911
Error,40706
Error,19546
Error,25478
Error,50645
Error,18865
Error,48190
Error,41758
Error,50344
Error,42139
Error,19777
Error,25477
Error,54773
Error,24686
Error,47709
Error,41949
Error,42700
Error,42139
Error,20288
Error,26619
Error,65353
Error,40687
Error,46788
Error,43010
Error,44584
Error,53079
Error,21309
Error,27672
Error,83185
Error,50795
Error,46897
Error,54061
Error,43501
Error,49933
Error,21220
Error,28684
Error,66053
Error,40385
Error,46066
Error,43251
Error,43001
Error,43000
Error,20037
Error,27000
Error,70010
Error,43692
Error,47238
Error,43812
Error,42349
Error,42760
Error,20719
Error,26800
Error,56255
Error,28303
Error,49402
Error,49252
Error,49262
Error,47820
Error,24606
Error,29886
Error,53891
Error,28183
Error,50815
Error,57277
Error,47138
Error,45094
Error,21851
Error,28333
Error,53279
Error,27041
Error,57848
Error,47048
Error,52889
Error,45725
Error,23303
Error,29365
Error,55052
Error,28824
Error,49393
Error,44904
Error,43572
Error,48390
Error,23784
Error,30136
Error,79298
Error,54963
Error,51647
Error,46246
Error,43071
Error,28323
Error,25157
Error,25147
Error,52949
Error,27412
Error,58980
Error,52678
Error,44002
Error,45495
Error,22181
Error,28763
Error,61165
Error,29165
Error,60643
Error,45335
Error,43812
Error,51346
Error,21611
Error,27201
Error,59221
Error,34013
Error,50875
Error,43502
Error,42529
Error,42109
Error,20479
Error,27381
Error,51216
Error,21390
Error,48921
Error,44834
Error,42289
Error,51647
Error,20718
Error,26760
Error,52368
Error,19567
Error,48901
Error,43111
Error,42980
Error,42178
Error,20668
Error,26239
Error,59631
Error,27822
Error,47699
Error,51797
Error,46387
Error,51276
Error,20768
Error,26019
Error,63559
Error,36679
Error,46868
Error,42810
Error,41688
Error,41999
Error,19616
Error,25567
Error,50835
Error,20779
Error,48270
Error,42389
Error,41848
Error,41978
Error,19596
Error,25719
Error,25998
Error,15499
Error,62707
Error,50865
Error,43542
Error,49131
Error,24556
Error,27772
Error,34124
Error,10440
Error,51466
Error,46738
Error,41237
Error,45405
Error,21120
Error,24837
Error,45645
Error,21761
Error,50094
Error,47619
Error,49883
Error,49312
Error,21079
Error,24646
Error,17262
Error,14577
Error,42089
Error,41077
Error,40486
Error,39644
Error,22021
Error,24326
Error,15820
Error,16841
Error,44754
Error,50134
Error,41518
Error,41448
Error,21761
Error,24676
Error,30838
Error,18705
Error,46888
Error,52017
Error,42539
Error,41338
Error,19767
Error,24546
Error,39614
Error,21520
Error,46056
Error,43752
Error,49663
Error,42720
Error,19307
Error,23134
Error,44483
Error,15659
Error,51706
Error,42510
Error,42670
Error,42239
Error,20168
Error,22983
Error,32120
Error,17764
Error,47779
Error,55604
Error,46156
Error,44803
Error,19476
Error,24796
Error,42319
Error,19386
Error,48691
Error,44914
Error,43271
Error,40446
Error,18775
Error,22061
Error,15659
Error,14397
Error,47328
Error,43902
Error,42259
Error,51917
Error,20228
Error,23063
Error,15759
Error,15609
Error,43581
Error,40867
Error,49182
Error,40556
Error,17152
Error,20929
Error,17563
Error,15429
Error,42880
Error,49062
Error,42139
Error,46868
Error,20940
Error,24385
Error,18515
Error,14627
Error,47099
Error,43000
Error,51436
Error,43431
Error,19506
Error,22402
Error,14487
Error,15660
Error,43080
Error,41618
Error,39784
Error,20819
Error,30858
Error,21621
Error,15889
Error,15339
Error,41909
Error,41657
Error,41137
Error,40565
Error,17833
Error,21320
Error,15629
Error,13825
Error,46677
Error,42480
Error,46808
Error,45686
Error,19506
Error,22732
Error,13986
Error,16100
Error,43311
Error,40505
Error,49563
Error,40426
Error,20038
Error,23965
Error,30347
Error,16892
Error,46126
Error,42699
Error,43662
Error,50555
Error,19457
Error,22953
Error,30938
Error,17763
Error,50234
Error,45004
Error,65362
Error,54401
Error,22212
Error,24105
Error,31098
Error,16431
Error,46417
Error,52578
Error,50394
Error,48952
Error,19366
Error,23143
Error,31419
Error,15979
Error,44583
Error,42078
Error,43822
Error,41748
Error,19466
Error,22762
Error,31389
Error,17863
Error,50364
Error,44984
Error,45184
Error,43932
Error,20388
Error,23423
Error,31179
Error,17312
Error,44002
Error,52358
Error,46958
Error,42470
Error,20829
Error,24306
Error,30918
Error,15930
Error,46476
Error,42399
Error,42830
Error,41658
Error,19246
Error,22933
Error,32150
Error,37450
Error,46207
Error,35316
Error,46567
Error,15910
Error,24667
Error,101781
Error,59151
Error,47980
Error,46978
Error,51366
Error,49523
Error,43691
Error,18955
Error,23243
Error,39685
Error,22351
Error,44903
Error,43522
Error,56506
Error,43050
Error,20208
Error,24045
Error,29896
Error,17363
Error,44062
Error,41317
Error,41888
Error,47609
Error,21360
Error,24596
Error,29275
Error,19036
Error,47890
Error,43081
Error,49042
Error,41808
Error,19276
Error,22442
Error,31168
Error,16040
Error,46467
Error,43801
Error,53610
Error,43191
Error,20158
Error,24365
Error,29365
Error,16671
Error,66324
Error,47939
Error,52578
Error,62557
Error,24286
Error,28253
Error,42500
Error,38743
Error,53079
Error,49042
Error,51316
Error,46306
Error,18836
Error,22512
Error,29545
Error,17523
Error,54221
Error,43301
Error,55353
Error,43682
Error,20668
Error,24656
Error,29334
Error,17192
Error,44563
Error,40987
Error,40996
Error,44914
Error,19617
Error,22462
Error,36699
Error,28844
Error,45105
Error,42840
Error,46787
Error,50384
Error,19517
Error,22281
Error,30667
Error,17753
Error,46006
Error,51716
Error,41999
Error,41307
Error,19396
Error,22812
Error,31779
Error,18044
Error,52007
Error,42670
Error,41248
Error,51216
Error,19316
Error,22893
Error,32761
Error,23664
Error,48260
Error,43221
Error,52208
Error,43942
Error,19386
Error,22723
Error,30487
Error,20829
Error,44844
Error,51145
Error,43020
Error,41839
Error,20288
Error,23854
Error,31989
Error,19356
Error,54301
Error,49242
Error,42439
Error,41789
Error,19226
Error,25778
Error,30186
Error,17753
Error,47209
Error,44763
Error,53881
Error,44063
Error,21220
Error,22823
Error,31358
Error,17353
Error,44012
Error,41768
Error,41318
Error,46317
Error,20678
Error,23865
Error,30737
Error,17443
Error,46236
Error,42710
Error,55354
Error,43772
Error,18755
Error,22532
Error,32721
Error,19787
Error,52258
Error,43741
Error,41407
Error,41287
Error,19447
Error,22572
Error,31970
Error,18735
Error,43431
Error,41397
Error,51066
Error,41929
Error,19096
Error,22492
Error,30988
Error,17593
Error,52438
Error,42890
Error,47789
Error,42810
Error,19186
Error,22743
Error,30988
Error,17893
Error,44202
Error,44373
Error,45335
Error,43842
Error,21340
Error,24185
Error,31329
Error,17593
Error,44133
Error,42540
Error,41037
Error,40876
Error,19136
Error,23754
Error,31418
Error,18255
Error,54953
Error,43221
Error,49513
Error,45054
Error,19697
Error,24396
Error,31930
Error,18254
Error,44013
Error,41958
Error,41257
Error,45395
Error,21941
Error,24656
Error,32070
Error,17322
Error,46547
Error,44243
Error,51527
Error,46617
Error,19586
Error,22682
Error,31609
Error,18745
Error,44293
Error,50895
Error,43351
Error,42570
Error,20588
Error,23825
Error,39895
Error,29856
Error,45395
Error,40996
Error,41388
Error,47279
Error,19056
Error,22362
Error,31478
Error,18434
Error,43431
Error,41357
Error,61385
Error,45405
Error,21290
Error,24546
Error,34845
Error,22472
Error,54121
Error,43241
Error,41667
Error,45364
Error,18715
Error,24055
Error,31950
Error,19136
Error,44663
Error,51416
Error,51506
Error,43381
Error,20859
Error,22993
Error,60604
Error,51175
Error,44282
Error,41398
Error,41407
Error,50815
Error,19336
Error,23143
Error,41588
Error,38452
Error,49242
Error,45145
Error,43872
Error,50855
Error,20469
Error,22903
Error,31639
Error,18615
Error,52659
Error,42409
Error,41818
Error,58650
Error,20749
Error,24095
Error,32801
Error,19066
Error,44303
Error,50936
Error,42630
Error,47970
Error,19216
Error,22683
Error,29816
Error,17653
Error,43933
Error,40025
Error,41378
Error,57277
Error,21159
Error,22723
Error,28444
Error,22742
Error,44222
Error,41217
Error,49793
Error,46436
Error,19526
Error,22963
Error,31428
Error,18083
Error,52529
Error,49392
Error,41858
Error,43792
Error,19557
Error,23003
Error,32010
Error,19627
Error,52288
Error,49803
Error,41438
Error,52588
Error,19857
Error,23063
Error,41277
Error,30136
Error,44433
Error,49793
Error,42610
Error,48430
Error,19467
Error,22652
Error,41979
Error,33783
Error,46296
Error,43662
Error,42660
Error,43772
Error,20488
Error,22462
Error,39594
Error,29245
Error,44163
Error,41427
Error,49212
Error,48992
Error,20048
Error,23744
Error,29645
Error,19636
Error,46346
Error,43211
Error,40105
Error,45274
Error,18865
Error,22261
Error,40826
Error,15328
Error,43170
Error,41478
Error,50434
Error,48210
Error,19025
Error,22232
Error,31349
Error,18725
Error,53130
Error,42479
Error,41848
Error,54222
Error,19296
Error,22121
Error,30247
Error,17563
Error,47439
Error,44723
Error,43842
Error,61314
Error,20458
Error,21560
Error,16481
Error,15549
Error,47028
Error,44524
Error,38932
Error,45495
Error,20568
Error,23223
Error,32590
Error,13115
Error,44714
Error,40435
Error,47849
Error,44423
Error,18905
Error,23013
Error,31880
Error,17973
Error,53360
Error,43712
Error,42469
Error,49092
Error,20388
Error,27972
Error,19486
Error,15189
Error,53611
Error,42440
Error,42279
Error,56125
Error,20078
Error,22993
Error,20418
Error,15038
Error,48961
Error,46127
Error,53149
Error,44884
Error,21149
Error,24215
Error,32842
Error,17743
Error,53480
Error,42770
Error,41838
Error,49843
Error,20859
Error,24326
Error,32921
Error,22983
Error,46718
Error,43431
Error,42880
Error,49803
Error,20068
Error,22943
Error,32641
Error,18745
Error,44894
Error,42580
Error,41478
Error,47960
Error,22642
Error,25487
Error,32381
Error,18254
Error,46648
Error,54472
Error,43712
Error,49022
Error,19316
Error,22803
Error,32651
Error,18815
Error,52438
Error,48911
Error,42920
Error,41989
Error,20879
Error,24346
Error,32100
Error,18154
Error,54141
Error,42340
Error,42029
Error,57848
Error,20098
Error,23413
Error,33382
Error,19457
Error,53250
Error,47569
Error,44934
Error,45064
Error,21159
Error,24155
Error,39313
Error,28703
Error,56506
Error,42209
Error,49172
Error,42840
Error,20468
Error,24316
Error,32290
Error,18184
Error,45746
Error,43130
Error,42981
Error,57889
Error,19416
Error,22242
Error,32330
Error,18024
Error,46818
Error,51426
Error,49072
Error,48741
Error,19296
Error,23985
Error,31348
Error,16371
Error,47689
Error,60413
Error,45806
Error,45465
Error,20568
Error,22913
Error,33012
Error,23093
Error,52358
Error,48230
Error,46517
Error,49523
Error,22743
Error,27652
Error,46777
Error,27662
Error,51637
Error,47649
Error,57207
Error,48020
Error,22382
Error,25938
Error,41899
Error,30257
Error,48701
Error,42159
Error,45756
Error,44994
Error,21210
Error,24666
Error,38211
Error,29766
Error,46307
Error,42639
Error,41768
Error,50124
Error,19366
Error,22733
Error,28163
Error,18955
Error,44674
Error,42249
Error,40756
Error,50715
Error,21700
Error,24145
Error,29064
Error,18816
Error,44433
Error,41538
Error,41097
Error,57037
Error,19336
Error,22272
Error,31028
Error,18334
Error,44624
Error,42800
Error,49663
Error,49873
Error,19687
Error,22532
Error,29876
Error,18014
Error,43932
Error,40896
Error,48541
Error,44733
Error,19426
Error,22512
Error,32971
Error,19797
Error,43521
Error,42309
Error,40435
Error,45124
Error,19185
Error,22572
Error,33122
Error,19907
Error,44804
Error,41297
Error,49833
Error,44504
Error,21380
Error,24696
Error,50895
Error,42710
Error,58279
Error,43812
Error,49883
Error,41808
Error,18966
Error,22522
Error,29996
Error,17142
Error,54161
Error,43080
Error,41147
Error,54973
Error,21029
Error,24335
Error,39835
Error,29385
Error,44904
Error,42169
Error,49222
Error,48050
Error,18805
Error,22482
Error,32901
Error,19396
Error,44834
Error,44793
Error,41638
Error,49593
Error,20128
Error,22853
Error,27762
Error,16451
Error,44053
Error,41177
Error,49793
Error,46477
Error,19165
Error,22512
Error,32962
Error,28794
Error,52298
Error,42930
Error,41648
Error,42490
Error,19045
Error,22322
Error,30627
Error,18073
Error,44102
Error,50835
Error,41497
Error,45706
Error,19476
Error,24295
Error,29726
Error,17773
Error,44213
Error,41637
Error,49603
Error,42960
Error,18725
Error,22001
Error,30868
Error,21811
Error,44172
Error,41167
Error,49242
Error,43892
Error,18304
Error,22913
Error,31099
Error,18064
Error,44273
Error,41718
Error,41537
Error,46687
Error,18635
Error,22472
Error,33072
Error,20328
Error,44533
Error,41428
Error,45455
Error,44312
Error,20879
Error,24586
Error,39984
Error,31939
Error,54682
Error,43821
Error,40656
Error,45815
Error,18514
Error,30146
Error,26569
Error,11371
Error,46086
Error,42379
Error,42800
Error,48120
Error,20228
Error,22502
Error,31288
Error,21430
Error,44954
Error,41668
Error,41628
Error,47770
Error,19427
Error,22662
Error,32361
Error,21831
Error,47078
Error,42129
Error,42059
Error,51697
Error,20238
Error,24376
Error,19556
Error,16310
Error,58019
Error,41287
Error,50083
Error,49222
Error,19347
Error,21300
Error,17393
Error,14367
Error,50304
Error,40025
Error,38923
Error,55644
Error,18454
Error,21390
Error,16220
Error,14387
Error,41568
Error,48240
Error,39604
Error,45355
Error,19787
Error,23444
Error,29736
Error,16501
Error,45986
Error,49622
Error,40506
Error,47349
Error,18154
Error,21630
Error,18966
Error,14437
Error,43882
Error,40396
Error,40696
Error,40015
Error,19176
Error,23144
Error,22442
Error,16581
Error,50495
Error,40756
Error,39033
Error,47108
Error,17763
Error,23414
Error,55254
Error,42650
Error,43492
Error,44172
Error,41006
Error,41187
Error,19025
Error,25267
Error,49142
Error,38733
Error,45085
Error,41798
Error,41538
Error,41517
Error,18855
Error,23254
Error,31509
Error,17864
Error,44774
Error,50584
Error,42600
Error,54491
Error,19476
Error,22432
Error,30527
Error,17162
Error,43952
Error,50023
Error,42048
Error,56145
Error,20889
Error,23344
Error,32671
Error,19507
Error,44484
Error,41247
Error,41698
Error,44042
Error,20378
Error,23844
Error,31258
Error,15739
Error,45224
Error,43461
Error,42891
Error,45185
Error,18785
Error,22842
Error,39403
Error,23645
Error,45425
Error,41157
Error,51195
Error,57477
Error,19546
Error,22522
Error,29605
Error,12223
Error,44443
Error,50404
Error,48621
Error,44293
Error,20999
Error,24846
Error,35005
Error,24896
Error,54462
Error,44283
Error,41337
Error,44584
Error,19366
Error,24326
Error,30627
Error,17102
Error,56336
Error,43983
Error,43361
Error,53169
Error,21270
Error,22633
Error,36499
Error,25768
Error,44142
Error,42279
Error,41388
Error,48431
Error,18986
Error,22392
Error,29885
Error,17382
Error,44894
Error,42049
Error,40956
Error,56205
Error,19226
Error,22512
Error,39183
Error,26770
Error,44764
Error,41788
Error,41257
Error,43401
Error,18735
Error,22983
Error,29505
Error,20208
Error,54001
Error,44283
Error,43812
Error,44162
Error,20548
Error,24105
Error,34996
Error,11782
Error,45205
Error,49622
Error,41998
Error,44474
Error,21480
Error,24586
Error,35517
Error,25288
Error,47819
Error,43181
Error,50515
Error,45445
Error,18925
Error,23334
Error,32000
Error,17422
Error,55213
Error,50193
Error,43441
Error,42049
Error,20348
Error,22923
Error,40115
Error,22141
Error,44443
Error,41948
Error,41929
Error,57047
Error,19296
Error,22852
Error,30276
Error,12643
Error,57969
Error,44944
Error,42139
Error,49373
Error,24235
Error,22683
Error,38732
Error,19857
Error,44433
Error,41327
Error,49592
Error,55454
Error,19817
Error,22361
Error,28513
Error,10871
Error,43752
Error,52669
Error,42229
Error,46197
Error,18765
Error,23003
Error,30337
Error,17673
Error,52529
Error,41508
Error,42058
Error,56075
Error,20989
Error,25547
Error,29075
Error,15950
Error,55374
Error,46146
Error,43141
Error,41788
Error,14016
Error,21029
Error,66234
Error,47469
Error,44854
Error,49362
Error,43632
Error,41808
Error,18214
Error,20528
Error,30887
Error,17493
Error,44103
Error,51276
Error,43681
Error,44924
Error,19877
Error,22803
Error,31700
Error,17022
Error,44143
Error,50865
Error,134382
Error,44543
Error,20278
Error,23083
Error,32130
Error,17423
Error,52869
Error,43652
Error,41547
Error,44042
Error,18875
Error,22792
Error,37771
Error,19276
Error,45054
Error,41888
Error,48551
Error,50044
Error,19216
Error,23003
Error,30938
Error,17984
Error,44844
Error,42479
Error,41057
Error,46998
Error,18705
Error,22843
Error,40115
Error,30037
Error,46607
Error,41999
Error,41788
Error,60143
Error,22642
Error,26169
Error,45695
Error,33893
Error,50825
Error,47389
Error,56185
Error,47539
Error,22122
Error,26048
Error,36909
Error,31118
Error,60543
Error,47509
Error,41267
Error,41427
Error,18915
Error,22722
Error,40967
Error,29194
Error,43982
Error,42529
Error,42249
Error,43711
Error,18725
Error,23213
Error,36539
Error,27672
Error,55043
Error,44704
Error,43051
Error,42880
Error,18765
Error,22633
Error,29886
Error,17372
Error,44403
Error,41397
Error,41127
Error,42339
Error,20599
Error,23615
Error,29996
Error,17233
Error,45145
Error,41247
Error,41347
Error,57879
Error,20248
Error,22532
Error,31499
Error,19326
Error,52598
Error,50715
Error,42169
Error,48100
Error,21189
Error,24105
Error,29596
Error,15829
Error,47249
Error,44182
Error,40455
Error,50204
Error,18024
Error,21460
Error,14607
Error,14067
Error,49152
Error,40145
Error,39213
Error,57257
Error,18965
Error,21491
Error,18064
Error,13766
Error,48560
Error,40195
Error,40095
Error,58078
Error,21881
Error,23264
Error,15178
Error,16240
Error,43131
Error,41518
Error,49843
Error,48530
Error,17553
Error,21450
Error,14517
Error,15650
Error,42089
Error,41438
Error,40475
Error,45485
Error,19387
Error,21140
Error,19687
Error,14477
Error,40215
Error,40145
Error,40145
Error,39013
Error,18365
Error,21520
Error,27090
Error,13966
Error,41708
Error,42860
Error,42610
Error,41678
Error,20258
Error,24155
Error,31528
Error,17783
Error,45726
Error,42088
Error,42940
Error,57317
Error,21480
Error,24235
Error,30116
Error,16511
Error,46086
Error,43190
Error,42780
Error,56906
Error,19477
Error,23854
Error,30637
Error,17643
Error,44774
Error,49803
Error,49974
Error,44684
Error,19757
Error,26790
Error,30427
Error,17182
Error,47238
Error,53470
Error,51947
Error,43762
Error,20268
Error,24956
Error,31208
Error,16201
Error,44222
Error,42319
Error,41788
Error,48671
Error,20899
Error,23874
Error,30898
Error,17433
Error,45425
Error,41548
Error,43442
Error,48861
Error,19576
Error,22723
Error,30598
Error,17031
Error,44323
Error,41298
Error,51346
Error,45154
Error,21430
Error,25337
Error,40656
Error,23223
Error,46447
Error,43692
Error,40696
FindNodeRsp,26360
Error,56696
Error,21380
Error,24286
Error,31709
Error,17562
Error,44904
Error,41688
Error,43491
Error,48480
Error,18785
Error,22683
Error,30857
Error,16381
Error,44533
Error,41738
Error,40977
Error,48161
Error,18816
Error,22592
Error,44293
Error,21280
Error,45706
Error,51998
Error,43081
Error,43040
Error,18755
Error,23193
Error,30186
Error,15689
Error,44723
Error,41888
Error,41899
Error,47329
Error,19556
Error,22823
Error,30858
Error,17323
Error,44333
Error,42068
Error,41348
Error,57107
Error,20238
Error,23714
Error,30357
Error,17793
Error,44473
Error,41678
Error,50624
Error,45025
Error,21380
Error,24656
Error,36789
Error,25848
Error,45656
Error,43301
Error,51586
Error,44073
Error,19145
Error,22953
Error,30157
Error,19477
Error,59882
Error,47468
Error,48981
Error,48570
Error,22993
Error,27001
Error,53159
Error,42279
Error,51847
Error,47017
Error,55283
Error,63739
Error,22402
Error,25769
Error,39825
Error,27592
Error,49012
Error,52919
Error,51637
Error,44293
Error,20839
Error,24866
Error,30427
Error,17253
Error,43852
Error,41487
Error,41627
Error,43090
Error,20669
Error,23985
Error,23965
Error,16391
Error,45646
Error,43471
Error,43832
Error,42910
Error,19146
Error,22352
Error,32491
Error,19176
Error,53079
Error,42319
Error,48922
Error,52128
Error,21671
Error,25047
Error,37691
Error,29816
Error,46197
Error,52559
Error,43612
Error,42920
Error,20227
Error,22883
Error,35978
Error,26529
Error,44854
Error,41067
Error,52839
Error,19476
Error,43682
Error,21290
Error,39433
Error,30878
Error,45636
Error,43862
Error,52017
Error,41938
Error,19406
Error,25718
Error,59051
Error,38962
Error,68789
Error,58059
Error,46948
Error,54953
Error,21791
Error,23364
Error,32891
Error,20679
Error,54121
Error,43441
Error,43782
Error,42750
Error,20869
Error,25859
Error,34284
Error,21440
Error,46637
Error,43371
Error,43932
Error,42700
Error,20879
Error,23373
Error,32030
Error,19587
Error,54602
Error,51616
Error,43291
Error,41879
Error,19256
Error,23284
Error,39925
Error,32110
Error,45034
Error,42470
Error,42479
Error,43361
Error,19386
Error,22331
Error,43151
Error,40756
Error,45085
Error,41919
Error,42399
Error,43361
Error,19707
Error,23754
Error,31970
Error,19656
Error,44303
Error,42810
Error,50635
Error,43081
Error,20228
Error,25537
Error,31449
Error,18785
Error,56706
Error,44954
Error,53230
Error,44723
Error,20709
Error,22983
Error,30987
Error,19135
Error,45666
Error,41759
Error,44483
Error,43381
Error,20879
Error,22562
Error,31228
Error,19326
Error,46196
Error,43942
Error,43661
Error,52588
Error,19426
Error,22843
Error,32270
Error,22201
Error,51015
Error,55083
Error,45525
Error,44383
Error,20919
Error,23404
Error,31959
Error,19286
Error,44173
Error,51105
Error,42710
Error,43231
Error,20859
Error,24226
Error,32110
Error,18685
Error,55133
Error,51345
Error,45105
Error,41918
Error,18826
Error,22563
Error,31719
Error,18855
Error,53530
Error,60113
Error,45004
Error,50725
Error,19387
Error,22352
Error,33884
Error,19487
Error,45064
Error,50906
Error,48260
Error,41678
Error,18966
Error,22973
Error,31098
Error,17794
Error,44293
Error,41408
Error,47749
Error,50304
Error,19246
Error,22672
Error,31539
Error,18876
Error,43952
Error,52558
Error,60323
Error,45605
Error,20348
Error,24205
Error,30817
Error,17533
Error,53149
Error,43792
Error,46306
Error,41227
Error,20328
Error,24345
Error,31719
Error,18545
Error,45655
Error,51737
Error,48982
Error,41838
Error,18835
Error,22572
Error,30908
Error,20298
Error,51526
Error,45194
Error,51096
Error,42519
Error,19477
Error,22792
Error,30807
Error,17543
Error,44343
Error,42179
Error,58760
Error,41678
Error,19156
Error,22602
Error,30567
Error,18023
Error,44363
Error,43070
Error,46367
Error,41908
Error,19456
Error,22522
Error,41377
Error,29204
Error,47329
Error,45836
Error,43982
Error,48350
Error,20228
Error,23854
Error,31208
Error,17673
Error,44102
Error,43832
Error,56565
Error,42930
Error,18835
Error,24756
Error,37230
Error,22462
Error,45145
Error,43842
Error,49924
Error,43030
Error,18745
Error,22843
Error,32350
Error,19446
Error,50614
Error,44704
Error,45395
Error,45205
Error,20518
Error,23855
Error,31929
Error,18264
Error,45285
Error,44033
Error,50574
Error,41948
Error,19276
Error,21961
Error,31559
Error,18434
Error,45234
Error,44554
Error,49282
Error,41447
Error,18745
Error,23073
Error,31810
Error,18043
Error,49252
Error,45215
Error,44924
Error,43832
Error,20849
Error,22592
Error,32190
Error,19236
Error,47489
Error,42499
Error,42770
Error,42600
Error,20528
Error,24015
Error,40145
Error,29285
Error,46496
Error,44182
Error,42790
Error,49593
Error,19857
Error,22692
Error,40105
Error,27952
Error,44784
Error,42480
Error,49692
Error,42530
Error,19988
Error,22993
Error,29666
Error,17413
Error,44363
Error,41307
Error,42549
Error,41728
Error,19526
Error,22962
Error,30497
Error,17773
Error,44643
Error,50926
Error,47479
Error,41317
Error,18936
Error,23353
Error,37540
Error,27482
Error,51226
Error,42049
Error,44082
Error,41818
Error,19006
Error,22712
Error,31219
Error,18795
Error,44674
Error,42109
Error,42460
Error,41949
Error,18885
Error,22643
Error,32431
Error,18745
Error,43752
Error,41768
Error,42860
Error,41879
Error,20008
Error,22763
Error,30558
Error,26370
Error,56356
Error,43571
Error,42379
Error,42419
Error,19437
Error,22472
Error,30036
Error,17202
Error,44152
Error,41608
Error,42629
Error,52188
Error,21109
Error,23634
Error,30838
Error,18083
Error,43912
Error,41809
Error,41698
Error,47488
Error,21510
Error,24636
Error,30817
Error,18204
Error,47619
Error,44153
Error,44493
Error,42720
Error,20919
Error,23604
Error,31569
Error,18324
Error,44703
Error,50675
Error,48791
Error,42699
Error,20338
Error,24155
Error,31188
Error,18535
Error,44653
Error,51616
Error,48351
Error,44403
Error,21631
Error,25297
Error,48480
Error,40005
Error,55433
Error,44573
Error,43331
Error,42951
Error,20308
Error,22752
Error,33773
Error,20549
Error,46276
Error,42219
Error,46687
Error,40976
Error,18715
Error,24165
Error,30397
Error,17763
Error,45505
Error,42569
Error,50334
Error,43191
Error,19367
Error,22322
Error,43501
Error,38932
Error,45325
Error,41377
Error,43652
Error,40927
Error,18906
Error,22162
Error,38352
Error,29355
Error,51276
Error,42830
Error,47820
Error,48901
Error,19416
Error,22452
Error,30256
Error,21560
Error,44944
Error,41408
Error,54331
Error,43691
Error,19416
Error,22412
Error,33482
Error,21580
Error,53480
Error,43431
Error,43551
Error,41858
Error,18555
Error,22231
Error,32500
Error,18755
Error,45635
Error,41598
Error,46777
Error,41247
Error,18554
Error,22351
Error,32100
Error,19376
Error,45104
Error,41938
Error,55223
Error,53690
Error,20148
Error,22141
Error,37631
Error,29675
Error,53040
Error,43632
Error,42559
Error,41417
Error,18955
Error,22623
Error,32240
Error,20107
Error,44463
Error,51506
Error,49652
Error,49232
Error,19747
Error,22211
Error,32500
Error,18534
Error,44122
Error,49954
Error,54412
Error,43922
Error,18635
Error,22622
Error,39684
Error,30718
Error,51797
Error,43161
Error,45164
Error,41678
Error,18806
Error,22222
Error,33072
Error,20107
Error,44884
Error,50234
Error,49883
Error,42419
Error,18795
Error,22502
Error,31809
Error,18885
Error,45185
Error,42750
Error,55373
Error,44193
Error,18815
Error,22191
Error,42119
Error,29646
Error,44704
Error,41778
Error,44874
Error,41107
Error,18685
Error,22412
Error,33904
Error,20188
Error,43761
Error,42489
Error,46808
Error,41959
Error,18474
Error,23223
Error,36919
Error,24736
Error,69450
Error,56205
Error,63819
Error,62587
Error,24546
Error,26369
Error,71394
Error,70071
Error,61094
Error,74179
Error,94757
Error,23073
Error,55383
Error,24115
Error,59551
Error,57778
Error,59050
Error,56866
Error,61314
Error,56585
Error,22582
Error,31158
Error,69009
Error,61635
Error,60894
Error,63278
Error,64721
Error,60092
Error,24666
Error,28764
Error,70242
Error,69119
Error,60413
Error,58039
Error,56786
Error,57117
Error,24666
Error,25488
Error,58319
Error,56636
Error,56907
Error,54532
Error,64200
Error,58720
Error,22853
Error,25518
Error,71865
Error,65122
Error,69590
Error,58709
Error,57978
Error,67225
Error,25408
Error,26549
Error,69671
Error,68328
Error,58509
Error,56586
Error,58749
Error,56095
Error,23073
Error,25347
Error,60584
Error,58410
Error,58970
Error,56756
Error,56726
Error,54872
Error,22061
Error,28884
Error,68919
Error,62166
Error,60523
Error,57998
Error,61135
Error,56926
Error,23985
Error,25939
Error,59341
Error,57337
Error,59191
Error,55784
Error,65172
Error,57377
Error,23664
Error,26109
Error,69259
Error,62377
Error,57597
Error,56576
Error,63899
Error,58630
Error,21841
Error,25027
Error,68979
Error,67446
Error,58780
Error,56125
Error,55574
Error,55464
Error,22732
Error,24877
Error,58500
Error,56346
Error,56275
Error,55965
Error,58098
Error,56716
Error,21851
Error,24867
Error,66594
Error,60042
Error,69820
Error,57237
Error,55764
Error,54852
Error,23473
Error,25127
Error,58249
Error,56135
Error,57176
Error,56275
Error,65532
Error,55835
Error,22142
Error,25598
Error,60864
Error,53530
Error,58259
Error,64851
Error,66795
Error,55243
Error,25999
Error,26149
Error,71985
Error,70562
Error,57237
Error,63820
Error,56777
Error,64300
Error,22693
Error,25097
Error,61856
Error,53821
Error,59591
Error,56656
Error,55303
Error,54752
Error,25277
Error,25508
Error,66995
Error,50655
Error,56185
Error,55233
Error,68638
Error,57648
Error,22582
Error,25117
Error,78977
Error,77575
Error,58750
Error,56897
Error,55844
Error,64039
Error,24757
Error,24907
Error,58740
Error,56796
Error,56866
Error,55363
Error,55543
Error,63499
Error,23023
Error,25007
Error,67196
Error,59952
Error,62517
Error,75211
Error,59501
Error,56786
Error,24787
Error,25948
Error,60022
Error,57608
Error,59291
Error,56736
Error,57387
Error,55353
Error,23364
Error,25017
Error,58880
Error,56596
Error,56485
Error,59220
Error,58570
Error,63148
Error,24746
Error,27371
Error,58409
Error,37160
Error,60664
Error,52107
Error,60743
Error,54381
Error,20819
Error,23273
Error,49582
Error,36188
Error,52819
Error,52187
Error,67606
Error,53060
Error,20578
Error,23484
Error,40355
Error,20157
Error,52538
Error,62817
Error,55273
Error,52328
Error,21270
Error,24175
Error,41848
Error,18415
Error,52528
Error,52288
Error,55324
Error,62527
Error,20819
Error,23644
Error,39424
Error,18945
Error,52709
Error,58370
Error,55785
Error,54452
Error,22001
Error,25347
Error,60814
Error,49062
Error,58710
Error,55614
Error,59582
Error,64271
Error,21791
Error,25117
Error,50855
Error,42550
Error,56977
Error,59472
Error,55874
Error,55053
Error,22231
Error,24947
Error,61165
Error,51436
Error,56776
Error,64751
Error,55153
Error,55243
Error,26149
Error,28593
Error,109094
Error,107220
Error,60002
Error,60744
Error,60753
Error,63239
Error,23404
Error,28393
Error,78526
Error,68668
Error,57117
Error,55874
Error,55954
Error,58128
Error,23434
Error,25107
Error,53460
Error,42900
Error,56085
Error,65723
Error,58649
Error,61305
Error,24005
Error,27892
Error,56326
Error,47940
Error,59401
Error,56736
Error,65803
Error,56495
Error,22352
Error,25678
Error,51646
Error,40436
Error,58970
Error,64049
Error,55964
Error,55143
Error,22362
Error,30376
Error,80060
Error,71914
Error,59522
Error,65683
Error,59461
Error,56235
Error,23764
Error,25698
Error,56465
Error,48872
Error,57026
Error,65131
Error,56455
Error,56767
Error,23203
Error,26450
Error,76884
Error,69340
Error,56025
Error,56415
Error,67556
Error,69360
Error,28063
Error,33402
Error,94797
Error,92333
Error,67506
Error,64981
Error,74289
Error,63439
Error,28473
Error,28163
Error,61906
Error,54371
Error,56706
Error,66034
Error,56966
Error,56916
Error,21751
Error,28734
Error,71043
Error,64210
Error,73457
Error,59240
Error,55414
Error,65793
Error,22362
Error,25337
Error,59141
Error,57087
Error,56325
Error,55103
Error,56025
Error,56155
Error,22752
Error,24797
Error,59662
Error,52548
Error,67256
Error,56626
Error,55254
Error,54822
Error,21991
Error,26229
Error,57137
Error,54963
Error,58098
Error,54342
Error,55053
Error,57918
Error,22943
Error,24977
Error,59451
Error,57187
Error,57227
Error,57277
Error,56896
Error,54812
Error,22322
Error,24986
Error,71344
Error,69701
Error,57908
Error,55915
Error,59722
Error,55614
Error,23344
Error,25959
Error,69510
Error,67757
Error,69280
Error,60143
Error,56766
Error,56977
Error,22371
Error,25547
Error,82294
Error,75351
Error,57177
Error,64481
Error,56145
Error,56145
Error,26570
Error,28103
Error,68088
Error,61054
Error,58640
Error,63338
Error,69770
Error,58169
Error,26840
Error,27411
Error,79278
Error,72425
Error,58941
Error,57007
Error,57508
Error,65342
Error,26168
Error,25447
Error,59301
Error,57217
Error,56927
Error,54863
Error,57368
Error,57097
FindNodeRsp,33302
Error,21661
Error,25558
Error,67276
Error,60653
Error,68989
Error,56226
Error,54852
Error,64400
Error,22242
Error,24827
Error,60353
Error,52709
Error,56495
Error,55514
Error,56406
Error,55053
Error,22853
Error,24997
Error,59401
Error,57447
Error,58780
Error,54983
Error,55193
Error,64050
Error,22472
Error,37109
Error,58098
Error,55483
Error,58349
Error,55364
Error,56355
Error,56656
Error,22312
Error,25368
Error,60534
Error,52989
Error,57166
Error,55224
Error,59260
Error,58089
Error,21851
Error,25317
Error,73628
Error,71894
Error,56626
Error,62878
Error,54192
Error,60623
Error,23243
Error,24926
Error,68568
Error,66674
Error,58960
Error,60082
Error,65212
Error,57508
Error,27131
Error,25348
Error,63108
Error,55523
Error,57979
Error,55624
Error,55083
Error,68438
Error,26149
Error,26079
Error,68678
Error,61275
Error,56816
Error,55644
Error,61686
Error,59622
Error,24195
Error,29696
Error,81202
Error,71103
Error,59281
Error,57347
Error,56706
Error,65873
Error,23384
Error,25047
Error,61044
Error,52859
Error,57207
Error,64962
Error,57397
Error,55423
Error,22662
Error,25026
Error,67446
Error,60503
Error,62316
Error,66885
Error,58419
Error,57337
Error,24796
Error,25989
Error,61665
Error,54322
Error,57949
Error,56686
Error,57127
Error,54732
Error,22191
Error,25378
Error,72796
Error,65463
Error,60553
Error,56045
Error,55263
Error,60554
Error,24385
Error,26380
Error,67967
Error,60733
Error,59992
Error,57548
Error,57517
Error,57107
Error,23093
Error,25117
Error,69781
Error,62687
Error,57407
Error,55684
Error,53981
Error,56235
Error,23514
Error,27792
Error,68909
Error,61765
Error,56956
Error,50935
Error,67947
Error,48230
Error,22091
Error,25858
Error,38732
Error,26229
Error,52708
Error,52408
Error,47860
Error,52459
Error,20669
Error,23023
Error,15168
Error,16060
Error,43392
Error,42239
Error,41939
Error,40485
Error,18093
Error,22412
Error,12042
Error,15468
Error,47529
Error,43471
Error,52959
Error,42570
Error,20498
Error,24135
Error,15299
Error,15329
Error,44453
Error,42570
Error,43732
Error,46747
Error,20999
Error,24736
Error,27371
Error,17483
Error,46457
Error,43662
Error,42580
Error,51386
Error,23845
Error,25458
Error,18495
Error,17533
Error,55844
Error,44994
Error,47840
Error,46527
Error,23644
Error,23984
Error,19166
Error,16451
Error,51046
Error,48351
Error,46457
Error,42229
Error,19977
Error,22191
Error,15810
Error,13665
Error,41698
Error,49082
Error,47639
Error,51135
Error,23634
Error,24616
Error,17192
Error,14928
Error,43581
Error,41858
Error,53149
Error,51276
Error,20418
Error,23224
Error,17764
Error,15118
Error,44143
Error,42279
Error,41608
Error,40325
Error,19236
Error,21090
Error,14798
Error,13545
Error,49182
Error,43441
Error,42519
Error,42098
Error,20759
Error,23283
Error,17192
Error,15128
Error,43752
Error,41918
Error,45134
Error,41046
Error,19827
Error,23073
Error,16862
Error,15459
Error,43161
Error,40256
Error,44844
Error,48972
Error,18695
Error,22853
Error,16702
Error,13616
Error,42399
Error,39915
Error,40065
Error,39954
Error,18475
Error,21641
Error,15730
Error,13355
Error,44323
Error,43030
Error,43812
Error,42249
Error,19256
Error,22752
Error,27461
Error,14938
Error,43281
Error,41878
Error,42550
Error,48701
Error,21500
Error,25077
Error,39453
Error,20939
Error,45856
Error,43722
Error,50664
Error,43561
Error,20469
Error,22612
Error,17983
Error,14998
Error,45956
Error,42900
Error,51776
Error,47498
Error,20899
Error,22742
Error,39053
Error,17512
Error,49492
Error,45435
Error,43031
Error,45254
Error,20768
Error,24837
Error,19446
Error,16551
Error,45755
Error,43331
Error,42029
Error,51897
Error,21530
Error,24716
Error,19858
Error,16651
Error,44372
Error,42670
Error,52238
Error,49692
Error,19416
Error,22251
Error,26219
Error,15499
Error,50965
Error,54572
Error,47178
FindNodeReq,42109
Error,45535
Error,20498
Error,24586
Error,17853
Error,16340
Error,57106
Error,45044
Error,54652
Error,45024
Error,20799
Error,24235
Error,34665
Error,10540
Error,46166
Error,43701
Error,42740
Error,42048
Error,19085
Error,22632
Error,31148
Error,9768
Error,44924
Error,43131
Error,43371
Error,51346
Error,19647
Error,23234
Error,17042
Error,15198
Error,43932
Error,42590
Error,41427
Error,42360
Error,19246
Error,22772
Error,31929
Error,18074
Error,45324
Error,44613
Error,59010
Error,48501
Error,22102
Error,25779
Error,69260
Error,49413
Error,49854
Error,47248
Error,57958
Error,47409
Error,21310
Error,25637
Error,35016
Error,16991
Error,53349
Error,42349
Error,43591
FindNodeReq,35857
Error,40656
FindNodeReq,32040
FindNodeReq,34635
Error,19928
FindNodeReq,58289
Error,24336
Error,75492
Error,48400
Error,43742
Error,44493
Error,44002
Error,44763
Error,18054
Error,25507
Error,16991
Error,16361
Error,48882
Error,45565
Error,55874
Error,47199
Error,17834
Error,21560
Error,15319
Error,13275
Error,42058
Error,48381
Error,41167
Error,46998
Error,19287
Error,24205
Error,12583
Error,15138
Error,41227
Error,40305
Error,46798
Error,42579
Error,20778
Error,22862
Error,16110
Error,15428
Error,41307
Error,42510
Error,42249
Error,40867
Error,19326
Error,23294
Error,15789
Error,15279
Error,43451
Error,41247
Error,40486
Error,38973
Error,18294
Error,22181
Error,14768
Error,13145
Error,41939
Error,39634
Error,45796
Error,52078
Error,21400
Error,23764
Error,15790
Error,16471
Error,49182
Error,42129
Error,43791
Error,40345
Error,19396
Error,23103
Error,14908
Error,15569
Error,43802
Error,41147
Error,40857
Error,40726
Error,19536
Error,21811
Error,16030
Error,13335
Error,42740
Error,39574
Error,53741
Error,53891
Error,20248
Error,23083
Error,26860
Error,9557
Error,44303
Error,41748
Error,44213
Error,42329
Error,19236
Error,22963
Error,38953
Error,12393
Error,44944
Error,43060
Error,52288
Error,42209
Error,19126
Error,22642
Error,28954
Error,13475
Error,43431
Error,41458
Error,44934
Error,54582
Error,22462
Error,24586
Error,41207
Error,28804
Error,45636
Error,42960
Error,52287
Error,50885
Error,20508
Error,22712
Error,16451
Error,16250
Error,55554
Error,44042
Error,46968
Error,51767
Error,21090
Error,22872
Error,25097
Error,14908
Error,43381
Error,48100
Error,45626
Error,60914
Error,22612
Error,23904
Error,28503
Error,14137
Error,48651
Error,45956
Error,50143
Error,55093
Error,19457
Error,21320
Error,15940
Error,14467
Error,42599
Error,40165
Error,40336
Error,39404
Error,18304
Error,21079
Error,12383
Error,14256
Error,41117
Error,45826
Error,43080
Error,50334
Error,20578
Error,23373
Error,17012
Error,14487
Error,42900
Error,41337
Error,40726
Error,40546
Error,19577
Error,25517
Error,20829
Error,15048
Error,43932
Error,39393
Error,40696
Error,38663
Error,18484
Error,22022
Error,16010
Error,14086
Error,49132
Error,45355
Error,53129
Error,43651
Error,21029
Error,24596
Error,26059
Error,9798
Error,47098
Error,56906
Error,45725
Error,42750
Error,20829
Error,24566
Error,32550
Error,18425
Error,46186
Error,42850
Error,44192
Error,51556
Error,20498
Error,23323
Error,29895
Error,13625
Error,54713
Error,45796
Error,42419
Error,41277
Error,19596
Error,22973
Error,34715
Error,20869
Error,44824
Error,42099
Error,43411
Error,54723
Error,20008
Error,22962
Error,39343
Error,23534
Error,44824
Error,42700
Error,48891
Error,41899
Error,19186
Error,22613
Error,31199
Error,17924
Error,49863
Error,46016
Error,46096
Error,43471
Error,20799
Error,24356
Error,39123
Error,28103
Error,46036
Error,43422
Error,52498
Error,42599
Error,19706
Error,23123
Error,32070
Error,18103
Error,45545
Error,51757
Error,42700
Error,42900
Error,18986
Error,23554
Error,32321
Error,19707
Error,44644
Error,42359
Error,49843
Error,50604
Error,23845
Error,25277
Error,33092
Error,19517
Error,47539
Error,43732
Error,42379
Error,43221
Error,19095
Error,22823
Error,31569
Error,17854
Error,44844
Error,52638
Error,43622
Error,43812
Error,20518
Error,24265
Error,30958
Error,17372
Error,45926
Error,43071
Error,41788
Error,41197
Error,19046
Error,22572
Error,46427
Error,28433
Error,54903
Error,43050
Error,50003
Error,42610
Error,19516
Error,23014
Error,35376
Error,23244
Error,50645
Error,57417
Error,48120
Error,46858
FindNodeReq,56255
Error,21290
Error,26339
Error,42039
Error,30427
Error,60352
Error,49743
Error,46968
Error,47208
Error,19256
Error,22673
Error,38802
Error,27231
Error,45294
Error,44824
Error,42038
Error,41387
Error,19517
Error,22442
Error,32470
Error,19546
Error,45054
Error,50143
Error,42569
Error,40376
Error,19006
Error,22672
Error,31138
Error,17623
Error,44203
Error,50845
Error,43642
Error,42349
Error,19256
Error,22863
Error,31188
Error,18114
Error,44884
Error,40917
Error,43682
Error,53510
Error,21280
Error,25047
Error,60904
Error,51135
Error,45034
Error,43060
Error,44172
Error,41077
Error,19106
Error,22642
Error,29815
Error,16982
Error,44524
Error,42139
Error,41758
Error,56947
Error,20588
Error,24165
Error,30397
Error,17733
Error,44934
Error,41958
Error,51847
Error,46708
Error,19677
Error,22292
Error,41878
Error,24586
Error,45104
Error,41608
Error,41478
Error,53561
Error,19506
Error,22613
Error,30878
Error,17513
Error,43691
Error,40766
Error,41297
Error,46127
Error,18625
Error,22883
Error,42690
Error,29826
Error,50875
Error,42299
Error,115125
Error,42980
Error,19095
Error,22592
Error,32461
Error,18905
Error,44213
Error,41989
Error,50124
Error,45214
Error,21480
Error,24906
Error,40245
Error,31850
Error,45625
Error,42960
Error,42489
Error,41247
Error,18745
Error,22432
Error,36788
Error,28653
Error,52899
Error,43481
Error,42289
Error,42960
Error,20258
Error,23814
Error,32009
Error,18454
Error,45765
Error,41407
Error,40806
Error,46807
Error,19195
Error,22201
Error,30667
Error,17873
Error,44834
Error,47970
Error,44533
Error,43321
Error,20268
Error,23684
Error,56817
Error,48641
Error,45225
Error,41778
Error,49322
Error,43651
Error,20498
Error,24125
Error,32952
Error,18375
Error,47088
Error,52338
Error,44593
Error,48080
Error,18825
Error,22642
Error,31288
Error,18113
Error,52689
Error,42700
Error,41518
Error,56035
Error,19286
Error,23003
Error,38662
Error,27181
Error,44824
Error,41577
Error,48150
Error,45235
Error,19236
Error,22873
Error,30988
Error,21961
Error,44834
Error,49814
Error,41758
Error,48571
Error,19767
Error,22382
Error,32029
Error,17723
Error,43862
Error,42239
Error,52689
Error,44573
Error,19126
Error,22622
Error,34024
Error,21400
Error,43481
Error,41788
Error,49483
Error,45044
Error,19115
Error,25407
Error,48971
Error,41457
Error,46107
Error,50104
Error,42549
Error,42699
Error,20579
Error,22612
Error,30357
Error,17593
Error,45054
Error,41859
Error,49813
Error,48010
Error,20849
Error,24045
Error,31489
Error,21731
Error,44984
Error,41378
Error,40787
Error,49262
Error,18986
Error,22662
Error,48651
Error,37300
Error,44524
Error,41998
Error,49883
Error,41959
Error,19156
Error,22472
Error,33713
Error,19577
Error,53099
Error,41297
Error,40245
Error,46628
Error,42419
Error,19206
Error,74489
Error,39965
Error,28093
Error,92443
Error,59902
Error,50234
UpdateRouteReq,44614
Error,93856
UpdateRouteReq,55995
UpdateRouteReq,75301
Error,64190
Error,39013
UpdateRouteReq,24295
Error,19556
Error,93856
Error,79659
Error,54622
Error,60042
Error,50234
Error,45625
Error,42750
Error,56746
Error,52598
Error,22371
Error,24747
Error,41628
Error,33343
Error,45374
Error,43481
Error,49993
Error,51937
Error,20999
Error,24506
Error,30597
Error,21349
Error,45675
Error,52278
Error,43280
Error,42500
Error,20308
Error,22923
Error,31910
Error,17904
Error,44624
Error,41868
Error,42219
Error,42309
Error,19406
Error,23364
Error,32771
Error,19697
Error,54572
Error,42349
Error,41428
Error,41809
Error,19276
Error,23073
Error,31990
Error,18624
Error,52789
Error,48821
Error,41277
Error,41517
Error,20448
Error,22532
Error,32191
Error,18124
Error,59231
Error,42369
Error,41047
Error,40877
Error,19466
Error,22752
Error,32841
Error,17704
Error,43671
Error,52808
Error,42650
Error,41617
Error,18906
Error,23645
Error,34385
Error,21691
Error,44263
Error,42009
Error,42008
Error,41488
Error,19357
Error,22963
Error,30888
Error,17743
Error,44003
Error,41257
Error,40826
Error,50785
Error,19426
Error,22902
Error,32491
Error,19346
Error,44343
Error,41347
Error,41938
Error,45024
Error,21611
Error,25127
Error,51667
Error,40977
Error,45545
Error,43061
Error,42089
Error,41798
Error,18745
Error,22782
Error,39675
Error,30086
Error,45415
Error,43100
Error,49652
Error,49192
Error,20688
Error,23954
Error,36228
Error,27742
Error,45395
Error,41868
Error,41237
Error,41297
Error,18755
Error,22302
Error,41357
Error,30738
Error,46527
Error,43421
Error,41537
Error,40335
Error,18705
Error,24245
FindNodeReq,139931
Error,62126
Error,49312
Error,43651
Error,49693
Error,41157
Error,47489
Error,18795
Error,24606
Error,31849
Error,18535
Error,52979
Error,42750
Error,41437
Error,41849
Error,18855
Error,22842
Error,28754
Error,18916
Error,45295
Error,69320
Error,53370
Error,46147
Error,22182
Error,25307
Error,40446
Error,32771
Error,47669
Error,44874
Error,42079
Error,42099
Error,19326
Error,25548
Error,34534
Error,20939
Error,48160
Error,54121
Error,44543
Error,44493
Error,21430
Error,22952
Error,16982
Error,13936
Error,52378
Error,43411
Error,42450
Error,49612
Error,23403
Error,25017
Error,18454
Error,15980
Error,47088
Error,43711
Error,42960
Error,46397
Error,19386
Error,25207
Error,19076
Error,15269
Error,45835
Error,44793
Error,45525
Error,42980
Error,21540
Error,23935
Error,35025
Error,20889
Error,44853
Error,42710
Error,52037
Error,43151
Error,20238
Error,24196
Error,34755
Error,20008
Error,49453
Error,57007
Error,43792
Error,56326
Error,21781
Error,27231
Error,19356
Error,16991
Error,45325
Error,43241
Error,44583
Error,58018
Error,24345
Error,25648
Error,33553
Error,20318
Error,46547
Error,45294
Error,42560
Error,43411
Error,21110
Error,25668
Error,33503
Error,22332
Error,45776
Error,45435
Error,60844
Error,48230
Error,22702
Error,27752
Error,51957
Error,46256
Error,47980
Error,44202
Error,45625
Error,44843
Error,23104
Error,26870
Error,45485
Error,36368
Error,48120
Error,52277
Error,44362
Error,44232
Error,21831
Error,26199
Error,36689
Error,26700
FindNodeReq,41547
Error,43121
FindNodeReq,44924
FindNodeReq,37861
Error,43872
FindNodeReq,37590
Error,47589
Error,46987
Error,25337
Error,28694
Error,56355
Error,50345
Error,57187
Error,47068
Error,46076
Error,45475
Error,23815
Error,27802
Error,33763
Error,30216
Error,49132
Error,46758
Error,50274
Error,44313
Error,21630
Error,27551
Error,36518
Error,27001
Error,55874
Error,44132
Error,50624
Error,51376
Error,24776
Error,27692
Error,37821
Error,30457
Error,50314
Error,45575
Error,58068
Error,44803
Error,21480
Error,25257
Error,30597
Error,23945
Error,47098
Error,54221
Error,48661
Error,45726
Error,23694
Error,27201
Error,33453
Error,22542
Error,46386
Error,42790
Error,62036
Error,47549
Error,23013
Error,27312
Error,40226
Error,33933
Error,57758
Error,46156
Error,51747
Error,45586
Error,22442
Error,26319
Error,31659
Error,20879
Error,47078
Error,53610
Error,50995
Error,43481
Error,20468
Error,25998
Error,31418
Error,19917
Error,45535
Error,51005
Error,49563
Error,45725
Error,21941
Error,25388
Error,37510
Error,28864
Error,46366
Error,42639
Error,46577
Error,43050
Error,21329
Error,22943
Error,30147
Error,18074
Error,46266
Error,42891
Error,48821
Error,43140
Error,19216
Error,22933
Error,31479
Error,18074
Error,44453
Error,42289
Error,59933
Error,45626
Error,21080
Error,25388
Error,38322
Error,30948
Error,54542
Error,49463
Error,44413
Error,42980
Error,20488
Error,24305
Error,37660
Error,27011
Error,46106
Error,43522
Error,47710
Error,41798
Error,19337
Error,22943
Error,30497
Error,18254
Error,44603
Error,41518
Error,51126
Error,45014
Error,21059
Error,24887
Error,48050
Error,37210
Error,46557
Error,43682
Error,52428
Error,48891
Error,20718
Error,24355
Error,129492
Error,128942
Error,46638
Error,43752
Error,42870
Error,42760
Error,21380
Error,23063
Error,39444
Error,29665
Error,44042
Error,42730
Error,55353
Error,52869
Error,22242
Error,25277
Error,39003
Error,30707
Error,46246
Error,43411
Error,53400
Error,50395
Error,21110
Error,24295
Error,30908
Error,18394
Error,46908
Error,43200
Error,57497
Error,42479
Error,18815
Error,23454
Error,30267
Error,17874
Error,45394
Error,41588
Error,47829
Error,45234
Error,22432
Error,25237
Error,38421
Error,30857
Error,46267
Error,43180
Error,48521
Error,42950
Error,20859
Error,22421
Error,29815
Error,17844
Error,46046
Error,43562
Error,45355
Error,41458
Error,18625
Error,23133
Error,29785
Error,17593
Error,44964
Error,41908
Error,48691
Error,45135
Error,21611
Error,24606
Error,40897
Error,36498
Error,45725
Error,43060
Error,45565
Error,42770
Error,20208
Error,23985
Error,30427
Error,17914
Error,44944
Error,42730
Error,47559
Error,41728
Error,18795
Error,22792
Error,30817
Error,20499
Error,43852
Error,41528
Error,55684
Error,46147
Error,20668
Error,25127
Error,34935
Error,22172
Error,46247
Error,43090
Error,45094
Error,49593
Error,20027
Error,24065
Error,28954
Error,19436
Error,46126
Error,51637
Error,57197
Error,43140
Error,20769
Error,22922
Error,30057
Error,17713
Error,44563
Error,49062
Error,41407
Error,44663
Error,25447
Error,24536
Error,29305
Error,20368
Error,45936
Error,54282
Error,49122
Error,41498
Error,19647
Error,23234
Error,30287
Error,17372
Error,44924
Error,43281
Error,46928
Error,51116
Error,21440
Error,22512
Error,31218
Error,17513
Error,44754
Error,46667
Error,44644
Error,53390
Error,21140
Error,24747
Error,32170
Error,19256
Error,46267
Error,41517
Error,46958
Error,41848
Error,18906
Error,24215
Error,27922
Error,18465
Error,46256
Error,51797
Error,48681
Error,42570
Error,19376
Error,22462
Error,30818
Error,17753
Error,44693
Error,46467
Error,44643
Error,43862
Error,20278
Error,24295
Error,29736
Error,17142
Error,53040
Error,43091
Error,47729
Error,42139
Error,20448
Error,24206
Error,31810
Error,17884
Error,45485
Error,51366
Error,42710
Error,42049
Error,18565
Error,22352
Error,30507
Error,18004
Error,54202
Error,42880
Error,50585
Error,48781
Error,18906
Error,22592
Error,31369
Error,17904
Error,43792
Error,41648
Error,48160
Error,50023
Error,19577
Error,22672
Error,26690
Error,17172
Error,44614
Error,41798
Error,43832
Error,41287
Error,18966
Error,22543
Error,30928
Error,17413
Error,45786
Error,43521
Error,51607
Error,43221
Error,20128
Error,23995
Error,30237
Error,17343
Error,52879
Error,41728
Error,47529
Error,43662
Error,19937
Error,23514
Error,30917
Error,17593
Error,43351
Error,41017
Error,44674
Error,40526
Error,18424
Error,22342
Error,28934
Error,18936
Error,46838
Error,43281
Error,52087
Error,42269
Error,21269
Error,22492
Error,30327
Error,17543
Error,43832
Error,42780
Error,46406
Error,41708
Error,18735
Error,22973
Error,29896
Error,17322
Error,44403
Error,42279
Error,47649
Error,41117
Error,18685
Error,22512
Error,29966
Error,17342
Error,46847
Error,41989
Error,50624
Error,41528
Error,18986
Error,22783
Error,30247
Error,17673
Error,45535
Error,42660
Error,58229
Error,42830
Error,19136
Error,22692
Error,30327
Error,17904
Error,44643
Error,41167
Error,45595
Error,41858
Error,18695
Error,22411
Error,30987
Error,16941
Error,46748
Error,42209
Error,40997
Error,40556
Error,18565
Error,22152
Error,38613
Error,27261
Error,44303
Error,41467
Error,55744
Error,41548
Error,18735
Error,22632
Error,30177
Error,16991
Error,43441
Error,42188
Error,47939
Error,41398
Error,18555
Error,22462
Error,30968
Error,17252
Error,46667
Error,42039
Error,41307
Error,40807
Error,19156
Error,22502
Error,30066
Error,17563
Error,43641
Error,41898
Error,46447
Error,41227
Error,18524
Error,22312
Error,30366
Error,17443
Error,44664
Error,41958
Error,47178
Error,40596
Error,18815
Error,22031
Error,31038
Error,19997
Error,46918
Error,41488
Error,41628
Error,52799
Error,19026
Error,22322
Error,30577
Error,17392
Error,43812
Error,41517
Error,57247
Error,42039
Error,18535
Error,22522
Error,31850
Error,27582
Error,53040
Error,48560
Error,47549
Error,41467
Error,18775
Error,22873
Error,30236
Error,17953
Error,46647
Error,42309
Error,57979
Error,41467
Error,18614
Error,22783
Error,29465
Error,17232
Error,53009
Error,42459
Error,48270
Error,42179
Error,18876
Error,22602
Error,30517
Error,17422
Error,43892
Error,42600
Error,47118
Error,41287
Error,18675
Error,22142
Error,68698
Error,52167
Error,48220
Error,44884
Error,47990
Error,44483
Error,21811
Error,24756
Error,30407
Error,17462
Error,45265
Error,41457
Error,47610
Error,53330
Error,20739
Error,24446
Error,29705
Error,17493
Error,46086
Error,43070
Error,59731
Error,42049
Error,19065
Error,35487
Error,30667
Error,17422
Error,46226
Error,50895
Error,47228
Error,40916
Error,18956
Error,22863
Error,31028
Error,17783
Error,43982
Error,42410
Error,45475
Error,41317
Error,18955
Error,22662
Error,29595
Error,17312
Error,44483
Error,41408
Error,47870
Error,49863
Error,19547
Error,22983
Error,29826
Error,17242
Error,46537
Error,42810
Error,44283
Error,42379
Error,20789
Error,22763
Error,31919
Error,18885
Error,44183
Error,41558
Error,41157
Error,42430
Error,19507
Error,22712
Error,16881
Error,15008
Error,43462
Error,50404
Error,48961
Error,41147
Error,21069
Error,23674
Error,30717
Error,17402
Error,45505
Error,50985
Error,42450
Error,48220
Error,19036
Error,22542
Error,28002
Error,17994
Error,45435
Error,41478
Error,46807
Error,48711
Error,19536
Error,22943
Error,30237
Error,17783
Error,44223
Error,41438
Error,46186
Error,50474
Error,41518
Error,23765
Error,31148
Error,27231
Error,44433
Error,41988
Error,50144
Error,41948
Error,18895
Error,22552
Error,30708
Error,17423
Error,52167
Error,41908
Error,55684
Error,41748
Error,19777
Error,22853
Error,30326
Error,16961
Error,52478
Error,42990
Error,58820
Error,48721
Error,21390
Error,24365
Error,34264
Error,29074
Error,47098
Error,44233
Error,45786
Error,51356
Error,19647
Error,24876
Error,34315
Error,21951
Error,44674
Error,44944
Error,45486
Error,43601
Error,20909
Error,24746
Error,30898
Error,17332
Error,44253
Error,42079
Error,74419
Error,51717
Error,21470
Error,24606
Error,32371
Error,27662
Error,48180
Error,44694
Error,44583
Error,42219
Error,18775
Error,22863
Error,30768
Error,17754
Error,45716
Error,42450
Error,47308
Error,41849
Error,19887
Error,22993
Error,30928
Error,17613
Error,43301
Error,40946
Error,47438
Error,45005
Error,20849
Error,24836
Error,37791
Error,30096
Error,46006
Error,42460
Error,43241
Error,41748
Error,19867
Error,24155
Error,31008
Error,18004
Error,46206
Error,42600
Error,46818
Error,40746
Error,18645
Error,22352
Error,31408
Error,17834
Error,44704
Error,41398
Error,47499
Error,44914
Error,21911
Error,24616
Error,35246
Error,22943
Error,55594
Error,44023
Error,49242
Error,42089
Error,19176
Error,23975
Error,30427
Error,16972
Error,45315
Error,42349
Error,46877
Error,41477
Error,20398
Error,22312
Error,29215
Error,18785
Error,45064
Error,44143
Error,44593
Error,53229
Error,21790
Error,23995
Error,31619
Error,19005
Error,44764
Error,43261
Error,48711
Error,50174
Error,19326
Error,22391
Error,30558
Error,17683
Error,43952
Error,43361
Error,46587
Error,41668
Error,18354
Error,22722
Error,29746
Error,17312
Error,45164
Error,45005
Error,42199
Error,64000
Error,19136
Error,22201
Error,29695
Error,17102
Error,44312
Error,49753
Error,50354
Error,41637
Error,18204
Error,22582
Error,29435
Error,17392
Error,44514
Error,41297
Error,47319
Error,40186
Error,18515
Error,22442
Error,30176
Error,17072
Error,57507
Error,45194
Error,43682
Error,41678
Error,19757
Error,22883
Error,30287
Error,17382
Error,44443
Error,40706
Error,41498
Error,42619
Error,20248
Error,23464
Error,30297
Error,17112
Error,45986
Error,51826
Error,56837
Error,41438
Error,19437
Error,30247
Error,30927
Error,17513
Error,44543
Error,41167
Error,46537
Error,41127
Error,18805
Error,22702
Error,38001
Error,26750
Error,44683
Error,48982
Error,48500
Error,40776
Error,18815
Error,22923
Error,30266
Error,17863
Error,43902
Error,41267
Error,41698
Error,41458
Error,18715
Error,23213
Error,25868
Error,26389
Error,69991
Error,59461
Error,44823
Error,48721
Error,23504
Error,29134
Error,58149
Error,26410
Error,54572
Error,48711
Error,43782
Error,41017
Error,20819
Error,28744
Error,56476
Error,20498
Error,51857
Error,59551
Error,56896
Error,69820
Error,22212
Error,27371
Error,17513
Error,14908
Error,45665
Error,42159
Error,42699
Error,41728
Error,20909
Error,24265
Error,16701
Error,16040
Error,44002
Error,40916
Error,40826
Error,48681
Error,19236
Error,23023
Error,16551
Error,14658
Error,42048
Error,40326
Error,40135
Error,45345
Error,20058
Error,23464
Error,16861
Error,16230
Error,43641
Error,42400
Error,44353
Error,43070
Error,23234
Error,25097
Error,41557
Error,23334
Error,46748
Error,43952
Error,47890
Error,41267
Error,19627
Error,22272
Error,16130
Error,14286
Error,50434
Error,47288
Error,57137
Error,50534
Error,20589
Error,23284
Error,15098
Error,16070
Error,43742
Error,41769
Error,41808
Error,42169
Error,19897
Error,23273
Error,18144
Error,15930
Error,50364
Error,41488
Error,48140
Error,42430
Error,18164
Error,22542
Error,16331
Error,14917
Error,51346
Error,41608
Error,41006
Error,51236
Error,18935
Error,22322
Error,16871
Error,14658
Error,42559
Error,51797
Error,40896
Error,41999
Error,18224
Error,21721
Error,20588
Error,14547
Error,49663
Error,41278
Error,40646
Error,47629
Error,19507
Error,21510
Error,16391
Error,14036
Error,42569
Error,40305
Error,51026
Error,41508
Error,18545
Error,21731
Error,31359
Error,16601
Error,43111
Error,40716
Error,39414
Error,39945
Error,18575
Error,21681
Error,15980
Error,14557
Error,51186
Error,47008
Error,40976
Error,40396
Error,18334
Error,21600
Error,14877
Error,13846
Error,42820
Error,40396
Error,39104
Error,45175
Error,19256
Error,23033
Error,39163
Error,19967
Error,44273
Error,49132
Error,49192
Error,40185
Error,18384
Error,21871
Error,19546
Error,14437
Error,42039
Error,40926
Error,40285
Error,41588
Error,18885
Error,23484
Error,32150
Error,18174
Error,43892
Error,50695
Error,44313
Error,44984
Error,20157
Error,23063
Error,30968
Error,17883
Error,53309
Error,42910
Error,48270
Error,41858
Error,18735
Error,22983
Error,26279
Error,16401
Error,44924
Error,42369
Error,42189
Error,53520
Error,21250
Error,24516
Error,27872
Error,15689
Error,43912
Error,44874
Error,56335
Error,48621
Error,19346
Error,21791
Error,15809
Error,14437
Error,42760
Error,40836
Error,39854
Error,40185
Error,18054
Error,21330
Error,15820
Error,14157
Error,41758
Error,41077
Error,39915
Error,39675
Error,18415
Error,21590
Error,15859
Error,14376
Error,46807
Error,41849
Error,50985
Error,50344
Error,18655
Error,31459
Error,12202
Error,16711
Error,45175
Error,43692
Error,53470
Error,43691
Error,20098
Error,23945
Error,15790
Error,16441
Error,44864
Error,42690
Error,50595
Error,43131
Error,20138
Error,23193
Error,21450
Error,14457
Error,41939
Error,40345
Error,45545
Error,42319
Error,19937
Error,24065
Error,38773
Error,18545
Error,45065
Error,41979
Error,51737
Error,47970
Error,19427
Error,21691
Error,15218
Error,13275
Error,43251
Error,43261
Error,43392
Error,42870
Error,20298
Error,23184
Error,18064
Error,15048
Error,43902
Error,48621
Error,49903
Error,53350
Error,21760
Error,24365
Error,18905
Error,16241
Error,45896
Error,43401
Error,48651
Error,51657
Error,20889
Error,24346
Error,29635
Error,19085
Error,45365
Error,43782
Error,49302
Error,42900
Error,18836
Error,22763
Error,18104
Error,14748
Error,53550
Error,44112
Error,41828
Error,47499
Error,20719
Error,24476
Error,18886
Error,16060
Error,45175
Error,41858
Error,45685
Error,44974
Error,20118
Error,22613
Error,23373
Error,14257
Error,51235
Error,40265
Error,48371
Error,39894
Error,18455
Error,22071
Error,18795
Error,14557
Error,43061
Error,41347
Error,48160
Error,40656
Error,18465
Error,21490
Error,15720
Error,14127
Error,41869
Error,40375
Error,39785
Error,40065
Error,18254
Error,21711
Error,15659
Error,14337
Error,43472
Error,40526
Error,38282
Error,48070
Error,18635
Error,21309
Error,14818
Error,14617
Error,43491
Error,48460
Error,41948
Error,39584
Error,18334
Error,22131
Error,14918
Error,14326
Error,49692
Error,46597
Error,40115
Error,40616
Error,17874
Error,21801
Error,23524
Error,14036
Error,41338
Error,40115
Error,39143
Error,44283
Error,19416
Error,22833
Error,18414
Error,15319
Error,45024
Error,42530
Error,43611
Error,50705
Error,19156
Error,22813
Error,17493
Error,15049
Error,54532
Error,45715
Error,53991
Error,45516
Error,18585
Error,21240
Error,29105
Error,14647
Error,48070
Error,54853
Error,46577
Error,40746
Error,18524
Error,22112
Error,14837
Error,14337
Error,45455
Error,42609
Error,45735
Error,40836
Error,19436
Error,23204
Error,34133
Error,10379
Error,43912
Error,48982
Error,40235
Error,39384
Error,18004
Error,22983
Error,16651
Error,15359
Error,43982
Error,49072
Error,40295
Error,39284
Error,17433
Error,21831
Error,13977
Error,14197
Error,41588
Error,49002
Error,50094
Error,39384
Error,18144
Error,21320
Error,15599
Error,14086
Error,41989
Error,40776
Error,48641
Error,40176
Error,17463
Error,33823
Error,16972
Error,16611
Error,49142
Error,46477
Error,52198
Error,47338
Error,22161
Error,25107
Error,17783
Error,15199
Error,45034
Error,42740
Error,43020
Error,41868
Error,19888
Error,22983
Error,17202
Error,15068
Error,52368
Error,42760
Error,41507
Error,49282
Error,20418
Error,23224
Error,15178
Error,13275
Error,42950
Error,48671
Error,48591
Error,41237
Error,32731
Error,29184
Error,56445
Error,20448
Error,53861
Error,44713
Error,47709
Error,55554
Error,22192
Error,26179
Error,57086
Error,25899
Error,49162
Error,43311
Error,56887
Error,45856
Error,19717
Error,27472
Error,52248
Error,18224
Error,48411
Error,43411
Error,52138
Error,67005
FindNodeRsp,22873
Error,20658
Error,27371
Error,50765
Error,19716
Error,49904
Error,44764
Error,49412
Error,43121
Error,19646
Error,32801
Error,96861
Error,70803
Error,45796
Error,43160
Error,41397
Error,51836
Error,20218
Error,27322
Error,51948
Error,20217
Error,48550
Error,52979
Error,43832
Error,48821
Error,22653
Error,27612
Error,49753
Error,18664
Error,50054
Error,43772
Error,55934
Error,43782
Error,20468
Error,28123
Error,50314
Error,18835
Error,48721
Error,43482
Error,42609
Error,43391
Error,20789
Error,27572
Error,50374
Error,19898
Error,47048
Error,43341
Error,51466
Error,50965
Error,22292
Error,27531
Error,49963
Error,18184
Error,51617
Error,44563
Error,48731
Error,42409
Error,21520
Error,27521
Error,77575
Error,46908
Error,47128
Error,34565
Error,44573
Error,16521
Error,26780
Error,115676
Error,61234
Error,28233
Error,46937
Error,53941
Error,43141
Error,48671
Error,23093
Error,28574
Error,50304
Error,17363
Error,49933
Error,52318
Error,59141
Error,48942
Error,23644
Error,31068
Error,56797
Error,21881
Error,54231
Error,48531
Error,47699
Error,41808
Error,19015
Error,25277
Error,50996
Error,16671
Error,55874
Error,49593
Error,45736
Error,44893
Error,20869
Error,27671
Error,51556
Error,20989
Error,49693
Error,44453
Error,42600
Error,42940
Error,19537
Error,25438
Error,49893
Error,18074
Error,56896
Error,42991
Error,43010
Error,41918
Error,19276
Error,26310
Error,43131
Error,19056
Error,48391
Error,42249
Error,41638
Error,51486
Error,19908
Error,26028
Error,48160
Error,18575
Error,48039
Error,42960
Error,50294
Error,42921
Error,19105
Error,25939
Error,52518
Error,17061
Error,47289
Error,42239
Error,42300
Error,48761
Error,22001
Error,28644
Error,44222
Error,20629
Error,60453
Error,46907
Error,46236
Error,45014
Error,20939
Error,28994
Error,55474
Error,20779
Error,51677
Error,40946
Error,47459
Error,47278
Error,22242
Error,28784
Error,57137
Error,25879
Error,59942
Error,43762
Error,42129
Error,48270
Error,20679
Error,25819
Error,47920
Error,18605
Error,46768
Error,42490
Error,44574
Error,42039
Error,19726
Error,26650
Error,62958
Error,36628
Error,46417
Error,43902
Error,42219
Error,42249
Error,19577
Error,27161
Error,54071
Error,24045
Error,49964
Error,46276
Error,48841
Error,48049
Error,23303
Error,26720
Error,53560
Error,23163
Error,53389
Error,46226
Error,44844
Error,42279
Error,19726
Error,26239
Error,46658
Error,18394
Error,46046
Error,41077
Error,40566
Error,47188
Error,20909
Error,26439
Error,47960
Error,18976
Error,48180
Error,42369
Error,41828
Error,41578
Error,19146
Error,24135
Error,46477
Error,18765
Error,45696
Error,42038
Error,51947
Error,42229
Error,20048
Error,24075
Error,50885
Error,22322
Error,45295
Error,46648
Error,43481
Error,42489
Error,20238
Error,26138
Error,47419
Error,17393
Error,47338
Error,41588
Error,41066
Error,50324
Error,19797
Error,25308
Error,46798
Error,17973
Error,47038
Error,40465
Error,40105
Error,40466
Error,18184
Error,24095
Error,56035
Error,26369
Error,51025
Error,43852
Error,42269
Error,42499
Error,19416
Error,25738
Error,46527
Error,18074
Error,46356
Error,40285
Error,41097
Error,42179
Error,19396
Error,25699
Error,48040
Error,20128
Error,49172
Error,44243
Error,44763
Error,42249
Error,19105
Error,27321
Error,57909
Error,27551
Error,46998
Error,42519
Error,42549
Error,42309
Error,19396
Error,26219
Error,57778
Error,28803
Error,46367
Error,43080
Error,50825
Error,43983
Error,19897
Error,26419
Error,56796
Error,26219
Error,46778
Error,52388
Error,42038
Error,48791
Error,21801
Error,27732
Error,67085
Error,40415
Error,51766
Error,57417
Error,47999
Error,42098
Error,21410
Error,27661
Error,55654
Error,24005
Error,50514
Error,42269
Error,40145
Error,39865
Error,18054
Error,24045
Error,47128
Error,17633
Error,56235
Error,44002
Error,42179
Error,40105
Error,18946
Error,24025
Error,46427
Error,18585
Error,45015
Error,39634
Error,39544
Error,45796
Error,18604
Error,24216
Error,46678
Error,17783
Error,45194
Error,40946
Error,40195
Error,39163
Error,18655
Error,27422
Error,46397
Error,17563
Error,47849
Error,42700
Error,42139
Error,41788
Error,20107
Error,25437
Error,45195
Error,17333
Error,64100
Error,48190
Error,55003
Error,40956
Error,21681
Error,27631
Error,66525
Error,37850
Error,45525
Error,42539
Error,48450
Error,55353
Error,22051
Error,28353
Error,68358
Error,40305
Error,47329
Error,44513
Error,52408
Error,44663
Error,20528
Error,27321
Error,64481
Error,38963
Error,47088
Error,44113
Error,51777
Error,43511
Error,19636
Error,26189
Error,57298
Error,25388
Error,51676
Error,46787
Error,57197
Error,45545
Error,21029
Error,27802
Error,65532
Error,38852
Error,48370
Error,52518
Error,44282
Error,42749
Error,19497
Error,25748
Error,57227
Error,26890
Error,46487
Error,43942
Error,42930
Error,41958
Error,18826
Error,30286
Error,54873
Error,23804
Error,49442
Error,45505
Error,54311
Error,44403
Error,20859
Error,27121
Error,62897
Error,35987
Error,56265
Error,51457
Error,43632
Error,42710
Error,19166
Error,27271
Error,56816
Error,28523
Error,47448
Error,50805
Error,42339
Error,48491
Error,21991
Error,27481
Error,66624
Error,38643
Error,56936
Error,44593
Error,50915
Error,43240
Error,20909
Error,26930
Error,64190
Error,38061
Error,46868
Error,53600
Error,43882
Error,41848
Error,19466
Error,25868
Error,75100
Error,46467
Error,45255
Error,60212
Error,51266
Error,49753
Error,23564
Error,31269
Error,82775
Error,52849
Error,52768
Error,47008
Error,47849
Error,46547
Error,19155
Error,26800
Error,65623
Error,37721
Error,47298
Error,43792
Error,43882
Error,41167
Error,19096
Error,25377
Error,67727
Error,48130
Error,48842
Error,52248
Error,42861
Error,50635
Error,19757
Error,25567
Error,67497
Error,39774
Error,45485
Error,42660
Error,41909
Error,41547
Error,19186
Error,25498
Error,65623
Error,37370
Error,46237
Error,43581
Error,40836
Error,42539
Error,25447
Error,25808
Error,65132
Error,36889
Error,44704
Error,42830
Error,42168
Error,41979
Error,18916
Error,25598
Error,65192
Error,38141
Error,55363
Error,43260
Error,42650
Error,49332
Error,19416
Error,25768
Error,66164
Error,38723
Error,45275
Error,51155
Error,42269
Error,48841
Error,21891
Error,27561
Error,81532
Error,55745
Error,47589
Error,43431
Error,42699
Error,42690
Error,18625
Error,25928
Error,74510
Error,46717
Error,52618
Error,44343
Error,41548
Error,43953
Error,20649
Error,36698
Error,43341
Error,16170
Error,48881
Error,47960
Error,45375
Error,54442
Error,22161
Error,27231
Error,49823
Error,19516
Error,50204
Error,42931
Error,51786
Error,42590
Error,19597
Error,27191
Error,49913
Error,17533
Error,48931
Error,43431
Error,44383
Error,42279
Error,18815
Error,26269
Error,53180
Error,21710
Error,48501
Error,43461
Error,42369
Error,42951
Error,19377
Error,25548
Error,49463
Error,18855
Error,47469
Error,42219
Error,41588
Error,41828
Error,19487
Error,25678
Error,48571
Error,50885
Error,44343
Error,36528
Error,43231
Error,15419
Error,25117
Error,136135
Error,77435
Error,50264
Error,57607
Error,46056
Error,44624
Error,44884
Error,20168
Error,27451
Error,49021
Error,18976
Error,47800
Error,42930
Error,43642
Error,42279
Error,20458
Error,26520
Error,50665
Error,18364
Error,49964
Error,44834
Error,41657
Error,41277
Error,26740
Error,26139
Error,48831
Error,19256
Error,56255
Error,43341
Error,41778
Error,41928
Error,19176
Error,25488
Error,49784
Error,19697
Error,47829
Error,42389
Error,41096
Error,51566
Error,19657
Error,26189
Error,58329
Error,24446
Error,47169
Error,51616
Error,48671
Error,46577
Error,21440
Error,26820
Error,58650
Error,27762
Error,47488
Error,43792
Error,44503
Error,51977
Error,21310
Error,25798
Error,48951
Error,15880
Error,47719
Error,53179
Error,42720
Error,49082
Error,19827
Error,25448
Error,49142
Error,19677
Error,55464
Error,45776
Error,45104
Error,49763
Error,22021
Error,27271
Error,57187
Error,24947
Error,48079
Error,42811
Error,42680
Error,42129
Error,20618
Error,26669
Error,48551
Error,15699
Error,49532
Error,43993
Error,42229
Error,42319
Error,18996
Error,28954
Error,42169
Error,12273
Error,50254
Error,53510
Error,46356
Error,44203
Error,20268
Error,27231
Error,47909
Error,17193
Error,58259
Error,43882
Error,41257
Error,41187
Error,19165
Error,25338
Error,49983
Error,18094
Error,47319
Error,42950
Error,54983
Error,49042
Error,21460
Error,27792
Error,49142
Error,15990
Error,50826
Error,44083
Error,44203
Error,44082
Error,20679
Error,27000
Error,49192
Error,19646
Error,48580
Error,44203
Error,42510
Error,42219
Error,20388
Error,25558
Error,48080
Error,19868
Error,56406
Error,49382
Error,45585
Error,44644
Error,20769
Error,27422
Error,53861
Error,20459
Error,49903
Error,52929
Error,49192
Error,42229
Error,19676
Error,25578
Error,57077
Error,25307
Error,47599
Error,42399
Error,44263
Error,41558
Error,19125
Error,25227
Error,55734
Error,24456
Error,52789
Error,45816
Error,44844
Error,44102
Error,20488
Error,25939
Error,51346
Error,18435
Error,47459
Error,51546
Error,42790
Error,43641
Error,20418
Error,26689
Error,51736
Error,18755
Error,56916
Error,44934
Error,50304
Error,42269
Error,22051
Error,28854
Error,49353
Error,19687
Error,50134
Error,46397
Error,43491
Error,43421
Error,20708
Error,26841
Error,55444
Error,23494
Error,48541
Error,54262
Error,46988
Error,50354
Error,19586
Error,28664
Error,49813
Error,18635
Error,56396
Error,42860
Error,41818
Error,49031
Error,21430
Error,27752
Error,57027
Error,24887
Error,50364
Error,43902
Error,43742
Error,41378
Error,18836
Error,25929
Error,57398
Error,24636
Error,48201
Error,44413
Error,43692
Error,42188
Error,20889
Error,26860
Error,48821
Error,17693
Error,48150
Error,42369
Error,41658
Error,41327
Error,22482
Error,27311
Error,49974
Error,17302
Error,50505
Error,46927
Error,44273
Error,53229
Error,19636
Error,25778
Error,48911
Error,18013
Error,57267
Error,43592
Error,44533
Error,43812
Error,20719
Error,27000
Error,60793
Error,26630
Error,49122
Error,42399
Error,49803
Error,42459
Error,19186
Error,28433
Error,49161
Error,16781
Error,49553
Error,44212
Error,44183
Error,43502
Error,20398
Error,26750
Error,58169
Error,24375
Error,48821
Error,43311
Error,41908
Error,40816
Error,19206
Error,26800
Error,51586
Error,18645
Error,48340
Error,42389
Error,42690
Error,49332
Error,20328
Error,25467
Error,50985
Error,19006
Error,47228
Error,42650
Error,41968
Error,42529
Error,19807
Error,25137
Error,49953
Error,19286
Error,47909
Error,42340
Error,41948
Error,41347
Error,18594
Error,25427
Error,48590
Error,20067
Error,46898
Error,41748
Error,41438
Error,40596
Error,19025
Error,26219
Error,48601
Error,16120
Error,50494
Error,46146
Error,43191
Error,42579
Error,20138
Error,25698
Error,56766
Error,24987
Error,46587
Error,42098
Error,42880
Error,51546
Error,21230
Error,26460
Error,49963
Error,19256
Error,48922
Error,52538
Error,42700
Error,41548
Error,19336
Error,30427
Error,48240
Error,18224
Error,49954
Error,45265
Error,57257
Error,46096
Error,22181
Error,28834
Error,65232
Error,29865
Error,50625
Error,41107
Error,51226
Error,44814
Error,18324
Error,25327
Error,50515
Error,21570
Error,48831
Error,43682
Error,41949
Error,50374
Error,19917
Error,28954
Error,49171
Error,18234
Error,50865
Error,45094
Error,55885
Error,43862
Error,20788
Error,32411
Error,84889
Error,51937
Error,56345
Error,43922
Error,51547
Error,48060
Error,20117
Error,27832
Error,51136
Error,20028
Error,50074
Error,44063
Error,41979
Error,50645
Error,20298
Error,28894
Error,48391
Error,18354
Error,50475
Error,46176
Error,44152
Error,43051
Error,20308
Error,25538
Error,48731
Error,16301
Error,47158
Error,41949
Error,42900
Error,42790
Error,20649
Error,26359
Error,47128
Error,17553
Error,49032
Error,43502
Error,42219
Error,57638
Error,19857
Error,29395
Error,41968
Error,12043
Error,50785
Error,45405
Error,47178
Error,43692
Error,20879
Error,26790
Error,50805
Error,17372
Error,60733
Error,43802
Error,42369
Error,41087
Error,19687
Error,27151
Error,47489
Error,17833
Error,49703
Error,44714
Error,42609
Error,41477
Error,19546
Error,34144
Error,44503
Error,16521
Error,50594
Error,45945
Error,44673
Error,44934
Error,27161
Error,28954
Error,57227
Error,24757
Error,49924
Error,49943
Error,46848
Error,41818
Error,20679
Error,26480
Error,57958
Error,25367
Error,49943
Error,43671
Error,43802
Error,41528
Error,19016
Error,25889
Error,48641
Error,18905
Error,58660
Error,50454
Error,60653
Error,50083
Error,23113
Error,29555
Error,58610
Error,19547
Error,53660
Error,57507
Error,48060
Error,49503
Error,20950
Error,26750
Error,48230
Error,18404
Error,56806
Error,44403
Error,42930
Error,48931
Error,20328
Error,25558
Error,59201
Error,16531
Error,56125
Error,43111
Error,49342
Error,41888
Error,19356
Error,25678
Error,49212
Error,18805
Error,47348
Error,42700
Error,42570
Error,41698
Error,19085
Error,26089
Error,50515
Error,18865
Error,48350
Error,51546
Error,43021
Error,48370
Error,19497
Error,25298
Error,49973
Error,19065
Error,51897
Error,45645
Error,53870
Error,43011
Error,20658
Error,26159
Error,50935
Error,17673
Error,47609
Error,43441
Error,42570
Error,41257
Error,20358
Error,27241
Error,49833
Error,18875
Error,47659
Error,43792
Error,43391
Error,52058
Error,19697
Error,25728
Error,52619
Error,18735
Error,49673
Error,43452
Error,45815
Error,44003
Error,20418
Error,27071
Error,53039
Error,24416
Error,48640
Error,43000
Error,52789
Error,42339
Error,19506
Error,26179
Error,50194
Error,19046
Error,49101
Error,45054
Error,42890
Error,42810
Error,19697
Error,25578
Error,50625
Error,19286
Error,68278
Error,46376
Error,43962
Error,43822
Error,19116
Error,26540
Error,49883
Error,17853
Error,49082
Error,43291
Error,42389
Error,41408
Error,19717
Error,25708
Error,52678
Error,19647
Error,48340
Error,43111
Error,43151
Error,41928
Error,19387
Error,25107
Error,46848
Error,19286
Error,47739
Error,51837
Error,45024
Error,43341
Error,19216
Error,25989
Error,52318
Error,24386
Error,47529
Error,42990
Error,42530
Error,41367
Error,19106
Error,25859
Error,50034
Error,16671
Error,47919
Error,43561
Error,54181
Error,44323
Error,19577
Error,25688
Error,49563
Error,17723
Error,48411
Error,50675
Error,43001
Error,46838
Error,20037
Error,25978
Error,56946
Error,26230
Error,57808
Error,44072
Error,42831
Error,50765
Error,21130
Error,25738
Error,49002
Error,16241
Error,48510
Error,42609
Error,41878
Error,50705
Error,21550
Error,27492
Error,51596
Error,19867
Error,47920
Error,51306
Error,49904
Error,42970
Error,22933
Error,28032
Error,58319
Error,25107
Error,50855
Error,44864
Error,42419
Error,42289
Error,19567
Error,25447
Error,49392
Error,19096
Error,47279
Error,42720
Error,51607
Error,43451
Error,21039
Error,27351
Error,52919
Error,21780
Error,48290
Error,42169
Error,42379
Error,41647
Error,22963
Error,27701
Error,48350
Error,19105
Error,49592
Error,53880
Error,42600
Error,42409
Error,20258
Error,27612
Error,56015
Error,24726
Error,48460
Error,42990
Error,49682
Error,42039
Error,20899
Error,27041
Error,49974
Error,21591
Error,48711
Error,43772
Error,50114
Error,42068
Error,19286
Error,27471
Error,48260
Error,17843
Error,48711
Error,42810
Error,51286
Error,42720
Error,19777
Error,25528
Error,48551
Error,19086
Error,55604
Error,42419
Error,41478
Error,41919
Error,19726
Error,25628
Error,48310
Error,17563
Error,46907
Error,42719
Error,54332
Error,50043
Error,19296
Error,28994
Error,49272
Error,18404
Error,50344
Error,44884
Error,44112
Error,43131
Error,20609
Error,26921
Error,48871
Error,18755
Error,48731
Error,51797
Error,43301
Error,41518
Error,19837
Error,26810
Error,47970
Error,16812
Error,48611
Error,44032
Error,42149
Error,49943
Error,19707
Error,25538
Error,49653
Error,16120
Error,48430
Error,42830
Error,52628
Error,43241
Error,19126
Error,25678
Error,49212
Error,18765
Error,48210
Error,42209
Error,41438
Error,41287
Error,19296
Error,25618
Error,56286
Error,25367
Error,47399
Error,42620
Error,51115
Error,42880
Error,20148
Error,25397
Error,65883
Error,25157
Error,48421
Error,42920
Error,41888
Error,41207
Error,19256
Error,25758
Error,47719
Error,15790
Error,47739
Error,41758
Error,41638
Error,86843
Error,20428
Error,25528
Error,49332
Error,18936
Error,47759
Error,41838
Error,41037
Error,41878
Error,19045
Error,25598
Error,47759
Error,28874
Error,49192
Error,42840
Error,52007
Error,42530
Error,19697
Error,26229
Error,48961
Error,18184
Error,48801
Error,42369
Error,50685
Error,42489
Error,19346
Error,26500
Error,50524
Error,19516
Error,47048
Error,41959
Error,51336
Error,42239
Error,19115
Error,25558
Error,52147
Error,19467
Error,51626
Error,46076
Error,44343
Error,42690
Error,19857
Error,26820
Error,49482
Error,18174
Error,49032
Error,44022
Error,51656
Error,42009
Error,19617
Error,26881
Error,50555
Error,16982
Error,49032
Error,44463
Error,43591
Error,43171
Error,19276
Error,25668
Error,48620
Error,19537
Error,47538
Error,46958
Error,42971
Error,41397
Error,19767
Error,25749
Error,49572
Error,16901
Error,48751
Error,41959
Error,45365
Error,51596
Error,20207
Error,25938
Error,49803
Error,18965
Error,48401
Error,43381
Error,47519
Error,42499
Error,19477
Error,25898
Error,52268
Error,18915
Error,48931
Error,45956
Error,41939
Error,41308
Error,19507
Error,25728
Error,50785
Error,19837
Error,48430
Error,43571
Error,56054
Error,49944
Error,19797
Error,25618
Error,49723
Error,18515
Error,48280
Error,43140
Error,51246
Error,42229
Error,19146
Error,26058
Error,51746
Error,18645
Error,47709
Error,51356
Error,47338
Error,42730
Error,19336
Error,26270
Error,57006
Error,26390
Error,57597
Error,44263
Error,41718
Error,40956
Error,19447
Error,25969
Error,57468
Error,24736
Error,46176
Error,42449
Error,50715
Error,48651
Error,19957
Error,25779
Error,49653
Error,16872
Error,48120
Error,42008
Error,41598
Error,45495
FindNodeReq,40455
Error,21860
Error,27051
Error,57578
Error,27922
Error,56886
Error,50504
Error,42599
Error,23083
Error,23213
Error,25848
Error,48942
Error,17833
Error,48160
Error,53279
Error,42770
Error,42249
Error,19477
Error,27091
Error,50274
Error,17152
Error,48641
Error,43000
Error,42479
Error,41417
Error,19006
Error,25428
Error,50414
Error,16771
Error,59972
Error,43521
Error,41738
Error,42099
Error,19397
Error,25277
Error,53690
Error,21510
Error,49131
Error,42830
Error,42409
Error,41317
Error,19366
Error,25468
Error,50093
Error,17984
FindNodeReq,41547
FindNodeReq,33883
Error,45004
FindNodeReq,36057
FindNodeReq,32771
Error,43902
Error,43602
Error,43922
Error,20168
Error,25638
Error,65282
Error,40195
Error,45775
Error,42269
Error,49142
Error,49021
Error,23514
Error,29525
Error,67216
Error,39123
Error,51406
Error,42039
Error,41327
Error,44603
Error,20879
Error,25348
Error,45846
Error,17653
Error,46747
Error,41547
Error,51276
Error,41668
Error,19767
Error,24726
Error,46297
Error,16942
Error,48561
Error,43231
Error,41458
Error,49854
Error,23273
Error,28203
Error,51105
Error,17342
Error,50474
Error,44624
Error,43842
Error,43712
Error,20108
Error,26039
Error,48250
Error,19115
Error,48531
Error,42760
Error,43532
Error,43992
Error,21481
Error,26439
Error,50164
Error,17142
Error,46988
Error,42610
Error,41929
Error,42539
Error,19246
Error,26169
Error,61926
Error,19076
Error,49101
Error,43101
Error,51716
Error,49222
Error,19606
Error,25468
Error,50895
Error,17272
Error,47729
Error,42239
Error,42549
Error,41608
Error,19256
Error,25608
Error,49423
Error,16831
Error,56726
Error,43291
Error,42109
Error,42118
Error,19546
Error,25859
Error,48611
Error,19697
Error,47629
Error,47088
Error,45826
Error,44433
Error,20979
Error,27402
Error,56446
Error,24055
Error,49192
Error,43752
Error,43752
Error,43151
Error,20197
Error,26189
Error,43862
Error,17933
Error,48400
Error,42168
Error,55714
Error,44734
Error,21300
Error,27341
Error,60864
Error,34785
Error,58329
Error,43772
Error,42028
Error,45595
Error,19716
Error,28092
Error,68197
Error,41127
Error,64170
Error,45174
Error,45254
Error,47428
Error,22673
Error,27952
Error,63710
Error,26550
Error,49893
Error,39794
Error,40186
Error,39343
Error,19677
Error,24676
Error,22602
Error,18345
Error,48130
Error,40236
Error,48511
Error,42249
Error,18144
Error,27742
Error,46907
Error,16530
Error,59652
Error,46477
Error,45284
Error,42920
Error,21070
Error,25748
Error,62356
Error,36458
Error,46588
Error,43341
Error,41969
Error,43110
Error,20368
Error,26710
Error,59491
Error,33252
Error,48511
Error,44584
Error,44233
Error,52498
Error,21380
Error,27682
Error,52438
Error,20939
Error,56586
Error,48791
Error,47759
Error,62397
Error,24846
Error,30367
Error,54752
Error,23384
Error,50815
Error,46117
Error,45866
Error,52788
Error,24486
Error,30457
Error,60183
Error,30538
Error,52498
Error,45846
Error,54903
Error,45946
Error,22171
Error,29876
Error,55474
Error,24666
Error,50535
Error,51566
Error,48511
Error,48040
Error,24055
Error,30958
Error,62116
Error,30838
Error,52027
Error,46708
Error,46697
Error,54131
Error,23454
Error,30587
Error,55484
Error,29605
Error,50564
Error,46757
Error,46908
Error,45475
Error,23473
Error,28794
Error,57317
Error,29034
Error,60093
Error,54181
Error,59892
Error,46266
Error,22442
Error,28844
Error,71524
Error,44293
Error,48380
Error,45575
Error,45285
Error,44994
Error,22001
Error,28904
Error,52989
Error,26750
Error,50194
Error,45275
Error,44193
Error,44002
Error,21690
Error,27632
Error,51497
Error,22742
Error,49593
Error,44614
Error,44052
Error,43481
Error,21650
Error,29696
Error,58670
Error,24666
Error,57467
Error,50615
Error,50153
Error,50194
Error,23734
Error,30948
Error,65613
Error,30678
Error,53039
Error,49082
Error,69510
Error,50073
Error,22963
Error,28573
Error,51016
Error,22572
Error,58981
Error,44894
Error,51696
Error,44423
Error,30757
Error,28473
Error,51746
Error,21821
Error,48401
Error,43391
Error,43631
Error,48521
Error,20608
Error,26179
Error,56265
Error,27501
Error,48671
Error,52538
Error,44002
Error,42780
Error,20638
Error,26470
Error,50775
Error,18023
Error,56646
Error,43421
Error,42840
Error,42790
Error,20067
Error,26820
Error,56015
Error,25298
Error,50004
Error,43100
Error,50504
Error,51245
Error,19977
Error,26139
Error,53180
Error,18765
Error,48650
Error,51166
Error,42379
Error,42870
Error,20157
Error,26419
Error,52668
Error,18835
Error,49222
Error,42670
Error,50855
Error,46878
Error,19397
Error,26259
Error,49273
Error,19607
Error,56546
Error,43271
Error,45305
Error,42380
Error,19917
Error,28253
Error,52017
Error,23093
Error,48852
Error,52458
Error,44163
Error,43130
Error,19096
Error,29265
Error,49332
Error,21149
Error,47268
Error,42329
Error,41949
Error,52117
Error,21691
Error,26670
Error,52358
Error,18965
Error,46687
Error,42429
Error,41879
Error,40787
Error,18966
Error,26971
Error,49312
Error,18564
Error,48040
Error,41958
Error,53500
Error,42339
Error,19206
Error,26069
Error,47629
Error,16411
Error,48280
Error,42539
Error,40976
Error,42038
Error,18926
Error,25637
Error,48290
Error,18905
Error,48420
Error,41237
Error,41508
Error,40656
Error,19507
Error,26079
Error,48190
Error,18094
Error,58800
Error,44123
Error,41688
Error,42199
Error,19176
Error,26029
Error,50114
Error,18054
Error,47488
Error,42369
Error,54171
Error,42249
Error,20018
Error,26149
Error,50234
Error,18644
Error,47609
Error,42620
Error,42339
Error,50535
Error,19727
Error,25297
Error,48581
Error,18665
Error,47739
Error,42159
Error,49542
Error,43641
Error,19016
Error,26289
Error,55765
Error,24005
Error,55834
Error,42730
Error,44293
Error,66825
Error,21230
Error,29105
Error,40025
Error,31689
Error,52418
Error,44373
Error,43501
Error,50344
Error,21850
Error,24947
Error,38492
Error,30748
Error,47038
Error,42550
Error,50654
Error,42329
Error,19266
Error,26109
Error,30337
Error,18324
Error,48090
Error,44593
Error,53921
Error,45225
Error,21260
Error,24145
Error,35236
Error,14047
Error,48040
Error,54863
Error,46627
Error,52138
Error,20168
Error,23233
Error,22893
Error,16470
Error,43542
Error,41969
Error,42930
Error,46487
Error,20859
Error,25137
Error,27762
Error,13004
Error,50615
Error,47659
Error,40586
Error,40365
Error,20338
Error,26420
Error,33142
Error,19937
Error,46948
Error,43021
Error,48841
Error,44533
Error,21440
Error,23354
Error,32180
Error,18334
Error,47028
Error,43542
Error,48701
Error,42340
Error,20078
Error,26449
Error,32140
Error,19287
Error,47719
Error,46537
Error,47699
Error,44593
Error,22041
Error,25568
Error,30547
Error,18594
Error,46416
Error,43721
FindNodeReq,41648
Error,51095
FindNodeReq,32110
FindNodeReq,41417
Error,49111
FindNodeReq,51737
Error,22812
Error,134782
Error,50875
Error,64831
Error,48180
Error,46256
Error,45575
Error,41969
Error,20549
Error,23674
Error,17032
Error,16201
Error,43742
Error,41558
Error,50675
Error,50916
Error,20107
Error,23815
Error,17643
Error,15970
Error,42279
Error,41889
Error,49483
Error,49894
Error,20218
Error,21350
Error,18013
Error,14577
Error,42680
Error,54192
Error,43582
Error,53170
Error,21029
Error,24366
Error,14658
Error,16772
Error,43952
Error,42319
Error,59642
Error,42499
Error,19396
Error,23293
Error,17342
Error,15649
Error,43001
Error,41858
Error,46647
Error,41608
Error,17563
Error,21830
Error,20729
Error,14507
Error,45465
Error,44804
Error,43481
Error,53821
Error,20719
Error,23584
Error,15559
Error,16892
Error,43862
Error,42780
Error,46687
Error,40055
Error,24055
Error,24095
Error,40175
Error,21581
Error,46527
Error,43071
Error,41798
Error,41768
Error,18454
Error,22713
Error,32311
Error,17913
Error,45425
Error,48491
Error,44123
Error,57978
Error,26539
Error,26770
Error,20568
Error,16260
Error,45826
Error,48881
Error,40936
Error,46046
Error,19546
Error,22853
Error,14497
Error,15899
Error,43622
Error,41328
Error,41518
Error,50856
Error,18344
Error,23243
Error,17293
Error,14537
Error,41117
Error,40145
Error,46928
Error,47318
Error,20168
Error,23855
Error,30397
Error,16421
Error,46277
Error,51045
Error,42359
Error,46216
Error,19948
Error,23894
Error,17744
Error,14588
Error,43341
Error,40265
Error,47078
Error,46788
Error,21440
Error,24095
Error,17743
Error,16000
Error,42740
Error,41668
Error,40927
Error,57467
Error,18985
Error,21651
Error,20408
Error,25508
Error,45916
Error,41728
Error,41818
Error,41267
Error,19667
Error,22722
Error,14127
Error,15819
Error,43121
Error,46367
Error,47158
Error,45946
Error,19867
Error,22933
Error,14978
Error,15519
Error,44243
Error,42038
Error,40886
Error,49653
Error,18845
Error,21600
Error,17563
Error,14898
Error,42249
Error,45505
Error,42549
Error,50194
Error,20568
Error,22963
Error,14176
Error,15308
Error,42990
Error,52578
Error,42309
Error,40726
Error,19006
Error,23043
Error,17062
Error,14397
Error,42640
Error,50264
Error,42810
Error,40766
Error,19356
Error,22121
Error,19998
Error,15339
Error,53269
Error,43592
Error,47078
Error,45194
Error,20268
Error,24015
Error,17252
Error,16451
Error,44292
Error,42930
Error,43201
Error,55644
Error,22622
Error,26129
Error,37079
Error,13485
Error,43502
Error,40966
Error,40756
Error,40276
Error,17883
Error,22472
Error,16711
Error,14467
Error,42199
Error,40285
Error,40215
Error,39955
Error,18725
Error,24406
Error,14748
Error,15339
Error,44603
Error,42039
Error,40726
Error,40435
Error,19446
Error,22693
Error,22612
Error,15920
Error,43231
Error,49011
Error,40847
FindNodeReq,44513
Error,41608
Error,19286
Error,23163
Error,17252
Error,15749
Error,43521
Error,41217
Error,41798
Error,39804
Error,17603
Error,21290
Error,16832
Error,14107
Error,45715
Error,42981
Error,43081
Error,51716
Error,20688
Error,24226
Error,14557
Error,15969
Error,43841
Error,41337
Error,41879
Error,41648
Error,19516
Error,22903
Error,16682
Error,15569
Error,43321
Error,52538
Error,42590
Error,40175
Error,19918
Error,21530
Error,16310
Error,14176
Error,50625
Error,41408
Error,53260
Error,43852
Error,20769
Error,23674
Error,33402
Error,18554
Error,44583
Error,42009
Error,40035
Error,40806
Error,18996
Error,22963
Error,18634
Error,17743
Error,42630
Error,41698
Error,50434
Error,42700
Error,19656
Error,22452
Error,29896
Error,11501
Error,42118
Error,41888
Error,50144
Error,42519
Error,22392
Error,25237
Error,31630
Error,17523
Error,56225
Error,45876
Error,45685
Error,50875
Error,20177
Error,23494
Error,31549
Error,18204
Error,53530
Error,45144
Error,41948
Error,42239
Error,20058
Error,24355
Error,31229
Error,17322
Error,45866
Error,53099
Error,41608
Error,44884
Error,21230
Error,24596
Error,19166
Error,17542
Error,45354
Error,84749
Error,60023
Error,47749
Error,22442
Error,23284
Error,20849
Error,17011
Error,43972
Error,41056
Error,48381
Error,45916
Error,19797
Error,22983
Error,23033
Error,15649
Error,43411
Error,48871
Error,42089
Error,39635
Error,17854
Error,21600
Error,16861
Error,14467
Error,50996
Error,43091
Error,51416
Error,44773
Error,20138
Error,23715
Error,17512
Error,16270
Error,52318
Error,42560
Error,41938
Error,48451
Error,19847
Error,23374
Error,16861
Error,15749
Error,43110
Error,41047
Error,40936
Error,40766
Error,19757
Error,21380
Error,17302
Error,14558
Error,41558
Error,40807
Error,44443
Error,41527
Error,19256
Error,22833
Error,27943
Error,10269
Error,42920
Error,41658
Error,48621
Error,41317
Error,18254
Error,21210
Error,17403
Error,17954
Error,41238
Error,40926
Error,60413
Error,42168
Error,19406
Error,23353
Error,15749
Error,14628
Error,41447
Error,39844
Error,44954
Error,42219
Error,21511
Error,24796
Error,32731
Error,17763
Error,60453
Error,52678
Error,45184
Error,49683
Error,20949
Error,22783
Error,28934
Error,10831
Error,47669
Error,53580
Error,57146
Error,42239
Error,19446
Error,23173
Error,31119
Error,18364
Error,45004
Error,42149
Error,59762
Error,46477
Error,25348
Error,27261
Error,50405
Error,28102
Error,49682
FindNodeRsp,23864
Error,50685
Error,51336
Error,40726
Error,19687
Error,23684
Error,15799
Error,15499
FindNodeReq,38893
Error,42019
Error,41578
Error,42299
Error,41848
Error,18495
Error,22281
Error,16010
Error,14096
Error,49543
Error,42329
Error,41187
Error,48851
Error,19116
Error,22903
Error,15789
Error,15870
Error,43261
Error,41508
Error,53550
Error,42720
Error,19386
Error,23364
Error,16301
Error,15770
Error,50284
Error,41207
Error,39263
FindNodeReq,40606
Error,46878
Error,18364
Error,21811
Error,15569
Error,14948
Error,47900
Error,43342
Error,42770
Error,42259
Error,20238
Error,23644
Error,18495
Error,15319
Error,44784
Error,41938
Error,43571
Error,40386
Error,19666
Error,22933
Error,15459
Error,15499
Error,42960
Error,40967
Error,40736
Error,39364
Error,18324
Error,21521
Error,24546
Error,16100
Error,45776
Error,42579
Error,45726
Error,41438
Error,19015
Error,23184
Error,14527
Error,15819
Error,46276
Error,44203
Error,43602
Error,43521
Error,20268
Error,24466
Error,27502
Error,10509
Error,45956
Error,43501
Error,44363
Error,42099
Error,18625
Error,39474
Error,18986
Error,16331
Error,46296
Error,44283
Error,60743
Error,50464
Error,20829
Error,24165
Error,29035
Error,10960
Error,46006
Error,53730
Error,51687
Error,42059
Error,20689
Error,26449
Error,28443
Error,16581
Error,49212
Error,49252
Error,40797
Error,53450
Error,21290
Error,26720
Error,15770
Error,15629
Error,43531
Error,42249
Error,57388
Error,42750
Error,19626
Error,23233
Error,16020
Error,15740
Error,44273
Error,40616
Error,41287
Error,40816
Error,19377
Error,22893
Error,17673
Error,15559
Error,44353
Error,40916
Error,39584
Error,39483
Error,18414
Error,24035
Error,14998
Error,15449
Error,51366
Error,41518
Error,45274
Error,48040
Error,19848
Error,22953
Error,20007
Error,17102
Error,65011
Error,51537
Error,52659
Error,51136
Error,20708
Error,25648
Error,48531
Error,27020
Error,45205
Error,56886
Error,41467
Error,40236
Error,22493
Error,25377
Error,67586
Error,45645
Error,53259
Error,44223
Error,48190
Error,49172
Error,21621
Error,29876
Error,55674
Error,35787
Error,46457
Error,43081
Error,44974
Error,43932
Error,21771
Error,26850
Error,50054
Error,26740
Error,47479
Error,42410
Error,42610
Error,47940
Error,22202
Error,27612
Error,47609
Error,23374
Error,57678
Error,44624
Error,49542
Error,44423
Error,20819
Error,26079
Error,50234
Error,25708
Error,54593
Error,45034
Error,44283
Error,51666
Error,21631
Error,27271
Error,49883
Error,26981
Error,46417
Error,52549
Error,43741
Error,49603
Error,22282
Error,27491
Error,51275
Error,27532
Error,57628
Error,54472
Error,46557
Error,43571
Error,19757
Error,26048
Error,51196
Error,27852
Error,46127
Error,53670
Error,48090
Error,43571
Error,22362
Error,27933
Error,33783
Error,15329
Error,47349
Error,46287
Error,55654
Error,44904
Error,21751
Error,27762
Error,50324
Error,19957
Error,49052
Error,45886
Error,44093
Error,42950
Error,19947
Error,26490
Error,34275
Error,15189
Error,56916
Error,52708
Error,44744
Error,44073
Error,21470
Error,25858
Error,35156
Error,15459
Error,46517
Error,50364
Error,46768
Error,43301
Error,21470
Error,27872
Error,31038
Error,16941
Error,47750
Error,52678
Error,44564
Error,51086
Error,21580
Error,27351
Error,35536
Error,16641
Error,47599
Error,49873
Error,47699
Error,48110
Error,21279
Error,28864
Error,48200
Error,12133
Error,52939
Error,53570
Error,48039
Error,48520
Error,20358
Error,26890
Error,33633
Error,16852
Error,46747
Error,44203
Error,42580
Error,44343
Error,20248
Error,26970
Error,41959
Error,18104
Error,46236
Error,43261
Error,55764
Error,42049
Error,18755
Error,26059
Error,38752
Error,15209
Error,50996
Error,44854
Error,44984
Error,45946
Error,21220
Error,27631
Error,34494
Error,17202
Error,57046
Error,43992
Error,42649
Error,42880
Error,20288
Error,26670
Error,48961
Error,18455
Error,47298
Error,43872
Error,42510
Error,41608
Error,18926
Error,25738
Error,33743
Error,16461
Error,47159
Error,42950
Error,42680
Error,45074
Error,20528
Error,26559
Error,42529
Error,9718
Error,47298
Error,42520
Error,42068
Error,41748
Error,19196
Error,26519
Error,34815
Error,16460
Error,46116
Error,43501
Error,41648
Error,52008
Error,19487
Error,28654
Error,57036
Error,109444
Error,67406
Error,34074
Error,44823
Error,53039
Error,40205
Error,59461
UpdateRouteReq,22021
Error,41267
UpdateRouteReq,14247
Error,50024
Error,21481
Error,26670
Error,31318
Error,18214
UpdateRouteReq,75782
UpdateRouteReq,20038
Error,56966
UpdateRouteReq,27862
UpdateRouteReq,21260
Error,58379
Error,45304
Error,48270
Error,19326
Error,25558
Error,33603
Error,14948
Error,46187
Error,53209
Error,43101
Error,48311
Error,21470
Error,27712
Error,50735
Error,17884
Error,48350
Error,44493
Error,45014
Error,41698
Error,19706
Error,25557
Error,36428
Error,15118
Error,55934
Error,45716
Error,43721
Error,50294
Error,21130
Error,26810
Error,40776
Error,13665
Error,54993
Error,42830
Error,50334
Error,45194
Error,21440
Error,27431
Error,48230
Error,16601
Error,49773
Error,44293
Error,44463
Error,51816
Error,21941
Error,24956
Error,35817
Error,15048
Error,47488
Error,44403
Error,42239
Error,42679
Error,23153
Error,27291
Error,47729
Error,16882
Error,47799
Error,46296
Error,44292
Error,44092
Error,21260
Error,28083
Error,44533
Error,21891
Error,50234
Error,44914
Error,44223
Error,52638
Error,19546
Error,26290
Error,44033
Error,19987
Error,48160
Error,43140
Error,55534
Error,44102
Error,19426
Error,26199
Error,46607
Error,19597
Error,56656
Error,69651
Error,47128
Error,46096
Error,22141
Error,28724
Error,45014
Error,20208
Error,48601
Error,45154
Error,51065
Error,49372
Error,22011
Error,27611
Error,46737
Error,21541
Error,49413
Error,53730
Error,42900
Error,43331
Error,19176
Error,26951
Error,54853
Error,23584
Error,66123
Error,45245
Error,43872
Error,51586
Error,21711
Error,27231
Error,46146
Error,16931
Error,48200
Error,51827
Error,43010
Error,42981
Error,21460
Error,27682
Error,46356
Error,20669
Error,58559
Error,44393
Error,43641
Error,50595
Error,19506
Error,26250
Error,55324
Error,23964
Error,55063
Error,46146
Error,44704
Error,52548
Error,21240
Error,28123
Error,46588
Error,17092
Error,48811
Error,42299
Error,43802
Error,41948
Error,20268
Error,27371
Error,45676
Error,20438
Error,49322
Error,44513
Error,43341
Error,43321
Error,19206
Error,26400
Error,46477
Error,21260
Error,49523
Error,49022
Error,45224
Error,54842
Error,22372
Error,28303
Error,45485
Error,21109
Error,47750
Error,45425
Error,42389
Error,50995
Error,21390
Error,27341
Error,45515
Error,20719
Error,49092
Error,55013
Error,44934
Error,43291
Error,18755
Error,26019
Error,44914
Error,20498
Error,56786
Error,48471
Error,44073
Error,44613
Error,22252
Error,28393
Error,52699
Error,20619
Error,47078
Error,45165
Error,51186
Error,42309
Error,21380
Error,27381
Error,44914
Error,19867
Error,48260
Error,52438
Error,43591
Error,48441
Error,19717
Error,25948
Error,44763
Error,19146
Error,59812
Error,43561
Error,53040
Error,44352
Error,20749
Error,27492
Error,42729
Error,11040
Error,61375
Error,56054
Error,44242
Error,41688
Error,20568
Error,27642
Error,43992
Error,19136
Error,48932
Error,44152
Error,43301
Error,41828
Error,19477
Error,25958
Error,53941
Error,23213
Error,51977
Error,44704
Error,44343
Error,53310
Error,21420
Error,26339
Error,45515
Error,20869
Error,48792
Error,41928
Error,42359
Error,43371
Error,20358
Error,27902
Error,52849
Error,23334
Error,47920
Error,42550
Error,42960
Error,42840
Error,18955
Error,26650
Error,44944
Error,31569
Error,48942
Error,43310
Error,43261
Error,42810
Error,20318
FindNodeReq,45214
Error,52548
FindNodeReq,121527
Error,78467
Error,48320
FindNodeReq,36708
Error,41929
FindNodeReq,32881
Error,43542
Error,44243
Error,41668
Error,27131
Error,29645
Error,57958
Error,26309
Error,52788
Error,46286
Error,53209
Error,64160
Error,20849
Error,26179
Error,42469
Error,16211
Error,48100
Error,41648
Error,42108
Error,41017
Error,20017
Error,25097
Error,43552
Error,20679
Error,45715
Error,41447
Error,39614
Error,40486
Error,20077
Error,25828
Error,43792
Error,20118
Error,45965
Error,41187
Error,40235
Error,45816
Error,20939
Error,26249
Error,42379
Error,18956
Error,60122
Error,48430
Error,44684
Error,52327
Error,21790
Error,28233
Error,44944
Error,21390
Error,49592
Error,44423
Error,53670
Error,42850
Error,20568
Error,27502
Error,45405
Error,20078
Error,48290
Error,43361
Error,41337
Error,48611
Error,20828
Error,28183
Error,43341
Error,19787
Error,60033
Error,45846
Error,44092
Error,42329
Error,19256
Error,26179
Error,49392
Error,24216
Error,48080
Error,43702
Error,42550
Error,42109
Error,20228
Error,27512
Error,45996
Error,20338
Error,63749
Error,43391
Error,48310
Error,45254
Error,21691
Error,27752
Error,51226
Error,20629
Error,50645
Error,45094
Error,44864
Error,44583
Error,21009
Error,25858
Error,44383
Error,20198
Error,47178
Error,42970
Error,41317
Error,42119
Error,20899
Error,25648
Error,46106
Error,19326
Error,48070
Error,42409
Error,57668
Error,46597
Error,21630
Error,28483
Error,45445
Error,14216
Error,49262
Error,45265
Error,44533
Error,43631
Error,20348
Error,27111
Error,43922
Error,19927
Error,49122
Error,43862
Error,41377
Error,42159
Error,19075
Error,25347
Error,45505
Error,19376
Error,48440
Error,47990
Error,46056
Error,44373
Error,21661
Error,28323
Error,46056
Error,14096
Error,59330
Error,45235
Error,47128
Error,57127
Error,22241
Error,30527
Error,51637
Error,22302
Error,53760
Error,48371
Error,48140
Error,48551
Error,21801
Error,29485
Error,54542
Error,24345
Error,51456
Error,44433
Error,44303
Error,43882
Error,20990
Error,28143
Error,45305
Error,14336
Error,51366
Error,45055
Error,43051
Error,41839
Error,18514
Error,25708
Error,45024
Error,18956
Error,47809
Error,43691
Error,42820
Error,41448
Error,18525
Error,25387
Error,46127
Error,19457
Error,51636
Error,45735
Error,53369
Error,44133
Error,20749
Error,25989
Error,44824
Error,19106
Error,56345
Error,43071
Error,41267
Error,43311
Error,20949
Error,26529
Error,44814
Error,18966
Error,48851
Error,43081
Error,42450
Error,41347
Error,19176
Error,26560
Error,45094
Error,30376
Error,53049
Error,44453
Error,52548
Error,43582
Error,20568
Error,27562
Error,45555
Error,20969
Error,49442
Error,53030
Error,49101
Error,43872
Error,19686
Error,27171
Error,44403
Error,19617
Error,48781
Error,43912
Error,41247
Error,50254
Error,20108
Error,27241
Error,52458
Error,20859
Error,48992
Error,43711
Error,52187
Error,43351
Error,20248
Error,25508
Error,43662
Error,19266
Error,47058
Error,42409
Error,41998
Error,42420
Error,20408
Error,26670
Error,42850
Error,17833
Error,49763
Error,44003
Error,41858
Error,53500
Error,19236
Error,26400
Error,44143
Error,19416
Error,47439
Error,52679
Error,49894
Error,43963
Error,20208
Error,26870
Error,44473
Error,19286
Error,48260
Error,42409
Error,52188
Error,42249
Error,20469
Error,27151
Error,44253
Error,19195
Error,48401
Error,50334
Error,43261
Error,42159
Error,23033
Error,27591
Error,44153
Error,19577
Error,79549
Error,56926
Error,45846
Error,45084
Error,21109
Error,27912
Error,44403
Error,19697
Error,50454
Error,43992
Error,43061
Error,50575
Error,19546
Error,26059
Error,44924
Error,20278
Error,47228
Error,42148
Error,41257
Error,59471
Error,20709
Error,27612
Error,43211
Error,19376
Error,49222
Error,43642
Error,43772
Error,41227
Error,20077
Error,26039
Error,44093
Error,19456
Error,47879
Error,42129
Error,42178
Error,42179
Error,20519
Error,27432
Error,44443
Error,19707
Error,46947
Error,41648
Error,51396
Error,47879
Error,21380
Error,28043
Error,43381
Error,14266
Error,50425
Error,44203
Error,45845
Error,44293
Error,21140
Error,27372
Error,45766
Error,20188
Error,49222
Error,43432
Error,41297
Error,41367
Error,19948
Error,26009
Error,44623
Error,18965
Error,47158
Error,41427
Error,51617
Error,48681
Error,22272
Error,27822
Error,43802
Error,19616
Error,50545
Error,44583
Error,53159
Error,42550
Error,18615
Error,25868
Error,46637
Error,21931
Error,47519
Error,43211
Error,43051
Error,51577
Error,23905
Error,25518
Error,161352
Error,167153
Error,52499
Error,43702
Error,48271
Error,44974
Error,21430
Error,27892
Error,45275
Error,18485
Error,50915
Error,44724
Error,45064
Error,54151
Error,21170
Error,25708
Error,44904
Error,20228
Error,47409
Error,41648
Error,41427
Error,42349
Error,20589
Error,26470
Error,46527
Error,18735
Error,48230
Error,40616
Error,48381
Error,44583
Error,21280
Error,28102
Error,43832
Error,19256
Error,49422
Error,44152
Error,41968
Error,42089
Error,18896
Error,27341
Error,46076
Error,19928
Error,48921
Error,43291
Error,43402
Error,42450
Error,20789
Error,25759
Error,44924
Error,19196
Error,47178
Error,60292
Error,71274
Error,64260
Error,29846
Error,35657
Error,73978
Error,54512
Error,67666
Error,65252
Error,65683
Error,66053
Error,27943
Error,34244
Error,89378
Error,70322
Error,67316
Error,67907
Error,70633
Error,70041
Error,30086
Error,44213
Error,94186
Error,74439
Error,71293
Error,72686
Error,72195
Error,71694
Error,31639
Error,36819
Error,93314
Error,75081
Error,72205
Error,72275
Error,71644
Error,70332
Error,33413
Error,41187
Error,94757
Error,75642
Error,72225
Error,88205
Error,74759
Error,73608
Error,32501
Error,38382
Error,95368
Error,82635
Error,78327
Error,67646
Error,71143
Error,34785
Error,38993
Error,47379
Error,104024
Error,93084
Error,76123
Error,72465
Error,80741
Error,71954
Error,32059
Error,38142
Error,96370
Error,79659
Error,71454
Error,73407
Error,76282
Error,76072
Error,40275
Error,39674
Error,82565
Error,69149
Error,75280
Error,75571
Error,79358
Error,72105
Error,32190
Error,37961
Error,94337
Error,77545
Error,74629
Error,74169
Error,84708
Error,73047
Error,31830
Error,38753
Error,79549
Error,60403
Error,76243
Error,75251
Error,76252
Error,74950
Error,34735
Error,40225
Error,95699
Error,77756
Error,74629
Error,73948
Error,72205
Error,71504
Error,32100
Error,38732
Error,93966
Error,76713
Error,72425
Error,72886
Error,77615
Error,76203
Error,33523
Error,40196
Error,94797
Error,81643
Error,76753
Error,75061
Error,71664
Error,70632
Error,32831
Error,38462
Error,94878
Error,76864
Error,74630
Error,74059
Error,74239
Error,73177
Error,30777
Error,36047
Error,109615
Error,77656
Error,75861
Error,72726
Error,71033
Error,74650
Error,33522
Error,38402
Error,95679
Error,77755
Error,74218
Error,72416
Error,73017
Error,72716
Error,31349
Error,37190
Error,96179
Error,79058
Error,72806
Error,72045
Error,67707
Error,70792
Error,31739
Error,37790
Error,80420
Error,65322
Error,65071
Error,65753
Error,65993
Error,60423
Error,28253
Error,33402
Error,54773
Error,39303
Error,64170
Error,59411
Error,65843
Error,60473
Error,28984
Error,33894
Error,68909
Error,50535
Error,61485
Error,86993
Error,63168
Error,59752
Error,30266
Error,35446
Error,54321
Error,36729
Error,62968
Error,60634
Error,64902
Error,68548
Error,26740
Error,38132
Error,60704
Error,42730
Error,61065
Error,58108
Error,63008
Error,59551
Error,28032
Error,32811
Error,69390
Error,51606
Error,77274
Error,63489
Error,62346
Error,90179
Error,31068
Error,34976
Error,71153
Error,52248
Error,68858
Error,62177
Error,48370
Error,45535
Error,23594
Error,27812
Error,18795
Error,19486
Error,51556
Error,48842
Error,48440
Error,47098
Error,23494
Error,25167
Error,19526
Error,28603
Error,55333
Error,60272
Error,57357
Error,49012
Error,25848
Error,26730
Error,18204
Error,18464
Error,53260
Error,44984
Error,43281
Error,43741
Error,22171
Error,26229
Error,17884
Error,17824
Error,46687
Error,43511
Error,43161
Error,42148
Error,20468
Error,25748
Error,17403
Error,16972
Error,56626
Error,44824
Error,43752
Error,42690
Error,21360
Error,25979
Error,15088
Error,18324
Error,45766
Error,44173
Error,51937
Error,43942
Error,21821
Error,25477
Error,17333
Error,19376
Error,52848
Error,43992
Error,42609
Error,43561
Error,21240
Error,23995
Error,16130
Error,16611
Error,44764
Error,41628
Error,71464
Error,66234
Error,28183
Error,34304
Error,50865
Error,39895
Error,53621
Error,45375
Error,43972
Error,41357
Error,20107
Error,24516
Error,17833
Error,18074
Error,44743
Error,44032
Error,41558
Error,43231
Error,20298
Error,25387
Error,16992
Error,16170
Error,43381
Error,41207
Error,41257
Error,42059
Error,23754
Error,25869
Error,16191
Error,18876
Error,54272
Error,46286
Error,44643
Error,54892
Error,23244
Error,25868
Error,17673
Error,17453
Error,44553
Error,54402
Error,45304
Error,45545
Error,22231
Error,26219
Error,35296
Error,19947
Error,49172
Error,45515
Error,42970
Error,41998
Error,20769
Error,25267
Error,51817
Error,35236
Error,47919
Error,44563
Error,43962
Error,44764
Error,22161
Error,42860
Error,67196
Error,31950
Error,58239
Error,51696
Error,51075
Error,45405
Error,22582
Error,29715
Error,59361
Error,27662
Error,48280
Error,43842
Error,51536
Error,43842
Error,20698
Error,27441
Error,49543
Error,22683
Error,54922
Error,46076
Error,52478
Error,45145
Error,20749
Error,27562
Error,46988
Error,22852
Error,49432
Error,53400
Error,42941
Error,41789
Error,19797
Error,27231
Error,47879
Error,22482
Error,48430
Error,43321
Error,51236
Error,43070
Error,20098
Error,26890
Error,55864
Error,24696
Error,47719
Error,42690
Error,42490
Error,54192
Error,20418
Error,26219
Error,46306
Error,21380
Error,48200
Error,43751
Error,52388
Error,49983
Error,20017
Error,26770
Error,47008
Error,21400
Error,47589
Error,43331
Error,41888
Error,41838
Error,20349
Error,26770
Error,64150
Error,27532
Error,53470
Error,60272
Error,48971
Error,72636
Error,25087
Error,31730
Error,53810
Error,23434
Error,57738
Error,51977
Error,51636
Error,44172
Error,19907
Error,25908
Error,54512
Error,24446
Error,47149
Error,42580
Error,43711
Error,42890
Error,20508
Error,27361
Error,47469
Error,23013
Error,49803
Error,43642
Error,42169
Error,41247
Error,19537
Error,37330
Error,47168
Error,20759
Error,48250
Error,42900
Error,43301
Error,51015
Error,19907
Error,26669
Error,46106
Error,20277
Error,47749
Error,51857
Error,49632
Error,44043
Error,20037
Error,26289
Error,47369
Error,20669
Error,47749
Error,42569
Error,42149
Error,42409
Error,19066
Error,26419
Error,47159
Error,19316
Error,47339
Error,49091
Error,53861
Error,44163
Error,20538
Error,27582
Error,31358
Error,21239
Error,48781
Error,44604
Error,42790
Error,41297
Error,20699
Error,27150
Error,46016
Error,20268
Error,48651
Error,44142
Error,41437
Error,42089
Error,18876
Error,25978
Error,47639
Error,19687
Error,47980
Error,43511
Error,42329
Error,48992
Error,20579
Error,27220
Error,46127
Error,20308
Error,58920
Error,45144
Error,43381
Error,49552
Error,20348
Error,27341
Error,54382
Error,23333
Error,47349
Error,43992
Error,41998
Error,41287
Error,19627
Error,26450
Error,55143
Error,24616
Error,47008
Error,42730
Error,42269
Error,42470
Error,19446
Error,35938
Error,47419
Error,21240
Error,48961
Error,43492
Error,41338
Error,51746
Error,19737
Error,25848
Error,46667
Error,20789
Error,47599
Error,51216
Error,48350
Error,42740
Error,19236
Error,26199
Error,46798
Error,19737
Error,47519
Error,41888
Error,41828
Error,51326
Error,20488
Error,26489
Error,46878
Error,20238
Error,47779
Error,55935
Error,53670
Error,43912
Error,21059
Error,27913
Error,53030
Error,25938
Error,47478
Error,44002
Error,41667
Error,42049
Error,19186
Error,25628
Error,46797
Error,19567
Error,48410
Error,43090
Error,42099
Error,40946
Error,19677
Error,25929
Error,47228
Error,20719
Error,48341
Error,42118
Error,41468
Error,46848
Error,20509
Error,27491
Error,47348
Error,20117
Error,48792
Error,44533
Error,42890
Error,42149
Error,19536
Error,26269
Error,46507
Error,20107
Error,47599
Error,43481
Error,41347
Error,41989
Error,19106
Error,25898
Error,48530
Error,21881
Error,48841
Error,43161
Error,41388
Error,41688
Error,19376
Error,25598
Error,51917
Error,22292
Error,48140
Error,41588
Error,41587
Error,52108
Error,19837
Error,25548
Error,46587
Error,20098
Error,48000
Error,52027
Error,43040
Error,41237
Error,19146
Error,25587
Error,48240
Error,19988
Error,56997
Error,43812
Error,41036
Error,41357
Error,19066
Error,25999
Error,47498
Error,20188
Error,56445
Error,56756
Error,43151
Error,42650
Error,19747
Error,26549
Error,46757
Error,21090
Error,56325
Error,42479
Error,48230
Error,42319
Error,19066
Error,26069
Error,56175
Error,23514
Error,46848
Error,42990
Error,49833
Error,48821
Error,19978
Error,26179
Error,46297
Error,20147
Error,47579
Error,42509
Error,42019
Error,58009
Error,20278
Error,25779
Error,47198
Error,20509
Error,49342
Error,43151
Error,42460
Error,42179
Error,19025
Error,26330
Error,46077
Error,20237
Error,48281
Error,44033
Error,42570
Error,41528
Error,18795
Error,25928
Error,46837
Error,19757
Error,47279
Error,42730
Error,42800
Error,41959
Error,18815
Error,25618
Error,57498
Error,21229
Error,56656
Error,42980
Error,49643
Error,43050
Error,19657
Error,25828
Error,51897
Error,21520
Error,46608
Error,41658
Error,41197
Error,41317
Error,19286
Error,25648
Error,45535
Error,19847
Error,56565
Error,42500
Error,40806
Error,41718
Error,19527
Error,26019
Error,48160
Error,20428
Error,47208
Error,51326
Error,47028
Error,42720
Error,19928
Error,27241
Error,45596
Error,20418
Error,61024
Error,44974
Error,43872
Error,42159
Error,18906
Error,25998
Error,45745
Error,19667
Error,47609
Error,43762
Error,49923
Error,42519
Error,18935
Error,26579
Error,51206
Error,26189
Error,48260
Error,42830
Error,41768
Error,41087
Error,18995
Error,26860
Error,46968
Error,20799
Error,48010
Error,42479
Error,41628
Error,41498
Error,19356
Error,25939
Error,47669
Error,20989
Error,47830
Error,43101
Error,41348
Error,41758
Error,19036
Error,26229
Error,47028
Error,19697
Error,47398
Error,51226
Error,42620
Error,41327
Error,19056
Error,26599
Error,55373
Error,23203
Error,54322
Error,42770
Error,47909
Error,43702
Error,21511
Error,27592
Error,43381
Error,20899
Error,57878
Error,44223
Error,49182
Error,43050
Error,18725
Error,26890
Error,54041
Error,22942
Error,48340
Error,42319
Error,50063
Error,42489
Error,18845
Error,25778
Error,49313
Error,23093
Error,46858
Error,51486
Error,43752
Error,41899
Error,18946
Error,36037
Error,43521
Error,19116
Error,47478
Error,42580
Error,41728
Error,41348
Error,19326
Error,26800
Error,45625
Error,19998
Error,47840
Error,41828
Error,41147
Error,41478
Error,18895
Error,25638
Error,45435
Error,19937
Error,48120
Error,51426
Error,41718
Error,40856
Error,19236
Error,26089
Error,46998
Error,20128
Error,46878
Error,41798
Error,45926
Error,43111
Error,20649
Error,27241
Error,45595
Error,19566
Error,47639
Error,43662
Error,42109
Error,42108
Error,18985
Error,25809
Error,45926
Error,19587
Error,46927
Error,41839
Error,41067
Error,41848
Error,18916
Error,25778
Error,47398
Error,21581
Error,48120
Error,41567
Error,50594
Error,40886
Error,18765
Error,26410
Error,45565
Error,15239
Error,48039
Error,42048
Error,41106
Error,41127
Error,19847
Error,25959
Error,46187
Error,20559
Error,47709
Error,41147
Error,50414
Error,42920
Error,19586
Error,26329
Error,46757
Error,19877
Error,47439
Error,51356
Error,42640
Error,42039
Error,19737
Error,26079
Error,46507
Error,19065
Error,48260
Error,42449
Error,50334
Error,47319
Error,21860
Error,30086
Error,58530
Error,24726
Error,141865
Error,49272
Error,46447
Error,47830
Error,18444
Error,24857
Error,46547
Error,21520
Error,46808
Error,40506
Error,48360
Error,39394
Error,18425
Error,25518
Error,45064
Error,19486
Error,46306
Error,40786
Error,40045
Error,48480
Error,19496
Error,24706
Error,45365
Error,19887
Error,50334
Error,40916
Error,39935
Error,40766
Error,18404
Error,24927
Error,45044
Error,19086
Error,45986
Error,39835
Error,40084
Error,49723
Error,19166
Error,25557
Error,43681
Error,18545
Error,44664
Error,39764
Error,40165
Error,48590
Error,18915
Error,24466
Error,45404
Error,19616
Error,45576
Error,51376
Error,40165
Error,40245
Error,18835
Error,25628
Error,51937
Error,22322
Error,45255
Error,45315
Error,40475
Error,39304
Error,18675
Error,24736
Error,47689
Error,21581
Error,45876
Error,58469
Error,70382
Error,51987
Error,22812
Error,25397
Error,43592
Error,20920
Error,45956
Error,49933
Error,42850
Error,44613
Error,28543
Error,27872
Error,45285
Error,21170
Error,48440
Error,44223
Error,43702
Error,43070
Error,19706
Error,25338
Error,44232
Error,20819
Error,46457
Error,41137
Error,41839
Error,44903
Error,21771
Error,27472
Error,44042
Error,19667
Error,47339
Error,42900
Error,41778
Error,39934
Error,19406
Error,25508
Error,44533
Error,20608
Error,45525
Error,53650
Error,44493
Error,42019
Error,20598
Error,27001
Error,48851
Error,20628
Error,46757
Error,41427
Error,40436
Error,40496
Error,18795
Error,24746
Error,46206
Error,19356
Error,48882
Error,43482
Error,42740
Error,43001
Error,19747
Error,26750
Error,48852
Error,23043
Error,48210
Error,42870
Error,51676
Error,49102
Error,20899
Error,28083
Error,46457
Error,20809
Error,50774
Error,58850
Error,46016
Error,44684
Error,21791
Error,27321
Error,46807
Error,21660
Error,56686
Error,43942
Error,41919
Error,42910
Error,21460
Error,28163
Error,54653
Error,23413
Error,48300
Error,44393
Error,43702
Error,51717
Error,20528
Error,26890
Error,53651
Error,22762
Error,48461
Error,50024
Error,43862
Error,45586
Error,21691
Error,27962
Error,45775
Error,22392
Error,47879
Error,52999
Error,43752
Error,49953
Error,20549
Error,27882
Error,45364
Error,23063
Error,49934
Error,44774
Error,43412
Error,42980
Error,21109
Error,26600
Error,47679
Error,21730
Error,55684
Error,43441
Error,41978
Error,48541
Error,19577
Error,29595
Error,52809
Error,22502
Error,51045
Error,45996
Error,54091
Error,51136
Error,21581
Error,28283
Error,45175
Error,19887
Error,47228
Error,42329
Error,52067
Error,44103
Error,20658
Error,27421
Error,47228
Error,20218
Error,49041
Error,53139
Error,50725
Error,42289
Error,19827
Error,25979
Error,48170
Error,20298
Error,48120
Error,41718
Error,41398
Error,59912
Error,22803
Error,28513
Error,47028
Error,20439
Error,50054
Error,44734
Error,41948
Error,51106
Error,21030
Error,26579
Error,46156
Error,16020
Error,56356
Error,43932
Error,46356
Error,48441
Error,23775
Error,30096
Error,60804
Error,25387
Error,52638
Error,56576
Error,48411
Error,47179
Error,21650
Error,29235
Error,63899
Error,27822
Error,53570
Error,42329
Error,49703
Error,42670
Error,19847
Error,26650
Error,52959
Error,22042
Error,55153
Error,43111
Error,41377
Error,48921
Error,19907
Error,26209
Error,47468
Error,20599
Error,47489
Error,41978
Error,49483
Error,48260
Error,20067
Error,25939
Error,46046
Error,19066
Error,47629
Error,51016
Error,49062
Error,46456
Error,20238
Error,26279
Error,46027
Error,20118
Error,47869
Error,51476
Error,43441
Error,41267
Error,18895
Error,25588
Error,46547
Error,20589
Error,49342
Error,41879
Error,52318
Error,53019
Error,19446
Error,27472
Error,45926
Error,19045
Error,48240
Error,42800
Error,41628
Error,41377
Error,19106
Error,25728
Error,46927
Error,20188
Error,52047
Error,45896
Error,44062
Error,43722
Error,20778
Error,25849
Error,48230
Error,23694
Error,48881
Error,42620
Error,41317
Error,40897
Error,19326
Error,25938
Error,44473
Error,20778
Error,56366
Error,42549
Error,49132
Error,41588
Error,19116
Error,26610
Error,46958
Error,19516
Error,47428
Error,41467
Error,50014
Error,42399
Error,20609
Error,27983
Error,51747
Error,22031
Error,49513
Error,44323
Error,50675
Error,42750
Error,18936
Error,26309
Error,45906
Error,20629
Error,48070
Error,41437
Error,42009
Error,43311
Error,20498
Error,27452
Error,47488
Error,20448
Error,57177
Error,43501
Error,43431
Error,41809
Error,18615
Error,26209
Error,47128
Error,19817
Error,46687
Error,54031
Error,44063
Error,42088
Error,19316
Error,26028
Error,50986
Error,21080
Error,47158
Error,42570
Error,41217
Error,41437
Error,19045
Error,26229
Error,46587
Error,20438
Error,47879
Error,42189
Error,41738
Error,41116
Error,18855
Error,25177
Error,50113
Error,23514
Error,47589
Error,42229
Error,50384
Error,42159
Error,18825
Error,25939
Error,47779
Error,20087
Error,56276
Error,42900
Error,42148
Error,49162
Error,19897
Error,25758
Error,46777
Error,19777
Error,47679
Error,41838
Error,50565
Error,41728
Error,19256
Error,25548
Error,47639
Error,20949
Error,56005
Error,49372
Error,41537
Error,44262
Error,22282
Error,48972
Error,115666
Error,89247
Error,44644
Error,50725
Error,50083
Error,45936
Error,21591
Error,28243
Error,56285
Error,21951
Error,47389
Error,42750
Error,43251
Error,41428
Error,18926
Error,27291
Error,45545
Error,19457
Error,48902
Error,42540
Error,42910
Error,49853
Error,20829
Error,27200
Error,45936
Error,20208
Error,47299
Error,42129
Error,42079
Error,48731
Error,22322
Error,28123
Error,46177
Error,15118
Error,49923
Error,44513
Error,43622
Error,41938
Error,19387
Error,25798
Error,46307
Error,20228
Error,47669
Error,43621
Error,40936
Error,43291
Error,20028
Error,27381
Error,53140
Error,24336
Error,49011
Error,41858
Error,49903
Error,41358
Error,19106
Error,29165
Error,44744
Error,19226
Error,51486
Error,46376
Error,43672
Error,42760
Error,20037
Error,25317
Error,46587
Error,20197
Error,47428
Error,43051
Error,50484
Error,41407
Error,29445
Error,24346
Error,46307
Error,20658
Error,50274
Error,59291
Error,42710
Error,41027
Error,19185
Error,26529
Error,46627
Error,19717
Error,47959
Error,41929
Error,50725
Error,41878
Error,19256
Error,25929
Error,47429
Error,20378
Error,47709
Error,50043
Error,42560
Error,41547
Error,19587
Error,27100
Error,47148
Error,20238
Error,46837
Error,42469
Error,43240
Error,42299
Error,19436
Error,25518
Error,46637
Error,20028
Error,52909
Error,54783
Error,45626
Error,50865
Error,21370
Error,26419
Error,47118
Error,21220
Error,47439
Error,42981
Error,42419
Error,41949
Error,20579
Error,27210
Error,45956
Error,19807
Error,48591
Error,43131
Error,42550
Error,42509
Error,19326
Error,26510
Error,47509
Error,20779
Error,56095
Error,42830
Error,49232
Error,44703
Error,21851
Error,28643
Error,44634
Error,21099
Error,58800
Error,45576
Error,41728
Error,48560
Error,19847
Error,27652
Error,43742
Error,20388
Error,49863
Error,43912
Error,42940
Error,42349
Error,20849
Error,26229
Error,45656
Error,20428
Error,47288
Error,41798
Error,51597
Error,42559
Error,22612
Error,28444
Error,47819
Error,20559
Error,49573
Error,57066
Error,44403
Error,44023
Error,19407
Error,26350
Error,47328
Error,20949
Error,56495
Error,44032
Error,58198
Error,46397
Error,20990
Error,27401
Error,48510
Error,19937
Error,48301
Error,43721
Error,45685
Error,54482
Error,21490
Error,28684
Error,54321
Error,18785
Error,49643
Error,46908
Error,45946
Error,48460
Error,19236
Error,24917
Error,43792
Error,19336
Error,53470
Error,41057
Error,39033
Error,39303
FindNodeRsp,24346
Error,17633
Error,24606
Error,45165
Error,19256
Error,53550
Error,46207
Error,40576
Error,39904
Error,18805
FindNodeReq,60073
Error,24456
Error,46256
Error,18835
Error,53700
Error,48050
Error,43261
Error,42519
Error,19877
Error,26068
Error,40906
Error,22292
Error,53209
Error,42179
Error,42179
Error,39715
Error,19827
Error,26309
Error,43251
Error,19136
Error,46317
Error,50394
Error,41638
Error,39083
Error,19907
Error,24676
Error,45546
Error,19446
Error,46136
Error,49893
Error,40015
Error,46908
Error,20118
Error,27341
Error,44253
Error,19447
Error,55955
Error,42239
Error,42018
Error,40857
Error,18274
Error,25738
Error,43632
Error,19697
Error,45716
Error,42299
Error,49463
Error,40235
Error,20098
Error,26550
Error,43491
Error,22512
Error,47078
Error,40496
Error,40696
Error,40145
Error,18114
Error,34404
Error,42620
Error,19476
Error,46067
Error,48671
Error,41157
Error,49001
Error,18715
Error,24455
Error,46557
Error,20749
Error,48130
Error,43070
Error,41908
Error,41257
Error,19266
Error,26249
Error,54562
Error,23213
Error,47840
Error,48471
Error,43431
Error,41568
Error,19677
Error,26199
Error,47680
Error,20328
Error,48972
Error,49653
Error,45566
Error,45094
Error,20839
Error,26640
Error,48901
Error,19426
Error,48481
Error,42720
Error,42119
Error,41958
Error,21280
Error,27552
Error,47058
Error,20208
Error,58319
Error,43983
Error,50655
Error,42319
Error,19496
Error,26560
Error,47248
Error,19556
Error,47278
Error,52248
Error,41538
Error,46617
Error,22111
Error,27992
Error,53730
Error,23264
Error,49623
Error,43221
Error,43031
Error,51516
Error,20208
Error,26309
Error,46637
Error,20027
Error,48110
Error,51617
Error,42710
Error,43562
Error,20649
Error,27502
Error,53791
Error,23113
Error,56206
Error,44002
Error,41518
Error,49693
Error,30266
Error,26099
Error,47038
Error,20287
Error,48140
Error,52298
Error,43111
Error,42108
Error,19467
Error,27491
Error,54822
Error,23223
Error,47459
Error,42098
Error,42860
Error,42569
Error,19476
Error,26189
Error,43842
Error,21931
Error,50505
Error,64651
Error,55173
Error,44063
Error,24616
Error,26439
Error,62096
Error,31198
Error,48771
Error,42439
Error,42941
Error,41978
Error,19998
Error,27161
Error,57628
Error,25768
Error,48651
Error,51586
Error,44213
Error,42890
Error,19667
Error,30346
Error,69209
Error,34064
Error,53580
Error,47168
Error,47729
Error,46968
Error,23073
Error,29706
Error,64831
Error,28333
Error,52358
Error,52318
Error,49302
Error,44984
Error,19647
Error,26810
Error,56185
Error,23844
Error,48320
Error,42881
Error,49713
Error,48059
Error,20538
Error,26649
Error,53029
Error,19076
Error,48541
Error,52238
Error,42680
Error,41938
Error,19647
Error,26249
Error,51055
Error,19236
Error,47038
Error,42950
Error,52679
Error,47709
Error,22031
Error,28202
Error,61625
Error,29455
Error,49293
Error,53861
Error,44643
Error,44273
Error,21030
Error,28052
Error,52588
Error,20629
Error,48090
Error,43671
Error,41998
Error,42800
Error,21150
Error,28113
Error,51656
Error,18905
Error,49854
Error,53731
Error,43822
Error,42469
Error,20138
Error,26680
Error,63719
Error,21430
Error,49132
Error,42880
Error,50564
Error,43121
Error,19327
Error,27141
Error,56225
Error,24246
Error,48230
Error,42519
Error,50244
Error,42600
Error,20589
Error,27000
Error,51466
Error,19476
Error,47449
Error,43531
Error,51496
Error,43551
Error,20228
Error,26099
Error,52127
Error,19166
Error,48160
Error,54823
Error,47649
Error,46296
Error,21771
Error,28353
Error,56275
Error,25538
Error,49141
Error,51987
Error,44423
Error,49061
Error,19646
Error,27712
Error,50504
Error,21981
Error,48871
Error,44373
Error,43141
Error,51176
Error,19286
Error,25898
Error,50865
Error,17744
Error,47529
Error,52017
Error,43351
Error,42229
Error,19526
Error,26831
Error,50554
Error,16511
Error,56266
Error,42820
Error,41247
Error,41017
Error,19466
Error,26079
Error,49994
Error,16300
Error,47789
Error,42359
Error,41778
Error,41397
Error,19025
Error,25618
Error,51456
Error,17813
Error,48711
Error,51987
Error,42499
FindNodeReq,38372
Error,41548
Error,19236
Error,25998
Error,49953
Error,19236
Error,48310
Error,48481
Error,44723
Error,45024
Error,24656
Error,33272
Error,52087
Error,22071
Error,47789
Error,42179
Error,51576
Error,42609
Error,21019
Error,26770
Error,55293
Error,23714
Error,48892
Error,43551
Error,58740
Error,44262
Error,18795
Error,25748
Error,51897
Error,17823
Error,47228
Error,42409
Error,50925
Error,53871
Error,21981
Error,27301
Error,59731
Error,30307
Error,49542
Error,45435
Error,42881
Error,52227
Error,20017
Error,25988
Error,50454
Error,18614
Error,47328
Error,51215
Error,42219
Error,50664
Error,20919
Error,27071
Error,50965
Error,18604
Error,48090
Error,43681
Error,41487
Error,40826
Error,19186
Error,28944
Error,50705
Error,19877
Error,50765
Error,45064
Error,44894
Error,43612
Error,20969
Error,25938
Error,49602
Error,16311
Error,47719
Error,42600
Error,42679
Error,46887
Error,19155
Error,26981
Error,50515
Error,19507
Error,47839
Error,43711
Error,42810
Error,43161
Error,19466
Error,26139
Error,50284
Error,19086
Error,47619
Error,47328
Error,42730
Error,43802
Error,21380
Error,27852
Error,56245
Error,23624
Error,47639
Error,43161
Error,43531
Error,49833
Error,21360
Error,25718
Error,50925
Error,17683
Error,48050
Error,44213
Error,41788
Error,51196
Error,19817
Error,25408
Error,51276
Error,17172
Error,47578
Error,50675
Error,49312
Error,42319
Error,21020
Error,25618
Error,49662
Error,18304
Error,47229
Error,42640
Error,42289
Error,45164
Error,19006
Error,25978
Error,56245
Error,23574
Error,46658
Error,42961
Error,42369
Error,41658
Error,19827
Error,25738
Error,50664
Error,18305
Error,46527
Error,41988
Error,41607
Error,51596
Error,20228
Error,25458
Error,52438
Error,18414
Error,49963
Error,46257
Error,44403
Error,56045
Error,21400
Error,26700
Error,49582
Error,18645
Error,47689
Error,41998
Error,41778
Error,42910
Error,20909
Error,26649
Error,50645
Error,17183
Error,47479
Error,44714
Error,43541
Error,42720
Error,19035
Error,25918
Error,56115
Error,23504
Error,46757
Error,42319
Error,50294
Error,49072
Error,21951
Error,27802
Error,63208
Error,37720
Error,56666
Error,43952
Error,41006
Error,49633
Error,20057
Error,25858
Error,51837
Error,18535
Error,46547
Error,52228
Error,42459
Error,52909
Error,21149
Error,26249
Error,51045
Error,19838
Error,47228
Error,42630
Error,41968
Error,50294
Error,19967
Error,28414
Error,49773
Error,18454
Error,50234
Error,53681
Error,45546
Error,50785
Error,21309
Error,27221
Error,50565
Error,16511
Error,46397
Error,42239
Error,41538
Error,44773
Error,20588
Error,27230
Error,50495
Error,18595
Error,47399
Error,42950
Error,42209
Error,48411
Error,19547
Error,25056
Error,51336
Error,18875
Error,55303
Error,42790
Error,49062
Error,52789
Error,21660
Error,28633
Error,62897
Error,35096
Error,46848
Error,44113
Error,52168
Error,41768
Error,19106
Error,27291
Error,52298
Error,17623
Error,47429
Error,43251
Error,55533
Error,47449
Error,20839
Error,25628
Error,52047
Error,20568
Error,48250
Error,43080
Error,41298
Error,56636
Error,19877
Error,28864
Error,43983
Error,14788
Error,50454
Error,44783
Error,44123
Error,52668
Error,20759
Error,25718
Error,51576
Error,17062
Error,46627
Error,41848
Error,41438
Error,46147
Error,20267
Error,27000
Error,50324
Error,17683
Error,48280
Error,52177
Error,43241
Error,46688
Error,19377
Error,26179
Error,57778
Error,24796
Error,46757
Error,41778
Error,48341
Error,44213
Error,21821
Error,27842
Error,59521
Error,28714
Error,47008
Error,42029
Error,42349
Error,41407
Error,19687
Error,28172
Error,56716
Error,76282
Error,44042
Error,59051
Error,42218
Error,25347
Error,27031
Error,28533
Error,65463
Error,37240
Error,58850
Error,42800
Error,43451
Error,41588
Error,19717
Error,25668
Error,59952
Error,25448
Error,52448
Error,46296
Error,44383
Error,50685
Error,20909
Error,26510
Error,49773
Error,17553
Error,47298
Error,43712
Error,41678
Error,42159
Error,18875
Error,25848
Error,53740
Error,20678
Error,49061
Error,43492
Error,43862
Error,42659
Error,20989
Error,28413
Error,56055
Error,25167
Error,51506
Error,56495
Error,49373
Error,45405
Error,23554
Error,30537
Error,68428
Error,31119
Error,51837
Error,46447
Error,61164
Error,46016
Error,18705
Error,24937
Error,48470
Error,18104
Error,45956
Error,41788
Error,40315
Error,50064
Error,20548
Error,26710
Error,50614
Error,18765
Error,45234
Error,41157
Error,40596
Error,47008
Error,20659
Error,26439
Error,54342
Error,23774
Error,56205
Error,46046
Error,39634
Error,40986
Error,18695
Error,24997
Error,54001
Error,23254
Error,46778
Error,48721
Error,40817
Error,41788
Error,20178
Error,25698
Error,51195
Error,16161
Error,54982
Error,42349
Error,47318
Error,40796
Error,18384
Error,24286
Error,45916
Error,16811
Error,48280
Error,43932
Error,51767
Error,43571
Error,18805
Error,26169
Error,48270
Error,16270
Error,46437
Error,49863
Error,39854
Error,41577
Error,20027
Error,26419
Error,48450
Error,16511
Error,46667
Error,41137
Error,41037
Error,42209
Error,18986
Error,24316
Error,48150
Error,18134
Error,45976
Error,46727
Error,44283
Error,43031
Error,18655
Error,25648
Error,49112
Error,18544
Error,46477
Error,42319
Error,52007
Error,42570
Error,21110
Error,27632
Error,49933
Error,19026
Error,49733
Error,43492
Error,43632
Error,43381
Error,20618
Error,25908
Error,52649
Error,18936
Error,47949
Error,43551
Error,51577
Error,47419
Error,19687
Error,26449
Error,63979
Error,37150
Error,56235
Error,43271
Error,43220
Error,42389
Error,19095
Error,25648
Error,59020
Error,24997
Error,47669
Error,42820
Error,51085
Error,50314
Error,19947
Error,25978
Error,51877
Error,19376
Error,48049
Error,42309
Error,41919
Error,50214
Error,26250
Error,25628
Error,51587
Error,18825
Error,48180
Error,42039
Error,42249
Error,41989
Error,19286
Error,25648
Error,57587
Error,25488
Error,54732
Error,43732
Error,42931
Error,42339
Error,19376
Error,26169
Error,59812
Error,25438
Error,47529
Error,42519
Error,50584
Error,42640
Error,19286
Error,25468
Error,61745
Error,23484
Error,48431
Error,52017
Error,42650
Error,41468
Error,19306
Error,25588
Error,57137
Error,24796
Error,47839
Error,51286
Error,43251
Error,43070
Error,19516
Error,25397
Error,52549
Error,18795
Error,47889
Error,42370
Error,46968
Error,51356
Error,19587
Error,25418
Error,50886
Error,18103
Error,52819
Error,45264
Error,51446
Error,42770
Error,20929
Error,26199
Error,50084
Error,19085
Error,54061
Error,65302
Error,53370
Error,47960
Error,23364
Error,30457
Error,58570
Error,26099
Error,54142
Error,48791
Error,51827
Error,44824
Error,18735
Error,29104
Error,50484
Error,18905
Error,50575
Error,44934
Error,49071
Error,43130
Error,20628
Error,27191
Error,50084
Error,16972
Error,47269
Error,43992
Error,47669
Error,41788
Error,18464
Error,26539
Error,51286
Error,20238
Error,48310
Error,43491
Error,57147
Error,42349
Error,27471
Error,25547
Error,50915
Error,19296
Error,46497
Error,51236
Error,46748
Error,40967
Error,18705
Error,25948
Error,50053
Error,19356
Error,60453
Error,43081
Error,45114
Error,48420
Error,20077
Error,25838
Error,54191
Error,21330
Error,47278
Error,41237
Error,41998
Error,40847
Error,19947
Error,27492
Error,49252
Error,18996
Error,58950
Error,44042
Error,46247
Error,42910
Error,19386
Error,25638
Error,52078
Error,18264
Error,47478
Error,42469
Error,47629
Error,42820
Error,20488
Error,26910
Error,58119
Error,24616
Error,47459
Error,42059
Error,54733
Error,43020
Error,22332
Error,27942
Error,51066
Error,17904
Error,48931
Error,44594
Error,47308
Error,42870
Error,19487
Error,24937
Error,50405
Error,18846
Error,47359
Error,42430
Error,47800
Error,52067
Error,21170
Error,26389
Error,52018
Error,18875
Error,47178
Error,42390
Error,46757
Error,56896
Error,22172
Error,28232
Error,56396
Error,24987
Error,49522
Error,45335
Error,48029
Error,41147
Error,19476
Error,25417
Error,50294
Error,18465
Error,48120
Error,52999
Error,49573
Error,50715
Error,20699
Error,26840
Error,51346
Error,17462
Error,46406
Error,42980
Error,53851
Error,51807
Error,19827
Error,25959
Error,54993
Error,24185
Error,46597
Error,42189
Error,46226
Error,41868
Error,18865
Error,25268
Error,50695
Error,19176
Error,56035
Error,43311
Error,46998
Error,49092
Error,19457
Error,25888
Error,51196
Error,19055
Error,47589
Error,50915
Error,45615
Error,52548
Error,22211
Error,26679
Error,59641
Error,27040
Error,47108
Error,53831
Error,46127
Error,41488
Error,18745
Error,25227
Error,50765
Error,18605
Error,49052
Error,43291
Error,54522
Error,43301
Error,20348
Error,25497
Error,51967
Error,17663
Error,47569
Error,54792
Error,43371
Error,41657
Error,19296
Error,25558
Error,50665
Error,22302
Error,46127
Error,41968
Error,46447
Error,42118
Error,18955
Error,25277
Error,50514
Error,18164
Error,47629
Error,42439
Error,46377
Error,41397
Error,19116
Error,25858
Error,52368
Error,18174
Error,47659
Error,45826
Error,46206
Error,44914
Error,20698
Error,27331
Error,52448
Error,22051
Error,47739
Error,42610
Error,48351
Error,41117
Error,20008
Error,26700
Error,50785
Error,18715
Error,48069
Error,45275
Error,48451
Error,41147
Error,19126
FindNodeReq,50695
Error,62878
Error,122970
Error,87614
Error,47899
Error,45535
Error,44934
Error,43341
Error,20909
Error,26970
Error,58089
Error,24376
Error,47869
Error,51967
Error,48431
Error,42359
Error,19537
Error,25488
Error,51236
Error,19326
Error,45816
Error,42660
Error,48350
Error,41588
Error,19135
Error,25458
Error,70201
Error,30637
Error,49823
Error,51907
Error,44574
Error,41728
Error,19246
Error,26490
Error,50274
Error,18885
Error,46867
Error,41798
Error,46608
Error,42038
Error,19046
Error,25278
Error,49072
Error,15710
Error,46497
Error,40797
Error,50485
Error,42861
Error,19176
Error,29095
Error,53670
Error,18034
Error,50335
Error,45024
Error,42850
Error,42680
Error,20829
Error,25467
Error,49813
Error,18906
Error,47399
Error,42249
Error,47188
Error,42450
Error,20108
Error,26830
Error,50304
Error,20629
Error,47599
Error,51666
Error,48020
Error,40786
Error,22342
Error,27541
Error,53119
Error,17413
Error,52098
Error,53870
Error,47499
Error,49973
Error,19346
Error,26079
Error,50825
Error,17263
Error,47258
Error,42029
Error,49012
Error,51937
Error,21521
Error,27362
Error,49202
Error,19346
Error,48992
Error,43121
Error,45425
Error,47168
Error,19907
Error,25487
Error,50133
Error,16591
Error,46778
Error,51847
Error,46367
Error,42058
Error,19166
Error,25719
Error,56585
Error,24136
Error,46467
Error,41698
Error,46487
Error,40676
Error,19366
Error,26159
Error,50664
Error,18014
Error,47188
Error,41999
Error,53580
Error,45425
Error,21951
Error,27522
Error,57167
Error,25288
Error,46597
Error,42499
Error,54693
Error,43000
Error,19477
Error,25578
Error,52438
Error,17953
Error,59190
Error,41738
Error,55674
Error,43111
Error,20548
Error,27141
Error,50665
Error,18023
Error,56015
Error,43190
Error,46126
Error,48019
Error,21079
Error,27221
Error,52909
Error,19116
Error,49643
Error,44433
Error,46687
Error,41578
Error,19005
Error,25447
Error,51767
Error,20659
Error,46817
Error,43571
Error,46186
Error,52067
Error,20859
Error,26901
Error,52478
Error,19106
Error,46998
Error,42920
Error,47830
Error,44734
Error,21630
Error,28022
Error,50043
Error,21059
Error,48090
Error,43341
Error,46888
Error,51927
Error,21420
Error,25608
Error,50765
Error,17904
Error,46146
Error,43572
Error,43241
Error,43351
Error,20659
Error,24817
Error,51276
Error,18204
Error,46407
Error,42139
Error,48280
Error,44503
Error,21821
Error,27802
Error,52498
Error,23474
Error,48400
Error,43100
Error,45656
Error,42861
Error,18725
Error,26520
Error,49502
Error,18535
Error,49222
Error,43952
Error,56396
Error,43201
Error,20298
Error,26019
Error,51567
Error,18294
Error,46747
Error,53099
Error,44163
Error,42069
Error,19076
Error,25748
Error,51116
Error,16882
Error,47188
Error,42309
Error,55774
Error,42469
Error,19196
Error,25939
Error,49603
Error,19026
Error,47939
Error,41958
Error,45956
Error,41758
Error,18534
Error,25488
Error,50103
Error,16571
Error,47368
Error,45185
Error,53701
Error,45334
Error,21340
Error,26810
Error,49893
Error,19106
Error,47168
Error,52187
Error,48330
Error,42259
Error,20067
Error,26580
Error,55794
Error,24095
Error,47769
Error,50875
Error,49512
Error,41848
Error,19316
Error,25087
Error,62076
Error,26359
Error,63559
Error,48160
Error,45285
Error,44463
Error,18445
Error,24045
Error,47288
Error,15950
Error,44774
Error,40095
Error,55854
Error,42800
Error,20228
Error,25398
Error,53540
Error,18645
Error,47559
Error,41929
Error,47008
Error,41187
Error,18876
Error,25948
Error,51106
Error,18434
Error,53400
Error,54071
Error,45184
Error,43431
Error,20768
Error,25708
Error,51296
Error,19156
Error,55924
Error,43000
Error,48080
Error,42780
Error,20689
Error,27331
Error,51527
Error,17162
Error,48811
Error,43611
Error,46187
Error,41307
Error,19397
Error,25608
Error,63659
Error,32100
Error,48921
Error,53460
Error,47549
Error,40656
Error,49502
Error,26269
Error,57468
Error,24205
Error,55995
Error,42951
Error,46266
Error,41338
Error,18935
Error,25798
Error,51927
Error,17232
Error,47579
Error,42850
Error,42359
Error,52027
Error,20539
Error,25127
Error,51296
Error,19908
Error,47469
Error,42128
Error,47879
Error,47830
Error,19116
Error,25348
Error,50765
Error,19016
Error,56376
Error,42610
Error,49703
Error,43211
Error,19406
Error,25688
Error,51807
Error,19116
Error,47349
Error,53660
Error,50485
Error,42038
Error,20328
Error,28252
Error,51086
Error,17373
Error,50093
Error,45435
Error,48972
Error,44032
Error,20238
Error,27020
Error,51807
Error,19496
Error,55945
Error,49933
Error,50705
Error,48541
Error,22923
Error,30236
Error,65182
Error,31509
Error,54472
Error,47328
Error,47378
Error,47519
Error,23283
Error,28202
Error,51827
Error,17323
Error,50094
Error,55013
Error,45906
Error,43601
Error,20488
Error,27141
Error,51507
Error,19206
Error,48340
Error,43190
Error,41458
Error,41628
Error,20278
Error,26860
Error,49112
Error,21640
Error,50023
Error,42369
Error,42149
Error,40475
Error,19146
Error,26149
Error,52818
Error,18926
Error,56545
Error,42740
Error,41938
Error,49373
Error,19887
Error,25808
Error,56276
Error,25377
Error,46447
Error,42630
Error,59361
Error,41739
Error,19587
Error,25799
Error,51506
Error,22462
Error,48260
Error,41888
Error,50685
Error,42048
Error,20388
Error,26670
Error,53089
Error,18034
Error,47609
Error,42319
Error,41257
Error,40797
Error,19346
Error,25668
Error,50955
Error,17563
Error,55603
Error,44523
Error,49423
Error,41949
Error,19216
Error,25688
Error,50344
Error,18945
Error,46857
Error,51787
Error,42830
Error,43001
Error,19446
Error,27070
Error,50144
Error,18966
Error,50494
Error,54171
Error,45165
Error,42930
Error,20990
Error,25708
Error,51185
Error,17783
Error,47639
Error,42981
Error,42699
Error,43882
Error,20418
Error,27782
Error,50335
Error,18605
Error,48551
Error,44243
Error,51817
Error,43261
Error,19006
Error,31800
Error,44133
Error,19146
Error,49102
Error,43912
Error,43892
Error,40937
Error,19236
Error,25998
Error,50214
Error,19887
Error,47319
Error,42269
Error,42039
Error,42088
Error,19707
Error,25437
Error,58219
Error,24877
Error,46878
Error,42730
Error,41127
Error,40986
Error,19287
Error,26008
Error,64100
Error,31048
Error,49212
Error,42429
Error,41968
Error,50584
Error,19757
Error,25407
Error,50584
Error,16751
Error,48059
Error,42540
Error,41327
Error,42539
Error,19326
Error,25838
Error,50555
Error,19065
Error,48010
Error,42199
Error,41618
Error,41668
Error,18435
Error,25247
Error,58229
Error,30648
Error,49222
Error,41818
Error,42440
Error,41948
Error,18996
Error,26400
Error,52358
Error,19596
Error,48531
Error,42740
Error,50515
Error,42409
Error,19366
Error,25407
Error,49322
Error,18886
Error,47579
Error,42249
Error,42559
Error,41417
Error,19126
Error,25969
Error,51165
Error,19126
Error,52468
Error,56235
Error,45625
Error,51827
Error,21350
Error,26319
Error,54682
Error,18023
Error,48190
Error,42049
Error,41978
Error,42510
Error,20278
Error,26810
Error,51416
Error,19396
Error,57407
Error,44463
Error,43481
Error,41358
Error,18915
Error,25498
Error,51045
Error,17192
Error,50675
Error,43932
Error,45695
Error,44433
Error,21010
Error,27021
Error,51206
Error,17032
Error,47058
Error,43250
Error,41919
Error,42349
Error,19667
Error,27261
Error,52608
Error,19436
Error,48500
Error,44163
Error,43361
Error,41899
Error,19106
Error,26290
Error,52769
Error,18876
Error,54622
Error,52999
Error,43251
Error,54973
Error,19617
Error,25648
Error,50594
Error,17202
Error,47789
Error,43161
Error,53570
Error,42570
Error,18885
Error,26039
Error,50485
Error,19326
Error,46788
Error,42619
Error,41748
Error,42449
Error,18705
Error,26159
Error,59071
Error,25167
Error,57667
Error,44143
Error,40977
Error,42810
Error,19596
Error,25448
Error,51847
Error,19005
Error,47419
Error,42419
Error,45926
Error,42059
Error,19968
Error,25939
Error,49062
Error,17373
Error,47929
Error,51607
Error,48080
Error,42068
Error,19186
Error,25658
Error,50164
Error,19065
Error,52328
Error,45865
Error,54181
Error,44914
Error,20468
Error,26059
Error,49974
Error,18615
Error,47238
Error,51586
Error,47159
Error,44323
Error,20598
Error,26770
Error,51416
Error,19556
Error,47930
Error,43942
Error,49082
Error,41017
Error,19397
Error,25848
Error,59271
Error,21971
Error,48561
Error,51066
Error,47689
Error,41648
Error,19065
Error,25809
Error,56335
Error,25077
Error,54071
Error,42660
Error,45104
Error,41187
Error,19056
Error,25688
Error,50274
Error,18945
Error,46718
Error,41868
Error,56797
Error,49202
Error,19556
Error,25688
Error,49964
Error,16842
Error,47088
Error,42991
Error,57458
Error,42019
Error,19576
Error,25347
Error,50184
Error,19527
Error,48020
Error,42590
Error,46647
Error,41658
Error,19897
Error,25518
Error,51106
Error,17813
Error,55614
Error,42780
Error,43101
Error,49622
Error,19867
Error,26489
Error,49101
Error,18074
Error,49733
Error,44704
Error,52899
Error,44103
Error,20558
Error,25488
Error,47839
Error,19066
Error,55885
Error,51857
Error,42580
Error,42800
Error,20468
Error,26770
Error,48721
Error,17903
Error,48841
Error,42500
Error,47900
Error,51175
Error,23423
Error,27651
Error,47539
Error,16120
Error,50675
Error,45134
Error,47499
Error,41929
Error,19085
Error,26570
Error,57358
Error,25588
Error,47429
Error,43181
Error,48831
Error,43080
Error,20949
Error,26971
Error,48871
Error,16631
Error,47269
Error,41678
Error,46797
Error,48921
Error,22932
Error,27382
Error,49462
Error,18826
Error,49893
Error,43682
Error,43351
Error,42108
Error,19246
Error,25557
Error,49953
Error,18334
Error,47960
Error,52638
Error,46307
Error,40806
Error,21531
Error,27612
Error,48701
Error,19176
Error,47989
Error,41537
Error,48791
Error,46177
Error,21230
Error,27993
Error,58800
Error,24976
Error,48070
Error,44493
Error,47960
Error,42700
Error,20388
Error,25538
Error,51987
Error,18575
Error,46848
Error,51647
Error,43030
Error,44153
Error,20999
Error,27031
Error,49964
Error,16792
Error,46938
Error,52388
Error,49783
Error,45445
Error,21911
Error,27712
Error,52007
Error,17904
Error,48631
Error,45235
Error,47158
Error,43150
Error,20548
Error,26470
Error,50304
Error,17533
Error,48210
Error,43542
Error,42148
Error,44463
Error,20749
Error,25598
Error,48831
Error,19276
Error,49333
Error,43401
Error,48551
Error,45535
Error,21801
Error,27722
Error,51276
Error,22082
Error,48561
Error,43151
Error,42760
Error,41748
Error,18715
Error,26530
Error,50334
Error,19477
Error,49091
Error,43310
Error,43441
Error,42600
Error,20558
Error,26099
Error,51226
Error,18415
Error,47889
Error,42990
Error,56545
Error,46126
Error,21309
Error,27081
Error,58760
Error,25197
Error,48030
Error,52128
Error,47950
Error,42971
Error,20769
Error,25568
Error,51907
Error,16902
Error,47919
Error,42009
Error,51236
Error,43942
Error,19166
Error,25278
Error,50474
Error,17572
Error,47428
Error,42349
Error,47579
Error,43802
Error,21150
Error,26820
Error,50835
Error,18855
Error,57738
Error,43672
Error,42589
Error,42539
Error,20548
Error,25878
Error,49683
Error,19407
Error,48330
Error,42490
Error,51016
Error,42910
Error,19937
Error,25548
Error,50264
Error,18725
Error,47238
Error,41778
Error,45786
Error,43091
Error,20057
Error,27020
Error,50414
Error,20739
Error,48651
Error,43120
Error,47098
Error,42330
Error,20478
Error,25517
Error,50214
Error,19937
Error,48370
Error,43251
Error,41046
Error,41738
Error,18906
Error,36108
Error,47209
Error,34995
Error,71023
Error,62347
Error,47809
Error,45746
Error,22332
Error,26740
Error,20508
Error,16030
Error,46447
Error,44783
Error,54411
Error,44673
Error,21390
Error,25287
Error,15299
Error,17613
Error,45315
Error,44152
Error,46306
Error,43261
Error,20529
Error,25037
Error,18545
Error,15028
Error,44363
Error,49122
Error,46337
Error,44192
Error,21691
Error,26519
Error,20598
Error,16040
Error,45585
Error,53450
Error,53600
Error,43922
Error,20879
Error,26289
Error,20388
Error,16091
Error,46136
Error,42359
Error,51036
Error,42870
Error,20108
Error,24276
Error,19426
Error,14577
Error,50545
Error,53770
Error,46406
Error,51086
Error,21680
Error,25819
Error,22873
Error,16901
Error,50985
Error,47329
Error,49011
Error,43832
Error,21680
Error,25758
Error,20910
Error,16561
Error,53730
Error,43361
Error,43261
Error,42921
Error,20007
Error,24746
Error,19066
Error,14888
Error,47799
Error,43922
Error,42951
Error,43181
Error,20719
Error,25668
Error,18986
Error,15479
Error,45655
Error,41958
Error,42289
Error,42029
Error,20228
Error,23775
Error,19577
Error,15048
Error,44553
Error,43111
Error,47629
Error,50875
Error,20258
Error,24757
Error,17713
Error,15930
Error,53109
Error,42981
Error,47017
Error,41498
Error,19637
Error,24125
Error,19397
Error,14708
Error,52127
Error,42530
Error,48611
Error,42620
Error,19847
Error,23994
Error,18655
Error,15259
Error,44854
Error,54401
Error,55513
Error,43100
Error,19947
Error,26800
Error,20839
Error,16781
Error,46858
Error,44453
Error,57388
UpdateRouteReq,23524
Error,42970
UpdateRouteReq,24797
Error,120876
Error,94597
Error,24947
UpdateRouteReq,151002
Error,175939
Error,138990
Error,104796
Error,154218
Error,93936
Error,83035
UpdateRouteReq,50715
Error,55173
FindNodeReq,46316
Error,40486
UpdateRouteReq,23434
Error,50374
UpdateRouteReq,22011
Error,41408
Error,41798
FindNodeReq,43832
FindNodeReq,40045
FindNodeReq,37741
UpdateRouteReq,21621
UpdateRouteReq,19446
Error,42279
UpdateRouteReq,25958
Error,22302
UpdateRouteReq,59481
Error,50264
Error,43381
UpdateRouteReq,23824
Error,15389
FindNodeReq,41337
UpdateRouteReq,17072
FindNodeReq,41808
UpdateRouteReq,19306
Error,15349
Error,57678
FindNodeReq,40496
FindNodeReq,36498
UpdateRouteReq,20839
Error,19767
FindNodeReq,51616
FindNodeRsp,29636
FindNodeReq,75150
FindNodeReq,48461
FindNodeReq,43541
UpdateRouteReq,86201
UpdateRouteReq,32531
UpdateRouteReq,29535
PathTeardownReq,26810
PathSetupReq,30757
FindNodeRsp,30447
UpdateRouteReq,26028
UpdateRouteReq,31969
UpdateRouteReq,44012
UpdateRouteReq,31469
FindNodeRsp,32140
FindNodeReq,66965
FindNodeReq,45815
FindNodeReq,42820
Error,94366
Error,73438
Error,47749
Error,57698
Error,62898
Error,46357
Error,43431
Error,46767
Error,23404
Error,44773
Error,43000
Error,21670
Error,23794
Error,24175
Error,15809
UpdateRouteReq,61435
UpdateRouteReq,22612
Error,38191
Error,49282
Error,46658
Error,46727
Error,22392
Error,26069
Error,25718
Error,17172
Error,47399
Error,45796
Error,45725
Error,44854
Error,21931
Error,25999
Error,26089
Error,17613
Error,47418
Error,43070
Error,44202
Error,43541
Error,23524
Error,25739
Error,24255
Error,17814
Error,47559
Error,46447
Error,44833
Error,44513
Error,21711
Error,25537
Error,37120
Error,14036
Error,47830
Error,45074
Error,42980
Error,42961
Error,19997
Error,23754
Error,24105
Error,16060
Error,44563
Error,53310
Error,43842
Error,42770
Error,26710
Error,29906
Error,45756
Error,23785
Error,58629
Error,57587
Error,60493
Error,58209
Error,23895
Error,26961
Error,46036
Error,23393
Error,60884
Error,58730
Error,56646
Error,57288
Error,27141
Error,28313
Error,47209
Error,25037
Error,60604
Error,58430
Error,59391
Error,57217
Error,25217
Error,25809
Error,45395
Error,24817
Error,58569
Error,58209
Error,59852
Error,59221
Error,23164
Error,26520
Error,39644
Error,17673
Error,64150
Error,60322
Error,64281
Error,59151
Error,24175
Error,27342
Error,46117
Error,23394
Error,58099
Error,57527
Error,55784
Error,58158
Error,24535
Error,28183
Error,44754
Error,23264
Error,58569
Error,56105
Error,66655
Error,57758
Error,24606
Error,25838
Error,42510
Error,20409
Error,60534
Error,56876
Error,56586
Error,57768
Error,23243
Error,24926
Error,43822
Error,22592
Error,56977
Error,55654
Error,54752
Error,55354
Error,22793
Error,27401
Error,44904
Error,22412
Error,59281
Error,58670
Error,58289
Error,56686
Error,23845
Error,25989
Error,45736
Error,21701
Error,57327
Error,56045
Error,55885
Error,58019
Error,25057
FindNodeReq,92834
Error,24646
Error,44112
Error,22602
Error,56866
Error,63578
Error,58960
Error,70382
Error,24125
Error,27832
Error,59030
Error,38232
Error,55523
Error,60363
Error,62126
Error,52408
Error,21891
Error,24696
Error,44283
Error,24697
Error,54542
Error,53180
Error,52277
Error,59081
Error,22362
Error,24486
Error,41318
Error,22432
Error,55604
Error,54212
Error,53750
Error,60222
Error,26930
Error,24706
Error,41758
Error,20388
Error,53169
Error,53650
Error,54422
Error,54442
Error,20318
Error,23464
Error,35827
Error,20719
Error,59571
Error,57708
Error,58930
Error,59471
Error,22572
Error,26029
Error,38592
Error,224269
Error,60373
Error,59601
Error,56956
Error,56706
Error,23634
Error,27702
Error,42520
Error,22311
Error,59571
Error,55263
Error,58329
Error,24395
Error,58239
Error,25398
Error,44864
Error,20789
Error,57658
Error,58579
Error,55704
Error,57939
Error,25438
Error,27051
Error,44614
Error,20468
Error,57468
Error,56987
Error,58058
Error,56576
Error,22171
Error,25298
Error,44163
Error,22452
Error,64009
Error,59361
Error,58009
Error,61164
Error,28273
Error,27621
Error,57398
Error,34334
Error,61175
Error,64210
Error,62197
Error,52588
Error,21901
Error,24686
Error,35877
Error,14197
Error,52659
Error,51927
Error,51957
Error,58720
Error,22111
Error,25117
Error,40666
Error,19026
Error,58469
Error,54061
Error,54112
Error,53751
Error,21110
Error,23404
Error,41768
Error,20668
Error,54031
Error,53560
Error,53941
Error,53210
Error,21260
Error,23063
Error,38071
Error,19146
Error,61916
Error,54201
Error,55544
Error,55043
Error,23193
Error,24295
Error,40827
Error,20338
Error,55243
Error,57838
Error,56566
Error,56005
Error,23474
Error,25358
Error,41608
Error,24566
Error,76503
Error,69530
Error,66104
Error,75611
Error,30376
Error,35607
Error,84528
Error,68087
Error,70652
Error,66124
Error,71794
Error,77054
Error,31639
Error,35767
Error,99677
Error,80130
Error,69490
Error,76924
Error,75141
Error,69130
Error,29134
Error,41778
Error,72516
Error,52407
Error,73838
Error,68899
Error,68929
Error,67075
Error,29335
Error,32470
Error,88786
Error,70693
Error,74048
Error,67537
Error,66815
Error,68207
Error,29495
Error,33202
Error,88496
Error,70502
Error,70792
Error,72175
Error,73047
Error,71383
Error,31028
Error,34955
Error,95047
Error,74379
Error,73107
Error,68578
Error,68458
Error,69199
Error,31188
Error,36719
Error,93545
Error,72416
Error,72606
Error,69590
Error,70451
Error,71002
Error,33232
Error,32992
Error,91391
Error,76363
Error,70882
Error,78156
Error,69560
Error,71524
Error,31890
Error,35656
Error,93024
Error,76173
Error,71804
Error,72315
Error,72034
Error,73257
Error,32380
Error,35987
Error,93245
Error,67406
Error,73657
Error,71063
Error,71865
Error,71864
Error,30708
Error,36067
Error,97983
Error,75732
Error,74108
Error,71895
Error,71233
Error,70241
Error,31789
Error,35576
Error,99666
Error,78276
Error,71153
Error,74029
Error,74709
Error,83957
Error,33603
Error,37680
Error,92703
Error,75702
Error,70712
Error,67366
Error,70181
Error,72255
Error,33383
Error,37350
Error,100498
Error,80551
Error,74329
Error,72435
Error,70632
Error,76122
Error,34124
Error,37049
Error,98284
Error,78356
Error,75461
Error,72636
Error,76103
Error,63719
Error,31028
Error,34966
Error,70041
Error,55393
Error,63219
Error,60413
Error,58730
Error,57377
Error,27471
Error,41707
Error,56646
Error,36739
Error,62907
Error,59822
Error,59862
Error,58009
Error,26911
Error,32652
Error,36629
Error,33833
Error,62216
Error,59592
Error,58469
Error,64480
Error,30016
Error,34365
Error,83957
Error,65112
Error,65332
Error,75201
Error,64771
Error,63870
Error,28743
Error,33733
Error,56826
Error,37690
Error,58450
Error,55003
Error,55443
Error,56226
Error,30988
Error,32942
Error,75581
Error,55504
Error,63609
Error,68188
Error,51106
Error,44844
Error,21119
Error,32541
Error,55364
Error,35888
Error,64260
Error,58169
Error,46517
Error,45455
Error,21820
Error,24065
Error,25408
Error,15770
Error,46977
Error,45304
Error,52308
Error,45435
Error,21309
Error,25658
Error,27080
Error,15238
Error,46266
Error,42880
Error,49152
Error,43531
Error,21961
Error,23764
Error,26630
Error,16100
Error,45094
Error,43772
Error,42890
Error,42029
Error,20358
Error,23884
Error,30908
Error,17833
Error,46056
Error,43171
Error,51547
Error,42148
Error,20178
Error,24376
Error,24997
Error,16019
Error,45555
Error,42650
Error,43441
Error,50184
Error,22262
Error,25587
Error,40375
Error,25327
Error,46667
Error,43511
Error,44984
Error,43130
Error,19817
Error,22872
Error,23524
Error,17152
Error,46778
Error,43531
Error,43441
Error,43812
Error,20748
Error,24165
Error,25047
Error,15709
Error,43852
Error,43281
Error,42469
Error,42399
Error,22652
Error,24707
Error,25768
Error,13656
Error,47379
Error,45465
Error,43641
Error,43462
Error,20568
Error,22272
Error,25568
Error,14968
Error,45145
Error,44033
Error,43211
Error,44083
Error,20579
Error,23103
Error,24075
Error,16230
Error,43381
Error,43080
Error,41378
Error,46607
Error,19697
Error,22733
Error,58189
Error,37080
Error,58570
Error,48821
Error,42109
Error,41979
Error,18796
Error,22081
Error,25518
Error,14878
Error,43441
Error,42159
Error,41848
Error,41026
Error,18605
Error,22122
Error,46898
Error,55303
Error,109675
Error,43381
Error,41357
Error,40666
Error,18474
Error,22402
Error,26650
Error,42901
Error,23884
Error,44794
Error,43351
Error,42289
Error,47799
Error,20989
Error,23584
Error,39995
Error,22562
Error,45114
Error,42780
Error,41879
Error,41408
Error,18705
Error,21350
Error,24516
Error,15279
Error,45125
Error,42910
Error,42830
Error,42980
Error,19878
Error,22733
Error,23353
Error,13786
Error,44753
Error,41668
Error,41497
Error,40987
Error,18905
Error,30317
Error,15720
Error,16561
Error,46357
Error,44122
Error,42920
Error,42229
Error,19887
Error,22923
Error,23694
Error,15319
Error,44524
Error,42699
Error,42950
Error,42820
Error,20058
Error,22222
Error,23244
Error,15669
Error,45104
Error,43190
Error,44123
Error,40155
Error,18244
Error,27541
Error,18104
Error,14527
Error,44894
Error,43592
Error,40946
Error,42299
Error,19166
Error,22282
Error,16441
Error,14617
Error,45245
Error,43151
Error,42400
Error,41497
Error,19296
Error,22522
Error,16410
Error,14357
Error,43591
Error,42800
Error,52969
Error,47398
Error,19907
Error,23194
Error,16882
Error,15139
Error,47619
Error,47088
Error,43220
Error,39864
Error,20969
Error,22493
Error,15479
Error,13856
Error,42589
Error,39855
Error,40485
Error,39895
Error,18775
Error,21501
Error,15088
Error,13987
Error,48030
Error,44643
Error,47830
Error,41738
Error,19597
Error,22833
Error,16972
Error,14888
Error,43772
Error,41758
Error,41588
Error,41327
Error,20598
Error,23864
Error,17102
Error,14638
Error,41788
Error,40656
Error,40255
Error,41337
Error,22081
Error,23314
Error,18264
Error,14678
Error,44553
Error,41037
Error,41447
Error,40957
Error,22542
Error,24476
Error,19467
Error,15418
Error,48340
Error,40846
Error,41427
Error,41608
Error,17984
Error,22111
Error,17793
Error,14277
Error,41378
Error,52117
Error,41879
Error,39544
Error,17703
Error,23594
Error,11752
Error,16331
Error,44493
Error,41848
Error,42900
Error,42208
Error,19226
Error,23625
Error,18805
Error,14748
Error,44854
Error,43301
Error,42479
Error,42028
Error,19206
Error,22562
Error,25839
Error,14767
Error,47198
Error,41969
Error,43211
Error,46617
Error,21911
Error,26450
Error,19065
Error,17353
Error,48811
Error,48520
Error,47859
Error,46657
Error,21641
Error,25567
Error,13274
Error,16912
Error,43512
Error,41818
Error,41648
Error,48200
Error,21310
Error,25167
Error,17353
Error,15860
Error,45295
Error,45916
Error,46628
Error,46046
Error,19737
Error,26559
Error,21901
Error,16932
Error,43602
Error,41357
Error,41097
Error,40506
Error,18805
Error,21369
Error,17643
Error,13455
Error,41257
Error,45786
Error,43462
Error,42279
Error,20869
Error,23434
Error,19055
Error,14898
Error,44102
Error,41157
Error,40747
Error,41418
Error,19286
Error,23294
Error,19356
Error,15399
Error,43040
Error,40205
Error,39464
Error,39604
Error,18565
Error,25117
Error,19587
Error,15088
Error,44804
Error,41688
Error,43932
Error,43812
Error,20489
Error,24375
Error,17593
Error,15840
Error,45786
Error,44644
Error,42860
Error,43080
Error,20618
Error,24526
Error,18595
Error,14087
Error,44844
Error,43571
Error,49643
Error,42800
Error,19336
Error,23243
Error,17954
Error,15038
Error,44493
Error,42489
Error,42138
Error,42239
Error,20147
Error,23404
Error,17442
Error,14958
Error,44623
Error,42559
Error,42750
Error,41758
Error,18695
Error,22622
Error,17533
Error,14968
Error,49403
Error,45596
Error,45305
Error,43551
Error,20979
Error,25217
Error,17343
Error,15779
Error,45465
Error,44002
Error,43501
Error,43261
Error,21070
Error,24225
Error,16751
Error,15930
Error,46447
Error,43592
Error,41097
Error,42239
Error,22862
Error,25428
Error,22832
Error,15889
Error,45315
Error,42709
Error,45896
Error,46567
Error,21591
Error,23093
Error,18524
Error,14336
Error,42630
Error,41477
Error,40506
Error,40896
Error,18124
Error,21580
Error,17643
Error,13705
Error,40946
Error,39765
Error,44574
Error,43150
Error,19587
Error,22922
Error,18595
Error,15299
Error,42259
Error,41698
Error,40876
Error,42470
Error,20499
Error,24746
Error,17253
Error,16150
Error,45415
Error,42900
Error,42740
Error,42168
Error,18925
Error,23203
Error,17774
Error,16130
Error,43862
Error,42750
Error,41798
Error,41617
Error,18876
Error,22852
Error,20037
Error,14217
Error,43511
Error,43281
Error,42549
Error,42269
Error,18945
Error,22892
Error,17292
Error,14608
Error,43822
Error,41457
Error,41859
Error,47619
Error,21290
Error,24686
Error,11431
Error,16802
Error,45635
Error,46557
Error,45495
Error,44853
Error,19988
Error,22662
Error,18865
Error,14748
Error,42610
Error,41057
Error,40877
Error,40115
Error,18044
Error,21510
Error,17112
Error,13425
Error,41678
Error,44413
Error,41928
Error,41027
Error,19156
Error,23584
Error,18244
Error,15078
Error,43812
Error,40265
Error,41608
Error,40256
Error,19146
Error,22602
Error,18594
Error,14747
Error,42399
Error,40526
Error,40396
Error,40556
Error,18565
Error,21119
Error,16931
Error,13675
Error,56145
Error,46406
Error,45635
Error,49503
Error,20419
Error,24566
Error,19767
Error,13406
Error,41758
Error,39213
Error,40576
Error,39734
Error,18474
Error,21760
Error,16491
Error,13626
Error,41358
Error,39744
Error,43992
Error,43983
Error,19316
Error,23203
Error,17803
Error,13706
Error,44553
Error,48782
Error,46217
Error,45846
Error,20869
Error,25307
Error,20208
Error,16130
Error,47839
Error,45445
Error,44243
Error,44894
Error,20950
Error,24345
Error,17693
Error,16882
Error,46898
Error,42309
Error,45545
Error,43923
Error,21059
Error,25017
Error,19477
Error,16541
Error,47098
Error,43652
Error,50805
Error,44824
Error,20649
Error,24596
Error,12894
Error,16551
Error,45606
Error,43882
Error,43020
Error,43662
Error,20608
Error,24306
Error,18935
Error,14177
Error,42870
Error,43120
Error,41557
Error,41297
Error,18995
Error,22282
Error,11752
Error,15169
Error,44784
Error,42459
Error,42159
Error,41678
Error,22612
Error,24827
Error,17553
Error,16681
Error,45536
Error,43922
Error,45425
Error,46056
Error,22071
Error,26339
Error,20739
Error,16491
Error,44483
Error,47038
Error,46387
Error,45505
Error,18184
Error,21831
Error,17643
Error,13164
Error,41888
Error,40466
Error,40225
Error,43171
Error,18374
Error,24887
Error,19366
Error,15439
Error,45014
Error,42139
Error,41487
Error,41338
Error,18985
Error,23374
Error,18103
Error,14707
Error,43251
Error,40817
Error,41127
Error,41368
Error,19317
Error,21791
Error,17152
Error,12944
Error,42459
Error,42269
Error,42329
Error,41307
Error,18565
Error,22632
Error,11442
Error,21450
Error,48109
Error,46126
Error,43201
Error,43411
Error,19997
Error,24716
Error,21560
Error,15740
Error,45665
Error,43842
Error,43070
Error,43061
Error,20459
Error,24846
Error,13285
Error,16821
Error,42910
Error,42159
Error,42299
Error,42319
Error,18915
Error,22813
Error,11672
Error,15289
Error,43942
Error,45966
Error,45365
Error,44243
Error,19666
Error,24195
Error,17643
Error,14237
Error,44103
Error,41758
Error,41969
Error,42760
Error,20838
Error,24356
Error,17042
Error,16130
Error,45475
Error,42610
Error,42860
Error,43200
Error,19597
Error,22983
Error,10539
Error,15789
Error,44884
Error,42279
Error,50325
Error,43531
Error,19767
Error,23223
Error,12644
Error,15649
Error,44503
Error,41518
Error,42149
Error,42018
Error,18725
Error,22582
Error,11482
Error,15258
Error,43902
Error,41968
Error,42499
Error,41638
Error,18635
Error,28693
Error,16180
Error,15590
Error,44664
Error,42940
Error,41187
Error,41618
Error,21541
Error,25168
Error,16130
Error,17493
Error,46376
Error,43913
Error,42630
Error,45905
Error,22151
Error,26480
Error,21049
Error,16591
Error,47148
Error,41258
Error,41467
Error,40585
Error,19286
Error,21650
Error,17562
Error,14757
Error,42860
Error,39664
Error,39204
Error,39824
Error,23484
Error,25117
Error,17783
Error,16761
Error,45395
Error,44293
Error,43912
Error,43000
Error,20398
Error,24986
Error,16871
Error,15679
Error,45475
Error,43682
Error,43351
Error,43521
Error,20890
Error,24225
Error,13776
Error,15849
Error,44583
Error,42168
Error,41537
Error,41427
Error,20037
Error,26319
Error,20488
Error,16080
Error,45525
Error,43812
Error,43672
Error,43752
Error,20338
Error,24596
Error,11772
Error,16711
Error,45665
Error,42349
Error,43462
Error,43000
Error,20649
Error,24265
Error,17623
Error,14347
Error,44454
Error,43482
Error,41537
Error,41788
Error,19396
Error,22512
Error,12984
Error,15469
Error,48911
Error,45495
Error,45084
Error,42990
Error,20749
Error,22783
Error,16120
Error,14708
Error,45435
Error,42319
Error,43652
Error,42289
Error,25798
Error,25137
Error,22682
Error,15149
Error,45655
Error,43230
Error,41688
Error,41407
Error,19076
Error,23735
Error,17653
Error,14568
Error,44764
Error,43101
Error,49041
Error,48961
Error,22803
Error,26470
Error,13876
Error,17773
Error,48501
Error,46426
Error,46698
Error,47569
Error,21219
Error,23534
Error,18745
Error,14838
Error,43452
Error,42349
Error,41938
Error,39223
Error,17983
Error,21600
Error,17272
Error,13756
Error,44233
Error,41849
Error,40145
Error,48371
Error,20389
Error,24105
Error,16190
Error,16421
Error,43832
Error,41798
Error,42410
Error,42960
Error,20439
Error,24596
Error,11872
Error,16712
Error,45245
Error,40616
Error,41297
Error,41378
Error,18264
Error,22482
Error,17203
Error,13274
Error,48701
Error,46086
Error,44664
Error,39544
Error,17522
Error,22782
Error,17332
Error,13265
Error,43381
Error,40766
Error,39384
Error,39604
Error,18515
Error,21350
Error,17303
Error,13104
Error,42129
Error,40185
Error,39584
Error,39864
Error,18044
Error,21651
Error,17603
Error,13305
Error,42399
Error,39954
Error,40786
Error,39864
Error,17633
Error,21060
Error,17643
Error,13525
Error,47559
Error,43702
Error,42760
Error,41147
Error,20468
Error,22943
Error,17302
Error,15018
Error,44834
Error,41638
Error,41006
Error,42279
Error,19537
Error,23474
Error,18384
Error,13034
Error,42168
Error,39814
Error,40015
Error,40596
Error,18014
Error,21651
Error,17392
Error,13004
Error,42399
Error,44964
Error,42700
Error,41938
Error,20428
Error,28433
Error,35266
Error,15159
Error,47168
Error,41368
Error,39444
Error,40205
Error,19557
Error,24897
Error,49843
Error,16361
Error,47209
Error,41057
Error,41528
Error,41788
Error,18725
Error,23714
Error,52398
Error,18064
Error,45204
Error,47329
Error,44243
Error,42149
Error,19336
Error,25258
Error,56987
Error,23264
Error,48591
Error,44233
Error,45665
Error,41998
Error,20418
Error,26569
Error,56426
Error,24025
Error,49152
Error,44082
Error,46787
Error,42019
Error,19667
Error,25448
Error,58639
Error,25728
Error,55764
Error,43882
Error,42359
Error,44023
Error,19296
Error,25598
Error,55314
Error,23093
Error,47409
Error,43722
Error,42269
Error,41858
Error,19556
Error,25798
Error,56155
Error,24616
Error,47619
Error,42629
Error,44603
Error,40996
Error,19256
Error,25277
Error,57818
Error,26569
Error,52208
Error,44853
Error,43432
Error,43411
Error,20849
Error,26600
Error,60303
Error,27431
Error,48220
Error,43802
Error,44643
Error,42890
Error,19767
Error,24946
Error,69450
Error,40606
Error,45616
Error,43181
Error,43942
Error,42429
Error,20018
Error,24816
Error,61855
Error,35697
Error,50464
Error,44884
Error,43321
Error,42860
Error,20558
Error,25598
Error,56476
Error,24697
Error,48982
Error,43301
Error,44974
Error,42640
Error,21881
Error,27631
Error,26580
Error,23985
Error,89717
Error,52177
Error,48150
Error,50144
Error,21741
Error,36979
Error,15379
Error,18024
Error,47719
Error,45906
Error,45285
Error,45144
Error,21982
Error,25478
Error,22161
Error,16561
Error,45525
Error,45345
Error,58129
Error,47749
Error,22552
Error,26980
Error,38362
Error,15779
Error,52448
Error,46627
Error,55153
Error,45626
Error,25347
Error,28022
Error,24586
Error,16861
Error,46216
Error,44203
Error,51817
Error,44223
Error,20629
Error,23564
Error,21640
Error,17593
Error,45154
Error,43721
Error,50294
Error,43041
Error,20639
Error,23654
Error,23594
Error,15008
Error,43842
Error,40937
Error,51005
Error,48281
Error,21119
Error,24536
Error,21881
Error,18985
Error,46657
Error,43111
Error,50514
Error,43201
Error,21149
Error,23805
Error,24235
Error,15929
Error,44903
Error,43181
Error,50755
Error,41768
Error,20298
Error,22012
Error,25728
Error,14988
Error,44533
Error,41487
Error,47389
Error,43411
Error,21310
Error,24867
Error,21200
Error,16661
Error,45896
Error,43592
Error,47559
Error,42900
Error,20519
Error,23343
Error,24696
Error,15900
Error,45215
Error,42690
Error,52348
Error,43492
Error,18935
Error,22271
Error,23464
Error,14597
Error,43281
Error,46787
Error,43150
Error,47168
Error,19917
Error,23664
Error,19587
Error,17863
Error,44633
Error,44153
Error,46086
Error,43882
Error,21300
Error,28052
Error,47138
Error,35025
Error,59411
Error,56986
Error,55925
Error,55885
Error,22251
Error,31679
Error,45525
Error,22733
Error,59702
Error,58840
Error,62908
Error,58189
Error,23534
Error,26530
Error,45636
Error,21310
Error,61054
Error,58800
Error,56686
Error,57037
Error,24265
Error,25928
Error,41517
Error,20378
Error,58069
Error,56736
Error,70241
Error,59832
Error,22522
Error,26369
Error,39364
Error,28242
Error,60423
Error,57587
Error,57057
Error,57538
Error,24175
Error,25568
Error,39103
Error,22892
Error,57798
Error,55995
Error,59631
Error,58529
Error,22762
Error,25348
Error,43080
Error,21149
Error,62908
Error,59291
Error,64691
Error,59000
Error,25938
Error,26038
Error,43441
Error,21751
Error,56666
Error,63669
Error,47278
Error,43251
Error,20839
Error,23133
Error,27110
Error,15539
Error,46096
Error,41277
Error,48391
Error,41437
Error,21240
Error,24045
Error,21841
Error,17853
Error,45084
Error,43441
Error,52348
Error,43381
Error,20558
Error,23494
Error,23695
Error,15849
Error,44193
Error,42369
Error,51477
Error,42029
Error,19687
Error,23484
Error,19777
Error,15448
Error,44293
Error,41177
Error,47559
Error,49543
Error,20278
Error,22862
Error,16300
Error,15669
Error,43862
Error,42099
Error,50014
Error,42529
Error,20559
Error,23293
Error,23684
Error,15659
Error,44754
Error,42029
Error,50484
Error,41097
Error,20118
Error,23574
Error,23354
Error,14366
Error,42580
Error,40746
Error,61495
Error,44363
Error,19967
Error,23403
Error,35947
Error,15289
Error,44413
Error,42168
Error,48812
Error,41969
Error,19827
Error,21731
Error,15869
Error,15539
Error,43962
Error,41648
Error,46778
Error,41287
Error,19677
Error,23093
Error,23144
Error,14608
Error,43221
Error,41688
Error,46567
Error,44393
Error,20338
Error,23474
Error,34214
Error,14758
Error,45335
Error,43060
Error,48491
Error,41788
Error,20047
Error,21450
Error,15870
Error,15329
Error,44484
Error,41718
Error,41257
Error,41668
Error,19356
Error,21219
Error,23033
Error,13666
Error,42419
Error,47689
Error,43682
Error,47128
Error,20328
Error,23134
Error,15238
Error,15619
Error,44673
Error,41708
Error,47869
Error,41327
Error,20028
Error,22652
Error,19436
Error,15429
Error,43862
Error,42149
Error,52579
Error,41367
Error,18544
Error,21520
Error,23343
Error,14306
Error,48190
Error,43812
Error,43812
Error,43562
Error,19787
Error,23163
Error,14717
Error,15388
Error,44473
Error,41968
Error,52217
Error,41878
Error,19056
Error,23524
Error,17202
Error,15559
Error,43672
Error,42470
Error,44804
Error,40646
Error,17933
Error,23874
Error,15639
Error,16581
Error,44824
Error,43251
Error,51266
Error,41177
Error,19336
Error,23334
Error,23624
Error,15108
Error,44002
Error,42019
Error,49974
Error,41157
Error,20008
Error,22763
Error,19767
Error,15119
Error,43842
Error,40997
Error,45465
Error,40165
Error,24676
Error,23013
Error,22062
Error,16050
Error,43181
Error,42098
Error,50354
Error,41437
Error,19256
Error,22432
Error,22382
Error,15128
Error,43892
Error,42249
Error,51006
Error,41578
Error,19065
Error,22312
Error,21219
Error,14808
Error,43351
Error,41087
Error,45986
Error,40285
Error,20027
Error,22351
Error,19747
Error,15218
Error,44223
Error,41198
Error,50594
Error,41978
Error,19256
Error,22642
Error,16140
Error,14838
Error,44313
Error,41407
Error,50364
Error,41447
Error,19196
Error,22782
Error,14858
Error,13656
Error,42970
Error,40475
Error,40857
Error,45986
Error,20207
Error,23854
Error,35867
Error,15509
Error,45275
Error,42059
Error,46497
Error,41558
Error,19105
Error,20829
Error,24456
Error,15158
Error,43101
Error,42109
Error,46637
Error,41598
Error,19657
Error,23043
Error,22442
Error,13966
Error,41818
Error,40375
Error,50825
Error,44573
Error,20057
Error,23524
Error,24496
Error,14968
Error,43812
Error,41989
Error,50896
Error,42319
Error,19576
Error,22321
Error,15369
Error,18434
Error,51496
Error,41898
Error,43311
Error,42249
Error,19857
Error,22502
Error,30106
Error,11652
Error,44773
Error,40366
Error,46157
Error,42609
Error,19717
Error,23824
Error,26209
Error,9608
Error,45956
Error,43681
Error,43882
Error,41036
Error,18344
Error,22281
Error,29846
Error,11582
Error,43882
Error,43391
Error,46326
Error,42189
Error,20098
Error,21660
Error,31239
Error,12103
Error,44323
Error,47058
Error,41898
Error,42480
Error,20628
Error,23634
Error,30627
Error,16581
Error,45395
Error,41958
Error,44243
Error,40916
Error,17983
Error,21460
Error,28192
Error,10599
Error,43421
Error,41708
Error,45225
Error,43061
Error,18554
Error,21750
Error,30097
Error,12464
Error,43211
Error,50725
Error,43933
Error,42981
Error,20539
Error,23303
Error,29364
Error,13635
Error,45745
Error,47018
Error,47630
Error,45144
Error,22843
Error,23574
Error,18264
Error,14948
Error,43441
Error,41768
Error,47368
Error,41548
Error,18575
Error,22532
Error,17031
Error,13695
Error,48902
Error,43661
Error,41308
Error,44964
Error,19507
Error,23333
Error,18765
Error,15349
Error,43011
Error,40455
Error,48331
Error,40816
Error,19727
Error,23945
Error,18705
Error,15299
Error,43461
Error,40255
Error,44172
Error,39905
Error,17984
Error,21661
Error,17362
Error,14127
Error,45354
Error,45065
Error,44774
Error,22401
Error,24896
Error,84889
Error,15088
Error,17302
Error,44323
Error,41668
Error,46537
Error,41959
Error,20147
Error,23093
Error,18194
Error,15119
Error,43642
Error,42590
Error,41087
Error,40886
Error,20037
Error,23173
Error,17683
Error,13806
Error,42570
Error,39574
Error,44773
Error,41988
Error,21711
Error,24195
Error,16611
Error,16461
Error,44373
Error,42420
Error,46677
Error,41437
Error,19686
Error,23063
Error,18805
Error,14658
Error,43121
Error,41918
Error,45314
Error,40576
Error,19596
Error,22152
Error,16741
Error,13696
Error,42069
Error,39684
Error,44904
Error,42520
Error,21410
Error,23675
Error,18464
Error,14658
Error,43271
Error,41578
Error,44803
Error,41587
Error,19326
Error,23564
Error,18375
Error,16000
Error,45726
Error,42991
Error,46808
Error,49552
Error,30307
Error,28914
Error,15129
Error,14968
Error,44534
Error,48851
Error,44974
Error,44223
Error,21581
Error,24506
Error,22813
Error,16361
Error,45104
Error,43461
Error,48421
Error,44513
Error,20628
Error,24907
Error,21540
Error,16341
Error,44984
Error,43281
Error,45575
Error,43712
Error,18936
Error,23003
Error,23814
Error,14727
Error,44103
Error,46868
Error,43672
Error,48341
Error,20609
Error,24276
Error,15680
Error,16390
Error,44934
Error,44683
Error,48271
Error,43181
Error,20598
Error,24797
Error,23224
Error,16461
Error,45375
Error,43401
Error,48090
Error,42430
Error,19146
Error,22793
Error,22472
Error,15389
Error,49122
Error,45305
Error,44704
Error,44303
Error,20157
Error,24636
Error,23143
Error,16581
Error,45766
Error,44233
Error,48270
Error,42349
Error,20599
Error,24706
Error,21300
Error,16300
Error,44463
Error,42981
Error,50054
Error,42370
Error,19636
Error,23493
Error,24245
Error,13335
Error,49613
Error,44884
Error,43752
Error,44053
Error,21020
Error,23023
Error,23374
Error,14928
Error,45094
Error,42229
Error,45946
Error,42179
Error,22202
Error,26650
Error,31008
Error,18765
Error,50384
Error,47068
Error,50524
Error,46227
Error,21781
Error,24776
Error,53560
Error,35957
Error,50454
Error,43110
Error,42950
Error,42780
Error,20018
Error,22291
Error,33903
Error,18475
Error,45796
Error,41919
Error,42198
Error,41788
Error,20198
Error,23934
Error,32962
Error,14167
Error,45615
Error,41708
Error,44904
Error,40737
Error,21981
Error,24326
Error,31890
Error,17072
Error,47549
Error,43903
Error,41788
Error,41728
Error,20328
Error,23323
Error,29685
Error,12754
Error,44424
Error,42039
Error,46648
Error,41667
Error,18154
Error,24005
Error,31258
Error,14717
Error,45976
Error,41348
Error,45044
Error,40556
Error,22843
Error,24365
Error,28483
Error,11431
Error,47078
Error,43822
Error,41698
Error,42089
Error,19626
Error,23234
Error,27611
Error,12093
Error,45885
Error,42499
Error,44683
Error,40585
Error,18014
Error,22953
Error,32140
Error,14658
Error,44894
Error,41227
Error,45926
Error,41297
Error,22722
Error,24256
Error,28713
Error,11721
Error,45425
Error,43472
Error,41898
Error,42680
Error,21911
Error,25177
Error,19877
Error,17252
Error,48571
Error,42680
Error,47730
Error,46897
Error,22973
Error,26760
Error,20077
Error,15839
Error,44093
Error,42249
Error,41047
Error,46787
Error,21300
Error,24316
Error,15339
Error,16971
Error,46307
Error,42700
Error,45034
Error,42810
Error,19797
Error,23274
Error,20678
Error,16371
Error,45906
Error,44473
Error,48681
Error,42329
Error,20097
Error,24486
Error,15910
Error,14999
Error,45115
Error,41978
Error,41497
Error,47458
Error,20909
Error,24616
Error,15439
Error,17573
Error,47038
Error,43431
Error,47349
Error,46747
Error,22923
Error,26369
Error,12764
Error,17163
Error,44753
Error,42629
Error,46167
Error,41929
Error,20338
Error,24255
Error,17573
Error,13656
Error,42379
Error,41177
Error,49022
Error,43020
Error,20298
Error,24957
Error,14908
Error,15919
Error,43792
Error,42480
Error,44754
Error,42199
Error,20318
Error,23254
Error,15679
Error,15880
Error,43602
Error,42229
Error,50324
Error,40245
Error,19938
Error,21620
Error,15950
Error,15028
Error,43040
Error,44373
Error,44022
Error,42760
Error,20338
Error,23453
Error,16952
Error,16120
Error,43862
Error,41648
Error,48140
Error,41037
Error,19286
Error,23143
Error,15860
Error,15610
Error,43731
Error,42118
Error,40426
Error,41547
Error,18654
Error,21711
Error,15890
Error,14186
Error,47669
Error,42980
Error,44172
Error,43992
Error,20638
Error,24045
Error,18865
Error,16661
Error,45134
Error,43071
Error,48621
Error,52168
Error,20318
Error,23314
Error,14738
Error,15489
Error,44923
Error,44153
Error,54171
Error,42359
Error,18826
Error,22523
Error,19817
Error,15810
Error,45455
Error,42640
Error,51727
Error,42980
Error,20809
Error,23574
Error,18064
Error,15850
Error,45285
Error,42209
Error,53791
Error,42890
Error,20248
Error,23273
Error,21189
Error,15429
Error,45134
Error,41718
Error,50655
Error,41678
Error,21229
Error,24346
Error,20368
Error,16160
Error,45786
Error,44112
Error,50314
Error,42720
Error,20508
Error,23244
Error,19977
Error,15720
Error,44844
Error,43802
Error,52749
Error,42199
Error,19417
Error,23134
Error,19035
Error,15850
Error,43401
Error,41057
Error,48772
Error,47519
Error,20759
Error,23704
Error,14076
Error,17202
Error,45705
Error,42148
Error,43351
Error,43050
Error,20889
Error,23294
Error,20208
Error,15779
Error,44843
Error,43161
Error,43231
Error,43310
Error,19596
Error,23484
Error,21099
Error,14587
Error,42510
Error,43712
Error,47108
Error,45094
Error,22512
Error,26529
Error,40516
Error,17954
Error,52137
Error,48431
Error,56766
Error,47078
Error,22251
Error,24135
Error,34564
Error,11702
Error,49592
Error,46326
Error,42009
Error,41237
Error,19647
Error,23183
Error,23624
Error,13876
Error,43661
Error,40957
Error,46347
Error,44763
Error,21360
Error,23374
Error,34234
Error,14838
Error,45405
Error,44012
Error,50254
Error,42549
Error,20097
Error,21360
Error,23604
Error,13676
Error,44543
Error,42980
Error,51456
Error,50755
Error,20528
Error,22822
Error,37410
Error,17673
Error,43742
Error,41157
Error,40947
Error,45585
Error,19927
Error,22752
Error,33743
Error,15519
Error,45054
Error,43230
Error,49022
Error,42159
Error,19697
Error,21611
Error,23073
Error,14106
Error,44753
Error,42700
Error,42289
Error,42700
Error,19727
Error,23033
Error,21069
Error,14106
Error,43722
Error,41347
Error,41598
Error,46196
Error,21150
Error,23714
Error,23423
Error,15909
Error,44433
Error,42930
Error,45355
Error,41828
Error,19857
Error,23093
Error,24957
Error,15689
Error,45014
Error,43261
Error,44664
Error,42199
Error,19948
Error,22843
Error,23504
Error,14417
Error,44072
Error,40766
Error,40906
Error,46036
Error,21079
Error,25057
Error,15088
Error,16581
Error,45465
Error,42820
Error,42660
Error,42479
Error,20118
Error,22732
Error,23534
Error,15379
Error,43702
Error,42118
Error,42459
Error,42249
Error,20077
Error,22803
Error,22292
Error,14257
Error,42810
Error,41848
Error,41628
Error,45966
Error,21140
Error,23905
Error,21671
Error,16090
Error,43983
Error,42750
Error,41969
Error,41889
Error,19607
Error,23264
Error,21060
Error,15349
Error,43993
Error,42460
Error,43672
Error,42679
Error,19387
Error,23083
Error,21220
Error,13626
Error,43422
Error,41637
Error,55955
Error,45475
Error,19927
Error,22983
Error,20348
Error,15318
Error,44694
Error,42860
Error,42640
Error,41948
Error,19927
Error,22813
Error,19356
Error,15509
Error,44603
Error,42980
Error,42991
Error,42880
Error,19046
Error,23203
Error,22071
Error,14197
Error,44312
Error,41778
Error,47208
Error,43862
Error,20648
Error,23334
Error,38301
Error,21430
Error,45535
Error,42930
Error,50715
Error,42720
Error,18385
Error,21310
Error,19306
Error,15529
Error,46036
Error,42600
Error,42970
Error,42229
Error,20208
Error,23073
Error,24005
Error,13806
Error,44132
Error,42079
Error,47659
Error,44293
Error,20378
Error,23844
Error,24536
Error,17432
Error,44103
Error,43661
Error,51015
Error,42389
Error,19516
Error,23263
Error,21400
Error,15489
Error,44483
Error,44262
Error,41808
Error,41407
Error,19236
Error,21289
Error,22782
Error,13936
Error,43361
Error,41047
Error,47229
Error,44564
Error,20458
Error,23314
Error,34705
Error,14738
Error,45926
Error,42679
Error,48070
Error,41778
Error,18365
Error,21510
Error,23875
Error,15679
Error,43181
Error,43151
Error,42620
Error,41848
Error,19847
Error,23003
Error,22923
Error,13515
Error,42840
Error,41598
Error,46197
Error,44413
Error,20127
Error,23514
Error,34906
Error,15458
Error,44213
Error,42329
Error,45495
Error,42740
Error,19747
Error,21109
Error,25888
Error,13816
Error,43672
Error,41667
Error,42119
Error,41758
Error,19446
Error,22913
Error,23524
Error,13926
Error,43571
Error,41076
Error,58139
Error,44342
Error,19817
Error,23123
Error,26470
Error,14747
Error,44032
Error,42820
Error,44564
Error,41508
Error,19707
Error,22782
Error,24536
Error,15088
Error,44543
Error,42530
Error,42660
Error,42359
Error,19406
Error,22602
Error,23524
Error,14046
Error,42379
Error,41508
Error,53680
Error,44423
Error,20659
Error,22662
Error,36599
Error,16672
Error,45625
Error,41998
Error,50694
Error,42920
Error,18455
Error,21851
Error,21480
Error,15128
Error,43812
Error,42529
Error,41908
Error,41498
Error,19727
Error,22111
Error,22402
Error,13856
Error,42720
Error,41388
Error,40526
Error,47730
Error,21460
Error,23364
Error,37631
Error,21130
Error,45756
Error,42840
Error,47017
Error,40585
Error,18766
Error,21069
Error,22171
Error,15238
Error,44233
Error,42589
Error,43211
Error,42479
Error,19497
Error,22372
Error,23624
Error,13605
Error,42920
Error,40857
Error,40596
Error,46157
Error,20508
Error,23544
Error,22392
Error,15750
Error,45014
Error,44112
Error,41908
Error,42429
Error,19326
Error,22913
Error,22552
Error,15269
Error,44684
Error,42729
Error,41607
Error,41628
Error,19046
Error,22723
Error,22793
Error,13344
Error,43612
Error,41037
Error,40165
Error,46036
Error,20658
Error,23504
Error,20698
Error,16060
Error,44954
Error,42058
Error,41678
Error,41818
Error,19887
Error,22732
Error,23284
Error,15389
Error,44744
Error,42630
Error,42029
Error,41197
Error,19446
Error,22693
Error,15509
Error,14056
Error,43121
Error,40886
Error,40726
Error,46527
Error,20308
Error,23744
Error,16341
Error,15890
Error,44904
Error,41908
Error,41437
Error,42359
Error,19306
Error,22802
Error,26379
Error,15088
Error,43942
Error,42028
Error,42700
Error,41949
Error,19847
Error,22522
Error,20318
Error,14266
Error,43060
Error,40857
Error,41007
Error,47429
Error,20418
Error,23544
Error,18595
Error,15840
Error,44613
Error,42700
Error,41187
Error,42860
Error,19397
Error,22703
Error,19847
Error,14888
Error,44343
Error,42339
Error,41167
Error,41778
Error,19176
Error,22522
Error,23574
Error,13886
Error,42740
Error,40445
Error,40275
Error,49002
Error,20238
Error,23785
Error,21530
Error,15018
Error,45245
Error,42299
Error,51476
Error,40887
Error,19567
Error,23634
Error,23364
Error,15359
Error,44714
Error,41828
Error,49612
Error,41849
Error,19105
Error,22512
Error,39764
Error,46958
Error,42550
Error,42510
Error,39544
Error,39113
Error,20047
Error,35677
Error,22272
Error,35256
Error,14797
Error,44924
Error,42820
Error,43642
Error,42450
Error,19767
Error,22703
Error,21490
Error,15308
Error,44494
Error,43391
Error,42149
Error,41808
Error,19476
Error,22913
Error,22742
Error,13755
Error,43511
Error,41036
Error,46156
Error,42780
Error,21200
Error,23925
Error,25297
Error,15859
Error,44583
Error,42830
Error,46597
Error,42399
Error,20248
Error,23123
Error,23514
Error,14928
Error,44203
Error,42059
Error,41878
Error,41147
Error,19507
Error,23354
Error,23815
Error,13636
Error,42550
Error,40867
Error,46768
Error,43151
Error,20569
Error,23294
Error,33072
Error,12744
Error,45455
Error,43492
Error,45585
Error,42069
Error,20218
Error,21581
Error,19546
Error,13705
Error,44564
Error,42700
Error,42690
Error,41778
Error,20389
Error,23023
Error,23413
Error,14056
Error,42259
Error,41688
Error,47098
Error,44012
Error,18976
Error,21009
Error,37961
Error,21059
Error,43261
Error,40876
Error,41678
Error,40797
Error,18224
Error,21591
Error,21149
Error,13405
Error,44634
Error,41658
Error,41708
Error,40425
Error,18655
Error,21080
Error,23344
Error,13565
Error,42921
Error,41428
Error,40305
Error,47809
Error,20348
Error,23403
Error,16020
Error,15799
Error,44873
Error,43070
Error,41959
Error,42279
Error,20137
Error,22993
Error,23605
Error,15108
Error,44874
Error,42420
Error,42369
Error,42619
Error,19737
Error,23303
Error,19466
Error,14026
Error,42500
Error,40756
Error,40355
Error,47639
Error,20328
Error,23945
Error,22092
Error,16370
Error,45344
Error,43190
Error,41768
Error,42149
Error,20348
Error,22793
Error,23394
Error,15128
Error,44253
Error,41387
Error,41257
Error,41748
Error,19547
Error,22752
Error,20648
Error,14397
Error,43451
Error,41247
Error,40636
Error,47649
Error,20679
Error,23684
Error,16010
Error,15839
Error,44904
Error,42610
Error,41538
Error,42429
Error,19767
Error,22722
Error,21671
Error,15249
Error,45375
Error,42459
Error,41778
Error,42179
Error,19236
Error,22632
Error,23203
Error,13686
Error,44163
Error,42500
Error,41107
Error,47118
Error,19917
Error,23424
Error,27161
Error,8856
Error,46457
Error,41227
Error,43962
Error,40476
Error,17773
Error,21410
Error,20548
Error,15489
Error,44203
Error,42119
Error,43531
Error,42259
Error,19978
Error,22873
Error,22673
Error,13646
Error,42479
Error,40696
Error,40255
Error,47118
Error,20328
Error,23654
Error,23324
Error,15819
Error,44884
Error,41979
Error,43130
Error,42981
Error,19867
Error,22673
Error,26429
Error,15179
Error,44243
Error,42610
Error,42620
Error,41999
Error,20218
Error,22652
Error,24005
Error,13555
Error,43412
Error,41588
Error,41337
Error,46497
Error,20168
Error,24205
Error,23083
Error,15619
Error,45805
Error,42700
Error,43381
Error,41647
Error,19556
Error,22843
Error,26219
Error,15079
Error,44103
Error,42660
Error,42139
Error,42409
Error,19607
Error,22953
Error,23164
Error,13575
Error,43592
Error,41477
Error,41037
Error,46317
Error,20488
Error,24075
Error,19145
Error,16170
Error,45865
Error,43010
Error,42920
Error,42409
Error,19476
Error,22673
Error,26229
Error,15258
Error,44633
Error,42399
Error,42269
Error,42179
Error,19958
Error,22783
Error,21961
Error,13515
Error,43051
Error,41728
Error,40646
Error,46116
Error,20549
Error,23374
Error,15068
Error,15890
Error,44182
Error,42209
Error,46046
Error,42009
Error,19015
Error,23755
Error,21239
Error,15369
Error,44723
Error,42530
Error,50143
Error,42569
Error,19607
Error,21691
Error,22502
Error,13786
Error,42890
Error,47228
Error,44373
Error,43893
Error,20248
Error,22923
Error,17432
Error,15118
Error,44353
Error,43271
Error,46717
Error,41738
Error,19807
Error,22882
Error,21290
Error,15389
Error,44433
Error,41989
Error,50264
Error,41518
Error,18374
Error,21941
Error,22151
Error,14177
Error,47759
Error,44653
Error,45435
Error,43852
Error,19496
Error,22793
Error,15178
Error,15268
Error,44783
Error,42449
Error,49663
Error,42800
Error,19256
Error,22742
Error,21410
Error,15218
Error,43662
Error,41998
FindNodeReq,36959
FindNodeReq,39153
Error,41107
FindNodeReq,49633
FindNodeReq,53430
Error,45365
Error,33522
Error,24275
Error,41608
Error,22743
Error,51817
Error,48481
Error,56836
Error,46287
Error,21570
Error,24415
Error,17463
Error,16371
Error,46167
Error,43862
Error,43462
Error,42970
Error,20659
Error,23855
Error,21600
Error,14377
Error,44483
Error,43712
Error,42169
Error,48481
Error,21671
Error,23955
Error,34154
Error,14888
Error,51997
Error,44082
Error,43983
Error,48200
Error,21320
Error,22392
Error,21941
Error,14938
Error,45535
Error,44192
Error,44894
Error,43250
Error,20167
Error,23624
Error,25127
Error,16170
Error,45886
Error,44523
Error,42490
Error,42379
Error,18745
Error,26540
Error,20098
Error,16841
Error,46426
Error,45775
Error,43992
Error,41758
Error,20448
Error,23965
Error,30167
Error,14707
Error,45956
Error,43361
Error,41768
Error,41607
Error,19236
Error,22342
Error,22362
Error,16140
Error,46717
Error,43150
Error,43552
Error,41668
Error,18795
Error,22772
Error,21971
Error,14978
Error,48972
Error,46406
Error,44964
Error,52708
Error,20228
Error,23624
Error,15729
Error,15970
Error,44623
Error,43541
Error,42971
Error,41788
Error,20960
Error,23704
Error,19366
Error,16070
Error,44183
Error,42890
Error,42890
Error,43872
Error,20599
Error,21992
Error,25488
Error,14447
Error,44443
Error,56145
Error,45405
Error,41387
Error,18415
Error,22061
Error,35867
Error,16160
Error,44162
Error,40626
Error,41498
Error,18925
Error,46097
Error,20398
Error,34715
Error,15880
Error,44503
Error,42299
Error,41678
Error,42679
Error,18645
Error,22161
Error,26380
Error,16541
Error,48741
Error,47008
Error,47699
Error,52469
Error,20919
Error,24767
Error,53731
Error,23874
Error,52147
Error,47669
Error,46437
Error,47408
Error,20649
Error,21730
Error,17673
Error,14127
Error,42890
Error,42750
Error,41778
Error,40676
Error,18294
Error,21290
Error,22762
Error,14437
Error,43892
Error,41478
Error,40817
Error,41117
Error,17593
Error,21540
Error,24406
Error,13635
Error,43461
Error,50785
Error,42649
Error,40055
Error,18074
Error,20819
Error,38532
Error,21390
Error,44854
Error,42520
Error,40946
Error,41277
Error,17994
Error,21470
Error,16391
Error,13895
Error,43020
Error,40656
Error,39994
Error,40306
Error,18334
Error,21059
Error,24516
Error,13966
Error,42439
Error,41778
Error,40946
Error,41688
Error,22552
Error,23744
Error,22262
Error,15859
Error,45375
Error,42139
Error,42259
Error,42430
Error,20058
Error,22622
Error,23895
Error,15108
Error,43752
Error,42770
Error,42469
Error,41958
Error,19557
Error,22522
Error,23184
Error,14918
Error,43711
Error,42990
Error,42921
Error,50244
Error,18344
Error,21700
Error,24796
Error,19396
Error,45615
Error,42118
Error,41557
Error,41898
Error,17944
Error,21520
Error,16411
Error,14216
Error,43691
Error,41116
Error,40937
Error,40376
Error,18104
Error,21440
Error,20959
Error,13695
Error,42749
Error,41567
Error,41007
Error,41357
Error,18355
Error,21120
Error,22542
Error,13966
Error,42329
Error,46527
Error,43882
Error,43401
Error,20318
Error,23243
Error,16481
Error,14958
Error,43751
Error,41668
Error,43160
Error,41368
Error,19466
Error,22672
Error,23183
Error,14847
Error,43381
Error,42990
Error,45094
Error,41778
Error,18123
Error,21060
Error,23524
Error,13856
Error,49723
Error,42750
Error,40395
Error,40065
Error,18014
Error,21560
Error,18254
Error,13705
Error,41908
Error,41026
Error,40446
Error,40034
Error,18765
Error,21339
Error,23073
Error,13676
Error,42649
Error,40636
Error,42329
Error,40425
Error,17323
Error,21130
Error,22041
Error,13856
Error,49562
Error,42089
Error,40897
Error,40636
Error,17834
Error,21320
Error,23424
Error,13826
Error,42539
Error,40927
Error,40085
Error,41187
Error,18224
Error,21350
Error,23153
Error,13536
Error,42820
Error,41668
Error,41528
Error,41017
Error,17523
Error,20819
Error,23624
Error,13916
Error,49943
Error,42269
Error,39774
Error,40135
Error,18094
Error,20969
Error,22372
Error,14116
Error,42590
Error,40696
Error,39935
Error,39955
Error,17944
Error,21209
Error,23454
Error,13476
Error,41819
Error,40837
Error,41688
Error,41107
Error,17803
Error,20788
Error,29174
Error,9378
Error,42689
Error,47068
Error,42840
Error,42660
Error,20078
Error,22582
Error,23514
Error,13876
Error,43932
Error,42109
Error,41367
Error,41678
Error,18955
Error,22162
Error,25117
Error,12454
Error,43791
Error,41979
Error,42650
Error,40075
Error,17813
Error,20949
Error,23173
Error,13595
Error,41838
Error,46347
Error,42980
Error,43110
Error,20668
Error,23154
Error,23785
Error,14898
Error,43612
Error,41397
Error,41377
Error,42119
Error,19046
Error,22743
Error,23224
Error,15018
Error,43592
Error,43221
Error,48370
Error,42119
Error,18094
Error,20809
Error,23204
Error,13585
Error,42480
Error,46206
Error,43392
Error,42649
Error,24606
Error,22492
Error,27602
Error,15218
Error,43391
Error,41819
Error,41898
Error,42620
Error,19406
Error,22762
Error,15519
Error,15068
Error,43431
Error,41488
Error,42459
Error,44293
Error,19196
Error,22512
Error,22141
Error,13746
Error,41598
Error,40305
Error,39755
Error,46246
Error,20097
Error,23595
Error,34785
Error,15730
Error,46176
Error,42299
Error,41909
Error,40316
Error,18615
Error,21159
Error,28143
Error,9487
Error,42730
Error,42329
Error,42139
Error,41868
Error,19226
Error,22562
Error,22362
Error,13486
Error,43341
Error,41688
Error,39914
Error,41587
Error,18445
Error,21259
Error,56655
Error,18575
Error,54061
Error,44503
Error,44133
Error,44052
Error,20919
Error,23675
Error,22973
Error,14027
Error,45145
Error,41247
Error,43382
Error,43200
Error,20478
Error,23945
Error,23894
Error,15669
Error,45395
Error,42460
Error,41537
Error,41958
Error,19747
Error,20789
Error,23935
Error,14257
Error,42369
Error,40265
Error,47208
Error,44142
Error,19877
Error,23093
Error,42099
Error,21470
Error,42820
Error,42229
Error,41268
Error,40646
Error,18825
Error,21210
Error,21700
Error,15439
Error,44523
Error,43090
Error,40826
Error,41838
Error,19326
Error,22683
Error,23604
Error,13946
Error,41909
Error,40917
Error,40355
Error,43702
Error,26008
Error,22151
Error,23494
Error,13846
Error,41537
Error,41076
Error,41137
Error,40165
Error,17853
Error,21080
Error,23884
Error,13415
Error,42669
Error,40295
Error,40726
Error,41959
Error,22632
Error,21491
Error,21931
Error,13846
Error,42881
Error,41107
Error,39574
Error,41557
Error,17503
Error,21480
Error,22442
Error,13846
Error,51637
Error,42199
Error,40786
Error,40015
Error,18234
Error,21170
Error,24295
Error,14157
Error,42009
Error,41227
Error,40686
Error,41828
Error,17814
Error,20920
Error,23844
Error,13645
Error,43221
Error,40165
Error,39804
Error,43311
Error,18174
Error,21771
Error,23383
Error,13745
Error,42119
Error,41046
Error,47028
FindNodeReq,42439
Error,42500
Error,23203
Error,23093
Error,37881
Error,21440
Error,49743
Error,47599
Error,47439
Error,46026
Error,18515
Error,21390
Error,15820
Error,13996
Error,40996
Error,40306
Error,40115
Error,38742
Error,18435
Error,21300
Error,17573
Error,14016
Error,42199
Error,40146
Error,43061
Error,39414
Error,24576
Error,22912
Error,29815
Error,12303
Error,43621
Error,42790
Error,46707
Error,41047
Error,20678
Error,26319
Error,19256
Error,16350
Error,49773
Error,45565
Error,54693
Error,41929
Error,18314
Error,21340
Error,14317
Error,14267
Error,42359
Error,40726
Error,46547
Error,41968
Error,19316
Error,22492
Error,29746
Error,11041
Error,44854
Error,42009
Error,39755
Error,40526
Error,19015
Error,22662
Error,16100
Error,15850
Error,44583
Error,40776
Error,39784
Error,40305
Error,18554
Error,21410
Error,16331
Error,15038
Error,42148
Error,40585
Error,40635
Error,45455
Error,19797
Error,22933
Error,24215
Error,14267
Error,43562
Error,41788
Error,42419
Error,40285
Error,18465
Error,21761
Error,15859
Error,15690
Error,43331
Error,41789
Error,39965
Error,40216
Error,18385
Error,21621
Error,15919
Error,13886
Error,42599
Error,40175
Error,40766
Error,93665
Error,37099
Error,29255
Error,22763
Error,16601
Error,46326
Error,41818
Error,42409
Error,44553
Error,20929
Error,23654
Error,16211
Error,16611
Error,78467
Error,73648
Error,47859
Error,41988
Error,24105
Error,24315
Error,32571
Error,10860
Error,46386
Error,44814
Error,42410
Error,43521
Error,23835
Error,27522
Error,25408
Error,17463
Error,47679
Error,46327
Error,44232
Error,43983
Error,21530
Error,24867
Error,23924
Error,17472
Error,47508
Error,44222
Error,44493
Error,44463
Error,20909
Error,25548
Error,22662
Error,15629
Error,46917
Error,43933
Error,43180
Error,51776
Error,20628
Error,26009
Error,20208
Error,17092
Error,46868
Error,43060
Error,42780
Error,42400
Error,20388
Error,23474
Error,22582
Error,15338
Error,44914
Error,42870
Error,42720
Error,42630
Error,19747
Error,22903
Error,21400
Error,15399
Error,44773
Error,42690
Error,42469
Error,42690
Error,20198
Error,23444
Error,22883
Error,21220
Error,48731
Error,43140
Error,42860
Error,43020
Error,19897
Error,23714
Error,20899
Error,15499
Error,44283
Error,41989
Error,46046
Error,43661
Error,19777
Error,22592
Error,20949
Error,15509
Error,43852
Error,51085
Error,51536
Error,45014
Error,22162
Error,25888
Error,26739
Error,15029
Error,47478
Error,45485
Error,47248
Error,43832
Error,19537
Error,23514
Error,21781
Error,15519
Error,45304
Error,44113
Error,43742
Error,43952
Error,20749
Error,24586
Error,21189
Error,16280
Error,50654
Error,48691
Error,47699
Error,46988
Error,21310
Error,28934
Error,33593
Error,11161
Error,53641
Error,48100
Error,50915
Error,47689
Error,23705
Error,26089
Error,34274
Error,11812
Error,46106
Error,48120
Error,56786
Error,48300
Error,23404
Error,27171
Error,32891
Error,19336
Error,46717
Error,41898
Error,48260
Error,41247
Error,23915
Error,24025
Error,17132
Error,17382
Error,45054
Error,42900
Error,42500
Error,41989
Error,20688
Error,23604
Error,15739
Error,16310
Error,43561
Error,42860
Error,47219
Error,40867
Error,19306
Error,22502
Error,16781
Error,14878
Error,42329
Error,40365
Error,41708
Error,47800
Error,19807
Error,21460
Error,15539
Error,14678
Error,43382
Error,41056
Error,46877
Error,40897
Error,18644
Error,21470
Error,15459
Error,15288
Error,41818
Error,41548
Error,40576
Error,41057
Error,18875
Error,27933
Error,16501
Error,14667
Error,42369
Error,39203
Error,50214
Error,44704
Error,20718
Error,22813
Error,16221
Error,15880
Error,43812
Error,41358
Error,50114
Error,40486
Error,19065
Error,22391
Error,15208
Error,14698
Error,42179
Error,40075
Error,39624
Error,47870
Error,18314
Error,22052
Error,18525
Error,15358
Error,44153
Error,41558
Error,41247
Error,41167
Error,20418
Error,23564
Error,19156
Error,15539
Error,44272
Error,42690
Error,42409
Error,42880
Error,20018
Error,23153
Error,20017
Error,14246
Error,44153
Error,41087
Error,41677
Error,41608
Error,18214
Error,21710
Error,20609
Error,14547
Error,43351
Error,42168
Error,40847
Error,40896
Error,18505
Error,24476
Error,14727
Error,15639
Error,44704
Error,42690
Error,42299
Error,42339
Error,19596
Error,21661
Error,18505
Error,14718
Error,42981
Error,41608
Error,42179
Error,41708
Error,18996
Error,21180
Error,20068
Error,14136
Error,43702
Error,41397
Error,42129
Error,40836
Error,18475
Error,21511
Error,18384
Error,13946
Error,48070
Error,43040
Error,43341
Error,45966
Error,19517
Error,22893
Error,14687
Error,14617
Error,43462
Error,41448
Error,40796
Error,41337
Error,18684
Error,21881
Error,13666
Error,14246
Error,43081
Error,40967
Error,42008
Error,41277
Error,18324
Error,21069
Error,19877
Error,14297
Error,43411
Error,42520
FindNodeReq,46577
Error,42169
Error,40946
Error,18965
Error,21700
Error,21630
Error,211957
Error,80280
Error,48330
Error,56355
Error,40686
Error,21019
Error,24716
Error,29705
Error,14537
Error,46337
Error,41257
Error,40605
Error,41307
Error,18655
Error,20899
Error,15739
Error,14808
Error,55574
Error,47789
Error,42239
Error,41848
Error,18755
Error,21881
Error,14347
Error,14527
Error,44193
Error,43161
Error,41057
Error,42119
Error,20709
Error,22051
Error,19106
Error,14197
Error,43652
Error,42309
Error,40856
Error,42078
Error,18805
Error,21500
Error,20418
Error,14577
Error,43301
Error,50575
Error,43461
Error,41628
Error,18635
Error,21891
Error,23263
Error,14217
Error,43672
Error,41638
Error,41517
Error,40756
Error,18695
Error,21290
Error,18715
Error,14507
Error,44092
Error,42039
Error,41107
Error,42139
Error,18644
Error,21820
Error,18324
Error,14237
Error,43351
Error,42018
Error,41507
Error,45735
Error,19888
Error,22742
Error,34274
Error,14237
Error,45575
Error,43461
Error,41608
Error,40917
Error,18605
Error,21580
Error,17974
Error,14127
Error,44162
Error,41387
Error,41758
Error,41177
Error,19356
Error,22082
Error,19967
Error,14237
Error,42910
Error,42459
Error,40506
Error,41397
Error,22322
Error,22893
Error,18655
Error,15609
Error,44764
Error,42459
Error,41488
Error,41417
Error,18194
Error,21160
Error,19235
Error,14687
Error,44312
Error,42329
Error,41939
Error,42029
Error,18164
Error,21600
Error,21490
Error,14237
Error,43241
Error,41707
Error,40696
Error,41267
Error,19156
Error,22442
Error,14517
Error,14728
Error,43141
Error,41047
Error,41016
Error,40596
Error,20338
Error,24867
Error,28113
Error,15840
Error,48742
Error,45535
Error,46356
Error,47198
Error,20198
Error,24226
Error,36378
Error,13736
Error,48991
Error,47008
Error,46046
Error,41487
Error,17713
Error,21390
Error,21901
Error,14167
Error,46978
Error,42540
Error,40746
Error,42479
Error,18745
Error,21079
Error,19687
Error,13946
Error,43993
Error,42109
Error,40807
Error,40435
Error,18324
Error,21841
Error,20548
Error,14026
Error,42950
Error,41928
Error,40986
Error,49793
Error,23925
Error,23224
Error,23954
Error,14167
Error,43000
Error,43141
Error,45175
Error,42720
Error,19726
Error,22603
Error,38362
Error,21480
Error,44393
Error,42669
Error,41668
Error,41667
Error,18254
Error,23244
Error,24075
Error,15319
Error,44052
Error,43001
Error,41027
Error,40826
Error,17924
FindNodeRsp,24767
Error,19828
Error,23023
Error,13896
Error,43712
Error,41888
Error,40386
Error,45755
Error,19867
Error,22933
FindNodeReq,95318
Error,52989
Error,28804
Error,44713
Error,43091
Error,46738
Error,45114
Error,20508
Error,22121
Error,14617
Error,16471
Error,49282
Error,45585
Error,39714
Error,38853
Error,17943
Error,21220
Error,16651
Error,14858
Error,41948
Error,40606
Error,39163
Error,40145
Error,21240
Error,22862
Error,14127
Error,16010
Error,44302
Error,41507
Error,44023
Error,43291
Error,20278
Error,23594
Error,14187
Error,14638
Error,44233
Error,41278
Error,41297
Error,42119
Error,18374
Error,21831
Error,22472
Error,14517
Error,44623
Error,41698
Error,41828
Error,41247
Error,18856
Error,23774
Error,19116
Error,15589
Error,44223
Error,42359
Error,41728
Error,42038
Error,19697
Error,23624
Error,20438
Error,14607
Error,42850
Error,41408
Error,41297
Error,40786
Error,18464
Error,21630
Error,19126
Error,14247
Error,42650
Error,42539
Error,40987
Error,41378
Error,18765
Error,21560
Error,13555
Error,14728
Error,43762
Error,42229
Error,42289
Error,41257
Error,18685
Error,21580
Error,18264
Error,14567
Error,43011
Error,40736
Error,41117
Error,41427
Error,18715
Error,21660
Error,24726
Error,14327
Error,42840
Error,40997
Error,41708
Error,40877
Error,18885
Error,21551
Error,20639
Error,14116
Error,48230
Error,43591
Error,43591
Error,51436
Error,18425
Error,21320
Error,15268
Error,14186
Error,43201
Error,41268
Error,40035
Error,40455
Error,18906
Error,21200
Error,14427
Error,14647
Error,43822
Error,41447
Error,41598
Error,40406
Error,18535
Error,21741
Error,20759
Error,14488
Error,42680
Error,43522
Error,42880
Error,41438
Error,18134
Error,22151
Error,13936
Error,13466
Error,44463
Error,41918
Error,41317
Error,40366
Error,18454
Error,25277
Error,28574
Error,15519
Error,48691
Error,45896
Error,45184
Error,45796
Error,20799
Error,23915
Error,34444
Error,11161
Error,49152
Error,45455
Error,54381
Error,49864
Error,27372
Error,27422
Error,23083
Error,16091
Error,44173
Error,47809
Error,47900
Error,46828
Error,22692
Error,22892
Error,18124
Error,18314
Error,49853
Error,48461
Error,47148
Error,47068
Error,21039
Error,24626
Error,17774
Error,15188
Error,43642
Error,40666
Error,47579
Error,44182
Error,21159
Error,23724
Error,30847
Error,15689
Error,44363
Error,42379
Error,42520
Error,41678
Error,19246
Error,22702
Error,18104
Error,15940
Error,44844
Error,42079
Error,42239
Error,41447
Error,20328
Error,21730
Error,16371
Error,14607
Error,43752
Error,41718
Error,41047
Error,47228
Error,21380
Error,23484
Error,17513
Error,16240
Error,43993
Error,42059
Error,42078
Error,42028
Error,20418
Error,23253
Error,16581
Error,16421
Error,45706
Error,41327
Error,42450
Error,41738
Error,18425
Error,22122
Error,16961
Error,14938
Error,42269
Error,41047
Error,40335
Error,44974
Error,21310
Error,24125
Error,17082
Error,16271
Error,45555
Error,42279
Error,42600
Error,42409
Error,20739
Error,23714
Error,16751
Error,15970
Error,43532
Error,42299
Error,42710
Error,41497
Error,18885
Error,21380
Error,16130
Error,14598
Error,42689
Error,42479
Error,41568
Error,41347
Error,18114
Error,29335
Error,13566
Error,15800
Error,45806
Error,42349
Error,42340
Error,44904
Error,18945
Error,22472
Error,15489
Error,15038
Error,43661
Error,40746
Error,41087
Error,42269
Error,18935
Error,21891
Error,19506
Error,14958
Error,44523
Error,41678
Error,41507
Error,41127
Error,19416
Error,21991
Error,22001
Error,14537
Error,49422
Error,44042
Error,43621
Error,45264
Error,20108
Error,23263
Error,19527
Error,16631
Error,45576
Error,44914
Error,42579
Error,43271
Error,20158
Error,22862
Error,19297
Error,14737
Error,44703
Error,41237
Error,41037
Error,41758
Error,18965
Error,22382
Error,20909
Error,14847
Error,44724
Error,46197
Error,42579
Error,42640
Error,20388
Error,23714
Error,21460
Error,15900
Error,44724
Error,42800
Error,41658
Error,42179
Error,20168
Error,21611
Error,14588
Error,14307
Error,43040
Error,41588
Error,40826
Error,41057
Error,19397
Error,21510
Error,19978
Error,14046
Error,43441
Error,40876
Error,45915
Error,42780
Error,19677
Error,23153
Error,33292
Error,14267
Error,44804
Error,42650
Error,41127
Error,41127
Error,18865
Error,23263
Error,14297
Error,14317
Error,43341
Error,40916
Error,40506
Error,40275
Error,18174
Error,24045
Error,30197
Error,16691
Error,48150
Error,46417
Error,45415
Error,48761
Error,21060
Error,23784
Error,42750
Error,25608
Error,49502
Error,47208
Error,47949
Error,42880
Error,19246
Error,20599
Error,22412
Error,13956
Error,42359
Error,40786
Error,40666
Error,40866
Error,17983
Error,21430
Error,22863
Error,13936
Error,42900
Error,41057
Error,40396
Error,40525
Error,18775
Error,21110
Error,22582
Error,13906
Error,42940
Error,41557
Error,40245
Error,40225
Error,17953
Error,21630
Error,22553
Error,13745
Error,42750
Error,40976
Error,39484
Error,40556
Error,17713
Error,21350
Error,25838
Error,13806
Error,43141
Error,40806
Error,39955
Error,40486
Error,18504
Error,23814
Error,23053
Error,14287
Error,42790
Error,40766
Error,41687
Error,40555
Error,18645
Error,21210
Error,22001
Error,14256
Error,42921
Error,40155
Error,41006
Error,40536
Error,18675
Error,21060
Error,20949
Error,13896
Error,42629
Error,40465
Error,39474
Error,40395
Error,17923
Error,23554
Error,14678
Error,13896
Error,43081
Error,40947
Error,40877
Error,45014
Error,18464
Error,20799
Error,22291
Error,14106
Error,43200
Error,39955
Error,40365
Error,40696
Error,17974
Error,21240
Error,22131
Error,14226
Error,43191
Error,40896
Error,40245
Error,41116
Error,18464
Error,20798
Error,29786
Error,14176
Error,45755
Error,41818
Error,39964
Error,39985
Error,18094
Error,21470
Error,22902
Error,13766
Error,43412
Error,41577
Error,39925
Error,45285
Error,18865
Error,21270
Error,23574
Error,13826
Error,41968
Error,40215
Error,41116
Error,40035
Error,18044
Error,21009
Error,22772
Error,13675
Error,47789
Error,44904
Error,43732
Error,48641
Error,19276
Error,22432
Error,16411
Error,15109
Error,44243
Error,42329
Error,41458
Error,42580
Error,19186
Error,22583
Error,20157
Error,15028
Error,43541
Error,40867
Error,40746
Error,40646
Error,17673
Error,21119
Error,21841
Error,13886
Error,43220
Error,46938
Error,43722
Error,43401
Error,18945
Error,23083
Error,15640
Error,15379
Error,44793
Error,42820
Error,42239
Error,40887
Error,19116
Error,22772
Error,22212
Error,15158
Error,43210
Error,42400
Error,40225
Error,40606
Error,18164
Error,21059
Error,22482
Error,13826
Error,41868
Error,46577
Error,43502
Error,44012
Error,24025
Error,22522
Error,22542
Error,15249
Error,43180
Error,42840
Error,41758
Error,40897
Error,20498
Error,22842
Error,22131
Error,15238
Error,43612
Error,42199
Error,40165
Error,40226
Error,18484
Error,21040
Error,23013
Error,13906
Error,42810
Error,40746
Error,46527
Error,43822
Error,19607
Error,22662
Error,25127
Error,14767
Error,44063
Error,41738
Error,41358
Error,41678
Error,19466
Error,22532
Error,21069
Error,15509
Error,44954
Error,42139
Error,39564
Error,40075
Error,17943
Error,21350
Error,23985
Error,13926
Error,41818
Error,40465
Error,50214
Error,41768
Error,18204
Error,21350
Error,33873
Error,14928
Error,42109
Error,40836
Error,40816
Error,39965
Error,18083
Error,21370
Error,22432
Error,13826
Error,42810
Error,41667
Error,40095
Error,40044
Error,18464
Error,21079
Error,22211
Error,13916
Error,42269
Error,40385
Error,56375
Error,43412
Error,19316
Error,21680
Error,34885
Error,15269
Error,43812
Error,41287
Error,48751
Error,40256
Error,18104
Error,21329
Error,19977
Error,13755
Error,43762
Error,41177
Error,43581
Error,40876
Error,18555
Error,21220
Error,21681
Error,13876
Error,42489
Error,40986
Error,39684
Error,39343
Error,20999
Error,23154
Error,14838
Error,15329
Error,43481
Error,42159
Error,41047
Error,41598
Error,20338
Error,22783
Error,22112
Error,15499
Error,43982
Error,40816
Error,40566
Error,40145
Error,17993
Error,20989
Error,24045
Error,13606
Error,42249
Error,40926
Error,40145
Error,40185
Error,17674
Error,28804
Error,14487
Error,14037
Error,43531
Error,43741
Error,41527
Error,40195
Error,18525
Error,21380
Error,26199
Error,13655
Error,42379
Error,40475
Error,40526
Error,40866
Error,18574
Error,21971
Error,23093
Error,13876
Error,41928
Error,40516
Error,41167
Error,41557
Error,17904
Error,21570
Error,31959
Error,14046
Error,44924
Error,40656
Error,41338
Error,40626
Error,18274
Error,21430
Error,22411
Error,13896
Error,42650
Error,40646
Error,40145
Error,39634
Error,17784
Error,21440
Error,21781
Error,14166
Error,43671
Error,40155
Error,40486
Error,40486
Error,18675
Error,21560
Error,22662
Error,14106
Error,46367
Error,42389
Error,42840
Error,48521
Error,20138
Error,21060
Error,23745
Error,13896
Error,42219
Error,40506
Error,39925
Error,40045
Error,18264
Error,21270
Error,21580
Error,13636
Error,42550
Error,41758
Error,40997
Error,40756
Error,18004
Error,21109
Error,21661
Error,14336
Error,42269
Error,45385
Error,42650
Error,41658
Error,18404
Error,21159
Error,14827
Error,13916
Error,42900
Error,41107
Error,40526
Error,41237
Error,18425
Error,21470
Error,16170
Error,14147
Error,43140
Error,40275
Error,40315
Error,40175
Error,17884
Error,21229
Error,22362
Error,13766
Error,42580
Error,40756
Error,43942
Error,40095
Error,18635
Error,21340
Error,37029
Error,16360
Error,44303
Error,41398
Error,40516
Error,39944
Error,18194
Error,21380
Error,22793
Error,13656
Error,42329
Error,40616
Error,40676
Error,40285
Error,18204
Error,21100
Error,20689
Error,13856
Error,42529
Error,40065
Error,39724
Error,75000
Error,22362
Error,25458
Error,53099
Error,29395
Error,47879
Error,43541
Error,43001
Error,43852
Error,19647
Error,23503
Error,48911
Error,24686
Error,45355
Error,40907
Error,40296
Error,44363
Error,20999
Error,25357
Error,53971
Error,29505
Error,46927
Error,43992
Error,44333
Error,45034
Error,18685
Error,24365
Error,62437
Error,43542
Error,44112
Error,45465
Error,44804
Error,43241
Error,20668
Error,23073
Error,53590
Error,28143
Error,45495
Error,40255
Error,41888
Error,40366
Error,19888
Error,24977
Error,61084
Error,39363
Error,43732
Error,40706
Error,39925
Error,47329
Error,20909
Error,25287
Error,61385
Error,41537
Error,45465
Error,41968
Error,41858
Error,40626
Error,18274
Error,23204
Error,50435
Error,26390
Error,45545
Error,42760
Error,40686
Error,41368
Error,19105
Error,24566
Error,51166
Error,26259
Error,44112
Error,41277
Error,40185
Error,54111
Error,19196
Error,23083
Error,50063
Error,25207
Error,45595
Error,40706
Error,40445
Error,41097
Error,19056
Error,23484
Error,50244
Error,18725
Error,45265
Error,41207
Error,41187
Error,40656
Error,18635
Error,23574
Error,51437
Error,27111
Error,45034
Error,41648
Error,41698
Error,40195
Error,19387
Error,25427
Error,49452
Error,25147
Error,47799
Error,42610
Error,42259
Error,41478
Error,18805
Error,23314
Error,49432
Error,24676
Error,44553
Error,42509
Error,41107
Error,41598
Error,20649
Error,24856
Error,55564
Error,31920
Error,45535
Error,40456
Error,40426
Error,40265
Error,18204
Error,23784
Error,49493
Error,25227
Error,44243
Error,40536
Error,39854
Error,40586
Error,18554
Error,23233
Error,54031
Error,30386
Error,43160
Error,41247
Error,40535
Error,40115
Error,18364
Error,23734
Error,55824
Error,32220
Error,44854
Error,41187
Error,39834
Error,39864
Error,18104
Error,22943
Error,49252
Error,27041
Error,44363
Error,40896
Error,40405
Error,41057
Error,18515
Error,23884
Error,49472
Error,25298
Error,44994
Error,40245
Error,39454
Error,39755
Error,18946
Error,23514
Error,52809
Error,27712
Error,44593
Error,40827
Error,40786
Error,41407
Error,18244
Error,23213
Error,56285
Error,31779
Error,46998
Error,43762
Error,43241
Error,47189
Error,20178
Error,22502
Error,47870
Error,25347
Error,44553
Error,39684
Error,40937
Error,42289
Error,20137
Error,24706
Error,50614
Error,26179
Error,46016
Error,42650
Error,41457
Error,40256
Error,18374
Error,23234
Error,50123
Error,25778
Error,43902
Error,48231
Error,43291
Error,42690
Error,19947
Error,24837
Error,50675
Error,25878
Error,44533
Error,43421
Error,41117
Error,39964
Error,19377
Error,24315
Error,54693
Error,30597
Error,45646
Error,42610
Error,41257
Error,40986
Error,19426
Error,23213
Error,52728
Error,28273
Error,43642
Error,47850
Error,43842
Error,43462
Error,20779
Error,24626
Error,56535
Error,33052
Error,44773
Error,40656
Error,40606
Error,39474
Error,20598
Error,24756
Error,50875
Error,27441
Error,45826
Error,42750
Error,41127
Error,41678
Error,18284
Error,23203
Error,56175
Error,31809
Error,43772
Error,41327
Error,47099
Error,43882
Error,20228
Error,28514
Error,85520
Error,65011
Error,55755
Error,42499
Error,41498
Error,42108
Error,20077
Error,24185
Error,50344
Error,25378
Error,45185
Error,42409
Error,41498
Error,39454
Error,18505
Error,23453
Error,55654
Error,31669
Error,44062
Error,41227
Error,47609
Error,43602
Error,20468
Error,24686
Error,60623
Error,40545
Error,44844
Error,43411
Error,41828
Error,41177
Error,19536
Error,23254
Error,50935
Error,27051
Error,45375
Error,40486
Error,40486
Error,41628
Error,19747
Error,26830
Error,48009
Error,24676
Error,44053
Error,41788
Error,40656
Error,47148
Error,20237
Error,25307
Error,51206
Error,26380
Error,46307
Error,41758
Error,42509
Error,40125
Error,18134
Error,23364
Error,49933
Error,25437
Error,44994
Error,43502
Error,41397
Error,41949
Error,19586
Error,24466
Error,53670
Error,28974
Error,43862
Error,40255
Error,39904
Error,53561
Error,19356
Error,23624
Error,49753
Error,25477
Error,44123
Error,41678
Error,40566
Error,40666
Error,18424
Error,23464
Error,52598
Error,27742
Error,43792
Error,41167
Error,41838
Error,40576
Error,18014
Error,23443
Error,51527
Error,27792
Error,44223
Error,41298
Error,40896
Error,40135
Error,19757
Error,25337
Error,51045
Error,26650
Error,46767
Error,43491
Error,41037
Error,41167
Error,18795
Error,23534
Error,48641
Error,24887
Error,44443
Error,40997
Error,41377
Error,41377
Error,19797
Error,24446
Error,56094
Error,31679
Error,46136
Error,40626
Error,40466
Error,40065
Error,18395
Error,23554
Error,49392
Error,24757
Error,44303
Error,41177
Error,40085
Error,40055
Error,17713
Error,23204
Error,53760
Error,29626
Error,45114
Error,41838
Error,41387
Error,40205
Error,18114
Error,23635
Error,48090
Error,25478
Error,43922
Error,41057
Error,40296
Error,40095
Error,18184
Error,30096
Error,47759
Error,26119
Error,44162
Error,41067
Error,40225
Error,40937
Error,18274
Error,23344
Error,48581
Error,24896
Error,43792
Error,40756
Error,40285
Error,40796
Error,18605
Error,23353
Error,54312
Error,30156
Error,44474
Error,41898
Error,40436
Error,39825
Error,18825
Error,22822
Error,65994
Error,30146
Error,44724
Error,40937
Error,39855
Error,39804
Error,18034
Error,23303
Error,50233
Error,25447
Error,44533
Error,40806
Error,45675
Error,40937
Error,18094
Error,23043
Error,53581
Error,29304
Error,43993
Error,41046
Error,40316
Error,41207
Error,18294
Error,22843
Error,47679
Error,25828
Error,47779
Error,44714
Error,47188
Error,40987
Error,19727
Error,22993
Error,52228
Error,28604
Error,44523
Error,40085
Error,46567
Error,41628
Error,19497
Error,24456
Error,56165
Error,32411
Error,45305
Error,40606
Error,45705
Error,40335
Error,22311
Error,24976
Error,50114
Error,26059
Error,47038
Error,44634
Error,45255
Error,41427
Error,20258
Error,24295
Error,49863
Error,26800
Error,45114
Error,41247
Error,40024
Error,39734
Error,19717
Error,23444
Error,50144
Error,25448
Error,44052
Error,41918
Error,40956
Error,54141
Error,19156
Error,23324
Error,43671
Error,21741
Error,44533
Error,41047
Error,40505
Error,40475
Error,17944
Error,23394
Error,51346
Error,26860
Error,45235
Error,42409
Error,40786
Error,40335
Error,18665
Error,22341
Error,50154
Error,26108
Error,44023
Error,41498
Error,41127
Error,53780
Error,18915
Error,23474
Error,49533
Error,25518
Error,44292
Error,41097
Error,41498
Error,39935
Error,18083
Error,22863
Error,50053
Error,24826
Error,43491
Error,42299
Error,40135
Error,39574
Error,18514
Error,22863
Error,52779
Error,28604
Error,44132
Error,40556
Error,40726
Error,43461
Error,21070
Error,24907
Error,49312
Error,24777
Error,46076
Error,41778
Error,47168
Error,41678
Error,18996
Error,23104
Error,48431
Error,29906
Error,44493
Error,41878
Error,42039
Error,41277
Error,19547
Error,24145
Error,50434
Error,26690
Error,44153
Error,40987
Error,40476
Error,46688
Error,21570
Error,24656
Error,52628
Error,27762
Error,47770
Error,42179
Error,40806
Error,42299
Error,18325
Error,22993
Error,52448
Error,28273
Error,44022
Error,42319
Error,42539
Error,42349
Error,19466
Error,23263
Error,54161
Error,29555
Error,44814
Error,42148
Error,40416
Error,47168
Error,20879
Error,25107
Error,49743
Error,24977
Error,47579
Error,42790
Error,41458
Error,41598
Error,18875
Error,23344
Error,48570
Error,24495
Error,43481
Error,42810
Error,41006
Error,41547
Error,19136
Error,23083
Error,54031
Error,30237
Error,44233
Error,41929
Error,49933
Error,44183
Error,18986
Error,22833
Error,58970
Error,39504
Error,44122
Error,40125
Error,45325
Error,40566
Error,18855
Error,22913
Error,50995
Error,26950
Error,44323
Error,40445
Error,40295
Error,40365
Error,18545
Error,23554
Error,55934
Error,31118
Error,44023
Error,40986
Error,40806
Error,45194
Error,18424
Error,23384
Error,50224
Error,25838
Error,44944
Error,41678
Error,41267
Error,40366
Error,18214
Error,23424
Error,51115
Error,26079
Error,44293
Error,40706
Error,40616
Error,40716
Error,19056
Error,23273
Error,54162
Error,29635
Error,45836
Error,40807
Error,44914
Error,44874
Error,20278
Error,25277
Error,61115
Error,40957
Error,44823
Error,42709
Error,48030
Error,41688
Error,19657
Error,23063
Error,51045
Error,26560
Error,44252
Error,41528
Error,41548
Error,42249
Error,20047
Error,24536
Error,55504
Error,31018
Error,43732
Error,41197
Error,47559
Error,44593
Error,20228
Error,24656
Error,58399
Error,38543
Error,44904
Error,43321
Error,47519
Error,42309
Error,19887
Error,23594
Error,48771
Error,25367
Error,44944
Error,41538
Error,40435
Error,40646
Error,17813
Error,24786
Error,53570
Error,29014
Error,44543
Error,40897
Error,48912
Error,44112
Error,20608
Error,25137
Error,60172
Error,40405
Error,43882
Error,43020
Error,44092
Error,40044
Error,18114
Error,22882
Error,51005
Error,26119
Error,46046
Error,43130
Error,42840
Error,41187
Error,19787
Error,23214
Error,50815
Error,25858
Error,43541
Error,41057
Error,46918
Error,43561
Error,20549
Error,25407
Error,52167
Error,28003
Error,45565
Error,43230
Error,46887
Error,40816
Error,18785
Error,24075
Error,50114
Error,26019
Error,45966
Error,43121
Error,46738
Error,40716
Error,19466
Error,22923
Error,54812
Error,29635
Error,44734
Error,45004
Error,44283
Error,42900
Error,20247
Error,24937
Error,49963
Error,25818
Error,45585
Error,43381
Error,44944
Error,40355
Error,18204
Error,24506
Error,50104
Error,25838
Error,45926
Error,42600
Error,41637
Error,40004
Error,18234
Error,23133
Error,58850
Error,38411
Error,48882
Error,44764
Error,43231
Error,42800
Error,20769
Error,23274
Error,47819
Error,25527
Error,44624
Error,41187
Error,46667
Error,40365
Error,18254
Error,25628
Error,49102
Error,25668
Error,45976
Error,42269
Error,46768
Error,40175
Error,18725
Error,22763
Error,50604
Error,26489
Error,44253
Error,41117
Error,45094
Error,40806
Error,19066
Error,23404
Error,54562
Error,30127
Error,44132
Error,40876
Error,45475
Error,39944
Error,18976
Error,22672
Error,56335
Error,32311
Error,43241
Error,41507
Error,44823
Error,39343
Error,18525
Error,23544
Error,51476
Error,25959
Error,43582
Error,40505
Error,45625
Error,40044
Error,18154
Error,22953
Error,50144
Error,25698
Error,43441
Error,40385
Error,47098
Error,40786
Error,18525
Error,23293
Error,54362
Error,30707
Error,42970
Error,40215
Error,45525
Error,40135
Error,19146
Error,25338
Error,51226
Error,25758
Error,47159
Error,42850
Error,45866
Error,41879
Error,18454
Error,23083
Error,51076
Error,26680
Error,43571
Error,41036
Error,47148
Error,40967
Error,19707
Error,24456
Error,50905
Error,26319
Error,44132
Error,40807
Error,47469
Error,47609
Error,20248
Error,24976
Error,50725
Error,24827
Error,48010
Error,42971
Error,47759
Error,40025
Error,18915
Error,23013
Error,52137
Error,27752
Error,44714
Error,42549
Error,47488
Error,41207
Error,19787
Error,24596
Error,50685
Error,26049
Error,43842
Error,40946
Error,47038
Error,42870
Error,20217
Error,24766
Error,59491
Error,39293
Error,45445
Error,43191
Error,43201
Error,42279
Error,19977
Error,22893
Error,50755
Error,26339
Error,43662
Error,41578
Error,46036
Error,41999
Error,19386
Error,23604
Error,52768
Error,28794
Error,44172
Error,47739
Error,43391
Error,42659
Error,19847
Error,24085
Error,54161
Error,30387
Error,46146
Error,42469
Error,45354
Error,41026
Error,18354
Error,22973
Error,50615
Error,26179
Error,43801
Error,40265
Error,46977
Error,41147
Error,18524
Error,23093
Error,50564
Error,26419
Error,50174
Error,44634
Error,43651
Error,43121
Error,20098
Error,24296
Error,50044
Error,25969
Error,45766
Error,49292
Error,49352
Error,40436
Error,18184
Error,23293
Error,50084
Error,25858
Error,43191
Error,42790
Error,49252
Error,43993
Error,20178
Error,24325
Error,54602
Error,29405
Error,45505
Error,40967
Error,47539
Error,40125
Error,20187
Error,24756
Error,52448
Error,28253
Error,46978
Error,43401
Error,49282
Error,41687
Error,18555
Error,25177
Error,52037
Error,28674
Error,44483
Error,44663
Error,45374
Error,39935
Error,17773
Error,24586
Error,56095
Error,31448
Error,45766
Error,43251
Error,45355
Error,42400
Error,19136
Error,23053
Error,50545
Error,26129
Error,44433
Error,42129
Error,45876
Error,40536
Error,18815
Error,22963
Error,50734
Error,26900
Error,44042
Error,40456
Error,39674
Error,48090
Error,20528
Error,25648
Error,48530
Error,25257
Error,46256
Error,42700
Error,41818
Error,41328
Error,19676
Error,24686
Error,53410
Error,28594
Error,44273
Error,40716
Error,45165
Error,40887
Error,19496
Error,23704
Error,55494
Error,30778
Error,43331
Error,40475
Error,47679
Error,43812
Error,20248
Error,25859
Error,52468
Error,27682
Error,45805
Error,42709
Error,48431
Error,41177
Error,20599
Error,23213
Error,51346
Error,27101
Error,43791
Error,41417
Error,45064
Error,41307
Error,18264
Error,23824
Error,56856
Error,33082
Error,50284
Error,43882
Error,44634
Error,43441
Error,19536
Error,24516
Error,50194
Error,26560
Error,45776
Error,41758
Error,47158
Error,39674
Error,18965
Error,23013
Error,53911
Error,30146
Error,43983
Error,42500
Error,41718
Error,40275
Error,18255
Error,23484
Error,65803
Error,35676
Error,44494
Error,41067
Error,44713
Error,40185
Error,19066
Error,23434
Error,51456
Error,27632
Error,44673
Error,41628
Error,46227
Error,40776
Error,18545
Error,23454
Error,50424
Error,25979
Error,43872
Error,39784
Error,47068
Error,40155
Error,18134
Error,24255
Error,49753
Error,26169
Error,46858
Error,44363
Error,46978
Error,41759
Error,19225
Error,23574
Error,49272
Error,26459
Error,44383
Error,41077
Error,46296
Error,41087
Error,19878
Error,24896
Error,54852
Error,31519
Error,46396
Error,41488
Error,45906
Error,39985
Error,22382
Error,25247
Error,52187
Error,27912
Error,46798
Error,44454
Error,45766
Error,40857
Error,19867
Error,24485
Error,56977
Error,32881
Error,45615
Error,41337
Error,45665
Error,40105
Error,20298
Error,24857
Error,52488
Error,28514
Error,45585
Error,41508
Error,47028
Error,53229
Error,19006
Error,23124
Error,55164
Error,30887
Error,45185
Error,40967
Error,45045
Error,39293
Error,18715
Error,22943
Error,52228
Error,26390
Error,43381
Error,41227
Error,45876
Error,40246
Error,18505
Error,22933
Error,53390
Error,29565
Error,44644
Error,40917
Error,45545
Error,43612
Error,19065
Error,22863
Error,49934
Error,26199
Error,50845
Error,72826
Error,45485
Error,45616
Error,27401
Error,28433
Error,60623
Error,39644
Error,46447
Error,40576
Error,45966
Error,40996
Error,19607
Error,24165
Error,48401
Error,34805
Error,42710
Error,50785
Error,41097
Error,40606
Error,21229
Error,24106
Error,47038
Error,24916
Error,48471
Error,41277
Error,45956
Error,40806
Error,19406
Error,29185
Error,42259
Error,16912
Error,45615
Error,42570
Error,46206
Error,40495
Error,19246
Error,24455
Error,47449
Error,25027
Error,48000
Error,40906
Error,44543
Error,42961
Error,20067
Error,26740
Error,46908
Error,23333
Error,45855
Error,41247
Error,44664
Error,41327
Error,18795
Error,25628
Error,44814
Error,23254
Error,45596
Error,41948
Error,41127
Error,40656
Error,18855
Error,23945
Error,48420
Error,25808
Error,44053
Error,40876
Error,42309
Error,40386
Error,19507
Error,23885
Error,46157
Error,23373
Error,44202
Error,40816
Error,43111
Error,40406
Error,19406
Error,25007
Error,48510
Error,26390
Error,44233
Error,39945
Error,43331
Error,39965
Error,19857
Error,24526
Error,46817
Error,24265
Error,44474
Error,41989
Error,44573
Error,39814
Error,19226
Error,24205
Error,46266
Error,23434
Error,46807
Error,42489
Error,40736
Error,40125
Error,19436
Error,25237
Error,51576
Error,26810
Error,45005
Error,42019
Error,46497
Error,48501
Error,20528
Error,24085
Error,50705
Error,26269
Error,45315
Error,41718
Error,46928
Error,41428
Error,19666
Error,24766
Error,50495
Error,25719
Error,45906
Error,41668
Error,41147
Error,41247
Error,19847
Error,24266
Error,51436
Error,27080
Error,46397
Error,41778
Error,52198
Error,46287
Error,20849
Error,25478
Error,50875
Error,26239
Error,47529
Error,44022
Error,48911
Error,42470
Error,20919
Error,23895
Error,50735
Error,26019
Error,45555
Error,41958
Error,47508
Error,43101
Error,20989
Error,24546
Error,51466
Error,27271
Error,44864
Error,48360
Error,44654
Error,43441
Error,20298
Error,25798
Error,52658
Error,28593
Error,47508
Error,44513
Error,48661
Error,43642
Error,19897
Error,24165
Error,49643
Error,26801
Error,45045
Error,40916
Error,47920
Error,40836
Error,18915
Error,24065
Error,55103
Error,31148
Error,50956
Error,43241
Error,43361
Error,43401
Error,20389
Error,26069
Error,50344
Error,25487
Error,44754
Error,48100
Error,47179
Error,49172
Error,20939
Error,26499
Error,49823
Error,25708
Error,46968
Error,41788
Error,40496
Error,41237
Error,22592
Error,26379
Error,86371
Error,62818
Error,50034
Error,46937
Error,50144
Error,46878
Error,21480
Error,25949
Error,70061
Error,47138
Error,49062
Error,40676
Error,43531
Error,40205
Error,18214
Error,23514
Error,53059
Error,28834
Error,45084
Error,40436
Error,40916
Error,40967
Error,18484
Error,23473
Error,50324
Error,26539
Error,45986
Error,42630
Error,42118
Error,41408
Error,19947
Error,23834
Error,50404
Error,25898
Error,44663
Error,41598
Error,41067
Error,39664
Error,18435
Error,23444
Error,55253
Error,30938
Error,43571
Error,41317
Error,40586
Error,41147
Error,18654
Error,24245
Error,51456
Error,27161
Error,46426
Error,41298
Error,47239
Error,41077
Error,19476
Error,23444
Error,55314
Error,31779
Error,44834
Error,40646
Error,40846
Error,39924
Error,19085
Error,23353
Error,54873
Error,31048
Error,44744
Error,40456
Error,40355
Error,41547
Error,18194
Error,23715
Error,51486
Error,26510
Error,46457
Error,42760
Error,44353
Error,41287
Error,19727
Error,23234
Error,52528
Error,27512
Error,44704
Error,41989
Error,40586
Error,40265
Error,18134
Error,22782
Error,51696
Error,29415
Error,44463
Error,41928
Error,40706
Error,39754
Error,18354
Error,24115
Error,49132
Error,25578
Error,45095
Error,42640
Error,43190
Error,40646
Error,18625
Error,23504
Error,51437
Error,26289
Error,44423
Error,41597
Error,39865
Error,41317
Error,18294
Error,22813
Error,49613
Error,24756
Error,47700
Error,40807
Error,41197
Error,41127
Error,18194
Error,23615
Error,49362
Error,25418
Error,44153
Error,40535
Error,44934
Error,40836
Error,18836
Error,23003
Error,50294
Error,25167
Error,44714
Error,41367
Error,40847
Error,40566
Error,19115
Error,23424
Error,50344
Error,26169
Error,44473
Error,40385
Error,39804
Error,40445
Error,20138
Error,23594
Error,50464
Error,26189
Error,43711
Error,40515
Error,41618
Error,41187
Error,18244
Error,23123
Error,49823
Error,26018
Error,44984
Error,41047
Error,41117
Error,40055
Error,17853
Error,23263
Error,58820
Error,34795
Error,45404
Error,40676
Error,41598
Error,41147
Error,19326
Error,25287
Error,50033
Error,25448
Error,47529
Error,43792
Error,46647
Error,42940
Error,18024
Error,23053
Error,50534
Error,26059
Error,44023
Error,41227
Error,42429
Error,41949
Error,19537
Error,24425
Error,56616
Error,32701
Error,45455
Error,40966
Error,45064
Error,40525
Error,22853
Error,24836
Error,52127
Error,27872
Error,47098
Error,43691
Error,45525
Error,41287
Error,18174
Error,23584
Error,50445
Error,26189
Error,43962
Error,41047
Error,46066
Error,42229
Error,19467
Error,24556
Error,53870
Error,29114
Error,44132
Error,41667
Error,40997
Error,47428
Error,20859
Error,24676
Error,63189
Error,43001
Error,46366
Error,42440
Error,47980
Error,40956
Error,18575
Error,22893
Error,50585
Error,26018
Error,45856
Error,42209
Error,40526
Error,40266
Error,19737
Error,23313
Error,55514
Error,31268
Error,43662
Error,40896
Error,47409
Error,55434
Error,21571
Error,25267
Error,59962
Error,40706
Error,46176
Error,42840
Error,41939
Error,42539
Error,20138
Error,24897
Error,49913
Error,25738
Error,44353
Error,41968
Error,44383
Error,42419
Error,18454
Error,23494
Error,55483
Error,30818
Error,44352
Error,56035
Error,41357
FindNodeRsp,22081
Error,41237
Error,19236
Error,24285
Error,49352
Error,25207
Error,44674
Error,41668
Error,43221
FindNodeReq,40947
Error,42359
Error,19085
Error,23624
Error,50014
Error,25678
Error,45505
Error,42459
Error,46187
Error,40996
Error,18645
Error,23394
Error,54933
Error,30877
Error,44022
Error,45496
Error,42510
Error,41418
Error,18735
Error,23564
Error,51746
Error,28413
Error,46467
Error,41628
Error,42139
Error,42369
Error,18995
Error,23785
Error,52668
Error,28995
Error,44733
Error,42169
Error,41919
Error,40706
Error,19155
Error,24025
Error,55584
Error,31849
Error,48070
Error,45526
Error,43672
Error,48411
Error,20228
Error,25377
Error,50233
Error,26148
Error,45265
Error,41308
Error,40896
Error,42459
Error,20348
Error,25067
Error,51115
Error,27231
Error,47249
Error,43311
Error,42670
Error,41588
Error,18375
Error,24075
Error,55103
Error,31298
Error,56425
Error,44934
Error,42449
Error,41337
Error,19336
Error,23443
Error,53701
Error,30277
Error,45705
Error,41859
Error,41888
Error,41238
Error,18915
Error,24075
Error,52077
Error,27281
Error,44523
Error,41578
Error,40926
Error,41057
Error,19056
Error,23794
Error,56035
Error,32711
Error,44283
Error,45335
Error,41447
Error,41308
Error,18625
Error,23604
Error,54142
Error,29886
Error,44643
Error,40686
Error,41437
Error,41107
Error,18254
Error,23303
Error,52428
Error,28183
Error,44413
Error,40757
Error,41207
Error,41057
FindNodeReq,32681
FindNodeReq,35647
Error,18776
FindNodeReq,70812
FindNodeReq,39995
Error,50855
Error,118351
Error,97091
Error,74549
Error,44794
Error,42579
Error,40996
Error,19867
Error,25417
Error,52508
Error,28493
Error,46897
Error,43431
Error,41117
Error,43061
Error,18895
Error,24746
Error,52679
Error,28022
Error,44764
Error,40726
FindNodeReq,38642
FindNodeReq,36147
Error,41958
FindNodeReq,37570
FindNodeReq,36448
Error,40816
UpdateRouteReq,22562
FindNodeReq,44613
Error,21200
UpdateRouteReq,26079
Error,21821
UpdateRouteReq,107110
Error,71043
Error,47159
Error,44803
Error,43691
Error,43010
Error,46077
Error,25257
Error,27070
Error,24455
Error,15238
Error,45876
Error,42148
Error,41678
Error,40526
Error,19376
Error,22863
Error,31078
Error,13455
Error,45876
Error,42069
Error,42309
Error,41298
Error,18645
Error,23394
Error,32080
Error,17493
Error,44553
Error,44413
Error,42450
Error,43241
Error,19556
Error,22562
Error,31899
Error,13154
Error,44563
Error,42329
Error,42269
Error,20308
Error,35196
Error,21310
Error,32721
Error,19046
Error,44263
Error,41958
Error,42971
Error,42269
Error,18625
Error,22883
Error,33443
Error,19607
Error,52328
Error,43852
FindNodeReq,46057
FindNodeReq,34194
Error,41417
FindNodeReq,32020
FindNodeReq,33773
Error,40386
UpdateRouteReq,23164
Error,24175
Error,26830
Error,48821
Error,19446
Error,48170
Error,41237
Error,45605
Error,45996
Error,21450
Error,26098
Error,20969
Error,16691
Error,49002
Error,41087
Error,45024
Error,39904
Error,19757
Error,25258
Error,19607
Error,15930
Error,44773
Error,41487
Error,40856
Error,40636
Error,19426
Error,22613
Error,19005
Error,14277
Error,43852
Error,41518
Error,44283
Error,41006
Error,18926
Error,23224
Error,18144
Error,14346
Error,44854
Error,42500
Error,42289
Error,41137
Error,19687
Error,25708
Error,16341
Error,15800
Error,44222
Error,43672
Error,45576
Error,41628
Error,19647
Error,22372
Error,24256
Error,15539
Error,44363
Error,42890
Error,47007
Error,41938
Error,19626
Error,22933
Error,15980
Error,15559
Error,45696
Error,42529
Error,44594
Error,42098
Error,19176
Error,22873
Error,22963
Error,15940
Error,44082
Error,41066
Error,45986
Error,45505
Error,21671
Error,25798
Error,20549
Error,16721
Error,43131
Error,43442
Error,41949
Error,41307
Error,22191
Error,24476
Error,19847
Error,15990
Error,44744
Error,42129
Error,43441
Error,40957
Error,18595
Error,27822
Error,20559
Error,15920
Error,45335
Error,43280
Error,44423
Error,43321
Error,20408
Error,24106
Error,19586
Error,15359
Error,45144
Error,42840
Error,46998
Error,43591
Error,19136
Error,22693
Error,18715
Error,14738
Error,43562
Error,40676
Error,40636
Error,40345
Error,18304
Error,36799
Error,13405
Error,17803
Error,49673
Error,47750
Error,44553
Error,41538
Error,21180
Error,22883
Error,14698
Error,16481
Error,43792
Error,42589
Error,46887
Error,41918
Error,20819
Error,23785
Error,17342
Error,15529
Error,43371
Error,41126
Error,46848
Error,40816
Error,28413
Error,24877
Error,18936
Error,17883
Error,47619
Error,45185
Error,52738
Error,43241
Error,21510
Error,23905
Error,18184
Error,17072
Error,45154
Error,45435
Error,52809
Error,43431
Error,21039
Error,24576
Error,19055
Error,15359
Error,44082
Error,41708
Error,45896
Error,42199
Error,23474
Error,24777
Error,19586
Error,17222
Error,47539
Error,45165
Error,51286
Error,44283
Error,20649
Error,24205
Error,19467
Error,17112
Error,45555
Error,44363
Error,50925
Error,44213
Error,21019
Error,23975
Error,17633
Error,15609
Error,44734
Error,41919
Error,45765
Error,48952
Error,22352
Error,24857
Error,19246
Error,17071
Error,46206
Error,44563
Error,85059
Error,45715
Error,21480
Error,25087
Error,19276
Error,16931
Error,46066
Error,43361
Error,49683
Error,42609
Error,21119
Error,24516
Error,15689
Error,15248
Error,44824
Error,42529
Error,45886
Error,45134
Error,21580
Error,24596
Error,38231
Error,19166
Error,46396
Error,45335
Error,51146
Error,42670
Error,19496
Error,22793
Error,18544
Error,16651
Error,45435
Error,43902
Error,48591
Error,43631
Error,21320
Error,24165
Error,18555
Error,15389
Error,43751
Error,46296
Error,54151
Error,52188
Error,24014
Error,27601
Error,38051
Error,14918
Error,51507
Error,48971
Error,54081
Error,47118
Error,21410
Error,24215
Error,17954
Error,16541
Error,44594
Error,44032
Error,45765
Error,43472
Error,19517
Error,22952
Error,28303
Error,15409
Error,44643
Error,49082
Error,46417
Error,44924
Error,22031
Error,24055
Error,25348
Error,17132
Error,45796
Error,43852
Error,43411
Error,42790
Error,20318
Error,24285
Error,18034
Error,16501
Error,45224
Error,44584
Error,51977
Error,42760
Error,19506
Error,22152
Error,26440
Error,14948
Error,48621
Error,44995
Error,51817
Error,44313
Error,21700
Error,22933
Error,26450
Error,15479
Error,45275
Error,44132
Error,49553
Error,43561
Error,21600
Error,23814
Error,18034
Error,16481
Error,44533
Error,43421
Error,48230
Error,40656
Error,19376
Error,22061
Error,17222
Error,15489
Error,43902
Error,41298
Error,41798
Error,41367
Error,19176
Error,22121
Error,28032
Error,14828
Error,43691
Error,41819
Error,43732
Error,42019
Error,19206
Error,22652
Error,24345
Error,15530
Error,43952
Error,42750
Error,41407
Error,41748
Error,19346
Error,24075
Error,29314
Error,15469
Error,43882
Error,42500
Error,42851
Error,42138
Error,19567
Error,22282
Error,25217
Error,14808
Error,43943
Error,41869
Error,42199
Error,41338
Error,19617
Error,22643
Error,25277
Error,14788
Error,44443
Error,41518
Error,42489
Error,51857
Error,20679
Error,22351
Error,29105
Error,15198
Error,42931
Error,42119
Error,50404
Error,42209
Error,18915
Error,22733
Error,26810
Error,15118
Error,43531
Error,42209
Error,48831
Error,41768
Error,19106
Error,22462
Error,25247
Error,15259
Error,43551
Error,42259
Error,48009
Error,47659
Error,22252
Error,25558
Error,23825
Error,22001
Error,52979
Error,44333
Error,43632
Error,43432
Error,20879
Error,24436
Error,32741
Error,19366
Error,44944
Error,43080
Error,46877
Error,43010
Error,21370
Error,24566
Error,31379
Error,17984
Error,45125
Error,42069
Error,46967
Error,48030
Error,21139
Error,24506
Error,36078
Error,27912
Error,48932
Error,42599
Error,48050
Error,42920
Error,19186
Error,22202
Error,31318
Error,18184
Error,43612
Error,42670
Error,47720
Error,41959
Error,20578
Error,24105
Error,31028
Error,17363
FindNodeReq,41658
Error,42940
Error,41267
Error,41788
Error,45385
Error,19286
Error,22762
Error,16821
Error,14016
Error,44674
Error,42329
Error,41888
Error,41407
Error,19857
Error,22702
Error,31468
Error,25678
Error,44654
Error,42089
Error,46326
Error,44564
Error,19526
Error,23073
Error,31439
Error,18925
Error,44183
Error,42690
Error,47909
Error,44273
Error,19487
Error,23033
Error,32521
Error,27812
Error,46206
Error,43822
Error,47309
Error,43211
Error,20689
Error,23174
Error,31168
Error,18665
Error,44864
Error,41607
Error,48040
Error,41638
Error,22251
Error,26039
Error,33382
Error,10219
Error,48420
Error,41437
Error,51296
Error,40506
Error,18675
Error,21730
Error,30237
Error,16350
Error,44202
Error,40986
Error,48811
Error,39504
Error,18043
Error,21851
Error,17612
Error,14797
Error,42730
Error,40776
Error,39514
Error,39694
Error,18835
Error,21410
Error,18154
Error,15058
Error,42139
Error,41026
Error,49473
Error,41698
Error,19387
Error,21300
Error,30647
Error,10930
Error,41828
Error,40246
Error,49683
Error,40255
Error,18735
Error,21610
Error,17934
Error,15109
Error,41277
Error,39745
Error,39804
Error,39885
Error,18645
Error,21971
Error,22221
Error,14096
Error,41668
Error,40195
Error,49172
Error,41548
Error,19106
Error,21520
Error,29405
Error,15649
Error,42951
Error,40696
Error,44092
Error,40005
Error,18124
Error,21810
Error,21981
Error,17733
Error,44693
Error,42429
Error,48872
Error,41578
Error,19226
Error,23153
Error,31419
Error,16982
Error,44904
Error,42510
Error,48261
Error,45505
Error,19937
Error,23404
Error,30076
Error,17513
Error,46076
Error,43511
Error,46337
Error,44113
Error,19496
Error,23935
Error,32291
Error,17563
Error,45295
Error,42199
Error,48841
Error,43001
Error,21019
Error,24265
Error,32260
Error,18384
Error,44944
Error,42439
Error,48421
Error,46076
Error,21300
Error,24846
Error,38082
Error,26320
Error,46406
Error,48160
Error,49433
Error,46277
Error,21961
Error,24235
Error,17603
Error,16260
Error,43110
Error,42029
Error,40486
Error,40876
Error,19686
Error,21861
Error,16000
Error,14397
Error,40555
Error,39735
Error,51566
Error,48631
Error,22562
Error,23173
Error,27471
Error,15369
Error,43712
Error,42329
Error,44793
Error,40666
Error,18675
Error,21521
Error,16441
Error,16471
Error,43751
Error,41728
Error,41338
Error,41387
Error,19877
Error,21440
Error,15559
Error,15468
Error,42029
Error,55774
Error,43000
Error,41809
Error,22332
Error,21390
Error,18004
Error,14778
Error,48300
Error,46506
Error,53711
Error,40225
Error,18895
Error,21430
Error,16982
Error,14167
Error,41748
Error,40125
Error,41377
Error,43281
Error,20028
Error,22482
Error,31409
Error,18415
Error,45916
Error,46106
Error,46927
Error,44694
Error,20869
Error,24225
Error,30697
Error,17172
Error,46828
Error,43091
Error,42479
Error,41848
Error,20859
Error,24255
Error,32902
Error,19597
Error,47028
Error,43121
Error,43571
Error,42920
Error,19316
Error,23023
Error,33332
Error,20007
Error,45284
Error,51927
Error,45495
Error,44473
Error,22072
Error,25488
Error,31919
Error,15790
Error,48110
Error,42941
Error,45044
Error,42400
Error,19597
Error,24155
Error,29736
Error,10811
Error,46898
Error,43922
Error,43140
Error,44003
Error,19506
Error,22332
Error,31600
Error,18725
Error,45435
Error,42660
Error,48501
Error,45044
Error,22191
Error,24526
Error,35366
Error,19046
Error,45855
Error,43842
Error,48260
Error,42299
Error,19326
Error,23604
Error,30808
Error,17924
Error,46858
Error,44042
Error,49973
Error,35166
Error,17062
Error,20358
Error,13375
Error,11261
Error,33562
Error,32541
Error,37620
Error,34184
Error,16310
Error,18634
Error,14136
Error,12243
Error,35286
Error,48361
Error,48661
Error,18314
Error,20408
Error,23474
Error,35406
Error,13876
Error,50775
Error,46026
Error,56446
Error,154739
Error,21651
Error,22071
Error,11642
Error,13976
Error,38792
Error,37099
Error,31509
Error,32271
Error,17222
Error,18946
Error,14126
Error,12203
Error,34504
Error,33873
Error,33723
Error,32821
Error,17282
Error,17413
Error,12784
Error,10720
Error,34234
Error,32190
Error,31619
Error,33192
Error,15329
Error,17532
Error,12754
Error,10881
Error,33573
Error,32521
Error,32260
Error,31338
Error,15118
Error,18915
Error,14136
Error,12574
Error,34484
Error,33303
Error,33533
Error,32671
Error,15118
Error,18124
Error,12453
Error,10970
Error,33032
Error,32782
Error,32231
Error,31690
Error,16030
Error,16821
Error,12794
Error,11201
Error,34014
Error,33042
Error,32050
Error,31239
Error,14848
Error,17713
Error,12804
Error,15008
Error,35266
Error,33953
Error,33142
Error,32471
Error,16300
Error,18384
Error,14517
Error,11992
Error,31228
UpdateRouteReq,17613
Error,32641
Error,32100
Error,31539
Error,15179
Error,17492
Error,11612
Error,11081
Error,34143
Error,32420
Error,31950
Error,31839
Error,15539
Error,17723
Error,13154
Error,17332
Error,35797
Error,32992
Error,32742
Error,30988
Error,15458
Error,17483
Error,12914
Error,11461
Error,33553
Error,32170
Error,32131
Error,31789
Error,15198
Error,17773
Error,13576
Error,11812
Error,32882
Error,32060
Error,131846
Error,33964
Error,15189
Error,18484
Error,12714
Error,11662
Error,36639
Error,34424
Error,31950
Error,28483
Error,13696
Error,15990
Error,12223
Error,10410
Error,30056
Error,29265
Error,29565
Error,28904
Error,13746
Error,15609
Error,11922
Error,10319
Error,89507
Error,56296
Error,51486
Error,43913
Error,19396
Error,25748
Error,49563
Error,27352
Error,50124
Error,43231
Error,50274
Error,41427
Error,19096
Error,22542
Error,21060
Error,15108
Error,44303
Error,43251
Error,42279
Error,42099
Error,18965
Error,21800
Error,24586
Error,14377
Error,43040
Error,42018
Error,51036
Error,41888
Error,18746
Error,29415
Error,15159
Error,15299
Error,44062
Error,41928
Error,41077
Error,40105
Error,19056
Error,22191
Error,22933
Error,14547
Error,41768
Error,41518
Error,41327
Error,41067
Error,18094
Error,22171
Error,22331
Error,14357
Error,44213
Error,41357
Error,41839
Error,40245
Error,18775
Error,22903
Error,23675
Error,14087
Error,43942
Error,41888
Error,41788
Error,41748
Error,18565
Error,22091
Error,23865
Error,14407
Error,43211
Error,42219
Error,41909
Error,40917
Error,18755
Error,22331
Error,22973
Error,14086
Error,43431
Error,43472
Error,42670
Error,40916
Error,18545
Error,22983
Error,24697
Error,14367
Error,43832
Error,43001
Error,42570
Error,41578
Error,18745
Error,22522
Error,23173
Error,14798
Error,43732
Error,41227
Error,41888
Error,41879
Error,18574
Error,21961
Error,26851
Error,13675
Error,42640
Error,41959
Error,41288
Error,40887
Error,18886
Error,22812
Error,22653
Error,14157
Error,43231
Error,41908
Error,42800
Error,41528
Error,18795
Error,22071
Error,25087
Error,14868
Error,43862
Error,41688
Error,42109
Error,41367
Error,18705
Error,22021
Error,25017
Error,14638
Error,42710
Error,42319
Error,41137
Error,40486
Error,25939
Error,22672
Error,22563
Error,14267
Error,43020
Error,41177
Error,39894
Error,41387
Error,18795
Error,21921
Error,24175
Error,14367
Error,42058
Error,41618
Error,40616
Error,41748
Error,18755
Error,22091
Error,25147
Error,14557
Error,43702
Error,41518
Error,40857
Error,40215
Error,19205
Error,22933
Error,21640
Error,14427
Error,43661
Error,40335
Error,41698
Error,40716
Error,19236
Error,21861
Error,21440
Error,14226
Error,43351
Error,42420
Error,41839
Error,40976
Error,18245
Error,21380
Error,25928
Error,14427
Error,43641
Error,42109
Error,41337
Error,40706
Error,18534
Error,22983
Error,24286
Error,14056
Error,43452
Error,41447
Error,42169
Error,41197
Error,18665
Error,21781
Error,21751
Error,14467
Error,41678
Error,42890
Error,42279
Error,41407
Error,18675
Error,21470
Error,23834
Error,14056
Error,43992
Error,41538
Error,41347
Error,40545
Error,25898
Error,22041
Error,22322
Error,14046
Error,42109
Error,41087
Error,40636
Error,41207
Error,18314
Error,21420
Error,22262
Error,13906
Error,42489
Error,42148
Error,42559
Error,41808
Error,18325
Error,21380
Error,24556
Error,14186
Error,43361
Error,41819
Error,40757
Error,40075
Error,18454
Error,21991
Error,23273
Error,14237
Error,43191
Error,40636
Error,40065
Error,40476
Error,18144
Error,21430
Error,22552
Error,14447
Error,42369
Error,40446
Error,41578
Error,40836
Error,19136
Error,22622
Error,24055
Error,15609
Error,43511
Error,40947
Error,41016
Error,40756
Error,18254
Error,22692
Error,21050
Error,14127
Error,42920
Error,40946
Error,41497
Error,40275
Error,18394
Error,21400
Error,23735
Error,13977
Error,43311
Error,40867
Error,40797
Error,41277
Error,18554
Error,21921
Error,21310
Error,14166
Error,43992
Error,41648
Error,41938
Error,40736
Error,18324
Error,22542
Error,24295
Error,14307
Error,43562
Error,41467
Error,41748
Error,41898
Error,48020
Error,28013
Error,57858
Error,46406
Error,53199
Error,49683
Error,44363
Error,43321
Error,20759
Error,24746
Error,31479
Error,18444
Error,45095
Error,43321
Error,47468
Error,41958
Error,24395
Error,24496
Error,35386
Error,26169
Error,46146
Error,44874
Error,46617
Error,43220
Error,21089
Error,24115
Error,31238
Error,17893
Error,45836
Error,42930
Error,47569
Error,43020
Error,19196
Error,22141
Error,30968
Error,17873
Error,45054
Error,42830
Error,47870
Error,41698
Error,20078
Error,22642
Error,29696
Error,19446
Error,47649
Error,43391
Error,43210
Error,42990
Error,20027
Error,22492
Error,30948
Error,18675
Error,44443
Error,43481
Error,41428
Error,41077
Error,18675
Error,22823
Error,30437
Error,18184
Error,45114
Error,41848
Error,42098
Error,44423
Error,21150
Error,23594
Error,33463
Error,28093
Error,53400
Error,44834
Error,43281
Error,42479
Error,20559
Error,22683
Error,31759
Error,19757
Error,45716
Error,44373
Error,41047
Error,41869
Error,19196
Error,22783
Error,31028
Error,18685
Error,46557
Error,42559
Error,45986
Error,43952
Error,21150
Error,23895
Error,35907
Error,27972
Error,45706
Error,42470
Error,41948
Error,41267
Error,19567
Error,35386
Error,40887
Error,23524
Error,53070
Error,49342
Error,42038
Error,41116
Error,20518
Error,23003
Error,29355
Error,15059
Error,44222
Error,47208
Error,43431
Error,42129
Error,19396
Error,23194
Error,25097
Error,15249
Error,44563
Error,42008
Error,42310
Error,43181
Error,19867
Error,22593
Error,26520
Error,15088
Error,43030
Error,41287
Error,43220
Error,41938
Error,19596
Error,22262
Error,30477
Error,15890
Error,47769
Error,43401
Error,43251
Error,42580
Error,19136
Error,22913
Error,25858
Error,15329
Error,44292
Error,43682
Error,50876
Error,42690
Error,19647
Error,22502
Error,26249
Error,15118
Error,44393
Error,42810
Error,47339
Error,41518
Error,19757
Error,22161
Error,28613
Error,15148
Error,50505
Error,46417
Error,45195
Error,44654
Error,22973
Error,24606
Error,28463
Error,17373
Error,45505
Error,43141
Error,42579
Error,42409
Error,19968
Error,22793
Error,29815
Error,15319
Error,44353
Error,42238
Error,43682
Error,42760
Error,19857
Error,23073
Error,28403
Error,15620
Error,46657
Error,43231
Error,48270
Error,41468
Error,19667
Error,22933
Error,29475
Error,15810
Error,43952
Error,42980
Error,50284
Error,42390
Error,19346
Error,22432
Error,19697
Error,15188
Error,43712
Error,42249
Error,44102
Error,42930
Error,19256
Error,22873
Error,25277
Error,15499
Error,43571
Error,42209
Error,49583
Error,42349
Error,19397
Error,22372
Error,29625
Error,15079
Error,43872
Error,42830
Error,50234
Error,41728
Error,19477
Error,22783
Error,27161
Error,15308
Error,45335
Error,42900
Error,49773
Error,42119
Error,20007
Error,26369
Error,25678
Error,17071
Error,47428
Error,45525
Error,50765
Error,42780
Error,20608
Error,23854
Error,28514
Error,16861
Error,47378
Error,44703
Error,51998
Error,43662
Error,21140
Error,23855
Error,26921
Error,13816
Error,46477
Error,42279
Error,45415
Error,42219
Error,27161
Error,23384
Error,17943
Error,15519
Error,44523
Error,43541
Error,42189
Error,42269
Error,19126
Error,23443
Error,16641
Error,15369
Error,44473
Error,43271
Error,47769
Error,41869
Error,19235
Error,22012
Error,27902
Error,15238
Error,45314
Error,43431
Error,50113
Error,42379
Error,24375
Error,25468
Error,29255
Error,18455
Error,47459
Error,43231
Error,50114
Error,44292
Error,20899
Error,24155
Error,26490
Error,16691
Error,45034
Error,44603
Error,48130
Error,43431
Error,20258
Error,24055
Error,24827
Error,16090
Error,44323
Error,41918
Error,42049
Error,42670
Error,23283
Error,24596
Error,30207
Error,15038
Error,46918
Error,44414
Error,49252
Error,43401
Error,19446
Error,22763
Error,27030
Error,15569
Error,45566
Error,44653
Error,50675
Error,43161
Error,20588
Error,23734
Error,28654
Error,16962
Error,43051
Error,42991
Error,49413
Error,55113
Error,22281
Error,24926
Error,28473
Error,17222
Error,46337
Error,44644
Error,46577
Error,47158
Error,22973
Error,25828
Error,30447
Error,16380
Error,43932
Error,47379
Error,46286
Error,40325
Error,18324
Error,21380
Error,15780
Error,14778
Error,43020
Error,40726
Error,46437
Error,43240
Error,20859
Error,23985
Error,15680
Error,16050
Error,44033
Error,42881
Error,44263
Error,41858
Error,20138
Error,22963
Error,27521
Error,14397
Error,49603
Error,46407
Error,40326
Error,39955
Error,18254
Error,21390
Error,15910
Error,14788
Error,46948
Error,43932
Error,43562
Error,42931
Error,20248
Error,22712
Error,14577
Error,15880
Error,43571
Error,42460
Error,42049
Error,41668
Error,19857
Error,23214
Error,16140
Error,15449
Error,43281
Error,41026
Error,42630
Error,40646
Error,18595
Error,21771
Error,15369
Error,14658
Error,48932
Error,44043
Error,43011
Error,42760
Error,19958
Error,22983
Error,14347
Error,15990
Error,45545
Error,45165
Error,45324
Error,43581
Error,21230
Error,24165
Error,17663
Error,17152
Error,45505
Error,44283
Error,47028
Error,42519
Error,19707
Error,22552
Error,22773
Error,15659
Error,46607
Error,43471
Error,50805
Error,42449
Error,20078
Error,22572
Error,18765
Error,16030
Error,48340
Error,45615
Error,56225
Error,40966
Error,21620
Error,24756
Error,32120
Error,10430
Error,47068
Error,40886
Error,45935
Error,40395
Error,18665
Error,22082
Error,16000
Error,14617
Error,45485
Error,41848
Error,47258
Error,41467
Error,20167
Error,22813
Error,16010
Error,15969
Error,44333
Error,41307
Error,44202
Error,42239
Error,20018
Error,22242
Error,15318
Error,15519
Error,42650
Error,40636
Error,40526
Error,40566
Error,18194
Error,22121
Error,17012
Error,14547
Error,42359
Error,40315
Error,43691
Error,40426
Error,18184
Error,22652
Error,16040
Error,14297
Error,42930
Error,39484
Error,41207
Error,39705
Error,18605
Error,21800
Error,14407
Error,15048
Error,42449
Error,40716
Error,41007
Error,41918
Error,18144
Error,22722
Error,15970
Error,14888
Error,43221
Error,41348
Error,40717
Error,39464
Error,22432
Error,22251
Error,17162
Error,14447
Error,45244
Error,42850
Error,49953
Error,43271
Error,19617
Error,22713
Error,18003
Error,15449
Error,44733
Error,43111
Error,43572
Error,42309
Error,27100
Error,24997
Error,17573
Error,17232
Error,47348
Error,44303
Error,50454
Error,43912
Error,20488
Error,23684
Error,23094
Error,15980
Error,46286
Error,45185
Error,52398
Error,43461
Error,21530
Error,23985
Error,15549
Error,16712
Error,44083
Error,42870
Error,42409
Error,42800
Error,22923
Error,25067
Error,29896
Error,9037
Error,48571
Error,46687
Error,51797
Error,44222
Error,19827
Error,22502
Error,17472
Error,15388
Error,45666
Error,44543
Error,45726
Error,42679
Error,20158
Error,23354
Error,17643
Error,16851
Error,45445
Error,43020
Error,44613
Error,51196
Error,20759
Error,22923
Error,15388
Error,14988
Error,45235
Error,43611
Error,52038
Error,45555
Error,20869
Error,24356
Error,27001
Error,16922
Error,44323
Error,40797
Error,54913
Error,46016
Error,20829
Error,21370
Error,14356
Error,14066
Error,42760
Error,41217
Error,44954
Error,44463
Error,20439
Error,22673
Error,31959
Error,15218
Error,42550
Error,42610
Error,45054
Error,41388
Error,20128
Error,36378
Error,15629
Error,23604
Error,59692
Error,46036
Error,44043
Error,44003
Error,21230
Error,23774
Error,21751
Error,16230
Error,45415
Error,43301
Error,50074
Error,45886
Error,23134
Error,26309
Error,34715
Error,12464
Error,50525
Error,41958
Error,41738
Error,40846
Error,19145
Error,23675
Error,15680
Error,16981
Error,43782
Error,41738
Error,49894
Error,42239
Error,19246
Error,21350
Error,16902
Error,15459
Error,47729
Error,43070
Error,41117
Error,48190
Error,19526
Error,22091
Error,15900
Error,14016
Error,42169
Error,41628
Error,43952
Error,40446
Error,18375
Error,24887
Error,29646
Error,16281
Error,48441
Error,41187
Error,40847
Error,40475
Error,19376
Error,21460
Error,16371
Error,15038
Error,43021
Error,42168
Error,50074
Error,40155
Error,18485
Error,22372
Error,16251
Error,14677
Error,43161
Error,40976
Error,40716
Error,41227
Error,19156
Error,21881
Error,16721
Error,14948
Error,42349
Error,42279
Error,43301
Error,41357
Error,19707
Error,24245
Error,14958
Error,16391
Error,45325
Error,42449
Error,50805
Error,41928
Error,20018
Error,23704
Error,16160
Error,16601
Error,45094
Error,41899
Error,43601
Error,41818
Error,19847
Error,23213
Error,27121
Error,15388
Error,44383
Error,43091
Error,52448
Error,42960
Error,19717
Error,25307
Error,18104
Error,16912
Error,46918
Error,44674
Error,52669
Error,44453
Error,21460
Error,25067
Error,17032
Error,17523
Error,45986
Error,44293
Error,49663
Error,41988
Error,19927
Error,22722
Error,28654
Error,15559
Error,43932
Error,42309
Error,51326
Error,43681
Error,22232
Error,24525
Error,16471
Error,16632
Error,46137
Error,45876
Error,48230
Error,43781
Error,21750
Error,24676
Error,17413
Error,17323
Error,44814
Error,43101
Error,45235
Error,43240
Error,20268
Error,22873
Error,18224
Error,15279
Error,44944
Error,42740
Error,44974
Error,42910
Error,21971
Error,24075
Error,30017
Error,16831
Error,49984
Error,47178
Error,49602
Error,43171
Error,21350
Error,24806
Error,19456
Error,17132
Error,48321
Error,41588
Error,46717
Error,40987
Error,18684
Error,21350
Error,36969
Error,18254
Error,43341
Error,41398
Error,51527
Error,43491
Error,19396
Error,22603
Error,14807
Error,14928
Error,52769
Error,41798
Error,51316
Error,41778
Error,18755
Error,22041
Error,16170
Error,14998
Error,50204
Error,40907
Error,44653
Error,47078
Error,19387
Error,21741
Error,16430
Error,14878
Error,53319
Error,43250
Error,55885
Error,45465
Error,20028
Error,23193
Error,29655
Error,14357
Error,45175
Error,43581
Error,49984
Error,41227
Error,20057
Error,22862
Error,18344
Error,15278
Error,44633
Error,42600
Error,47800
Error,42639
Error,19536
Error,22742
Error,18655
Error,15108
Error,53450
Error,41898
Error,46166
Error,43912
Error,19947
Error,22712
Error,36929
Error,18405
Error,45075
Error,42149
Error,50033
Error,42299
Error,19376
Error,22702
Error,17472
Error,15268
Error,45395
Error,43431
Error,46607
Error,42289
Error,19636
Error,22713
Error,19045
Error,16020
Error,45294
Error,51787
Error,45465
Error,42610
Error,19707
Error,22893
Error,26539
Error,14908
Error,44704
Error,42028
Error,43692
Error,42259
Error,19978
Error,22773
Error,16401
Error,15489
Error,44433
Error,42148
Error,59932
Error,35627
Error,17263
Error,17883
Error,13085
Error,12413
Error,34184
Error,38492
Error,33823
Error,44643
Error,29435
Error,27682
Error,37009
Error,15839
Error,49222
Error,47619
Error,55063
Error,57167
Error,21831
Error,25097
Error,67947
Error,77214
Error,47539
Error,45034
Error,53720
Error,133239
Error,68358
Error,16530
Error,19967
Error,29395
Error,13816
Error,42860
Error,45054
Error,51496
Error,39234
Error,19046
Error,22082
Error,14216
Error,12844
Error,35126
Error,32821
Error,51306
Error,32811
Error,16440
Error,18274
Error,14086
Error,12794
Error,34014
Error,31649
Error,31569
Error,31810
Error,14667
Error,17022
Error,12593
Error,10569
Error,38452
Error,34434
Error,33242
Error,35797
Error,16000
Error,18404
Error,14026
Error,12403
Error,34445
Error,33122
Error,44723
Error,33102
Error,17152
Error,18504
Error,16871
Error,18304
Error,49533
Error,46457
Error,56435
Error,45615
Error,22281
Error,24647
Error,41839
Error,13475
Error,53650
Error,42029
Error,40876
Error,46838
Error,19647
Error,21881
Error,15078
Error,14988
Error,43101
Error,39925
Error,49102
Error,40325
Error,19697
Error,22051
Error,16070
Error,14457
Error,42199
Error,40245
Error,48060
Error,39694
Error,18746
Error,25198
Error,15228
Error,16821
Error,44293
Error,42930
Error,44593
Error,41527
Error,20078
Error,23794
Error,15969
Error,16280
Error,44543
Error,42018
Error,43611
Error,43141
Error,20689
Error,23244
Error,15860
Error,16741
Error,43491
Error,40275
Error,48671
Error,102832
Error,24365
Error,29235
Error,44823
Error,21821
Error,48180
Error,43321
Error,44313
Error,41547
Error,19156
Error,22813
Error,26109
Error,15289
Error,43462
Error,42369
Error,48070
Error,42469
Error,19817
Error,22402
Error,20669
Error,15109
Error,48030
Error,46797
Error,52358
Error,49563
Error,21300
Error,23934
Error,15248
Error,16291
Error,43171
Error,42589
Error,42780
Error,41838
Error,20668
Error,22793
Error,18946
Error,16030
Error,44403
Error,41648
Error,61054
Error,42499
Error,18445
Error,22192
Error,20929
Error,14808
Error,57468
Error,43672
Error,41067
Error,50675
Error,18845
Error,35706
Error,15509
Error,18485
Error,49482
Error,45505
Error,48009
Error,41818
Error,20599
Error,24576
Error,16190
Error,15669
Error,42690
Error,40806
Error,48601
Error,50254
Error,19256
Error,21961
Error,15830
Error,15739
Error,43481
Error,41798
Error,43071
Error,40335
Error,19286
FindNodeRsp,17443
Error,20909
Error,14878
Error,15349
Error,42099
Error,40936
Error,39854
Error,40886
Error,18604
Error,21841
Error,55654
Error,62547
Error,43280
Error,53590
Error,40706
Error,37951
Error,18896
Error,21380
Error,21941
Error,23224
Error,16190
Error,45324
Error,57197
Error,41868
Error,41167
Error,20568
Error,24226
Error,31759
Error,12283
Error,53600
Error,42940
Error,44804
Error,51035
Error,20408
Error,22903
Error,40055
Error,21420
Error,45485
Error,42921
Error,54001
Error,46206
Error,21931
Error,24536
Error,30938
Error,18705
Error,47369
Error,44122
Error,48010
Error,42860
Error,20489
Error,23493
Error,30617
Error,12724
Error,45064
Error,44483
Error,44924
Error,43311
Error,20047
Error,23173
Error,32019
Error,18615
Error,45806
Error,43592
Error,45485
Error,44132
Error,21440
Error,24085
Error,42158
Error,25448
Error,45225
Error,42620
Error,42229
Error,42420
Error,19656
Error,23193
Error,37981
Error,19957
Error,44784
Error,50745
Error,45165
Error,42850
Error,19907
Error,23373
Error,32351
Error,17633
Error,44803
Error,46136
Error,42940
Error,51145
Error,22161
Error,25177
Error,21280
Error,17203
Error,47199
Error,40175
Error,56706
Error,40847
Error,19547
Error,22171
Error,16481
Error,14777
Error,50354
Error,40586
Error,50053
Error,40476
Error,19206
Error,22082
Error,24065
Error,15339
Error,44162
Error,46437
Error,42229
Error,48601
Error,20178
Error,21621
Error,16080
Error,13675
Error,42399
Error,41557
Error,40877
Error,40335
Error,19697
Error,23053
Error,32020
Error,18635
Error,44533
Error,42980
Error,42599
Error,42439
Error,20759
Error,23284
Error,23353
Error,15880
Error,45194
Error,42470
Error,43351
Error,42399
Error,20368
Error,27833
Error,24566
Error,16310
Error,46396
Error,43301
Error,50074
Error,58549
Error,24576
Error,27321
Error,35887
Error,12804
Error,51356
Error,42940
Error,42369
Error,40767
Error,24355
Error,24746
Error,17683
Error,17172
Error,52017
Error,47569
Error,43301
Error,42870
Error,21039
Error,23875
Error,19847
Error,17062
Error,44363
Error,42359
Error,42390
Error,42349
Error,20679
Error,24496
Error,18364
Error,15118
Error,44623
Error,42419
Error,41678
Error,47058
Error,22732
Error,24216
Error,32772
Error,18855
Error,45996
Error,43832
Error,43422
Error,42750
Error,19727
Error,23143
Error,21731
Error,15469
Error,44252
Error,50685
Error,43422
Error,42991
Error,20157
Error,23764
Error,15369
Error,15729
Error,41498
Error,48841
Error,42439
Error,44072
Error,19767
Error,22753
Error,32371
Error,18525
Error,43451
Error,40887
Error,39885
Error,50694
Error,20158
Error,22632
Error,19337
Error,17663
Error,43291
Error,49582
Error,41879
Error,43341
Error,19867
Error,23414
Error,20769
Error,15108
Error,52899
Error,42089
Error,42339
Error,47759
Error,21440
Error,25498
Error,42769
Error,25528
Error,46437
Error,43702
Error,60523
Error,43521
Error,19266
Error,22803
Error,21690
Error,16221
Error,45545
Error,52728
Error,44503
Error,50966
Error,20929
Error,23654
Error,26450
Error,15479
Error,43822
Error,42319
Error,44203
Error,47288
Error,21370
Error,26790
Error,19707
Error,15790
Error,46357
Error,44373
Error,44393
Error,44533
Error,22081
Error,24516
Error,16151
Error,17964
Error,46958
Error,44032
Error,44884
Error,54462
Error,21109
Error,23714
Error,17593
Error,16631
Error,46978
Error,44644
Error,55503
Error,51085
Error,22582
Error,27240
Error,20028
Error,16971
Error,48972
Error,45806
Error,45044
Error,46237
Error,22322
Error,26549
Error,19347
Error,17173
Error,47469
Error,45144
Error,54862
Error,44413
Error,21620
Error,25458
Error,18815
Error,15740
Error,45776
Error,54873
Error,45045
Error,49162
Error,23183
Error,26639
Error,18645
Error,17443
Error,48571
Error,46167
Error,45816
Error,53931
Error,23414
Error,27161
Error,17062
Error,17212
Error,48531
Error,46066
Error,54051
Error,45125
Error,23213
Error,26490
Error,19556
Error,16211
Error,53811
Error,51737
Error,48811
Error,54382
Error,25869
Error,29334
Error,21780
Error,20208
Error,53099
Error,52108
Error,49262
Error,50725
Error,24737
Error,27632
Error,12834
Error,17843
Error,47509
Error,44824
Error,44894
Error,44253
Error,22081
Error,25027
Error,18264
Error,16321
Error,55594
Error,45175
Error,52138
Error,51065
Error,23684
Error,27451
Error,17793
Error,18334
Error,48050
Error,46517
Error,45004
Error,49523
Error,22422
Error,25929
Error,12364
Error,17523
Error,47529
Error,44393
Error,44674
Error,46658
Error,22763
Error,24045
Error,17022
Error,16762
Error,45625
Error,45214
Error,53740
Error,50614
Error,23955
Error,26349
Error,17843
Error,16852
Error,55374
Error,46416
Error,44684
Error,44904
Error,22622
Error,25438
Error,17693
Error,15770
Error,47569
Error,44794
Error,44343
Error,43972
Error,20769
Error,24716
Error,15800
Error,16431
Error,45264
Error,43992
Error,44733
Error,43091
Error,24486
Error,27001
Error,17002
Error,18294
Error,48400
Error,55333
Error,46166
Error,45445
Error,22321
Error,26410
Error,18034
Error,18214
Error,46487
Error,53500
Error,45335
Error,44654
Error,22502
Error,26589
Error,20789
Error,15599
Error,45395
Error,43862
Error,50314
Error,54482
Error,24225
Error,27351
Error,23514
Error,17943
Error,46737
Error,46256
Error,44493
Error,45906
Error,22141
Error,26059
Error,16050
Error,18084
Error,46207
Error,93274
Error,47188
Error,43862
Error,21851
Error,24987
Error,28764
Error,16641
Error,45645
Error,47839
Error,60032
Error,58028
Error,23965
Error,26660
Error,24606
Error,17984
Error,46928
Error,45906
Error,53891
Error,54212
Error,22802
Error,25969
Error,16230
Error,17453
Error,47499
Error,45295
Error,43742
Error,53219
Error,21470
Error,24857
Error,16511
Error,16050
Error,46387
Error,43522
Error,43041
Error,48650
Error,23203
Error,27091
Error,30507
Error,18244
Error,54532
Error,46286
Error,45825
Error,46888
Error,22512
Error,25939
Error,17232
Error,16882
Error,48540
Error,44263
Error,44373
Error,44763
Error,22682
Error,24446
Error,17322
Error,16310
Error,46037
Error,43201
Error,43802
Error,54292
Error,21360
Error,28323
Error,18023
Error,17603
Error,48611
Error,45986
Error,54882
Error,45475
Error,21981
Error,25377
Error,16121
Error,17573
Error,46667
Error,54603
Error,46256
Error,46186
Error,20859
Error,25718
Error,14978
Error,16361
Error,44694
Error,43832
Error,43882
Error,54061
Error,21270
Error,23674
Error,24215
Error,11021
Error,47579
Error,43872
Error,53150
Error,44062
Error,21390
Error,23925
Error,16381
Error,16250
Error,45345
Error,44163
Error,51787
Error,44283
Error,20879
Error,24616
Error,15339
Error,15599
Error,45345
Error,44263
Error,42800
Error,47249
Error,20538
Error,23624
Error,14677
Error,15418
Error,45265
Error,43382
Error,44804
Error,51185
Error,21800
Error,25157
Error,24937
Error,16170
Error,45385
Error,43181
Error,51226
Error,44253
Error,20989
Error,23403
Error,28684
Error,15980
Error,44332
Error,43983
Error,51967
Error,52678
Error,21159
Error,23133
Error,18033
Error,15139
Error,53049
Error,43792
Error,42580
Error,50845
Error,23714
Error,25748
Error,15379
Error,17863
Error,47018
Error,44824
Error,51676
Error,45004
Error,20177
Error,23183
Error,17923
Error,15669
Error,47589
Error,44112
Error,45605
Error,62036
Error,22572
Error,23234
Error,43551
Error,22251
Error,46868
Error,43321
Error,42750
Error,42489
Error,20167
Error,23674
Error,54311
Error,25608
Error,47309
Error,42850
Error,42770
Error,50925
Error,20498
Error,24095
Error,34064
Error,12293
Error,44984
Error,42880
Error,42940
Error,41528
Error,20087
Error,22953
Error,45625
Error,25899
Error,45215
Error,50975
Error,47569
Error,42259
Error,20178
Error,23244
Error,45955
Error,24987
Error,50485
Error,46407
Error,45625
Error,43361
Error,20769
Error,23383
Error,32531
Error,11171
Error,44333
Error,42630
Error,42199
Error,53289
Error,22212
Error,24075
Error,43030
Error,24105
Error,46397
Error,44904
Error,43662
Error,42119
Error,20027
Error,22963
Error,45445
Error,24776
Error,45124
Error,48711
Error,46907
Error,56596
Error,22522
Error,24736
Error,31339
Error,16380
Error,45916
Error,43772
Error,43321
Error,52559
Error,24405
Error,23725
Error,32571
Error,10850
Error,44203
Error,51947
Error,50555
Error,44122
Error,20608
Error,22852
Error,34344
Error,11702
Error,45485
Error,42540
Error,49803
Error,44513
Error,21670
Error,24656
Error,46868
Error,31418
Error,46888
Error,52829
Error,42981
Error,49091
Error,20167
Error,23253
Error,34043
Error,9438
Error,46056
Error,42079
Error,41328
Error,41998
Error,20237
Error,24396
Error,32050
Error,10741
Error,43953
Error,41808
Error,42019
Error,51507
Error,20168
Error,22623
Error,35146
Error,10389
Error,45114
Error,46457
Error,42179
Error,42109
Error,19736
Error,22632
Error,31179
Error,15750
Error,52428
Error,41938
Error,48310
Error,42690
Error,19146
Error,22271
Error,33393
Error,11892
Error,44033
Error,50414
Error,42870
Error,41778
Error,19967
Error,22202
Error,34304
Error,11141
Error,44844
Error,50554
Error,42600
Error,41688
Error,19907
Error,23273
Error,33793
Error,11040
Error,44413
Error,42860
Error,42500
Error,42069
Error,19116
Error,22392
Error,34234
Error,10710
Error,43522
Error,41928
Error,51246
Error,44874
Error,18654
Error,22402
Error,34144
Error,13876
Error,46627
Error,41988
Error,40827
Error,41298
Error,19296
Error,23143
Error,26189
Error,14748
Error,44623
Error,51957
Error,43662
Error,43201
Error,20809
Error,24355
Error,33974
Error,10840
Error,44183
Error,43060
Error,49363
Error,41888
Error,18856
Error,22412
Error,31018
Error,9638
Error,44874
Error,51296
Error,49112
Error,45095
Error,19727
Error,23935
Error,38512
Error,22211
Error,56345
Error,44593
Error,43682
Error,41027
Error,18605
Error,22251
Error,31449
Error,15900
Error,46116
Error,43491
Error,42280
Error,40546
Error,19236
Error,22131
Error,36188
Error,12684
Error,43682
Error,41868
Error,48741
Error,41748
Error,18614
Error,23614
Error,31849
Error,16501
Error,45325
Error,51987
Error,44773
Error,42410
Error,18705
Error,22331
Error,32812
Error,10791
Error,44393
Error,41988
Error,42339
Error,42068
Error,20499
Error,23494
Error,32832
Error,9046
Error,52297
Error,42058
Error,49242
Error,41849
Error,19045
Error,22231
Error,33252
Error,10700
Error,52548
Error,45034
Error,41868
Error,40976
Error,18695
Error,22262
Error,22792
Error,15108
Error,43091
Error,50304
Error,42490
Error,41558
Error,18945
Error,22352
Error,34775
Error,11301
Error,51867
Error,41518
Error,48130
Error,42009
Error,18455
Error,22111
Error,34494
Error,11551
Error,44553
Error,41928
Error,44453
Error,41438
Error,18485
Error,21851
Error,39705
Error,22151
Error,43632
Error,41217
Error,50344
Error,42008
Error,18415
Error,22351
Error,35827
Error,11231
Error,44253
Error,40626
Error,41117
Error,50194
Error,19887
Error,21941
Error,34014
Error,10078
Error,52638
Error,43031
Error,42199
Error,44674
Error,18995
Error,21611
Error,39755
Error,21961
Error,54321
Error,43471
Error,42650
Error,41618
Error,18305
Error,21921
Error,42039
Error,15600
Error,44744
Error,50384
Error,40966
Error,40997
Error,19075
Error,22172
Error,30938
Error,14628
Error,43462
Error,52749
Error,42840
Error,41177
Error,19327
Error,24185
Error,31288
Error,16330
Error,45626
Error,43401
Error,42320
Error,42470
Error,20368
Error,21780
Error,32200
Error,9287
Error,43321
Error,41197
Error,41738
Error,41578
Error,18835
Error,22412
Error,43822
Error,23133
Error,44393
Error,41998
Error,40997
Error,40405
Error,19496
Error,22412
Error,25277
Error,14868
Error,43611
Error,42009
Error,40977
Error,41418
Error,18985
Error,21620
Error,31388
Error,16601
Error,43140
Error,41918
Error,40436
Error,41598
Error,19006
Error,21991
Error,26940
Error,14547
Error,42439
Error,40576
Error,41086
Error,40716
Error,18244
Error,21921
Error,44965
Error,22653
Error,47669
Error,43882
Error,42430
Error,42580
Error,18204
Error,21881
Error,26279
Error,14857
Error,42790
Error,41898
Error,40566
Error,40486
Error,18494
Error,22232
Error,44403
Error,21770
Error,43721
Error,49783
Error,42029
Error,40185
Error,19126
Error,21751
Error,35286
Error,10169
Error,44233
Error,44293
Error,42990
Error,41207
Error,18965
Error,22421
Error,44754
Error,22963
Error,44012
Error,40816
Error,40045
Error,40876
Error,18094
Error,22161
Error,36147
Error,12142
Error,43812
Error,41568
Error,41227
Error,41467
Error,19266
Error,21590
Error,35416
Error,12504
Error,53059
Error,41808
Error,59872
Error,41548
Error,18615
Error,21871
Error,40105
Error,21710
Error,62937
Error,43762
Error,49513
Error,41308
Error,20428
Error,21971
Error,33432
Error,10069
Error,44333
Error,50514
Error,47329
Error,42399
Error,21590
Error,24576
Error,128259
Error,105477
Error,43481
Error,42299
Error,48291
Error,45044
Error,21660
Error,24777
Error,49583
Error,34024
Error,46026
Error,40896
Error,50735
Error,41618
Error,19056
Error,23724
Error,35897
Error,12393
Error,46998
Error,51636
Error,44012
Error,53560
Error,19737
Error,23974
Error,36548
Error,10990
Error,44022
Error,41808
Error,41347
Error,46858
Error,21430
Error,25768
Error,24366
Error,16661
Error,45916
Error,42639
Error,41959
Error,42820
Error,20649
Error,24255
Error,44803
Error,22573
Error,45135
Error,43190
Error,41718
Error,41097
Error,18765
Error,21941
Error,32130
Error,15800
Error,51286
Error,42139
Error,48641
Error,41768
Error,19025
Error,23645
Error,39875
Error,22171
Error,45135
Error,43512
Error,41928
Error,46127
Error,21670
Error,25618
Error,17182
Error,17182
Error,42910
Error,49533
Error,41698
Error,40666
Error,19116
Error,22462
Error,16881
Error,15779
Error,43271
Error,41437
Error,48020
Error,41247
Error,19226
Error,22101
Error,16461
Error,16130
Error,49913
Error,56115
Error,41368
Error,40245
Error,18735
Error,22452
Error,13074
Error,16020
Error,42028
Error,49312
Error,41939
Error,40376
Error,19025
Error,21901
Error,15118
Error,15920
Error,51466
Error,40706
Error,40165
Error,39534
Error,18504
Error,22162
Error,15760
Error,15469
Error,50344
Error,53470
Error,44022
Error,47599
Error,20489
Error,24396
Error,13386
Error,16892
Error,43992
Error,41027
Error,49212
Error,42319
Error,20057
Error,23925
Error,16220
Error,16801
Error,44123
Error,42740
Error,47058
Error,40696
Error,18745
Error,21290
Error,14808
Error,15679
Error,51536
Error,49322
Error,43261
Error,42469
Error,25187
Error,24185
Error,33142
Error,17843
Error,46757
Error,42780
Error,51426
Error,43161
Error,19456
Error,22282
Error,21830
Error,15850
Error,45876
Error,42739
Error,51266
Error,43832
Error,19437
Error,22913
Error,42499
Error,15900
Error,44333
Error,42138
Error,56044
Error,45895
Error,21199
Error,24837
Error,34415
Error,14017
Error,46086
Error,42970
Error,42980
Error,50675
Error,20669
Error,22322
Error,34465
Error,10369
Error,44543
Error,41287
Error,40596
Error,42570
Error,20609
Error,23975
Error,25769
Error,14637
Error,43933
Error,50694
Error,43321
Error,60813
Error,21110
Error,23234
Error,19987
Error,15458
Error,47058
Error,43221
Error,44874
Error,44774
Error,21731
Error,24977
Error,24105
Error,16390
Error,42460
Error,40956
Error,41027
Error,47859
Error,19356
Error,22833
Error,15028
Error,14888
Error,42159
Error,40857
Error,39424
Error,40055
Error,21891
Error,23714
Error,12773
Error,17222
Error,44864
Error,45154
Error,47408
Error,45465
Error,20378
Error,23784
Error,11262
Error,16681
Error,43151
Error,42510
Error,41288
Error,42389
Error,20048
Error,23373
Error,14327
Error,15098
Error,41618
Error,41126
Error,40195
Error,45275
Error,20989
Error,24135
Error,12102
Error,18194
Error,43852
Error,41328
Error,45866
Error,42289
Error,19817
Error,23824
Error,12874
Error,18344
Error,46226
Error,43812
Error,42640
Error,42730
Error,20749
Error,21941
Error,29575
Error,13646
Error,43571
Error,40856
Error,41538
Error,40305
Error,22963
Error,24686
Error,20188
Error,16982
Error,55854
Error,44694
Error,43732
Error,49743
Error,21300
Error,23554
Error,32691
Error,10549
Error,46527
Error,42209
Error,41277
Error,41458
Error,18445
Error,22332
Error,36919
Error,12353
Error,45004
Error,42199
Error,41227
Error,50585
Error,19506
Error,23664
Error,20599
Error,14908
Error,43762
Error,41197
Error,41618
Error,44994
Error,20899
Error,24976
Error,18625
Error,16561
Error,50625
Error,41728
Error,41678
Error,39965
Error,18254
Error,21921
Error,11742
Error,15489
Error,42359
Error,41087
Error,40827
Error,40075
Error,19636
Error,25308
Error,18434
Error,15690
Error,44193
Error,42559
Error,41006
Error,40676
Error,19837
Error,24125
Error,13075
Error,16692
Error,42330
Error,41698
Error,42009
Error,41387
Error,20909
Error,22883
Error,15539
Error,15018
Error,42169
Error,40095
Error,40496
Error,49262
Error,19547
Error,21921
Error,18214
Error,15228
Error,44804
Error,41227
Error,39835
Error,40425
Error,18264
Error,21841
Error,20719
Error,14387
Error,53179
Error,41858
Error,40656
Error,40726
Error,19777
Error,22682
Error,29676
Error,14848
Error,50665
Error,41608
Error,41277
Error,42489
Error,18665
Error,22532
Error,43973
Error,20929
Error,53450
Error,43291
Error,42509
Error,48360
Error,19496
Error,22572
Error,21100
Error,14727
Error,43912
Error,50465
Error,42239
Error,40966
Error,18825
Error,22081
Error,21600
Error,14827
Error,42509
Error,50093
Error,41938
Error,40936
Error,18745
Error,22162
Error,33933
Error,10570
Error,43552
Error,44213
Error,44132
Error,44062
Error,19556
Error,23794
Error,31218
Error,18715
Error,50294
Error,45876
Error,45505
Error,46417
Error,20748
Error,23764
Error,15138
Error,16460
Error,43331
Error,40936
Error,49272
Error,41087
Error,19166
Error,21901
Error,12814
Error,14737
Error,41508
Error,39965
Error,47850
Error,43371
Error,20799
Error,23223
Error,19346
Error,16271
Error,41829
Error,41648
Error,40976
Error,40866
Error,20017
Error,22692
Error,12523
Error,16400
Error,42941
Error,50354
Error,41648
Error,39785
Error,18394
Error,21951
Error,15358
Error,15228
Error,49463
Error,41147
Error,38272
Error,47028
Error,21841
Error,23985
Error,14797
Error,15719
Error,42971
Error,40726
Error,41207
Error,42359
Error,20178
Error,23734
Error,13525
Error,16491
Error,42780
Error,42440
Error,41968
Error,40826
Error,18274
Error,22973
Error,27652
Error,9738
Error,45294
Error,41447
Error,41467
Error,49934
Error,23013
Error,24195
Error,23634
Error,15990
Error,52889
Error,43281
Error,46427
Error,46938
Error,23444
Error,25768
Error,16932
Error,16671
Error,51516
Error,42189
Error,41528
Error,49263
Error,19276
Error,22232
Error,16030
Error,15008
Error,41848
Error,39113
Error,49753
Error,40546
Error,24255
Error,24536
Error,14387
Error,16531
Error,43311
Error,41287
Error,49082
Error,42109
Error,19406
Error,23143
Error,15139
Error,16842
Error,43582
Error,40997
Error,41107
Error,49122
Error,19336
Error,22452
Error,15048
Error,14857
Error,41858
Error,47979
Error,40416
Error,46126
Error,19316
Error,24927
Error,15750
Error,16871
Error,42760
Error,41838
Error,50224
Error,41848
Error,20038
Error,23083
Error,14998
Error,16642
Error,43170
Error,41779
Error,41627
Error,40125
Error,18434
Error,21921
Error,14768
Error,15318
Error,41888
Error,40105
Error,40555
Error,48761
Error,19627
Error,21560
Error,16311
Error,18535
Error,45776
Error,50634
Error,41889
Error,42981
Error,20418
Error,23394
Error,11381
Error,16431
Error,51617
Error,42109
Error,40966
Error,39534
Error,18584
Error,22131
Error,18745
Error,15880
Error,48711
Error,41488
Error,40426
Error,40025
Error,18685
Error,21180
Error,20529
Error,15519
Error,55164
Error,43902
Error,42299
Error,54813
Error,20809
Error,24075
Error,19967
Error,16360
Error,52659
Error,43672
Error,50805
Error,41548
Error,19267
Error,21700
Error,21911
Error,14537
Error,42750
Error,50634
Error,42459
Error,41176
Error,18855
Error,22472
Error,42840
Error,21149
Error,44003
Error,44363
Error,42800
Error,43431
Error,19787
Error,24115
Error,22252
Error,14828
Error,44604
Error,51175
Error,46497
Error,41478
Error,19116
Error,21951
Error,29415
Error,15319
Error,44212
Error,52248
Error,42329
Error,41057
Error,18565
Error,22563
Error,41989
Error,19958
Error,51206
Error,45976
Error,42019
Error,50003
Error,21039
Error,23874
Error,22412
Error,14507
Error,42961
Error,42229
Error,41086
Error,50133
Error,19376
Error,23364
Error,22152
Error,16591
Error,43451
Error,40766
Error,40215
Error,41778
Error,18885
Error,22953
Error,22262
Error,15429
Error,50815
Error,42048
Error,53540
Error,44252
Error,20098
Error,22402
Error,32821
Error,17793
Error,44614
Error,42370
Error,57978
Error,42530
Error,18966
Error,22061
Error,23234
Error,14927
Error,42700
Error,42179
Error,41167
Error,49252
Error,19316
Error,22242
Error,23323
Error,15750
Error,42780
Error,40466
Error,41087
Error,59952
Error,21530
Error,24596
Error,37590
Error,15139
Error,58369
Error,46898
Error,46667
Error,45595
Error,21851
Error,24836
Error,56185
Error,36969
Error,47760
Error,41868
Error,40215
Error,47419
Error,19186
Error,21961
Error,25067
Error,14076
Error,43081
Error,41027
Error,48931
Error,41928
Error,19597
Error,21821
Error,39954
Error,22983
Error,43200
Error,40646
Error,40376
Error,45565
Error,21110
Error,24977
Error,28674
Error,9848
Error,43251
Error,44913
Error,58961
Error,40807
Error,18665
Error,21680
Error,15579
Error,13796
Error,42249
Error,48310
Error,40386
Error,39815
Error,21390
Error,24095
Error,12834
Error,16781
Error,43331
Error,40867
Error,41247
Error,48881
Error,19456
Error,21601
Error,12604
Error,14968
Error,51146
Error,40967
Error,42399
Error,40486
Error,18474
Error,21681
Error,15249
Error,14808
Error,42319
Error,39644
Error,39354
Error,47368
Error,19526
Error,24536
Error,15559
Error,17172
Error,43672
Error,49011
Error,39915
Error,40095
Error,19005
Error,22101
Error,15398
Error,14998
Error,42499
Error,39834
Error,39975
Error,39845
Error,18535
Error,21370
Error,19486
Error,15810
Error,42108
Error,40716
Error,39714
Error,47539
Error,18715
Error,22001
Error,16761
Error,13496
Error,42720
Error,40245
Error,41027
Error,40075
Error,18134
Error,21981
Error,16741
Error,15359
Error,55043
Error,40876
Error,41818
Error,48691
Error,19296
Error,22422
Error,31018
Error,14788
Error,43000
Error,40766
Error,42179
Error,42389
Error,18826
Error,21540
Error,32060
Error,9578
Error,48761
Error,43631
Error,43111
Error,44112
Error,19997
Error,23795
Error,19306
Error,16401
Error,44313
Error,42590
Error,51696
Error,43031
Error,19787
Error,23334
Error,20709
Error,18114
Error,44352
Error,53089
Error,40956
Error,40766
Error,18946
Error,22512
Error,27191
Error,13956
Error,51877
Error,49202
Error,55313
Error,45014
Error,20589
Error,23524
Error,22122
Error,16301
Error,49111
Error,47068
Error,46698
Error,56065
Error,20348
Error,24516
Error,18274
Error,15058
Error,43632
Error,41568
Error,49963
Error,47990
Error,20058
Error,22071
Error,14798
Error,14928
Error,41568
Error,45365
Error,50755
Error,43602
Error,24666
Error,24015
Error,11381
Error,16581
Error,50735
Error,41778
Error,40496
Error,46737
Error,20368
Error,23985
Error,15079
Error,16270
Error,43391
Error,42299
Error,41298
Error,50244
Error,20939
Error,21760
Error,13285
Error,14807
Error,41818
Error,48220
Error,47128
Error,42911
Error,20509
Error,23944
Error,13405
Error,16290
Error,44814
Error,43521
Error,42699
Error,41748
Error,20328
Error,23344
Error,18955
Error,18766
Error,44122
Error,42890
Error,42219
Error,42139
Error,20248
Error,22011
Error,22061
Error,15119
Error,44172
Error,50454
Error,48180
Error,45175
Error,21210
Error,24045
Error,32701
Error,9718
Error,44393
Error,48210
Error,37480
Error,22272
Error,44213
Error,24506
Error,14677
Error,16981
Error,47188
Error,50905
Error,46407
Error,41348
Error,20759
Error,24045
Error,13035
Error,16531
Error,43521
Error,40365
Error,40115
Error,39945
Error,22873
Error,24326
Error,17313
Error,17823
Error,45234
Error,50945
Error,47899
Error,41277
Error,20769
Error,23114
Error,15669
Error,19126
Error,46477
Error,42139
Error,41227
Error,41528
Error,20638
Error,23734
Error,16711
Error,17392
Error,43001
Error,39153
Error,39183
Error,38442
Error,19256
Error,22712
Error,12763
Error,15509
Error,41137
Error,48982
Error,40215
Error,39103
Error,18865
Error,22091
Error,15689
Error,14818
Error,49622
Error,40656
Error,40667
Error,39353
Error,18024
Error,21661
Error,16320
Error,14858
Error,42649
Error,40616
Error,39544
Error,40866
Error,18294
Error,21871
Error,24346
Error,15700
Error,42589
Error,39834
Error,39013
Error,48481
Error,18986
Error,21901
Error,17232
Error,14507
Error,41778
Error,39785
Error,48681
Error,42579
Error,19436
Error,22663
Error,18535
Error,15288
Error,51556
Error,50294
Error,62997
Error,49062
Error,21089
Error,38332
Error,48541
Error,32110
Error,53721
Error,58219
Error,60763
Error,47699
Error,23805
Error,29565
Error,38873
Error,13996
Error,62387
Error,44383
Error,47469
Error,47058
Error,23063
Error,27661
Error,20769
Error,18495
Error,46417
Error,48391
Error,51296
Error,46417
Error,21039
Error,25397
Error,17202
Error,15198
Error,44623
Error,50394
Error,41578
Error,41888
Error,20208
Error,22171
Error,22252
Error,15469
Error,43601
Error,41568
Error,41207
Error,41006
Error,19567
Error,22162
Error,18375
Error,15339
Error,51136
Error,43211
Error,47468
Error,41016
Error,22051
Error,24245
Error,17933
Error,16541
Error,53200
Error,42559
Error,41598
Error,41357
Error,20679
Error,24706
Error,18144
Error,14768
Error,43391
Error,42168
Error,56015
Error,41618
Error,19276
Error,22663
Error,22843
Error,16070
Error,42991
Error,41507
Error,48701
Error,41769
Error,21330
Error,24416
Error,18084
Error,16561
Error,44634
Error,43111
Error,42820
Error,42540
Error,19607
Error,22773
Error,16521
Error,15058
Error,42520
Error,40656
Error,40876
Error,40976
Error,19015
Error,22482
Error,15298
Error,16251
Error,44012
Error,44193
Error,43241
Error,42910
Error,20848
Error,25808
Error,27732
Error,17343
Error,46567
Error,43792
Error,44614
Error,44494
Error,21260
Error,25087
Error,19016
Error,19596
Error,44403
Error,43872
Error,43933
Error,44022
Error,19958
Error,23614
Error,19026
Error,15559
Error,44353
Error,43542
Error,44022
Error,43030
Error,19607
Error,26469
Error,20889
Error,17032
Error,45976
Error,43091
Error,43281
Error,43371
Error,19957
Error,22963
Error,38141
Error,13996
Error,47328
Error,50505
Error,43481
Error,43071
Error,20008
Error,23013
Error,30857
Error,10340
Error,46327
Error,44533
Error,42880
Error,50685
Error,20308
Error,23805
Error,19316
Error,15760
Error,45324
Error,43812
Error,51306
Error,43722
Error,20438
Error,25388
Error,21590
Error,17362
Error,49322
Error,54803
Error,46617
Error,46076
Error,22693
Error,25657
Error,20428
Error,14547
Error,45014
Error,42990
Error,41247
Error,47920
Error,19576
Error,24426
Error,20809
Error,16992
Error,44643
Error,42991
Error,42209
Error,42790
Error,20960
Error,23975
Error,22131
Error,17102
Error,44533
Error,41287
Error,41688
Error,41698
Error,19166
Error,23695
Error,20368
Error,15149
Error,43371
Error,42650
Error,42720
Error,50404
Error,19928
Error,24486
Error,26569
Error,16200
Error,45986
Error,44022
Error,51176
Error,44212
Error,20739
Error,23694
Error,19086
Error,15439
Error,43952
Error,42991
Error,42139
Error,42189
Error,19016
Error,21971
Error,20999
Error,14377
Error,44183
Error,51496
Error,42379
Error,42539
Error,19076
Error,25578
Error,16301
Error,18314
Error,45205
Error,42469
Error,42329
Error,42600
Error,18835
Error,22002
Error,20518
Error,15038
Error,43441
Error,41668
Error,42009
Error,41538
Error,19386
Error,22923
Error,24075
Error,14807
Error,44783
Error,41567
Error,41157
Error,40706
Error,19867
Error,21730
Error,31830
Error,16000
Error,43391
Error,42058
Error,52848
Error,47830
Error,19296
Error,22572
Error,24205
Error,14657
Error,43522
Error,40977
Error,41668
Error,41768
Error,19486
Error,22071
Error,21550
Error,14818
Error,43020
Error,42159
Error,42119
Error,41648
Error,18295
Error,22011
Error,23353
Error,15088
Error,46367
Error,42880
Error,41328
Error,50454
Error,19857
Error,22522
Error,15489
Error,14888
Error,43391
Error,41007
Error,41046
Error,41307
Error,18856
Error,21921
Error,20508
Error,15068
Error,43310
Error,41417
Error,39484
FindNodeReq,44323
Error,45385
Error,20759
Error,27882
Error,18024
Error,16300
Error,50304
Error,48621
Error,48932
Error,48230
Error,24226
Error,27251
Error,37450
Error,26840
Error,52188
Error,48330
Error,46837
Error,46787
Error,24045
Error,24356
Error,41397
Error,31559
Error,44583
Error,41939
Error,41919
Error,51026
Error,20028
Error,22963
Error,32681
Error,19647
Error,48661
Error,44193
Error,44112
Error,52638
Error,21751
Error,22883
Error,34986
Error,21430
Error,52518
Error,43752
Error,41678
Error,42509
Error,20869
Error,24586
Error,34886
Error,21209
Error,44563
Error,42269
Error,42269
Error,42169
Error,19446
Error,22833
Error,32631
Error,18955
Error,52167
Error,45906
Error,55013
Error,46647
Error,21270
Error,24286
Error,33472
Error,20308
Error,46196
Error,44503
Error,51827
Error,42470
Error,19527
Error,22993
Error,31499
Error,19086
Error,52609
Error,43902
Error,43381
Error,43070
Error,19126
Error,23153
Error,32451
Error,18896
Error,43922
Error,49282
Error,44563
Error,44163
Error,22031
Error,24186
Error,31489
Error,18825
Error,43892
Error,43772
Error,42089
Error,41388
Error,20618
Error,25147
Error,34835
Error,21200
Error,46467
Error,43943
Error,43852
Error,42589
Error,21530
Error,22512
Error,32351
Error,19626
Error,44293
Error,49332
Error,46056
Error,44473
Error,25478
Error,24225
Error,34024
Error,21009
Error,45165
Error,43762
Error,48601
Error,52428
Error,19537
Error,23595
Error,32220
Error,18825
Error,44363
Error,51927
Error,44413
Error,42529
Error,21019
Error,22732
Error,37590
Error,27522
Error,44944
Error,41888
Error,48581
Error,44874
Error,21770
Error,25298
Error,33693
Error,24215
Error,45505
Error,43792
Error,43261
Error,42429
Error,19416
Error,22943
Error,30877
Error,18494
Error,45925
Error,42821
Error,42479
Error,51376
Error,20999
Error,22191
Error,31909
Error,19025
Error,44633
Error,42519
Error,45846
Error,54181
Error,21840
Error,24406
Error,39824
Error,32511
Error,59801
Error,44624
Error,48000
Error,44393
Error,21330
Error,23013
Error,66033
Error,15769
Error,53500
Error,44503
Error,59431
Error,45305
Error,21971
Error,24346
Error,33733
Error,20348
Error,52729
Error,42600
Error,48981
Error,49022
Error,22041
Error,25347
Error,39234
Error,29926
Error,48221
Error,43411
Error,48161
Error,43020
Error,19817
Error,22933
Error,33102
Error,18795
Error,46497
Error,44313
Error,42519
Error,51276
Error,21290
Error,24515
Error,32761
Error,20428
Error,53279
Error,42369
FindNodeReq,37760
Error,44653
Error,58228
Error,20950
Error,23374
Error,34755
Error,29616
Error,44574
Error,50575
Error,46367
Error,44042
Error,19917
Error,23153
Error,32029
Error,19687
Error,44173
Error,51106
Error,42780
Error,43661
Error,19527
Error,22502
Error,33372
Error,19927
Error,44613
Error,42580
Error,57378
Error,43020
Error,21240
Error,22902
Error,31639
Error,26740
Error,44513
Error,42069
Error,42068
Error,41789
Error,19577
Error,22292
Error,32510
Error,18635
Error,44633
Error,42309
Error,42389
Error,40946
Error,19807
Error,23154
Error,32180
Error,18665
Error,45244
Error,42640
Error,42329
Error,41417
Error,21010
Error,25538
Error,31809
Error,19907
Error,48661
Error,43842
Error,42179
Error,43080
Error,19646
Error,23063
Error,31429
Error,18745
Error,45185
Error,42780
Error,43040
Error,43391
Error,21059
Error,24536
Error,31289
Error,18405
Error,54812
Error,43000
Error,41588
Error,49172
Error,20639
Error,25949
Error,32571
Error,18394
Error,47319
Error,45646
Error,57979
Error,44884
Error,20638
Error,23233
Error,31840
Error,18915
Error,45435
Error,50865
Error,42209
Error,43541
Error,21290
Error,24586
Error,38943
Error,30267
Error,45796
Error,43321
Error,52849
Error,49623
Error,20548
Error,22372
Error,54071
Error,41437
Error,45295
Error,42730
Error,46347
Error,52258
Error,20418
Error,23104
Error,30807
Error,19606
Error,44063
Error,42900
Error,42589
Error,41518
Error,19196
Error,22903
Error,34795
Error,21330
Error,54131
Error,42580
Error,42389
Error,41477
Error,19466
Error,22892
Error,44063
Error,27302
Error,54953
Error,43011
Error,41708
Error,48521
Error,20167
Error,24055
Error,32010
Error,20097
Error,45565
Error,51085
Error,43391
Error,41929
Error,19376
Error,22972
Error,31589
Error,19396
Error,53210
Error,43070
Error,42209
Error,73939
Error,31409
Error,27210
Error,37540
Error,30627
Error,59932
Error,46436
Error,44273
Error,51897
Error,21129
Error,25468
Error,32862
Error,19607
Error,44292
Error,43321
Error,49723
Error,44453
Error,22502
Error,25067
Error,31339
Error,18976
Error,46207
Error,43001
Error,43652
Error,51586
Error,20418
Error,23534
Error,32711
Error,20298
Error,51206
Error,46097
Error,54371
Error,45596
Error,21640
Error,24476
Error,32130
Error,18645
Error,55794
Error,44183
Error,43171
Error,41988
Error,19226
Error,22963
Error,48040
Error,34966
Error,46126
Error,43271
Error,44793
Error,43321
Error,20508
Error,22883
Error,40946
Error,31018
Error,51757
Error,49182
Error,45234
Error,45254
Error,20929
Error,24405
Error,32401
Error,19607
Error,54843
Error,44643
Error,41297
Error,49232
Error,22392
Error,24886
Error,31559
Error,19086
Error,46607
Error,43492
Error,43541
Error,42710
Error,19696
Error,23524
Error,32831
Error,20399
Error,44874
Error,50484
Error,44674
Error,41638
Error,20698
Error,22933
Error,35786
Error,25026
Error,44423
Error,41779
Error,41548
Error,51276
Error,21440
Error,23204
Error,32210
Error,19196
Error,44062
Error,51276
Error,43711
Error,42559
Error,20027
Error,23344
Error,40696
Error,30457
Error,51757
Error,43512
Error,51256
Error,42790
Error,19887
Error,23413
Error,40366
Error,32240
Error,53200
Error,43482
Error,44082
Error,42059
Error,20097
Error,22672
Error,39544
Error,28864
Error,45515
Error,42629
Error,46377
Error,45385
Error,21239
Error,24716
Error,17683
Error,15078
Error,42370
Error,40466
Error,39965
Error,50685
Error,19807
Error,22672
Error,20559
Error,15319
Error,42810
Error,47910
Error,41959
Error,40496
Error,18765
Error,22793
Error,18194
Error,15358
Error,41798
Error,41127
Error,40927
Error,39964
Error,19006
Error,21661
Error,14878
Error,14747
Error,42750
Error,40015
Error,39755
Error,40055
Error,20418
Error,23704
Error,18384
Error,16380
Error,43802
Error,41978
Error,50514
Error,42129
Error,20779
Error,23264
Error,18654
Error,16621
Error,42349
Error,40706
Error,40455
Error,40445
Error,19106
Error,24025
Error,17313
Error,14618
Error,42710
Error,41788
Error,42600
Error,51156
Error,20990
Error,25337
Error,20138
Error,17713
Error,46016
Error,44122
Error,46637
Error,56094
Error,21851
Error,27952
Error,38232
Error,14928
Error,52268
Error,51106
Error,43511
Error,50174
Error,20559
Error,23584
Error,30136
Error,15659
Error,44854
Error,43571
Error,52809
Error,59321
Error,20949
Error,23604
Error,18976
Error,15629
Error,44092
Error,51977
Error,57408
Error,43471
Error,19887
Error,23123
Error,18946
Error,16020
Error,44523
Error,42920
Error,51536
Error,42640
Error,20348
Error,22702
Error,18214
Error,14918
Error,43541
Error,42339
Error,51897
Error,47830
Error,21089
Error,24806
Error,19216
Error,16902
Error,46346
Error,44143
Error,51366
Error,44043
Error,21450
Error,24566
Error,19046
Error,16682
Error,47699
Error,48881
Error,47169
Error,45595
Error,22112
Error,23023
Error,15990
Error,14928
Error,42459
Error,40916
Error,48641
Error,44814
Error,23695
Error,24626
Error,18164
Error,16261
Error,42439
Error,40586
Error,40656
Error,41087
Error,20238
Error,21931
Error,17152
Error,14788
Error,50985
Error,41477
Error,41337
Error,40165
Error,18966
Error,21340
Error,18625
Error,14587
Error,43982
Error,48852
Error,41417
Error,48270
Error,26429
Error,22472
Error,29165
Error,14236
Error,45936
Error,52077
Error,42710
Error,41307
Error,20078
Error,22983
Error,18114
Error,15719
Error,52027
Error,43621
Error,43552
Error,53170
Error,20318
Error,22913
Error,19958
Error,15169
Error,44453
Error,43721
Error,42580
Error,43572
Error,19536
Error,25999
Error,26489
Error,18094
Error,60684
Error,49723
Error,54532
Error,46296
Error,20248
Error,26509
Error,34936
Error,11231
Error,49913
Error,48942
Error,51266
Error,40656
Error,18675
Error,23114
Error,21890
Error,16030
Error,50715
Error,41367
Error,40536
Error,47860
Error,19126
Error,24025
Error,17653
Error,16300
Error,51596
Error,42349
Error,42168
Error,40686
Error,21279
Error,23084
Error,21951
Error,16561
Error,43532
Error,41167
Error,43832
Error,41398
Error,18835
Error,22552
Error,17433
Error,15158
Error,41948
Error,40346
Error,40196
Error,49693
Error,20088
Error,24886
Error,16401
Error,17002
Error,46648
Error,51667
Error,42299
Error,41898
Error,20558
Error,23013
Error,17302
Error,15589
Error,44073
Error,42629
Error,41778
Error,42028
Error,19977
Error,23073
Error,24145
Error,16180
Error,43962
Error,41117
Error,47950
Error,48251
Error,18945
Error,27651
Error,18815
Error,15880
Error,46107
Error,45795
Error,44513
Error,44504
Error,20889
Error,24085
Error,18996
Error,16531
Error,45435
Error,43902
Error,43331
Error,44674
Error,21691
Error,24455
Error,32791
Error,17193
Error,47499
Error,44192
Error,42850
Error,91561
Error,21110
Error,27321
Error,18214
Error,17442
Error,55404
Error,54752
Error,46928
Error,47669
Error,21851
Error,24476
Error,18865
Error,16712
Error,45996
Error,45254
Error,43621
Error,44583
Error,20759
Error,23985
Error,18535
Error,16681
Error,45605
Error,42770
Error,51316
Error,50104
Error,20819
Error,25898
Error,18114
Error,17863
Error,48311
Error,46147
Error,44092
Error,44333
Error,21109
Error,24656
Error,18976
Error,16821
Error,45506
Error,53349
Error,45214
Error,43041
Error,20849
Error,24926
Error,18815
Error,16641
Error,45245
Error,43090
Error,64190
Error,59311
Error,20609
Error,22952
Error,41117
Error,21079
Error,46146
Error,52659
Error,47179
Error,42760
Error,19797
Error,23183
Error,25046
Error,14106
Error,52999
Error,44443
Error,50384
Error,42970
Error,19657
Error,23283
Error,19076
Error,15629
Error,52658
Error,42209
Error,42660
Error,42279
Error,19457
Error,23033
Error,33884
Error,17202
Error,53380
Error,44223
Error,49993
Error,44302
Error,20228
Error,23413
Error,36668
Error,10881
Error,59201
Error,48471
Error,47929
Error,47920
Error,23033
Error,25978
Error,42519
Error,22111
Error,60233
Error,47609
Error,53200
Error,47298
Error,19887
Error,23203
Error,37259
Error,12062
Error,52428
Error,43030
Error,42810
Error,50654
Error,20668
Error,23213
Error,48301
Error,22062
Error,44623
Error,42991
Error,50034
Error,41918
Error,19516
Error,22823
Error,28704
Error,15579
Error,44022
Error,42370
Error,42119
Error,50955
Error,20008
Error,22772
Error,34284
Error,16991
Error,47559
Error,43031
Error,51306
Error,50785
Error,21380
Error,22522
Error,28403
Error,15850
Error,44944
Error,50935
Error,50644
Error,42890
Error,19767
Error,22252
Error,29545
Error,15369
Error,45335
Error,42850
Error,43601
Error,42158
Error,20288
Error,22562
Error,33693
Error,10900
Error,49954
Error,47188
Error,54702
Error,45725
Error,21170
Error,23244
Error,20578
Error,16070
Error,54141
Error,45175
Error,50284
Error,44684
Error,22151
Error,24576
Error,20909
Error,18665
Error,53830
Error,44423
Error,42038
Error,50604
Error,20729
Error,23103
Error,43131
Error,17623
Error,49092
Error,47018
Error,45505
Error,44222
Error,21180
Error,22882
Error,31098
Error,14658
Error,44864
Error,52749
Error,43361
Error,42550
Error,21070
Error,24836
Error,30327
Error,16751
Error,45064
Error,43541
Error,42900
Error,42249
Error,20148
Error,22983
Error,23324
Error,15669
Error,50464
Error,46467
Error,54542
Error,45325
Error,20879
Error,24806
Error,30367
Error,15018
Error,53901
Error,43972
Error,41988
Error,48851
Error,19337
Error,22472
Error,43351
Error,28593
Error,45665
Error,43261
Error,42579
Error,51246
Error,20117
Error,22572
Error,43572
Error,21069
Error,45765
Error,46316
Error,42610
Error,41428
Error,19797
Error,22903
Error,23013
Error,15198
Error,44653
Error,52288
Error,42629
Error,42820
Error,19908
Error,22382
Error,20328
Error,15209
Error,51807
Error,43010
Error,42169
Error,48551
Error,20308
Error,22352
Error,32100
Error,16751
Error,45165
Error,46457
Error,41948
Error,51225
Error,20177
Error,22642
Error,32891
Error,17223
Error,44293
Error,41638
Error,41357
Error,41758
Error,19697
Error,23074
Error,19898
Error,14798
Error,44964
Error,43862
Error,43150
Error,43131
Error,19316
Error,22733
Error,30607
Error,14307
Error,42640
Error,51767
Error,41968
Error,41828
Error,19567
Error,22903
Error,35427
Error,13646
Error,44965
Error,42450
Error,41407
Error,49442
Error,20358
Error,23013
Error,19566
Error,15769
Error,44673
Error,41868
Error,41908
Error,42610
Error,20068
Error,23233
Error,22733
Error,14938
Error,44243
Error,50895
Error,43902
Error,43361
Error,19597
Error,22823
Error,30597
Error,14647
Error,44283
Error,42800
Error,42840
Error,41899
Error,19406
Error,22932
Error,31339
Error,17503
Error,44784
Error,43101
Error,40696
Error,41868
Error,19627
Error,22873
Error,30928
Error,16281
Error,44172
Error,41758
Error,46036
Error,42509
Error,19927
Error,22643
Error,47498
Error,31168
Error,45405
Error,54242
Error,48941
Error,43622
Error,19977
Error,23264
Error,29596
Error,16390
Error,45596
Error,43632
Error,43020
Error,51166
Error,20098
Error,22322
Error,32571
Error,9678
Error,45435
Error,42990
Error,41497
Error,44713
Error,19777
Error,22543
Error,46217
Error,30517
Error,52478
Error,42971
Error,42058
Error,42219
Error,19928
Error,23184
Error,18915
Error,15950
Error,43922
Error,50193
Error,42910
Error,42840
Error,20298
Error,23283
Error,21019
Error,15639
Error,43251
Error,42450
Error,50555
Error,48611
Error,20949
Error,24366
Error,30668
Error,14938
Error,45765
Error,43211
Error,43181
Error,44062
Error,20679
Error,24235
Error,41438
Error,21901
Error,44624
Error,42770
Error,43060
Error,41277
Error,19817
Error,22332
Error,29686
Error,18014
Error,44563
Error,42229
Error,58239
Error,53360
Error,20388
Error,22401
Error,30306
Error,15288
Error,43842
Error,42880
Error,50936
Error,48911
Error,20498
Error,22792
Error,30988
Error,15379
Error,44483
Error,42410
Error,50134
Error,42349
Error,19396
Error,23203
Error,19577
Error,14978
Error,43061
Error,41878
Error,50605
Error,46457
Error,20849
Error,24536
Error,29555
Error,16821
Error,44282
Error,43151
Error,42850
Error,42961
Error,20628
Error,22261
Error,41167
Error,12534
Error,45145
Error,41327
Error,40826
Error,49663
Error,20188
Error,22552
Error,30838
Error,14027
Error,44002
Error,42369
Error,51286
Error,42590
Error,20228
Error,22863
Error,31428
Error,15398
Error,56706
Error,42310
Error,40546
Error,40846
Error,19697
Error,22472
Error,22152
Error,15068
Error,51286
Error,43031
Error,40987
Error,41819
Error,18715
Error,23033
Error,20748
Error,15078
Error,43280
Error,41608
Error,51175
Error,42078
Error,27542
Error,22952
Error,42760
Error,48751
Error,92874
Error,49512
Error,41628
Error,41287
Error,20107
Error,24346
Error,25828
Error,39323
Error,20238
Error,52709
Error,49923
Error,43402
Error,56385
Error,20538
Error,22321
Error,28573
Error,14988
Error,44383
Error,43020
Error,43100
Error,41257
Error,19437
Error,22553
Error,40887
Error,18254
Error,53891
Error,44995
Error,42399
Error,41818
Error,19687
Error,22973
Error,18205
Error,15880
Error,43511
Error,42289
Error,40937
Error,42059
Error,19637
Error,22432
Error,28423
Error,15269
Error,45004
Error,51516
Error,41507
Error,49673
Error,19837
Error,22723
Error,22301
Error,14998
Error,43812
Error,44954
Error,50213
Error,41728
Error,24586
Error,22371
Error,24426
Error,15690
Error,45124
Error,43311
Error,50625
Error,48811
Error,20318
Error,22823
Error,28253
Error,15379
Error,43592
Error,42840
Error,41848
Error,41298
Error,19446
Error,23113
Error,29335
Error,15469
Error,43942
Error,51546
Error,47388
Error,42539
Error,19676
Error,22953
Error,30958
Error,15730
Error,44814
Error,53710
Error,42439
Error,48010
Error,19897
Error,23163
Error,26800
Error,15429
Error,44813
Error,42419
Error,41688
Error,42169
Error,19948
Error,22903
Error,29685
Error,14978
Error,43752
Error,42519
Error,50455
Error,45625
Error,21099
Error,24396
Error,40736
Error,19837
Error,48681
Error,45525
Error,45756
Error,41287
Error,18765
Error,21881
Error,17583
Error,14928
Error,43220
Error,40576
Error,49703
Error,45776
Error,21350
Error,24446
Error,36207
Error,12092
Error,49002
Error,46156
Error,44493
Error,43021
Error,20799
Error,23604
Error,33282
Error,11792
Error,46898
Error,44183
Error,42620
Error,42980
Error,19707
Error,24095
Error,18935
Error,17302
Error,45765
Error,44743
Error,44142
Error,44433
Error,20930
Error,22241
Error,19376
Error,15469
Error,44653
Error,54672
Error,48791
Error,50034
Error,21861
Error,25548
Error,37561
Error,18645
Error,51877
Error,49603
Error,56215
Error,49162
Error,22312
Error,25879
Error,38572
Error,21129
Error,52719
Error,50535
Error,50174
Error,46818
Error,22933
Error,26038
Error,21049
Error,16842
Error,43832
Error,45665
Error,46297
Error,50274
Error,21931
Error,24797
Error,34955
Error,11942
Error,47579
Error,40196
Error,40556
Error,50624
Error,19426
Error,22282
Error,15098
Error,14477
Error,42890
Error,40846
Error,48570
Error,41328
Error,19086
Error,21741
Error,16861
Error,15108
Error,42500
Error,40466
Error,40826
Error,46147
Error,20448
Error,24395
Error,16651
Error,16030
Error,51607
Error,42840
Error,41157
Error,57247
Error,20559
Error,23053
Error,15729
Error,16050
Error,43141
Error,49843
Error,42660
Error,40796
Error,18594
Error,22122
Error,17884
Error,14387
Error,42890
Error,40917
Error,48531
Error,46868
Error,21009
Error,23604
Error,17603
Error,16331
Error,52128
Error,42599
Error,41979
Error,45435
Error,20789
Error,23694
Error,31479
Error,15469
Error,46547
Error,43371
Error,41718
Error,49974
Error,20077
Error,24596
Error,20849
Error,15499
Error,44894
Error,43361
Error,41798
Error,51326
Error,20308
Error,22302
Error,21741
Error,15249
Error,44934
Error,43341
Error,42109
Error,41337
Error,20158
Error,22932
Error,19527
Error,15259
Error,44262
Error,42730
Error,42569
Error,50825
Error,20108
Error,22633
Error,18675
Error,15118
Error,42540
Error,43571
Error,42680
Error,41547
Error,23224
Error,25117
Error,32832
Error,20298
Error,55183
Error,49262
Error,49111
Error,23755
Error,39915
Error,23414
Error,17292
Error,14597
Error,54332
Error,42580
Error,48260
Error,41617
Error,19627
Error,22912
Error,20849
Error,18514
Error,43411
Error,40576
Error,49101
Error,41768
Error,19757
Error,24356
Error,17734
Error,17102
Error,44954
Error,43120
Error,42730
Error,42069
Error,20378
Error,22482
Error,16761
Error,16170
Error,52138
Error,43421
Error,41408
Error,40956
Error,20599
Error,23033
Error,17473
Error,16281
Error,41708
Error,40316
Error,41578
Error,40456
Error,18946
Error,26379
Error,15660
Error,17172
Error,45134
Error,52177
Error,42319
Error,40706
Error,20007
Error,22592
Error,12694
Error,16030
Error,43321
Error,50434
Error,42981
Error,41828
Error,20128
Error,23443
Error,34224
Error,12143
Error,45816
Error,42960
Error,40916
Error,41337
Error,19076
Error,22562
Error,18555
Error,15950
Error,46267
Error,42830
Error,42189
Error,51406
Error,20127
Error,22783
Error,24426
Error,15018
Error,45084
Error,42891
Error,42129
Error,42249
Error,19416
Error,21660
Error,33372
Error,18144
Error,45395
Error,42569
Error,42249
Error,42870
Error,19927
Error,22642
Error,29716
Error,20729
Error,50054
Error,45575
Error,53931
Error,43762
Error,21009
Error,23173
Error,18916
Error,15800
Error,54441
Error,44152
Error,43001
Error,43492
Error,21200
Error,24415
Error,31059
Error,15730
Error,45906
Error,43662
Error,44684
Error,16461
Error,17002
Error,20479
Error,30257
Error,15339
Error,43701
Error,48461
Error,46828
Error,45485
Error,27422
Error,24415
Error,20689
Error,16811
Error,45575
Error,43311
Error,43651
Error,43081
Error,20738
Error,24736
Error,29876
Error,14127
Error,46057
Error,52979
Error,43851
Error,42860
Error,19457
Error,22592
Error,18143
Error,15660
Error,49512
Error,43842
Error,43010
Error,56876
Error,21420
Error,22582
Error,16110
Error,15308
Error,43902
Error,43121
Error,49823
Error,43391
Error,19917
Error,23053
Error,27221
Error,15559
Error,49653
Error,47909
Error,52458
Error,47920
Error,22252
Error,26109
Error,40395
Error,17412
Error,49953
Error,48020
Error,65262
Error,43712
Error,19787
Error,22632
Error,17593
Error,15579
Error,54812
Error,42720
Error,48050
Error,48941
Error,20218
Error,22923
Error,24486
Error,15790
Error,45395
Error,42319
Error,48541
Error,50775
Error,19917
Error,23454
Error,25287
Error,15339
Error,44914
Error,47699
Error,53590
Error,45435
Error,21340
Error,21830
Error,20689
Error,14998
Error,49532
Error,44022
Error,39955
Error,40596
Error,18775
Error,21771
Error,16090
Error,15018
Error,42460
Error,41968
Error,49533
Error,46377
Error,21611
Error,22792
Error,14477
Error,15860
Error,43662
Error,42078
Error,60944
Error,42830
Error,20188
Error,22913
Error,17633
Error,16340
Error,45235
Error,50104
Error,53991
Error,40346
Error,18405
Error,21791
Error,16892
Error,14357
Error,43061
Error,49643
Error,44814
Error,44202
Error,20078
Error,23474
Error,29946
Error,15880
Error,43972
Error,41808
Error,58169
Error,41919
Error,19767
Error,21840
Error,15629
Error,14898
Error,44223
Error,50324
Error,47649
Error,38943
Error,19126
Error,21500
Error,16040
Error,14437
Error,42449
Error,42940
Error,71414
Error,44503
Error,19927
Error,23433
Error,39504
Error,20479
Error,45966
Error,43140
Error,50664
Error,42880
Error,21039
Error,23094
Error,19296
Error,15740
Error,44814
Error,42199
FindNodeReq,37440
Error,49192
UpdateRouteReq,20528
Error,42860
UpdateRouteReq,21951
Error,19547
Error,23544
UpdateRouteReq,94787
Error,76433
Error,76012
UpdateRouteReq,21891
UpdateRouteReq,22071
Error,45055
Error,48931
Error,46317
Error,45805
Error,24426
Error,26950
Error,30467
Error,16982
Error,49583
Error,43341
Error,50014
Error,41497
Error,21611
Error,23364
Error,15368
Error,14958
Error,52438
Error,42460
Error,51095
Error,41558
Error,20619
Error,21520
Error,15950
Error,14918
Error,48511
Error,43492
Error,55143
Error,43811
Error,22552
Error,23665
Error,15178
Error,15820
Error,45545
Error,62587
Error,50324
Error,43031
Error,20248
Error,22172
Error,14557
Error,14958
Error,43290
Error,43090
Error,43592
Error,50194
Error,20829
Error,23835
Error,16561
Error,14687
Error,44183
Error,42690
Error,47048
Error,41618
Error,20338
Error,21671
Error,16511
Error,14597
Error,51697
Error,50054
Error,52959
Error,41979
Error,20268
Error,22572
Error,17102
Error,14968
Error,44493
Error,42229
Error,46678
Error,53199
Error,24175
Error,24536
Error,29155
Error,13756
Error,48170
Error,43772
Error,53661
Error,41768
Error,20088
Error,22281
Error,19076
Error,17001
Error,49954
Error,48490
Error,41808
Error,42810
Error,20278
Error,22001
Error,16460
Error,15439
Error,45315
Error,52157
Error,52458
Error,46557
Error,21320
Error,23614
Error,14236
Error,14657
Error,44103
Error,42790
Error,50123
Error,41228
Error,21280
Error,21801
Error,14607
Error,14938
Error,44033
Error,42780
Error,43411
Error,49362
Error,20408
Error,21821
Error,16641
Error,14587
Error,44493
Error,42590
Error,45074
Error,42400
Error,20047
Error,22132
Error,31449
Error,16400
Error,44002
Error,42439
Error,59771
Error,42870
Error,20348
Error,21781
Error,14767
Error,14767
Error,43952
Error,43000
Error,41788
Error,40636
Error,19958
Error,21049
Error,16952
Error,15108
Error,52258
Error,43140
Error,46647
Error,42940
Error,20909
Error,21921
Error,17874
Error,14858
Error,45255
Error,42599
Error,50785
Error,41117
Error,20257
Error,21741
Error,16861
Error,14898
Error,52138
Error,43041
Error,58980
Error,42179
Error,20398
Error,21821
Error,15079
Error,14978
Error,44393
Error,57066
Error,45596
Error,43030
Error,21040
Error,24606
Error,28463
Error,17823
Error,56125
Error,47168
Error,53329
Error,45625
Error,22532
Error,24596
Error,17703
Error,16531
Error,54923
Error,45856
Error,63639
Error,45796
Error,21179
Error,23054
Error,30187
Error,15118
Error,52438
Error,47740
Error,46657
Error,46547
Error,24275
Error,25929
Error,17473
Error,16752
Error,52288
Error,43261
Error,58209
Error,49202
Error,24866
Error,23183
Error,16581
Error,16521
Error,45254
Error,44964
Error,48511
Error,51236
Error,20308
Error,24866
Error,16931
Error,17252
Error,47128
Error,44523
Error,51917
Error,42269
Error,21300
Error,23104
Error,16390
Error,15869
Error,44573
Error,43552
Error,53480
Error,41718
Error,21811
Error,23153
Error,16601
Error,17172
Error,44553
Error,50213
Error,50945
Error,41578
Error,23493
Error,24255
Error,22171
Error,17272
Error,46117
Error,43281
Error,51837
Error,43521
Error,20829
Error,23073
Error,17343
Error,17553
Error,61555
Error,58410
Error,48561
Error,43121
Error,21801
Error,22833
Error,17804
Error,14998
Error,43722
Error,50094
Error,45154
Error,44693
Error,19757
Error,21700
Error,38532
Error,18635
Error,45746
Error,43191
Error,47398
Error,42479
Error,20268
Error,23093
Error,32170
Error,9958
Error,48681
Error,45364
Error,51486
Error,44553
Error,21310
Error,23283
Error,26720
Error,15389
Error,61986
Error,62567
Error,58600
Error,45395
Error,21600
Error,23794
Error,34775
Error,19436
Error,47008
Error,44383
Error,43521
Error,44223
Error,21481
Error,23755
Error,17693
Error,16310
Error,56025
Error,45826
Error,60663
Error,45045
Error,21921
Error,23745
Error,20459
Error,16000
Error,46246
Error,62808
Error,46748
Error,50795
Error,22161
Error,23394
Error,28543
Error,15639
Error,46457
Error,44884
Error,52087
Error,52618
Error,22292
Error,23343
Error,23614
Error,16471
Error,45886
Error,44263
Error,49774
Error,44694
Error,21701
Error,23704
Error,20058
Error,16180
Error,56766
Error,46286
Error,44393
Error,45545
Error,21510
Error,24085
Error,19567
Error,16160
Error,46247
Error,57688
Error,55384
Error,44083
Error,21520
Error,23424
Error,19446
Error,15579
Error,47619
Error,45234
Error,52628
Error,43882
Error,21941
Error,23284
Error,42138
Error,12593
Error,49352
Error,44764
Error,62427
Error,44343
Error,21349
Error,23264
Error,17683
Error,14577
Error,55033
Error,45144
Error,49843
Error,49894
Error,23744
Error,25778
Error,51677
Error,27592
Error,54552
Error,50955
Error,52929
Error,48351
Error,25277
Error,33512
Error,20558
Error,17513
Error,50294
Error,45966
Error,46858
Error,45685
Error,23934
Error,25277
Error,29796
Error,14628
Error,47579
Error,46156
Error,50284
Error,53129
Error,21791
Error,25808
Error,19346
Error,17874
Error,48010
Error,43571
Error,50875
Error,65241
Error,22392
Error,23364
Error,30036
Error,14347
Error,46076
Error,47799
Error,52599
Error,48852
Error,22783
Error,22772
Error,20348
Error,17864
Error,50475
Error,48310
Error,48010
Error,58038
Error,23474
Error,22793
Error,17222
Error,15509
Error,44893
Error,50284
Error,50845
Error,45095
Error,22843
Error,23434
Error,14397
Error,17603
Error,46768
Error,44012
Error,48550
Error,44113
Error,21991
Error,23755
Error,16571
Error,16781
Error,44704
Error,44694
Error,44182
Error,51807
Error,21240
Error,22522
Error,17503
Error,15389
Error,44453
Error,57698
Error,55364
Error,51397
Error,22933
Error,24325
Error,17883
Error,16541
Error,46717
Error,52408
Error,59982
Error,45224
Error,21890
Error,24766
Error,17193
Error,16841
Error,46407
Error,45956
Error,54422
Error,45685
Error,21400
Error,23454
Error,24927
Error,16310
Error,53049
Error,48110
Error,49803
Error,56225
Error,24045
Error,25888
Error,16220
Error,17923
Error,47489
Error,46798
Error,49893
Error,46076
Error,23564
Error,25968
Error,18855
Error,17874
Error,48301
Error,45866
Error,63489
Error,44934
Error,22261
Error,27542
Error,17623
Error,18054
Error,49453
Error,46146
Error,53751
Error,48411
Error,24917
Error,26650
Error,28092
Error,15399
Error,46046
Error,44373
Error,49372
Error,41388
Error,20578
Error,24105
Error,18224
Error,16722
Error,45305
Error,41638
Error,48661
Error,42189
Error,23654
Error,24325
Error,15179
Error,17342
Error,53400
Error,44113
Error,50665
Error,53661
Error,22562
Error,23774
Error,15449
Error,16601
Error,45365
Error,44163
Error,49293
Error,43391
Error,22182
Error,22522
Error,14076
Error,18084
Error,49312
Error,43622
Error,43050
Error,47849
Error,23384
Error,23894
Error,16822
Error,17142
Error,44664
Error,44733
Error,44863
Error,42830
Error,21531
Error,23834
Error,17442
Error,16702
Error,45686
Error,43401
Error,48661
Error,42349
Error,20388
Error,22652
Error,16030
Error,15499
Error,52718
Error,60162
Error,46738
Error,44523
Error,24055
Error,23905
Error,21670
Error,16541
Error,46918
Error,44904
Error,48380
Error,43211
Error,22573
Error,23323
Error,26399
Error,16010
Error,46567
Error,45665
Error,51145
Error,47289
Error,23644
Error,22813
Error,33483
Error,10149
Error,48792
Error,43992
Error,43832
Error,42980
Error,21330
Error,23654
Error,17223
Error,15088
Error,46487
Error,52679
Error,50024
Error,49222
Error,22382
Error,21931
Error,14877
Error,15178
Error,43291
Error,42570
Error,59130
Error,42149
Error,19897
Error,24466
Error,17152
Error,16691
Error,54021
Error,42830
Error,42519
Error,42950
Error,21571
Error,23184
Error,17162
Error,16050
Error,52799
Error,43741
Error,45895
Error,41898
Error,20879
Error,21761
Error,16901
Error,14838
Error,43271
Error,42128
Error,49011
Error,49652
Error,21821
Error,22452
Error,14698
Error,15178
Error,43351
Error,41959
Error,45805
Error,49633
Error,19978
Error,21931
Error,18675
Error,15489
Error,45004
Error,41748
Error,47228
Error,41417
Error,21761
Error,21490
Error,16471
Error,13525
Error,51617
Error,43351
Error,51947
FindNodeReq,41648
Error,46797
Error,22783
Error,24826
Error,35236
Error,18675
Error,47860
Error,45525
Error,45755
Error,43221
Error,20829
Error,23234
Error,32401
Error,9237
Error,47398
Error,43771
Error,50876
Error,43942
Error,29395
Error,30166
Error,64841
Error,42600
Error,72686
Error,73327
Error,64581
Error,66544
Error,30367
Error,31740
Error,23033
Error,11722
Error,53420
Error,50204
Error,49743
Error,49272
Error,23984
Error,25297
Error,30156
Error,16681
Error,45836
Error,49132
Error,43281
Error,41428
Error,20728
Error,27001
Error,31529
Error,11411
Error,52819
Error,58410
Error,44523
Error,43171
Error,20238
Error,21851
Error,20448
Error,14918
Error,44543
Error,38321
Error,43482
Error,53930
Error,20989
Error,17403
Error,29966
Error,16401
Error,44453
Error,42379
Error,49492
Error,42619
Error,21390
Error,22442
Error,16661
Error,15439
Error,45255
Error,44093
Error,51507
Error,42659
Error,20028
Error,23023
Error,17132
Error,15499
Error,44783
Error,43541
Error,47299
Error,42269
Error,20117
Error,22883
Error,17483
Error,15639
Error,45154
Error,50173
Error,49834
Error,49122
Error,23093
Error,25127
Error,17343
Error,17112
Error,55554
Error,49843
Error,55374
Error,46798
Error,23464
Error,25949
Error,19777
Error,16922
Error,49543
Error,46947
Error,52067
Error,45275
Error,23193
Error,25298
Error,32331
Error,11532
Error,53600
Error,46437
Error,51356
Error,49864
Error,24637
Error,23213
Error,29635
Error,11362
Error,45746
Error,44072
Error,46537
Error,43131
Error,21911
Error,23694
Error,15168
Error,16761
Error,45605
Error,42911
Error,62376
Error,44123
Error,21751
Error,22322
Error,17422
Error,14688
Error,44974
Error,48621
Error,45775
Error,45174
Error,22241
Error,23664
Error,15108
Error,16400
Error,46547
Error,44163
Error,56356
Error,44934
Error,24526
Error,26890
Error,18305
Error,16491
Error,45465
Error,73858
Error,54632
Error,43712
Error,20298
Error,22422
Error,40406
Error,20639
Error,49313
Error,52057
Error,46607
Error,50294
Error,20629
Error,22682
Error,15309
Error,15398
Error,45795
Error,50644
Error,52007
Error,42079
Error,21871
Error,21791
Error,19437
Error,15419
Error,45435
Error,43652
FindNodeRsp,21931
Error,51075
Error,43000
Error,20739
Error,26139
Error,17222
Error,18134
Error,48220
Error,46878
FindNodeReq,41417
Error,48902
Error,43611
Error,22041
Error,24296
Error,15709
Error,18465
Error,54773
Error,44733
Error,50655
Error,45595
Error,24296
Error,25538
Error,40586
Error,23354
Error,48781
Error,44282
Error,60633
Error,52929
Error,26469
Error,25538
Error,32220
Error,17713
Error,50213
Error,47549
Error,48431
Error,46437
Error,22482
Error,25227
Error,33423
Error,18354
Error,48391
Error,44413
Error,50194
Error,44312
Error,22913
Error,24826
Error,31428
Error,19096
Error,48911
Error,44664
Error,51346
Error,55764
Error,24185
Error,23974
Error,41898
Error,30987
Error,46887
Error,44383
Error,47499
Error,52068
Error,22452
Error,23564
Error,40997
Error,22462
Error,47749
FindNodeRsp,27140
Error,44834
Error,49222
Error,52428
Error,23374
Error,23544
Error,32281
Error,18194
Error,47219
Error,43782
Error,50955
Error,48922
Error,21690
Error,23513
Error,32831
Error,20238
Error,50835
Error,46948
Error,49532
Error,55394
Error,23463
Error,23304
Error,27942
Error,12022
Error,47850
Error,53900
Error,44253
Error,44844
Error,22913
Error,23434
Error,30997
Error,19316
Error,46858
Error,53240
Error,51577
Error,55664
Error,23784
Error,25638
Error,33232
Error,18915
Error,48540
Error,46457
Error,44223
Error,43161
Error,21080
Error,28614
Error,40686
Error,30417
Error,54903
Error,52308
Error,52518
Error,60583
Error,26289
Error,26910
Error,40405
Error,32351
Error,53841
Error,54332
Error,46167
Error,48120
Error,23554
Error,24926
Error,35316
Error,23314
Error,47749
Error,45505
Error,50064
Error,44633
Error,23704
Error,22933
Error,30978
Error,18845
Error,47178
Error,46597
Error,51156
Error,55083
Error,22412
Error,23604
Error,31669
Error,19095
Error,53981
Error,49723
Error,61645
Error,71233
Error,27351
Error,24766
Error,33382
Error,12173
Error,48039
Error,45445
Error,45715
Error,55203
Error,22262
Error,23895
Error,30978
Error,16992
Error,81392
Error,47278
Error,48330
Error,45365
Error,22071
Error,23604
Error,60503
Error,35877
Error,52127
Error,48421
Error,52098
Error,48000
Error,22301
Error,26610
Error,34214
Error,10590
Error,48320
Error,59441
Error,62617
Error,49633
Error,24275
Error,26239
Error,39694
Error,20849
Error,50224
Error,59611
Error,48771
Error,56256
Error,34334
Error,25157
Error,31839
Error,16862
Error,48541
Error,44513
Error,51717
Error,45835
Error,24866
Error,26139
Error,33051
Error,19597
Error,50434
Error,48120
Error,53640
Error,47068
Error,22592
Error,23384
Error,30597
Error,18084
Error,47289
Error,45726
Error,51897
Error,45575
Error,25808
Error,26660
Error,33744
Error,10580
Error,51557
Error,47880
Error,50755
Error,47078
Error,21921
Error,23424
Error,30147
Error,15048
Error,47719
Error,46947
Error,50183
Error,44854
Error,23243
Error,25688
Error,30918
Error,16381
Error,47649
Error,54111
Error,56105
Error,49022
Error,23855
Error,24065
Error,31148
Error,16771
Error,46747
Error,46047
Error,47138
Error,44793
Error,23103
Error,24125
Error,30707
Error,15769
Error,47419
Error,46637
Error,54121
Error,45295
Error,23163
Error,24255
Error,32331
Error,11332
Error,48130
Error,51997
Error,47518
Error,47469
Error,24906
Error,25568
Error,28424
Error,17673
Error,48190
Error,56295
Error,53851
Error,53299
Error,24386
Error,25758
Error,29795
Error,15880
Error,49092
Error,47068
Error,51617
Error,44694
Error,21400
Error,23594
Error,30166
Error,17623
Error,62216
Error,48371
Error,47649
Error,54532
Error,25788
Error,25357
Error,29746
Error,15669
Error,55283
Error,46146
Error,54211
Error,45155
Error,24265
Error,25006
Error,41127
Error,20187
Error,54722
Error,48180
Error,52097
Error,44673
Error,22502
Error,24376
Error,34816
Error,19486
Error,50865
Error,46096
Error,55063
Error,54582
Error,25027
Error,25478
Error,29495
Error,17543
Error,55354
Error,47819
Error,53459
Error,46086
Error,23303
Error,26229
Error,30247
Error,15449
Error,48861
Error,47349
Error,51997
Error,44323
Error,20969
Error,27461
Error,18795
Error,18094
Error,49883
Error,48871
Error,45104
Error,46176
Error,23444
Error,25238
Error,32491
Error,10730
Error,48711
Error,46126
Error,51626
Error,44273
Error,21420
Error,25488
Error,27722
Error,17603
Error,47609
Error,46988
Error,51316
Error,44564
Error,22142
Error,25928
Error,26610
Error,17282
Error,48531
Error,46997
Error,53029
Error,46226
Error,23634
Error,25237
Error,29185
Error,17312
Error,56496
Error,46387
Error,52408
Error,45454
Error,23153
Error,24576
Error,29375
Error,15389
Error,47989
Error,45425
Error,51666
Error,43381
Error,28353
Error,26119
Error,29795
Error,18264
Error,49303
Error,54602
Error,51967
Error,46427
Error,23654
Error,25057
Error,42980
Error,19777
Error,48801
Error,46337
Error,58970
Error,44152
Error,21540
Error,24506
Error,18665
Error,15549
Error,46487
Error,53149
Error,50204
Error,50484
Error,23274
Error,25748
Error,43060
Error,21581
Error,50054
Error,46177
Error,51837
Error,43761
Error,22222
Error,22482
Error,27662
Error,17132
Error,48150
Error,45675
Error,62857
Error,46026
Error,22863
Error,24886
Error,31970
Error,15869
Error,46367
Error,44233
Error,50634
Error,47740
Error,23654
Error,25448
Error,36428
Error,18204
Error,49021
Error,46216
Error,50425
Error,46066
Error,23053
Error,23924
Error,19136
Error,15018
Error,48321
Error,45405
Error,49864
Error,45114
Error,23343
Error,23303
Error,31279
Error,16801
Error,45856
Error,43962
Error,47950
Error,45154
Error,23464
Error,25568
Error,46587
Error,31008
Error,48120
Error,46276
Error,49803
Error,45816
Error,22993
Error,22732
Error,29244
Error,17433
Error,48972
Error,45195
Error,46207
Error,44994
Error,23885
Error,23013
Error,30828
Error,15278
Error,46316
Error,50885
Error,47308
Error,45024
Error,24185
Error,23995
Error,18775
Error,14046
Error,48411
Error,45084
Error,50364
Error,52718
Error,21871
Error,23143
Error,29205
Error,15859
Error,48070
Error,45785
Error,61575
Error,45866
Error,21891
Error,22853
Error,29205
Error,14357
Error,55083
Error,48741
Error,52118
Error,51877
Error,22462
Error,24245
Error,28583
Error,17011
Error,55774
Error,46447
Error,51016
Error,53159
Error,22843
Error,24857
Error,27331
Error,16932
Error,55143
Error,46396
Error,49032
Error,51086
Error,21881
Error,22983
Error,37410
Error,16641
Error,49552
Error,46487
Error,58229
Error,50785
Error,21600
Error,24336
Error,28995
Error,17132
Error,46747
Error,44453
Error,47058
Error,45475
Error,22312
Error,24586
Error,29465
Error,14417
Error,46738
Error,46697
Error,51947
Error,44202
Error,20689
Error,23574
Error,29015
Error,15409
Error,47629
Error,46597
Error,46366
Error,45224
Error,22552
Error,24416
Error,28985
Error,16871
Error,56876
Error,46808
Error,52959
Error,53610
Error,23244
Error,24536
Error,35146
Error,10349
Error,48761
Error,44484
Error,48972
Error,42550
Error,25107
Error,25197
Error,29144
Error,19587
Error,56345
Error,56115
Error,46948
Error,49884
Error,22642
Error,25508
Error,21019
Error,16772
Error,48310
Error,46247
Error,44833
Error,44714
Error,22883
Error,25077
Error,20568
Error,15840
Error,47610
Error,45716
Error,44994
Error,47629
Error,23865
Error,27802
Error,22583
Error,15779
Error,47058
Error,45465
Error,52408
Error,56035
Error,23133
Error,25628
Error,20709
Error,16351
Error,48431
Error,55423
Error,48120
Error,46056
Error,22582
Error,25588
Error,19276
Error,14657
Error,47028
Error,44794
Error,44173
Error,49893
Error,24616
Error,26069
Error,20929
Error,16341
Error,56305
Error,47369
Error,46507
Error,45014
Error,22653
Error,25307
Error,20338
Error,16180
Error,48591
Error,45405
Error,56886
Error,45766
Error,22963
Error,25247
Error,19206
Error,14737
Error,46467
Error,44103
Error,49422
Error,46457
Error,23904
Error,26369
Error,19737
Error,16381
Error,48691
Error,46056
Error,49042
Error,45235
Error,22793
Error,25918
Error,20519
Error,16150
Error,47649
Error,44804
Error,46497
Error,45796
Error,22593
Error,24035
Error,17923
Error,15168
Error,46326
Error,44323
Error,50154
Error,47208
Error,23985
Error,26820
Error,11462
Error,17983
Error,47669
Error,44894
Error,45876
Error,43882
Error,23093
Error,25728
Error,18515
Error,16501
Error,47800
Error,46427
Error,45565
Error,46577
Error,22441
Error,22923
Error,14758
Error,16270
Error,47098
Error,45034
Error,49262
Error,46908
Error,24155
Error,26129
Error,14898
Error,17132
Error,48500
Error,46887
Error,48300
Error,44814
Error,23684
Error,25879
Error,19977
Error,16210
Error,48831
Error,46066
Error,45415
Error,45685
Error,22502
Error,23354
Error,21390
Error,15349
Error,46507
Error,51656
Error,47268
Error,47379
Error,23835
Error,25267
Error,20308
Error,16591
Error,48170
Error,55434
Error,46477
Error,45024
Error,22482
Error,25888
Error,20579
Error,16030
Error,48902
Error,45806
Error,45435
Error,45405
Error,21861
Error,23874
Error,19476
Error,15388
Error,46446
Error,49202
Error,46176
Error,59441
Error,23865
Error,25257
Error,20489
Error,16410
Error,48290
Error,46066
Error,45635
Error,45245
Error,23374
Error,25288
Error,20018
Error,16201
Error,56145
Error,46447
Error,50574
Error,51256
Error,22221
Error,24025
Error,19576
Error,14718
Error,52969
Error,61124
Error,48921
Error,47699
Error,22682
Error,25298
Error,19336
Error,16401
Error,48230
Error,45655
Error,45365
Error,45986
Error,22542
Error,25858
Error,20489
Error,16792
Error,55494
Error,47038
Error,50945
Error,44303
Error,21239
Error,23534
Error,20789
Error,16672
Error,47689
Error,55354
Error,51517
Error,45154
Error,22512
Error,25868
Error,20288
Error,16261
Error,55965
Error,46547
Error,49853
Error,44453
Error,22713
Error,25427
Error,14377
Error,17353
Error,47078
Error,46076
Error,48831
Error,43632
Error,20718
Error,25377
Error,19897
Error,16090
Error,47579
Error,46407
Error,49924
Error,45635
Error,22923
Error,24877
Error,14076
Error,17593
Error,47238
Error,46127
Error,45795
Error,44754
Error,23083
Error,25377
Error,20789
Error,16411
Error,48400
Error,44072
Error,43691
Error,57447
Error,23674
Error,25027
Error,20839
Error,15940
Error,47830
Error,46136
Error,50484
Error,54803
Error,23194
Error,24396
Error,20067
Error,16862
Error,48300
Error,46157
Error,45595
Error,54452
Error,23865
Error,25828
Error,18795
Error,15288
Error,46918
Error,44162
Error,44954
Error,50224
Error,23614
Error,26139
Error,20839
Error,15920
Error,48871
Error,47218
Error,50134
Error,45185
Error,23133
Error,24366
Error,19877
Error,17453
Error,47649
Error,46777
Error,45315
Error,44693
Error,22271
Error,25328
Error,18434
Error,14627
Error,46677
Error,45545
Error,52649
Error,47729
Error,23344
Error,24916
Error,20057
Error,16060
Error,47940
Error,45625
Error,46958
Error,45675
Error,22582
Error,25137
Error,20528
Error,16050
Error,56846
Error,46336
Error,59060
Error,45586
Error,22141
Error,23775
Error,19226
Error,15039
Error,45886
Error,52558
Error,50625
Error,47920
Error,23243
Error,25277
Error,18585
Error,16351
Error,46767
Error,45795
Error,59290
Error,46527
Error,23013
Error,26479
Error,14507
Error,17243
Error,48040
Error,45525
Error,56716
Error,46087
Error,22702
Error,23965
Error,18595
Error,14898
Error,55093
Error,44704
Error,60222
Error,47800
Error,23594
Error,26068
Error,20449
Error,15839
Error,47780
Error,55714
Error,51537
Error,52849
Error,22623
Error,25137
Error,19797
Error,16381
Error,47309
Error,45876
Error,45065
Error,45385
Error,21079
Error,23394
Error,18615
Error,14948
Error,46707
Error,50124
Error,46968
Error,46908
Error,23574
Error,25357
Error,20449
Error,16220
Error,46848
Error,45716
Error,45725
Error,44954
Error,22553
Error,24776
Error,20528
Error,15820
Error,47248
Error,45855
Error,45866
Error,46427
Error,21410
Error,23383
Error,18575
Error,14677
Error,55133
Error,46717
Error,44063
Error,47158
Error,20638
Error,28273
Error,64210
Error,27451
UpdateRouteReq,23885
Error,51326
Error,43381
Error,43131
Error,42479
Error,20549
Error,23053
Error,18555
Error,14617
Error,54292
Error,42910
Error,43161
Error,43461
Error,20017
Error,23874
Error,18975
Error,14587
Error,50274
Error,45225
Error,45054
Error,45004
Error,21249
Error,25388
Error,18996
Error,15429
Error,56225
Error,45325
Error,52277
Error,44924
Error,21330
Error,24786
Error,19767
Error,15899
Error,46527
Error,43742
Error,43702
Error,43031
Error,19807
Error,23634
Error,24546
Error,14877
Error,46357
Error,43411
Error,55273
Error,43221
Error,19416
Error,23885
Error,19146
Error,14758
Error,54131
Error,43241
Error,42540
Error,41848
Error,19526
Error,23965
Error,14227
Error,16391
Error,45295
Error,42339
Error,50615
Error,50104
Error,20899
Error,23164
Error,12624
Error,16551
Error,45556
Error,42450
Error,42780
Error,43502
Error,20077
Error,23584
Error,17553
Error,14988
Error,45214
Error,52678
Error,42980
Error,43271
Error,19487
Error,23794
Error,19356
Error,14327
Error,44673
Error,43341
Error,42890
Error,43000
Error,19988
Error,24276
Error,12723
Error,16000
Error,45044
Error,43191
Error,42870
Error,51436
Error,20708
Error,23054
Error,18805
Error,14487
Error,45636
Error,43561
Error,42730
Error,51216
Error,20629
Error,23654
Error,18545
Error,15329
Error,45405
Error,42690
Error,47448
Error,42610
Error,19627
Error,23544
Error,18976
Error,14938
Error,45395
Error,51587
Error,48871
Error,42228
Error,21039
Error,23744
Error,18565
Error,14667
Error,44654
Error,42850
Error,42970
Error,42960
Error,19416
Error,23774
Error,18445
Error,14888
Error,45515
Error,55944
Error,46807
Error,42680
Error,20579
Error,24356
Error,19306
Error,14688
Error,44924
Error,43161
Error,42610
Error,42720
Error,20318
Error,23955
Error,19246
Error,14497
Error,54592
Error,43040
Error,43291
Error,42930
Error,20208
Error,23033
Error,18936
Error,15168
Error,45735
Error,44013
Error,42971
Error,42319
Error,19647
Error,27622
Error,18885
Error,16961
Error,49052
Error,45605
Error,47118
Error,45856
Error,21450
Error,25587
Error,21009
Error,17122
Error,47700
Error,46046
Error,48441
Error,19176
Error,22182
Error,25408
Error,21180
Error,16702
Error,46898
Error,44974
Error,45585
Error,45816
Error,22281
Error,26520
Error,25528
Error,18575
Error,49192
Error,45095
Error,48280
Error,43051
Error,22141
Error,25558
Error,20358
Error,16101
Error,45875
Error,44793
Error,43782
Error,44043
Error,21310
Error,25187
Error,18665
Error,183042
Error,87143
Error,45084
Error,48892
Error,52378
Error,21230
Error,24206
Error,19367
Error,15238
Error,44594
Error,42359
Error,41838
Error,42289
Error,19467
Error,22812
Error,18635
Error,14527
Error,44383
Error,42550
Error,42559
Error,43692
Error,19797
Error,23524
Error,18655
Error,14808
Error,46457
Error,43121
Error,42620
Error,41909
Error,20048
Error,24156
Error,19587
Error,15129
Error,45745
Error,43311
Error,42700
Error,42880
Error,19807
Error,24216
Error,18505
Error,14587
Error,45065
Error,41829
Error,42670
Error,52989
Error,21069
Error,23764
Error,18825
Error,15258
Error,44854
Error,51035
Error,43721
Error,42940
Error,20148
Error,30567
Error,19777
Error,14998
Error,53831
Error,51146
Error,42800
Error,42039
Error,19977
Error,23014
Error,18845
Error,14367
Error,43862
Error,42649
Error,41458
Error,43090
Error,19426
Error,23534
Error,18264
Error,14657
Error,45014
Error,51928
Error,42951
Error,49402
Error,20198
Error,28072
Error,20769
Error,16662
Error,47929
Error,45214
Error,54952
Error,44253
Error,21360
Error,25407
Error,14147
Error,17283
Error,45175
Error,44413
Error,51637
Error,44153
Error,21700
Error,25268
Error,20057
Error,15859
Error,44604
Error,51005
Error,43301
Error,49973
Error,20880
Error,26901
Error,21310
Error,16791
Error,47309
Error,44904
Error,54552
Error,44874
Error,21711
Error,25919
Error,20999
Error,15579
Error,46296
Error,45075
Error,43752
Error,43200
Error,21370
Error,25137
Error,20268
Error,15098
Error,44483
Error,42579
Error,54281
Error,44543
Error,19857
Error,26961
Error,21430
Error,16390
Error,47579
Error,44453
Error,44063
Error,53811
Error,21690
Error,24877
Error,20518
Error,15950
Error,46417
Error,43822
Error,45836
Error,52669
Error,22011
Error,24766
Error,17793
Error,17132
Error,43982
Error,42389
Error,50905
Error,43011
Error,20267
Error,26570
Error,20729
Error,16761
Error,47148
Error,45365
Error,55373
Error,45125
Error,21690
Error,24896
Error,19847
Error,16430
Error,46467
Error,44383
Error,44874
Error,43962
Error,21511
Error,25387
Error,20188
Error,14707
Error,45084
Error,52829
Error,44533
Error,50014
Error,20028
Error,24586
Error,18745
Error,14487
Error,46386
Error,43862
Error,42189
Error,42169
Error,19757
Error,23644
Error,18815
Error,14818
Error,44263
Error,42670
Error,43141
Error,51176
Error,20488
Error,23213
Error,18976
Error,15008
Error,44302
Error,42940
Error,42690
Error,50805
Error,23885
Error,26179
Error,21660
Error,16681
Error,47238
Error,43802
Error,45034
Error,43822
Error,21650
Error,25307
Error,20308
Error,16511
Error,45756
Error,43762
Error,44713
Error,44113
Error,20519
Error,23143
Error,19176
Error,15599
Error,44704
Error,42870
Error,42780
Error,42499
Error,23353
Error,25648
Error,21009
Error,16982
Error,46437
Error,44132
Error,43722
Error,43842
Error,21640
Error,25808
Error,20368
Error,16351
Error,45135
Error,44614
Error,43351
Error,43521
Error,21380
Error,24906
Error,19206
Error,14567
Error,45435
Error,52247
Error,42991
Error,56335
Error,19868
Error,23705
Error,19126
Error,14647
Error,44894
Error,42850
Error,42760
Error,42560
Error,20078
Error,23804
Error,19185
Error,14918
Error,45465
Error,43552
Error,52318
Error,43472
Error,19537
Error,24396
Error,18404
Error,14707
Error,44623
Error,42359
Error,43461
Error,49422
Error,20308
Error,23954
Error,19276
Error,14898
Error,44373
Error,52909
Error,44153
Error,41938
Error,19246
FindNodeReq,48040
Error,23544
Error,19116
Error,15008
Error,45165
Error,42299
Error,42179
Error,41448
Error,19466
Error,23373
Error,19045
Error,14918
Error,44664
Error,44293
Error,51918
Error,65181
Error,23554
Error,24125
Error,15659
Error,17232
Error,48200
Error,46137
Error,45986
Error,40606
Error,21139
Error,24556
Error,39224
Error,20468
Error,50504
Error,46286
Error,46367
Error,51045
Error,19897
Error,22211
Error,13946
Error,15128
Error,46357
Error,43150
Error,42901
Error,49643
Error,22312
Error,26559
Error,37981
Error,19196
Error,49602
Error,43751
Error,48200
Error,53079
Error,20088
Error,23124
Error,16281
Error,16541
Error,46867
Error,45725
Error,44263
Error,52769
Error,22832
Error,25508
Error,18735
Error,16811
Error,45275
Error,43962
Error,53781
Error,53190
Error,21691
Error,23754
Error,17663
Error,16090
Error,45485
Error,44033
FindNodeReq,38442
Error,43591
FindNodeReq,40015
FindNodeReq,37880
Error,41688
FindNodeReq,48320
Error,25027
UpdateRouteReq,91281
Error,101190
Error,113582
Error,91671
Error,46647
Error,45896
Error,40396
Error,41898
Error,20498
Error,32230
Error,16210
Error,20829
Error,16150
Error,16331
Error,56495
Error,50875
Error,46126
Error,45736
Error,22441
Error,25318
Error,12884
Error,17412
Error,47328
Error,45225
Error,44533
Error,45515
Error,21711
Error,25127
Error,13305
Error,17683
Error,47810
Error,44052
Error,43982
Error,44162
Error,20118
Error,23564
Error,16782
Error,16481
Error,74509
Error,56395
Error,47258
Error,56025
Error,25518
Error,28043
Error,16701
Error,21911
Error,47679
Error,49483
Error,54682
Error,49543
Error,21901
Error,25548
Error,14808
Error,18003
Error,45725
Error,44333
Error,44463
Error,43801
Error,21841
Error,24816
Error,15389
Error,18134
Error,49823
Error,44594
Error,45816
Error,46998
Error,22793
Error,25548
Error,16331
Error,17593
Error,47389
Error,45134
Error,44143
Error,44523
Error,22692
Error,24836
Error,15730
Error,17603
Error,47188
Error,55404
Error,45666
Error,43341
Error,20197
Error,23484
Error,26319
Error,16621
Error,55313
Error,44794
Error,57778
Error,43742
Error,20097
Error,23734
Error,15218
Error,16371
Error,45094
Error,53410
Error,44674
Error,42860
Error,20588
Error,23534
Error,15980
Error,16471
Error,46968
Error,43692
Error,43301
Error,52157
Error,20508
Error,23775
Error,18053
Error,14467
Error,46026
Error,44383
Error,56155
Error,44202
Error,20609
Error,24466
Error,12684
Error,16792
Error,53370
Error,42069
Error,43862
Error,43211
Error,21039
Error,23995
Error,14747
Error,16401
Error,45355
Error,43451
Error,49623
Error,41999
Error,20108
Error,27021
Error,12884
Error,18345
Error,47729
Error,46637
Error,49011
Error,44253
Error,21510
Error,25948
Error,15589
Error,17743
Error,48060
Error,44573
Error,44373
Error,44954
Error,22141
Error,25378
Error,15409
Error,17733
Error,46998
Error,53269
Error,44132
Error,43561
Error,23845
Error,25979
Error,13896
Error,18614
Error,64240
Error,51596
Error,54081
Error,49192
Error,23484
Error,28062
Error,19196
Error,19196
Error,53259
Error,49312
Error,52588
Error,49763
Error,22362
Error,24827
Error,15820
Error,17392
Error,45896
Error,44092
Error,52658
Error,51306
Error,21219
Error,23334
Error,11992
Error,16651
Error,45505
Error,52608
Error,48451
Error,42749
Error,20348
Error,23795
Error,14337
Error,16250
Error,45606
Error,42690
Error,51126
Error,43281
Error,23314
Error,23785
Error,16691
Error,16300
Error,45034
Error,51647
Error,44343
Error,50614
Error,20969
Error,23334
Error,21159
Error,15849
Error,44152
Error,44163
Error,44563
Error,42920
Error,19757
Error,24045
Error,18564
Error,15649
Error,45054
Error,44272
Error,43341
Error,42279
Error,19977
Error,22802
Error,15790
Error,15860
Error,44393
Error,43261
Error,43341
Error,58098
Error,22892
Error,25368
Error,15649
Error,17853
Error,47348
Error,44493
Error,46417
Error,44333
Error,22081
Error,24967
Error,18414
Error,17954
Error,47659
Error,44072
Error,43652
Error,44263
Error,21700
Error,25077
Error,15278
Error,16040
Error,45234
Error,52157
Error,42349
Error,48590
Error,22852
Error,26720
Error,13505
Error,18074
Error,46356
Error,44233
Error,44784
Error,45646
Error,21601
Error,24706
Error,15209
Error,17192
Error,46266
Error,44423
Error,43552
Error,43441
Error,22041
Error,25076
Error,15700
Error,16140
Error,54342
Error,43762
Error,42640
Error,57337
Error,22973
Error,25909
Error,19126
Error,18424
Error,48090
Error,45835
Error,57848
Error,44974
Error,22041
Error,24215
Error,15409
Error,17893
Error,45605
Error,44303
Error,48280
Error,56566
Error,22162
Error,24726
Error,35807
Error,19386
Error,50164
Error,55524
Error,52859
Error,50425
Error,22141
Error,28183
Error,22692
Error,19487
Error,52268
Error,48100
Error,58379
Error,50234
Error,21310
Error,25057
Error,15769
Error,16661
Error,45605
Error,44112
Error,42960
Error,42589
Error,20548
Error,23625
Error,15990
Error,16150
Error,51717
Error,47048
Error,43101
Error,43912
Error,21631
Error,24927
Error,17633
Error,17593
Error,45094
Error,42991
Error,45124
Error,43421
Error,21280
Error,24325
Error,13776
Error,17072
Error,45184
Error,41979
Error,42390
Error,42840
Error,20438
Error,23374
Error,15749
Error,16230
Error,51627
Error,47408
Error,44162
Error,45495
Error,21149
Error,24616
Error,13845
Error,17212
Error,45655
Error,42870
Error,43021
Error,51516
Error,22081
Error,24656
Error,13025
Error,17643
Error,45595
Error,56856
Error,49202
Error,45024
Error,20769
Error,23854
Error,17052
Error,17252
Error,46196
Error,49512
Error,52117
Error,46607
Error,23434
Error,34094
Error,29184
Error,21991
Error,56155
Error,46477
Error,49392
Error,45886
Error,22041
Error,25769
Error,16130
Error,17032
Error,47489
Error,45936
Error,46176
Error,44894
Error,20949
Error,24075
Error,20709
Error,16641
Error,51125
Error,48310
Error,58350
Error,46076
Error,22692
Error,25738
Error,19346
Error,16441
Error,47318
Error,45715
Error,45675
Error,45355
Error,22673
Error,25678
Error,18966
Error,16380
Error,46407
Error,44623
Error,43922
Error,43522
Error,20137
Error,27512
Error,19828
Error,16661
Error,48591
Error,56275
Error,50625
Error,44644
Error,21441
Error,25268
Error,18835
Error,16591
Error,56566
Error,45796
Error,50945
Error,44393
Error,22843
Error,25809
Error,19317
Error,15288
Error,45104
Error,44032
Error,52839
Error,53290
Error,21741
Error,24135
Error,17983
Error,15028
Error,45606
Error,44152
Error,44924
Error,42980
Error,20899
Error,23964
Error,19717
Error,14938
Error,47159
Error,44383
Error,43542
Error,44083
Error,22512
Error,27312
Error,12543
Error,18755
Error,51035
Error,50194
Error,48671
Error,57427
Error,51206
Error,23353
Error,90970
Error,45865
Error,38833
Error,125815
Error,52689
Error,105808
Error,164778
UpdateRouteReq,170058
UpdateRouteReq,82695
UpdateRouteReq,57357
UpdateRouteReq,71033
Error,87694
Error,98825
Error,97462
Error,24646
Error,35436
Error,77645
Error,39754
Error,20398
Error,20588
Error,51676
Error,61845
Error,51396
Error,43492
Error,23724
Error,27452
Error,19046
Error,19687
Error,49693
Error,56756
Error,52718
Error,47569
Error,21942
Error,24917
Error,14206
Error,18254
Error,47128
Error,43812
Error,43151
Error,42810
Error,21180
Error,23945
Error,18254
Error,16521
Error,45956
Error,42880
Error,51216
Error,43291
Error,20378
Error,24165
Error,16981
Error,14758
Error,45064
Error,42309
Error,49543
Error,55163
Error,20158
Error,22562
Error,12193
Error,15529
Error,43531
Error,50164
Error,42450
Error,41568
Error,20028
Error,22923
Error,16541
Error,14106
Error,44023
Error,41598
Error,48280
Error,42109
Error,19186
Error,22102
Error,16401
Error,14747
Error,44373
Error,53580
Error,42951
Error,48951
Error,22993
Error,25006
Error,16290
Error,16421
Error,46807
Error,43401
Error,43061
Error,44142
Error,20999
Error,24035
Error,13816
Error,17502
Error,45004
Error,43160
Error,43241
Error,42500
Error,20678
Error,23774
Error,13104
Error,16631
Error,43682
Error,40926
Error,41237
Error,43692
Error,20238
Error,24556
Error,17663
Error,14638
Error,54742
Error,44053
Error,43180
Error,42960
Error,19937
Error,23604
Error,12363
Error,16591
Error,45825
Error,43150
Error,43672
Error,42700
Error,20308
Error,23364
Error,12604
Error,16571
Error,46787
Error,44032
Error,43651
Error,50544
Error,20899
Error,27040
Error,19426
Error,16812
Error,46987
Error,45064
Error,44784
Error,45185
Error,21801
Error,24315
Error,17713
Error,17623
Error,55373
Error,46226
Error,45405
Error,44714
Error,22011
Error,25638
Error,19256
Error,14547
Error,45896
Error,43742
Error,43722
Error,52588
Error,20909
Error,26981
Error,20018
Error,16872
Error,47018
Error,46657
Error,44653
Error,45245
Error,21911
Error,24837
Error,18906
Error,16692
Error,46878
Error,54121
Error,45906
Error,45485
Error,21460
Error,25308
Error,17543
Error,15940
Error,44403
Error,43451
Error,43462
Error,43201
Error,19787
Error,30817
Error,17873
Error,14898
Error,45395
Error,46587
Error,46296
Error,44043
Error,18956
Error,27010
Error,19316
Error,17944
Error,48530
Error,41237
Error,40826
Error,41367
Error,19676
Error,22562
Error,17272
Error,14407
Error,48481
Error,43612
Error,43692
Error,45164
Error,21721
FindNodeReq,62506
Error,24306
Error,20999
Error,16340
Error,46897
Error,44894
Error,44583
Error,45424
Error,22962
Error,26400
Error,19467
Error,16441
Error,46086
Error,52789
Error,43862
Error,49262
Error,22101
Error,26449
Error,19807
Error,16721
Error,47609
Error,45074
Error,52899
Error,45826
Error,21931
Error,25758
Error,20288
Error,16300
Error,45946
Error,44663
Error,44594
Error,41979
Error,20097
Error,24506
Error,17603
Error,22191
Error,48019
Error,42549
Error,47418
Error,42390
Error,20739
Error,24075
Error,17723
Error,15509
Error,45225
Error,43762
Error,42770
Error,42349
Error,19888
Error,23514
Error,13706
Error,16431
Error,45535
Error,42359
Error,42259
Error,42219
Error,20398
Error,23033
Error,18295
Error,15118
Error,46737
Error,42780
Error,51096
Error,45114
Error,21840
Error,25477
Error,14818
Error,16601
Error,50374
Error,42059
Error,41338
Error,48771
Error,19396
Error,22863
Error,19396
Error,14737
Error,42800
Error,50274
Error,47489
Error,40867
Error,19807
Error,22532
Error,31038
Error,16481
Error,44102
Error,40937
Error,48922
Error,53189
Error,20659
Error,23855
Error,17804
Error,15339
Error,45886
Error,52709
Error,43802
Error,43732
Error,20618
Error,23614
Error,17442
Error,15008
Error,45465
Error,43191
Error,42449
Error,42058
Error,19817
Error,24205
Error,14117
Error,16641
Error,64370
Error,45856
Error,42950
Error,42339
Error,19907
Error,24045
Error,17223
Error,14807
Error,45625
Error,43111
Error,43091
Error,42389
Error,20188
Error,23424
Error,17493
Error,14557
Error,45075
Error,43080
Error,46907
Error,46317
Error,22011
Error,25297
Error,13826
Error,15529
Error,43541
Error,50004
Error,41798
Error,40776
Error,19867
Error,22592
Error,17784
Error,14968
Error,42680
Error,41537
Error,40666
Error,40536
Error,19827
Error,22752
Error,17863
Error,14417
Error,43842
Error,40957
Error,47619
Error,40987
Error,20078
Error,22231
Error,48290
Error,46296
Error,172813
Error,52638
Error,40626
Error,47559
Error,34414
Error,35477
Error,26990
Error,29495
Error,14647
Error,16231
Error,49362
Error,42450
Error,41388
Error,50535
Error,20438
Error,22943
Error,16441
Error,15720
Error,43321
Error,49914
Error,41618
Error,41377
Error,18926
Error,22412
Error,17873
Error,15709
Error,43190
Error,41478
Error,41467
Error,48190
Error,20178
Error,22672
Error,46137
Error,24215
Error,43541
FindNodeRsp,22652
Error,42179
Error,52138
Error,41888
Error,19427
Error,23735
Error,16641
Error,15199
Error,42169
Error,48040
FindNodeReq,42269
Error,44564
Error,42690
Error,20679
Error,23364
Error,20509
Error,15630
Error,45044
Error,43030
Error,42760
Error,43130
Error,19537
Error,23684
Error,19647
Error,16141
Error,45125
Error,50134
Error,45435
Error,45965
Error,22912
Error,25768
Error,19857
Error,18284
Error,47899
Error,44513
Error,44784
Error,44183
Error,22151
Error,25237
Error,20318
Error,19547
Error,46567
Error,44554
Error,44113
Error,44073
Error,20759
Error,24186
Error,18966
Error,16421
Error,44774
Error,43511
Error,45835
Error,42921
Error,20348
Error,23624
Error,32761
Error,18014
Error,45806
Error,43351
Error,43431
Error,43502
Error,20008
Error,23614
Error,29114
Error,16361
Error,45705
Error,43902
Error,52147
Error,43802
Error,20428
Error,23945
Error,30547
Error,14567
Error,45435
Error,43631
Error,43121
Error,45194
Error,20899
Error,23614
Error,37069
Error,19006
Error,47970
Error,44413
Error,44974
Error,53480
Error,22322
Error,24166
Error,20499
Error,15739
Error,44463
Error,46086
Error,52208
Error,49703
Error,21370
Error,24816
Error,19727
Error,17382
Error,44944
Error,42480
Error,43161
Error,51457
Error,21009
Error,27351
Error,32130
Error,19958
Error,48831
Error,46326
Error,45625
Error,44413
Error,21630
Error,23744
Error,17192
Error,14677
Error,53590
Error,44603
Error,49883
Error,51586
Error,24005
Error,27672
Error,49854
Error,27702
Error,50795
Error,49122
Error,47920
Error,47689
Error,22081
Error,26710
Error,40095
Error,21490
Error,65472
Error,47358
Error,45556
Error,53239
Error,22032
Error,24746
Error,26640
Error,17633
Error,46096
Error,43812
Error,44232
Error,43331
Error,20950
Error,25588
Error,26470
Error,16801
Error,46157
Error,44233
Error,43702
Error,41588
Error,19787
Error,23664
Error,30086
Error,15819
Error,45856
Error,42690
Error,48491
Error,46276
Error,21981
Error,25928
Error,47629
Error,31559
Error,46036
Error,44984
Error,63980
Error,53560
Error,16260
Error,18324
Error,14016
Error,12323
Error,43952
Error,31559
Error,30988
Error,30787
Error,15028
Error,16862
Error,12192
Error,11241
Error,30387
Error,29415
Error,36047
Error,31289
Error,16962
Error,18034
Error,13325
Error,12604
Error,50915
Error,48631
Error,63108
Error,55614
Error,21090
Error,27641
Error,15038
Error,19656
Error,47289
Error,50615
Error,48190
Error,41938
Error,20949
Error,23063
Error,17974
Error,14948
Error,44703
Error,50565
Error,47659
Error,45164
Error,22141
Error,24777
Error,18174
Error,17112
Error,44793
Error,43361
Error,42049
Error,41908
Error,21039
Error,127399
Error,16802
Error,16391
Error,52759
Error,43681
Error,45685
Error,38192
Error,17262
Error,18033
Error,14207
Error,11702
Error,33512
Error,39924
Error,33794
Error,31870
Error,15419
Error,18555
Error,13835
Error,12544
Error,33643
Error,32631
Error,32621
Error,39624
Error,16711
Error,18624
Error,13796
Error,12343
Error,35466
Error,33031
Error,32821
Error,32581
Error,16280
Error,18124
Error,14016
Error,12423
Error,42890
Error,34013
Error,36699
Error,34695
Error,17944
Error,19858
Error,14967
Error,13165
Error,37019
Error,34334
Error,34083
Error,41297
Error,17913
Error,20438
Error,15268
Error,12003
Error,39754
Error,33663
Error,32561
Error,38312
Error,23494
Error,25598
Error,18414
Error,17913
Error,48210
Error,56415
Error,59522
Error,49262
Error,22692
Error,25508
Error,24496
Error,15539
Error,51106
Error,41658
Error,45065
Error,40576
Error,19867
Error,23123
Error,17422
Error,14667
Error,44002
Error,41407
Error,41788
Error,49072
Error,20127
Error,23043
Error,15579
Error,14807
Error,42600
Error,41047
Error,44824
Error,43501
Error,20949
Error,23965
Error,17233
Error,16772
Error,43632
Error,43441
Error,47689
Error,41628
Error,20819
Error,23815
Error,18775
Error,14487
Error,43722
Error,41537
Error,136796
Error,42339
Error,18896
FindNodeReq,54492
Error,22241
Error,16020
Error,14818
Error,44403
Error,38402
Error,41798
Error,36599
Error,17232
Error,19476
Error,14828
Error,13185
Error,35817
Error,34174
Error,33764
Error,34064
Error,16290
Error,18254
Error,14026
Error,11551
Error,34995
Error,33052
Error,32561
Error,40396
Error,16100
Error,18715
Error,13566
Error,11301
Error,39904
Error,33062
Error,30778
Error,37049
Error,18495
Error,19767
Error,15098
Error,13225
Error,36127
Error,34545
Error,34484
Error,32010
Error,16461
Error,17733
Error,13977
Error,11982
Error,34835
Error,34234
Error,32862
Error,33081
Error,16261
Error,18544
Error,13475
Error,11512
Error,34274
Error,33192
Error,32802
Error,32300
Error,16501
Error,19516
Error,13676
Error,11872
Error,34384
Error,33082
Error,33402
Error,32290
Error,15860
Error,18584
Error,13415
Error,11662
Error,33432
Error,38652
Error,33773
Error,32451
Error,16130
Error,18024
Error,13615
Error,11522
Error,34495
Error,34515
Error,32891
Error,37400
Error,15819
Error,17893
Error,13465
Error,11562
Error,33863
Error,32391
Error,32772
Error,32270
Error,15208
Error,17502
Error,13876
Error,11602
Error,41207
Error,33492
Error,37189
Error,33984
Error,16040
Error,17994
Error,13345
Error,11452
Error,34013
Error,33142
Error,33273
Error,32331
Error,17272
Error,18374
Error,13245
Error,11692
Error,43301
Error,35406
Error,33783
Error,34014
Error,14177
Error,16701
Error,12864
Error,10639
Error,31149
Error,29506
Error,28634
Error,36629
Error,14998
Error,16812
Error,12373
Error,9969
Error,30567
Error,29154
Error,28794
Error,28633
Error,13906
Error,15519
Error,11812
Error,10119
Error,29315
Error,28573
Error,35156
Error,36168
Error,13756
Error,15690
Error,11893
Error,10259
Error,34514
Error,34304
Error,32661
Error,29185
Error,14748
Error,16190
Error,11833
Error,10619
Error,30056
Error,28764
Error,29115
Error,28072
Error,13595
Error,16150
Error,12203
Error,10519
Error,29415
Error,34395
Error,29305
Error,29055
Error,13715
Error,16571
Error,12043
Error,10439
Error,30006
Error,29225
Error,33432
Error,30727
Error,14347
Error,15780
Error,12142
Error,10349
Error,30567
Error,29706
Error,28854
Error,28013
Error,14337
Error,15669
Error,11622
Error,10710
Error,30677
Error,28503
Error,28713
Error,28403
Error,14207
Error,15499
Error,12814
Error,10590
Error,30918
Error,28643
Error,34034
Error,28554
Error,14487
Error,15499
Error,11822
Error,10129
Error,30176
Error,29825
Error,28584
Error,27682
Error,13405
Error,15599
Error,11601
Error,10900
Error,29745
Error,28173
Error,28844
Error,28162
Error,14367
Error,15579
Error,12313
Error,10280
Error,117149
Error,31719
Error,29364
Error,34715
Error,15209
Error,16651
Error,13295
Error,11230
Error,31348
Error,28924
Error,28924
Error,29365
Error,13696
Error,15670
Error,11873
Error,10159
Error,29676
Error,28534
Error,28693
Error,28723
Error,14267
Error,16039
Error,11963
Error,10379
Error,29806
Error,32059
Error,29675
Error,29966
Error,14918
Error,16962
Error,12904
Error,11221
Error,31459
Error,29815
Error,29164
Error,28253
Error,15198
Error,15459
Error,11632
Error,10370
Error,30017
Error,27983
Error,27752
Error,27942
Error,13645
Error,16000
Error,11731
Error,10259
Error,29585
Error,28053
Error,34504
Error,30948
Error,14798
Error,16912
Error,13275
Error,11963
Error,36989
Error,29665
Error,27932
Error,28824
Error,13465
Error,15188
Error,12082
Error,9919
Error,29765
Error,28262
Error,29134
Error,27993
Error,13806
Error,15269
Error,11822
Error,10230
Error,29165
Error,34013
Error,28383
Error,38462
Error,13796
Error,15929
Error,12132
Error,9948
Error,29385
Error,29515
Error,28544
Error,28523
Error,16310
Error,17132
Error,11722
Error,10329
Error,29936
Error,28734
Error,28493
Error,27872
Error,13736
Error,15689
Error,11782
Error,10941
Error,30206
Error,28493
Error,28182
Error,35216
Error,14737
Error,18434
Error,12252
Error,10570
Error,35596
Error,30136
Error,33402
Error,29215
Error,14477
Error,15249
Error,11942
Error,10610
Error,30357
Error,29085
Error,29776
Error,28663
Error,14467
Error,15259
Error,11451
Error,10640
Error,29515
Error,29816
Error,28834
Error,33343
Error,14508
Error,16191
Error,12313
Error,10941
Error,30547
Error,28193
Error,33582
Error,28995
Error,14177
Error,16101
Error,11883
Error,10289
Error,29265
Error,34194
Error,29565
Error,36197
Error,15690
Error,17363
Error,12834
Error,11641
Error,29986
Error,28603
Error,28142
Error,33352
Error,14367
Error,15840
Error,11691
Error,10390
Error,33623
Error,43551
Error,36138
Error,43571
Error,15238
Error,18064
Error,13175
Error,12002
Error,36478
Error,30377
Error,30067
Error,29906
Error,16150
Error,17232
Error,13396
Error,11872
Error,29895
Error,40626
Error,28673
Error,29125
Error,14548
Error,15669
Error,12403
Error,10390
Error,39033
Error,34514
Error,29696
Error,28713
Error,14086
Error,18174
Error,20679
Error,17503
Error,49743
Error,48350
Error,53129
Error,40505
Error,22082
Error,25457
Error,23414
Error,14928
Error,42950
Error,40796
Error,50154
Error,41077
Error,19536
Error,22532
Error,15289
Error,15640
Error,48691
Error,44623
Error,49573
Error,43761
Error,21259
Error,24546
Error,15338
Error,16801
Error,48281
Error,43681
Error,48010
Error,38632
Error,17162
Error,20909
Error,14857
Error,11541
Error,34285
Error,37871
Error,38683
Error,32311
Error,15309
Error,18245
Error,13275
Error,11552
Error,33363
Error,33533
Error,38332
Error,45485
Error,15669
Error,17754
Error,13195
Error,11541
Error,34424
Error,40826
Error,32190
Error,43181
Error,16421
Error,17964
Error,13756
Error,11672
Error,33803
Error,38422
Error,32672
Error,38081
Error,15639
Error,17543
Error,13696
Error,11562
Error,34324
Error,33152
Error,37830
Error,35106
Error,17403
Error,19045
Error,10359
Error,15719
Error,34985
Error,34335
Error,33824
Error,33022
Error,16781
Error,20328
Error,20318
Error,213009
Error,104035
Error,57447
Error,48200
Error,48130
Error,23614
Error,25618
Error,35306
Error,12944
Error,58239
Error,48010
Error,52809
Error,50003
Error,23694
Error,24606
Error,40846
Error,28524
Error,45695
Error,43201
Error,49532
Error,49172
Error,19867
Error,24396
Error,15779
Error,16621
Error,45194
Error,42370
Error,42259
Error,50234
Error,22162
Error,22652
Error,21339
Error,15529
Error,43060
Error,41708
Error,46588
Error,44142
Error,20829
Error,24536
Error,41487
Error,20658
Error,46598
Error,50344
Error,51366
Error,43261
Error,20468
Error,22573
Error,125394
Error,103955
Error,44874
Error,42149
Error,50294
Error,42138
Error,19928
Error,21099
Error,14577
Error,13375
Error,41708
Error,32892
Error,37009
Error,35256
Error,18024
Error,19777
Error,14367
Error,12113
Error,41868
Error,49743
Error,47298
Error,48511
Error,23174
Error,26419
Error,23514
Error,18083
Error,51746
Error,48290
Error,61194
Error,46307
Error,21029
Error,24756
Error,36328
Error,12443
Error,48220
Error,40536
Error,46958
Error,44433
Error,21510
Error,25067
Error,32100
Error,17993
Error,45034
Error,43521
Error,57588
Error,42369
Error,19195
Error,22362
Error,15900
Error,16461
Error,44553
Error,43441
Error,41738
Error,51326
Error,21591
Error,23654
Error,18664
Error,14757
Error,43020
Error,41367
Error,51736
Error,49713
Error,19847
Error,22121
Error,31819
Error,17754
Error,43942
Error,40936
Error,45705
Error,40987
Error,19547
Error,22592
Error,17733
Error,15058
Error,43070
Error,41307
Error,41107
Error,41207
Error,19276
Error,22653
Error,16541
Error,15138
Error,43120
Error,40926
Error,49332
Error,46828
Error,21560
Error,24075
Error,18044
Error,16601
Error,52699
Error,43070
Error,41608
Error,48902
Error,22332
Error,23714
Error,17994
Error,16340
Error,44242
Error,50414
Error,49132
Error,100177
Error,20419
Error,23064
Error,17482
Error,14627
Error,42900
Error,40446
Error,40957
Error,42910
Error,19646
Error,22402
Error,13425
Error,14176
Error,40957
Error,33723
Error,33512
Error,33493
Error,16641
Error,19015
Error,14457
Error,12744
Error,41187
Error,33893
Error,33502
Error,39835
Error,15559
Error,17453
Error,13144
Error,11652
Error,39484
Error,32761
Error,31198
Error,45876
Error,18174
Error,19546
Error,14528
Error,13535
Error,35797
Error,33422
Error,32571
Error,47379
Error,23674
Error,26740
Error,32741
Error,11291
Error,58720
Error,48311
Error,56065
Error,46296
Error,21119
Error,26951
Error,23233
Error,15770
Error,47750
Error,45966
Error,56075
Error,45144
Error,21440
Error,24837
Error,18124
Error,16521
Error,44282
Error,41077
Error,42169
Error,42510
Error,20478
Error,23855
Error,17994
Error,15789
Error,44413
Error,42409
Error,41919
Error,42209
Error,20558
Error,22862
Error,19767
Error,15219
Error,42530
Error,41217
Error,40456
Error,40326
Error,27211
Error,22422
Error,17432
Error,14938
Error,43631
Error,40997
Error,49111
Error,41007
Error,19556
Error,22442
FindNodeReq,118201
Error,48281
Error,55433
Error,46638
Error,39834
Error,39865
Error,40255
Error,18815
Error,16812
Error,19777
Error,18093
Error,14767
Error,42119
Error,144190
Error,45445
Error,50304
Error,22241
Error,21961
Error,13776
Error,15148
Error,40676
Error,34184
Error,39644
Error,32881
Error,17102
Error,19045
Error,13104
Error,12523
Error,34725
Error,33392
Error,31308
Error,32020
Error,15358
Error,17052
Error,13175
Error,10831
Error,39664
Error,31720
Error,33533
Error,31939
Error,14938
Error,17012
Error,12774
Error,11031
Error,33273
Error,32150
Error,34224
Error,32781
Error,16501
Error,18664
Error,14367
Error,12263
Error,34675
Error,40085
Error,32671
Error,32862
Error,16370
Error,18604
Error,13114
Error,10600
Error,38192
Error,32120
Error,31679
Error,37951
Error,16441
Error,17994
Error,13105
Error,10920
Error,33352
Error,32160
Error,47078
Error,45705
Error,21230
Error,24646
Error,45465
Error,22482
Error,48841
Error,48050
Error,47198
Error,46457
Error,22522
Error,24976
Error,24596
Error,15208
Error,43491
Error,42500
Error,51246
Error,50925
Error,19597
Error,22462
Error,15649
Error,15319
Error,53560
Error,41768
Error,47419
Error,41778
Error,19175
Error,22322
Error,18224
Error,14567
Error,43321
Error,40836
Error,44884
Error,42038
Error,20258
Error,23955
Error,17834
Error,16350
Error,44553
Error,42029
Error,43061
Error,42540
Error,19987
Error,22011
Error,17372
Error,14778
Error,41858
Error,41177
Error,40245
Error,40936
Error,18585
Error,21761
Error,17673
Error,14938
Error,41447
Error,39203
Error,145572
Error,48099
Error,21229
Error,24045
Error,32381
Error,17773
Error,44984
Error,38302
Error,40486
Error,37621
Error,15799
Error,17924
Error,13395
Error,10790
Error,33032
Error,32912
Error,31048
Error,37310
Error,15279
Error,17453
Error,13135
Error,11371
Error,32841
Error,32391
Error,32000
Error,34064
Error,17112
Error,18845
Error,13916
Error,12113
Error,41047
Error,33372
Error,31579
Error,37059
Error,15930
Error,17061
Error,13055
Error,11080
Error,33663
Error,31839
Error,37791
Error,32090
Error,15409
Error,17874
Error,13034
Error,11452
Error,32941
Error,31919
Error,31919
Error,37200
Error,17372
Error,18595
Error,14447
Error,12504
Error,34585
Error,32560
Error,31379
Error,31228
Error,15850
Error,17262
Error,12954
Error,11842
Error,39234
Error,32641
Error,43791
Error,32651
Error,15048
Error,17733
Error,13135
Error,11552
Error,33843
Error,32300
Error,32290
Error,37851
Error,16090
Error,17132
Error,13626
Error,11221
Error,33152
Error,32430
Error,37280
Error,36178
Error,15399
Error,17533
Error,12964
Error,10910
Error,33182
Error,38983
Error,32611
Error,31659
Error,15499
Error,18144
Error,12915
Error,11491
Error,33132
Error,32171
Error,31880
Error,31569
Error,14998
Error,16891
Error,12764
Error,11461
Error,34896
Error,32561
Error,39293
Error,44793
Error,17112
Error,17102
Error,25939
Error,16230
Error,69870
Error,54362
Error,62367
Error,50013
Error,24737
Error,27962
Error,44233
Error,23784
Error,61435
Error,49703
Error,54362
Error,42991
Error,19767
Error,23053
Error,30678
Error,15449
Error,51015
Error,45866
Error,54231
Error,44874
Error,20989
Error,22833
Error,36919
Error,19437
Error,48902
Error,46798
Error,46356
Error,39524
Error,22713
Error,25868
Error,33403
Error,16461
Error,42600
Error,41608
Error,51487
Error,39824
Error,18634
Error,21431
Error,15599
Error,14918
Error,47749
Error,44163
Error,43020
Error,43281
Error,20157
Error,23444
Error,16280
Error,16281
Error,43070
Error,41979
Error,41037
Error,41467
Error,20598
Error,23073
Error,18224
Error,16040
Error,43992
Error,43130
Error,40165
Error,41187
Error,19306
Error,21870
Error,18134
Error,14968
Error,46998
Error,44934
Error,43361
Error,43161
Error,21050
Error,23333
Error,15268
Error,15900
Error,43081
Error,55414
Error,41828
Error,41037
Error,19887
Error,23514
Error,17533
Error,15820
Error,52138
Error,43201
Error,40576
Error,39083
Error,18705
Error,20768
Error,18344
Error,21329
Error,44583
Error,41388
Error,43812
Error,39624
Error,19025
FindNodeReq,35897
Error,21480
FindNodeReq,90880
Error,47188
Error,24956
FindNodeReq,36008
Error,44623
FindNodeReq,28152
Error,40345
Error,45375
Error,42700
Error,20588
Error,23323
Error,41027
Error,21380
Error,45505
Error,42159
Error,41567
Error,51497
Error,20920
Error,26199
Error,29415
Error,17743
Error,47339
Error,44192
Error,51867
Error,43872
Error,22362
Error,25067
Error,21870
Error,17082
Error,45475
Error,44203
Error,44683
Error,43812
Error,21540
Error,24686
Error,19085
Error,15519
Error,45575
Error,42469
Error,42780
Error,51546
Error,24916
Error,23604
Error,38953
Error,19366
Error,44964
Error,43742
Error,42169
Error,41247
Error,19707
Error,23354
Error,19487
Error,16230
Error,44173
Error,43061
Error,42410
Error,51757
Error,20048
Error,23293
Error,19056
Error,16070
Error,47358
Error,41798
Error,42390
Error,42079
Error,20278
Error,23614
Error,33182
Error,11752
Error,49362
Error,45665
Error,46507
Error,53610
Error,21500
Error,24767
Error,19737
Error,17212
Error,50164
Error,47248
Error,54872
Error,48711
Error,22722
Error,23524
Error,16852
Error,16541
Error,43231
Error,42239
Error,39785
Error,40054
Error,19246
Error,21640
Error,17082
Error,15239
Error,41768
Error,47218
Error,43481
Error,41999
Error,24556
Error,23605
Error,11111
Error,16361
Error,44223
Error,42279
Error,50634
Error,42630
Error,20308
Error,23984
Error,17092
Error,15980
Error,43492
Error,41798
Error,49282
Error,42840
Error,19316
Error,23423
Error,21289
Error,15870
Error,44403
Error,42440
Error,47880
Error,43972
Error,22041
Error,25318
Error,36198
Error,19146
Error,46808
Error,45365
Error,43712
Error,52969
Error,21540
Error,22882
Error,21049
Error,16160
Error,45976
Error,52308
Error,44474
Error,42991
Error,19126
Error,23213
Error,18063
Error,15589
Error,44032
Error,42629
Error,53600
Error,56796
Error,20699
Error,23303
Error,25338
Error,15649
Error,44223
Error,42890
Error,42790
Error,42861
Error,19807
Error,22933
Error,18214
Error,15850
Error,43362
Error,43721
Error,41588
Error,42660
Error,19677
Error,22632
Error,16741
Error,15679
Error,53109
Error,44564
Error,50024
Error,42911
Error,19887
Error,23575
Error,17804
Error,16020
Error,45375
Error,42459
Error,41728
Error,42590
Error,20338
Error,23033
Error,21881
Error,15699
Error,46257
Error,41408
Error,42820
Error,50975
Error,20388
Error,23625
Error,30647
Error,14537
Error,44554
Error,42419
Error,41878
Error,41839
Error,19426
Error,22402
Error,74439
Error,54132
Error,30427
Error,44974
Error,39764
Error,53710
Error,22052
Error,59101
UpdateRouteReq,21821
Error,40926
UpdateRouteReq,27522
Error,49092
UpdateRouteReq,27020
Error,19948
Error,23223
Error,35426
Error,11541
UpdateRouteReq,65452
UpdateRouteReq,25257
UpdateRouteReq,27371
Error,53520
UpdateRouteReq,23023
Error,59100
Error,47208
Error,41337
Error,18836
Error,23644
Error,18264
Error,14227
Error,42960
Error,40897
Error,43301
Error,43261
Error,20688
Error,23684
Error,14147
Error,15669
Error,49052
Error,46066
Error,54272
Error,44954
Error,22152
Error,25037
Error,17643
Error,17543
Error,44914
Error,45024
Error,52758
Error,43622
Error,21470
Error,24145
Error,17382
Error,17693
Error,45626
Error,51696
Error,43091
Error,43461
Error,20308
Error,23433
Error,12393
Error,15830
Error,44303
Error,49131
Error,45194
Error,45074
Error,21440
Error,24415
Error,11261
Error,17432
Error,46307
Error,53109
Error,44453
Error,50344
Error,22172
Error,24536
Error,17523
Error,17192
Error,45876
Error,43200
Error,42690
Error,42820
Error,20408
Error,23103
Error,17423
Error,15890
Error,43662
Error,42309
Error,49012
Error,45596
Error,22362
Error,25397
Error,19266
Error,17453
Error,46196
Error,44253
Error,44393
Error,44243
Error,20960
Error,24847
Error,17402
Error,17392
Error,46086
Error,44163
Error,44283
Error,43992
Error,19897
Error,23554
Error,11151
Error,16540
Error,44182
Error,42860
Error,44263
Error,48671
Error,22532
Error,26129
Error,16651
Error,17362
Error,46056
Error,45094
Error,44323
Error,42670
Error,21911
Error,23384
Error,17192
Error,15449
Error,45526
Error,43131
Error,41848
Error,49082
Error,21540
Error,23193
Error,22121
Error,15499
Error,45825
Error,43301
Error,41838
Error,42039
Error,19507
Error,22943
Error,18585
Error,15058
Error,60383
Error,61255
Error,48510
Error,47008
Error,22282
Error,25948
Error,24506
Error,17663
Error,49813
Error,58520
Error,48701
Error,47820
Error,22502
Error,23344
Error,17403
Error,15559
Error,52118
Error,42740
Error,41878
Error,42119
Error,20408
Error,23033
Error,17392
Error,15930
Error,49794
Error,45054
Error,59972
Error,44774
Error,20919
Error,22713
Error,11100
Error,15409
Error,43802
Error,42590
Error,43712
Error,42259
Error,21370
Error,24726
Error,16982
Error,17142
Error,53610
Error,44674
Error,42971
Error,42209
Error,20138
Error,22763
Error,17403
Error,15770
Error,43701
Error,52178
Error,43812
Error,42870
Error,19817
Error,23053
Error,19086
Error,15750
Error,45165
Error,42009
Error,43050
Error,42980
Error,19878
Error,23484
Error,11070
Error,16511
Error,45786
Error,42539
Error,50996
Error,42078
Error,19897
Error,22522
Error,17322
Error,15679
Error,44323
Error,42880
Error,42479
Error,49572
Error,22121
Error,25628
Error,17493
Error,16762
Error,55303
Error,44423
Error,44423
Error,43361
Error,21209
Error,23995
Error,16821
Error,16671
Error,47489
Error,44223
Error,45034
Error,42991
Error,19747
Error,22812
Error,18044
Error,15940
Error,44463
Error,43210
Error,42499
Error,49453
Error,21640
Error,25958
Error,17363
Error,17202
Error,54422
Error,45325
Error,44714
Error,42549
Error,21160
Error,24776
Error,21951
Error,16831
Error,46487
Error,44353
Error,43631
Error,52118
Error,21561
Error,22963
Error,17202
Error,15910
Error,45625
Error,42639
Error,42450
Error,51146
Error,21580
Error,23354
Error,17663
Error,15809
Error,44543
Error,41548
Error,42901
Error,41979
Error,19357
Error,22873
Error,16641
Error,15218
Error,43832
Error,42680
Error,42730
Error,43010
Error,19326
Error,22682
Error,14788
Error,15679
Error,53500
Error,44343
Error,43261
Error,50795
Error,23865
Error,25408
Error,16922
Error,17523
Error,46687
Error,44443
Error,42650
Error,44774
Error,21280
Error,24115
Error,19928
Error,16961
Error,45525
Error,43953
Error,44363
Error,54993
Error,22122
Error,23193
Error,17933
Error,15549
Error,53510
Error,43882
Error,42810
Error,51035
Error,20237
Error,23565
Error,16451
Error,15278
Error,45015
Error,42360
Error,42359
Error,42379
Error,19867
Error,23253
Error,16721
Error,15379
Error,44613
Error,41988
Error,43171
Error,42810
Error,19506
Error,22602
Error,16691
Error,15399
Error,43992
Error,43070
Error,42460
Error,41648
Error,19797
Error,31218
Error,16962
Error,16791
Error,46778
Error,54082
Error,44222
Error,43592
Error,20518
Error,24696
Error,18204
Error,16762
Error,45565
Error,43561
Error,43121
Error,44293
Error,20789
Error,23874
Error,16781
Error,15830
Error,44062
Error,50945
Error,42549
Error,42249
Error,18905
Error,22542
Error,22201
Error,15740
Error,43962
Error,50744
Error,43121
Error,42419
Error,19456
Error,22652
Error,20909
Error,15219
Error,44464
Error,41848
Error,50434
Error,42780
Error,19266
Error,22512
Error,16571
Error,15379
Error,43020
Error,43050
Error,43421
Error,41929
Error,19587
Error,22683
Error,17142
Error,16130
Error,47740
Error,44113
Error,43892
Error,43592
Error,21199
Error,23874
Error,16601
Error,16521
Error,46847
Error,44504
Error,43171
Error,43010
Error,20919
Error,22432
Error,16311
Error,15610
Error,43972
Error,42128
Error,42059
Error,41167
Error,19817
Error,22612
Error,16721
Error,15168
Error,46687
Error,44723
Error,44684
Error,43271
Error,20990
Error,23975
Error,10951
Error,16671
Error,45405
Error,44363
Error,43562
Error,42319
Error,19236
Error,21761
Error,19096
Error,15720
Error,44042
Error,42239
Error,41988
Error,41979
Error,19196
Error,22281
Error,16942
Error,15549
Error,44463
Error,45895
Error,43562
Error,43090
Error,20449
Error,24065
Error,18355
Error,17032
Error,44753
Error,43291
Error,43191
Error,51356
Error,20118
Error,22803
Error,10920
Error,15018
Error,43041
Error,42379
Error,41568
Error,41157
Error,19447
Error,22281
Error,12704
Error,15519
Error,53530
Error,46196
Error,49603
Error,43201
Error,20609
Error,23884
Error,18194
Error,15739
Error,46397
Error,43872
Error,44313
Error,46357
Error,19767
Error,22672
Error,15409
Error,15459
Error,52628
Error,55284
Error,46287
Error,58349
Error,21560
Error,24596
Error,19777
Error,15168
Error,46016
Error,48120
Error,151393
Error,62898
Error,23424
Error,27672
Error,22061
Error,17523
Error,52548
Error,50344
Error,48942
Error,50104
Error,21721
Error,28443
Error,25548
Error,21661
Error,48471
Error,45205
Error,45305
Error,44453
Error,21641
Error,25768
Error,20168
Error,16451
Error,55163
Error,44022
Error,50364
Error,43190
Error,20999
Error,25298
Error,20709
Error,18334
Error,45204
Error,43281
Error,42018
Error,44013
Error,20538
Error,23725
Error,19045
Error,15309
Error,42840
Error,41848
Error,43391
Error,42008
Error,19817
Error,23394
Error,18565
Error,18284
Error,48100
Error,45385
Error,43632
Error,42730
Error,21070
Error,25278
Error,19958
Error,16561
Error,46096
Error,43311
Error,43120
Error,43151
Error,21330
Error,24516
Error,20288
Error,18304
Error,47369
Error,41798
Error,41367
Error,43522
Error,21360
Error,24927
Error,19747
Error,25267
Error,50745
Error,45826
Error,44484
Error,53420
Error,22192
Error,24446
Error,19166
Error,15759
Error,46197
Error,43831
Error,43712
Error,42901
Error,20418
Error,24676
Error,19837
Error,15850
Error,45986
Error,43130
Error,44103
Error,43642
Error,21170
Error,25368
Error,20138
Error,22322
Error,48731
Error,44433
Error,43712
Error,52678
Error,22482
Error,25178
Error,19987
Error,15680
Error,46767
Error,44372
Error,43801
Error,43051
Error,21180
Error,25598
Error,19777
Error,15940
Error,46567
Error,44083
Error,43962
Error,43381
Error,20429
Error,25157
Error,19908
Error,18755
Error,58719
Error,48470
Error,45495
Error,57518
Error,23354
Error,26099
Error,20728
Error,16631
Error,48160
Error,45325
Error,45124
Error,44984
Error,21841
Error,25858
Error,20328
Error,16641
Error,54071
Error,47289
Error,45344
Error,43741
Error,20348
Error,24606
Error,26239
Error,16551
Error,47699
Error,44093
Error,42730
Error,43491
Error,20248
Error,24425
Error,19677
Error,15970
Error,45675
Error,44103
Error,44132
Error,43671
Error,20809
Error,24606
Error,19877
Error,15699
Error,46287
Error,43972
Error,43832
Error,50604
Error,23053
Error,27211
Error,15789
Error,19156
Error,53570
Error,49763
Error,47909
Error,48100
Error,22653
Error,27681
Error,21841
Error,17673
Error,51597
Error,44313
Error,43982
Error,44273
Error,21309
Error,24115
Error,19206
Error,15178
Error,45926
Error,43722
Error,43992
Error,43883
Error,21089
Error,23795
Error,19376
Error,14998
Error,46587
Error,43952
Error,43231
Error,43482
Error,21570
Error,24325
Error,19727
Error,16340
Error,45706
Error,43852
Error,43201
Error,43371
Error,19937
Error,24756
Error,19757
Error,15800
Error,44603
Error,42499
Error,42399
Error,42830
Error,20548
Error,25077
Error,19467
Error,15489
Error,52217
Error,47869
Error,46677
Error,46617
Error,22332
Error,25367
Error,20729
Error,16441
Error,46587
Error,44243
Error,44012
Error,43471
Error,21350
Error,25869
Error,20699
Error,16060
Error,46397
Error,43862
Error,42339
Error,42489
Error,19627
Error,24136
Error,19026
Error,15149
Error,45174
Error,43100
Error,47649
Error,46447
Error,22572
Error,26549
Error,21451
Error,16150
Error,46117
Error,44332
Error,54142
Error,44834
Error,21620
Error,24536
Error,20128
Error,16200
Error,46226
Error,53860
Error,44243
Error,50013
Error,20449
Error,23333
Error,19206
Error,15008
Error,44493
Error,42960
Error,50124
Error,42750
Error,23814
Error,26059
Error,21420
Error,16029
Error,55123
Error,45746
Error,44193
Error,43221
Error,21310
Error,24926
Error,20809
Error,16220
Error,54372
Error,44593
Error,42780
Error,44193
Error,20889
Error,24886
Error,19055
Error,14807
Error,53039
Error,43732
Error,43842
Error,42710
Error,19577
Error,23584
Error,18955
Error,22842
Error,48861
FindNodeReq,49293
Error,47579
Error,43401
Error,52758
Error,20638
Error,24316
Error,19766
Error,16350
Error,46186
Error,52508
Error,45274
Error,43101
Error,21350
Error,24756
Error,20137
Error,15849
Error,45956
Error,44563
Error,53090
Error,44734
Error,21661
Error,25217
Error,20659
Error,16400
Error,51937
Error,48601
Error,56376
Error,47319
Error,23384
Error,26650
Error,20218
Error,17803
Error,48140
Error,45585
Error,54943
Error,46196
Error,23023
Error,27471
Error,21801
Error,18344
Error,46827
Error,45244
Error,44504
Error,44603
Error,21510
Error,25999
Error,20649
Error,15700
Error,46868
Error,51206
Error,47720
Error,48050
Error,23093
Error,27210
Error,20599
Error,17894
Error,60202
Error,46888
Error,46197
Error,54352
Error,24055
Error,27532
Error,21711
Error,17864
Error,47389
Error,44894
Error,44664
Error,44633
Error,21550
Error,25758
Error,20669
Error,16571
Error,47659
Error,45214
Error,47579
Error,46236
Error,21760
Error,26570
Error,20318
Error,16380
Error,56155
Error,45665
Error,45575
Error,52088
Error,22853
Error,26389
Error,20568
Error,16692
Error,46708
Error,44634
Error,44232
Error,44523
Error,22251
Error,26059
Error,20769
Error,16211
Error,55564
Error,52528
Error,60232
Error,45705
Error,22081
Error,26570
Error,21039
Error,16802
Error,55935
Error,45776
Error,45816
Error,44624
Error,21901
Error,26660
Error,20489
Error,16641
Error,46357
Error,45214
Error,53590
Error,46346
Error,22972
Error,26990
Error,21049
Error,16881
Error,48010
Error,45455
Error,45716
Error,51447
Error,25498
Error,28353
Error,21840
Error,18014
Error,48701
Error,46336
Error,46307
Error,56175
Error,24336
Error,27832
Error,22372
Error,18505
Error,48220
Error,47339
Error,47179
Error,45195
Error,22522
Error,26219
Error,20298
Error,16931
Error,47098
Error,45866
Error,45294
Error,73968
Error,25257
Error,29074
Error,18404
Error,21911
Error,55503
Error,53269
Error,93656
Error,59140
Error,25578
Error,29025
Error,24245
Error,17353
Error,51417
Error,49643
Error,49192
Error,59431
Error,25328
Error,27922
Error,21370
Error,16931
Error,45645
Error,55033
Error,51376
Error,71574
Error,24125
Error,27872
Error,20138
Error,18595
Error,64350
Error,51356
FindNodeRsp,25378
Error,44543
Error,45354
Error,22132
Error,24536
Error,18274
Error,16180
Error,37490
Error,47899
Error,39554
FindNodeReq,38923
Error,35857
Error,17563
Error,20549
Error,15118
Error,13355
Error,37139
Error,34544
Error,34265
Error,43270
Error,20538
Error,22412
Error,16721
Error,15128
Error,37590
Error,36648
Error,35466
Error,34815
Error,18114
Error,19958
Error,14968
Error,13195
Error,36237
Error,35787
Error,35285
Error,35486
Error,19126
Error,20528
Error,14768
Error,13475
Error,36709
Error,34725
Error,40987
Error,35326
Error,18134
Error,20678
Error,14688
Error,13826
Error,40436
Error,37230
Error,41627
Error,45555
Error,17904
Error,21490
Error,15148
Error,13075
Error,35607
Error,34314
Error,39173
Error,37290
Error,18465
Error,19988
Error,14958
Error,13305
Error,35536
Error,40466
Error,35216
Error,35216
Error,18325
Error,20318
Error,15198
Error,13205
Error,35126
Error,40185
Error,34965
Error,37891
Error,18574
Error,20268
Error,15118
Error,13385
Error,50825
Error,45865
Error,43561
Error,52488
Error,19847
Error,20798
Error,15158
Error,17132
Error,35606
Error,34955
Error,34495
Error,34435
Error,17643
Error,19637
Error,15248
Error,13234
Error,36609
Error,34445
Error,34424
Error,34254
Error,17623
Error,20148
Error,16190
Error,15830
Error,38653
Error,40376
Error,36478
Error,42679
Error,19616
Error,22552
Error,17163
Error,14627
Error,37501
Error,36438
Error,39964
Error,20268
Error,24847
Error,29976
Error,37590
Error,17784
Error,39193
Error,35958
Error,36368
Error,36468
Error,18044
Error,20217
Error,15790
Error,15940
Error,38912
Error,37390
Error,37320
Error,37580
Error,18755
Error,20278
Error,13856
Error,12192
Error,37069
Error,32210
Error,35537
Error,31990
Error,19156
Error,19667
Error,14136
Error,12965
Error,32350
Error,31539
Error,29976
Error,36979
Error,16290
Error,18354
Error,13595
Error,12063
Error,31880
Error,31078
Error,34845
Error,31208
Error,15809
Error,18565
Error,13335
Error,11842
Error,31969
Error,35336
Error,31438
Error,34484
Error,16250
Error,20759
Error,15139
Error,13235
Error,33052
Error,32410
Error,37130
Error,38592
Error,17262
Error,19206
Error,15309
Error,13215
Error,33002
Error,31399
Error,36268
Error,31780
Error,16411
Error,17863
Error,13756
Error,11842
Error,36839
Error,31228
Error,43060
Error,35557
Error,20408
Error,19226
Error,14126
Error,12073
Error,31930
Error,35977
Error,32601
Error,35216
Error,24465
Error,26098
Error,15789
Error,16291
Error,43011
Error,41768
Error,40716
Error,46567
Error,20418
Error,20598
Error,15169
Error,13195
Error,34043
Error,37269
Error,32490
Error,32521
Error,16311
Error,18344
Error,13475
Error,12183
Error,35546
Error,31359
Error,31138
Error,35707
Error,16851
Error,18274
Error,13896
Error,12324
Error,36869
Error,33532
Error,33042
Error,32591
Error,16761
Error,19346
Error,13976
Error,12253
Error,43922
Error,35566
Error,36769
Error,31950
Error,16761
Error,18685
Error,20017
Error,14156
Error,34284
Error,42249
Error,32430
Error,31308
Error,16862
Error,18965
Error,14016
Error,12073
Error,32360
Error,36578
Error,32752
Error,38081
Error,23985
Error,19556
Error,14166
Error,11953
Error,32260
Error,31149
Error,31178
Error,35367
Error,16641
Error,18955
Error,14117
Error,12393
Error,32641
Error,31038
Error,30727
Error,30688
Error,16090
Error,18966
Error,13786
Error,12113
Error,32341
Error,30988
Error,31950
Error,35036
Error,16521
Error,19056
Error,13876
Error,12333
Error,32481
Error,30387
Error,39825
Error,31900
Error,16331
Error,18684
Error,13786
Error,12323
Error,31920
Error,30718
Error,31279
Error,31879
Error,16100
Error,18735
Error,13315
Error,12233
Error,32240
Error,30878
Error,31268
Error,35276
Error,16781
Error,19025
Error,13746
Error,12133
Error,32300
Error,31468
Error,30507
Error,30657
Error,16281
Error,18304
Error,13696
Error,12072
Error,33172
Error,35817
Error,38201
Error,32811
Error,18465
Error,19947
Error,13846
Error,12042
Error,33713
Error,29996
Error,35566
Error,32711
Error,17312
Error,19897
Error,15429
Error,13636
Error,32601
Error,32120
Error,37971
Error,30818
Error,15739
Error,18084
Error,13836
Error,11892
Error,36528
Error,31759
Error,30928
Error,34905
Error,16150
Error,20538
Error,15349
Error,13465
Error,33833
Error,32321
Error,31770
Error,37541
Error,36198
Error,23304
Error,15399
Error,13576
Error,33523
Error,32420
Error,48951
Error,36939
Error,17883
Error,18956
Error,13846
Error,11882
Error,32190
Error,30527
Error,30688
Error,42209
Error,18024
Error,19957
Error,16060
Error,13224
Error,39595
Error,33482
Error,35747
Error,41087
Error,16742
Error,18965
Error,14568
Error,13225
Error,36919
Error,32211
Error,30998
Error,35065
Error,15349
Error,17252
Error,13576
Error,11772
Error,31409
Error,29375
Error,30597
Error,29956
Error,15700
Error,17322
Error,13796
Error,11611
Error,38682
Error,37851
Error,31088
Error,30787
Error,15569
Error,17513
Error,13005
Error,11301
Error,31529
Error,31068
Error,34394
Error,43432
Error,15750
Error,17693
Error,13405
Error,11942
Error,36798
Error,30177
Error,34485
Error,43131
Error,15720
Error,17202
Error,13155
Error,11742
Error,37821
Error,30287
Error,30447
Error,34505
Error,15349
Error,17873
Error,13265
Error,11652
Error,31649
Error,31128
Error,29986
Error,35807
Error,16040
Error,17633
Error,13405
Error,11301
Error,31369
Error,30366
Error,29585
Error,28483
Error,15670
Error,17763
Error,12813
Error,11351
Error,31820
Error,30447
Error,30096
Error,30487
Error,15709
Error,17442
Error,13275
Error,11481
Error,31398
Error,30457
Error,30146
Error,36718
Error,16491
Error,17423
Error,13134
Error,11592
Error,31199
Error,30277
Error,34555
Error,30447
Error,15299
Error,17242
Error,13075
Error,11361
Error,36679
Error,30688
Error,31278
Error,30317
Error,15078
Error,17302
Error,13135
Error,11301
Error,31469
Error,30226
Error,30477
Error,29475
Error,14697
Error,25779
Error,13425
Error,11291
Error,37290
Error,30367
Error,33533
Error,31709
Error,16621
Error,18114
Error,13966
Error,12273
Error,31929
Error,31499
Error,30257
Error,30577
Error,15238
Error,16992
Error,13736
Error,12454
Error,31889
Error,30507
Error,28693
Error,29696
Error,14698
Error,16450
Error,12273
Error,11081
Error,30487
Error,28213
Error,29294
Error,29535
Error,17413
Error,16019
Error,12764
Error,11020
Error,30607
Error,34976
Error,35697
Error,30897
Error,16701
Error,17824
Error,12353
Error,12453
Error,36157
Error,31800
Error,30037
Error,29935
Error,15750
Error,17793
Error,13936
Error,11952
Error,31829
Error,31149
Error,29465
Error,28744
Error,14467
Error,16260
Error,12714
Error,11011
Error,29745
Error,29225
Error,29365
Error,28623
Error,14677
Error,16120
Error,12784
Error,10770
Error,31479
Error,33312
Error,31188
Error,35476
Error,16100
Error,15629
Error,13846
Error,12103
Error,31629
Error,29355
Error,34435
Error,31179
Error,15910
Error,17383
Error,14166
Error,12082
Error,31309
Error,29174
Error,34655
Error,29085
Error,14076
Error,16060
Error,12213
Error,10961
Error,29556
Error,29405
Error,28874
Error,28864
Error,14988
Error,15679
Error,14677
Error,12384
Error,39625
Error,34805
Error,29936
Error,29505
Error,15659
Error,17663
Error,13756
Error,11762
Error,31288
Error,29716
Error,29746
Error,29886
Error,15049
Error,16772
Error,12132
Error,10460
Error,29856
Error,33373
Error,29125
Error,39283
Error,14217
Error,15869
Error,11792
Error,10269
Error,29796
Error,29024
Error,28303
Error,33533
Error,14347
Error,28192
Error,14507
Error,12674
Error,31879
Error,30407
Error,29545
Error,35486
Error,15990
Error,17032
Error,13385
Error,11782
Error,30217
Error,29926
Error,28914
Error,29054
Error,15379
Error,15839
Error,12022
Error,10219
Error,29526
Error,29294
Error,28113
Error,27932
Error,13876
Error,15610
Error,11762
Error,10409
Error,35527
Error,29976
Error,28132
Error,28493
Error,16712
Error,17533
Error,13335
Error,11582
Error,30547
Error,29896
Error,30226
Error,29445
Error,15318
Error,16721
Error,12754
Error,11261
Error,30487
Error,29516
Error,29495
Error,28814
Error,13846
Error,15749
Error,11601
Error,9939
Error,29154
Error,28263
Error,27582
Error,28253
Error,14567
Error,15769
Error,11892
Error,9849
Error,28654
Error,34565
Error,29896
Error,32390
Error,15559
Error,17363
Error,13615
Error,11341
Error,31499
Error,29896
Error,30167
Error,29355
Error,15109
Error,17022
Error,12804
Error,11502
Error,36167
Error,29706
Error,28864
Error,33222
Error,14257
Error,15809
Error,11661
Error,10470
Error,30137
Error,33372
Error,31109
Error,28223
Error,14267
Error,16090
Error,12383
Error,10840
Error,29795
Error,28293
Error,32651
Error,31208
Error,15088
Error,16972
Error,13194
Error,13585
Error,31068
Error,30647
Error,30707
Error,34655
Error,15669
Error,16641
Error,13094
Error,11742
Error,31369
Error,30748
Error,103703
Error,67827
Error,25177
Error,28182
Error,45925
Error,29976
Error,47679
Error,46527
Error,45044
Error,50614
Error,21179
Error,22843
Error,16972
Error,17132
Error,47399
Error,48340
Error,59061
Error,50364
Error,25047
Error,27060
Error,11872
Error,17202
Error,49373
Error,46908
Error,49142
Error,47048
Error,23023
Error,26499
Error,20769
Error,17173
Error,44193
Error,42570
Error,41488
Error,41287
Error,19286
Error,25548
Error,17152
Error,16401
Error,46918
Error,44113
Error,43051
Error,41448
Error,21090
Error,23945
Error,45475
Error,52949
Error,45756
Error,42610
Error,40426
Error,40636
Error,19066
Error,16902
Error,20839
Error,17553
Error,16390
Error,43561
Error,41538
Error,40576
Error,44633
Error,19857
Error,22251
Error,11842
Error,15639
Error,43201
Error,41948
Error,41417
Error,44313
Error,20058
Error,22542
Error,18314
Error,16070
Error,52327
Error,40807
Error,40806
Error,41257
Error,19617
Error,22953
Error,18204
Error,14577
Error,43982
Error,41898
Error,35997
Error,20258
Error,36899
Error,21530
Error,15809
Error,15910
Error,43010
Error,41378
Error,41016
Error,41327
Error,19547
Error,22362
Error,12063
Error,15259
Error,44092
Error,49673
Error,43321
Error,42660
Error,20338
Error,24025
Error,17944
Error,17042
Error,45134
Error,43381
Error,52187
Error,43641
Error,21270
Error,24426
Error,13696
Error,17252
Error,43191
Error,41909
Error,40375
Error,41587
Error,19967
Error,22432
Error,14727
Error,14888
Error,56385
Error,41528
Error,40757
Error,49082
Error,22753
Error,24636
Error,17522
Error,15398
Error,43912
Error,51256
Error,42910
Error,42569
Error,20960
Error,24406
Error,17793
Error,14527
Error,44373
Error,41067
Error,41668
Error,50815
Error,20308
Error,22372
Error,20418
Error,16000
Error,45375
Error,42880
Error,50925
Error,48541
Error,19586
Error,22772
Error,18995
Error,17532
Error,55685
Error,45565
Error,43682
Error,52508
Error,21430
Error,24345
Error,18314
Error,15389
Error,46177
Error,43571
Error,42539
Error,57077
Error,19647
Error,22953
Error,15399
Error,15318
Error,44072
Error,42269
Error,51016
Error,45575
Error,20358
Error,22672
Error,14547
Error,15129
Error,44884
Error,51887
Error,47960
Error,44614
Error,21330
Error,25077
Error,22101
Error,16852
Error,45545
Error,44313
Error,43171
Error,43431
Error,19537
Error,22613
Error,16170
Error,15409
Error,42620
Error,42930
Error,41498
Error,46997
Error,20108
Error,22092
Error,17583
Error,15620
Error,43571
Error,42810
Error,42610
Error,53290
Error,20408
Error,24927
Error,14176
Error,16511
Error,46727
Error,44103
Error,43592
Error,45025
Error,21540
Error,22543
Error,18555
Error,15088
Error,53330
Error,43932
Error,42569
Error,42970
Error,19286
Error,22582
Error,15820
Error,15138
Error,43661
Error,41879
Error,42089
Error,56395
Error,20518
Error,22492
Error,24185
Error,15429
Error,45174
Error,47238
Error,43552
Error,51286
Error,21460
Error,24866
Error,26549
Error,15228
Error,44784
Error,42269
Error,44764
Error,58840
Error,22642
Error,24446
Error,18564
Error,20568
Error,46247
Error,52237
Error,43852
Error,52308
Error,23303
Error,26689
Error,29025
Error,16040
Error,48270
Error,46216
Error,46778
Error,85380
Error,24545
Error,27822
Error,29324
Error,17283
Error,52007
Error,49883
Error,49834
Error,42199
Error,22001
Error,22482
Error,16140
Error,14948
Error,43632
Error,45314
Error,45115
Error,44313
Error,21009
Error,22061
Error,27200
Error,15659
Error,46777
Error,41658
Error,41217
Error,62427
Error,22162
Error,24616
Error,32481
Error,17402
Error,47108
Error,42269
Error,42911
Error,45585
Error,18745
Error,23524
Error,14588
Error,15900
Error,44643
Error,42900
Error,42720
Error,58419
Error,21159
Error,22492
Error,16791
Error,14687
Error,44633
Error,41338
Error,41718
Error,46848
Error,18785
Error,22542
Error,20498
Error,15018
Error,44073
Error,41868
Error,54632
Error,43401
Error,18525
Error,21911
Error,24366
Error,14598
Error,52849
Error,42330
Error,42330
Error,40836
Error,19256
Error,22041
Error,26549
Error,15138
Error,42650
Error,41869
Error,41618
Error,55954
Error,18936
Error,22562
Error,27471
Error,15269
Error,43251
Error,41778
Error,40556
Error,55454
Error,19878
Error,22041
Error,35997
Error,9638
Error,43731
Error,48641
Error,42400
Error,41758
Error,18955
Error,22672
Error,28463
Error,9859
Error,43472
Error,41728
Error,41107
Error,44583
Error,19076
Error,21651
Error,28143
Error,14808
Error,43301
Error,49713
Error,41587
Error,46176
Error,18204
Error,22462
Error,27561
Error,13585
Error,44223
Error,50635
Error,50605
Error,42930
Error,18575
Error,22192
Error,26740
Error,9688
Error,43913
Error,41007
Error,40967
Error,52198
Error,19417
Error,22542
Error,15158
Error,14637
Error,42629
Error,50414
Error,48280
Error,40265
Error,18806
Error,22151
Error,17162
Error,14818
Error,43672
Error,40596
Error,41528
Error,47479
Error,19527
Error,28383
Error,27742
Error,15308
Error,42619
Error,52217
Error,41758
Error,41027
Error,19517
Error,22251
Error,14567
Error,14878
Error,43832
Error,50093
Error,41798
Error,45485
Error,18965
Error,21670
Error,18314
Error,14978
Error,42680
Error,40566
Error,41057
Error,43151
Error,19216
Error,22062
Error,17442
Error,14838
Error,43632
Error,42088
Error,41117
Error,48350
Error,21570
Error,23744
Error,22592
Error,14837
Error,45936
Error,52568
Error,44112
Error,46477
Error,18695
Error,21951
Error,16330
Error,14958
Error,44043
Error,44022
Error,43582
Error,47108
Error,20368
Error,23033
Error,18184
Error,14527
Error,43301
Error,42509
Error,41548
Error,43482
Error,18464
Error,22332
Error,27411
Error,13375
Error,50244
Error,44733
Error,43721
Error,43381
Error,20649
Error,23364
Error,15228
Error,14487
Error,43441
Error,41137
Error,40596
Error,48311
Error,21140
Error,23183
Error,13815
Error,15649
Error,44714
Error,51286
Error,42380
Error,55945
Error,19867
FindNodeReq,35908
FindNodeReq,34645
Error,46958
FindNodeReq,152425
Error,123932
Error,97412
FindNodeReq,140593
Error,151183
Error,119905
Error,104175
Error,149780
Error,175609
Error,100178
Error,80710
Error,39223
Error,50003
Error,30727
Error,16210
Error,13966
Error,13936
Error,20148
Error,116107
Error,85249
Error,33222
Error,10200
Error,44173
Error,41808
Error,41127
Error,42379
Error,18985
Error,22432
Error,16731
Error,14868
Error,42760
Error,42219
Error,40776
Error,42620
Error,18434
Error,22311
Error,15679
Error,14397
Error,44023
Error,49292
Error,42850
Error,42499
Error,19276
Error,22492
Error,22712
Error,13315
Error,44022
Error,42509
Error,42149
Error,41077
Error,19106
Error,22041
Error,17633
Error,14688
Error,43331
Error,41327
Error,41027
Error,51286
Error,21069
Error,22152
Error,16471
Error,14527
Error,43511
Error,41658
Error,41938
Error,42119
Error,22723
Error,24055
Error,25097
Error,16712
Error,55273
Error,43491
Error,42119
Error,43402
Error,21279
Error,23093
Error,19687
Error,16631
Error,45726
Error,43692
Error,43562
Error,51035
Error,76143
Error,24396
Error,24977
Error,16621
Error,45886
Error,42469
Error,54262
Error,43231
Error,20017
Error,25487
Error,15609
Error,18926
Error,47399
Error,45415
Error,51917
Error,44273
Error,21039
Error,23634
Error,17412
Error,16060
Error,43542
Error,52748
Error,45395
Error,43872
Error,20488
Error,23584
Error,25007
Error,14837
Error,45245
Error,42018
Error,42069
Error,42520
Error,19226
Error,22172
Error,25297
Error,14797
Error,66865
Error,45225
Error,49132
Error,40856
Error,18514
Error,21982
Error,17513
Error,14667
Error,43771
Error,50144
Error,43051
Error,49353
Error,19226
Error,22062
Error,16210
Error,15218
Error,43111
Error,41718
Error,49031
Error,42850
Error,18815
Error,22061
Error,23634
Error,14678
Error,51246
Error,42028
Error,49723
Error,43361
Error,18896
Error,22141
Error,27842
Error,9588
Error,43632
Error,42770
Error,41708
Error,49944
Error,19617
Error,21941
Error,16671
Error,14056
Error,42950
Error,42399
Error,49933
Error,42510
Error,18985
Error,21971
Error,22251
Error,15008
Error,43491
Error,43000
Error,40997
Error,50304
Error,19857
Error,22623
Error,15810
Error,14798
Error,44122
Error,42259
Error,42520
Error,41958
Error,18715
Error,21240
Error,16210
Error,14838
Error,44965
Error,41889
Error,42028
Error,42199
Error,18595
Error,21761
Error,22042
Error,14928
Error,53460
Error,42469
Error,42038
Error,40977
Error,19115
Error,21921
Error,24836
Error,14447
Error,49343
Error,44193
Error,44613
Error,53660
Error,21741
Error,23514
Error,16301
Error,15699
Error,45395
Error,53000
Error,43741
Error,42259
Error,20068
Error,23424
Error,18134
Error,15719
Error,56787
Error,44864
Error,50995
Error,42349
Error,18695
Error,21861
Error,22993
Error,14938
Error,43521
Error,42199
Error,47799
Error,44754
Error,21490
Error,23795
Error,24847
Error,15629
Error,45906
Error,53870
Error,42109
Error,41227
Error,18194
Error,21511
Error,27501
Error,13775
Error,44874
Error,43291
Error,42239
Error,42049
Error,20429
Error,23194
Error,16100
Error,14507
Error,42750
Error,41097
Error,40496
Error,55744
Error,19156
Error,22863
Error,16441
Error,14627
Error,44012
Error,40877
Error,41988
Error,40897
Error,19186
Error,21911
Error,15559
Error,14608
Error,43271
Error,42099
Error,50925
Error,42820
Error,18685
Error,21861
Error,16491
Error,14698
Error,42539
Error,41387
Error,40766
Error,46708
Error,18164
Error,22002
Error,16421
Error,14547
Error,43341
Error,49202
Error,44603
Error,43491
Error,20819
Error,24105
Error,24376
Error,13826
Error,43762
Error,43010
Error,50113
Error,41598
Error,18464
Error,23123
Error,17824
Error,15740
Error,44884
Error,43601
Error,50595
Error,48741
Error,19757
Error,21961
Error,17112
Error,14427
Error,44644
Error,50434
Error,47970
Error,44543
Error,19046
Error,22673
Error,15699
Error,14988
Error,44323
Error,41437
Error,41497
Error,43772
Error,18435
Error,22382
Error,15489
Error,14617
Error,42580
Error,51647
Error,42429
Error,45184
Error,19045
Error,21760
Error,13946
Error,14537
Error,43671
Error,41658
Error,41007
Error,46677
Error,18705
Error,21831
Error,15058
Error,14427
Error,43762
Error,47770
Error,44132
Error,44052
Error,19977
Error,22843
Error,43110
Error,24345
Error,44183
Error,41358
Error,43321
Error,41257
Error,20919
Error,22863
Error,19556
Error,16110
Error,44493
Error,43331
Error,42930
Error,47269
Error,19888
Error,21721
Error,14817
Error,13706
Error,43421
Error,40956
Error,51356
Error,43472
Error,21310
Error,23975
Error,22682
Error,14637
Error,55153
Error,44984
Error,51316
Error,42380
Error,19657
Error,22873
Error,17132
Error,14817
Error,42590
Error,52769
Error,42159
Error,41066
FindNodeReq,49633
Error,20228
Error,23064
Error,18595
Error,15679
Error,44864
Error,42149
Error,41708
Error,45986
Error,18465
Error,21661
Error,14587
Error,14577
Error,42739
Error,48020
Error,44764
Error,43722
Error,20398
Error,23424
Error,23143
Error,14838
Error,45676
Error,41878
Error,41447
Error,52037
Error,20458
Error,24546
Error,14628
Error,15850
Error,44723
Error,42249
Error,42008
Error,54953
Error,19897
Error,21721
Error,15279
Error,14627
FindNodeReq,39404
FindNodeReq,35857
Error,48330
FindNodeReq,37590
FindNodeReq,37721
Error,51436
Error,49943
Error,45615
Error,21661
Error,24415
Error,24556
Error,14777
Error,45344
Error,42579
Error,43772
Error,45656
Error,19367
Error,21791
Error,15840
Error,15770
Error,45084
Error,43040
Error,43892
Error,44784
Error,20679
Error,23824
Error,15509
Error,14477
Error,43591
Error,41668
Error,40937
Error,46187
Error,18574
Error,22241
Error,19967
Error,16901
Error,47840
Error,44744
Error,44343
Error,42239
Error,19737
Error,23814
Error,17002
Error,15810
Error,44133
Error,40956
Error,41117
Error,57648
Error,20859
Error,28734
Error,43792
Error,22572
Error,59832
Error,66364
Error,58460
Error,57618
Error,23494
Error,26620
Error,49683
Error,28604
Error,57387
Error,66023
Error,58039
Error,65212
Error,23484
Error,26439
Error,43432
Error,32932
Error,59081
Error,56155
Error,56085
Error,56525
Error,23304
Error,28714
Error,42249
Error,21611
Error,59040
Error,58208
Error,57087
Error,56706
Error,22702
Error,25728
Error,43461
Error,22462
Error,58910
Error,55954
Error,60734
Error,58690
Error,24877
Error,26700
Error,47128
Error,35677
Error,69510
Error,57187
Error,60323
Error,60202
Error,22782
Error,25718
Error,44473
Error,24777
Error,58640
Error,57207
Error,66144
Error,58079
Error,24435
Error,26870
Error,43692
Error,19577
Error,57378
Error,56165
Error,66304
Error,64350
Error,25748
Error,27942
Error,45215
Error,22572
Error,59411
Error,59241
Error,57718
Error,56345
Error,23053
Error,25077
Error,42309
Error,28073
Error,58329
Error,57648
Error,57227
Error,56776
Error,23494
Error,27631
Error,41748
Error,21160
Error,56877
Error,65492
Error,57257
Error,59131
Error,24336
Error,25668
Error,44222
Error,19145
Error,57127
Error,56526
Error,57838
Error,56555
Error,23003
Error,25287
Error,42911
Error,21219
Error,66785
Error,56856
Error,55224
Error,64680
Error,23043
Error,27331
Error,43331
Error,23133
Error,56766
Error,65683
Error,55143
Error,59892
Error,25678
Error,28092
Error,40656
Error,19377
Error,58970
Error,56807
Error,59281
Error,57948
Error,23003
Error,25278
Error,51396
Error,27522
Error,58289
Error,58600
Error,55283
Error,57327
Error,23814
Error,26710
Error,41488
Error,23885
Error,58890
Error,57357
Error,56275
Error,55184
Error,22853
Error,30697
Error,16871
Error,21049
Error,58509
Error,58079
Error,60453
Error,57698
Error,24535
Error,26359
Error,42038
Error,23174
Error,58039
Error,56075
Error,55093
Error,67586
Error,24235
Error,27412
Error,42519
Error,22071
Error,57608
Error,66253
Error,64560
Error,55915
Error,24516
Error,25237
Error,49402
Error,30667
Error,67336
Error,56275
Error,59230
Error,59391
Error,22733
Error,25077
Error,42580
Error,21260
Error,57888
Error,55574
Error,56155
Error,58790
Error,22351
Error,25578
Error,43051
Error,21380
Error,66044
Error,57457
Error,58610
Error,55053
Error,22733
Error,25187
Error,43582
Error,19888
Error,56907
Error,60052
Error,58720
Error,58089
Error,23774
Error,26640
Error,45365
Error,24366
Error,56966
Error,56516
Error,55313
Error,64020
Error,24806
Error,27742
Error,41938
Error,21700
Error,58599
Error,56857
Error,56606
Error,57077
Error,22773
Error,25618
Error,49713
Error,28694
Error,57197
Error,63008
Error,62407
Error,66274
Error,24326
Error,27692
Error,44252
Error,35086
Error,68017
Error,58580
Error,57488
Error,56926
Error,23694
Error,25738
Error,45626
Error,21510
Error,57297
Error,65883
Error,56065
Error,64000
Error,24306
Error,27641
Error,41077
Error,20217
Error,56606
Error,64801
Error,55544
Error,62967
Error,24646
Error,25748
Error,50395
Error,28192
Error,57237
Error,60633
Error,57888
Error,56746
Error,23604
Error,25968
Error,42539
Error,18073
Error,67636
Error,57398
Error,56936
Error,56525
Error,22862
Error,25298
Error,43331
Error,23003
Error,57507
Error,55544
Error,55323
Error,66243
Error,22352
Error,27011
Error,44272
Error,23464
Error,57458
Error,65072
Error,56215
Error,58499
Error,23544
Error,25818
Error,40576
Error,19396
Error,57407
Error,55835
Error,56736
Error,56075
Error,22703
Error,26409
Error,43822
Error,21891
Error,59031
Error,56846
Error,55343
Error,54742
Error,22832
Error,25237
Error,50694
Error,39494
Error,58940
Error,55654
Error,55123
Error,64130
Error,22943
Error,25708
Error,43922
Error,22181
Error,56966
Error,56936
Error,64871
Error,58359
Error,22502
Error,25528
Error,44013
Error,21370
Error,58480
Error,55293
Error,56576
Error,57127
Error,22392
Error,25438
Error,41067
Error,20498
Error,66865
Error,60092
Error,56366
Error,64761
Error,23784
Error,26138
Error,45746
Error,24325
Error,57177
Error,56475
Error,55554
Error,56305
Error,26329
Error,25067
Error,42169
Error,21841
Error,56796
Error,56025
Error,56856
Error,57738
Error,23043
Error,25658
Error,41949
Error,20528
Error,57828
Error,56486
Error,59742
Error,59341
Error,25127
Error,27050
Error,45525
Error,34434
Error,60763
Error,57117
Error,55514
Error,55143
Error,23073
Error,27011
Error,44814
Error,24085
Error,57617
Error,57537
Error,57628
Error,56836
Error,23354
Error,26259
Error,45275
Error,22152
Error,57688
Error,66795
Error,56235
Error,66364
Error,23674
Error,25267
Error,42630
Error,21771
Error,56215
Error,56786
Error,57858
Error,58088
Error,22642
Error,25337
Error,50545
Error,28864
Error,60433
Error,56135
Error,56255
Error,55995
Error,22592
Error,25388
Error,44673
Error,24726
Error,56666
Error,55574
Error,66124
Error,55093
Error,22282
Error,26499
Error,45656
Error,21680
Error,66444
Error,56565
Error,55634
Error,57427
Error,22893
Error,25899
Error,50194
Error,27952
Error,64851
Error,55444
Error,57728
Error,55574
Error,23815
Error,25227
Error,49863
Error,29195
Error,59151
Error,63599
Error,54932
Error,59301
Error,22682
Error,24987
Error,43461
Error,22212
Error,66294
Error,57928
Error,59472
Error,59140
Error,24044
Error,25478
Error,42349
Error,21390
Error,58489
Error,67156
Error,55614
Error,61174
Error,22642
Error,25708
Error,42619
Error,24125
Error,56576
Error,58880
Error,55654
Error,55514
Error,22752
Error,26299
Error,49924
Error,29215
Error,69991
Error,56055
Error,56696
Error,55374
Error,22833
Error,26970
Error,44724
Error,21721
Error,65512
Error,56646
Error,58759
Error,63569
Error,24075
Error,25588
Error,42830
Error,21851
Error,57117
Error,56916
Error,57738
Error,63969
Error,22913
Error,26008
Error,40766
Error,30527
Error,58830
Error,71964
Error,58600
Error,64160
Error,22872
Error,25668
Error,39945
Error,31419
Error,59791
Error,59741
Error,56736
Error,55794
Error,22342
Error,26409
Error,43260
Error,21440
Error,56767
Error,55043
Error,55914
Error,69771
Error,24325
Error,25758
Error,42930
Error,21961
Error,65523
Error,55714
Error,57588
Error,58460
Error,22923
Error,25447
Error,45074
Error,36488
Error,56115
Error,58178
Error,56566
Error,64891
Error,22492
Error,25728
Error,40926
Error,24657
Error,57167
Error,56737
Error,55463
Error,55985
Error,22923
Error,27111
Error,41988
Error,22252
Error,65272
Error,56836
Error,55133
Error,70051
Error,26509
Error,27291
Error,44413
Error,22893
Error,58249
Error,56396
Error,57728
Error,56175
Error,22993
Error,25698
Error,42900
Error,21430
Error,56305
Error,57097
Error,66014
Error,58289
Error,23904
Error,26179
Error,49733
Error,33482
Error,57818
Error,55864
Error,55724
Error,56024
Error,22812
Error,30026
Error,16952
Error,19437
Error,58479
Error,58830
Error,57397
Error,56085
Error,23413
Error,26790
Error,50053
Error,28483
Error,58509
Error,56466
Error,62938
Error,70452
Error,23544
Error,26770
Error,42720
Error,23934
Error,59041
Error,57308
Error,57397
Error,74469
Error,28243
Error,30377
Error,66274
Error,29685
Error,53410
Error,44043
Error,44733
Error,55203
Error,22222
Error,27692
Error,44723
Error,18444
Error,50695
Error,44984
Error,57748
Error,44673
Error,20799
Error,27221
Error,45305
Error,18815
Error,49212
Error,44002
Error,41888
Error,43130
Error,22252
Error,25969
Error,44564
Error,17482
Error,48781
Error,42530
Error,43331
Error,49593
Error,22523
Error,28573
Error,49523
Error,18735
Error,51576
Error,44433
Error,43822
Error,42419
Error,20308
Error,26029
Error,52378
Error,19236
Error,47479
Error,43081
Error,44773
Error,44172
Error,21349
Error,27671
Error,51667
Error,211505
Error,147355
Error,46998
Error,44253
Error,42269
Error,19917
Error,26660
Error,68969
Error,40736
Error,50755
Error,44914
Error,43531
Error,43230
Error,21571
Error,26630
Error,45204
Error,18645
Error,49743
Error,44814
Error,43110
Error,43792
Error,20559
Error,27120
Error,53019
Error,22052
Error,48430
Error,44924
Error,44684
Error,51947
Error,20569
Error,26529
Error,53070
Error,24215
Error,62757
Error,48421
Error,45595
Error,52769
Error,22833
Error,27161
Error,46297
Error,19477
Error,49373
Error,45135
Error,44413
Error,44954
Error,21941
Error,27431
Error,45756
Error,21360
Error,48921
Error,44854
Error,43892
Error,42830
Error,20388
Error,26649
Error,51256
Error,22091
Error,53600
Error,48270
Error,46858
Error,56255
Error,22282
Error,28173
Error,46417
Error,19807
Error,49553
Error,45556
Error,51697
Error,43731
Error,21781
Error,27612
Error,45285
Error,18455
Error,50505
Error,46056
Error,44814
Error,42339
Error,20859
Error,26659
Error,50925
Error,21170
Error,53129
Error,47238
Error,46036
Error,45455
Error,21871
Error,28253
Error,45555
Error,16210
Error,50865
Error,54011
Error,45004
Error,42088
Error,20398
Error,26330
Error,45645
Error,19146
Error,56696
Error,45695
Error,44703
Error,43041
Error,20248
Error,26269
Error,52138
Error,18665
Error,57458
Error,55794
Error,46196
Error,45796
Error,23053
Error,27532
Error,49874
Error,25918
Error,48681
Error,42910
Error,42389
Error,42600
Error,21901
Error,27481
Error,45114
Error,18535
Error,59101
Error,45164
Error,54001
Error,44633
Error,20679
Error,26329
Error,44754
Error,16281
Error,48320
Error,43381
Error,42840
Error,49332
Error,22041
Error,29445
Error,50585
Error,18725
Error,59782
Error,44924
Error,42680
Error,43501
Error,20768
Error,25758
Error,58359
Error,27902
Error,47299
Error,44614
Error,42740
Error,52208
Error,22171
Error,26019
Error,51536
Error,19436
Error,47829
Error,44303
Error,42540
Error,51226
Error,20949
Error,25889
Error,51796
Error,20509
Error,62577
Error,48411
Error,45516
Error,53690
Error,21941
Error,26940
Error,44293
Error,18174
Error,49062
Error,44753
Error,42510
Error,42580
Error,22412
Error,28082
Error,44513
Error,18555
Error,49853
Error,44323
Error,43622
Error,50805
Error,21100
Error,26199
Error,55364
Error,25668
Error,48771
Error,47749
Error,43922
Error,42890
Error,20097
Error,26740
Error,45315
Error,19035
Error,49432
Error,53190
Error,42990
Error,41317
Error,19437
Error,25859
Error,44473
Error,17162
Error,49072
Error,52217
Error,43331
Error,42148
Error,21009
Error,26340
Error,45806
Error,19948
Error,47730
Error,45916
Error,50485
Error,48130
Error,54602
Error,29856
Error,23434
Error,20769
Error,51937
Error,52418
Error,70962
Error,49793
Error,21410
Error,24145
Error,16301
Error,16450
Error,46166
Error,50775
Error,44553
Error,43572
Error,21941
Error,24546
Error,19095
Error,16430
Error,42159
Error,47208
Error,46146
Error,53891
Error,22712
Error,25889
Error,17182
Error,16912
Error,47549
Error,44283
Error,43441
Error,41869
Error,21601
Error,24536
Error,16291
Error,16201
Error,46276
Error,44403
Error,43311
FindNodeReq,40747
Error,44183
Error,20348
Error,23113
Error,16421
Error,15830
Error,43221
Error,48912
Error,46177
Error,45334
Error,22562
Error,24706
Error,16631
Error,17422
Error,45254
Error,43301
Error,43932
Error,49412
Error,21039
Error,24115
Error,18013
Error,15970
Error,56626
Error,45345
Error,45154
Error,50134
Error,20688
Error,23274
Error,19165
Error,16201
Error,44022
Error,56966
Error,46156
Error,45145
Error,21860
Error,24947
Error,18385
Error,15639
Error,46316
Error,53730
Error,51706
Error,44263
Error,22372
Error,25378
Error,17092
Error,16411
Error,46496
Error,44253
Error,44513
Error,43431
Error,19787
Error,22712
Error,16962
Error,15549
Error,44784
Error,49352
Error,46126
Error,45976
Error,21640
Error,24004
Error,19376
Error,16921
Error,47389
Error,44383
Error,45144
Error,44032
Error,21640
Error,25026
Error,17794
Error,16881
Error,46557
Error,54732
Error,44203
Error,43311
Error,19917
Error,23284
Error,17253
Error,15368
Error,44724
Error,48901
Error,46276
Error,46167
Error,23884
Error,26479
Error,20268
Error,17683
Error,46327
Error,50033
Error,48922
Error,47970
Error,23574
Error,27612
Error,20749
Error,18605
Error,51496
Error,49141
Error,48200
Error,47549
Error,22222
Error,22672
Error,16981
Error,14537
Error,45435
Error,48020
Error,45065
Error,44533
Error,21591
Error,25298
Error,16992
Error,16782
Error,45735
Error,52538
Error,43532
Error,43662
Error,21450
Error,23734
Error,20388
Error,15750
Error,45856
Error,43090
Error,51757
Error,49673
Error,20198
Error,23554
Error,17953
Error,15630
Error,43992
Error,42009
Error,41277
Error,47308
Error,21530
Error,24556
Error,18675
Error,16942
Error,44142
Error,44664
Error,44303
Error,43001
Error,21621
Error,24286
Error,11571
Error,17262
Error,45214
Error,43681
Error,42139
Error,46176
Error,20919
Error,23154
Error,17553
Error,15870
Error,43952
Error,42569
Error,41878
Error,41798
Error,20468
Error,23443
Error,17292
Error,15119
Error,44613
Error,42680
Error,41258
Error,48832
Error,20078
Error,23304
Error,21571
Error,16110
Error,44794
Error,43441
Error,53660
Error,72135
Error,22983
FindNodeReq,40225
Error,22622
Error,16421
Error,17954
Error,47278
Error,55624
Error,45054
Error,43250
Error,20007
Error,22912
Error,17272
Error,17753
Error,46997
Error,45665
Error,44032
Error,46808
Error,21951
Error,23143
Error,11502
Error,15659
Error,47278
Error,43672
Error,51145
Error,44573
Error,21230
Error,24415
Error,18044
Error,16181
Error,55043
Error,44153
Error,42019
FindNodeRsp,23494
Error,44463
Error,19787
Error,24586
Error,20588
Error,17152
Error,44262
Error,41858
Error,39213
FindNodeReq,43050
Error,43261
Error,20098
Error,28693
Error,20097
Error,16742
Error,47789
Error,45626
Error,44484
Error,43482
Error,21100
Error,23945
Error,17011
Error,16731
Error,45425
Error,52018
Error,44243
Error,42890
Error,21610
Error,25037
Error,17062
Error,16981
Error,45084
Error,42991
Error,42459
Error,42279
Error,19867
Error,22883
Error,18825
Error,16090
Error,43862
Error,48100
Error,44753
Error,47659
Error,21951
Error,24937
Error,15559
Error,16100
Error,45695
Error,42399
Error,51547
Error,50775
Error,21279
Error,24806
Error,11652
Error,16811
Error,46056
Error,44002
Error,52669
Error,42189
Error,19306
Error,23133
Error,20077
Error,15509
Error,52488
Error,43281
Error,48410
Error,45715
Error,21320
Error,24696
Error,20839
Error,17052
Error,54872
Error,45324
Error,44323
Error,43611
Error,20909
Error,24806
Error,17733
Error,18855
Error,45675
Error,43281
Error,52358
Error,44443
Error,20518
Error,22993
Error,17653
Error,16060
Error,44794
Error,42890
Error,42780
Error,42830
Error,20258
Error,25758
Error,17944
Error,18184
Error,47489
Error,44102
Error,43832
Error,48351
Error,21229
Error,24145
Error,17643
Error,17162
Error,45786
Error,41728
Error,44193
Error,43412
Error,22122
Error,24115
Error,17233
Error,17853
Error,43791
Error,42500
Error,42369
Error,43231
Error,19707
Error,22743
Error,20869
Error,15068
Error,49914
Error,54872
Error,45485
Error,46497
Error,21039
Error,24797
Error,11352
Error,17002
Error,45746
Error,43972
Error,43732
Error,50234
Error,22002
Error,24235
Error,12463
Error,15448
Error,45936
Error,43090
Error,43501
Error,42890
Error,19567
Error,22983
Error,17492
Error,15249
Error,44193
Error,56065
Error,46347
Error,43852
Error,20278
Error,22993
Error,19085
Error,15769
Error,43512
Error,43131
Error,42119
Error,55814
Error,20678
Error,23183
Error,18875
Error,15559
Error,44403
Error,43050
Error,51466
Error,43661
Error,20128
Error,23324
Error,17032
Error,15850
Error,53860
Error,43421
Error,49893
Error,100929
Error,35807
Error,24326
Error,26078
Error,16622
Error,43932
Error,44733
Error,44794
Error,43842
Error,23825
Error,26239
Error,19456
Error,20368
Error,49362
Error,42630
Error,57027
Error,48371
Error,22812
Error,26700
Error,21060
Error,18073
Error,49552
Error,47429
Error,45365
Error,50304
Error,24215
Error,25267
Error,16491
Error,18134
Error,45875
Error,43441
Error,43090
Error,48000
Error,21300
Error,24656
Error,17152
Error,17163
Error,61635
Error,44614
Error,48341
Error,43051
Error,20638
Error,24486
Error,17432
Error,16140
Error,43751
Error,42329
Error,43070
Error,42620
Error,20388
Error,22863
Error,51647
Error,25357
Error,48891
Error,46637
Error,59011
Error,46647
Error,21741
Error,26310
Error,16571
Error,16040
Error,45575
Error,44193
Error,45535
Error,49592
Error,21049
Error,24997
Error,21440
Error,16922
Error,46487
Error,43721
Error,43421
Error,43812
Error,19626
Error,23073
Error,28062
Error,9869
Error,45124
Error,49763
Error,50614
Error,54952
Error,22802
Error,24957
Error,43191
Error,25778
Error,47098
Error,44313
Error,41978
Error,42750
Error,21651
Error,24516
Error,15529
Error,17362
Error,54142
Error,44743
Error,44553
Error,52077
Error,19998
Error,23273
Error,23534
Error,15469
Error,44093
Error,43892
Error,43171
Error,48802
Error,22652
Error,25218
Error,28033
Error,10659
Error,56816
Error,46066
Error,44774
Error,52709
Error,20879
Error,23244
Error,16851
Error,17904
Error,47088
Error,54882
Error,54301
Error,46727
Error,22042
Error,23564
Error,16181
Error,15219
Error,53420
Error,43561
Error,43872
Error,43581
Error,19967
Error,24005
Error,26370
Error,15689
Error,59000
Error,46487
Error,44002
Error,51867
Error,24105
Error,24757
Error,18766
Error,15799
Error,44193
Error,43331
Error,42048
Error,50956
Error,20338
Error,22902
Error,15679
Error,15749
Error,45305
Error,51115
Error,43391
Error,42149
Error,20038
Error,23093
Error,25768
Error,15850
Error,44253
Error,57106
Error,47509
Error,46437
Error,22031
Error,25799
Error,29104
Error,17783
Error,49663
Error,47268
Error,46437
Error,52038
Error,20889
Error,24987
Error,27922
Error,15739
Error,61896
Error,42820
Error,41367
Error,55393
Error,20078
Error,22522
Error,24405
Error,15258
Error,52478
Error,42991
Error,42389
Error,47670
Error,19136
Error,22291
Error,28193
Error,14547
Error,44884
Error,45725
Error,42319
Error,41928
Error,19005
Error,23554
Error,17142
Error,15439
Error,44343
Error,44012
Error,43491
Error,46337
Error,20839
Error,22301
Error,17784
Error,15258
Error,53159
Error,41728
Error,49262
Error,47809
Error,19106
Error,22242
Error,17793
Error,15620
Error,42780
Error,41788
Error,40856
Error,45485
Error,22583
Error,24846
Error,16171
Error,17122
Error,45745
Error,43882
Error,42750
Error,46567
Error,20899
Error,24055
Error,17643
Error,15018
Error,46276
Error,42099
Error,41077
Error,47038
Error,20748
Error,23715
Error,19356
Error,15279
Error,43431
Error,41398
Error,41899
Error,46658
Error,18825
Error,22132
Error,17473
Error,15008
Error,43362
Error,46718
Error,44413
Error,54121
Error,20558
Error,23694
Error,17913
Error,16090
Error,45045
Error,52288
Error,41617
Error,45435
Error,20769
Error,23875
Error,16541
Error,15018
Error,52679
Error,42529
Error,41718
Error,56435
Error,19787
Error,21660
Error,17052
Error,15309
Error,43181
Error,45846
Error,42660
Error,42479
Error,23735
Error,26600
Error,17874
Error,17542
Error,57237
Error,44463
Error,44854
Error,46517
Error,20358
Error,23754
Error,17353
Error,17132
Error,45956
Error,42579
Error,44443
Error,49543
Error,21921
Error,24796
Error,17793
Error,15890
Error,43772
Error,43271
Error,41829
Error,56456
Error,19777
Error,22753
Error,19687
Error,15649
Error,50174
Error,45686
Error,45455
Error,49101
Error,21139
Error,24846
Error,13786
Error,15890
Error,54442
Error,43151
Error,48601
Error,44994
Error,21760
Error,43331
Error,41898
Error,38352
Error,113843
Error,50234
Error,29475
Error,21480
Error,41718
Error,42119
Error,52007
Error,44093
Error,19847
Error,23063
Error,16611
Error,15008
UpdateRouteReq,42299
UpdateRouteReq,48751
Error,66223
Error,51776
Error,46727
Error,46757
Error,23063
Error,25788
Error,15609
Error,16411
Error,46227
Error,52969
Error,57888
Error,45014
Error,21560
Error,24987
Error,14007
Error,17503
Error,47148
Error,45025
Error,44353
Error,43572
Error,20679
Error,22852
Error,17794
Error,16161
Error,63489
Error,46847
Error,51998
Error,43221
Error,20669
Error,24716
Error,18765
Error,16430
Error,44653
Error,43942
Error,43381
Error,42940
Error,20298
Error,23855
Error,17754
Error,16321
Error,44783
Error,42509
Error,42619
Error,43211
Error,20058
Error,25057
Error,22542
Error,17002
Error,52468
Error,47288
Error,46056
Error,44423
Error,22752
Error,24887
Error,17413
Error,17463
Error,46377
Error,53510
Error,44634
Error,45054
Error,21370
Error,25278
Error,17223
Error,17553
Error,47439
Error,45164
Error,43191
Error,43622
Error,20448
Error,23925
Error,17553
Error,16431
Error,49192
Error,47619
Error,56526
Error,46527
Error,21010
Error,25298
Error,21961
Error,17873
Error,45816
Error,44012
Error,52338
Error,44934
Error,21049
Error,25508
Error,17673
Error,17192
Error,47870
Error,44984
Error,42470
Error,43411
Error,20048
Error,23914
Error,12033
Error,15860
Error,57758
Error,46537
Error,44473
Error,42209
Error,20068
Error,23945
Error,18594
Error,16140
Error,54191
Error,44233
Error,50244
Error,43681
Error,19997
Error,23724
Error,17483
Error,15189
Error,45996
Error,43451
Error,43561
Error,43240
Error,20839
Error,24044
Error,17232
Error,16812
Error,45194
Error,55454
Error,49042
Error,45896
Error,22823
Error,25728
Error,17382
Error,14738
Error,47409
Error,44152
Error,43181
Error,43311
Error,21199
Error,24987
Error,18665
Error,16441
Error,54662
Error,45976
Error,44072
Error,52278
Error,20819
Error,22963
Error,11731
Error,15449
Error,44524
Error,42048
Error,42329
Error,50985
Error,20679
Error,23544
Error,18494
Error,15038
Error,44864
Error,42720
Error,42760
Error,46316
Error,20729
Error,23574
Error,16721
Error,16200
Error,45655
Error,42088
Error,51196
Error,43542
Error,20228
Error,24365
Error,32621
Error,13124
Error,44924
Error,42750
Error,42790
Error,43110
Error,20127
Error,23825
Error,15218
Error,18174
Error,47799
Error,44873
Error,44573
Error,44053
Error,22311
Error,24456
Error,16781
Error,15920
Error,45916
Error,43141
Error,42259
Error,42419
Error,21710
Error,25528
Error,20328
Error,16591
Error,44644
Error,51497
Error,43792
Error,42930
Error,20168
Error,23294
Error,20759
Error,16150
Error,50405
Error,47780
Error,45435
Error,48711
Error,21320
Error,25267
Error,18184
Error,16411
Error,47238
Error,52919
Error,43481
Error,52408
Error,22322
Error,25818
Error,18054
Error,16170
Error,45866
Error,43331
Error,43962
Error,42679
Error,20588
Error,23233
Error,12994
Error,15960
Error,45124
Error,49493
Error,45565
Error,42980
Error,20248
Error,23514
Error,20549
Error,16732
Error,44453
Error,42519
Error,50384
Error,50434
Error,20689
Error,23214
Error,11903
Error,15499
Error,45905
Error,43562
Error,51647
Error,50134
Error,20689
Error,23514
Error,11371
Error,16261
Error,44854
Error,54422
Error,43081
Error,46497
Error,21269
Error,25387
Error,18455
Error,16391
Error,45726
Error,43862
Error,44854
Error,43361
Error,22021
Error,23635
Error,15960
Error,17233
Error,46447
Error,42540
Error,42049
Error,42159
Error,19326
Error,23324
Error,19226
Error,16401
Error,43962
Error,42209
Error,42429
Error,42349
Error,19486
Error,23935
Error,16440
Error,15890
Error,44453
Error,43782
Error,43351
Error,42971
Error,19737
Error,23113
Error,16531
Error,16281
Error,44202
Error,43181
Error,42670
Error,42048
Error,19747
Error,23434
Error,11983
Error,16250
Error,44283
Error,41658
Error,42279
Error,42700
Error,19737
Error,22922
Error,16921
Error,16201
Error,48671
Error,43922
Error,43932
Error,52689
Error,22573
Error,24045
Error,16932
Error,16130
Error,45104
Error,42770
Error,42449
Error,42710
Error,19947
Error,23013
Error,17232
Error,16050
Error,45345
Error,58590
Error,42409
Error,43040
Error,19687
Error,23544
Error,18274
Error,15328
Error,45184
Error,47479
Error,43922
Error,53280
Error,21801
Error,24766
Error,11862
Error,17593
Error,46316
Error,44112
Error,42870
Error,43250
Error,19997
Error,22392
Error,17613
Error,14507
Error,46006
Error,52138
Error,49713
Error,40596
Error,19216
Error,23213
Error,17684
Error,15920
Error,44754
Error,42840
Error,46146
Error,44243
Error,21420
Error,24496
Error,18495
Error,16671
Error,46006
Error,42459
Error,42740
Error,51416
Error,20278
Error,23213
Error,20068
Error,14507
Error,44283
Error,43441
Error,48160
Error,52017
Error,20759
Error,22792
Error,20338
Error,16290
Error,45475
Error,46407
Error,59551
Error,44964
Error,20137
Error,23845
Error,16491
Error,15619
Error,45045
Error,42499
Error,47789
Error,41838
Error,19567
Error,22913
Error,16371
Error,16070
Error,45355
Error,51767
Error,47680
Error,42720
Error,20789
Error,22983
Error,17673
Error,14988
Error,46747
Error,43200
Error,41748
Error,41878
Error,19797
Error,22722
Error,16611
Error,14788
Error,52699
Error,43261
Error,42890
Error,54622
Error,20538
Error,22673
Error,17853
Error,14978
Error,44944
Error,43020
Error,42239
Error,45916
Error,19226
Error,22331
Error,17442
Error,15008
Error,44824
Error,42740
Error,44674
Error,41488
Error,19947
Error,22642
Error,29976
Error,10910
Error,45475
Error,42610
Error,41438
Error,46076
Error,20428
Error,22943
Error,25017
Error,15990
Error,44954
Error,42128
Error,41768
Error,56275
Error,20037
Error,23023
Error,18765
Error,15549
Error,44493
Error,40977
Error,41478
Error,48030
Error,19887
Error,22883
Error,35706
Error,10540
Error,48330
Error,45215
Error,53971
Error,47800
Error,21530
Error,23234
Error,16381
Error,14868
Error,43811
Error,51616
Error,45946
Error,47970
Error,22192
Error,24636
Error,20338
Error,16241
Error,55554
Error,46768
Error,54252
Error,51807
Error,22061
Error,22903
Error,17392
Error,14657
Error,46717
Error,42389
Error,48190
Error,45445
Error,22161
Error,25287
Error,19066
Error,15499
Error,53410
Error,46867
Error,45545
Error,43291
Error,20618
Error,24676
Error,16471
Error,15810
Error,44413
Error,42560
Error,50384
Error,55724
Error,19587
Error,23985
Error,18665
Error,17343
Error,45425
Error,52247
Error,49522
Error,49061
Error,19657
Error,25848
Error,19666
Error,15759
Error,47840
Error,45865
Error,43852
Error,49513
Error,21440
Error,22532
Error,18715
Error,15779
Error,55564
Error,42840
Error,50845
Error,48821
Error,21260
Error,23234
Error,18735
Error,15880
Error,46086
Error,42439
Error,43151
Error,46567
Error,18946
Error,23273
Error,23584
Error,15559
Error,44754
Error,42539
Error,55614
Error,55834
Error,22101
Error,25167
Error,20829
Error,17263
Error,44052
Error,43932
Error,42129
Error,46757
Error,21139
Error,24426
Error,22331
Error,17182
Error,46016
Error,41287
Error,43672
Error,56766
Error,20990
Error,24295
Error,17142
Error,16260
Error,45175
Error,41879
Error,41959
Error,45084
Error,19637
Error,25567
Error,20809
Error,16251
Error,56275
Error,45245
Error,45144
Error,44092
Error,22983
Error,26029
Error,20338
Error,47800
Error,16130
Error,44073
Error,46016
Error,54272
Error,22161
Error,25017
Error,21550
Error,17723
Error,46136
Error,44483
Error,53370
Error,44083
Error,20499
Error,24055
Error,44543
Error,25597
Error,82685
Error,44303
Error,52809
Error,52758
Error,23454
Error,19306
Error,21761
Error,17913
Error,15569
Error,46026
Error,44182
Error,51416
Error,47018
Error,22482
Error,25387
Error,18494
Error,16971
Error,46907
Error,44112
Error,44523
Error,45024
Error,20959
Error,24416
Error,12654
Error,16330
Error,53750
Error,45275
Error,51767
Error,46187
Error,23494
Error,26660
Error,19907
Error,18444
Error,51717
Error,46477
Error,44764
Error,43492
Error,21019
Error,24245
Error,16370
Error,18003
Error,46978
Error,44633
Error,45235
Error,44293
Error,23343
Error,25929
Error,11601
Error,17112
Error,45996
Error,54231
Error,44213
Error,49453
Error,23614
Error,26650
Error,20799
Error,17683
Error,48000
Error,45655
Error,46016
Error,44353
Error,22172
Error,26269
Error,35437
Error,15399
Error,46457
Error,46126
Error,53780
Error,45014
Error,22653
Error,26730
Error,22642
Error,18204
Error,46967
Error,44894
Error,52739
Error,44834
Error,21260
Error,26881
Error,12293
Error,19356
Error,55503
Error,45705
Error,55824
Error,45675
Error,23243
Error,27040
Error,13315
Error,19186
Error,46086
Error,46207
Error,45685
Error,44763
Error,22873
Error,26860
Error,21069
Error,17362
Error,47469
Error,44093
Error,43721
Error,43922
Error,21600
Error,24766
Error,13175
Error,19006
Error,47208
Error,45806
Error,44714
Error,47038
Error,22342
Error,26119
Error,21871
Error,18655
Error,47509
Error,52719
Error,45435
Error,45175
Error,22893
Error,26009
Error,13024
Error,18485
Error,48010
Error,45686
Error,45284
Error,44032
Error,21089
Error,24907
Error,13184
Error,17042
Error,51796
Error,47719
Error,47198
Error,46728
Error,24496
Error,26349
Error,19617
Error,17663
Error,47338
Error,46597
Error,43913
Error,48962
Error,21300
Error,27261
Error,30877
Error,18746
Error,46607
Error,44593
Error,44093
Error,44674
Error,21050
Error,25548
Error,36388
Error,14657
Error,46307
Error,50183
Error,47408
Error,55314
Error,24727
Error,27741
Error,36839
Error,16150
Error,48831
Error,53520
Error,44203
Error,48240
Error,23984
Error,26780
Error,33091
Error,18124
Error,60303
Error,54682
Error,46447
Error,45846
Error,22061
Error,25227
Error,20879
Error,20819
Error,53610
Error,54732
Error,45255
Error,52117
Error,24957
Error,29886
Error,19366
Error,19186
Error,48721
Error,48160
Error,46477
Error,45205
Error,23163
Error,27571
Error,13325
Error,18595
Error,46367
Error,44093
Error,45045
Error,44934
Error,23043
Error,26459
Error,20668
Error,17342
Error,46527
Error,44563
Error,45335
Error,52879
Error,22321
Error,25708
Error,21229
Error,17693
Error,52287
Error,48391
Error,55624
Error,48231
Error,24386
Error,27200
Error,14297
Error,18514
Error,46968
Error,48371
Error,52919
Error,46237
Error,23204
Error,26550
Error,12834
Error,18645
Error,60032
Error,44132
Error,45254
Error,53550
Error,24105
Error,26118
Error,13766
Error,17372
Error,45916
Error,52708
Error,46337
Error,53430
Error,23995
Error,26660
Error,23143
Error,16511
Error,46938
Error,45886
Error,43662
Error,53159
Error,22782
Error,26610
Error,14688
Error,19076
Error,46918
Error,45084
Error,45344
Error,46317
Error,23013
Error,27231
Error,14167
Error,16812
Error,47048
Error,44413
Error,52718
Error,50053
Error,24125
Error,26951
Error,12774
Error,19025
Error,47058
Error,61184
Error,44463
Error,44663
Error,22502
Error,24996
Error,25889
Error,17203
Error,47669
Error,45074
Error,44714
Error,44133
Error,22311
Error,25848
Error,20358
Error,18856
Error,46908
Error,45125
Error,44343
Error,51546
Error,22112
Error,28423
Error,20669
Error,17403
Error,55794
Error,47088
Error,44964
Error,54281
Error,22863
Error,26580
Error,12333
Error,18504
Error,46547
Error,43321
Error,44924
Error,45375
Error,22913
Error,24305
Error,12584
Error,18134
Error,47358
Error,44734
Error,45074
Error,51636
Error,21250
Error,24276
Error,19636
Error,16691
Error,53350
Error,46987
Error,44783
Error,44243
Error,22332
Error,25818
Error,21961
Error,18164
Error,46196
Error,53831
Error,45064
Error,44834
Error,23123
Error,25588
Error,19577
Error,17011
Error,46347
Error,51927
Error,45255
Error,44794
Error,21941
Error,24075
Error,14286
Error,17041
Error,44563
Error,43462
Error,48861
Error,46687
Error,23464
Error,26850
Error,24426
Error,18756
Error,48090
Error,45125
Error,45204
Error,52839
Error,22733
Error,25658
Error,20088
Error,17953
Error,46888
Error,43872
Error,44533
Error,44524
Error,21590
Error,25037
Error,17934
Error,17713
Error,46046
Error,56005
Error,45034
Error,50083
Error,22543
Error,26009
Error,14187
Error,19507
Error,47228
Error,48751
Error,59831
Error,49382
Error,23644
Error,24736
Error,11171
Error,18695
Error,44964
Error,40787
Error,42810
Error,50184
Error,21581
Error,23504
Error,11922
Error,17262
Error,44242
Error,42409
Error,42730
Error,45435
Error,20048
Error,22602
Error,16080
Error,16050
Error,48591
Error,52548
Error,44162
Error,47829
Error,21530
Error,23965
Error,17683
Error,16020
Error,44333
Error,41958
Error,43101
Error,51156
Error,21250
Error,24817
Error,18825
Error,16992
Error,44253
Error,43081
Error,50113
Error,43260
Error,20688
Error,22402
Error,11652
Error,15809
Error,42340
Error,41287
Error,46387
Error,51426
Error,21510
Error,24777
Error,16621
Error,17673
Error,44483
Error,42469
Error,40436
Error,54011
Error,21190
Error,24316
Error,21891
Error,17643
Error,44423
Error,42430
Error,42059
Error,41738
Error,21099
Error,25518
Error,21350
Error,17182
Error,45475
Error,42740
Error,49984
Error,49302
Error,23984
Error,26359
Error,16972
Error,17373
Error,58810
Error,47438
Error,45395
Error,45154
Error,89287
Error,26700
Error,13195
Error,18084
Error,45685
Error,43431
Error,43601
Error,49403
Error,21781
Error,25618
Error,23063
Error,16591
Error,47749
Error,43852
Error,51346
Error,53550
Error,21390
Error,23444
Error,21410
Error,17863
Error,47269
Error,44533
Error,53520
Error,51807
Error,22973
Error,25318
Error,17893
Error,16841
Error,46416
Error,51566
Error,46227
Error,48762
Error,22322
Error,26309
Error,18304
Error,16801
Error,46427
Error,42931
Error,44573
Error,47950
Error,22061
Error,23333
Error,18826
Error,16351
Error,44654
Error,53340
Error,50555
Error,46016
Error,22832
Error,25858
Error,19968
Error,18735
Error,46487
Error,44744
Error,44975
Error,56376
Error,22993
Error,25628
Error,18916
Error,17552
Error,46857
Error,43201
Error,50785
Error,49673
Error,21510
Error,25739
Error,12323
Error,18354
Error,54121
Error,44063
Error,51176
Error,47700
Error,20328
Error,25898
Error,18404
Error,16721
Error,45736
Error,45414
Error,43441
Error,44844
Error,21971
Error,25287
Error,18475
Error,15569
Error,46708
Error,43691
Error,42089
Error,43301
Error,22562
Error,25698
Error,21329
Error,20618
Error,50224
Error,53640
Error,44994
Error,57227
Error,26891
Error,29304
Error,19316
Error,17452
Error,52688
Error,52138
Error,51456
Error,49953
Error,24005
Error,27752
Error,22422
Error,17733
Error,46236
Error,44673
Error,50755
Error,44212
Error,22162
Error,25197
Error,14167
Error,16070
Error,45455
Error,43181
Error,62126
Error,47659
Error,21680
Error,24957
Error,16782
Error,19426
Error,46707
Error,45735
Error,48842
Error,44563
Error,21009
Error,24656
Error,19146
Error,17042
Error,46988
Error,44123
Error,50555
Error,44363
Error,21871
Error,23624
Error,17603
Error,15599
Error,44593
Error,66545
Error,54572
Error,56425
Error,26659
Error,24826
Error,21881
Error,17323
Error,47038
Error,44002
Error,47769
Error,42670
Error,20308
Error,24195
Error,18655
Error,15169
Error,44864
Error,43020
Error,46276
Error,42760
Error,19977
Error,23985
Error,17463
Error,14487
Error,50434
Error,45024
Error,42550
Error,42359
Error,21160
Error,24115
Error,18815
Error,15218
Error,46266
Error,42549
Error,48901
Error,43000
Error,20479
Error,23584
Error,21731
Error,15820
Error,44964
Error,43441
Error,48230
Error,52068
Error,20779
Error,24676
Error,17983
Error,14948
Error,44733
Error,51777
Error,48220
Error,43461
Error,20499
Error,23413
Error,21610
Error,16100
Error,44853
Error,42951
Error,48020
Error,41668
Error,20819
Error,23714
Error,21811
Error,16120
Error,44823
Error,44033
Error,57397
Error,43371
Error,23925
Error,26229
Error,20668
Error,17423
Error,48009
Error,47368
Error,50705
Error,46116
Error,22112
Error,25688
Error,21220
Error,17012
Error,47509
Error,46968
Error,45836
Error,45716
Error,23895
Error,28213
Error,13135
Error,19337
Error,50965
Error,45264
Error,54421
Error,49202
Error,21861
Error,25928
Error,17032
Error,16732
Error,44934
Error,43612
Error,47749
Error,43532
Error,22221
Error,23394
Error,17954
Error,15709
Error,44544
Error,43201
Error,42690
Error,42880
Error,20669
Error,21520
Error,17483
Error,14357
Error,43862
Error,46187
Error,43842
Error,52418
Error,22442
Error,23915
Error,16741
Error,16601
Error,44332
Error,41548
Error,56466
Error,42539
Error,20839
Error,23704
Error,16260
Error,15459
Error,44072
Error,51466
Error,47619
Error,42910
Error,19056
Error,22372
Error,13305
Error,14818
Error,48450
Error,44463
Error,43090
Error,43402
Error,21380
Error,24926
Error,18063
Error,16220
Error,45816
Error,46146
Error,48671
Error,44173
Error,22101
Error,24956
Error,17183
Error,16411
Error,47488
Error,45715
Error,44002
Error,52699
Error,20148
Error,23705
Error,46406
Error,20608
Error,49302
Error,58680
Error,47509
Error,53260
Error,23173
Error,25848
Error,12343
Error,15970
Error,46507
Error,44253
Error,49663
Error,44152
Error,21741
Error,24746
Error,18395
Error,17273
Error,46247
Error,45215
Error,50665
Error,42640
Error,20087
Error,25638
Error,17643
Error,16481
Error,45425
Error,44123
Error,48320
Error,43391
Error,22593
Error,24345
Error,22412
Error,17152
Error,48901
Error,46707
Error,52999
Error,55644
Error,22432
Error,24185
Error,17854
Error,14397
Error,42189
Error,41528
Error,40396
Error,46787
Error,21089
Error,24135
Error,15880
Error,17212
Error,54151
Error,43381
Error,47358
Error,41017
Error,20909
Error,23374
Error,11221
Error,16471
Error,43812
Error,50274
Error,48130
Error,42008
Error,21210
Error,24025
Error,15910
Error,14908
Error,42860
Error,41298
Error,58810
Error,44664
Error,20889
Error,24305
Error,15088
Error,17633
Error,45064
Error,42289
Error,54362
Error,42780
Error,19537
Error,23605
Error,17142
Error,14286
Error,45385
Error,51556
Error,46597
Error,43772
Error,20268
Error,22151
Error,13876
Error,15579
Error,43151
Error,46958
Error,45375
Error,43541
Error,20619
Error,25398
Error,16481
Error,16500
Error,55043
Error,43641
Error,51296
Error,49893
Error,23244
Error,26399
Error,13095
Error,16160
Error,45816
Error,43381
Error,43862
Error,42950
Error,18896
Error,22152
Error,27461
Error,15209
Error,48601
Error,44773
Error,53500
Error,45625
Error,20969
Error,24055
Error,14316
Error,16491
Error,54943
Error,43291
Error,43111
Error,54162
Error,21911
Error,24596
Error,15789
Error,15850
Error,46397
Error,43872
Error,44012
Error,42389
Error,19506
Error,22201
Error,26309
Error,14958
Error,49172
Error,55063
Error,45845
Error,53550
Error,22732
Error,24246
Error,14477
Error,16761
Error,46026
Error,43702
Error,52428
Error,44753
Error,20789
Error,23444
Error,13686
Error,16401
Error,46658
Error,44133
Error,44273
Error,42068
Error,19276
Error,22372
Error,23304
Error,15018
Error,49092
Error,45806
Error,44483
Error,44644
Error,21830
Error,23814
Error,13947
Error,16972
Error,47899
Error,45264
Error,50885
Error,44283
Error,21511
Error,24085
Error,18184
Error,16390
Error,50955
Error,49522
Error,60022
Error,47439
Error,21630
Error,28783
Error,21901
Error,19797
Error,52398
Error,51656
Error,52799
Error,48651
Error,21320
Error,24095
Error,21269
Error,16932
Error,45315
Error,44473
Error,52108
Error,52578
Error,21680
Error,24346
Error,17823
Error,17303
Error,46196
Error,44393
Error,42309
Error,42479
Error,19035
Error,27332
Error,21200
Error,16210
Error,88346
Error,85109
Error,50805
Error,47218
Error,22993
Error,28503
Error,50595
Error,21029
Error,52298
Error,57949
Error,48360
Error,44233
Error,20728
Error,26299
Error,51095
Error,19727
Error,49723
Error,46977
Error,56415
Error,49262
Error,24295
Error,29735
Error,46878
Error,17382
Error,50334
Error,45235
Error,46297
Error,56706
Error,23283
Error,27501
Error,54642
Error,20158
Error,50785
Error,46267
Error,46076
Error,43812
Error,21260
Error,26489
Error,46116
Error,18194
Error,49142
Error,44172
Error,42850
Error,54382
Error,22512
Error,28113
Error,47549
Error,19086
Error,49723
Error,43251
Error,54431
Error,44243
Error,21179
Error,26690
Error,59331
Error,27151
Error,48731
Error,43842
Error,42810
Error,52258
Error,20328
Error,26750
Error,45024
Error,15829
Error,49162
Error,41527
Error,42489
Error,52658
Error,22221
Error,26861
Error,45765
Error,21370
Error,48561
Error,54181
Error,44393
Error,43541
Error,20949
Error,26871
Error,45936
Error,20789
Error,58239
Error,44052
Error,43762
Error,43131
Error,19697
Error,25928
Error,50534
Error,26008
Error,49232
Error,45855
Error,43291
Error,52198
Error,21109
Error,26500
Error,45405
Error,17282
Error,49413
Error,43381
Error,51447
Error,43872
Error,21310
Error,27181
Error,45575
Error,18434
Error,50354
Error,52939
Error,44914
Error,43571
Error,20759
Error,26239
Error,46497
Error,18584
Error,49723
Error,44704
Error,43701
Error,43712
Error,20178
Error,26069
Error,52718
Error,21160
Error,60884
Error,45495
Error,44053
Error,51927
Error,20678
Error,26670
Error,46627
Error,20027
Error,49994
Error,43141
Error,43181
Error,57648
Error,21300
Error,26760
Error,45125
Error,17814
Error,50665
Error,53721
Error,50114
Error,44894
Error,21009
Error,26309
Error,44423
Error,15088
Error,48351
Error,42659
Error,46477
Error,44273
Error,21089
Error,26900
Error,53520
Error,19146
Error,49994
Error,45645
Error,44473
Error,44754
Error,20047
Error,27882
Error,54462
Error,28774
Error,49473
Error,43652
Error,43682
Error,43231
Error,21750
Error,27251
Error,42269
Error,12634
Error,57597
Error,43441
Error,41829
Error,52878
Error,24687
Error,28493
Error,54643
Error,19566
Error,52348
Error,46146
Error,44323
Error,60142
Error,21029
Error,26239
Error,57778
Error,26290
Error,49833
Error,44172
Error,44262
Error,43201
Error,21841
Error,27672
Error,51016
Error,23814
Error,50254
Error,44283
Error,43021
Error,51777
Error,20889
Error,32531
Error,45665
Error,17462
Error,51376
Error,46476
Error,46187
Error,44082
Error,21541
Error,28182
Error,45886
Error,17623
Error,49783
Error,55143
Error,44213
Error,43261
Error,20368
Error,26479
Error,45655
Error,18214
Error,48611
Error,44434
Error,43762
Error,42880
Error,20338
Error,26290
Error,51446
Error,20057
Error,52628
Error,46667
Error,45515
Error,45104
Error,22692
Error,28062
Error,48080
Error,19777
Error,59141
Error,44032
Error,41999
Error,50585
Error,20488
Error,27752
Error,45315
Error,17944
Error,50184
Error,44654
Error,43461
Error,43993
Error,21470
Error,26018
Error,46026
Error,18274
Error,57097
Error,64921
Error,47659
Error,43702
Error,20899
Error,27021
Error,44864
Error,15189
Error,49763
Error,43431
Error,42790
Error,52277
Error,20929
Error,25988
Error,45194
Error,17593
Error,48631
Error,43080
Error,42820
Error,51807
Error,21250
Error,26990
Error,45345
Error,18034
Error,48901
Error,42760
Error,43301
Error,47438
Error,22122
Error,28012
Error,44623
Error,16090
Error,59101
Error,44393
Error,43401
Error,43140
Error,19847
Error,25759
Error,43502
Error,18505
Error,48491
Error,44593
Error,43382
Error,42049
Error,21520
Error,27712
Error,45175
Error,18094
Error,48050
Error,43321
Error,42960
Error,42950
Error,24065
Error,28232
Error,45775
Error,17713
Error,51026
Error,46136
Error,43842
Error,44252
Error,20759
Error,25898
Error,45314
Error,16521
Error,48200
Error,43682
Error,44032
Error,43681
Error,21109
Error,27241
Error,48290
Error,20929
Error,50434
Error,43311
Error,43151
Error,42639
Error,18886
Error,34204
Error,45605
Error,17282
Error,49462
Error,43391
Error,52548
Error,43361
Error,20438
Error,25979
Error,49052
Error,18575
Error,58559
Error,44192
Error,42449
Error,42199
Error,19857
Error,25578
Error,45034
Error,16811
Error,47929
Error,43512
Error,51927
Error,43641
Error,19857
Error,34224
Error,46086
Error,19596
Error,48781
Error,43982
Error,43161
Error,42589
Error,19827
Error,26199
Error,29425
Error,17372
Error,47058
Error,43401
Error,41979
Error,55093
Error,21450
Error,26700
Error,47819
Error,17343
Error,48490
Error,42389
Error,42620
Error,42279
Error,19907
Error,26159
Error,58940
Error,34324
Error,49973
Error,47098
Error,42740
Error,42349
Error,20970
Error,26199
Error,44964
Error,16220
Error,48802
Error,42359
Error,41828
Error,52148
Error,20468
Error,26189
Error,46146
Error,22001
Error,48330
Error,44152
Error,43231
Error,43030
Error,19977
Error,25929
Error,46807
Error,21871
Error,53540
Error,46527
Error,45655
Error,44764
Error,22071
Error,27411
Error,46988
Error,16511
Error,50404
Error,44753
Error,54081
Error,43211
Error,20920
Error,25868
Error,49613
Error,22121
Error,47689
Error,44574
Error,42510
Error,42018
Error,19576
Error,25929
Error,46236
Error,22191
Error,49382
Error,49362
Error,46217
Error,45044
Error,22352
Error,28213
Error,46146
Error,16531
Error,49563
Error,44894
Error,42078
Error,43271
Error,20959
Error,27832
Error,46818
Error,15509
Error,50154
Error,44173
Error,43661
Error,42669
Error,22051
Error,26119
Error,45746
Error,20328
Error,48571
Error,49653
Error,45786
Error,45806
Error,22712
Error,27842
Error,47138
Error,17563
Error,50604
Error,45004
Error,45755
Error,52779
Error,20889
Error,26319
Error,44713
Error,16581
Error,49092
Error,52488
Error,43071
Error,52668
Error,21290
Error,25959
Error,67256
Error,40055
Error,45926
Error,42349
Error,53219
Error,49983
Error,24877
Error,29806
Error,20468
Error,20859
Error,52478
Error,59231
Error,44553
Error,49633
Error,22072
Error,28313
Error,54902
Error,22162
Error,49151
Error,43952
Error,43101
Error,42229
Error,84868
FindNodeRsp,16421
Error,26520
Error,55945
Error,23504
Error,49413
Error,47949
Error,46617
Error,45906
Error,22442
FindNodeReq,80952
Error,28003
Error,55775
Error,24356
Error,51606
Error,44322
Error,54011
Error,43000
Error,19657
Error,27151
Error,56275
Error,24115
Error,50605
Error,44964
Error,44363
Error,43691
Error,20539
Error,26409
Error,54842
Error,23013
Error,48160
Error,44153
Error,48400
Error,46276
Error,21630
Error,28053
Error,60273
Error,29184
Error,49312
Error,44744
Error,52618
Error,43351
Error,19777
Error,27401
Error,55774
Error,23364
Error,49703
Error,44764
Error,43171
Error,43661
Error,21360
Error,25648
Error,61565
Error,29094
Error,47529
Error,43010
Error,48621
Error,45245
Error,22482
Error,28463
Error,75310
Error,44794
Error,49673
Error,44864
Error,44664
Error,54853
Error,20639
Error,27000
Error,56866
Error,23945
Error,49943
Error,44243
Error,42670
Error,52779
Error,21490
Error,26559
Error,56175
Error,24266
Error,47709
Error,42860
Error,47378
Error,45595
Error,22312
Error,28333
Error,54592
Error,22132
Error,50695
Error,44282
Error,43652
Error,52368
Error,21921
Error,32731
Error,62707
Error,27151
Error,54522
Error,49333
Error,47579
Error,57658
Error,22121
Error,29896
Error,66124
Error,27592
Error,53530
Error,47018
Error,53840
Error,50795
Error,21239
Error,27682
Error,54261
Error,23113
Error,48311
Error,44523
Error,43812
Error,43301
Error,20739
Error,25658
Error,62837
Error,30598
Error,48401
Error,43441
Error,42400
Error,41648
Error,20528
Error,27140
Error,57428
Error,24776
Error,47930
Error,44313
Error,41819
Error,46467
Error,21711
Error,27221
Error,56356
Error,23985
Error,51025
Error,43451
Error,41448
Error,43462
Error,19557
Error,25297
Error,54442
Error,23273
Error,48651
Error,44363
Error,42961
Error,43200
Error,21329
Error,24926
Error,52949
Error,21831
Error,48270
Error,42309
Error,40926
Error,41247
Error,23905
Error,27581
Error,56265
Error,23394
Error,51296
Error,77415
Error,70752
Error,65964
Error,25338
Error,28524
Error,75110
Error,58019
Error,62547
Error,61124
Error,58910
Error,58600
Error,25347
Error,26569
Error,57909
Error,39003
Error,57678
Error,59391
Error,64441
Error,60603
Error,25628
Error,27562
Error,73057
Error,56676
Error,59301
Error,63479
Error,64351
Error,74590
Error,26309
Error,25187
Error,20288
Error,17122
Error,55944
Error,55283
Error,56416
Error,58990
Error,25708
Error,26049
Error,56225
Error,37420
Error,58079
Error,61495
Error,60232
Error,70502
Error,25587
Error,29996
Error,52949
Error,28884
Error,59081
Error,56986
Error,61004
Error,59421
Error,25027
Error,28263
Error,58619
Error,39413
Error,58950
Error,60994
Error,66865
Error,57247
Error,23303
Error,26479
Error,81222
Error,25047
Error,61235
Error,58780
Error,64320
Error,58450
Error,24556
Error,27251
Error,48611
Error,24596
Error,58499
Error,59391
Error,65012
Error,57798
Error,24677
Error,26519
Error,59852
Error,41227
Error,57878
Error,56085
Error,62186
Error,56576
Error,25738
Error,28072
Error,67096
Error,41878
Error,59461
Error,76002
Error,61315
Error,58340
Error,23324
Error,27231
Error,58760
Error,38552
Error,59912
Error,59582
Error,63709
Error,66905
Error,27852
Error,27641
Error,55263
Error,36579
Error,57528
Error,56516
Error,77194
Error,59281
Error,25969
Error,27611
Error,75251
Error,55995
Error,59842
Error,66244
Error,57858
Error,56776
Error,23995
Error,28915
Error,59762
Error,38733
Error,58138
Error,65312
Error,56336
Error,58019
Error,23284
Error,27060
Error,74640
Error,53801
Error,65383
Error,62857
Error,66484
Error,66515
Error,28453
Error,33312
Error,86181
Error,62557
Error,66204
Error,64931
Error,64059
Error,67376
Error,26550
Error,26730
Error,60924
Error,39303
Error,57658
Error,57547
Error,74218
Error,55274
Error,23313
Error,26199
Error,62998
Error,39864
Error,68589
Error,57537
Error,65262
Error,59201
Error,24566
Error,27331
Error,59802
Error,37831
Error,57668
Error,67265
Error,63058
Error,57297
Error,23464
Error,26871
Error,60163
Error,38391
Error,57417
Error,55544
Error,74019
Error,64100
Error,33102
Error,26189
Error,58990
Error,38682
Error,56987
Error,55904
Error,65082
Error,57006
Error,22912
Error,26219
Error,67957
Error,39504
Error,59461
Error,57517
Error,63379
Error,57047
Error,22873
Error,26440
Error,52268
Error,42369
Error,58149
Error,57388
Error,57568
Error,62076
Error,26460
Error,27912
Error,72596
Error,53771
Error,59962
Error,61826
Error,61455
Error,60654
Error,25658
Error,26219
Error,42369
Error,22081
Error,56125
Error,54602
Error,63890
Error,55845
Error,22973
Error,24896
Error,20749
Error,16040
Error,54892
Error,72034
Error,60323
Error,57298
Error,26169
Error,27080
Error,54021
Error,30427
Error,57708
Error,66454
Error,63369
Error,65602
Error,23494
Error,26660
Error,58109
Error,37861
Error,56506
Error,60152
Error,67687
Error,65272
Error,23654
Error,26640
Error,68027
Error,44984
Error,60914
Error,59692
Error,64150
Error,57799
Error,27061
Error,26279
Error,52468
Error,28553
Error,57869
Error,56586
Error,66614
Error,24075
Error,61324
Error,25237
Error,59481
Error,38101
Error,58209
Error,59411
Error,65763
Error,57377
Error,23173
Error,26309
Error,76112
Error,57408
Error,57958
Error,56235
Error,65573
Error,59260
Error,24296
Error,26049
Error,59461
Error,38392
Error,57497
Error,59291
Error,62577
Error,64961
Error,25017
Error,26079
Error,62406
Error,39944
Error,57588
Error,57107
Error,66915
Error,64921
Error,25147
Error,27903
Error,49683
Error,28133
Error,60593
Error,58018
Error,66063
Error,65963
Error,24015
Error,26780
Error,47749
Error,25337
Error,57387
Error,61405
Error,67957
Error,65893
Error,24806
Error,26860
Error,54983
Error,36027
Error,58269
Error,57297
Error,75832
Error,61765
Error,25808
Error,28022
Error,53470
Error,35175
Error,68067
Error,62898
Error,68118
Error,77114
Error,26870
Error,29025
Error,83987
Error,60503
Error,66474
Error,65242
Error,65703
Error,64761
Error,24045
Error,26490
Error,53550
Error,34054
Error,56996
Error,63479
Error,59361
Error,67176
Error,25578
Error,28814
Error,69319
Error,50074
Error,57508
Error,56485
Error,63740
Error,57487
Error,25778
Error,26870
Error,55023
Error,47008
Error,57818
Error,57598
Error,59461
Error,57578
Error,22872
Error,26490
Error,65242
Error,35346
Error,66274
Error,60673
Error,72055
Error,58249
Error,24957
Error,29295
Error,66594
Error,39223
Error,57979
Error,58509
Error,67686
Error,59481
Error,24586
Error,27411
Error,58289
Error,36989
Error,68118
Error,58870
Error,60143
Error,57197
Error,23183
Error,25768
Error,74248
Error,50364
Error,65252
Error,59451
Error,58900
Error,61264
Error,23885
Error,26580
Error,66294
Error,35586
Error,68117
Error,58289
Error,61966
Error,58590
Error,23554
Error,25829
Error,59632
Error,37039
Error,66474
Error,59421
Error,57818
Error,56415
Error,22763
Error,25868
Error,72456
Error,48130
Error,62176
Error,58850
Error,58499
Error,58750
Error,25107
Error,27502
Error,60854
Error,38913
Error,67085
Error,57287
Error,58630
Error,60373
Error,33392
Error,25768
Error,34715
Error,12944
Error,47459
Error,44964
Error,47689
Error,54802
Error,21841
Error,23975
Error,28834
Error,16451
Error,57147
Error,44763
Error,51877
Error,44133
Error,20308
Error,24496
Error,28513
Error,16541
Error,44994
Error,44323
Error,42169
Error,42029
Error,20949
Error,23223
Error,30097
Error,14887
Error,44793
Error,52238
Error,44382
Error,42680
Error,20108
Error,23635
Error,31469
Error,15760
Error,46327
Error,42419
Error,46136
Error,46166
Error,22282
Error,29485
Error,87414
Error,71103
Error,61605
Error,58029
Error,65211
Error,57056
Error,23304
Error,28563
Error,64210
Error,35085
Error,58951
Error,58910
Error,59802
Error,60103
Error,24666
Error,25788
Error,60593
Error,36979
Error,58089
Error,57377
Error,64210
Error,60493
Error,25107
Error,27953
Error,75221
Error,54211
Error,60813
Error,58269
Error,73417
Error,58258
Error,23995
Error,28954
Error,59932
Error,40505
Error,58629
Error,56355
Error,56606
Error,59852
Error,24616
Error,26309
Error,61645
Error,40756
Error,65883
Error,57357
Error,64370
Error,59020
Error,24927
Error,28062
Error,71453
Error,55634
Error,60894
Error,58389
Error,73988
Error,57408
Error,23273
Error,28453
Error,73958
Error,53219
Error,68548
Error,58119
Error,61084
Error,59781
Error,24786
Error,26009
Error,61425
Error,39945
Error,65873
Error,57508
Error,63689
Error,59211
Error,24917
Error,27681
Error,84418
Error,63468
Error,61976
Error,58129
Error,63769
Error,57136
Error,23183
Error,28844
Error,60142
Error,38422
Error,59391
Error,57538
Error,58509
Error,57127
Error,24516
Error,26098
Error,60843
Error,37931
Error,56676
Error,56416
Error,63078
Error,59141
Error,25258
Error,27491
Error,73217
Error,54452
Error,60383
Error,57407
Error,70913
Error,57448
Error,23323
Error,27081
Error,57778
Error,36038
Error,67827
Error,65873
Error,58369
Error,62737
Error,24376
Error,26540
Error,58740
Error,37240
Error,56666
Error,60744
Error,60903
Error,60173
Error,24286
Error,28062
Error,66254
Error,39083
Error,68508
Error,59020
Error,65443
Error,60283
Error,24416
Error,27582
Error,58580
Error,35587
Error,59642
Error,57337
Error,55444
Error,56396
Error,23173
Error,29384
Error,55443
Error,35506
Error,59922
Error,58640
Error,60964
Error,57347
Error,24386
Error,27411
Error,58760
Error,36949
Error,60994
Error,57478
Error,56135
Error,66405
Error,24085
Error,26931
Error,59672
Error,38893
Error,56456
Error,65132
Error,56996
Error,70963
Error,25538
Error,27632
Error,59801
Error,36288
Error,60774
Error,59461
Error,57187
Error,64842
Error,23675
Error,28804
Error,63999
Error,35005
Error,58409
Error,57999
Error,57167
Error,61215
Error,24315
Error,26269
Error,63689
Error,40756
Error,59000
Error,62327
Error,58450
Error,58109
Error,22853
Error,27772
Error,54471
Error,33112
Error,58379
Error,60924
Error,64611
Error,57268
Error,24396
Error,26379
Error,68558
Error,41036
Error,57318
Error,60393
Error,64891
Error,63299
Error,23383
Error,29074
Error,56475
Error,33893
Error,59110
Error,61034
Error,78166
Error,58389
Error,25207
Error,26860
Error,58830
Error,36789
Error,59792
Error,56696
Error,65934
Error,57758
Error,23895
Error,26410
Error,63960
Error,41968
Error,66744
Error,56836
Error,58409
Error,60202
Error,24967
Error,27862
Error,56586
Error,35757
Error,61375
Error,57157
Error,56916
Error,57577
Error,23695
Error,26259
Error,59311
Error,35185
Error,57347
Error,57578
Error,57818
Error,57037
Error,22672
Error,25779
Error,72907
Error,54442
Error,59281
Error,61334
Error,58429
Error,59111
Error,24606
Error,27271
Error,57467
Error,38322
Error,57397
Error,58009
Error,57798
Error,56786
Error,24005
Error,26670
Error,60453
Error,37430
Error,61895
Error,58279
Error,57307
Error,56175
Error,23254
Error,27932
Error,65543
Error,35666
Error,69410
Error,58369
Error,74129
Error,57558
Error,27091
Error,26430
Error,68028
Error,40826
Error,60302
Error,67045
Error,58319
Error,61625
Error,29024
Error,26830
Error,59331
Error,38251
Error,57898
Error,56636
Error,64481
Error,59902
Error,25017
Error,27702
Error,67236
Error,35486
Error,61315
Error,58380
Error,59431
Error,58881
Error,24596
Error,26119
Error,60443
Error,37339
Error,57648
Error,66143
Error,62878
Error,58078
Error,23023
Error,26339
Error,61395
Error,51276
Error,70231
Error,59631
Error,58640
Error,65142
Error,22723
Error,25838
Error,69440
Error,39463
Error,66624
Error,57227
Error,60313
Error,56796
Error,23304
Error,25538
Error,64821
Error,35216
Error,59040
Error,55614
Error,58419
Error,55594
Error,22893
Error,28363
Error,65823
Error,35096
Error,60152
Error,59251
Error,69209
Error,59120
Error,27702
Error,31930
Error,109104
Error,180898
Error,61274
Error,58520
Error,57838
Error,57968
Error,23565
Error,30377
Error,61055
Error,39283
Error,56996
Error,56426
Error,62577
Error,61404
Error,24786
Error,27291
Error,61525
Error,40175
Error,59481
Error,58800
Error,70332
Error,57849
Error,24966
Error,29084
Error,66815
Error,39554
Error,59812
Error,59541
Error,67496
Error,61375
Error,24486
Error,26178
Error,59411
Error,38623
Error,57888
Error,61866
Error,57227
Error,57437
Error,25277
Error,30657
Error,58109
Error,36428
Error,58589
Error,57388
Error,56827
Error,56816
Error,27181
Error,26029
Error,60704
Error,37581
Error,57487
Error,56405
Error,127628
Error,59160
Error,23323
Error,26059
Error,59982
Error,37590
Error,62947
Error,58911
Error,58509
Error,58790
Error,24586
Error,27160
Error,60633
Error,37420
Error,58309
Error,56997
Error,57498
Error,60013
Error,24326
Error,27101
Error,47208
Error,24455
Error,59291
Error,57187
Error,58830
Error,55634
Error,22943
Error,25789
Error,66294
Error,52278
Error,60473
Error,59110
Error,56025
Error,56135
Error,25688
Error,26900
Error,61886
Error,41748
Error,61515
Error,60343
Error,69029
Error,53751
Error,22712
Error,27812
Error,60553
Error,40185
Error,54332
Error,61886
Error,63278
Error,59602
Error,22021
Error,37300
Error,18394
Error,15299
Error,44102
Error,43762
Error,43171
Error,43211
Error,20379
Error,23504
Error,21761
Error,15859
Error,44543
Error,43011
Error,41387
Error,46667
Error,20117
Error,23514
Error,26490
Error,15619
Error,45115
Error,42880
Error,43040
Error,52709
Error,20558
Error,23113
Error,22902
Error,15369
Error,57307
Error,46858
Error,45285
Error,54251
Error,21550
Error,24025
Error,22032
Error,16861
Error,45506
Error,44674
Error,42790
Error,44032
Error,21160
Error,24525
Error,22221
Error,16881
Error,46287
Error,53800
Error,44714
Error,50684
Error,20799
Error,23024
Error,23494
Error,15529
Error,45405
Error,56395
Error,46226
Error,44954
Error,22762
Error,24445
Error,23885
Error,17262
Error,47128
Error,53290
Error,43973
Error,50876
Error,21991
Error,25568
Error,21690
Error,16731
Error,45735
Error,43842
Error,55173
Error,43511
Error,21471
Error,22743
Error,23785
Error,15660
Error,44182
Error,50565
Error,48250
Error,46106
Error,21841
Error,25398
Error,43321
Error,24907
Error,47649
Error,43180
Error,42189
Error,46387
Error,21851
Error,27592
Error,38382
Error,16922
Error,51907
Error,48331
Error,48110
Error,47939
Error,23474
Error,25167
Error,38121
Error,14436
Error,50505
Error,43391
Error,41307
Error,47468
Error,21781
Error,24436
Error,27762
Error,15529
Error,47068
Error,50725
Error,43020
Error,44062
Error,20709
Error,24205
Error,28794
Error,16271
Error,44413
Error,42499
Error,49192
Error,42540
Error,19466
Error,23925
Error,28543
Error,14847
Error,45706
Error,42269
Error,42299
Error,42579
Error,19477
Error,25087
Error,24195
Error,17202
Error,45836
Error,53320
Error,43702
Error,42379
Error,21129
Error,24927
Error,25708
Error,16711
Error,46527
Error,42971
Error,42700
Error,43281
Error,21029
Error,23775
Error,25598
Error,16561
Error,45615
Error,44504
Error,43100
Error,41667
Error,18916
Error,22572
Error,26099
Error,15569
Error,45104
Error,50625
Error,42820
Error,50224
Error,20609
Error,22532
Error,25388
Error,15569
Error,43722
Error,41488
Error,42139
Error,40977
Error,20028
Error,22582
Error,23885
Error,15439
Error,44533
Error,42289
Error,41387
Error,60623
Error,19978
Error,22452
Error,25547
Error,14437
Error,43030
Error,47629
Error,45325
Error,43872
Error,21461
Error,23865
Error,25097
Error,16320
Error,45255
Error,43502
Error,51917
Error,44202
Error,20188
Error,23785
Error,25607
Error,16501
Error,44253
Error,43131
Error,42599
Error,51927
Error,20839
Error,23885
Error,24125
Error,15209
Error,43681
Error,41718
Error,41838
Error,44764
Error,19656
Error,23003
Error,38903
Error,18454
Error,43120
Error,42008
Error,40726
Error,40947
Error,18975
Error,22422
Error,23324
Error,14648
Error,44162
Error,41627
Error,50304
Error,43090
Error,19476
Error,23193
Error,23143
Error,15008
Error,44003
Error,41808
Error,50754
Error,41537
Error,23213
Error,24906
Error,25437
Error,16951
Error,45305
Error,42840
Error,43060
Error,43231
Error,20909
Error,24015
Error,28052
Error,17082
Error,45264
Error,42830
Error,42600
Error,54622
Error,20759
Error,23904
Error,24927
Error,15880
Error,44313
Error,41999
Error,42049
Error,43742
Error,19547
Error,21800
Error,28523
Error,19837
Error,45184
Error,44844
Error,42800
Error,43421
Error,21430
Error,24095
Error,22692
Error,17292
Error,44743
Error,42680
Error,42349
Error,52739
Error,21049
Error,24155
Error,24867
Error,15860
Error,44734
Error,43221
Error,42930
Error,42029
Error,20708
Error,21921
Error,32861
Error,10480
Error,44854
Error,41137
Error,47148
Error,45576
Error,21170
Error,24276
Error,38592
Error,23153
Error,54192
Error,43962
Error,41438
Error,43872
Error,19347
Error,24045
Error,25228
Error,15990
Error,43962
Error,43452
Error,51687
Error,43892
Error,20758
Error,24796
Error,22772
Error,16030
Error,44293
Error,41588
Error,42098
Error,42770
Error,21800
Error,24185
Error,24957
Error,17223
Error,46637
Error,43702
Error,42880
Error,42259
Error,20609
Error,24065
Error,22823
Error,17452
Error,45405
Error,51236
Error,43141
Error,47599
Error,21159
Error,23304
Error,25017
Error,16601
Error,52639
Error,44343
Error,41277
Error,41136
Error,18986
Error,22743
Error,24876
Error,14557
Error,48270
Error,44373
Error,44032
Error,52057
Error,20579
Error,24105
Error,23574
Error,15960
Error,43912
Error,51947
Error,43251
Error,42499
Error,20718
Error,23985
Error,25087
Error,16311
Error,43311
Error,52157
Error,42760
Error,42410
Error,20228
Error,22212
Error,25528
Error,14978
Error,42360
Error,42579
Error,46678
Error,44433
Error,21030
Error,24717
Error,38993
Error,24516
Error,45515
Error,43220
Error,41918
Error,40666
Error,18675
Error,23323
Error,24996
Error,16801
Error,44323
Error,43291
Error,42429
Error,51766
Error,20538
Error,23955
Error,24767
Error,16080
Error,44463
Error,41167
Error,41016
Error,45435
Error,19186
Error,25438
Error,25187
Error,16861
Error,45655
Error,44904
Error,52418
Error,43101
Error,20438
Error,23855
Error,24666
Error,17532
Error,44814
Error,41577
Error,42198
Error,44724
Error,21149
Error,23725
Error,24856
Error,16211
Error,43882
Error,42530
Error,41257
Error,45184
Error,19045
Error,22532
Error,34935
Error,10660
Error,51727
Error,42931
Error,49072
Error,41588
Error,18905
Error,22222
Error,24505
Error,14848
Error,51416
Error,42770
Error,40907
Error,49693
Error,19035
Error,21781
Error,23764
Error,14377
Error,42620
Error,41618
Error,41147
Error,55523
Error,19747
Error,22402
Error,22963
Error,14738
Error,44262
Error,50414
Error,43321
Error,47969
Error,21531
Error,23814
Error,33823
Error,17082
Error,55213
Error,50935
Error,43381
Error,50444
Error,18865
Error,23003
Error,22652
Error,15810
Error,53721
Error,44123
Error,42269
Error,41958
Error,20307
Error,23755
Error,54602
Error,32381
Error,44443
Error,41989
Error,40505
Error,40235
Error,18625
Error,25387
Error,14176
Error,17333
Error,46036
Error,44152
Error,42590
Error,42550
Error,20328
Error,23845
Error,23944
Error,16360
Error,44103
Error,43241
Error,52258
Error,42800
Error,20468
Error,24115
Error,24195
Error,17412
Error,45204
Error,42620
Error,42289
Error,41388
Error,19046
Error,22272
Error,23433
Error,14777
Error,51727
Error,47819
Error,45024
Error,43992
Error,20438
Error,23855
Error,24896
Error,16290
Error,44624
Error,42960
Error,43351
Error,52148
Error,20869
Error,23264
Error,22883
Error,16140
Error,43421
Error,52208
Error,41798
Error,41037
Error,20969
Error,23123
Error,24636
Error,14778
Error,43231
Error,50575
Error,42099
Error,47298
Error,20859
Error,24085
Error,37350
Error,22883
Error,45695
Error,42500
Error,42880
Error,41909
Error,18594
Error,22041
Error,24606
Error,15739
Error,44734
Error,42890
Error,42039
Error,42159
Error,20037
Error,23344
Error,34755
Error,11702
Error,44864
Error,42739
Error,41758
Error,48871
Error,20408
Error,25758
Error,22632
Error,16651
Error,45395
Error,60914
Error,52579
Error,42289
Error,21039
Error,23434
Error,30146
Error,15519
Error,44784
Error,43081
Error,51216
Error,42329
Error,20178
Error,22191
Error,24516
Error,14677
Error,44894
Error,42078
Error,52188
Error,42119
Error,22742
Error,24135
Error,23855
Error,17002
Error,45365
Error,43351
Error,46327
Error,42589
Error,22221
Error,24826
Error,14296
Error,16872
Error,44984
Error,43622
Error,44463
Error,59671
Error,23323
Error,26289
Error,19096
Error,16841
Error,46817
Error,44524
Error,44112
Error,42329
Error,24596
Error,27321
Error,34124
Error,16100
Error,48561
Error,45545
Error,53691
Error,43782
Error,22963
Error,24456
Error,27933
Error,16080
Error,46517
Error,54261
Error,45536
Error,51727
Error,22642
Error,26290
Error,27571
Error,17002
Error,45094
Error,42790
Error,48901
Error,46197
Error,23935
Error,26590
Error,45445
Error,29625
Error,48681
Error,45495
Error,43912
Error,44684
Error,22502
Error,24966
Error,32822
Error,12022
Error,54202
Error,45856
Error,47990
Error,50054
Error,21360
Error,24836
Error,24466
Error,17052
Error,54942
Error,45264
Error,42620
Error,43993
Error,20428
Error,25037
Error,35276
Error,13715
Error,45675
Error,43541
Error,52358
Error,44212
Error,21339
Error,24145
Error,24776
Error,16461
Error,46968
Error,44744
Error,47699
Error,43031
Error,21019
Error,31088
Error,18274
Error,16902
Error,46657
Error,43221
Error,45205
Error,43041
Error,21179
Error,24385
Error,24706
Error,16741
Error,53961
Error,44032
Error,42480
Error,50064
Error,21910
Error,24676
Error,28063
Error,15899
Error,45655
Error,42569
Error,52909
Error,51997
Error,21741
Error,24966
Error,25818
Error,16191
Error,46617
Error,44644
Error,49012
Error,44984
Error,22381
Error,26019
Error,36949
Error,14628
Error,47609
Error,44924
Error,47830
Error,43171
Error,20648
Error,24716
Error,24777
Error,16521
Error,45295
Error,42750
Error,49463
Error,45705
Error,23053
Error,27321
Error,43832
Error,26490
Error,47649
Error,54321
Error,51687
Error,44654
Error,22562
Error,26029
Error,25358
Error,17693
Error,45865
Error,44603
Error,50173
Error,43741
Error,22602
Error,24476
Error,25277
Error,16000
Error,45045
Error,48601
Error,50825
Error,57377
Error,23153
Error,25638
Error,28182
Error,20369
Error,46247
Error,44042
Error,44924
Error,43031
Error,22151
Error,25217
Error,24335
Error,17503
Error,47258
Error,44623
Error,48611
Error,51076
Error,21250
Error,23985
Error,36608
Error,16691
Error,45074
Error,42289
Error,45465
Error,42029
Error,19657
Error,23695
Error,25278
Error,15749
Error,43402
Error,42480
Error,50905
Error,42530
Error,19977
Error,23354
Error,25618
Error,15679
Error,43691
Error,42860
Error,52689
Error,51496
Error,28823
Error,24075
Error,24336
Error,16370
Error,44824
Error,42820
Error,47188
Error,42469
Error,19346
Error,23714
Error,23544
Error,15729
Error,44583
Error,42290
Error,45485
Error,42750
Error,20027
Error,24396
Error,24366
Error,15639
Error,45344
Error,51056
Error,45465
Error,48321
Error,23053
Error,25337
Error,24455
Error,17924
Error,45485
Error,43982
Error,44523
Error,43612
Error,22011
Error,24706
Error,25417
Error,17342
Error,45495
Error,43100
Error,48190
Error,43321
Error,21270
Error,24375
Error,25307
Error,15649
Error,45074
Error,53120
Error,43361
Error,42289
Error,24456
Error,23154
Error,25678
Error,15970
Error,43982
Error,42570
Error,63649
Error,42669
Error,19757
Error,23353
Error,23825
Error,16000
Error,44863
Error,42810
Error,52237
Error,42089
Error,20057
Error,23594
Error,23664
Error,15930
Error,54672
Error,43852
Error,47259
Error,43121
Error,19857
Error,23093
Error,17783
Error,15629
Error,51777
Error,75441
Error,46918
Error,43251
Error,21661
Error,27732
Error,24696
Error,18715
Error,49202
Error,47629
Error,59131
Error,42480
Error,21049
Error,27040
Error,17402
Error,17933
Error,47479
Error,44172
Error,46046
Error,43231
Error,22201
Error,25117
Error,16029
Error,16631
Error,44975
Error,43191
Error,44463
Error,42469
Error,21550
Error,24957
Error,19025
Error,16601
Error,50855
Error,41999
Error,53269
Error,47869
Error,23373
Error,25457
Error,19357
Error,18274
Error,45665
Error,42991
Error,46457
Error,42269
Error,21731
Error,24425
Error,16781
Error,19436
Error,44573
Error,43261
Error,48461
Error,46416
Error,23664
Error,24366
Error,17462
Error,15639
Error,44734
Error,43812
Error,48271
Error,46978
Error,23624
Error,26430
Error,17382
Error,18836
Error,48220
Error,44142
Error,47749
Error,51676
Error,22793
Error,26339
Error,19206
Error,17162
Error,47789
Error,45324
Error,51256
Error,43932
Error,21010
Error,23715
Error,17252
Error,16591
Error,49443
Error,45736
Error,45455
Error,45916
Error,22452
Error,25337
Error,18604
Error,16391
Error,46507
Error,44974
Error,50244
Error,45105
Error,22082
Error,25328
Error,14107
Error,18475
Error,46667
Error,43963
Error,63879
Error,45174
Error,21820
Error,24837
Error,17983
Error,15328
Error,55143
Error,44674
Error,46156
Error,51206
Error,21200
Error,25007
Error,16732
Error,15549
Error,46436
Error,43942
Error,47439
Error,42900
Error,20608
Error,24225
Error,17873
Error,15198
Error,45795
Error,44062
Error,49372
Error,49463
Error,23695
Error,25638
Error,19827
Error,17453
Error,47529
Error,45846
Error,44183
Error,54131
Error,22842
Error,25778
Error,19096
Error,17202
Error,45736
Error,44183
Error,63840
Error,48321
Error,23404
Error,26420
Error,18344
Error,15900
Error,45374
Error,47168
Error,45576
Error,45645
Error,22693
Error,26369
Error,18906
Error,16671
Error,54742
Error,45264
Error,49873
Error,51586
Error,22612
Error,26349
Error,19407
Error,16632
Error,54392
Error,45475
Error,47930
Error,43481
Error,21140
Error,24014
Error,18565
Error,15990
Error,45054
Error,44493
Error,48751
Error,42740
Error,21641
Error,23845
Error,16050
Error,15409
Error,45796
Error,43682
Error,60543
Error,44854
Error,20809
Error,24576
Error,18274
Error,16431
Error,45495
Error,42700
Error,58660
Error,44593
Error,24335
Error,26470
Error,21290
Error,17553
Error,48130
Error,45325
Error,49853
Error,52308
Error,21911
Error,26260
Error,12804
Error,17963
Error,46877
Error,45485
Error,58239
Error,45836
Error,22613
Error,25818
Error,18114
Error,15198
Error,45695
Error,44383
Error,48771
Error,46487
Error,23103
Error,26770
Error,18835
Error,19496
Error,46337
Error,44513
Error,44934
Error,44173
Error,21209
Error,25778
Error,19597
Error,16481
Error,47649
Error,45495
Error,50545
Error,44122
Error,20228
Error,24265
Error,18084
Error,23764
Error,50475
Error,36898
Error,35126
Error,35677
Error,19487
Error,21440
Error,14838
Error,12834
Error,36328
Error,29595
Error,29234
Error,29495
Error,14877
Error,16781
Error,13575
Error,11682
Error,31479
Error,30938
Error,29455
Error,28554
Error,14477
Error,16862
Error,13325
Error,11862
Error,34034
Error,30637
Error,28954
Error,34975
Error,14758
Error,16741
Error,12464
Error,11312
FindNodeReq,26900
Error,28974
Error,35125
Error,36829
Error,30296
Error,15049
Error,16541
Error,12503
Error,11061
Error,30367
Error,32100
Error,29064
Error,28784
Error,14677
Error,16671
Error,12634
Error,11171
Error,33422
Error,29115
Error,28303
Error,28212
Error,14046
Error,16862
Error,12393
Error,11211
Error,30618
Error,29264
Error,28784
Error,28403
Error,14307
Error,16430
Error,16421
Error,27712
Error,63458
Error,49522
Error,50264
Error,42550
Error,20899
Error,27060
Error,64781
Error,22682
Error,49673
Error,43802
Error,42289
Error,43392
Error,20328
Error,26970
Error,50905
Error,22211
Error,48441
Error,54532
Error,43912
Error,42991
Error,19697
Error,26630
Error,51897
Error,21059
Error,49022
Error,43582
Error,42780
Error,41758
Error,23084
Error,28975
Error,50594
Error,20979
Error,51747
Error,44363
Error,44253
Error,43492
Error,22382
Error,27662
Error,50584
Error,21530
Error,49162
Error,43582
Error,41928
Error,42289
Error,20979
Error,27872
Error,51406
Error,20408
Error,56926
Error,44584
Error,42029
Error,50033
Error,22953
Error,27682
Error,50745
Error,19266
Error,58189
Error,45184
Error,52198
Error,44092
Error,21530
Error,27041
Error,49092
Error,21270
Error,49142
Error,53130
Error,44924
Error,44473
Error,21891
Error,26339
Error,49443
Error,21109
Error,49112
Error,49502
Error,45966
Error,44083
Error,21730
Error,27933
Error,51566
Error,19377
Error,49492
Error,44693
Error,53260
Error,43802
Error,20588
Error,26350
Error,49703
Error,21641
Error,48160
Error,43060
Error,42700
Error,41417
Error,20568
Error,25968
Error,60513
Error,24657
Error,50554
Error,44033
Error,52158
Error,43842
Error,21080
Error,27141
Error,49182
Error,19987
Error,49884
Error,52568
Error,43962
Error,43010
Error,20318
Error,26199
Error,55333
Error,25939
Error,47950
Error,42559
Error,42460
Error,79188
Error,28293
Error,30367
Error,50775
Error,34144
Error,46067
Error,46176
Error,44984
Error,45264
Error,21630
Error,25768
Error,32040
Error,18124
Error,45946
Error,45204
Error,48050
Error,42559
Error,20388
Error,24035
Error,31018
Error,19186
Error,45315
Error,43722
Error,48531
FindNodeRsp,21851
Error,44594
Error,21580
Error,24346
Error,45375
Error,23083
Error,45986
Error,42500
Error,41788
Error,41407
FindNodeReq,54342
Error,21770
Error,24506
Error,30647
Error,14727
Error,45886
Error,43090
Error,42379
Error,42109
Error,20979
Error,24065
Error,28172
Error,17122
Error,52238
Error,48090
Error,45075
Error,44253
Error,22412
Error,25428
Error,19326
Error,17733
Error,54692
Error,45445
Error,50845
Error,44544
Error,20739
Error,23444
Error,28533
Error,14427
Error,45966
Error,43010
Error,41809
Error,41738
Error,20429
Error,24045
Error,36559
Error,16691
Error,45044
Error,42720
Error,48271
Error,42209
Error,20228
Error,23894
Error,41036
Error,20428
Error,46216
Error,43371
Error,51135
Error,50414
Error,20558
Error,23824
Error,29756
Error,16771
Error,46006
Error,42770
Error,44353
Error,51306
Error,22141
Error,25378
Error,30677
Error,16661
Error,46116
Error,44373
Error,43421
Error,43752
Error,20258
Error,23744
Error,41488
Error,21130
Error,45816
Error,43291
Error,52518
Error,42780
Error,20038
Error,23734
Error,29856
Error,15589
Error,43712
Error,42629
Error,59762
Error,46608
Error,20919
Error,23564
Error,30868
Error,15429
Error,47159
Error,45064
Error,43992
Error,48571
Error,20789
Error,23704
Error,29625
Error,16019
Error,44753
Error,42840
Error,41808
Error,43491
Error,22603
Error,23474
Error,43331
Error,22482
Error,45676
Error,47239
Error,52838
Error,44123
Error,21491
Error,23564
Error,33062
Error,9928
Error,44222
Error,51567
Error,43472
Error,42900
Error,21350
Error,23634
Error,28463
Error,16591
Error,43632
Error,41517
Error,41618
Error,42059
Error,20408
Error,23944
Error,42129
Error,20258
Error,47879
Error,43541
Error,47539
Error,60253
Error,20979
Error,23334
Error,29185
Error,16350
Error,43771
Error,42950
Error,66284
Error,47179
Error,16521
Error,17273
Error,13395
Error,11862
Error,31529
Error,30216
Error,47058
Error,30116
Error,14877
Error,18975
Error,14246
Error,12774
Error,32090
Error,31699
Error,42690
Error,28553
Error,14607
Error,17483
Error,12985
Error,10820
Error,35717
Error,29926
Error,124653
Error,33071
Error,15639
Error,17463
Error,13125
Error,11371
Error,31238
Error,30377
Error,29655
Error,35938
Error,20999
Error,16881
Error,13235
Error,11011
Error,30567
Error,35496
Error,41828
Error,29755
Error,14698
Error,16421
Error,12714
Error,11231
Error,31509
Error,29646
Error,42098
Error,28703
Error,14607
Error,17303
Error,12653
Error,11302
Error,30557
Error,35046
Error,46697
Error,29275
Error,15218
Error,16500
Error,12904
Error,11051
Error,31289
Error,30076
Error,41908
Error,29675
Error,15589
Error,17443
Error,13224
Error,11181
Error,31339
Error,30297
Error,41848
Error,35205
Error,15389
Error,19346
Error,14056
Error,12443
Error,32190
Error,29525
Error,48882
Error,34014
Error,17162
Error,19036
Error,14157
Error,12674
Error,31900
Error,30487
Error,42530
Error,30768
Error,16470
Error,18414
Error,18885
Error,18424
Error,50013
Error,49122
Error,54061
Error,42590
Error,22291
Error,22723
Error,17863
Error,15949
Error,44333
Error,51135
Error,48200
Error,44713
Error,23283
Error,25658
Error,25778
Error,17162
Error,45896
Error,52839
Error,43612
Error,43181
Error,21420
Error,24876
Error,17593
Error,17272
Error,52618
Error,43592
Error,50193
Error,43211
Error,20869
Error,23965
Error,17993
Error,16160
Error,76533
Error,44714
Error,36177
Error,42590
Error,19056
Error,19086
Error,16421
Error,14337
Error,36849
Error,34745
Error,48150
Error,35517
Error,18435
Error,20478
Error,15670
Error,14697
Error,36177
Error,35657
Error,49212
Error,40916
Error,19877
Error,19446
Error,13115
Error,14327
Error,35998
Error,33894
Error,34334
Error,33322
Error,17472
Error,19687
Error,15629
Error,13606
Error,34405
Error,34114
Error,45114
Error,32090
Error,16351
Error,17883
Error,13665
Error,12644
Error,34404
Error,39374
Error,31980
Error,37149
Error,21130
Error,19155
Error,13786
Error,11962
Error,34484
Error,32971
Error,45245
Error,32631
Error,16792
Error,18134
Error,13586
Error,12213
Error,33913
Error,39744
Error,41748
Error,36869
Error,16761
Error,19266
Error,14186
Error,12453
Error,34494
Error,32891
Error,44183
Error,36538
Error,17162
Error,18876
Error,14116
Error,12935
Error,33733
Error,33122
Error,41187
Error,32421
Error,15830
Error,18795
Error,14046
Error,13405
Error,34575
Error,33061
Error,32952
Error,32230
Error,17453
Error,18585
Error,14247
Error,12293
Error,33944
Error,38542
Error,33222
Error,36038
Error,18454
Error,20718
Error,15569
Error,13365
Error,35235
Error,35246
Error,35687
Error,35957
Error,17893
Error,17753
Error,14377
Error,12433
Error,32010
Error,31910
Error,31048
Error,29886
Error,15740
Error,16381
Error,12093
Error,11231
Error,30868
Error,29014
Error,29184
Error,32130
Error,15980
Error,18725
Error,13866
Error,12393
Error,31609
Error,30467
Error,30026
Error,30207
Error,16090
Error,18023
Error,14386
Error,12593
Error,31499
Error,30157
Error,40726
Error,28934
Error,14628
Error,16681
Error,12343
Error,10950
Error,29746
Error,28793
Error,30327
Error,31679
Error,16140
Error,17723
Error,13776
Error,11912
Error,31309
Error,29284
Error,33653
Error,29475
Error,15709
Error,17974
Error,13506
Error,12182
Error,30747
Error,30517
Error,38131
Error,28172
Error,15068
Error,16010
Error,11973
Error,10830
Error,29145
Error,28473
Error,29846
Error,32210
Error,15750
Error,18344
Error,13645
Error,12012
Error,31028
Error,30026
Error,35366
Error,29365
Error,15309
Error,17433
Error,13866
Error,12032
Error,30947
Error,30146
Error,29605
Error,35095
Error,15619
Error,15820
Error,12243
Error,10600
Error,29856
Error,28904
Error,28703
Error,32791
Error,18545
Error,18254
Error,13285
Error,12003
Error,30968
Error,30317
Error,41267
Error,29755
Error,15749
Error,18094
Error,13185
Error,12073
Error,31388
Error,29806
Error,28724
Error,29074
Error,14297
Error,16892
Error,12273
Error,11291
Error,28673
Error,29044
Error,33122
Error,31208
Error,16161
Error,17703
Error,13625
Error,12132
Error,31489
Error,29956
Error,40606
Error,30637
Error,15509
Error,18194
Error,13535
Error,12143
Error,30627
Error,29825
Error,28453
Error,28343
Error,15098
Error,15890
Error,12814
Error,10910
Error,30216
Error,28674
Error,32451
Error,35897
Error,17392
Error,17763
Error,13485
Error,12293
Error,32050
Error,30427
Error,42409
Error,38883
Error,16141
Error,17432
Error,13385
Error,12513
Error,30988
Error,29145
Error,41768
Error,27912
Error,14316
Error,16130
Error,12073
Error,11050
Error,29595
Error,28443
Error,32551
Error,30357
Error,16271
Error,16731
Error,13315
Error,12063
Error,30517
Error,30056
Error,41387
Error,29885
Error,15549
Error,16822
Error,13536
Error,11802
Error,30076
Error,30307
Error,48691
Error,28874
Error,14266
Error,15609
Error,12413
Error,11261
Error,30016
Error,28443
Error,32691
Error,35296
Error,16100
Error,17212
Error,13775
Error,12242
Error,36999
Error,30137
Error,39754
Error,28724
Error,15920
Error,16952
Error,14988
Error,11812
Error,30607
Error,28193
Error,40616
Error,33833
Error,20398
Error,17362
Error,12353
Error,11060
Error,29715
Error,29215
Error,35005
Error,30537
Error,15148
Error,16992
Error,13716
Error,12253
Error,31799
Error,29665
Error,43642
Error,35406
Error,16140
Error,17733
Error,13706
Error,12102
Error,31048
Error,33723
Error,40656
Error,28654
Error,14658
Error,16451
Error,11942
Error,10921
Error,34524
Error,33603
Error,31168
Error,30407
Error,15519
Error,17102
Error,14447
Error,12023
Error,31088
Error,29956
Error,47860
Error,29926
Error,15449
Error,19086
Error,15269
Error,13695
Error,31859
Error,29074
Error,41998
Error,47138
Error,22492
Error,28653
Error,55584
Error,23884
Error,54242
Error,45285
Error,40545
Error,44012
Error,20368
Error,25738
Error,47439
Error,20067
Error,48391
Error,52057
Error,43431
Error,41828
Error,21611
Error,25217
Error,48060
Error,19997
Error,46637
Error,41107
Error,44133
Error,40976
Error,19185
Error,25468
Error,54041
Error,34414
Error,48110
Error,42119
Error,46376
Error,48741
Error,20959
Error,26680
Error,47298
Error,20829
Error,60022
Error,42951
Error,38122
Error,38442
Error,16290
Error,20489
Error,20217
Error,142657
Error,39594
Error,33382
Error,38702
Error,32420
Error,16110
Error,35487
Error,56185
Error,22021
Error,52939
Error,47288
Error,46788
Error,45776
Error,22622
Error,28584
Error,57878
Error,23454
Error,45776
Error,41227
Error,41257
Error,40947
Error,20408
Error,25307
