PNDiscReq,76022
PathSetupReq,23805
QueryRouteReq,31459
UpdateRouteReq,25257
PathSetupReq,16080
QueryRouteRsp,21159
UpdateRouteReq,41307
QueryRouteReq,72877
PathSetupReq,98354
QueryRouteRsp,41397
PathSetupReq,23023
PNHello,113062
PNDiscRsp,49453
PathSetupReq,98754
UpdateRouteReq,42199
QueryRouteRsp,90990
UpdateRouteReq,25237
QueryRouteReq,53440
PathSetupReq,55083
UpdateRouteReq,94216
QueryRouteRsp,24385
QueryRouteReq,39894
PathSetupReq,26059
UpdateRouteReq,44103
UpdateRouteReq,37920
FindNodeRsp,72746
UpdateRouteReq,68158
UpdateRouteReq,136655
PNDiscReq,66694
UpdateRouteReq,24876
PathSetupReq,24736
UpdateRouteReq,28082
PathSetupReq,25518
FindNodeRsp,51246
PNHello,57908
PNDiscRsp,25267
UpdateRouteReq,40235
UpdateRouteReq,26840
UpdateRouteReq,43321
UpdateRouteReq,33102
FindNodeRsp,71423
FindNodeReq,88967
FindNodeRsp,67336
PNDiscReq,71334
FindNodeReq,107722
PNHello,143298
PNDiscRsp,37330
FindNodeRsp,57287
FindNodeReq,81533
FindNodeRsp,64721
FindNodeReq,70291
FindNodeRsp,64500
FindNodeReq,116808
FindNodeReq,63068
FindNodeRsp,46106
PNDiscReq,76473
FindNodeRsp,74890
FindNodeReq,67927
FindNodeRsp,57607
PNHello,111689
PNDiscRsp,39905
FindNodeRsp,64470
FindNodeRsp,76393
FindNodeReq,107391
FindNodeRsp,82945
FindNodeReq,108834
FindNodeRsp,68899
FindNodeRsp,81492
FindNodeRsp,65362
FindNodeRsp,65963
FindNodeReq,70743
FindNodeRsp,57287
FindNodeReq,73728
FindNodeReq,83125
FindNodeRsp,80992
PNDiscReq,76012
FindNodeReq,109585
FindNodeRsp,96070
FindNodeReq,161923
FindNodeRsp,64240
FindNodeReq,74620
FindNodeRsp,63669
PNHello,114665
PNDiscRsp,72826
FindNodeReq,132128
FindNodeRsp,46707
FindNodeRsp,82163
FindNodeRsp,64761
FindNodeReq,76253
FindNodeRsp,107190
FindNodeReq,86472
FindNodeRsp,51466
FindNodeReq,72255
FindNodeRsp,74589
FindNodeReq,79990
FindNodeRsp,78817
FindNodeReq,105057
FindNodeRsp,57417
FindNodeReq,109505
FindNodeReq,81152
FindNodeRsp,64521
FindNodeRsp,71604
FindNodeRsp,46346
FindNodeRsp,67185
FindNodeRsp,60182
FindNodeReq,83186
FindNodeRsp,68919
FindNodeReq,99216
FindNodeRsp,47109
FindNodeReq,76243
FindNodeRsp,82865
FindNodeReq,74379
FindNodeRsp,65603
FindNodeRsp,90299
FindNodeReq,80430
PNDiscReq,60263
FindNodeReq,215392
FindNodeRsp,40566
FindNodeReq,60012
FindNodeReq,81542
FindNodeRsp,87002
FindNodeRsp,67847
FindNodeRsp,95859
FindNodeReq,94416
FindNodeRsp,64441
FindNodeReq,76864
FindNodeRsp,87624
PNHello,81963
PNDiscRsp,39104
FindNodeReq,111739
FindNodeReq,86662
FindNodeRsp,59832
FindNodeReq,93325
FindNodeRsp,55444
FindNodeReq,94526
PathSetupReq,44573
FindNodeReq,117500
FindNodeRsp,62737
FindNodeReq,91050
FindNodeReq,107441
FindNodeReq,91972
FindNodeRsp,61134
FindNodeRsp,57277
FindNodeRsp,75751
PathSetupReq,34796
PathSetupReq,61465
FindNodeReq,67166
PathSetupReq,24596
PathSetupReq,18184
FindNodeRsp,37310
PathSetupReq,37039
PathSetupReq,48321
FindNodeReq,99756
FindNodeRsp,47109
PathSetupReq,34995
PathSetupReq,43752
FindNodeReq,79108
FindNodeRsp,57587
FindNodeReq,100989
FindNodeRsp,84408
FindNodeReq,102582
FindNodeRsp,46387
FindNodeReq,115185
FindNodeRsp,44273
FindNodeRsp,34384
FindNodeRsp,42470
FindNodeReq,100278
FindNodeRsp,61685
FindNodeReq,106138
FindNodeRsp,74509
FindNodeRsp,83076
FindNodeReq,137216
FindNodeRsp,82765
FindNodeRsp,53390
FindNodeReq,87814
FindNodeRsp,78707
FindNodeReq,83466
FindNodeRsp,80030
FindNodeReq,125896
FindNodeRsp,48401
FindNodeReq,81974
FindNodeRsp,69430
FindNodeRsp,41678
FindNodeReq,85149
FindNodeReq,93835
FindNodeRsp,69891
FindNodeRsp,55795
FindNodeReq,115396
FindNodeRsp,60082
FindNodeRsp,75001
FindNodeRsp,84077
FindNodeReq,95889
FindNodeRsp,74389
FindNodeReq,82664
FindNodeReq,141124
FindNodeRsp,64801
FindNodeReq,145001
FindNodeRsp,68558
FindNodeReq,111018
FindNodeReq,135604
FindNodeReq,96260
FindNodeRsp,73297
FindNodeRsp,80310
FindNodeReq,98334
FindNodeRsp,67406
FindNodeRsp,62507
FindNodeReq,114885
PNDiscReq,98124
FindNodeRsp,90719
FindNodeReq,142887
FindNodeReq,90269
FindNodeRsp,34204
FindNodeRsp,72094
FindNodeRsp,57317
FindNodeRsp,86812
FindNodeReq,97813
FindNodeRsp,69159
FindNodeReq,77184
FindNodeRsp,52478
FindNodeReq,103474
FindNodeRsp,49001
FindNodeReq,176219
FindNodeRsp,59642
FindNodeRsp,36879
FindNodeReq,81753
FindNodeReq,81593
FindNodeRsp,45916
FindNodeRsp,42349
PNHello,55334
PNDiscRsp,31970
FindNodeReq,102642
FindNodeRsp,69189
FindNodeReq,130103
FindNodeRsp,67066
FindNodeReq,86572
FindNodeRsp,57898
FindNodeRsp,56646
FindNodeReq,147226
FindNodeRsp,41878
FindNodeRsp,45535
FindNodeReq,131385
FindNodeRsp,48019
FindNodeRsp,71043
PathSetupReq,41327
FindNodeRsp,50745
FindNodeReq,66013
FindNodeReq,100037
FindNodeRsp,66043
FindNodeReq,76814
FindNodeReq,87584
FindNodeRsp,62517
FindNodeReq,86883
FindNodeReq,113342
FindNodeRsp,52758
PathSetupReq,41317
PathSetupReq,27452
FindNodeReq,87914
PathSetupReq,30617
PathSetupReq,105868
FindNodeRsp,78477
PathSetupReq,41789
PathSetupReq,43511
PathSetupReq,22402
PathSetupReq,34264
FindNodeReq,68949
FindNodeRsp,72125
FindNodeRsp,67907
FindNodeRsp,91992
FindNodeReq,65212
FindNodeReq,100017
FindNodeRsp,55674
FindNodeRsp,69841
FindNodeRsp,77154
FindNodeRsp,34204
FindNodeRsp,52758
FindNodeRsp,67967
FindNodeReq,90239
FindNodeRsp,60964
FindNodeReq,87734
FindNodeRsp,76403
FindNodeReq,83876
FindNodeReq,78116
FindNodeRsp,46678
FindNodeReq,100037
FindNodeReq,81062
FindNodeRsp,62387
FindNodeReq,80952
FindNodeRsp,61425
FindNodeReq,100838
FindNodeRsp,48009
FindNodeReq,46277
FindNodeRsp,35757
FindNodeReq,77575
FindNodeRsp,47980
FindNodeRsp,83396
FindNodeRsp,64621
FindNodeRsp,74620
FindNodeRsp,57156
FindNodeReq,91972
FindNodeRsp,67997
FindNodeRsp,64952
FindNodeRsp,69059
FindNodeReq,96761
FindNodeRsp,65312
FindNodeReq,69880
FindNodeRsp,73888
FindNodeRsp,70572
FindNodeReq,68317
FindNodeRsp,45425
FindNodeReq,68818
FindNodeReq,86442
FindNodeRsp,62356
FindNodeRsp,90179
FindNodeReq,85601
FindNodeReq,41759
FindNodeRsp,74288
FindNodeRsp,61054
FindNodeReq,85340
FindNodeReq,99436
FindNodeRsp,57307
FindNodeRsp,46317
FindNodeReq,58600
FindNodeReq,67937
FindNodeRsp,40526
FindNodeReq,73457
FindNodeReq,101500
FindNodeRsp,61285
FindNodeReq,99957
FindNodeReq,115015
FindNodeRsp,50023
FindNodeReq,111899
FindNodeRsp,52428
FindNodeRsp,85580
FindNodeRsp,55984
FindNodeRsp,52188
FindNodeReq,160180
FindNodeRsp,48420
FindNodeRsp,66474
FindNodeRsp,70962
FindNodeRsp,69379
FindNodeReq,112481
FindNodeRsp,58429
FindNodeReq,90419
FindNodeRsp,64310
FindNodeRsp,61635
FindNodeReq,135934
FindNodeRsp,68137
PathSetupReq,39945
FindNodeRsp,68669
FindNodeRsp,66124
FindNodeReq,84338
FindNodeRsp,50194
FindNodeRsp,68277
PathSetupReq,36539
PathSetupReq,52168
PathSetupReq,37290
PathSetupReq,39734
FindNodeRsp,56606
PathSetupReq,29475
PathSetupReq,61926
PathSetupReq,35706
PathSetupReq,54943
FindNodeReq,105597
FindNodeRsp,63819
FindNodeRsp,75321
FindNodeReq,92994
FindNodeReq,105087
FindNodeRsp,98525
FindNodeReq,115326
FindNodeReq,101580
FindNodeReq,122218
PNHello,82965
PNDiscRsp,36348
FindNodeRsp,67486
FindNodeReq,102812
FindNodeRsp,68168
FindNodeReq,77244
FindNodeRsp,67846
FindNodeReq,103053
FindNodeReq,123792
FindNodeRsp,95178
FindNodeRsp,65162
FindNodeReq,77705
FindNodeRsp,69349
FindNodeReq,124393
FindNodeReq,82384
FindNodeRsp,61875
FindNodeRsp,77375
FindNodeReq,109695
FindNodeRsp,66043
FindNodeReq,89327
FindNodeReq,93545
FindNodeRsp,82013
FindNodeRsp,71063
FindNodeRsp,70061
FindNodeReq,77946
FindNodeRsp,104185
FindNodeRsp,67245
FindNodeRsp,79128
FindNodeReq,109986
FindNodeReq,79719
FindNodeRsp,82525
FindNodeRsp,72065
FindNodeReq,246191
FindNodeRsp,61575
FindNodeReq,67286
FindNodeRsp,77986
FindNodeRsp,74970
FindNodeRsp,86872
FindNodeRsp,92222
PathSetupReq,53230
FindNodeReq,109435
PathSetupReq,42490
FindNodeRsp,77625
PathSetupReq,46777
PathSetupReq,46126
PathSetupReq,54502
FindNodeReq,291655
FindNodeRsp,91521
FindNodeRsp,91351
FindNodeRsp,69069
FindNodeReq,133680
FindNodeRsp,92012
FindNodeRsp,76243
FindNodeRsp,62858
FindNodeReq,102802
FindNodeReq,99116
FindNodeReq,118181
FindNodeRsp,65673
FindNodeReq,117710
FindNodeRsp,79478
FindNodeRsp,66244
FindNodeReq,76463
FindNodeReq,80380
FindNodeRsp,73818
FindNodeRsp,70292
FindNodeReq,90920
FindNodeRsp,69149
FindNodeRsp,66294
FindNodeRsp,73898
FindNodeRsp,59371
FindNodeReq,100458
FindNodeRsp,73778
FindNodeReq,98704
FindNodeRsp,78777
FindNodeReq,84558
FindNodeReq,75912
FindNodeRsp,58689
FindNodeRsp,64170
FindNodeReq,82514
FindNodeRsp,66344
FindNodeRsp,74359
FindNodeReq,90569
FindNodeReq,85750
FindNodeRsp,64290
FindNodeReq,71764
FindNodeReq,87604
PNHello,75040
PNDiscRsp,26760
FindNodeRsp,58569
FindNodeRsp,46527
FindNodeReq,72675
FindNodeReq,71023
FindNodeRsp,65292
FindNodeRsp,37490
FindNodeReq,290834
FindNodeRsp,69029
FindNodeReq,98184
PathSetupReq,42409
FindNodeReq,82825
FindNodeRsp,82304
PathSetupReq,40054
FindNodeRsp,75031
PathSetupReq,57437
PathSetupReq,45736
PathSetupReq,146974
FindNodeReq,239498
FindNodeRsp,65262
FindNodeRsp,47669
FindNodeReq,70582
FindNodeReq,268983
FindNodeRsp,74199
FindNodeRsp,82885
FindNodeReq,64180
FindNodeReq,106449
FindNodeRsp,72936
FindNodeReq,80621
FindNodeReq,77866
FindNodeReq,69781
FindNodeReq,97843
FindNodeReq,88325
FindNodeReq,82264
FindNodeRsp,62136
FindNodeReq,98715
FindNodeReq,82635
FindNodeRsp,63559
FindNodeRsp,65552
FindNodeRsp,69280
FindNodeReq,98834
FindNodeReq,73687
FindNodeRsp,62998
FindNodeRsp,67476
FindNodeReq,67676
FindNodeRsp,62346
FindNodeReq,81803
UpdateRouteReq,37851
FindNodeReq,103163
UpdateRouteReq,27291
FindNodeRsp,68889
Error,73678
Error,65452
Error,68769
Error,27491
PathTeardownReq,27521
PathTeardownReq,38612
PathTeardownReq,29665
PathTeardownReq,30788
FindNodeRsp,54572
UpdateRouteReq,46687
QueryRouteReq,109695
PathSetupReq,107732
FindNodeReq,135143
QueryRouteReq,67295
PathSetupReq,57899
FindNodeRsp,57758
UpdateRouteReq,37070
Error,64120
Error,51226
Error,30537
Error,17232
UpdateRouteReq,71334
Error,87414
UpdateRouteReq,78847
Error,124843
Error,65152
Error,23053
FindNodeRsp,55443
UpdateRouteReq,53440
FindNodeRsp,81823
UpdateRouteReq,41388
FindNodeReq,127539
FindNodeReq,114184
FindNodeRsp,48471
FindNodeReq,81723
UpdateRouteReq,35596
FindNodeRsp,38131
FindNodeReq,77586
FindNodeReq,72075
FindNodeRsp,82534
UpdateRouteReq,79799
FindNodeReq,93966
FindNodeRsp,50525
FindNodeReq,101049
FindNodeReq,94818
FindNodeReq,88465
FindNodeReq,51246
FindNodeReq,49803
FindNodeReq,49653
UpdateRouteReq,36418
UpdateRouteReq,42750
FindNodeReq,75672
FindNodeReq,73588
FindNodeReq,90409
FindNodeRsp,50544
FindNodeReq,84928
FindNodeReq,86922
FindNodeRsp,64962
UpdateRouteReq,63078
FindNodeReq,91191
FindNodeReq,116508
UpdateRouteReq,36538
FindNodeReq,71384
FindNodeReq,101830
FindNodeReq,110587
FindNodeReq,45895
FindNodeReq,41487
FindNodeReq,41458
UpdateRouteReq,22853
FindNodeRsp,69971
UpdateRouteReq,43692
FindNodeReq,107812
UpdateRouteReq,29445
FindNodeReq,81493
FindNodeReq,98194
FindNodeReq,201597
FindNodeReq,44073
FindNodeReq,39925
UpdateRouteReq,33733
FindNodeReq,119524
UpdateRouteReq,29315
FindNodeReq,94336
FindNodeReq,92302
FindNodeReq,95979
FindNodeReq,44503
FindNodeReq,41958
UpdateRouteReq,23223
PathTeardownReq,48721
FindNodeRsp,63389
UpdateRouteReq,48060
FindNodeReq,125294
QueryRouteReq,58489
PathSetupReq,22803
FindNodeReq,94256
UpdateRouteReq,29435
UpdateRouteReq,28664
FindNodeReq,100317
FindNodeReq,98193
FindNodeReq,131386
FindNodeReq,45806
FindNodeReq,41327
FindNodeReq,39775
UpdateRouteReq,22953
UpdateRouteReq,35756
FindNodeRsp,39304
FindNodeReq,100709
FindNodeReq,93374
FindNodeReq,96180
FindNodeReq,100909
FindNodeReq,79829
FindNodeReq,66955
UpdateRouteReq,42099
FindNodeRsp,59932
UpdateRouteReq,45516
FindNodeReq,90009
FindNodeReq,101650
FindNodeReq,109785
FindNodeRsp,68818
UpdateRouteReq,65763
PathSetupReq,39995
PathSetupReq,99096
FindNodeReq,81753
FindNodeReq,75602
FindNodeReq,50374
FindNodeReq,49863
FindNodeReq,51376
FindNodeReq,46898
UpdateRouteReq,24877
FindNodeRsp,62006
UpdateRouteReq,61976
PathTeardownReq,45756
UpdateRouteReq,31058
QueryRouteReq,65572
PathSetupReq,65362
FindNodeReq,95859
FindNodeReq,59602
FindNodeReq,29845
FindNodeReq,27863
FindNodeReq,33122
UpdateRouteReq,30407
FindNodeRsp,57618
UpdateRouteReq,18955
FindNodeReq,89738
FindNodeReq,59842
FindNodeReq,60844
FindNodeReq,65753
UpdateRouteReq,30337
FindNodeReq,98464
UpdateRouteReq,39544
FindNodeReq,64541
FindNodeRsp,54342
FindNodeReq,71484
FindNodeReq,82734
FindNodeReq,49032
FindNodeReq,51616
FindNodeReq,59922
UpdateRouteReq,27672
UpdateRouteReq,41538
FindNodeReq,73598
FindNodeReq,86712
FindNodeReq,80050
FindNodeRsp,48911
FindNodeReq,67807
FindNodeReq,63559
FindNodeReq,40005
UpdateRouteReq,20338
PathTeardownReq,45254
UpdateRouteReq,42599
QueryRouteReq,70071
PathSetupReq,35596
FindNodeReq,75652
FindNodeReq,65432
FindNodeRsp,54471
FindNodeReq,77835
FindNodeReq,74309
FindNodeReq,99456
FindNodeReq,90329
FindNodeReq,45205
FindNodeReq,46226
UpdateRouteReq,20238
FindNodeRsp,40837
UpdateRouteReq,28854
FindNodeReq,54862
FindNodeReq,66183
FindNodeRsp,51436
FindNodeReq,64130
FindNodeReq,77795
FindNodeReq,78357
PNHello,43632
PNDiscRsp,23364
FindNodeReq,77495
FindNodeRsp,43822
FindNodeReq,81362
FindNodeRsp,38602
FindNodeReq,77294
FindNodeReq,79189
FindNodeReq,77325
FindNodeRsp,41618
FindNodeReq,59631
FindNodeReq,78737
UpdateRouteReq,27421
FindNodeReq,83075
UpdateRouteReq,30047
FindNodeRsp,41918
FindNodeReq,55073
FindNodeReq,56235
FindNodeReq,55474
FindNodeReq,65893
UpdateRouteReq,31870
FindNodeReq,66875
FindNodeReq,75050
FindNodeReq,69159
FindNodeReq,74018
FindNodeReq,43181
FindNodeReq,39344
UpdateRouteReq,21951
FindNodeReq,78387
UpdateRouteReq,29055
FindNodeReq,90499
FindNodeReq,44092
FindNodeReq,41137
FindNodeReq,39614
UpdateRouteReq,22532
UpdateRouteReq,29575
FindNodeReq,93525
FindNodeReq,93865
FindNodeReq,46898
FindNodeReq,43482
FindNodeReq,43441
UpdateRouteReq,24035
FindNodeRsp,50955
UpdateRouteReq,45295
FindNodeReq,82244
FindNodeRsp,38172
FindNodeReq,64501
UpdateRouteReq,24726
FindNodeReq,113833
FindNodeReq,83657
FindNodeReq,31830
FindNodeReq,28904
FindNodeReq,25267
UpdateRouteReq,16070
UpdateRouteReq,41207
FindNodeReq,57627
FindNodeReq,66214
UpdateRouteReq,23364
FindNodeReq,58649
FindNodeReq,57618
FindNodeRsp,38492
UpdateRouteReq,27962
FindNodeReq,68378
FindNodeRsp,43722
FindNodeReq,71744
FindNodeReq,66344
FindNodeReq,65853
FindNodeReq,62146
FindNodeReq,31829
FindNodeReq,28684
FindNodeReq,26039
UpdateRouteReq,15559
UpdateRouteReq,29896
FindNodeRsp,32861
FindNodeReq,82775
FindNodeReq,85620
FindNodeReq,31759
FindNodeReq,28904
FindNodeReq,24116
UpdateRouteReq,16791
UpdateRouteReq,28102
FindNodeReq,65132
FindNodeReq,31980
FindNodeReq,28543
UpdateRouteReq,15789
UpdateRouteReq,26990
FindNodeReq,65012
FindNodeReq,65763
UpdateRouteReq,36448
FindNodeRsp,61124
FindNodeReq,76743
FindNodeReq,111669
FindNodeReq,44463
FindNodeReq,40656
FindNodeReq,39644
UpdateRouteReq,22392
FindNodeRsp,74940
UpdateRouteReq,76163
FindNodeRsp,46687
UpdateRouteReq,31809
FindNodeReq,58740
FindNodeReq,47379
FindNodeReq,61545
UpdateRouteReq,22612
UpdateRouteReq,36518
FindNodeRsp,51176
FindNodeReq,104155
FindNodeReq,95780
FindNodeReq,45565
FindNodeReq,41127
FindNodeReq,40365
UpdateRouteReq,22553
FindNodeReq,73838
UpdateRouteReq,30307
FindNodeRsp,36428
FindNodeReq,63368
FindNodeReq,30998
FindNodeReq,29315
UpdateRouteReq,17042
FindNodeRsp,46878
UpdateRouteReq,39093
FindNodeReq,67256
FindNodeReq,63088
FindNodeReq,31229
UpdateRouteReq,17182
FindNodeRsp,37170
UpdateRouteReq,15710
FindNodeReq,75191
FindNodeReq,126858
UpdateRouteReq,123892
FindNodeRsp,42560
UpdateRouteReq,23734
FindNodeReq,88436
FindNodeReq,62287
FindNodeReq,31279
FindNodeReq,28734
FindNodeReq,29486
UpdateRouteReq,16391
UpdateRouteReq,31839
FindNodeReq,93865
FindNodeReq,114955
FindNodeReq,45275
FindNodeReq,41307
UpdateRouteReq,25778
FindNodeRsp,68990
UpdateRouteReq,61816
FindNodeReq,111759
FindNodeRsp,54923
FindNodeReq,99627
FindNodeReq,95108
FindNodeReq,46346
FindNodeReq,42780
UpdateRouteReq,25508
FindNodeReq,81362
UpdateRouteReq,26450
FindNodeReq,108413
FindNodeReq,112701
FindNodeReq,47098
FindNodeReq,43311
UpdateRouteReq,25427
UpdateRouteReq,37731
FindNodeReq,108994
FindNodeReq,78838
FindNodeReq,96640
FindNodeReq,99346
FindNodeRsp,57597
FindNodeReq,97432
FindNodeReq,53981
FindNodeReq,52739
UpdateRouteReq,25958
FindNodeRsp,61946
UpdateRouteReq,40265
FindNodeReq,88456
FindNodeReq,43241
FindNodeReq,39845
UpdateRouteReq,21661
PathTeardownReq,40316
FindNodeRsp,59751
UpdateRouteReq,32801
QueryRouteReq,80500
PathSetupReq,75581
FindNodeReq,224750
PathTeardownReq,24886
FindNodeRsp,36618
UpdateRouteReq,11812
QueryRouteReq,42720
PathSetupReq,21841
FindNodeReq,74018
FindNodeReq,35456
FindNodeReq,34104
FindNodeReq,27662
UpdateRouteReq,14107
UpdateRouteReq,25558
FindNodeReq,82454
FindNodeReq,61916
UpdateRouteReq,19877
FindNodeRsp,28744
FindNodeReq,54663
FindNodeReq,53480
FindNodeReq,55434
FindNodeReq,51817
FindNodeReq,34745
FindNodeReq,33643
FindNodeReq,33803
UpdateRouteReq,12343
FindNodeRsp,38882
UpdateRouteReq,14778
FindNodeReq,80821
FindNodeReq,74129
FindNodeReq,34094
FindNodeReq,32190
FindNodeReq,25988
UpdateRouteReq,26389
UpdateRouteReq,34254
FindNodeRsp,42610
FindNodeReq,54582
FindNodeReq,77745
FindNodeReq,100818
FindNodeRsp,34053
PathTeardownReq,45004
UpdateRouteReq,19817
QueryRouteReq,36969
PathSetupReq,12503
FindNodeRsp,26710
PathSetupReq,24175
FindNodeRsp,37941
PathSetupReq,22272
PathSetupReq,24095
FindNodeReq,61535
FindNodeReq,51005
FindNodeReq,36327
UpdateRouteReq,17623
UpdateRouteReq,30727
FindNodeReq,62928
FindNodeReq,86812
UpdateRouteReq,28032
FindNodeRsp,55484
FindNodeReq,89097
FindNodeReq,43973
FindNodeReq,40265
FindNodeReq,39574
UpdateRouteReq,22782
FindNodeRsp,50304
UpdateRouteReq,36328
FindNodeReq,66254
FindNodeReq,180127
FindNodeReq,34725
FindNodeReq,28684
FindNodeReq,27361
UpdateRouteReq,17102
FindNodeRsp,62828
UpdateRouteReq,56986
FindNodeReq,75932
FindNodeReq,50284
FindNodeReq,33793
FindNodeReq,36348
UpdateRouteReq,16922
FindNodeRsp,49312
UpdateRouteReq,26259
FindNodeReq,52358
FindNodeReq,39183
FindNodeReq,31008
UpdateRouteReq,103484
FindNodeReq,77264
UpdateRouteReq,44063
FindNodeReq,89978
FindNodeReq,54502
FindNodeReq,52138
FindNodeReq,52548
UpdateRouteReq,25828
FindNodeReq,91651
UpdateRouteReq,36117
FindNodeReq,106199
FindNodeReq,45906
FindNodeReq,41728
FindNodeReq,41147
UpdateRouteReq,24326
FindNodeRsp,62176
UpdateRouteReq,56917
FindNodeReq,75321
FindNodeReq,77866
FindNodeReq,117119
UpdateRouteReq,27211
FindNodeRsp,57748
UpdateRouteReq,48972
FindNodeReq,108683
FindNodeReq,45846
FindNodeReq,42449
UpdateRouteReq,23955
UpdateRouteReq,44664
FindNodeRsp,60593
FindNodeReq,92423
FindNodeReq,53990
FindNodeReq,50946
FindNodeReq,52157
UpdateRouteReq,33322
UpdateRouteReq,47980
FindNodeReq,70422
FindNodeReq,86391
FindNodeReq,55083
FindNodeReq,51797
FindNodeReq,52529
UpdateRouteReq,29806
FindNodeRsp,60573
UpdateRouteReq,54812
FindNodeReq,121417
FindNodeRsp,66905
FindNodeReq,118411
FindNodeReq,110035
FindNodeReq,45475
FindNodeReq,42369
UpdateRouteReq,23765
FindNodeRsp,67636
UpdateRouteReq,52147
FindNodeRsp,51175
UpdateRouteReq,41227
FindNodeReq,59211
FindNodeReq,102692
UpdateRouteReq,22362
FindNodeReq,88695
FindNodeRsp,35095
FindNodeReq,88796
FindNodeReq,107040
FindNodeRsp,58639
UpdateRouteReq,43612
FindNodeReq,76183
FindNodeReq,91511
FindNodeReq,46066
FindNodeReq,42289
FindNodeReq,41207
UpdateRouteReq,22683
UpdateRouteReq,40916
FindNodeReq,75231
FindNodeReq,46266
FindNodeReq,40857
UpdateRouteReq,22832
FindNodeRsp,62557
UpdateRouteReq,65943
FindNodeReq,94337
FindNodeReq,130894
UpdateRouteReq,52317
UpdateRouteReq,42209
FindNodeRsp,63158
FindNodeReq,90981
FindNodeReq,94056
FindNodeRsp,60473
UpdateRouteReq,56606
FindNodeReq,130634
FindNodeReq,82895
FindNodeReq,108473
FindNodeReq,128611
FindNodeReq,132688
UpdateRouteReq,42479
FindNodeRsp,56846
FindNodeReq,93725
FindNodeReq,89227
UpdateRouteReq,35666
FindNodeRsp,67145
UpdateRouteReq,60473
FindNodeReq,94597
FindNodeReq,75161
FindNodeReq,53400
FindNodeReq,50465
UpdateRouteReq,25247
FindNodeReq,75311
UpdateRouteReq,35075
FindNodeRsp,61205
FindNodeReq,122368
FindNodeReq,95719
FindNodeReq,44663
FindNodeReq,42329
FindNodeReq,39614
UpdateRouteReq,22582
UpdateRouteReq,44814
UpdateRouteReq,22031
UpdateRouteReq,23104
FindNodeReq,51606
FindNodeReq,36789
FindNodeReq,36167
FindNodeReq,30236
UpdateRouteReq,18635
UpdateRouteReq,29405
FindNodeRsp,34344
FindNodeReq,48321
FindNodeRsp,34925
FindNodeReq,78947
FindNodeReq,47769
FindNodeReq,89638
UpdateRouteReq,24085
FindNodeRsp,64591
UpdateRouteReq,61525
FindNodeReq,116197
FindNodeReq,47789
FindNodeReq,32411
FindNodeReq,30056
FindNodeReq,29676
UpdateRouteReq,16180
FindNodeReq,52217
UpdateRouteReq,54912
FindNodeReq,82844
FindNodeRsp,52558
FindNodeReq,97272
FindNodeReq,117159
FindNodeRsp,55955
FindNodeReq,90820
FindNodeReq,44684
FindNodeReq,40646
FindNodeReq,38993
UpdateRouteReq,23183
FindNodeRsp,67015
UpdateRouteReq,57047
FindNodeReq,95048
UpdateRouteReq,41017
FindNodeReq,91120
FindNodeReq,45725
UpdateRouteReq,31008
FindNodeRsp,63479
UpdateRouteReq,34895
FindNodeReq,96551
FindNodeReq,118562
FindNodeReq,46427
FindNodeReq,42740
UpdateRouteReq,28724
PathTeardownReq,32301
FindNodeRsp,71013
UpdateRouteReq,68138
QueryRouteReq,78728
PathSetupReq,72696
UpdateRouteReq,41257
FindNodeReq,81743
UpdateRouteReq,39063
FindNodeReq,97071
FindNodeReq,115476
FindNodeRsp,51777
FindNodeRsp,59050
UpdateRouteReq,49613
FindNodeReq,103624
FindNodeReq,155421
UpdateRouteReq,31318
FindNodeRsp,66515
UpdateRouteReq,56786
FindNodeReq,77425
FindNodeReq,86141
UpdateRouteReq,33302
PNHello,95920
PNDiscRsp,36188
FindNodeReq,100188
FindNodeReq,40095
FindNodeReq,36178
FindNodeReq,35977
UpdateRouteReq,24445
FindNodeRsp,73989
UpdateRouteReq,45565
UpdateRouteReq,34675
FindNodeRsp,51196
FindNodeReq,91130
FindNodeReq,45745
FindNodeReq,42099
FindNodeReq,58490
UpdateRouteReq,26771
UpdateRouteReq,45596
FindNodeReq,74359
FindNodeReq,96711
PathTeardownReq,54362
UpdateRouteReq,39303
QueryRouteReq,67005
PathSetupReq,33874
FindNodeReq,100127
FindNodeRsp,58630
FindNodeReq,306183
FindNodeReq,45645
UpdateRouteReq,24907
UpdateRouteReq,37350
FindNodeRsp,61936
FindNodeReq,81883
FindNodeReq,77194
FindNodeReq,127318
FindNodeRsp,59281
FindNodeReq,100467
UpdateRouteReq,100147
FindNodeReq,73848
FindNodeReq,96310
FindNodeRsp,56646
FindNodeReq,121327
FindNodeReq,45795
FindNodeReq,42108
FindNodeReq,40546
UpdateRouteReq,23424
FindNodeReq,92443
UpdateRouteReq,39223
FindNodeRsp,50304
PathTeardownReq,47789
UpdateRouteReq,36147
QueryRouteReq,61044
PathSetupReq,31108
UpdateRouteReq,34465
FindNodeReq,83786
PathTeardownReq,44343
UpdateRouteReq,32571
QueryRouteReq,69571
PathSetupReq,49863
FindNodeReq,82084
FindNodeReq,87885
FindNodeReq,82304
FindNodeReq,60132
FindNodeReq,46717
FindNodeReq,46166
UpdateRouteReq,32761
FindNodeRsp,77164
UpdateRouteReq,74810
PathTeardownReq,24275
UpdateRouteReq,35807
QueryRouteReq,65572
PathSetupReq,21160
FindNodeReq,68949
FindNodeReq,58779
FindNodeReq,51216
UpdateRouteReq,24405
FindNodeRsp,76253
UpdateRouteReq,67807
PathSetupReq,36929
FindNodeRsp,35696
PathSetupReq,21360
PathSetupReq,27201
FindNodeReq,74630
FindNodeReq,55775
FindNodeReq,38873
FindNodeReq,32832
FindNodeReq,32911
UpdateRouteReq,20639
UpdateRouteReq,35376
FindNodeReq,96681
FindNodeReq,98845
FindNodeReq,60543
FindNodeReq,44684
FindNodeReq,42219
UpdateRouteReq,26079
FindNodeRsp,42619
UpdateRouteReq,29615
FindNodeReq,75562
FindNodeReq,45776
FindNodeReq,48691
FindNodeReq,81633
UpdateRouteReq,28203
FindNodeRsp,65192
UpdateRouteReq,58039
FindNodeReq,92814
FindNodeReq,61545
FindNodeReq,71905
FindNodeReq,77234
FindNodeReq,30667
UpdateRouteReq,16441
UpdateRouteReq,42660
FindNodeRsp,54251
FindNodeReq,58650
FindNodeReq,76703
UpdateRouteReq,34455
FindNodeReq,71253
FindNodeRsp,74068
UpdateRouteReq,62026
FindNodeReq,67356
FindNodeReq,51907
UpdateRouteReq,33253
FindNodeReq,51797
UpdateRouteReq,20118
FindNodeReq,63268
FindNodeReq,48801
FindNodeReq,79809
FindNodeReq,31890
FindNodeReq,31599
FindNodeReq,27221
UpdateRouteReq,13395
FindNodeRsp,33413
UpdateRouteReq,18455
FindNodeReq,63589
UpdateRouteReq,27692
UpdateRouteReq,20869
UpdateRouteReq,22672
UpdateRouteReq,16571
FindNodeReq,103274
FindNodeReq,87974
PathTeardownReq,33503
UpdateRouteReq,32771
FindNodeRsp,55604
UpdateRouteReq,54302
QueryRouteReq,70292
PathSetupReq,71394
FindNodeReq,98354
UpdateRouteReq,37981
UpdateRouteReq,43542
UpdateRouteReq,30136
UpdateRouteReq,28523
UpdateRouteReq,24135
UpdateRouteReq,24717
FindNodeReq,64640
UpdateRouteReq,39705
UpdateRouteReq,41167
FindNodeReq,78957
UpdateRouteReq,72145
UpdateRouteReq,68718
FindNodeReq,83676
UpdateRouteReq,94918
UpdateRouteReq,91651
FindNodeReq,114924
UpdateRouteReq,113712
UpdateRouteReq,116168
FindNodeReq,142867
FindNodeRsp,28473
UpdateRouteReq,35767
UpdateRouteReq,37089
UpdateRouteReq,25298
FindNodeReq,81533
UpdateRouteReq,40596
UpdateRouteReq,42510
PathTeardownReq,23013
PathSetupReq,19626
UpdateRouteReq,22612
FindNodeReq,58610
UpdateRouteReq,18455
UpdateRouteReq,42019
UpdateRouteReq,37991
UpdateRouteReq,32080
PathTeardownReq,32350
PathSetupReq,39033
PathSetupReq,26390
UpdateRouteReq,25007
UpdateRouteReq,23805
UpdateRouteReq,37330
FindNodeRsp,49042
UpdateRouteReq,50464
PathTeardownReq,21310
PathSetupReq,27682
UpdateRouteReq,28082
FindNodeReq,53099
FindNodeReq,52989
UpdateRouteReq,50454
FindNodeReq,49152
FindNodeReq,48831
UpdateRouteReq,20378
UpdateRouteReq,26640
UpdateRouteReq,27311
UpdateRouteReq,30757
FindNodeReq,54572
UpdateRouteReq,28874
FindNodeReq,46788
FindNodeReq,36769
FindNodeReq,35166
UpdateRouteReq,19366
FindNodeReq,33923
UpdateRouteReq,25718
FindNodeReq,36128
FindNodeReq,24796
UpdateRouteReq,16030
UpdateRouteReq,29726
FindNodeReq,37510
UpdateRouteReq,36187
FindNodeReq,54111
UpdateRouteReq,22352
UpdateRouteReq,17443
UpdateRouteReq,29886
UpdateRouteReq,30016
Error,32291
UpdateRouteReq,115856
UpdateRouteReq,77144
UpdateRouteReq,72245
Error,24726
UpdateRouteReq,35356
UpdateRouteReq,21279
FindNodeReq,47188
UpdateRouteReq,27631
UpdateRouteReq,36679
UpdateRouteReq,26079
FindNodeReq,50795
UpdateRouteReq,25207
UpdateRouteReq,26058
UpdateRouteReq,28663
FindNodeReq,43983
UpdateRouteReq,23243
UpdateRouteReq,26078
UpdateRouteReq,21861
UpdateRouteReq,24335
UpdateRouteReq,29114
FindNodeReq,43983
UpdateRouteReq,26420
UpdateRouteReq,26340
UpdateRouteReq,23033
UpdateRouteReq,21590
UpdateRouteReq,24145
UpdateRouteReq,23333
FindNodeReq,40375
FindNodeReq,37951
UpdateRouteReq,22462
UpdateRouteReq,20098
UpdateRouteReq,19707
FindNodeReq,39665
FindNodeReq,36979
UpdateRouteReq,21230
FindNodeReq,35206
UpdateRouteReq,22602
Error,20368
Error,14737
UpdateRouteReq,20318
UpdateRouteReq,20168
FindNodeReq,50144
UpdateRouteReq,22542
UpdateRouteReq,21720
UpdateRouteReq,19636
UpdateRouteReq,19266
UpdateRouteReq,19516
UpdateRouteReq,19897
FindNodeReq,39143
UpdateRouteReq,21089
Error,15760
UpdateRouteReq,21249
UpdateRouteReq,20809
UpdateRouteReq,23444
UpdateRouteReq,20568
UpdateRouteReq,19416
FindNodeReq,50274
UpdateRouteReq,23845
UpdateRouteReq,21189
FindNodeReq,39845
UpdateRouteReq,22973
Error,15209
UpdateRouteReq,20288
FindNodeReq,37259
UpdateRouteReq,20087
UpdateRouteReq,18554
UpdateRouteReq,19696
UpdateRouteReq,27772
UpdateRouteReq,19797
FindNodeReq,40736
UpdateRouteReq,21270
UpdateRouteReq,19126
FindNodeReq,37500
UpdateRouteReq,21209
UpdateRouteReq,19486
UpdateRouteReq,19256
FindNodeReq,35727
UpdateRouteReq,20879
UpdateRouteReq,19287
FindNodeReq,35356
UpdateRouteReq,17693
UpdateRouteReq,17854
FindNodeReq,34284
UpdateRouteReq,18795
UpdateRouteReq,17363
FindNodeReq,33913
UpdateRouteReq,18685
UpdateRouteReq,18555
UpdateRouteReq,17983
UpdateRouteReq,22261
FindNodeReq,42720
UpdateRouteReq,22422
UpdateRouteReq,19426
UpdateRouteReq,17934
FindNodeReq,32911
FindNodeReq,31038
UpdateRouteReq,18895
UpdateRouteReq,24295
UpdateRouteReq,25026
UpdateRouteReq,27571
UpdateRouteReq,32371
FindNodeReq,41157
FindNodeReq,37149
UpdateRouteReq,23153
UpdateRouteReq,29064
UpdateRouteReq,19757
FindNodeReq,39474
UpdateRouteReq,17884
UpdateRouteReq,15820
UpdateRouteReq,18996
UpdateRouteReq,18624
UpdateRouteReq,16531
FindNodeReq,31139
UpdateRouteReq,17864
UpdateRouteReq,16180
FindNodeReq,28483
UpdateRouteReq,17252
UpdateRouteReq,16141
FindNodeReq,34564
UpdateRouteReq,19046
UpdateRouteReq,16320
FindNodeReq,30076
FindNodeReq,34143
UpdateRouteReq,17974
UpdateRouteReq,25037
UpdateRouteReq,17363
FindNodeReq,36749
UpdateRouteReq,17212
UpdateRouteReq,17293
UpdateRouteReq,19527
UpdateRouteReq,20308
UpdateRouteReq,31689
UpdateRouteReq,29515
FindNodeReq,53610
UpdateRouteReq,34144
UpdateRouteReq,37991
UpdateRouteReq,25147
FindNodeReq,55233
UpdateRouteReq,35246
FindNodeReq,56226
UpdateRouteReq,35997
UpdateRouteReq,28734
UpdateRouteReq,23564
FindNodeReq,57217
UpdateRouteReq,34926
UpdateRouteReq,21972
FindNodeReq,50214
UpdateRouteReq,20188
UpdateRouteReq,24816
UpdateRouteReq,22101
UpdateRouteReq,23213
UpdateRouteReq,21471
UpdateRouteReq,21541
FindNodeReq,61245
UpdateRouteReq,26309
UpdateRouteReq,22953
UpdateRouteReq,62597
FindNodeReq,52578
UpdateRouteReq,32019
UpdateRouteReq,20338
FindNodeReq,61565
UpdateRouteReq,27932
UpdateRouteReq,20589
UpdateRouteReq,22482
FindNodeReq,54833
UpdateRouteReq,36218
UpdateRouteReq,19877
FindNodeReq,49022
UpdateRouteReq,26550
UpdateRouteReq,20779
UpdateRouteReq,20218
FindNodeReq,48802
UpdateRouteReq,21921
FindNodeReq,46878
UpdateRouteReq,91431
UpdateRouteReq,44092
UpdateRouteReq,18154
UpdateRouteReq,25077
UpdateRouteReq,18395
UpdateRouteReq,28774
UpdateRouteReq,31088
UpdateRouteReq,25809
UpdateRouteReq,26079
UpdateRouteReq,26870
UpdateRouteReq,24065
UpdateRouteReq,24256
UpdateRouteReq,25097
FindNodeReq,57177
UpdateRouteReq,24486
UpdateRouteReq,23554
UpdateRouteReq,21390
UpdateRouteReq,20188
UpdateRouteReq,22813
FindNodeReq,52228
FindNodeReq,51807
UpdateRouteReq,35967
UpdateRouteReq,30327
FindNodeReq,48311
UpdateRouteReq,28984
FindNodeReq,51316
UpdateRouteReq,29726
FindNodeReq,98244
FindNodeReq,167814
FindNodeReq,155361
UpdateRouteReq,138379
UpdateRouteReq,144630
UpdateRouteReq,23444
UpdateRouteReq,22162
FindNodeReq,59001
UpdateRouteReq,83115
FindNodeReq,50925
UpdateRouteReq,33643
UpdateRouteReq,26480
UpdateRouteReq,21160
UpdateRouteReq,22913
UpdateRouteReq,21991
UpdateRouteReq,22792
UpdateRouteReq,33292
UpdateRouteReq,26800
FindNodeReq,53780
UpdateRouteReq,27391
FindNodeReq,48991
UpdateRouteReq,26820
FindNodeReq,45766
UpdateRouteReq,22242
FindNodeReq,49813
FindNodeReq,41478
UpdateRouteReq,21721
UpdateRouteReq,22853
UpdateRouteReq,41106
UpdateRouteReq,29385
UpdateRouteReq,26550
UpdateRouteReq,26640
UpdateRouteReq,49683
FindNodeRsp,37890
UpdateRouteReq,18325
UpdateRouteReq,19807
PathTeardownReq,20048
PathSetupReq,36278
UpdateRouteReq,41869
UpdateRouteReq,31228
FindNodeReq,50174
UpdateRouteReq,17382
PathTeardownReq,20428
PathSetupReq,18073
UpdateRouteReq,18104
UpdateRouteReq,19646
UpdateRouteReq,20709
UpdateRouteReq,17342
FindNodeRsp,20258
FindNodeRsp,34365
UpdateRouteReq,15188
UpdateRouteReq,15910
FindNodeRsp,30637
UpdateRouteReq,18535
FindNodeReq,69369
UpdateRouteReq,30066
PathTeardownReq,40185
PathTeardownReq,23544
PathSetupReq,29104
QueryRouteReq,71534
PathSetupReq,55003
UpdateRouteReq,29595
UpdateRouteReq,27762
FindNodeReq,53741
FindNodeReq,44062
FindNodeReq,42971
UpdateRouteReq,26069
FindNodeRsp,38752
UpdateRouteReq,21410
UpdateRouteReq,35706
UpdateRouteReq,36629
FindNodeReq,66584
UpdateRouteReq,33903
UpdateRouteReq,26009
UpdateRouteReq,29485
UpdateRouteReq,27812
UpdateRouteReq,22391
FindNodeReq,46357
UpdateRouteReq,21851
FindNodeReq,55905
UpdateRouteReq,30597
UpdateRouteReq,25628
FindNodeReq,48952
UpdateRouteReq,15499
UpdateRouteReq,21460
UpdateRouteReq,20608
FindNodeReq,38081
UpdateRouteReq,19997
UpdateRouteReq,20959
FindNodeReq,37700
UpdateRouteReq,24296
UpdateRouteReq,22342
FindNodeReq,43822
FindNodeReq,42820
UpdateRouteReq,37911
FindNodeReq,46808
UpdateRouteReq,24176
UpdateRouteReq,22673
FindNodeReq,43872
UpdateRouteReq,22793
UpdateRouteReq,28633
UpdateRouteReq,22533
FindNodeReq,49302
UpdateRouteReq,18645
UpdateRouteReq,21360
FindNodeReq,47559
UpdateRouteReq,31028
UpdateRouteReq,39273
FindNodeReq,37380
UpdateRouteReq,30717
UpdateRouteReq,28022
UpdateRouteReq,25438
UpdateRouteReq,29976
UpdateRouteReq,29836
UpdateRouteReq,45755
FindNodeReq,43822
UpdateRouteReq,27671
UpdateRouteReq,28273
UpdateRouteReq,117250
FindNodeReq,37020
FindNodeReq,48701
UpdateRouteReq,21630
UpdateRouteReq,36849
UpdateRouteReq,26930
UpdateRouteReq,22873
UpdateRouteReq,23614
UpdateRouteReq,35236
FindNodeReq,58179
FindNodeRsp,40816
UpdateRouteReq,24717
UpdateRouteReq,28584
UpdateRouteReq,42299
UpdateRouteReq,24987
UpdateRouteReq,22111
UpdateRouteReq,16260
UpdateRouteReq,17383
UpdateRouteReq,17724
UpdateRouteReq,18986
UpdateRouteReq,27752
UpdateRouteReq,23504
UpdateRouteReq,23223
UpdateRouteReq,24286
UpdateRouteReq,32330
UpdateRouteReq,23524
UpdateRouteReq,19307
UpdateRouteReq,19176
UpdateRouteReq,23514
UpdateRouteReq,21150
UpdateRouteReq,25228
UpdateRouteReq,21631
UpdateRouteReq,31048
UpdateRouteReq,27592
FindNodeReq,47649
FindNodeReq,55133
UpdateRouteReq,26269
FindNodeReq,38993
UpdateRouteReq,26259
UpdateRouteReq,30196
UpdateRouteReq,70762
UpdateRouteReq,27842
UpdateRouteReq,23474
FindNodeReq,43611
UpdateRouteReq,22392
UpdateRouteReq,19246
FindNodeReq,37130
UpdateRouteReq,21931
FindNodeReq,46547
UpdateRouteReq,23814
UpdateRouteReq,29896
UpdateRouteReq,23043
UpdateRouteReq,24606
UpdateRouteReq,24777
UpdateRouteReq,19607
UpdateRouteReq,19176
UpdateRouteReq,29185
UpdateRouteReq,28053
UpdateRouteReq,25067
UpdateRouteReq,23083
UpdateRouteReq,21680
UpdateRouteReq,22802
UpdateRouteReq,19627
UpdateRouteReq,20008
UpdateRouteReq,26940
UpdateRouteReq,24646
UpdateRouteReq,23253
UpdateRouteReq,41107
UpdateRouteReq,26790
UpdateRouteReq,30717
UpdateRouteReq,29114
UpdateRouteReq,24856
UpdateRouteReq,24105
UpdateRouteReq,26319
UpdateRouteReq,28915
UpdateRouteReq,19727
UpdateRouteReq,19536
UpdateRouteReq,21090
UpdateRouteReq,21240
UpdateRouteReq,22993
UpdateRouteReq,27101
UpdateRouteReq,24115
UpdateRouteReq,27702
UpdateRouteReq,25057
UpdateRouteReq,24045
UpdateRouteReq,29966
UpdateRouteReq,30297
UpdateRouteReq,15028
UpdateRouteReq,26880
UpdateRouteReq,19566
UpdateRouteReq,15839
UpdateRouteReq,15148
UpdateRouteReq,20969
UpdateRouteReq,17613
UpdateRouteReq,18624
UpdateRouteReq,16531
UpdateRouteReq,16371
UpdateRouteReq,17833
UpdateRouteReq,15139
UpdateRouteReq,16241
UpdateRouteReq,20298
UpdateRouteReq,17582
UpdateRouteReq,14337
UpdateRouteReq,14508
UpdateRouteReq,13967
UpdateRouteReq,15579
UpdateRouteReq,15910
UpdateRouteReq,16181
UpdateRouteReq,15990
UpdateRouteReq,14958
UpdateRouteReq,15729
UpdateRouteReq,15459
UpdateRouteReq,16270
UpdateRouteReq,14186
UpdateRouteReq,14247
UpdateRouteReq,15669
UpdateRouteReq,14507
UpdateRouteReq,15228
UpdateRouteReq,15058
UpdateRouteReq,14497
UpdateRouteReq,15839
UpdateRouteReq,16581
UpdateRouteReq,17513
UpdateRouteReq,16852
UpdateRouteReq,15689
UpdateRouteReq,16652
UpdateRouteReq,15098
UpdateRouteReq,16000
UpdateRouteReq,14968
UpdateRouteReq,14237
UpdateRouteReq,15108
UpdateRouteReq,16732
UpdateRouteReq,14337
UpdateRouteReq,13846
UpdateRouteReq,14047
UpdateRouteReq,15569
UpdateRouteReq,15570
UpdateRouteReq,16882
UpdateRouteReq,15990
UpdateRouteReq,15008
UpdateRouteReq,16050
UpdateRouteReq,14948
UpdateRouteReq,16170
UpdateRouteReq,14106
UpdateRouteReq,14206
UpdateRouteReq,13856
UpdateRouteReq,14848
UpdateRouteReq,17012
UpdateRouteReq,15669
UpdateRouteReq,15960
UpdateRouteReq,16871
UpdateRouteReq,16601
UpdateRouteReq,16892
UpdateRouteReq,16060
UpdateRouteReq,14897
UpdateRouteReq,27251
UpdateRouteReq,23073
UpdateRouteReq,22743
UpdateRouteReq,26579
UpdateRouteReq,26159
UpdateRouteReq,25818
UpdateRouteReq,23715
UpdateRouteReq,22522
UpdateRouteReq,22352
UpdateRouteReq,26089
UpdateRouteReq,25147
UpdateRouteReq,23444
UpdateRouteReq,24435
UpdateRouteReq,23344
UpdateRouteReq,25347
UpdateRouteReq,21911
UpdateRouteReq,21330
UpdateRouteReq,21871
UpdateRouteReq,22853
UpdateRouteReq,19226
UpdateRouteReq,18915
UpdateRouteReq,18695
UpdateRouteReq,20588
UpdateRouteReq,22312
UpdateRouteReq,22472
UpdateRouteReq,21971
UpdateRouteReq,20929
UpdateRouteReq,20278
UpdateRouteReq,18705
UpdateRouteReq,18665
UpdateRouteReq,22091
UpdateRouteReq,21440
UpdateRouteReq,20609
UpdateRouteReq,21641
UpdateRouteReq,20088
UpdateRouteReq,21741
UpdateRouteReq,18915
UpdateRouteReq,19176
UpdateRouteReq,20198
UpdateRouteReq,21961
UpdateRouteReq,19878
UpdateRouteReq,18916
UpdateRouteReq,34685
UpdateRouteReq,31018
UpdateRouteReq,25117
UpdateRouteReq,33202
UpdateRouteReq,24836
UpdateRouteReq,20077
UpdateRouteReq,20459
UpdateRouteReq,19787
UpdateRouteReq,21019
UpdateRouteReq,18525
UpdateRouteReq,17743
UpdateRouteReq,14597
UpdateRouteReq,14307
UpdateRouteReq,13715
UpdateRouteReq,14868
UpdateRouteReq,15128
UpdateRouteReq,16500
UpdateRouteReq,16541
UpdateRouteReq,17383
UpdateRouteReq,16972
UpdateRouteReq,15970
UpdateRouteReq,15689
UpdateRouteReq,14888
UpdateRouteReq,15980
UpdateRouteReq,14026
UpdateRouteReq,14186
UpdateRouteReq,14807
UpdateRouteReq,16631
UpdateRouteReq,14087
UpdateRouteReq,13906
UpdateRouteReq,14216
UpdateRouteReq,15299
UpdateRouteReq,15880
UpdateRouteReq,16971
UpdateRouteReq,16030
UpdateRouteReq,14957
UpdateRouteReq,15649
UpdateRouteReq,15058
UpdateRouteReq,16140
UpdateRouteReq,14207
UpdateRouteReq,19286
UpdateRouteReq,23754
UpdateRouteReq,22732
UpdateRouteReq,22282
UpdateRouteReq,21610
UpdateRouteReq,21360
UpdateRouteReq,24105
UpdateRouteReq,24706
UpdateRouteReq,25708
UpdateRouteReq,25367
UpdateRouteReq,24175
UpdateRouteReq,28643
UpdateRouteReq,20659
UpdateRouteReq,26730
UpdateRouteReq,30497
UpdateRouteReq,23534
UpdateRouteReq,31488
UpdateRouteReq,29695
UpdateRouteReq,23013
UpdateRouteReq,19186
UpdateRouteReq,26660
UpdateRouteReq,21981
UpdateRouteReq,31539
UpdateRouteReq,24155
UpdateRouteReq,21851
UpdateRouteReq,24956
UpdateRouteReq,23023
UpdateRouteReq,19296
UpdateRouteReq,26400
UpdateRouteReq,29495
UpdateRouteReq,19306
UpdateRouteReq,24305
UpdateRouteReq,26860
UpdateRouteReq,20708
UpdateRouteReq,29655
UpdateRouteReq,32561
UpdateRouteReq,23574
UpdateRouteReq,19877
UpdateRouteReq,27522
UpdateRouteReq,21731
UpdateRouteReq,24315
UpdateRouteReq,21019
UpdateRouteReq,18826
UpdateRouteReq,21350
UpdateRouteReq,23163
UpdateRouteReq,19457
UpdateRouteReq,26299
UpdateRouteReq,29174
UpdateRouteReq,19006
UpdateRouteReq,23905
UpdateRouteReq,31459
UpdateRouteReq,23965
UpdateRouteReq,32702
UpdateRouteReq,32571
UpdateRouteReq,23384
UpdateRouteReq,20107
UpdateRouteReq,27482
UpdateRouteReq,25097
UpdateRouteReq,26129
UpdateRouteReq,20609
UpdateRouteReq,19757
UpdateRouteReq,22031
UpdateRouteReq,22803
UpdateRouteReq,18845
UpdateRouteReq,26059
UpdateRouteReq,30517
UpdateRouteReq,21620
UpdateRouteReq,23875
UpdateRouteReq,26520
UpdateRouteReq,21069
UpdateRouteReq,30437
UpdateRouteReq,30467
UpdateRouteReq,23233
UpdateRouteReq,18074
UpdateRouteReq,28473
UpdateRouteReq,23724
UpdateRouteReq,106138
UpdateRouteReq,30326
UpdateRouteReq,21840
UpdateRouteReq,22612
UpdateRouteReq,21570
UpdateRouteReq,20118
UpdateRouteReq,26600
UpdateRouteReq,24936
UpdateRouteReq,20198
UpdateRouteReq,200956
UpdateRouteReq,19386
UpdateRouteReq,17593
UpdateRouteReq,24646
UpdateRouteReq,22993
UpdateRouteReq,19466
UpdateRouteReq,16722
UpdateRouteReq,21580
UpdateRouteReq,16290
UpdateRouteReq,18735
UpdateRouteReq,16060
UpdateRouteReq,15248
UpdateRouteReq,16661
UpdateRouteReq,14006
UpdateRouteReq,15158
UpdateRouteReq,19075
UpdateRouteReq,36418
UpdateRouteReq,24135
UpdateRouteReq,28763
UpdateRouteReq,33372
UpdateRouteReq,25468
UpdateRouteReq,35536
UpdateRouteReq,34635
UpdateRouteReq,26990
UpdateRouteReq,22092
UpdateRouteReq,30828
UpdateRouteReq,25868
UpdateRouteReq,25487
UpdateRouteReq,22222
UpdateRouteReq,20238
UpdateRouteReq,22131
UpdateRouteReq,22862
UpdateRouteReq,18554
UpdateRouteReq,25087
UpdateRouteReq,25227
UpdateRouteReq,17883
UpdateRouteReq,20909
UpdateRouteReq,22011
UpdateRouteReq,19627
UpdateRouteReq,24936
UpdateRouteReq,26169
UpdateRouteReq,21661
UpdateRouteReq,30467
UpdateRouteReq,32922
UpdateRouteReq,24085
UpdateRouteReq,23264
UpdateRouteReq,28704
UpdateRouteReq,23363
UpdateRouteReq,25618
UpdateRouteReq,21601
UpdateRouteReq,21059
UpdateRouteReq,21309
UpdateRouteReq,22442
UpdateRouteReq,19466
UpdateRouteReq,26770
UpdateRouteReq,29576
UpdateRouteReq,20608
UpdateRouteReq,23985
UpdateRouteReq,27662
UpdateRouteReq,22272
UpdateRouteReq,30838
UpdateRouteReq,29986
UpdateRouteReq,23755
UpdateRouteReq,17964
UpdateRouteReq,26239
UpdateRouteReq,21219
UpdateRouteReq,23724
UpdateRouteReq,21129
UpdateRouteReq,19587
UpdateRouteReq,20809
UpdateRouteReq,28564
UpdateRouteReq,20207
UpdateRouteReq,26400
UpdateRouteReq,27672
UpdateRouteReq,19386
UpdateRouteReq,23043
UpdateRouteReq,26460
UpdateRouteReq,21721
UpdateRouteReq,29996
UpdateRouteReq,29074
UpdateRouteReq,23364
UpdateRouteReq,18184
UpdateRouteReq,29255
UpdateRouteReq,28594
UpdateRouteReq,23093
UpdateRouteReq,21700
UpdateRouteReq,21751
UpdateRouteReq,24015
UpdateRouteReq,19016
UpdateRouteReq,19447
UpdateRouteReq,29856
UpdateRouteReq,26730
UpdateRouteReq,33272
UpdateRouteReq,28734
UpdateRouteReq,31039
UpdateRouteReq,24556
UpdateRouteReq,36488
UpdateRouteReq,25999
UpdateRouteReq,24887
UpdateRouteReq,38492
UpdateRouteReq,36108
UpdateRouteReq,163245
UpdateRouteReq,121988
UpdateRouteReq,33112
UpdateRouteReq,27421
UpdateRouteReq,28683
UpdateRouteReq,25558
UpdateRouteReq,20809
UpdateRouteReq,19115
UpdateRouteReq,24125
UpdateRouteReq,23654
UpdateRouteReq,29255
UpdateRouteReq,23084
UpdateRouteReq,18063
UpdateRouteReq,17413
UpdateRouteReq,21992
UpdateRouteReq,20048
UpdateRouteReq,16260
UpdateRouteReq,20538
UpdateRouteReq,17873
UpdateRouteReq,24406
UpdateRouteReq,21310
UpdateRouteReq,16010
UpdateRouteReq,14828
UpdateRouteReq,19436
UpdateRouteReq,21089
UpdateRouteReq,16100
UpdateRouteReq,25227
UpdateRouteReq,17513
UpdateRouteReq,25027
UpdateRouteReq,23363
UpdateRouteReq,18866
UpdateRouteReq,17933
UpdateRouteReq,18494
UpdateRouteReq,16701
UpdateRouteReq,25317
UpdateRouteReq,20268
UpdateRouteReq,16320
UpdateRouteReq,19317
UpdateRouteReq,18885
UpdateRouteReq,18374
UpdateRouteReq,15769
UpdateRouteReq,17593
UpdateRouteReq,16631
UpdateRouteReq,25768
UpdateRouteReq,24356
UpdateRouteReq,21610
UpdateRouteReq,15098
UpdateRouteReq,19196
UpdateRouteReq,16551
UpdateRouteReq,25848
UpdateRouteReq,23844
UpdateRouteReq,22883
UpdateRouteReq,25047
UpdateRouteReq,24886
UpdateRouteReq,18786
UpdateRouteReq,25408
UpdateRouteReq,74440
UpdateRouteReq,23173
UpdateRouteReq,22401
UpdateRouteReq,20388
UpdateRouteReq,16862
UpdateRouteReq,34365
UpdateRouteReq,26409
UpdateRouteReq,21811
UpdateRouteReq,19536
UpdateRouteReq,19967
UpdateRouteReq,22832
UpdateRouteReq,22552
UpdateRouteReq,24616
UpdateRouteReq,22923
UpdateRouteReq,17473
UpdateRouteReq,19817
UpdateRouteReq,15920
UpdateRouteReq,13075
UpdateRouteReq,17553
UpdateRouteReq,17503
UpdateRouteReq,18945
UpdateRouteReq,16410
UpdateRouteReq,12483
UpdateRouteReq,21521
UpdateRouteReq,22071
UpdateRouteReq,14788
UpdateRouteReq,12513
UpdateRouteReq,16440
UpdateRouteReq,17844
UpdateRouteReq,21801
UpdateRouteReq,23895
UpdateRouteReq,21621
UpdateRouteReq,20328
UpdateRouteReq,24225
UpdateRouteReq,23223
UpdateRouteReq,18875
UpdateRouteReq,21210
UpdateRouteReq,19887
UpdateRouteReq,13145
UpdateRouteReq,16330
UpdateRouteReq,13726
UpdateRouteReq,21741
UpdateRouteReq,22262
UpdateRouteReq,20088
UpdateRouteReq,19807
UpdateRouteReq,23864
UpdateRouteReq,20758
UpdateRouteReq,17463
UpdateRouteReq,15780
UpdateRouteReq,14567
UpdateRouteReq,15629
UpdateRouteReq,12974
UpdateRouteReq,12433
UpdateRouteReq,21039
UpdateRouteReq,20979
UpdateRouteReq,23303
UpdateRouteReq,23033
UpdateRouteReq,17953
UpdateRouteReq,19076
UpdateRouteReq,20599
UpdateRouteReq,24696
UpdateRouteReq,21901
UpdateRouteReq,20328
UpdateRouteReq,23654
UpdateRouteReq,16170
UpdateRouteReq,19707
UpdateRouteReq,25067
UpdateRouteReq,14337
UpdateRouteReq,20178
UpdateRouteReq,18455
UpdateRouteReq,15689
UpdateRouteReq,23574
UpdateRouteReq,23183
UpdateRouteReq,20048
UpdateRouteReq,20067
UpdateRouteReq,23404
UpdateRouteReq,22061
UpdateRouteReq,19166
UpdateRouteReq,21019
UpdateRouteReq,15239
UpdateRouteReq,12864
UpdateRouteReq,15469
UpdateRouteReq,17873
UpdateRouteReq,21710
UpdateRouteReq,20799
UpdateRouteReq,19957
UpdateRouteReq,20157
UpdateRouteReq,23464
UpdateRouteReq,15920
UpdateRouteReq,21350
UpdateRouteReq,14196
UpdateRouteReq,16931
UpdateRouteReq,20118
UpdateRouteReq,12844
UpdateRouteReq,12373
UpdateRouteReq,22031
UpdateRouteReq,21029
UpdateRouteReq,12744
UpdateRouteReq,18925
UpdateRouteReq,22262
UpdateRouteReq,18905
UpdateRouteReq,20659
UpdateRouteReq,16330
UpdateRouteReq,17944
UpdateRouteReq,19045
UpdateRouteReq,13375
UpdateRouteReq,17152
UpdateRouteReq,21069
UpdateRouteReq,19937
UpdateRouteReq,19086
UpdateRouteReq,19667
UpdateRouteReq,20649
UpdateRouteReq,19006
UpdateRouteReq,19767
UpdateRouteReq,22111
UpdateRouteReq,20969
UpdateRouteReq,17914
UpdateRouteReq,18765
UpdateRouteReq,13365
UpdateRouteReq,17653
UpdateRouteReq,19446
UpdateRouteReq,12724
UpdateRouteReq,20779
UpdateRouteReq,20679
UpdateRouteReq,17102
UpdateRouteReq,13084
UpdateRouteReq,15298
UpdateRouteReq,14076
UpdateRouteReq,19717
UpdateRouteReq,21921
UpdateRouteReq,19236
UpdateRouteReq,19686
UpdateRouteReq,18955
UpdateRouteReq,14257
UpdateRouteReq,17603
UpdateRouteReq,20889
UpdateRouteReq,20989
UpdateRouteReq,13095
UpdateRouteReq,15529
UpdateRouteReq,14286
UpdateRouteReq,19216
UpdateRouteReq,22351
UpdateRouteReq,19707
UpdateRouteReq,19416
UpdateRouteReq,18825
UpdateRouteReq,14447
UpdateRouteReq,18785
UpdateRouteReq,19967
UpdateRouteReq,19948
UpdateRouteReq,13986
UpdateRouteReq,15118
UpdateRouteReq,14157
UpdateRouteReq,19166
UpdateRouteReq,22162
UpdateRouteReq,18936
UpdateRouteReq,20008
UpdateRouteReq,18414
UpdateRouteReq,13946
UpdateRouteReq,17924
UpdateRouteReq,23364
UpdateRouteReq,20278
UpdateRouteReq,19337
UpdateRouteReq,14126
UpdateRouteReq,12784
UpdateRouteReq,12343
UpdateRouteReq,14838
UpdateRouteReq,16831
UpdateRouteReq,19586
UpdateRouteReq,21750
UpdateRouteReq,19126
UpdateRouteReq,20047
UpdateRouteReq,18454
UpdateRouteReq,14116
UpdateRouteReq,18174
UpdateRouteReq,20939
UpdateRouteReq,19747
UpdateRouteReq,13315
UpdateRouteReq,15229
UpdateRouteReq,14878
UpdateRouteReq,19296
UpdateRouteReq,21530
UpdateRouteReq,20108
UpdateRouteReq,19687
UpdateRouteReq,18445
UpdateRouteReq,14316
UpdateRouteReq,18735
UpdateRouteReq,24065
UpdateRouteReq,19407
UpdateRouteReq,17312
UpdateRouteReq,13015
UpdateRouteReq,12103
UpdateRouteReq,12333
UpdateRouteReq,15038
UpdateRouteReq,14327
UpdateRouteReq,19025
UpdateRouteReq,21700
UpdateRouteReq,19296
UpdateRouteReq,19727
UpdateRouteReq,18404
UpdateRouteReq,14317
UpdateRouteReq,20328
UpdateRouteReq,22372
UpdateRouteReq,21069
UpdateRouteReq,16982
UpdateRouteReq,13045
UpdateRouteReq,13776
UpdateRouteReq,13365
UpdateRouteReq,14507
UpdateRouteReq,13946
UpdateRouteReq,20799
UpdateRouteReq,21781
UpdateRouteReq,18935
UpdateRouteReq,20017
UpdateRouteReq,18194
UpdateRouteReq,14207
UpdateRouteReq,17703
UpdateRouteReq,22092
UpdateRouteReq,19586
UpdateRouteReq,19947
UpdateRouteReq,15429
UpdateRouteReq,14177
UpdateRouteReq,13525
UpdateRouteReq,14978
UpdateRouteReq,14107
UpdateRouteReq,21199
UpdateRouteReq,21721
UpdateRouteReq,19336
UpdateRouteReq,19917
UpdateRouteReq,18785
UpdateRouteReq,14457
UpdateRouteReq,17773
UpdateRouteReq,19135
UpdateRouteReq,18615
UpdateRouteReq,17593
UpdateRouteReq,17372
UpdateRouteReq,14617
UpdateRouteReq,17192
UpdateRouteReq,22753
UpdateRouteReq,19627
UpdateRouteReq,20228
UpdateRouteReq,22923
UpdateRouteReq,18685
UpdateRouteReq,22572
UpdateRouteReq,19517
UpdateRouteReq,18875
UpdateRouteReq,18895
UpdateRouteReq,28613
UpdateRouteReq,19356
UpdateRouteReq,20779
UpdateRouteReq,22332
UpdateRouteReq,19366
UpdateRouteReq,17833
UpdateRouteReq,20619
UpdateRouteReq,19717
UpdateRouteReq,20649
UpdateRouteReq,24315
UpdateRouteReq,20739
UpdateRouteReq,21420
UpdateRouteReq,20148
UpdateRouteReq,14707
UpdateRouteReq,14497
UpdateRouteReq,19757
UpdateRouteReq,15418
UpdateRouteReq,20649
UpdateRouteReq,20738
UpdateRouteReq,21380
UpdateRouteReq,18645
UpdateRouteReq,26189
UpdateRouteReq,17002
UpdateRouteReq,17914
UpdateRouteReq,19446
UpdateRouteReq,18936
UpdateRouteReq,20118
UpdateRouteReq,22592
UpdateRouteReq,20488
UpdateRouteReq,17543
UpdateRouteReq,25278
UpdateRouteReq,18094
UpdateRouteReq,20668
UpdateRouteReq,20789
UpdateRouteReq,21120
UpdateRouteReq,21610
UpdateRouteReq,17603
UpdateRouteReq,16020
UpdateRouteReq,18044
UpdateRouteReq,25888
UpdateRouteReq,12042
UpdateRouteReq,17794
UpdateRouteReq,18355
UpdateRouteReq,18394
UpdateRouteReq,20148
UpdateRouteReq,20198
UpdateRouteReq,15328
UpdateRouteReq,21219
UpdateRouteReq,23534
UpdateRouteReq,19226
UpdateRouteReq,16831
UpdateRouteReq,23084
UpdateRouteReq,17613
UpdateRouteReq,20899
UpdateRouteReq,24766
UpdateRouteReq,19377
UpdateRouteReq,18905
UpdateRouteReq,23614
UpdateRouteReq,19006
UpdateRouteReq,22291
UpdateRouteReq,22953
UpdateRouteReq,20178
UpdateRouteReq,18805
UpdateRouteReq,22532
UpdateRouteReq,19065
UpdateRouteReq,22422
UpdateRouteReq,23413
UpdateRouteReq,17182
UpdateRouteReq,17703
UpdateRouteReq,24135
UpdateRouteReq,20388
UpdateRouteReq,20689
UpdateRouteReq,22562
UpdateRouteReq,19327
UpdateRouteReq,16952
UpdateRouteReq,22612
UpdateRouteReq,17703
UpdateRouteReq,21089
UpdateRouteReq,22221
UpdateRouteReq,17233
UpdateRouteReq,16952
UpdateRouteReq,23905
UpdateRouteReq,19436
UpdateRouteReq,21320
UpdateRouteReq,21680
UpdateRouteReq,19537
UpdateRouteReq,17162
UpdateRouteReq,29485
UpdateRouteReq,18003
UpdateRouteReq,23424
UpdateRouteReq,24125
UpdateRouteReq,16712
UpdateRouteReq,18354
UpdateRouteReq,23884
UpdateRouteReq,20278
UpdateRouteReq,22483
UpdateRouteReq,23394
UpdateRouteReq,19546
UpdateRouteReq,17233
UpdateRouteReq,23584
UpdateRouteReq,18655
UpdateRouteReq,22733
UpdateRouteReq,23043
UpdateRouteReq,16420
UpdateRouteReq,17864
UpdateRouteReq,24226
UpdateRouteReq,19607
UpdateRouteReq,21790
UpdateRouteReq,22522
UpdateRouteReq,19576
UpdateRouteReq,17973
UpdateRouteReq,24135
UpdateRouteReq,20358
UpdateRouteReq,22883
UpdateRouteReq,20598
UpdateRouteReq,20428
UpdateRouteReq,22863
UpdateRouteReq,19507
UpdateRouteReq,16110
UpdateRouteReq,18084
UpdateRouteReq,18945
UpdateRouteReq,20037
UpdateRouteReq,17513
UpdateRouteReq,22121
UpdateRouteReq,15529
UpdateRouteReq,12904
UpdateRouteReq,20418
UpdateRouteReq,17944
UpdateRouteReq,17172
UpdateRouteReq,20678
UpdateRouteReq,18835
UpdateRouteReq,16611
UpdateRouteReq,21279
UpdateRouteReq,21009
UpdateRouteReq,21290
UpdateRouteReq,20419
UpdateRouteReq,18806
UpdateRouteReq,16140
UpdateRouteReq,17854
UpdateRouteReq,17152
UpdateRouteReq,17583
UpdateRouteReq,17282
UpdateRouteReq,13696
UpdateRouteReq,19497
UpdateRouteReq,20027
UpdateRouteReq,17172
UpdateRouteReq,17382
UpdateRouteReq,16621
UpdateRouteReq,17793
UpdateRouteReq,20418
UpdateRouteReq,12203
UpdateRouteReq,11371
UpdateRouteReq,17573
UpdateRouteReq,19246
UpdateRouteReq,18394
UpdateRouteReq,16501
UpdateRouteReq,17703
UpdateRouteReq,15559
UpdateRouteReq,15970
UpdateRouteReq,20188
UpdateRouteReq,17342
UpdateRouteReq,16050
UpdateRouteReq,18414
UpdateRouteReq,17213
UpdateRouteReq,20108
UpdateRouteReq,16902
UpdateRouteReq,19326
UpdateRouteReq,18484
UpdateRouteReq,20378
UpdateRouteReq,17262
UpdateRouteReq,17032
UpdateRouteReq,17433
UpdateRouteReq,16602
UpdateRouteReq,19246
UpdateRouteReq,18294
UpdateRouteReq,18424
UpdateRouteReq,17233
UpdateRouteReq,20509
UpdateRouteReq,22101
UpdateRouteReq,19326
UpdateRouteReq,20909
UpdateRouteReq,13605
UpdateRouteReq,20859
UpdateRouteReq,19196
UpdateRouteReq,18705
UpdateRouteReq,17353
UpdateRouteReq,11792
UpdateRouteReq,11421
UpdateRouteReq,17382
UpdateRouteReq,11712
UpdateRouteReq,15329
UpdateRouteReq,19236
UpdateRouteReq,19366
UpdateRouteReq,20528
UpdateRouteReq,17031
UpdateRouteReq,19797
UpdateRouteReq,18785
UpdateRouteReq,17011
UpdateRouteReq,17693
UpdateRouteReq,16621
UpdateRouteReq,20218
UpdateRouteReq,18274
UpdateRouteReq,17973
UpdateRouteReq,20859
UpdateRouteReq,17482
UpdateRouteReq,17392
UpdateRouteReq,18104
UpdateRouteReq,14016
UpdateRouteReq,11371
UpdateRouteReq,18845
UpdateRouteReq,18605
UpdateRouteReq,18505
UpdateRouteReq,16791
UpdateRouteReq,17683
UpdateRouteReq,16170
UpdateRouteReq,15559
UpdateRouteReq,19717
UpdateRouteReq,18665
UpdateRouteReq,17132
UpdateRouteReq,18525
UpdateRouteReq,16792
UpdateRouteReq,18825
UpdateRouteReq,15960
UpdateRouteReq,15840
UpdateRouteReq,21079
UpdateRouteReq,17362
UpdateRouteReq,15199
UpdateRouteReq,15529
UpdateRouteReq,19717
UpdateRouteReq,16240
UpdateRouteReq,16270
UpdateRouteReq,18595
UpdateRouteReq,16291
UpdateRouteReq,16601
UpdateRouteReq,21039
UpdateRouteReq,20148
UpdateRouteReq,20759
UpdateRouteReq,18925
UpdateRouteReq,18645
UpdateRouteReq,17052
UpdateRouteReq,15590
UpdateRouteReq,17693
UpdateRouteReq,20939
UpdateRouteReq,18775
UpdateRouteReq,19256
UpdateRouteReq,16350
UpdateRouteReq,21049
UpdateRouteReq,19466
UpdateRouteReq,18254
UpdateRouteReq,17142
UpdateRouteReq,15910
UpdateRouteReq,20358
UpdateRouteReq,16852
UpdateRouteReq,16821
UpdateRouteReq,18595
UpdateRouteReq,19226
UpdateRouteReq,17352
UpdateRouteReq,17423
UpdateRouteReq,18414
UpdateRouteReq,18575
UpdateRouteReq,17282
UpdateRouteReq,20879
UpdateRouteReq,16811
UpdateRouteReq,15759
UpdateRouteReq,18585
UpdateRouteReq,17142
UpdateRouteReq,20378
UpdateRouteReq,17493
UpdateRouteReq,14688
UpdateRouteReq,20278
UpdateRouteReq,12233
UpdateRouteReq,15069
UpdateRouteReq,19115
UpdateRouteReq,17693
UpdateRouteReq,17923
UpdateRouteReq,16952
UpdateRouteReq,18375
UpdateRouteReq,19417
UpdateRouteReq,18625
UpdateRouteReq,21050
UpdateRouteReq,20017
UpdateRouteReq,19697
UpdateRouteReq,16541
UpdateRouteReq,16190
UpdateRouteReq,20498
UpdateRouteReq,17302
UpdateRouteReq,12914
UpdateRouteReq,17372
UpdateRouteReq,20638
UpdateRouteReq,16601
UpdateRouteReq,16200
UpdateRouteReq,18315
UpdateRouteReq,15158
UpdateRouteReq,15600
UpdateRouteReq,20829
UpdateRouteReq,20738
UpdateRouteReq,17092
UpdateRouteReq,19747
UpdateRouteReq,18865
UpdateRouteReq,16170
UpdateRouteReq,18224
UpdateRouteReq,17673
UpdateRouteReq,16080
UpdateRouteReq,20468
UpdateRouteReq,22041
UpdateRouteReq,17352
UpdateRouteReq,15920
UpdateRouteReq,17823
UpdateRouteReq,20508
UpdateRouteReq,18084
UpdateRouteReq,18174
UpdateRouteReq,17643
UpdateRouteReq,18094
UpdateRouteReq,18244
UpdateRouteReq,15599
UpdateRouteReq,19717
UpdateRouteReq,18104
UpdateRouteReq,16802
UpdateRouteReq,18996
UpdateRouteReq,17122
UpdateRouteReq,18224
UpdateRouteReq,16040
UpdateRouteReq,15759
UpdateRouteReq,20719
UpdateRouteReq,16341
UpdateRouteReq,16891
UpdateRouteReq,17784
UpdateRouteReq,19647
UpdateRouteReq,18074
UpdateRouteReq,17553
UpdateRouteReq,17783
UpdateRouteReq,15509
UpdateRouteReq,15048
UpdateRouteReq,19587
UpdateRouteReq,16571
UpdateRouteReq,17513
UpdateRouteReq,19196
UpdateRouteReq,18154
UpdateRouteReq,20929
UpdateRouteReq,18705
UpdateRouteReq,17352
UpdateRouteReq,17633
UpdateRouteReq,19316
UpdateRouteReq,12894
UpdateRouteReq,11562
UpdateRouteReq,18515
UpdateRouteReq,16961
UpdateRouteReq,18766
UpdateRouteReq,16992
UpdateRouteReq,17793
UpdateRouteReq,16852
UpdateRouteReq,17533
UpdateRouteReq,16070
UpdateRouteReq,15609
UpdateRouteReq,24796
UpdateRouteReq,19186
UpdateRouteReq,20288
UpdateRouteReq,16541
UpdateRouteReq,16771
UpdateRouteReq,21129
UpdateRouteReq,17553
UpdateRouteReq,17072
UpdateRouteReq,14968
UpdateRouteReq,11661
UpdateRouteReq,14648
UpdateRouteReq,19807
UpdateRouteReq,19156
UpdateRouteReq,18565
UpdateRouteReq,16862
UpdateRouteReq,18394
UpdateRouteReq,16962
UpdateRouteReq,16491
UpdateRouteReq,19817
UpdateRouteReq,18765
UpdateRouteReq,17513
UpdateRouteReq,20188
UpdateRouteReq,16892
UpdateRouteReq,19747
UpdateRouteReq,13546
UpdateRouteReq,17102
UpdateRouteReq,20378
UpdateRouteReq,12393
UpdateRouteReq,11852
UpdateRouteReq,18735
UpdateRouteReq,19767
UpdateRouteReq,18976
UpdateRouteReq,19236
UpdateRouteReq,20127
UpdateRouteReq,18705
UpdateRouteReq,18265
UpdateRouteReq,22172
UpdateRouteReq,18936
UpdateRouteReq,19947
UpdateRouteReq,20127
UpdateRouteReq,18695
UpdateRouteReq,23253
UpdateRouteReq,19917
UpdateRouteReq,17874
UpdateRouteReq,22492
UpdateRouteReq,17422
UpdateRouteReq,18004
UpdateRouteReq,18254
UpdateRouteReq,19927
UpdateRouteReq,17092
UpdateRouteReq,20859
UpdateRouteReq,19477
UpdateRouteReq,17412
UpdateRouteReq,18365
UpdateRouteReq,23745
UpdateRouteReq,20969
UpdateRouteReq,21219
UpdateRouteReq,20929
UpdateRouteReq,18244
UpdateRouteReq,17352
UpdateRouteReq,21851
UpdateRouteReq,14307
UpdateRouteReq,20067
UpdateRouteReq,23033
UpdateRouteReq,24897
UpdateRouteReq,22181
UpdateRouteReq,23113
UpdateRouteReq,17082
UpdateRouteReq,18284
UpdateRouteReq,21490
UpdateRouteReq,19617
UpdateRouteReq,18375
UpdateRouteReq,20298
UpdateRouteReq,19155
UpdateRouteReq,17763
UpdateRouteReq,22542
UpdateRouteReq,21199
UpdateRouteReq,21590
UpdateRouteReq,20628
UpdateRouteReq,17853
UpdateRouteReq,18064
UpdateRouteReq,22863
UpdateRouteReq,20479
UpdateRouteReq,20448
UpdateRouteReq,13436
UpdateRouteReq,15319
UpdateRouteReq,21640
UpdateRouteReq,20879
UpdateRouteReq,19958
UpdateRouteReq,17993
UpdateRouteReq,19056
UpdateRouteReq,16931
UpdateRouteReq,16450
UpdateRouteReq,21330
UpdateRouteReq,20558
UpdateRouteReq,17743
UpdateRouteReq,20308
UpdateRouteReq,17963
UpdateRouteReq,19727
UpdateRouteReq,16972
UpdateRouteReq,18024
UpdateRouteReq,22022
UpdateRouteReq,18976
UpdateRouteReq,14417
UpdateRouteReq,20769
UpdateRouteReq,21220
UpdateRouteReq,18585
UpdateRouteReq,18164
UpdateRouteReq,23704
UpdateRouteReq,23504
UpdateRouteReq,12152
UpdateRouteReq,23975
UpdateRouteReq,19997
UpdateRouteReq,17253
UpdateRouteReq,20258
UpdateRouteReq,18765
UpdateRouteReq,18425
UpdateRouteReq,17983
UpdateRouteReq,17483
UpdateRouteReq,17974
UpdateRouteReq,28323
UpdateRouteReq,18043
UpdateRouteReq,18485
UpdateRouteReq,13265
UpdateRouteReq,13525
UpdateRouteReq,12233
UpdateRouteReq,12413
UpdateRouteReq,11641
UpdateRouteReq,12172
UpdateRouteReq,12413
UpdateRouteReq,13606
UpdateRouteReq,13145
UpdateRouteReq,13886
UpdateRouteReq,13836
UpdateRouteReq,13465
UpdateRouteReq,13987
UpdateRouteReq,22231
UpdateRouteReq,17993
UpdateRouteReq,21591
UpdateRouteReq,18284
UpdateRouteReq,16190
UpdateRouteReq,19487
UpdateRouteReq,18826
UpdateRouteReq,16460
UpdateRouteReq,23144
UpdateRouteReq,19306
UpdateRouteReq,19366
UpdateRouteReq,16631
UpdateRouteReq,17493
UpdateRouteReq,16902
UpdateRouteReq,12052
UpdateRouteReq,17342
UpdateRouteReq,14677
UpdateRouteReq,17442
UpdateRouteReq,13195
UpdateRouteReq,14688
UpdateRouteReq,15319
UpdateRouteReq,13996
UpdateRouteReq,16821
UpdateRouteReq,17422
UpdateRouteReq,15879
UpdateRouteReq,15509
UpdateRouteReq,16110
UpdateRouteReq,14146
UpdateRouteReq,15088
UpdateRouteReq,19897
UpdateRouteReq,15830
UpdateRouteReq,18295
UpdateRouteReq,16241
UpdateRouteReq,17232
UpdateRouteReq,16861
UpdateRouteReq,13415
UpdateRouteReq,16891
UpdateRouteReq,14978
UpdateRouteReq,21380
UpdateRouteReq,12594
UpdateRouteReq,13465
UpdateRouteReq,12864
UpdateRouteReq,12864
UpdateRouteReq,15549
UpdateRouteReq,19116
UpdateRouteReq,14998
UpdateRouteReq,15489
UpdateRouteReq,19055
UpdateRouteReq,16301
UpdateRouteReq,16431
UpdateRouteReq,20669
UpdateRouteReq,19176
UpdateRouteReq,18494
UpdateRouteReq,19436
UpdateRouteReq,19397
UpdateRouteReq,19286
UpdateRouteReq,12654
UpdateRouteReq,16241
UpdateRouteReq,14417
UpdateRouteReq,17112
UpdateRouteReq,15379
UpdateRouteReq,28013
UpdateRouteReq,23243
UpdateRouteReq,27101
UpdateRouteReq,32511
UpdateRouteReq,35357
UpdateRouteReq,26299
UpdateRouteReq,26399
UpdateRouteReq,33202
UpdateRouteReq,21420
UpdateRouteReq,22122
UpdateRouteReq,30377
UpdateRouteReq,25908
UpdateRouteReq,23344
UpdateRouteReq,28514
UpdateRouteReq,19517
UpdateRouteReq,21230
UpdateRouteReq,28864
UpdateRouteReq,26490
UpdateRouteReq,23845
UpdateRouteReq,29175
UpdateRouteReq,21120
UpdateRouteReq,21540
UpdateRouteReq,34765
UpdateRouteReq,23725
UpdateRouteReq,32210
UpdateRouteReq,29615
UpdateRouteReq,17563
UpdateRouteReq,17954
UpdateRouteReq,16772
UpdateRouteReq,21781
UpdateRouteReq,22882
UpdateRouteReq,22081
UpdateRouteReq,21961
UpdateRouteReq,23704
UpdateRouteReq,23865
UpdateRouteReq,16100
UpdateRouteReq,20929
UpdateRouteReq,22602
UpdateRouteReq,22562
UpdateRouteReq,27932
UpdateRouteReq,21731
UpdateRouteReq,18235
UpdateRouteReq,16541
UpdateRouteReq,15769
UpdateRouteReq,21340
UpdateRouteReq,23193
UpdateRouteReq,133660
UpdateRouteReq,119073
UpdateRouteReq,20197
UpdateRouteReq,23574
UpdateRouteReq,18064
UpdateRouteReq,20768
UpdateRouteReq,22462
UpdateRouteReq,23334
UpdateRouteReq,25518
UpdateRouteReq,29164
UpdateRouteReq,18164
UpdateRouteReq,16061
UpdateRouteReq,18745
UpdateRouteReq,23234
UpdateRouteReq,24005
UpdateRouteReq,22462
UpdateRouteReq,19547
UpdateRouteReq,20048
UpdateRouteReq,18495
UpdateRouteReq,16240
UpdateRouteReq,20819
UpdateRouteReq,16701
UpdateRouteReq,16952
UpdateRouteReq,21370
UpdateRouteReq,21721
UpdateRouteReq,18695
UpdateRouteReq,15259
UpdateRouteReq,17353
UpdateRouteReq,22001
UpdateRouteReq,24616
UpdateRouteReq,19466
UpdateRouteReq,18124
UpdateRouteReq,21119
UpdateRouteReq,16671
UpdateRouteReq,16140
UpdateRouteReq,19206
UpdateRouteReq,14868
UpdateRouteReq,15890
UpdateRouteReq,21901
UpdateRouteReq,21440
UpdateRouteReq,15570
UpdateRouteReq,17263
UpdateRouteReq,21370
UpdateRouteReq,20088
UpdateRouteReq,18215
UpdateRouteReq,20308
UpdateRouteReq,20078
UpdateRouteReq,23063
UpdateRouteReq,23624
UpdateRouteReq,17633
UpdateRouteReq,16120
UpdateRouteReq,22573
UpdateRouteReq,22532
UpdateRouteReq,20578
UpdateRouteReq,18475
UpdateRouteReq,17042
UpdateRouteReq,18374
UpdateRouteReq,19817
UpdateRouteReq,16531
UpdateRouteReq,21811
UpdateRouteReq,25097
UpdateRouteReq,17613
UpdateRouteReq,19236
UpdateRouteReq,23033
UpdateRouteReq,21660
UpdateRouteReq,23785
UpdateRouteReq,24356
UpdateRouteReq,17523
UpdateRouteReq,15829
UpdateRouteReq,22322
UpdateRouteReq,18464
UpdateRouteReq,20228
UpdateRouteReq,17993
UpdateRouteReq,17714
UpdateRouteReq,19687
UpdateRouteReq,17002
UpdateRouteReq,16160
UpdateRouteReq,17873
UpdateRouteReq,17393
UpdateRouteReq,12934
UpdateRouteReq,15630
UpdateRouteReq,16401
UpdateRouteReq,17473
UpdateRouteReq,16240
UpdateRouteReq,15149
UpdateRouteReq,16551
UpdateRouteReq,19847
UpdateRouteReq,21260
UpdateRouteReq,15358
UpdateRouteReq,13746
UpdateRouteReq,19106
UpdateRouteReq,18885
UpdateRouteReq,17472
UpdateRouteReq,15269
UpdateRouteReq,15579
UpdateRouteReq,16411
UpdateRouteReq,14647
UpdateRouteReq,13676
UpdateRouteReq,17112
UpdateRouteReq,19427
UpdateRouteReq,15649
UpdateRouteReq,17754
UpdateRouteReq,19968
UpdateRouteReq,19727
UpdateRouteReq,20679
UpdateRouteReq,17913
UpdateRouteReq,14838
UpdateRouteReq,13936
UpdateRouteReq,13936
UpdateRouteReq,19426
UpdateRouteReq,19657
UpdateRouteReq,18275
UpdateRouteReq,16811
UpdateRouteReq,20449
UpdateRouteReq,17102
UpdateRouteReq,12072
UpdateRouteReq,17472
UpdateRouteReq,19236
UpdateRouteReq,18615
UpdateRouteReq,20047
UpdateRouteReq,18815
UpdateRouteReq,13565
UpdateRouteReq,17523
UpdateRouteReq,18935
UpdateRouteReq,19396
UpdateRouteReq,20107
UpdateRouteReq,31238
UpdateRouteReq,20578
UpdateRouteReq,22112
UpdateRouteReq,33332
UpdateRouteReq,24195
UpdateRouteReq,23083
UpdateRouteReq,29695
UpdateRouteReq,24526
UpdateRouteReq,23033
UpdateRouteReq,38222
UpdateRouteReq,24136
UpdateRouteReq,25688
UpdateRouteReq,20959
UpdateRouteReq,13406
UpdateRouteReq,15118
UpdateRouteReq,18394
UpdateRouteReq,14236
UpdateRouteReq,20468
UpdateRouteReq,20258
UpdateRouteReq,15198
UpdateRouteReq,12583
UpdateRouteReq,18304
UpdateRouteReq,14127
UpdateRouteReq,17713
UpdateRouteReq,15489
UpdateRouteReq,13274
UpdateRouteReq,14077
UpdateRouteReq,12083
UpdateRouteReq,12864
UpdateRouteReq,18705
UpdateRouteReq,17182
UpdateRouteReq,12904
UpdateRouteReq,12223
UpdateRouteReq,16040
UpdateRouteReq,14337
UpdateRouteReq,12333
UpdateRouteReq,16461
UpdateRouteReq,13235
UpdateRouteReq,18525
UpdateRouteReq,18935
UpdateRouteReq,14237
UpdateRouteReq,11732
UpdateRouteReq,16571
UpdateRouteReq,13335
UpdateRouteReq,17683
UpdateRouteReq,16531
UpdateRouteReq,15048
UpdateRouteReq,14457
UpdateRouteReq,13385
UpdateRouteReq,11642
UpdateRouteReq,16781
UpdateRouteReq,20318
UpdateRouteReq,12663
UpdateRouteReq,13245
UpdateRouteReq,15770
UpdateRouteReq,14196
UpdateRouteReq,12884
UpdateRouteReq,16150
UpdateRouteReq,14908
UpdateRouteReq,13846
UpdateRouteReq,12854
UpdateRouteReq,12313
UpdateRouteReq,16060
UpdateRouteReq,11932
UpdateRouteReq,11822
UpdateRouteReq,19516
UpdateRouteReq,17884
UpdateRouteReq,14557
UpdateRouteReq,11722
UpdateRouteReq,11792
UpdateRouteReq,14527
UpdateRouteReq,12794
UpdateRouteReq,16681
UpdateRouteReq,13576
UpdateRouteReq,13135
UpdateRouteReq,11562
UpdateRouteReq,11421
UpdateRouteReq,16071
UpdateRouteReq,12083
UpdateRouteReq,11772
UpdateRouteReq,16882
UpdateRouteReq,16060
UpdateRouteReq,12984
UpdateRouteReq,11832
UpdateRouteReq,14988
UpdateRouteReq,13115
UpdateRouteReq,12764
UpdateRouteReq,16151
UpdateRouteReq,13565
UpdateRouteReq,12774
UpdateRouteReq,19266
UpdateRouteReq,13335
UpdateRouteReq,16390
UpdateRouteReq,11953
UpdateRouteReq,11741
UpdateRouteReq,19657
UpdateRouteReq,18615
UpdateRouteReq,14748
UpdateRouteReq,11913
UpdateRouteReq,11532
UpdateRouteReq,12904
UpdateRouteReq,13164
UpdateRouteReq,16931
UpdateRouteReq,13355
UpdateRouteReq,16491
UpdateRouteReq,14597
UpdateRouteReq,13756
UpdateRouteReq,15148
UpdateRouteReq,12713
UpdateRouteReq,12834
UpdateRouteReq,20779
UpdateRouteReq,19066
UpdateRouteReq,13576
UpdateRouteReq,12814
UpdateRouteReq,12423
UpdateRouteReq,13545
UpdateRouteReq,13775
UpdateRouteReq,18474
UpdateRouteReq,14176
UpdateRouteReq,18013
UpdateRouteReq,20068
UpdateRouteReq,15239
UpdateRouteReq,12503
UpdateRouteReq,24306
UpdateRouteReq,25738
UpdateRouteReq,44563
UpdateRouteReq,25818
UpdateRouteReq,24085
UpdateRouteReq,28734
UpdateRouteReq,33172
UpdateRouteReq,23864
UpdateRouteReq,31779
UpdateRouteReq,35897
UpdateRouteReq,22142
UpdateRouteReq,20818
UpdateRouteReq,19898
UpdateRouteReq,24667
UpdateRouteReq,21059
UpdateRouteReq,27020
UpdateRouteReq,24115
UpdateRouteReq,18825
UpdateRouteReq,22081
UpdateRouteReq,18866
UpdateRouteReq,23454
UpdateRouteReq,18976
UpdateRouteReq,18835
UpdateRouteReq,18415
UpdateRouteReq,22853
UpdateRouteReq,18735
UpdateRouteReq,25478
UpdateRouteReq,30648
UpdateRouteReq,21059
UpdateRouteReq,18654
UpdateRouteReq,16801
UpdateRouteReq,19546
UpdateRouteReq,20859
UpdateRouteReq,37880
UpdateRouteReq,19266
UpdateRouteReq,19677
UpdateRouteReq,32561
UpdateRouteReq,22893
UpdateRouteReq,25057
UpdateRouteReq,19637
UpdateRouteReq,19126
UpdateRouteReq,24807
UpdateRouteReq,30036
UpdateRouteReq,20528
UpdateRouteReq,18895
UpdateRouteReq,20288
UpdateRouteReq,22602
UpdateRouteReq,21060
UpdateRouteReq,31699
UpdateRouteReq,23564
UpdateRouteReq,18925
UpdateRouteReq,17382
UpdateRouteReq,18535
UpdateRouteReq,26490
UpdateRouteReq,25547
UpdateRouteReq,19537
UpdateRouteReq,27933
UpdateRouteReq,24766
UpdateRouteReq,21340
UpdateRouteReq,20569
UpdateRouteReq,22041
UpdateRouteReq,20147
UpdateRouteReq,28683
UpdateRouteReq,23885
UpdateRouteReq,20027
UpdateRouteReq,27932
UpdateRouteReq,20498
UpdateRouteReq,18605
UpdateRouteReq,22301
UpdateRouteReq,27120
UpdateRouteReq,19337
UpdateRouteReq,19487
UpdateRouteReq,19988
UpdateRouteReq,38502
UpdateRouteReq,19737
UpdateRouteReq,25528
UpdateRouteReq,27100
UpdateRouteReq,24826
UpdateRouteReq,33312
UpdateRouteReq,24275
UpdateRouteReq,30247
UpdateRouteReq,30918
UpdateRouteReq,23213
UpdateRouteReq,18946
UpdateRouteReq,27862
UpdateRouteReq,22182
UpdateRouteReq,27512
UpdateRouteReq,23304
UpdateRouteReq,20398
UpdateRouteReq,21009
UpdateRouteReq,19106
UpdateRouteReq,18705
UpdateRouteReq,29365
UpdateRouteReq,27411
UpdateRouteReq,18445
UpdateRouteReq,18946
UpdateRouteReq,24947
UpdateRouteReq,24446
UpdateRouteReq,20849
UpdateRouteReq,27020
UpdateRouteReq,22162
UpdateRouteReq,31960
UpdateRouteReq,33693
UpdateRouteReq,24816
UpdateRouteReq,20819
UpdateRouteReq,29996
UpdateRouteReq,23594
UpdateRouteReq,29405
UpdateRouteReq,24446
UpdateRouteReq,20989
UpdateRouteReq,21871
UpdateRouteReq,19156
UpdateRouteReq,18835
UpdateRouteReq,32951
UpdateRouteReq,30708
UpdateRouteReq,62016
UpdateRouteReq,37540
UpdateRouteReq,34024
UpdateRouteReq,29114
UpdateRouteReq,28533
UpdateRouteReq,18805
UpdateRouteReq,17132
UpdateRouteReq,24355
UpdateRouteReq,19938
UpdateRouteReq,17463
UpdateRouteReq,16251
UpdateRouteReq,21240
UpdateRouteReq,18184
UpdateRouteReq,17443
UpdateRouteReq,18294
UpdateRouteReq,19266
UpdateRouteReq,19196
UpdateRouteReq,22201
UpdateRouteReq,21941
UpdateRouteReq,17754
UpdateRouteReq,20108
UpdateRouteReq,18074
UpdateRouteReq,16221
UpdateRouteReq,18956
UpdateRouteReq,18004
UpdateRouteReq,19888
UpdateRouteReq,22812
UpdateRouteReq,18114
UpdateRouteReq,17403
UpdateRouteReq,18785
UpdateRouteReq,17473
UpdateRouteReq,17683
UpdateRouteReq,17783
UpdateRouteReq,19115
UpdateRouteReq,17903
UpdateRouteReq,17352
UpdateRouteReq,16651
UpdateRouteReq,15819
UpdateRouteReq,14797
UpdateRouteReq,15899
UpdateRouteReq,17192
UpdateRouteReq,14898
UpdateRouteReq,19657
UpdateRouteReq,19246
UpdateRouteReq,21049
UpdateRouteReq,18174
UpdateRouteReq,19817
UpdateRouteReq,18515
UpdateRouteReq,18053
UpdateRouteReq,22051
UpdateRouteReq,17843
UpdateRouteReq,16450
UpdateRouteReq,14727
UpdateRouteReq,15799
UpdateRouteReq,17362
UpdateRouteReq,17863
UpdateRouteReq,14597
UpdateRouteReq,18154
UpdateRouteReq,19146
UpdateRouteReq,20288
UpdateRouteReq,25097
UpdateRouteReq,21590
UpdateRouteReq,18885
UpdateRouteReq,18284
UpdateRouteReq,19747
UpdateRouteReq,16541
UpdateRouteReq,17583
UpdateRouteReq,18454
UpdateRouteReq,15529
UpdateRouteReq,15830
UpdateRouteReq,16671
UpdateRouteReq,24355
UpdateRouteReq,19096
UpdateRouteReq,21290
UpdateRouteReq,17453
UpdateRouteReq,18434
UpdateRouteReq,17583
UpdateRouteReq,19406
UpdateRouteReq,16300
UpdateRouteReq,20509
UpdateRouteReq,15048
UpdateRouteReq,19436
UpdateRouteReq,16751
UpdateRouteReq,14768
UpdateRouteReq,21060
UpdateRouteReq,14317
UpdateRouteReq,20137
UpdateRouteReq,16260
UpdateRouteReq,15769
UpdateRouteReq,17703
UpdateRouteReq,19847
UpdateRouteReq,13906
UpdateRouteReq,17433
UpdateRouteReq,17172
UpdateRouteReq,15008
UpdateRouteReq,16210
UpdateRouteReq,17523
UpdateRouteReq,16471
UpdateRouteReq,20809
UpdateRouteReq,19857
UpdateRouteReq,15529
UpdateRouteReq,18314
UpdateRouteReq,18996
UpdateRouteReq,18114
UpdateRouteReq,20278
UpdateRouteReq,18595
UpdateRouteReq,18003
UpdateRouteReq,15028
UpdateRouteReq,19767
UpdateRouteReq,16040
UpdateRouteReq,14317
UpdateRouteReq,19616
UpdateRouteReq,18274
UpdateRouteReq,21850
UpdateRouteReq,22342
UpdateRouteReq,16902
UpdateRouteReq,17914
UpdateRouteReq,16992
UpdateRouteReq,16421
UpdateRouteReq,20789
UpdateRouteReq,18335
UpdateRouteReq,19376
UpdateRouteReq,19116
UpdateRouteReq,18305
UpdateRouteReq,22452
UpdateRouteReq,17984
UpdateRouteReq,17303
UpdateRouteReq,14517
UpdateRouteReq,17462
UpdateRouteReq,16130
UpdateRouteReq,18765
UpdateRouteReq,14617
UpdateRouteReq,18865
UpdateRouteReq,19467
UpdateRouteReq,20469
UpdateRouteReq,18825
UpdateRouteReq,16010
UpdateRouteReq,19627
UpdateRouteReq,17863
UpdateRouteReq,23363
UpdateRouteReq,17773
UpdateRouteReq,16681
UpdateRouteReq,19626
UpdateRouteReq,15278
UpdateRouteReq,12013
UpdateRouteReq,12213
UpdateRouteReq,12253
UpdateRouteReq,13496
UpdateRouteReq,13785
UpdateRouteReq,14036
UpdateRouteReq,13786
UpdateRouteReq,13234
UpdateRouteReq,12213
UpdateRouteReq,12163
UpdateRouteReq,13926
UpdateRouteReq,12493
UpdateRouteReq,12353
UpdateRouteReq,12122
UpdateRouteReq,11992
UpdateRouteReq,11922
UpdateRouteReq,14808
UpdateRouteReq,14177
UpdateRouteReq,11461
UpdateRouteReq,12894
UpdateRouteReq,12854
UpdateRouteReq,12744
UpdateRouteReq,11822
UpdateRouteReq,13255
UpdateRouteReq,12113
UpdateRouteReq,11842
UpdateRouteReq,12203
UpdateRouteReq,12133
UpdateRouteReq,16381
UpdateRouteReq,17663
UpdateRouteReq,15710
UpdateRouteReq,24977
UpdateRouteReq,31048
UpdateRouteReq,27772
UpdateRouteReq,26109
UpdateRouteReq,27040
UpdateRouteReq,33593
UpdateRouteReq,16130
UpdateRouteReq,36688
UpdateRouteReq,23574
UpdateRouteReq,25648
UpdateRouteReq,23213
UpdateRouteReq,18344
UpdateRouteReq,26300
UpdateRouteReq,19226
UpdateRouteReq,18214
UpdateRouteReq,18494
UpdateRouteReq,23443
UpdateRouteReq,18514
UpdateRouteReq,26831
UpdateRouteReq,28283
UpdateRouteReq,20128
UpdateRouteReq,18494
UpdateRouteReq,25117
UpdateRouteReq,28734
UpdateRouteReq,19827
UpdateRouteReq,24757
UpdateRouteReq,17052
UpdateRouteReq,27321
UpdateRouteReq,19015
UpdateRouteReq,18414
UpdateRouteReq,29926
UpdateRouteReq,30648
UpdateRouteReq,27331
UpdateRouteReq,17262
UpdateRouteReq,22973
UpdateRouteReq,23183
UpdateRouteReq,21390
UpdateRouteReq,32601
UpdateRouteReq,23765
UpdateRouteReq,18695
UpdateRouteReq,18494
UpdateRouteReq,17432
UpdateRouteReq,24546
UpdateRouteReq,24165
UpdateRouteReq,19096
UpdateRouteReq,18064
UpdateRouteReq,22983
UpdateRouteReq,17823
UpdateRouteReq,18194
UpdateRouteReq,19857
UpdateRouteReq,17843
UpdateRouteReq,26690
UpdateRouteReq,25938
UpdateRouteReq,14367
UpdateRouteReq,18274
UpdateRouteReq,18865
UpdateRouteReq,17783
UpdateRouteReq,17974
UpdateRouteReq,64220
UpdateRouteReq,21000
UpdateRouteReq,22282
UpdateRouteReq,21510
UpdateRouteReq,13345
UpdateRouteReq,17432
UpdateRouteReq,32872
UpdateRouteReq,22201
UpdateRouteReq,27080
UpdateRouteReq,29285
UpdateRouteReq,23795
UpdateRouteReq,18435
UpdateRouteReq,27411
UpdateRouteReq,21210
UpdateRouteReq,25578
UpdateRouteReq,28293
UpdateRouteReq,22282
UpdateRouteReq,23353
UpdateRouteReq,19617
UpdateRouteReq,19206
UpdateRouteReq,32621
UpdateRouteReq,28724
UpdateRouteReq,23053
UpdateRouteReq,19586
UpdateRouteReq,19838
UpdateRouteReq,21660
UpdateRouteReq,20999
UpdateRouteReq,27031
UpdateRouteReq,22382
UpdateRouteReq,25809
UpdateRouteReq,23574
UpdateRouteReq,20228
UpdateRouteReq,21580
UpdateRouteReq,18545
UpdateRouteReq,17963
UpdateRouteReq,26860
UpdateRouteReq,28553
UpdateRouteReq,23344
UpdateRouteReq,18043
UpdateRouteReq,17953
UpdateRouteReq,20097
UpdateRouteReq,20008
UpdateRouteReq,26730
UpdateRouteReq,20959
UpdateRouteReq,25277
UpdateRouteReq,23824
UpdateRouteReq,19757
UpdateRouteReq,21080
UpdateRouteReq,18454
UpdateRouteReq,18094
UpdateRouteReq,29465
UpdateRouteReq,28363
UpdateRouteReq,21490
UpdateRouteReq,18013
UpdateRouteReq,22112
UpdateRouteReq,20007
UpdateRouteReq,19957
UpdateRouteReq,27491
UpdateRouteReq,21289
UpdateRouteReq,30206
UpdateRouteReq,33443
UpdateRouteReq,25838
UpdateRouteReq,19276
UpdateRouteReq,32451
UpdateRouteReq,19076
UpdateRouteReq,26770
UpdateRouteReq,26760
UpdateRouteReq,14808
UpdateRouteReq,22913
UpdateRouteReq,18505
UpdateRouteReq,18174
UpdateRouteReq,34675
UpdateRouteReq,28994
UpdateRouteReq,23253
UpdateRouteReq,19387
UpdateRouteReq,17683
UpdateRouteReq,20158
UpdateRouteReq,20117
UpdateRouteReq,25618
UpdateRouteReq,20769
UpdateRouteReq,24576
UpdateRouteReq,25457
UpdateRouteReq,19016
UpdateRouteReq,20929
UpdateRouteReq,18806
UpdateRouteReq,17944
UpdateRouteReq,25688
UpdateRouteReq,28272
UpdateRouteReq,22062
UpdateRouteReq,17843
UpdateRouteReq,17753
UpdateRouteReq,20127
UpdateRouteReq,19216
UpdateRouteReq,27882
UpdateRouteReq,16370
UpdateRouteReq,24095
UpdateRouteReq,23624
UpdateRouteReq,20187
UpdateRouteReq,21500
UpdateRouteReq,18735
UpdateRouteReq,17943
UpdateRouteReq,39193
UpdateRouteReq,28804
UpdateRouteReq,25217
UpdateRouteReq,18315
UpdateRouteReq,19146
UpdateRouteReq,21610
UpdateRouteReq,19848
UpdateRouteReq,29676
UpdateRouteReq,17453
UpdateRouteReq,24175
UpdateRouteReq,25748
UpdateRouteReq,20067
UpdateRouteReq,21731
UpdateRouteReq,19286
UpdateRouteReq,18264
UpdateRouteReq,27030
UpdateRouteReq,28533
UpdateRouteReq,22672
UpdateRouteReq,18164
UpdateRouteReq,18033
UpdateRouteReq,19767
UpdateRouteReq,20077
UpdateRouteReq,25899
UpdateRouteReq,20809
UpdateRouteReq,25277
UpdateRouteReq,24315
UpdateRouteReq,19667
UpdateRouteReq,22061
UpdateRouteReq,18755
UpdateRouteReq,17984
UpdateRouteReq,28062
UpdateRouteReq,29234
UpdateRouteReq,22613
UpdateRouteReq,18003
UpdateRouteReq,17753
UpdateRouteReq,19877
UpdateRouteReq,20007
UpdateRouteReq,29315
UpdateRouteReq,16270
UpdateRouteReq,23785
UpdateRouteReq,24025
UpdateRouteReq,19978
UpdateRouteReq,21390
UpdateRouteReq,18815
UpdateRouteReq,19837
UpdateRouteReq,31670
UpdateRouteReq,31259
UpdateRouteReq,27431
UpdateRouteReq,14176
UpdateRouteReq,19847
UpdateRouteReq,22081
UpdateRouteReq,19717
UpdateRouteReq,28112
UpdateRouteReq,16621
UpdateRouteReq,25507
UpdateRouteReq,24386
UpdateRouteReq,20157
UpdateRouteReq,20719
UpdateRouteReq,18925
UpdateRouteReq,17984
UpdateRouteReq,30548
UpdateRouteReq,31408
UpdateRouteReq,24697
UpdateRouteReq,20068
UpdateRouteReq,17873
UpdateRouteReq,20589
UpdateRouteReq,19487
UpdateRouteReq,26650
UpdateRouteReq,21250
UpdateRouteReq,25447
UpdateRouteReq,23554
UpdateRouteReq,20117
UpdateRouteReq,21501
UpdateRouteReq,18194
UpdateRouteReq,18425
UpdateRouteReq,26640
UpdateRouteReq,28494
UpdateRouteReq,22191
UpdateRouteReq,17944
UpdateRouteReq,17734
UpdateRouteReq,19907
UpdateRouteReq,19987
UpdateRouteReq,26048
UpdateRouteReq,21540
UpdateRouteReq,25458
UpdateRouteReq,25758
UpdateRouteReq,19737
UpdateRouteReq,22452
UpdateRouteReq,18184
UpdateRouteReq,18084
UpdateRouteReq,30627
UpdateRouteReq,28984
UpdateRouteReq,23254
UpdateRouteReq,18104
UpdateRouteReq,18364
UpdateRouteReq,19667
UpdateRouteReq,20038
UpdateRouteReq,28333
UpdateRouteReq,16170
UpdateRouteReq,24906
UpdateRouteReq,24215
UpdateRouteReq,19707
UpdateRouteReq,21671
UpdateRouteReq,18084
UpdateRouteReq,18174
UpdateRouteReq,28864
UpdateRouteReq,28904
UpdateRouteReq,22703
UpdateRouteReq,17954
UpdateRouteReq,17673
UpdateRouteReq,20137
UpdateRouteReq,19747
UpdateRouteReq,31088
UpdateRouteReq,18585
UpdateRouteReq,23955
UpdateRouteReq,24235
UpdateRouteReq,20218
UpdateRouteReq,21811
UpdateRouteReq,18625
UpdateRouteReq,17893
UpdateRouteReq,31288
UpdateRouteReq,28664
UpdateRouteReq,24846
UpdateRouteReq,14207
UpdateRouteReq,18245
UpdateRouteReq,20588
UpdateRouteReq,19706
UpdateRouteReq,25628
UpdateRouteReq,20920
UpdateRouteReq,25457
UpdateRouteReq,24736
UpdateRouteReq,23584
UpdateRouteReq,23403
UpdateRouteReq,20748
UpdateRouteReq,19276
UpdateRouteReq,29094
UpdateRouteReq,29976
UpdateRouteReq,23654
UpdateRouteReq,19036
UpdateRouteReq,17784
UpdateRouteReq,21270
UpdateRouteReq,20167
UpdateRouteReq,28262
UpdateRouteReq,23805
UpdateRouteReq,24486
UpdateRouteReq,26911
UpdateRouteReq,15729
UpdateRouteReq,21701
UpdateRouteReq,18865
UpdateRouteReq,18054
UpdateRouteReq,29365
UpdateRouteReq,28613
UpdateRouteReq,23595
UpdateRouteReq,18345
UpdateRouteReq,17853
UpdateRouteReq,20128
UpdateRouteReq,20378
UpdateRouteReq,28644
UpdateRouteReq,16491
UpdateRouteReq,24827
UpdateRouteReq,24967
UpdateRouteReq,19967
UpdateRouteReq,21150
UpdateRouteReq,18494
UpdateRouteReq,18104
UpdateRouteReq,28273
UpdateRouteReq,28313
UpdateRouteReq,22382
UpdateRouteReq,18044
UpdateRouteReq,18174
UpdateRouteReq,20618
UpdateRouteReq,19757
UpdateRouteReq,26660
UpdateRouteReq,21020
UpdateRouteReq,24005
UpdateRouteReq,33172
UpdateRouteReq,20549
UpdateRouteReq,21590
UpdateRouteReq,18615
UpdateRouteReq,17733
UpdateRouteReq,26369
UpdateRouteReq,29495
UpdateRouteReq,22923
UpdateRouteReq,18104
UpdateRouteReq,18214
UpdateRouteReq,20779
UpdateRouteReq,19767
UpdateRouteReq,26108
UpdateRouteReq,21510
UpdateRouteReq,25047
UpdateRouteReq,23694
UpdateRouteReq,20368
UpdateRouteReq,21319
UpdateRouteReq,18825
UpdateRouteReq,18054
UpdateRouteReq,25678
UpdateRouteReq,28924
UpdateRouteReq,21991
UpdateRouteReq,17984
UpdateRouteReq,18264
UpdateRouteReq,20017
UpdateRouteReq,20368
UpdateRouteReq,30286
UpdateRouteReq,19096
UpdateRouteReq,22652
UpdateRouteReq,24265
UpdateRouteReq,19817
UpdateRouteReq,21781
UpdateRouteReq,18003
UpdateRouteReq,18003
UpdateRouteReq,28333
UpdateRouteReq,28773
UpdateRouteReq,22993
UpdateRouteReq,18515
UpdateRouteReq,17863
UpdateRouteReq,20118
UpdateRouteReq,20097
UpdateRouteReq,26569
UpdateRouteReq,20849
UpdateRouteReq,28683
UpdateRouteReq,26660
UpdateRouteReq,19527
UpdateRouteReq,21029
UpdateRouteReq,19857
UpdateRouteReq,19306
UpdateRouteReq,29335
UpdateRouteReq,30187
UpdateRouteReq,23895
UpdateRouteReq,19296
UpdateRouteReq,19437
UpdateRouteReq,22111
UpdateRouteReq,19657
UpdateRouteReq,25508
UpdateRouteReq,22532
UpdateRouteReq,26821
UpdateRouteReq,22142
UpdateRouteReq,17713
UpdateRouteReq,22352
UpdateRouteReq,15619
UpdateRouteReq,27382
UpdateRouteReq,20648
UpdateRouteReq,17924
UpdateRouteReq,17602
UpdateRouteReq,27802
UpdateRouteReq,29115
UpdateRouteReq,20979
UpdateRouteReq,17843
UpdateRouteReq,30126
UpdateRouteReq,23834
UpdateRouteReq,18284
UpdateRouteReq,22702
UpdateRouteReq,17753
UpdateRouteReq,26980
UpdateRouteReq,18776
UpdateRouteReq,17763
UpdateRouteReq,17422
UpdateRouteReq,22402
UpdateRouteReq,18004
UpdateRouteReq,27842
UpdateRouteReq,27822
UpdateRouteReq,19938
UpdateRouteReq,17894
UpdateRouteReq,24205
UpdateRouteReq,26650
UpdateRouteReq,20068
UpdateRouteReq,21851
UpdateRouteReq,20168
UpdateRouteReq,26259
UpdateRouteReq,20117
UpdateRouteReq,18043
UpdateRouteReq,26931
UpdateRouteReq,28554
UpdateRouteReq,23645
UpdateRouteReq,19366
UpdateRouteReq,20789
UpdateRouteReq,22392
UpdateRouteReq,20187
UpdateRouteReq,29084
UpdateRouteReq,23154
UpdateRouteReq,19015
UpdateRouteReq,17583
UpdateRouteReq,17853
UpdateRouteReq,25919
UpdateRouteReq,23274
UpdateRouteReq,19326
UpdateRouteReq,17903
UpdateRouteReq,22261
UpdateRouteReq,18053
UpdateRouteReq,17974
UpdateRouteReq,20298
UpdateRouteReq,17593
UpdateRouteReq,27171
UpdateRouteReq,24827
UpdateRouteReq,18164
UpdateRouteReq,17623
UpdateRouteReq,18996
UpdateRouteReq,17543
UpdateRouteReq,17392
UpdateRouteReq,23644
UpdateRouteReq,23774
UpdateRouteReq,21200
UpdateRouteReq,17743
UpdateRouteReq,297346
UpdateRouteReq,290413
UpdateRouteReq,132979
UpdateRouteReq,117319
UpdateRouteReq,20719
UpdateRouteReq,29074
UpdateRouteReq,18705
UpdateRouteReq,18104
UpdateRouteReq,26009
UpdateRouteReq,17923
UpdateRouteReq,17773
UpdateRouteReq,23224
UpdateRouteReq,19366
UpdateRouteReq,23394
UpdateRouteReq,18454
UpdateRouteReq,17532
UpdateRouteReq,24265
UpdateRouteReq,23213
UpdateRouteReq,22642
UpdateRouteReq,19125
UpdateRouteReq,27391
UpdateRouteReq,21971
UpdateRouteReq,26980
UpdateRouteReq,28443
UpdateRouteReq,17282
UpdateRouteReq,21771
UpdateRouteReq,17874
UpdateRouteReq,18104
UpdateRouteReq,33803
UpdateRouteReq,28203
UpdateRouteReq,20929
UpdateRouteReq,18194
UpdateRouteReq,22262
UpdateRouteReq,20117
UpdateRouteReq,20087
UpdateRouteReq,26770
UpdateRouteReq,21060
UpdateRouteReq,25017
UpdateRouteReq,30617
UpdateRouteReq,23304
UpdateRouteReq,18124
UpdateRouteReq,30377
UpdateRouteReq,17563
UpdateRouteReq,23845
UpdateRouteReq,24956
UpdateRouteReq,20007
UpdateRouteReq,21370
UpdateRouteReq,18585
UpdateRouteReq,18044
UpdateRouteReq,23564
UpdateRouteReq,28753
UpdateRouteReq,22803
UpdateRouteReq,16661
UpdateRouteReq,17914
UpdateRouteReq,19817
UpdateRouteReq,20068
UpdateRouteReq,27131
UpdateRouteReq,20769
UpdateRouteReq,25107
UpdateRouteReq,25848
UpdateRouteReq,20278
UpdateRouteReq,21731
UpdateRouteReq,18194
UpdateRouteReq,17773
UpdateRouteReq,27982
UpdateRouteReq,28343
UpdateRouteReq,22332
UpdateRouteReq,18074
UpdateRouteReq,17994
UpdateRouteReq,20899
UpdateRouteReq,19536
UpdateRouteReq,26539
UpdateRouteReq,21380
UpdateRouteReq,25408
UpdateRouteReq,23674
UpdateRouteReq,20338
UpdateRouteReq,21780
UpdateRouteReq,18444
UpdateRouteReq,18054
UpdateRouteReq,24466
UpdateRouteReq,27732
UpdateRouteReq,25838
UpdateRouteReq,16010
UpdateRouteReq,18013
UpdateRouteReq,20298
UpdateRouteReq,19577
UpdateRouteReq,28052
UpdateRouteReq,21661
UpdateRouteReq,23054
UpdateRouteReq,24226
UpdateRouteReq,20408
UpdateRouteReq,21480
UpdateRouteReq,18825
UpdateRouteReq,18064
UpdateRouteReq,26841
UpdateRouteReq,33733
UpdateRouteReq,24506
UpdateRouteReq,19987
UpdateRouteReq,19026
UpdateRouteReq,21851
UpdateRouteReq,21400
UpdateRouteReq,31498
UpdateRouteReq,20698
UpdateRouteReq,26309
UpdateRouteReq,24596
UpdateRouteReq,19697
UpdateRouteReq,21500
UpdateRouteReq,18234
UpdateRouteReq,18123
UpdateRouteReq,28193
UpdateRouteReq,27732
UpdateRouteReq,22322
UpdateRouteReq,17072
UpdateRouteReq,22522
UpdateRouteReq,20117
UpdateRouteReq,19958
UpdateRouteReq,26690
UpdateRouteReq,19917
UpdateRouteReq,27041
UpdateRouteReq,28934
UpdateRouteReq,23063
UpdateRouteReq,18074
UpdateRouteReq,30707
UpdateRouteReq,19106
UpdateRouteReq,25347
UpdateRouteReq,24386
UpdateRouteReq,19957
UpdateRouteReq,21761
UpdateRouteReq,18235
UpdateRouteReq,17823
UpdateRouteReq,31309
UpdateRouteReq,27912
UpdateRouteReq,24085
UpdateRouteReq,13866
UpdateRouteReq,26669
UpdateRouteReq,20559
UpdateRouteReq,19987
UpdateRouteReq,26310
UpdateRouteReq,21029
UpdateRouteReq,22963
UpdateRouteReq,22372
UpdateRouteReq,18604
UpdateRouteReq,28343
UpdateRouteReq,19286
UpdateRouteReq,18284
UpdateRouteReq,18635
UpdateRouteReq,22542
UpdateRouteReq,18294
UpdateRouteReq,25248
UpdateRouteReq,27842
UpdateRouteReq,20409
UpdateRouteReq,18054
UpdateRouteReq,28313
UpdateRouteReq,23644
UpdateRouteReq,18615
UpdateRouteReq,21991
UpdateRouteReq,17833
UpdateRouteReq,27131
UpdateRouteReq,17893
UpdateRouteReq,25046
UpdateRouteReq,21260
UpdateRouteReq,18194
UpdateRouteReq,17984
UpdateRouteReq,27702
UpdateRouteReq,27291
UpdateRouteReq,19627
UpdateRouteReq,17913
UpdateRouteReq,30528
UpdateRouteReq,23333
UpdateRouteReq,18275
UpdateRouteReq,22251
UpdateRouteReq,17984
UpdateRouteReq,27171
UpdateRouteReq,18795
UpdateRouteReq,17894
UpdateRouteReq,17743
UpdateRouteReq,23203
UpdateRouteReq,17973
UpdateRouteReq,31789
UpdateRouteReq,30397
UpdateRouteReq,19536
UpdateRouteReq,17873
UpdateRouteReq,25768
UpdateRouteReq,22502
UpdateRouteReq,18385
UpdateRouteReq,19165
UpdateRouteReq,17953
UpdateRouteReq,26740
UpdateRouteReq,20167
UpdateRouteReq,19266
UpdateRouteReq,25066
UpdateRouteReq,30427
UpdateRouteReq,24035
UpdateRouteReq,18355
UpdateRouteReq,17854
UpdateRouteReq,19857
UpdateRouteReq,20368
UpdateRouteReq,28473
UpdateRouteReq,15929
UpdateRouteReq,24616
UpdateRouteReq,24245
UpdateRouteReq,20007
UpdateRouteReq,21751
UpdateRouteReq,18254
UpdateRouteReq,18134
UpdateRouteReq,28233
UpdateRouteReq,30938
UpdateRouteReq,20428
UpdateRouteReq,18184
UpdateRouteReq,17824
UpdateRouteReq,20849
UpdateRouteReq,19647
UpdateRouteReq,34815
UpdateRouteReq,17252
UpdateRouteReq,23754
UpdateRouteReq,27973
UpdateRouteReq,19016
UpdateRouteReq,18474
UpdateRouteReq,22933
UpdateRouteReq,17954
UpdateRouteReq,17593
UpdateRouteReq,31098
UpdateRouteReq,18454
UpdateRouteReq,22482
UpdateRouteReq,18114
UpdateRouteReq,17592
UpdateRouteReq,23785
UpdateRouteReq,22773
UpdateRouteReq,22482
UpdateRouteReq,17883
UpdateRouteReq,26409
UpdateRouteReq,20709
UpdateRouteReq,23975
UpdateRouteReq,25568
UpdateRouteReq,19867
UpdateRouteReq,21751
UpdateRouteReq,18344
UpdateRouteReq,17734
UpdateRouteReq,29826
UpdateRouteReq,29285
UpdateRouteReq,21721
UpdateRouteReq,18936
UpdateRouteReq,22773
UpdateRouteReq,21490
UpdateRouteReq,23555
UpdateRouteReq,27241
UpdateRouteReq,22121
UpdateRouteReq,20899
UpdateRouteReq,25458
UpdateRouteReq,20839
UpdateRouteReq,21831
UpdateRouteReq,18975
UpdateRouteReq,18966
UpdateRouteReq,28763
UpdateRouteReq,29105
UpdateRouteReq,23123
UpdateRouteReq,19006
UpdateRouteReq,18004
UpdateRouteReq,21440
UpdateRouteReq,20609
UpdateRouteReq,26740
UpdateRouteReq,22072
UpdateRouteReq,25518
UpdateRouteReq,24015
UpdateRouteReq,21460
UpdateRouteReq,22802
UpdateRouteReq,19376
UpdateRouteReq,18855
UpdateRouteReq,28514
UpdateRouteReq,28503
UpdateRouteReq,24466
UpdateRouteReq,18424
UpdateRouteReq,29174
UpdateRouteReq,17332
UpdateRouteReq,25788
UpdateRouteReq,24606
UpdateRouteReq,20057
UpdateRouteReq,21149
UpdateRouteReq,18174
UpdateRouteReq,18164
UpdateRouteReq,28152
UpdateRouteReq,29175
UpdateRouteReq,22432
UpdateRouteReq,17954
UpdateRouteReq,17914
UpdateRouteReq,20268
UpdateRouteReq,19656
UpdateRouteReq,26760
UpdateRouteReq,21270
UpdateRouteReq,23013
UpdateRouteReq,24987
UpdateRouteReq,18845
UpdateRouteReq,22102
UpdateRouteReq,18595
UpdateRouteReq,17974
UpdateRouteReq,30307
UpdateRouteReq,28273
UpdateRouteReq,21180
UpdateRouteReq,17993
UpdateRouteReq,21961
UpdateRouteReq,20479
UpdateRouteReq,19957
UpdateRouteReq,29445
UpdateRouteReq,19416
UpdateRouteReq,27512
UpdateRouteReq,28894
UpdateRouteReq,23414
UpdateRouteReq,18574
UpdateRouteReq,34124
UpdateRouteReq,22672
UpdateRouteReq,26549
UpdateRouteReq,24726
UpdateRouteReq,19466
UpdateRouteReq,28393
UpdateRouteReq,19576
UpdateRouteReq,24475
UpdateRouteReq,22392
UpdateRouteReq,19457
UpdateRouteReq,19046
UpdateRouteReq,25187
UpdateRouteReq,28203
UpdateRouteReq,21871
UpdateRouteReq,19497
UpdateRouteReq,24055
UpdateRouteReq,19938
UpdateRouteReq,17823
UpdateRouteReq,26399
UpdateRouteReq,21690
UpdateRouteReq,17873
UpdateRouteReq,22542
UpdateRouteReq,18284
UpdateRouteReq,25127
UpdateRouteReq,23865
UpdateRouteReq,19266
UpdateRouteReq,18023
UpdateRouteReq,21831
UpdateRouteReq,18054
UpdateRouteReq,25408
UpdateRouteReq,28343
UpdateRouteReq,19867
UpdateRouteReq,17713
UpdateRouteReq,26019
UpdateRouteReq,22342
UpdateRouteReq,18394
UpdateRouteReq,16842
UpdateRouteReq,17482
UpdateRouteReq,25838
UpdateRouteReq,18815
UpdateRouteReq,17763
UpdateRouteReq,27862
UpdateRouteReq,32000
UpdateRouteReq,25909
UpdateRouteReq,19747
UpdateRouteReq,18975
UpdateRouteReq,20379
UpdateRouteReq,19667
UpdateRouteReq,26579
UpdateRouteReq,20909
UpdateRouteReq,26891
UpdateRouteReq,24035
UpdateRouteReq,21289
UpdateRouteReq,22642
UpdateRouteReq,19787
UpdateRouteReq,19066
UpdateRouteReq,28794
UpdateRouteReq,30147
UpdateRouteReq,22952
UpdateRouteReq,19968
UpdateRouteReq,22842
UpdateRouteReq,27451
UpdateRouteReq,29896
UpdateRouteReq,31369
UpdateRouteReq,21009
UpdateRouteReq,21860
UpdateRouteReq,19947
UpdateRouteReq,17503
UpdateRouteReq,17954
UpdateRouteReq,22893
UpdateRouteReq,17663
UpdateRouteReq,26069
UpdateRouteReq,27111
UpdateRouteReq,20048
UpdateRouteReq,17703
UpdateRouteReq,29535
UpdateRouteReq,23094
UpdateRouteReq,17973
UpdateRouteReq,20989
UpdateRouteReq,17944
UpdateRouteReq,25398
UpdateRouteReq,18665
UpdateRouteReq,17974
UpdateRouteReq,17924
UpdateRouteReq,22753
UpdateRouteReq,18044
UpdateRouteReq,30176
UpdateRouteReq,46407
UpdateRouteReq,18654
UpdateRouteReq,18364
UpdateRouteReq,18955
UpdateRouteReq,21711
UpdateRouteReq,24596
UpdateRouteReq,33332
UpdateRouteReq,22833
UpdateRouteReq,25588
UpdateRouteReq,28604
UpdateRouteReq,18644
UpdateRouteReq,18244
UpdateRouteReq,22251
UpdateRouteReq,18084
UpdateRouteReq,18816
UpdateRouteReq,22462
UpdateRouteReq,18024
UpdateRouteReq,22613
UpdateRouteReq,18485
UpdateRouteReq,17783
UpdateRouteReq,23123
UpdateRouteReq,23835
UpdateRouteReq,22983
UpdateRouteReq,17914
UpdateRouteReq,25819
UpdateRouteReq,20919
UpdateRouteReq,25528
UpdateRouteReq,23744
UpdateRouteReq,20398
UpdateRouteReq,21590
UpdateRouteReq,18114
UpdateRouteReq,18134
UpdateRouteReq,24626
UpdateRouteReq,24005
UpdateRouteReq,17432
UpdateRouteReq,17953
UpdateRouteReq,24255
UpdateRouteReq,23674
UpdateRouteReq,19586
UpdateRouteReq,26289
UpdateRouteReq,21079
UpdateRouteReq,27522
UpdateRouteReq,33673
UpdateRouteReq,24125
UpdateRouteReq,19136
UpdateRouteReq,29025
UpdateRouteReq,21060
UpdateRouteReq,26650
UpdateRouteReq,23033
UpdateRouteReq,19045
UpdateRouteReq,24295
UpdateRouteReq,18525
UpdateRouteReq,18725
UpdateRouteReq,40766
UpdateRouteReq,19596
UpdateRouteReq,23975
UpdateRouteReq,24054
UpdateRouteReq,27642
UpdateRouteReq,22752
UpdateRouteReq,18334
UpdateRouteReq,25949
UpdateRouteReq,21280
UpdateRouteReq,25537
UpdateRouteReq,23403
UpdateRouteReq,20318
UpdateRouteReq,21721
UpdateRouteReq,18103
UpdateRouteReq,17874
UpdateRouteReq,26219
UpdateRouteReq,28774
UpdateRouteReq,23103
UpdateRouteReq,18504
UpdateRouteReq,17844
UpdateRouteReq,20288
UpdateRouteReq,20268
UpdateRouteReq,24045
UpdateRouteReq,21360
UpdateRouteReq,24396
UpdateRouteReq,30807
UpdateRouteReq,19807
UpdateRouteReq,26790
UpdateRouteReq,22472
UpdateRouteReq,21981
UpdateRouteReq,25829
UpdateRouteReq,30066
UpdateRouteReq,25056
UpdateRouteReq,18294
UpdateRouteReq,24536
UpdateRouteReq,26169
UpdateRouteReq,24035
UpdateRouteReq,25087
UpdateRouteReq,26239
UpdateRouteReq,25437
UpdateRouteReq,24075
UpdateRouteReq,57878
UpdateRouteReq,27682
UpdateRouteReq,25748
UpdateRouteReq,24316
UpdateRouteReq,28062
UpdateRouteReq,29765
UpdateRouteReq,22352
UpdateRouteReq,21070
UpdateRouteReq,22282
UpdateRouteReq,20699
UpdateRouteReq,26440
UpdateRouteReq,26099
UpdateRouteReq,23394
UpdateRouteReq,25568
UpdateRouteReq,26239
UpdateRouteReq,18124
UpdateRouteReq,22692
UpdateRouteReq,28664
UpdateRouteReq,19817
UpdateRouteReq,26670
UpdateRouteReq,31038
UpdateRouteReq,23314
UpdateRouteReq,19547
UpdateRouteReq,32240
UpdateRouteReq,21490
UpdateRouteReq,26670
UpdateRouteReq,25968
UpdateRouteReq,26890
UpdateRouteReq,26700
UpdateRouteReq,23554
UpdateRouteReq,19697
UpdateRouteReq,23384
UpdateRouteReq,29275
UpdateRouteReq,17843
UpdateRouteReq,21110
UpdateRouteReq,22122
UpdateRouteReq,26770
UpdateRouteReq,24396
UpdateRouteReq,27001
UpdateRouteReq,24616
UpdateRouteReq,25918
UpdateRouteReq,31028
UpdateRouteReq,22001
UpdateRouteReq,19616
UpdateRouteReq,28323
UpdateRouteReq,26770
UpdateRouteReq,28222
UpdateRouteReq,30918
UpdateRouteReq,30767
UpdateRouteReq,34554
UpdateRouteReq,20889
UpdateRouteReq,24045
UpdateRouteReq,27843
UpdateRouteReq,25097
UpdateRouteReq,20308
UpdateRouteReq,20979
UpdateRouteReq,20619
UpdateRouteReq,26780
UpdateRouteReq,24977
UpdateRouteReq,25007
UpdateRouteReq,24556
UpdateRouteReq,22893
UpdateRouteReq,20708
UpdateRouteReq,21200
UpdateRouteReq,24146
UpdateRouteReq,20989
UpdateRouteReq,22011
UpdateRouteReq,21189
UpdateRouteReq,20458
UpdateRouteReq,20308
UpdateRouteReq,21029
UpdateRouteReq,21299
UpdateRouteReq,19696
UpdateRouteReq,20619
UpdateRouteReq,20418
UpdateRouteReq,25077
UpdateRouteReq,22753
UpdateRouteReq,23794
UpdateRouteReq,23835
UpdateRouteReq,25408
UpdateRouteReq,25357
UpdateRouteReq,20097
UpdateRouteReq,20549
UpdateRouteReq,25648
UpdateRouteReq,23724
UpdateRouteReq,22703
UpdateRouteReq,24246
UpdateRouteReq,22653
UpdateRouteReq,25618
UpdateRouteReq,22622
UpdateRouteReq,20859
UpdateRouteReq,21019
UpdateRouteReq,21140
UpdateRouteReq,20639
UpdateRouteReq,20439
UpdateRouteReq,20418
UpdateRouteReq,23344
UpdateRouteReq,22572
UpdateRouteReq,23324
UpdateRouteReq,23734
UpdateRouteReq,20789
UpdateRouteReq,25066
UpdateRouteReq,21941
UpdateRouteReq,21590
UpdateRouteReq,21731
UpdateRouteReq,23353
UpdateRouteReq,22852
UpdateRouteReq,23504
UpdateRouteReq,23784
UpdateRouteReq,22882
UpdateRouteReq,21500
UpdateRouteReq,20488
UpdateRouteReq,20568
UpdateRouteReq,28754
UpdateRouteReq,23674
UpdateRouteReq,24385
UpdateRouteReq,26079
UpdateRouteReq,19627
UpdateRouteReq,28914
UpdateRouteReq,24055
UpdateRouteReq,21770
UpdateRouteReq,26179
UpdateRouteReq,27692
UpdateRouteReq,22502
UpdateRouteReq,23023
UpdateRouteReq,19787
UpdateRouteReq,29746
UpdateRouteReq,25608
UpdateRouteReq,28583
UpdateRouteReq,24275
UpdateRouteReq,25398
UpdateRouteReq,32010
UpdateRouteReq,38953
UpdateRouteReq,27882
UpdateRouteReq,26359
UpdateRouteReq,25447
UpdateRouteReq,33693
UpdateRouteReq,27552
UpdateRouteReq,20719
UpdateRouteReq,26329
UpdateRouteReq,26830
UpdateRouteReq,23714
UpdateRouteReq,26670
UpdateRouteReq,19847
UpdateRouteReq,19627
UpdateRouteReq,27031
UpdateRouteReq,23704
UpdateRouteReq,21310
UpdateRouteReq,24546
UpdateRouteReq,27642
UpdateRouteReq,20558
UpdateRouteReq,15650
UpdateRouteReq,17422
UpdateRouteReq,15129
UpdateRouteReq,17352
UpdateRouteReq,16281
UpdateRouteReq,14918
UpdateRouteReq,16721
UpdateRouteReq,17142
UpdateRouteReq,14157
UpdateRouteReq,15939
UpdateRouteReq,19647
UpdateRouteReq,18003
UpdateRouteReq,18124
UpdateRouteReq,14347
UpdateRouteReq,15369
UpdateRouteReq,77896
UpdateRouteReq,43962
UpdateRouteReq,15058
UpdateRouteReq,15059
UpdateRouteReq,13666
UpdateRouteReq,12964
UpdateRouteReq,19717
UpdateRouteReq,15208
UpdateRouteReq,17542
UpdateRouteReq,16861
UpdateRouteReq,21781
UpdateRouteReq,20959
UpdateRouteReq,19125
UpdateRouteReq,18885
UpdateRouteReq,17803
UpdateRouteReq,15338
UpdateRouteReq,17292
UpdateRouteReq,19105
UpdateRouteReq,18695
UpdateRouteReq,17854
UpdateRouteReq,15269
UpdateRouteReq,18375
UpdateRouteReq,18575
UpdateRouteReq,14227
UpdateRouteReq,15389
UpdateRouteReq,19417
UpdateRouteReq,19035
UpdateRouteReq,17783
UpdateRouteReq,16691
UpdateRouteReq,18063
UpdateRouteReq,19687
UpdateRouteReq,13646
UpdateRouteReq,13145
UpdateRouteReq,16862
UpdateRouteReq,17372
UpdateRouteReq,13215
UpdateRouteReq,13606
UpdateRouteReq,23534
UpdateRouteReq,23334
UpdateRouteReq,25969
UpdateRouteReq,26089
UpdateRouteReq,21580
UpdateRouteReq,24816
UpdateRouteReq,19737
UpdateRouteReq,16951
UpdateRouteReq,19286
UpdateRouteReq,21210
UpdateRouteReq,21260
UpdateRouteReq,18314
UpdateRouteReq,24385
UpdateRouteReq,17693
UpdateRouteReq,17493
UpdateRouteReq,25728
UpdateRouteReq,20438
UpdateRouteReq,19376
UpdateRouteReq,21600
UpdateRouteReq,18845
UpdateRouteReq,19767
UpdateRouteReq,15409
UpdateRouteReq,15348
UpdateRouteReq,21650
UpdateRouteReq,21510
UpdateRouteReq,15429
UpdateRouteReq,19656
UpdateRouteReq,20258
UpdateRouteReq,21290
UpdateRouteReq,19637
UpdateRouteReq,20178
UpdateRouteReq,16380
UpdateRouteReq,17663
UpdateRouteReq,21991
UpdateRouteReq,18725
UpdateRouteReq,23493
UpdateRouteReq,19626
UpdateRouteReq,21891
UpdateRouteReq,21480
UpdateRouteReq,16271
UpdateRouteReq,15549
UpdateRouteReq,19838
UpdateRouteReq,24325
UpdateRouteReq,15990
UpdateRouteReq,15369
UpdateRouteReq,19918
UpdateRouteReq,19036
UpdateRouteReq,22031
UpdateRouteReq,18365
UpdateRouteReq,18265
UpdateRouteReq,21100
UpdateRouteReq,19116
UpdateRouteReq,23665
UpdateRouteReq,18324
UpdateRouteReq,22292
UpdateRouteReq,20749
UpdateRouteReq,21420
UpdateRouteReq,19046
UpdateRouteReq,22041
UpdateRouteReq,22522
UpdateRouteReq,15740
UpdateRouteReq,15499
UpdateRouteReq,19927
UpdateRouteReq,21721
UpdateRouteReq,15539
UpdateRouteReq,19657
UpdateRouteReq,20378
UpdateRouteReq,22582
UpdateRouteReq,18705
UpdateRouteReq,20649
UpdateRouteReq,16340
UpdateRouteReq,17082
UpdateRouteReq,21349
UpdateRouteReq,19135
UpdateRouteReq,23284
UpdateRouteReq,19717
UpdateRouteReq,19917
UpdateRouteReq,22201
UpdateRouteReq,15880
UpdateRouteReq,15429
UpdateRouteReq,20829
UpdateRouteReq,24646
UpdateRouteReq,16832
UpdateRouteReq,15890
UpdateRouteReq,20098
UpdateRouteReq,19436
UpdateRouteReq,21030
UpdateRouteReq,21420
UpdateRouteReq,17333
UpdateRouteReq,20118
UpdateRouteReq,19707
UpdateRouteReq,16150
UpdateRouteReq,17703
UpdateRouteReq,22002
UpdateRouteReq,26300
UpdateRouteReq,23454
UpdateRouteReq,20859
UpdateRouteReq,22932
UpdateRouteReq,22372
UpdateRouteReq,15860
UpdateRouteReq,15329
UpdateRouteReq,21330
UpdateRouteReq,20228
UpdateRouteReq,19306
UpdateRouteReq,16691
UpdateRouteReq,21470
UpdateRouteReq,20889
UpdateRouteReq,22001
UpdateRouteReq,20919
UpdateRouteReq,16180
UpdateRouteReq,17964
UpdateRouteReq,20829
UpdateRouteReq,19417
UpdateRouteReq,21650
UpdateRouteReq,19626
UpdateRouteReq,21080
UpdateRouteReq,22172
UpdateRouteReq,15759
UpdateRouteReq,15479
UpdateRouteReq,20118
UpdateRouteReq,24205
UpdateRouteReq,17292
UpdateRouteReq,16661
UpdateRouteReq,21440
UpdateRouteReq,19587
UpdateRouteReq,19727
UpdateRouteReq,20919
UpdateRouteReq,18215
UpdateRouteReq,19938
UpdateRouteReq,20638
UpdateRouteReq,16250
UpdateRouteReq,130383
UpdateRouteReq,15389
UpdateRouteReq,21229
UpdateRouteReq,20699
UpdateRouteReq,19827
UpdateRouteReq,21661
UpdateRouteReq,24676
UpdateRouteReq,15729
UpdateRouteReq,15118
UpdateRouteReq,20288
UpdateRouteReq,21571
UpdateRouteReq,19767
UpdateRouteReq,19246
UpdateRouteReq,17031
UpdateRouteReq,17403
UpdateRouteReq,20739
UpdateRouteReq,18756
UpdateRouteReq,17983
UpdateRouteReq,20568
UpdateRouteReq,19446
UpdateRouteReq,16792
UpdateRouteReq,17713
UpdateRouteReq,20829
UpdateRouteReq,19036
UpdateRouteReq,23374
UpdateRouteReq,19336
UpdateRouteReq,21260
UpdateRouteReq,21019
UpdateRouteReq,16250
UpdateRouteReq,15389
UpdateRouteReq,20629
UpdateRouteReq,20930
UpdateRouteReq,19316
UpdateRouteReq,18955
UpdateRouteReq,22532
UpdateRouteReq,21340
UpdateRouteReq,20318
UpdateRouteReq,18475
UpdateRouteReq,16030
UpdateRouteReq,17262
UpdateRouteReq,21831
UpdateRouteReq,18715
UpdateRouteReq,20348
UpdateRouteReq,21320
UpdateRouteReq,20238
UpdateRouteReq,20608
UpdateRouteReq,15499
UpdateRouteReq,15379
UpdateRouteReq,34093
UpdateRouteReq,24095
UpdateRouteReq,18204
UpdateRouteReq,16370
UpdateRouteReq,20077
UpdateRouteReq,21470
UpdateRouteReq,19676
UpdateRouteReq,18965
UpdateRouteReq,17833
UpdateRouteReq,18054
UpdateRouteReq,20589
UpdateRouteReq,21721
UpdateRouteReq,23454
UpdateRouteReq,18415
UpdateRouteReq,21310
UpdateRouteReq,21650
UpdateRouteReq,15769
UpdateRouteReq,15459
UpdateRouteReq,20869
UpdateRouteReq,21680
UpdateRouteReq,19456
UpdateRouteReq,17874
UpdateRouteReq,22241
UpdateRouteReq,20027
UpdateRouteReq,22552
UpdateRouteReq,20589
UpdateRouteReq,16240
UpdateRouteReq,17803
UpdateRouteReq,21430
UpdateRouteReq,20759
UpdateRouteReq,21400
UpdateRouteReq,19567
UpdateRouteReq,21961
UpdateRouteReq,21791
UpdateRouteReq,15459
UpdateRouteReq,15239
UpdateRouteReq,21791
UpdateRouteReq,23934
UpdateRouteReq,22201
UpdateRouteReq,22302
UpdateRouteReq,22011
UpdateRouteReq,21290
UpdateRouteReq,20228
UpdateRouteReq,21270
UpdateRouteReq,17983
UpdateRouteReq,20178
UpdateRouteReq,20589
UpdateRouteReq,16371
UpdateRouteReq,17112
UpdateRouteReq,21540
UpdateRouteReq,22141
UpdateRouteReq,22883
UpdateRouteReq,20358
UpdateRouteReq,21440
UpdateRouteReq,22071
UpdateRouteReq,15679
UpdateRouteReq,15389
UpdateRouteReq,22102
UpdateRouteReq,21631
UpdateRouteReq,16952
UpdateRouteReq,21129
UpdateRouteReq,19877
UpdateRouteReq,21781
UpdateRouteReq,19567
UpdateRouteReq,19286
UpdateRouteReq,17242
UpdateRouteReq,16331
UpdateRouteReq,23384
UpdateRouteReq,17994
UpdateRouteReq,20919
UpdateRouteReq,19927
UpdateRouteReq,21981
UpdateRouteReq,22431
UpdateRouteReq,15829
UpdateRouteReq,15389
UpdateRouteReq,19937
UpdateRouteReq,20689
UpdateRouteReq,19577
UpdateRouteReq,15980
UpdateRouteReq,21971
UpdateRouteReq,25368
UpdateRouteReq,20338
UpdateRouteReq,18715
UpdateRouteReq,16291
UpdateRouteReq,17553
UpdateRouteReq,22953
UpdateRouteReq,20668
UpdateRouteReq,22201
UpdateRouteReq,19005
UpdateRouteReq,21410
UpdateRouteReq,23413
UpdateRouteReq,15659
UpdateRouteReq,15159
UpdateRouteReq,21000
UpdateRouteReq,21901
UpdateRouteReq,18394
UpdateRouteReq,18825
UpdateRouteReq,23735
UpdateRouteReq,20408
UpdateRouteReq,22492
UpdateRouteReq,20729
UpdateRouteReq,16241
UpdateRouteReq,17683
UpdateRouteReq,22532
UpdateRouteReq,19917
UpdateRouteReq,20619
UpdateRouteReq,18595
UpdateRouteReq,21851
UpdateRouteReq,21871
UpdateRouteReq,15980
UpdateRouteReq,15308
UpdateRouteReq,20308
UpdateRouteReq,24195
UpdateRouteReq,17182
UpdateRouteReq,16000
UpdateRouteReq,19897
UpdateRouteReq,18414
UpdateRouteReq,21480
UpdateRouteReq,18555
UpdateRouteReq,18254
UpdateRouteReq,20498
UpdateRouteReq,21690
UpdateRouteReq,63288
UpdateRouteReq,32130
UpdateRouteReq,24696
UpdateRouteReq,22121
UpdateRouteReq,22602
UpdateRouteReq,21521
UpdateRouteReq,21991
UpdateRouteReq,151183
UpdateRouteReq,123521
UpdateRouteReq,91361
UpdateRouteReq,21901
UpdateRouteReq,23013
UpdateRouteReq,16751
UpdateRouteReq,17252
UpdateRouteReq,21049
UpdateRouteReq,19747
UpdateRouteReq,19837
UpdateRouteReq,19116
UpdateRouteReq,18164
UpdateRouteReq,19747
UpdateRouteReq,19807
UpdateRouteReq,16711
UpdateRouteReq,17112
UpdateRouteReq,20769
UpdateRouteReq,19527
UpdateRouteReq,21550
UpdateRouteReq,18184
UpdateRouteReq,20749
UpdateRouteReq,21751
UpdateRouteReq,15960
UpdateRouteReq,15449
UpdateRouteReq,20609
UpdateRouteReq,22132
UpdateRouteReq,17713
UpdateRouteReq,17052
UpdateRouteReq,20508
UpdateRouteReq,19847
UpdateRouteReq,18775
UpdateRouteReq,23805
UpdateRouteReq,17924
UpdateRouteReq,22232
UpdateRouteReq,24767
UpdateRouteReq,21721
UpdateRouteReq,20488
UpdateRouteReq,20508
UpdateRouteReq,20288
UpdateRouteReq,21801
UpdateRouteReq,15609
UpdateRouteReq,15229
UpdateRouteReq,21100
UpdateRouteReq,22783
UpdateRouteReq,18144
UpdateRouteReq,15629
UpdateRouteReq,21209
UpdateRouteReq,21340
UpdateRouteReq,21230
UpdateRouteReq,19907
UpdateRouteReq,16351
UpdateRouteReq,17422
UpdateRouteReq,22292
UpdateRouteReq,20749
UpdateRouteReq,20980
UpdateRouteReq,18895
UpdateRouteReq,21170
UpdateRouteReq,21790
UpdateRouteReq,15879
UpdateRouteReq,15790
UpdateRouteReq,21210
UpdateRouteReq,25107
UpdateRouteReq,17022
UpdateRouteReq,16851
UpdateRouteReq,19386
UpdateRouteReq,19897
UpdateRouteReq,20008
UpdateRouteReq,20749
UpdateRouteReq,18665
UpdateRouteReq,20699
UpdateRouteReq,19477
UpdateRouteReq,16220
UpdateRouteReq,17443
UpdateRouteReq,25477
UpdateRouteReq,23444
UpdateRouteReq,23715
UpdateRouteReq,20258
UpdateRouteReq,22222
UpdateRouteReq,21781
UpdateRouteReq,16300
UpdateRouteReq,15148
UpdateRouteReq,20738
UpdateRouteReq,19577
UpdateRouteReq,19917
UpdateRouteReq,19066
UpdateRouteReq,18094
UpdateRouteReq,17693
UpdateRouteReq,20629
UpdateRouteReq,19085
UpdateRouteReq,18174
UpdateRouteReq,20087
UpdateRouteReq,20037
UpdateRouteReq,16611
UpdateRouteReq,17012
UpdateRouteReq,22091
UpdateRouteReq,18534
UpdateRouteReq,21400
UpdateRouteReq,20408
UpdateRouteReq,20589
UpdateRouteReq,21621
UpdateRouteReq,15569
UpdateRouteReq,15239
UpdateRouteReq,20709
UpdateRouteReq,21861
UpdateRouteReq,18936
UpdateRouteReq,17002
UpdateRouteReq,20668
UpdateRouteReq,21039
UpdateRouteReq,21710
UpdateRouteReq,19596
UpdateRouteReq,16210
UpdateRouteReq,17853
UpdateRouteReq,22993
UpdateRouteReq,21110
UpdateRouteReq,20889
UpdateRouteReq,19055
UpdateRouteReq,24246
UpdateRouteReq,21370
UpdateRouteReq,15579
UpdateRouteReq,15419
UpdateRouteReq,20288
UpdateRouteReq,22492
UpdateRouteReq,17262
UpdateRouteReq,21390
UpdateRouteReq,19286
UpdateRouteReq,19898
UpdateRouteReq,21701
UpdateRouteReq,20118
UpdateRouteReq,17773
UpdateRouteReq,20678
UpdateRouteReq,25006
UpdateRouteReq,23043
UpdateRouteReq,23264
UpdateRouteReq,15529
UpdateRouteReq,16371
UpdateRouteReq,18314
UpdateRouteReq,18645
UpdateRouteReq,19817
UpdateRouteReq,21139
UpdateRouteReq,17202
UpdateRouteReq,15298
UpdateRouteReq,22031
UpdateRouteReq,19356
UpdateRouteReq,16591
UpdateRouteReq,18705
UpdateRouteReq,22242
UpdateRouteReq,19997
UpdateRouteReq,25678
UpdateRouteReq,25668
FindNodeRsp,23835
FindNodeReq,40706
FindNodeReq,38011
UpdateRouteReq,19256
UpdateRouteReq,22001
UpdateRouteReq,21320
UpdateRouteReq,16261
UpdateRouteReq,21119
UpdateRouteReq,18635
UpdateRouteReq,24335
UpdateRouteReq,19526
UpdateRouteReq,18264
UpdateRouteReq,18705
UpdateRouteReq,23434
UpdateRouteReq,22812
UpdateRouteReq,22101
UpdateRouteReq,20138
UpdateRouteReq,147636
UpdateRouteReq,79559
UpdateRouteReq,52117
UpdateRouteReq,15840
UpdateRouteReq,20668
UpdateRouteReq,25017
UpdateRouteReq,18475
UpdateRouteReq,23654
UpdateRouteReq,18695
UpdateRouteReq,20348
UpdateRouteReq,20008
UpdateRouteReq,19617
UpdateRouteReq,17724
UpdateRouteReq,20027
UpdateRouteReq,19526
UpdateRouteReq,17202
UpdateRouteReq,16551
UpdateRouteReq,22662
UpdateRouteReq,20879
UpdateRouteReq,21661
UpdateRouteReq,20949
UpdateRouteReq,21751
UpdateRouteReq,22853
UpdateRouteReq,18224
UpdateRouteReq,15849
UpdateRouteReq,20689
UpdateRouteReq,17512
UpdateRouteReq,14507
UpdateRouteReq,13765
UpdateRouteReq,15178
UpdateRouteReq,17353
UpdateRouteReq,26309
UpdateRouteReq,22122
UpdateRouteReq,18435
UpdateRouteReq,18705
PathTeardownReq,20318
PathSetupReq,20739
UpdateRouteReq,21380
UpdateRouteReq,20969
FindNodeReq,41147
FindNodeReq,41868
UpdateRouteReq,22342
UpdateRouteReq,20698
FindNodeReq,40716
UpdateRouteReq,25648
UpdateRouteReq,14437
FindNodeReq,37630
UpdateRouteReq,18395
UpdateRouteReq,22001
UpdateRouteReq,17192
UpdateRouteReq,19236
UpdateRouteReq,22632
UpdateRouteReq,18675
UpdateRouteReq,16631
UpdateRouteReq,27422
UpdateRouteReq,17483
UpdateRouteReq,21761
UpdateRouteReq,22492
UpdateRouteReq,18575
UpdateRouteReq,27291
UpdateRouteReq,17753
UpdateRouteReq,18966
UpdateRouteReq,16070
UpdateRouteReq,17723
UpdateRouteReq,18044
UpdateRouteReq,29064
UpdateRouteReq,17293
UpdateRouteReq,22683
UpdateRouteReq,22973
UpdateRouteReq,18735
UpdateRouteReq,18425
UpdateRouteReq,19486
UpdateRouteReq,21881
UpdateRouteReq,21010
UpdateRouteReq,19306
UpdateRouteReq,20999
UpdateRouteReq,27362
UpdateRouteReq,16952
UpdateRouteReq,24676
UpdateRouteReq,19486
UpdateRouteReq,18515
UpdateRouteReq,20108
UpdateRouteReq,17422
UpdateRouteReq,17593
UpdateRouteReq,28113
UpdateRouteReq,129112
UpdateRouteReq,44763
UpdateRouteReq,23454
UpdateRouteReq,18585
UpdateRouteReq,16802
UpdateRouteReq,28213
UpdateRouteReq,17403
UpdateRouteReq,21170
UpdateRouteReq,17222
UpdateRouteReq,15158
UpdateRouteReq,29335
UpdateRouteReq,20408
UpdateRouteReq,18024
UpdateRouteReq,26449
UpdateRouteReq,21530
UpdateRouteReq,16281
UpdateRouteReq,19877
UpdateRouteReq,19216
UpdateRouteReq,19957
UpdateRouteReq,15098
UpdateRouteReq,26630
UpdateRouteReq,16681
UpdateRouteReq,17663
UpdateRouteReq,21701
UpdateRouteReq,18755
UpdateRouteReq,16972
UpdateRouteReq,26730
UpdateRouteReq,16201
UpdateRouteReq,28584
UpdateRouteReq,22803
UpdateRouteReq,23724
UpdateRouteReq,20779
UpdateRouteReq,17423
UpdateRouteReq,12754
UpdateRouteReq,19657
UpdateRouteReq,19937
UpdateRouteReq,20448
UpdateRouteReq,15880
UpdateRouteReq,19266
UpdateRouteReq,22402
UpdateRouteReq,20548
UpdateRouteReq,23864
UpdateRouteReq,19286
UpdateRouteReq,20919
UpdateRouteReq,22051
PathTeardownReq,22943
PathSetupReq,17934
UpdateRouteReq,25538
UpdateRouteReq,10730
UpdateRouteReq,21991
UpdateRouteReq,19046
UpdateRouteReq,21380
UpdateRouteReq,25508
FindNodeReq,34144
UpdateRouteReq,18905
UpdateRouteReq,20158
FindNodeReq,31650
FindNodeReq,37721
UpdateRouteReq,20238
UpdateRouteReq,17974
FindNodeReq,34955
UpdateRouteReq,20018
UpdateRouteReq,19868
UpdateRouteReq,20609
UpdateRouteReq,16881
UpdateRouteReq,17503
UpdateRouteReq,18574
UpdateRouteReq,18755
UpdateRouteReq,20548
UpdateRouteReq,15378
UpdateRouteReq,19667
UpdateRouteReq,15760
UpdateRouteReq,26519
UpdateRouteReq,14938
UpdateRouteReq,16831
UpdateRouteReq,15629
UpdateRouteReq,18675
UpdateRouteReq,18444
UpdateRouteReq,16681
UpdateRouteReq,17733
UpdateRouteReq,20037
UpdateRouteReq,20057
UpdateRouteReq,21270
UpdateRouteReq,19517
UpdateRouteReq,16911
UpdateRouteReq,21290
UpdateRouteReq,16280
UpdateRouteReq,18395
UpdateRouteReq,17804
UpdateRouteReq,16080
UpdateRouteReq,20248
UpdateRouteReq,19587
UpdateRouteReq,15789
UpdateRouteReq,16791
UpdateRouteReq,17984
UpdateRouteReq,16861
UpdateRouteReq,14647
UpdateRouteReq,17854
UpdateRouteReq,25949
UpdateRouteReq,20358
UpdateRouteReq,17483
UpdateRouteReq,14156
UpdateRouteReq,18224
UpdateRouteReq,24476
UpdateRouteReq,23143
UpdateRouteReq,19687
UpdateRouteReq,21199
UpdateRouteReq,19867
UpdateRouteReq,17754
UpdateRouteReq,19186
UpdateRouteReq,17854
UpdateRouteReq,16140
UpdateRouteReq,24195
UpdateRouteReq,14657
UpdateRouteReq,17523
UpdateRouteReq,19126
UpdateRouteReq,17483
UpdateRouteReq,16692
UpdateRouteReq,22722
UpdateRouteReq,18285
UpdateRouteReq,18385
UpdateRouteReq,18725
UpdateRouteReq,17763
UpdateRouteReq,17323
UpdateRouteReq,21590
UpdateRouteReq,19657
UpdateRouteReq,19367
UpdateRouteReq,16290
UpdateRouteReq,17182
UpdateRouteReq,20468
UpdateRouteReq,18003
UpdateRouteReq,19085
UpdateRouteReq,19847
UpdateRouteReq,18485
UpdateRouteReq,16922
UpdateRouteReq,16801
UpdateRouteReq,15399
UpdateRouteReq,17743
UpdateRouteReq,17222
UpdateRouteReq,21020
UpdateRouteReq,22632
UpdateRouteReq,19587
UpdateRouteReq,23423
UpdateRouteReq,18555
UpdateRouteReq,17001
UpdateRouteReq,18464
UpdateRouteReq,16431
UpdateRouteReq,21300
UpdateRouteReq,17753
UpdateRouteReq,17923
UpdateRouteReq,20017
UpdateRouteReq,19085
UpdateRouteReq,16341
UpdateRouteReq,16401
UpdateRouteReq,15249
UpdateRouteReq,17743
UpdateRouteReq,16350
UpdateRouteReq,14397
UpdateRouteReq,23554
UpdateRouteReq,22452
UpdateRouteReq,21701
UpdateRouteReq,18294
UpdateRouteReq,18425
UpdateRouteReq,17984
UpdateRouteReq,16671
UpdateRouteReq,20618
UpdateRouteReq,16871
UpdateRouteReq,17923
UpdateRouteReq,17312
UpdateRouteReq,18424
UpdateRouteReq,17954
UpdateRouteReq,16371
UpdateRouteReq,17533
UpdateRouteReq,19647
UpdateRouteReq,19296
UpdateRouteReq,21761
UpdateRouteReq,17883
UpdateRouteReq,18134
UpdateRouteReq,19857
UpdateRouteReq,16781
UpdateRouteReq,18024
UpdateRouteReq,17683
UpdateRouteReq,15800
UpdateRouteReq,20068
UpdateRouteReq,18966
UpdateRouteReq,15850
UpdateRouteReq,19085
UpdateRouteReq,17472
UpdateRouteReq,16942
UpdateRouteReq,17683
UpdateRouteReq,19166
UpdateRouteReq,24125
UpdateRouteReq,13846
UpdateRouteReq,20789
UpdateRouteReq,20438
UpdateRouteReq,19507
UpdateRouteReq,16751
UpdateRouteReq,20178
UpdateRouteReq,17763
UpdateRouteReq,18705
UpdateRouteReq,20348
UpdateRouteReq,18595
UpdateRouteReq,20628
UpdateRouteReq,18244
UpdateRouteReq,19216
UpdateRouteReq,18234
UpdateRouteReq,17342
UpdateRouteReq,16501
UpdateRouteReq,20288
UpdateRouteReq,20900
UpdateRouteReq,16471
UpdateRouteReq,18374
UpdateRouteReq,17543
UpdateRouteReq,20127
UpdateRouteReq,20649
UpdateRouteReq,18484
UpdateRouteReq,21120
UpdateRouteReq,20659
UpdateRouteReq,18946
UpdateRouteReq,20298
UpdateRouteReq,15960
UpdateRouteReq,17433
UpdateRouteReq,18234
UpdateRouteReq,22562
UpdateRouteReq,17383
UpdateRouteReq,16341
UpdateRouteReq,18294
UpdateRouteReq,20268
UpdateRouteReq,17723
UpdateRouteReq,20668
UpdateRouteReq,18164
UpdateRouteReq,16651
UpdateRouteReq,17312
UpdateRouteReq,20018
UpdateRouteReq,22983
UpdateRouteReq,26259
UpdateRouteReq,14817
UpdateRouteReq,23785
UpdateRouteReq,21049
UpdateRouteReq,20088
UpdateRouteReq,21931
UpdateRouteReq,18384
UpdateRouteReq,17663
UpdateRouteReq,16381
UpdateRouteReq,18204
UpdateRouteReq,22682
UpdateRouteReq,19046
UpdateRouteReq,21880
UpdateRouteReq,21530
UpdateRouteReq,19156
UpdateRouteReq,30407
UpdateRouteReq,23013
UpdateRouteReq,22382
UpdateRouteReq,26529
UpdateRouteReq,20619
UpdateRouteReq,25628
UpdateRouteReq,19958
UpdateRouteReq,19486
UpdateRouteReq,20930
UpdateRouteReq,16952
UpdateRouteReq,18645
UpdateRouteReq,16240
UpdateRouteReq,21961
UpdateRouteReq,21561
UpdateRouteReq,18695
UpdateRouteReq,24756
UpdateRouteReq,19416
UpdateRouteReq,20889
UpdateRouteReq,20689
UpdateRouteReq,18885
UpdateRouteReq,22913
UpdateRouteReq,16331
UpdateRouteReq,19106
UpdateRouteReq,20729
UpdateRouteReq,22272
UpdateRouteReq,17212
UpdateRouteReq,17823
UpdateRouteReq,18625
UpdateRouteReq,18495
UpdateRouteReq,16261
UpdateRouteReq,24135
UpdateRouteReq,19156
UpdateRouteReq,22081
UpdateRouteReq,19978
UpdateRouteReq,19386
UpdateRouteReq,23684
UpdateRouteReq,16320
UpdateRouteReq,19467
UpdateRouteReq,18996
UpdateRouteReq,20979
UpdateRouteReq,23865
UpdateRouteReq,18946
UpdateRouteReq,24095
UpdateRouteReq,19557
UpdateRouteReq,18405
UpdateRouteReq,22522
UpdateRouteReq,21090
UpdateRouteReq,23043
UpdateRouteReq,22011
UpdateRouteReq,17473
UpdateRouteReq,18565
UpdateRouteReq,22432
UpdateRouteReq,20759
UpdateRouteReq,31720
UpdateRouteReq,17012
UpdateRouteReq,19035
UpdateRouteReq,21751
UpdateRouteReq,21420
UpdateRouteReq,26289
UpdateRouteReq,21951
UpdateRouteReq,20147
UpdateRouteReq,18054
UpdateRouteReq,20318
UpdateRouteReq,29065
UpdateRouteReq,22071
UpdateRouteReq,17273
UpdateRouteReq,23754
UpdateRouteReq,18805
UpdateRouteReq,20899
UpdateRouteReq,18805
UpdateRouteReq,20177
UpdateRouteReq,21531
UpdateRouteReq,24065
UpdateRouteReq,12573
UpdateRouteReq,20448
UpdateRouteReq,19587
UpdateRouteReq,17984
UpdateRouteReq,19937
UpdateRouteReq,18194
UpdateRouteReq,17563
UpdateRouteReq,19667
UpdateRouteReq,16370
UpdateRouteReq,19636
UpdateRouteReq,16390
UpdateRouteReq,19116
UpdateRouteReq,19867
UpdateRouteReq,19276
UpdateRouteReq,21861
UpdateRouteReq,21300
UpdateRouteReq,19697
UpdateRouteReq,20528
UpdateRouteReq,17553
UpdateRouteReq,18435
UpdateRouteReq,18094
UpdateRouteReq,17984
UpdateRouteReq,18205
UpdateRouteReq,19517
UpdateRouteReq,18104
UpdateRouteReq,19025
UpdateRouteReq,20910
UpdateRouteReq,25668
UpdateRouteReq,21009
UpdateRouteReq,19055
UpdateRouteReq,16020
UpdateRouteReq,18365
UpdateRouteReq,17513
UpdateRouteReq,18034
UpdateRouteReq,17273
UpdateRouteReq,20909
UpdateRouteReq,20128
UpdateRouteReq,16441
UpdateRouteReq,19777
UpdateRouteReq,18074
UpdateRouteReq,17002
UpdateRouteReq,21441
UpdateRouteReq,18925
UpdateRouteReq,19907
UpdateRouteReq,16321
UpdateRouteReq,16962
UpdateRouteReq,20529
UpdateRouteReq,18154
UpdateRouteReq,19326
UpdateRouteReq,19627
UpdateRouteReq,18344
UpdateRouteReq,16080
UpdateRouteReq,19146
UpdateRouteReq,18856
UpdateRouteReq,17643
UpdateRouteReq,15930
UpdateRouteReq,16050
UpdateRouteReq,19867
UpdateRouteReq,19166
UpdateRouteReq,16701
UpdateRouteReq,18585
UpdateRouteReq,16361
UpdateRouteReq,17813
UpdateRouteReq,16531
UpdateRouteReq,22702
UpdateRouteReq,16621
UpdateRouteReq,18244
UpdateRouteReq,15088
UpdateRouteReq,17893
UpdateRouteReq,16140
UpdateRouteReq,21731
UpdateRouteReq,17132
UpdateRouteReq,16841
UpdateRouteReq,16411
UpdateRouteReq,18504
UpdateRouteReq,15950
UpdateRouteReq,15109
UpdateRouteReq,17312
UpdateRouteReq,16481
UpdateRouteReq,17333
UpdateRouteReq,18094
UpdateRouteReq,17964
UpdateRouteReq,18504
UpdateRouteReq,19185
UpdateRouteReq,16120
UpdateRouteReq,19196
UpdateRouteReq,20298
UpdateRouteReq,16080
UpdateRouteReq,17242
UpdateRouteReq,20779
UpdateRouteReq,17453
UpdateRouteReq,17873
UpdateRouteReq,16050
UpdateRouteReq,17413
UpdateRouteReq,16481
UpdateRouteReq,21870
UpdateRouteReq,19517
UpdateRouteReq,19857
UpdateRouteReq,16330
UpdateRouteReq,17352
UpdateRouteReq,20369
UpdateRouteReq,17272
UpdateRouteReq,17994
UpdateRouteReq,22232
UpdateRouteReq,20939
UpdateRouteReq,13896
UpdateRouteReq,25768
UpdateRouteReq,17443
UpdateRouteReq,17212
UpdateRouteReq,17303
UpdateRouteReq,20959
UpdateRouteReq,19997
UpdateRouteReq,17212
UpdateRouteReq,20087
UpdateRouteReq,17432
UpdateRouteReq,19035
UpdateRouteReq,20719
UpdateRouteReq,18675
UpdateRouteReq,20508
UpdateRouteReq,16921
UpdateRouteReq,18364
UpdateRouteReq,17923
UpdateRouteReq,17964
UpdateRouteReq,16781
UpdateRouteReq,15810
UpdateRouteReq,15028
UpdateRouteReq,17383
UpdateRouteReq,18023
UpdateRouteReq,17182
UpdateRouteReq,17132
UpdateRouteReq,17372
UpdateRouteReq,16271
UpdateRouteReq,19918
UpdateRouteReq,19266
UpdateRouteReq,31148
UpdateRouteReq,18996
UpdateRouteReq,16611
UpdateRouteReq,18384
UpdateRouteReq,15819
UpdateRouteReq,20559
UpdateRouteReq,17402
UpdateRouteReq,19527
UpdateRouteReq,22232
UpdateRouteReq,19055
UpdateRouteReq,18174
UpdateRouteReq,18254
UpdateRouteReq,15969
UpdateRouteReq,17503
UpdateRouteReq,17012
UpdateRouteReq,18364
UpdateRouteReq,20277
UpdateRouteReq,18825
UpdateRouteReq,20899
UpdateRouteReq,18955
UpdateRouteReq,17543
UpdateRouteReq,18264
UpdateRouteReq,16481
UpdateRouteReq,21079
UpdateRouteReq,17773
UpdateRouteReq,18534
UpdateRouteReq,19587
UpdateRouteReq,18465
UpdateRouteReq,15449
UpdateRouteReq,19917
UpdateRouteReq,15559
UpdateRouteReq,17903
UpdateRouteReq,17142
UpdateRouteReq,18785
UpdateRouteReq,20238
UpdateRouteReq,19667
UpdateRouteReq,27982
UpdateRouteReq,21911
UpdateRouteReq,11542
UpdateRouteReq,18535
UpdateRouteReq,16471
UpdateRouteReq,21229
UpdateRouteReq,16130
UpdateRouteReq,18174
UpdateRouteReq,16050
UpdateRouteReq,18274
UpdateRouteReq,18194
UpdateRouteReq,16511
UpdateRouteReq,20659
UpdateRouteReq,19716
UpdateRouteReq,18855
UpdateRouteReq,21029
UpdateRouteReq,18805
UpdateRouteReq,18304
UpdateRouteReq,20939
UpdateRouteReq,16180
UpdateRouteReq,17633
UpdateRouteReq,24215
UpdateRouteReq,19246
UpdateRouteReq,20899
UpdateRouteReq,20999
UpdateRouteReq,18385
UpdateRouteReq,16170
UpdateRouteReq,17663
UpdateRouteReq,15690
UpdateRouteReq,19587
UpdateRouteReq,17091
UpdateRouteReq,16511
UpdateRouteReq,17353
UpdateRouteReq,18454
UpdateRouteReq,14878
UpdateRouteReq,17913
UpdateRouteReq,19837
UpdateRouteReq,18575
UpdateRouteReq,17082
UpdateRouteReq,19607
UpdateRouteReq,19566
UpdateRouteReq,19427
UpdateRouteReq,22282
UpdateRouteReq,13274
UpdateRouteReq,19276
UpdateRouteReq,16271
UpdateRouteReq,18715
UpdateRouteReq,16220
UpdateRouteReq,22502
UpdateRouteReq,19225
UpdateRouteReq,20038
UpdateRouteReq,16401
UpdateRouteReq,17383
UpdateRouteReq,20278
UpdateRouteReq,17853
UpdateRouteReq,17723
UpdateRouteReq,22041
UpdateRouteReq,19947
UpdateRouteReq,15720
UpdateRouteReq,17322
UpdateRouteReq,16521
UpdateRouteReq,17814
UpdateRouteReq,16310
UpdateRouteReq,17102
UpdateRouteReq,20058
UpdateRouteReq,19256
UpdateRouteReq,16311
UpdateRouteReq,18364
UpdateRouteReq,17593
UpdateRouteReq,18053
UpdateRouteReq,19366
UpdateRouteReq,20428
UpdateRouteReq,17282
UpdateRouteReq,18094
UpdateRouteReq,14748
UpdateRouteReq,20167
UpdateRouteReq,15579
UpdateRouteReq,18364
UpdateRouteReq,21570
UpdateRouteReq,15780
UpdateRouteReq,22792
UpdateRouteReq,17703
UpdateRouteReq,15880
UpdateRouteReq,18305
UpdateRouteReq,19056
UpdateRouteReq,20739
UpdateRouteReq,15940
UpdateRouteReq,21831
UpdateRouteReq,20438
UpdateRouteReq,17603
UpdateRouteReq,20679
UpdateRouteReq,19276
UpdateRouteReq,17784
UpdateRouteReq,17683
UpdateRouteReq,19426
UpdateRouteReq,18856
UpdateRouteReq,21139
UpdateRouteReq,19476
UpdateRouteReq,20659
UpdateRouteReq,21299
UpdateRouteReq,14467
UpdateRouteReq,18354
UpdateRouteReq,18024
UpdateRouteReq,15879
UpdateRouteReq,18184
UpdateRouteReq,17593
UpdateRouteReq,17643
UpdateRouteReq,27592
UpdateRouteReq,19437
UpdateRouteReq,16091
UpdateRouteReq,17874
UpdateRouteReq,16310
UpdateRouteReq,17192
UpdateRouteReq,18334
UpdateRouteReq,16902
UpdateRouteReq,17674
UpdateRouteReq,16220
UpdateRouteReq,22793
UpdateRouteReq,18365
UpdateRouteReq,16100
UpdateRouteReq,21309
UpdateRouteReq,15649
UpdateRouteReq,17994
UpdateRouteReq,19095
UpdateRouteReq,17062
UpdateRouteReq,20599
UpdateRouteReq,19817
UpdateRouteReq,17853
UpdateRouteReq,17313
UpdateRouteReq,19276
UpdateRouteReq,16731
UpdateRouteReq,21029
UpdateRouteReq,24476
UpdateRouteReq,11401
UpdateRouteReq,18876
UpdateRouteReq,16181
UpdateRouteReq,23244
UpdateRouteReq,13355
UpdateRouteReq,22342
UpdateRouteReq,20468
UpdateRouteReq,18976
UpdateRouteReq,20659
UpdateRouteReq,19757
UpdateRouteReq,21820
UpdateRouteReq,15779
UpdateRouteReq,17493
UpdateRouteReq,21109
UpdateRouteReq,16100
UpdateRouteReq,17443
UpdateRouteReq,11772
UpdateRouteReq,21129
UpdateRouteReq,17824
UpdateRouteReq,15750
UpdateRouteReq,18114
UpdateRouteReq,19316
UpdateRouteReq,18755
UpdateRouteReq,21841
UpdateRouteReq,18474
UpdateRouteReq,21651
UpdateRouteReq,15479
UpdateRouteReq,19978
UpdateRouteReq,21019
UpdateRouteReq,17834
UpdateRouteReq,17643
UpdateRouteReq,19937
UpdateRouteReq,18144
UpdateRouteReq,15719
UpdateRouteReq,17754
UpdateRouteReq,18785
UpdateRouteReq,18314
UpdateRouteReq,17443
UpdateRouteReq,20919
UpdateRouteReq,19366
UpdateRouteReq,19627
UpdateRouteReq,21550
UpdateRouteReq,19256
UpdateRouteReq,20869
UpdateRouteReq,22342
UpdateRouteReq,21490
UpdateRouteReq,14106
UpdateRouteReq,20849
UpdateRouteReq,16581
UpdateRouteReq,17814
UpdateRouteReq,15478
UpdateRouteReq,17182
UpdateRouteReq,18675
UpdateRouteReq,15799
UpdateRouteReq,22301
UpdateRouteReq,15228
UpdateRouteReq,21951
UpdateRouteReq,23654
UpdateRouteReq,20578
UpdateRouteReq,22542
UpdateRouteReq,20108
UpdateRouteReq,21781
UpdateRouteReq,16351
UpdateRouteReq,17162
UpdateRouteReq,22953
UpdateRouteReq,16471
UpdateRouteReq,18314
UpdateRouteReq,15289
UpdateRouteReq,15870
UpdateRouteReq,18514
UpdateRouteReq,17182
UpdateRouteReq,18955
UpdateRouteReq,21260
UpdateRouteReq,21320
UpdateRouteReq,28192
UpdateRouteReq,22733
UpdateRouteReq,20038
UpdateRouteReq,17402
UpdateRouteReq,16491
UpdateRouteReq,21931
UpdateRouteReq,16962
UpdateRouteReq,18515
UpdateRouteReq,18685
UpdateRouteReq,18906
UpdateRouteReq,18194
UpdateRouteReq,16471
UpdateRouteReq,17432
UpdateRouteReq,19617
UpdateRouteReq,18725
UpdateRouteReq,21580
UpdateRouteReq,18976
UpdateRouteReq,17633
UpdateRouteReq,21470
UpdateRouteReq,15279
UpdateRouteReq,18365
UpdateRouteReq,18014
UpdateRouteReq,16230
UpdateRouteReq,18525
UpdateRouteReq,18755
UpdateRouteReq,16621
UpdateRouteReq,15559
UpdateRouteReq,18154
UpdateRouteReq,17052
UpdateRouteReq,14608
UpdateRouteReq,17603
UpdateRouteReq,15920
UpdateRouteReq,18324
UpdateRouteReq,14046
UpdateRouteReq,17923
UpdateRouteReq,18194
UpdateRouteReq,19696
UpdateRouteReq,20218
UpdateRouteReq,21060
UpdateRouteReq,23764
UpdateRouteReq,20208
UpdateRouteReq,16662
UpdateRouteReq,22041
UpdateRouteReq,20438
UpdateRouteReq,18504
UpdateRouteReq,23835
UpdateRouteReq,22442
UpdateRouteReq,22792
UpdateRouteReq,15659
UpdateRouteReq,185727
UpdateRouteReq,38412
UpdateRouteReq,14998
UpdateRouteReq,19998
UpdateRouteReq,18344
UpdateRouteReq,18725
UpdateRouteReq,14737
UpdateRouteReq,19617
UpdateRouteReq,15930
UpdateRouteReq,21741
UpdateRouteReq,20478
UpdateRouteReq,20449
UpdateRouteReq,17924
UpdateRouteReq,18154
UpdateRouteReq,16541
UpdateRouteReq,17543
UpdateRouteReq,17162
UpdateRouteReq,20980
UpdateRouteReq,20529
UpdateRouteReq,24846
UpdateRouteReq,21931
UpdateRouteReq,15729
UpdateRouteReq,26670
UpdateRouteReq,14807
UpdateRouteReq,18394
UpdateRouteReq,15789
UpdateRouteReq,18355
UpdateRouteReq,18204
UpdateRouteReq,15980
UpdateRouteReq,15068
UpdateRouteReq,20769
UpdateRouteReq,18635
UpdateRouteReq,20788
UpdateRouteReq,19697
UpdateRouteReq,20048
UpdateRouteReq,22842
UpdateRouteReq,22172
UpdateRouteReq,18385
UpdateRouteReq,21740
UpdateRouteReq,20158
UpdateRouteReq,18494
UpdateRouteReq,16902
UpdateRouteReq,18044
UpdateRouteReq,17473
UpdateRouteReq,18855
UpdateRouteReq,20969
UpdateRouteReq,20017
UpdateRouteReq,21450
UpdateRouteReq,19186
UpdateRouteReq,19447
UpdateRouteReq,18465
UpdateRouteReq,17643
UpdateRouteReq,19367
UpdateRouteReq,20558
UpdateRouteReq,14517
UpdateRouteReq,20418
UpdateRouteReq,15860
UpdateRouteReq,18835
UpdateRouteReq,16661
UpdateRouteReq,21530
UpdateRouteReq,18795
UpdateRouteReq,15890
UpdateRouteReq,19667
UpdateRouteReq,19717
UpdateRouteReq,22703
UpdateRouteReq,17333
UpdateRouteReq,16921
UpdateRouteReq,18254
UpdateRouteReq,16862
UpdateRouteReq,17102
UpdateRouteReq,20278
UpdateRouteReq,16992
UpdateRouteReq,18614
UpdateRouteReq,17172
UpdateRouteReq,21069
UpdateRouteReq,17593
UpdateRouteReq,20158
UpdateRouteReq,18916
UpdateRouteReq,19457
UpdateRouteReq,20459
UpdateRouteReq,17122
UpdateRouteReq,19977
UpdateRouteReq,14888
UpdateRouteReq,15279
UpdateRouteReq,16972
UpdateRouteReq,16040
UpdateRouteReq,17423
UpdateRouteReq,17052
UpdateRouteReq,17453
UpdateRouteReq,21700
UpdateRouteReq,19336
UpdateRouteReq,16411
UpdateRouteReq,17443
UpdateRouteReq,14767
UpdateRouteReq,20148
UpdateRouteReq,16932
UpdateRouteReq,29355
UpdateRouteReq,19216
UpdateRouteReq,17783
UpdateRouteReq,16120
UpdateRouteReq,16982
UpdateRouteReq,16692
UpdateRouteReq,18685
UpdateRouteReq,16281
UpdateRouteReq,18214
UpdateRouteReq,18335
UpdateRouteReq,16902
UpdateRouteReq,20708
UpdateRouteReq,18685
UpdateRouteReq,16772
UpdateRouteReq,20048
UpdateRouteReq,21761
UpdateRouteReq,17362
UpdateRouteReq,21591
UpdateRouteReq,20338
UpdateRouteReq,18995
UpdateRouteReq,16510
UpdateRouteReq,19176
UpdateRouteReq,18314
UpdateRouteReq,19757
UpdateRouteReq,19456
UpdateRouteReq,19456
UpdateRouteReq,20588
UpdateRouteReq,20027
UpdateRouteReq,17042
UpdateRouteReq,20318
UpdateRouteReq,16070
UpdateRouteReq,16471
UpdateRouteReq,20328
UpdateRouteReq,19025
UpdateRouteReq,17002
UpdateRouteReq,17833
UpdateRouteReq,17382
UpdateRouteReq,16130
UpdateRouteReq,21531
UpdateRouteReq,19216
UpdateRouteReq,19947
UpdateRouteReq,18865
UpdateRouteReq,17843
UpdateRouteReq,20609
UpdateRouteReq,16692
UpdateRouteReq,20989
UpdateRouteReq,17933
UpdateRouteReq,21861
UpdateRouteReq,18084
UpdateRouteReq,16551
UpdateRouteReq,17202
UpdateRouteReq,16982
UpdateRouteReq,15780
UpdateRouteReq,20959
UpdateRouteReq,18133
UpdateRouteReq,21850
UpdateRouteReq,19276
UpdateRouteReq,19486
UpdateRouteReq,18244
UpdateRouteReq,22462
UpdateRouteReq,21530
UpdateRouteReq,22222
UpdateRouteReq,19356
UpdateRouteReq,18374
UpdateRouteReq,20639
UpdateRouteReq,19346
UpdateRouteReq,19537
UpdateRouteReq,14577
UpdateRouteReq,20308
UpdateRouteReq,17343
UpdateRouteReq,16581
UpdateRouteReq,17673
UpdateRouteReq,19577
UpdateRouteReq,20218
UpdateRouteReq,21159
UpdateRouteReq,18795
UpdateRouteReq,21720
UpdateRouteReq,18835
UpdateRouteReq,17643
UpdateRouteReq,24175
UpdateRouteReq,16731
UpdateRouteReq,17272
UpdateRouteReq,15939
UpdateRouteReq,15740
UpdateRouteReq,17312
UpdateRouteReq,15990
UpdateRouteReq,14277
UpdateRouteReq,19667
UpdateRouteReq,18244
UpdateRouteReq,20217
UpdateRouteReq,18966
UpdateRouteReq,18264
UpdateRouteReq,18505
UpdateRouteReq,17302
UpdateRouteReq,16942
UpdateRouteReq,19958
UpdateRouteReq,18645
UpdateRouteReq,17483
UpdateRouteReq,19316
UpdateRouteReq,19397
UpdateRouteReq,17954
UpdateRouteReq,23053
UpdateRouteReq,19606
UpdateRouteReq,21661
UpdateRouteReq,19657
UpdateRouteReq,17783
UpdateRouteReq,19857
UpdateRouteReq,16861
UpdateRouteReq,17332
UpdateRouteReq,17994
UpdateRouteReq,21691
UpdateRouteReq,18885
UpdateRouteReq,19096
UpdateRouteReq,17262
UpdateRouteReq,19676
UpdateRouteReq,18665
UpdateRouteReq,20198
UpdateRouteReq,18695
UpdateRouteReq,19296
UpdateRouteReq,16171
UpdateRouteReq,17162
UpdateRouteReq,16371
UpdateRouteReq,20639
UpdateRouteReq,19707
UpdateRouteReq,22422
UpdateRouteReq,18845
UpdateRouteReq,17432
UpdateRouteReq,19957
UpdateRouteReq,17933
UpdateRouteReq,16591
UpdateRouteReq,16471
UpdateRouteReq,19547
UpdateRouteReq,17914
UpdateRouteReq,16621
UpdateRouteReq,18154
UpdateRouteReq,21620
UpdateRouteReq,19145
UpdateRouteReq,21000
UpdateRouteReq,19927
UpdateRouteReq,19146
UpdateRouteReq,19767
UpdateRouteReq,17262
UpdateRouteReq,17763
UpdateRouteReq,22833
UpdateRouteReq,21440
UpdateRouteReq,20939
UpdateRouteReq,20709
UpdateRouteReq,17903
UpdateRouteReq,21841
UpdateRouteReq,18725
UpdateRouteReq,17673
UpdateRouteReq,23654
UpdateRouteReq,21189
UpdateRouteReq,17793
UpdateRouteReq,18365
UpdateRouteReq,17804
UpdateRouteReq,18836
UpdateRouteReq,14027
UpdateRouteReq,20418
UpdateRouteReq,16951
UpdateRouteReq,18876
UpdateRouteReq,19677
UpdateRouteReq,15118
UpdateRouteReq,17292
UpdateRouteReq,18174
UpdateRouteReq,17182
UpdateRouteReq,22532
UpdateRouteReq,19957
UpdateRouteReq,17372
UpdateRouteReq,17814
UpdateRouteReq,19236
UpdateRouteReq,16300
UpdateRouteReq,18014
UpdateRouteReq,17603
UpdateRouteReq,16642
UpdateRouteReq,17923
UpdateRouteReq,18805
UpdateRouteReq,17643
UpdateRouteReq,16380
UpdateRouteReq,17342
UpdateRouteReq,18184
UpdateRouteReq,16741
UpdateRouteReq,21771
UpdateRouteReq,16191
UpdateRouteReq,18604
UpdateRouteReq,18695
UpdateRouteReq,17012
UpdateRouteReq,20649
UpdateRouteReq,16501
UpdateRouteReq,18134
UpdateRouteReq,16410
UpdateRouteReq,18134
UpdateRouteReq,17823
UpdateRouteReq,16411
UpdateRouteReq,17693
UpdateRouteReq,19697
UpdateRouteReq,19496
UpdateRouteReq,22673
UpdateRouteReq,18435
UpdateRouteReq,19817
UpdateRouteReq,15889
UpdateRouteReq,17362
UpdateRouteReq,24195
UpdateRouteReq,19226
UpdateRouteReq,20448
UpdateRouteReq,17342
UpdateRouteReq,18434
UpdateRouteReq,17884
UpdateRouteReq,13455
UpdateRouteReq,22422
UpdateRouteReq,17793
UpdateRouteReq,20318
UpdateRouteReq,17583
UpdateRouteReq,18294
UpdateRouteReq,22692
UpdateRouteReq,22101
UpdateRouteReq,19176
UpdateRouteReq,17673
UpdateRouteReq,20378
UpdateRouteReq,18695
UpdateRouteReq,18054
UpdateRouteReq,17543
UpdateRouteReq,16261
UpdateRouteReq,18895
UpdateRouteReq,17964
UpdateRouteReq,16060
UpdateRouteReq,16741
UpdateRouteReq,17262
UpdateRouteReq,16411
UpdateRouteReq,18414
UpdateRouteReq,17583
UpdateRouteReq,16381
UpdateRouteReq,18114
UpdateRouteReq,18244
UpdateRouteReq,18445
UpdateRouteReq,15839
UpdateRouteReq,17503
UpdateRouteReq,16130
UpdateRouteReq,17232
UpdateRouteReq,17893
UpdateRouteReq,15810
UpdateRouteReq,17964
UpdateRouteReq,22031
UpdateRouteReq,18685
UpdateRouteReq,16541
UpdateRouteReq,19737
UpdateRouteReq,18264
UpdateRouteReq,17452
UpdateRouteReq,18174
UpdateRouteReq,16261
UpdateRouteReq,19416
UpdateRouteReq,18004
UpdateRouteReq,16230
UpdateRouteReq,20899
UpdateRouteReq,21149
UpdateRouteReq,17313
UpdateRouteReq,18484
UpdateRouteReq,21420
UpdateRouteReq,19527
UpdateRouteReq,21019
UpdateRouteReq,26069
UpdateRouteReq,16361
UpdateRouteReq,20188
UpdateRouteReq,21400
UpdateRouteReq,18163
UpdateRouteReq,19407
UpdateRouteReq,17633
UpdateRouteReq,16190
UpdateRouteReq,16921
UpdateRouteReq,15869
UpdateRouteReq,17322
UpdateRouteReq,19276
UpdateRouteReq,19496
UpdateRouteReq,18114
UpdateRouteReq,15849
UpdateRouteReq,19566
UpdateRouteReq,17203
UpdateRouteReq,19326
UpdateRouteReq,19036
UpdateRouteReq,16511
UpdateRouteReq,18665
UpdateRouteReq,20318
UpdateRouteReq,17923
UpdateRouteReq,18244
UpdateRouteReq,17944
UpdateRouteReq,15769
UpdateRouteReq,18254
UpdateRouteReq,19045
UpdateRouteReq,16281
UpdateRouteReq,17432
UpdateRouteReq,21270
UpdateRouteReq,17683
UpdateRouteReq,16942
UpdateRouteReq,22162
UpdateRouteReq,18946
UpdateRouteReq,21671
UpdateRouteReq,20348
UpdateRouteReq,16701
UpdateRouteReq,17833
UpdateRouteReq,17913
UpdateRouteReq,16130
UpdateRouteReq,17573
UpdateRouteReq,18084
UpdateRouteReq,16221
UpdateRouteReq,15960
UpdateRouteReq,16000
UpdateRouteReq,17653
UpdateRouteReq,16662
UpdateRouteReq,18585
UpdateRouteReq,18033
UpdateRouteReq,15970
UpdateRouteReq,20658
UpdateRouteReq,15679
UpdateRouteReq,20038
UpdateRouteReq,18875
UpdateRouteReq,17222
UpdateRouteReq,15179
UpdateRouteReq,20648
UpdateRouteReq,16541
UpdateRouteReq,18224
UpdateRouteReq,20348
UpdateRouteReq,18395
UpdateRouteReq,20688
UpdateRouteReq,19857
UpdateRouteReq,16110
UpdateRouteReq,20258
UpdateRouteReq,31549
UpdateRouteReq,19897
UpdateRouteReq,20699
UpdateRouteReq,29375
UpdateRouteReq,17422
UpdateRouteReq,23855
UpdateRouteReq,18985
UpdateRouteReq,21560
UpdateRouteReq,20348
UpdateRouteReq,22191
UpdateRouteReq,22092
UpdateRouteReq,19917
UpdateRouteReq,22633
UpdateRouteReq,19767
UpdateRouteReq,20488
UpdateRouteReq,21169
UpdateRouteReq,17773
UpdateRouteReq,19486
UpdateRouteReq,20068
UpdateRouteReq,19627
UpdateRouteReq,16881
UpdateRouteReq,15949
UpdateRouteReq,17413
UpdateRouteReq,16240
UpdateRouteReq,21170
UpdateRouteReq,18485
UpdateRouteReq,20399
UpdateRouteReq,19176
UpdateRouteReq,18294
UpdateRouteReq,20599
UpdateRouteReq,17382
UpdateRouteReq,16981
UpdateRouteReq,20358
UpdateRouteReq,21841
UpdateRouteReq,18524
UpdateRouteReq,18264
UpdateRouteReq,21961
UpdateRouteReq,19827
UpdateRouteReq,17593
UpdateRouteReq,17203
UpdateRouteReq,18825
UpdateRouteReq,17934
UpdateRouteReq,20638
UpdateRouteReq,20980
UpdateRouteReq,18034
UpdateRouteReq,19226
UpdateRouteReq,17824
UpdateRouteReq,21089
UpdateRouteReq,17343
UpdateRouteReq,17402
UpdateRouteReq,18034
UpdateRouteReq,20338
UpdateRouteReq,17763
UpdateRouteReq,16741
UpdateRouteReq,17412
UpdateRouteReq,19396
UpdateRouteReq,19045
UpdateRouteReq,21050
UpdateRouteReq,18704
UpdateRouteReq,19716
UpdateRouteReq,19516
UpdateRouteReq,17503
UpdateRouteReq,20048
UpdateRouteReq,16912
UpdateRouteReq,17213
UpdateRouteReq,15359
UpdateRouteReq,15790
UpdateRouteReq,17593
UpdateRouteReq,16220
UpdateRouteReq,13977
UpdateRouteReq,18474
UpdateRouteReq,18444
UpdateRouteReq,20758
UpdateRouteReq,19106
UpdateRouteReq,20839
UpdateRouteReq,19467
UpdateRouteReq,18545
UpdateRouteReq,20498
UpdateRouteReq,16642
UpdateRouteReq,16961
UpdateRouteReq,18595
UpdateRouteReq,20749
UpdateRouteReq,19547
UpdateRouteReq,16110
UpdateRouteReq,17633
UpdateRouteReq,14707
UpdateRouteReq,18715
UpdateRouteReq,17633
UpdateRouteReq,13475
UpdateRouteReq,12092
UpdateRouteReq,16651
UpdateRouteReq,16230
UpdateRouteReq,14868
UpdateRouteReq,13626
UpdateRouteReq,12944
UpdateRouteReq,13926
UpdateRouteReq,12403
UpdateRouteReq,12444
UpdateRouteReq,15920
UpdateRouteReq,19587
UpdateRouteReq,12142
UpdateRouteReq,11201
UpdateRouteReq,14557
UpdateRouteReq,17973
UpdateRouteReq,15239
UpdateRouteReq,14357
UpdateRouteReq,13135
UpdateRouteReq,17092
UpdateRouteReq,17492
UpdateRouteReq,14347
UpdateRouteReq,12514
UpdateRouteReq,15679
UpdateRouteReq,14677
UpdateRouteReq,15789
UpdateRouteReq,13896
UpdateRouteReq,12203
UpdateRouteReq,13766
UpdateRouteReq,15198
UpdateRouteReq,12373
UpdateRouteReq,15609
UpdateRouteReq,15439
UpdateRouteReq,12723
UpdateRouteReq,14056
UpdateRouteReq,15479
UpdateRouteReq,13044
UpdateRouteReq,15799
UpdateRouteReq,18364
UpdateRouteReq,13876
UpdateRouteReq,15159
UpdateRouteReq,17443
UpdateRouteReq,17282
UpdateRouteReq,16160
UpdateRouteReq,13986
UpdateRouteReq,13315
UpdateRouteReq,13876
UpdateRouteReq,13526
UpdateRouteReq,11511
UpdateRouteReq,15479
UpdateRouteReq,15269
UpdateRouteReq,15509
UpdateRouteReq,15750
UpdateRouteReq,14948
UpdateRouteReq,18525
UpdateRouteReq,15469
UpdateRouteReq,17903
UpdateRouteReq,13986
UpdateRouteReq,13355
UpdateRouteReq,16932
UpdateRouteReq,18424
UpdateRouteReq,14597
UpdateRouteReq,12523
UpdateRouteReq,12283
UpdateRouteReq,13725
UpdateRouteReq,14327
UpdateRouteReq,12003
UpdateRouteReq,15008
UpdateRouteReq,15389
UpdateRouteReq,14898
UpdateRouteReq,16751
UpdateRouteReq,16251
UpdateRouteReq,12874
UpdateRouteReq,16781
UpdateRouteReq,16982
UpdateRouteReq,12403
UpdateRouteReq,11171
UpdateRouteReq,15649
UpdateRouteReq,19616
UpdateRouteReq,15439
UpdateRouteReq,15318
UpdateRouteReq,15349
UpdateRouteReq,15860
UpdateRouteReq,13205
UpdateRouteReq,11422
UpdateRouteReq,15519
UpdateRouteReq,14517
UpdateRouteReq,12723
UpdateRouteReq,19346
UpdateRouteReq,14157
UpdateRouteReq,13947
UpdateRouteReq,39885
UpdateRouteReq,36979
UpdateRouteReq,35817
UpdateRouteReq,26620
UpdateRouteReq,31208
UpdateRouteReq,28243
UpdateRouteReq,27943
UpdateRouteReq,27461
UpdateRouteReq,21340
UpdateRouteReq,31098
UpdateRouteReq,33774
UpdateRouteReq,25027
UpdateRouteReq,22983
UpdateRouteReq,35667
UpdateRouteReq,27762
UpdateRouteReq,22923
UpdateRouteReq,27161
UpdateRouteReq,30487
UpdateRouteReq,24065
UpdateRouteReq,23404
UpdateRouteReq,21029
UpdateRouteReq,23023
UpdateRouteReq,19957
UpdateRouteReq,28443
UpdateRouteReq,23594
UpdateRouteReq,43552
UpdateRouteReq,30427
UpdateRouteReq,27281
UpdateRouteReq,31188
UpdateRouteReq,17703
UpdateRouteReq,22132
UpdateRouteReq,28915
UpdateRouteReq,21931
UpdateRouteReq,26189
UpdateRouteReq,27311
UpdateRouteReq,18815
UpdateRouteReq,23704
UpdateRouteReq,27752
UpdateRouteReq,24726
UpdateRouteReq,21039
UpdateRouteReq,19246
UpdateRouteReq,30598
UpdateRouteReq,24816
UpdateRouteReq,23544
UpdateRouteReq,24496
UpdateRouteReq,18484
UpdateRouteReq,18234
UpdateRouteReq,17513
UpdateRouteReq,32741
UpdateRouteReq,27521
UpdateRouteReq,27822
UpdateRouteReq,26600
UpdateRouteReq,25177
UpdateRouteReq,24106
UpdateRouteReq,22532
UpdateRouteReq,31068
UpdateRouteReq,25357
UpdateRouteReq,28674
UpdateRouteReq,28123
UpdateRouteReq,24516
UpdateRouteReq,22592
UpdateRouteReq,25548
UpdateRouteReq,38342
UpdateRouteReq,27742
UpdateRouteReq,21550
UpdateRouteReq,31789
UpdateRouteReq,24817
UpdateRouteReq,40346
UpdateRouteReq,36258
UpdateRouteReq,24536
UpdateRouteReq,29856
UpdateRouteReq,22242
UpdateRouteReq,25829
UpdateRouteReq,29746
UpdateRouteReq,19777
UpdateRouteReq,24466
UpdateRouteReq,33724
UpdateRouteReq,23184
UpdateRouteReq,21590
UpdateRouteReq,19556
UpdateRouteReq,19186
UpdateRouteReq,40166
UpdateRouteReq,26149
UpdateRouteReq,20468
UpdateRouteReq,25187
UpdateRouteReq,24456
UpdateRouteReq,20238
UpdateRouteReq,25938
UpdateRouteReq,29635
UpdateRouteReq,22142
UpdateRouteReq,22973
UpdateRouteReq,27532
UpdateRouteReq,29976
UpdateRouteReq,25568
UpdateRouteReq,22141
UpdateRouteReq,22181
UpdateRouteReq,22012
UpdateRouteReq,23043
UpdateRouteReq,28353
UpdateRouteReq,27431
UpdateRouteReq,29846
UpdateRouteReq,19967
UpdateRouteReq,25317
UpdateRouteReq,18955
UpdateRouteReq,20769
UpdateRouteReq,27301
UpdateRouteReq,32902
UpdateRouteReq,22943
UpdateRouteReq,21751
UpdateRouteReq,25798
UpdateRouteReq,21310
UpdateRouteReq,33703
UpdateRouteReq,24466
UpdateRouteReq,20668
UpdateRouteReq,32070
UpdateRouteReq,27481
UpdateRouteReq,25558
UpdateRouteReq,20759
UpdateRouteReq,23645
UpdateRouteReq,19326
UpdateRouteReq,26249
UpdateRouteReq,24275
UpdateRouteReq,23484
UpdateRouteReq,21781
UpdateRouteReq,28944
UpdateRouteReq,16671
UpdateRouteReq,24586
UpdateRouteReq,27621
UpdateRouteReq,20097
UpdateRouteReq,26560
UpdateRouteReq,23003
UpdateRouteReq,20158
UpdateRouteReq,25378
UpdateRouteReq,31068
UpdateRouteReq,26981
UpdateRouteReq,27812
UpdateRouteReq,20479
UpdateRouteReq,19747
UpdateRouteReq,25768
UpdateRouteReq,35235
UpdateRouteReq,19987
UpdateRouteReq,20408
UpdateRouteReq,20218
UpdateRouteReq,24436
UpdateRouteReq,20569
UpdateRouteReq,19636
UpdateRouteReq,21601
UpdateRouteReq,26950
UpdateRouteReq,19887
UpdateRouteReq,27361
UpdateRouteReq,25347
UpdateRouteReq,30136
UpdateRouteReq,20889
UpdateRouteReq,20889
UpdateRouteReq,34114
UpdateRouteReq,22251
UpdateRouteReq,23554
UpdateRouteReq,27100
UpdateRouteReq,31959
UpdateRouteReq,24826
UpdateRouteReq,22372
UpdateRouteReq,35346
UpdateRouteReq,20469
UpdateRouteReq,20598
UpdateRouteReq,18475
UpdateRouteReq,34314
UpdateRouteReq,37730
UpdateRouteReq,30888
UpdateRouteReq,26710
UpdateRouteReq,26720
UpdateRouteReq,23795
UpdateRouteReq,20248
UpdateRouteReq,28443
UpdateRouteReq,27842
UpdateRouteReq,26429
UpdateRouteReq,29375
UpdateRouteReq,27291
UpdateRouteReq,28223
UpdateRouteReq,22241
UpdateRouteReq,21470
UpdateRouteReq,21551
UpdateRouteReq,31980
UpdateRouteReq,23805
UpdateRouteReq,25768
UpdateRouteReq,26229
UpdateRouteReq,23134
UpdateRouteReq,19316
UpdateRouteReq,31068
UpdateRouteReq,15499
UpdateRouteReq,19927
UpdateRouteReq,26329
UpdateRouteReq,21861
UpdateRouteReq,28894
UpdateRouteReq,32520
UpdateRouteReq,33633
UpdateRouteReq,25258
UpdateRouteReq,25688
UpdateRouteReq,27291
UpdateRouteReq,22552
UpdateRouteReq,30407
UpdateRouteReq,23253
UpdateRouteReq,27661
UpdateRouteReq,31008
UpdateRouteReq,22082
UpdateRouteReq,28574
UpdateRouteReq,36458
UpdateRouteReq,22432
UpdateRouteReq,23894
UpdateRouteReq,20639
UpdateRouteReq,26891
UpdateRouteReq,22872
UpdateRouteReq,19798
UpdateRouteReq,19056
UpdateRouteReq,22883
UpdateRouteReq,18916
UpdateRouteReq,17703
UpdateRouteReq,29706
UpdateRouteReq,38171
UpdateRouteReq,29054
UpdateRouteReq,26199
UpdateRouteReq,29946
UpdateRouteReq,22562
UpdateRouteReq,37140
UpdateRouteReq,38593
UpdateRouteReq,41638
UpdateRouteReq,27933
UpdateRouteReq,27512
UpdateRouteReq,21029
UpdateRouteReq,26460
UpdateRouteReq,18905
UpdateRouteReq,20728
UpdateRouteReq,20749
UpdateRouteReq,31900
UpdateRouteReq,23203
UpdateRouteReq,22262
UpdateRouteReq,19797
UpdateRouteReq,25438
UpdateRouteReq,33963
UpdateRouteReq,24235
UpdateRouteReq,20499
UpdateRouteReq,24696
UpdateRouteReq,25769
UpdateRouteReq,22913
UpdateRouteReq,19687
UpdateRouteReq,35356
UpdateRouteReq,21109
UpdateRouteReq,22662
UpdateRouteReq,22402
UpdateRouteReq,26559
UpdateRouteReq,30567
UpdateRouteReq,26950
UpdateRouteReq,23544
UpdateRouteReq,24616
UpdateRouteReq,27431
UpdateRouteReq,23063
UpdateRouteReq,29375
UpdateRouteReq,20318
UpdateRouteReq,18444
UpdateRouteReq,33383
UpdateRouteReq,18545
UpdateRouteReq,19938
UpdateRouteReq,26760
UpdateRouteReq,28243
UpdateRouteReq,25988
UpdateRouteReq,20368
UpdateRouteReq,24035
UpdateRouteReq,22462
UpdateRouteReq,83065
UpdateRouteReq,92753
UpdateRouteReq,76944
UpdateRouteReq,137848
UpdateRouteReq,37571
UpdateRouteReq,33944
UpdateRouteReq,50264
UpdateRouteReq,41548
UpdateRouteReq,32050
UpdateRouteReq,49232
UpdateRouteReq,48531
UpdateRouteReq,34775
UpdateRouteReq,26459
UpdateRouteReq,23413
UpdateRouteReq,22863
UpdateRouteReq,21641
UpdateRouteReq,20498
UpdateRouteReq,20638
UpdateRouteReq,21120
UpdateRouteReq,23194
UpdateRouteReq,23905
UpdateRouteReq,21210
UpdateRouteReq,31158
UpdateRouteReq,19617
UpdateRouteReq,21610
UpdateRouteReq,40034
UpdateRouteReq,40265
UpdateRouteReq,24345
UpdateRouteReq,23133
UpdateRouteReq,21360
UpdateRouteReq,22041
UpdateRouteReq,23384
UpdateRouteReq,36107
UpdateRouteReq,25047
UpdateRouteReq,50835
UpdateRouteReq,47128
UpdateRouteReq,35336
UpdateRouteReq,60793
UpdateRouteReq,94457
UpdateRouteReq,34414
UpdateRouteReq,42239
UpdateRouteReq,36919
UpdateRouteReq,50214
UpdateRouteReq,35947
UpdateRouteReq,28663
UpdateRouteReq,37490
UpdateRouteReq,30948
UpdateRouteReq,21681
UpdateRouteReq,20879
UpdateRouteReq,34995
UpdateRouteReq,30598
UpdateRouteReq,32952
UpdateRouteReq,24436
UpdateRouteReq,28434
UpdateRouteReq,20308
UpdateRouteReq,47108
UpdateRouteReq,31479
UpdateRouteReq,33092
UpdateRouteReq,50384
UpdateRouteReq,37901
UpdateRouteReq,29966
UpdateRouteReq,34575
UpdateRouteReq,28533
UpdateRouteReq,29866
UpdateRouteReq,34364
UpdateRouteReq,25377
UpdateRouteReq,32581
UpdateRouteReq,35347
UpdateRouteReq,21961
UpdateRouteReq,34164
UpdateRouteReq,37661
UpdateRouteReq,22231
UpdateRouteReq,39053
UpdateRouteReq,31219
UpdateRouteReq,38703
UpdateRouteReq,26880
UpdateRouteReq,27842
UpdateRouteReq,30698
UpdateRouteReq,22382
UpdateRouteReq,30477
UpdateRouteReq,23835
UpdateRouteReq,20779
UpdateRouteReq,46377
UpdateRouteReq,41317
UpdateRouteReq,34785
UpdateRouteReq,44684
UpdateRouteReq,31028
UpdateRouteReq,22261
UpdateRouteReq,34936
UpdateRouteReq,23133
UpdateRouteReq,27211
UpdateRouteReq,34695
UpdateRouteReq,22903
UpdateRouteReq,31589
UpdateRouteReq,56536
UpdateRouteReq,37831
UpdateRouteReq,37350
UpdateRouteReq,27371
UpdateRouteReq,20117
UpdateRouteReq,21300
UpdateRouteReq,21991
UpdateRouteReq,27321
UpdateRouteReq,17373
UpdateRouteReq,20879
UpdateRouteReq,30377
UpdateRouteReq,22372
UpdateRouteReq,34454
UpdateRouteReq,28423
UpdateRouteReq,22903
UpdateRouteReq,35686
UpdateRouteReq,36378
UpdateRouteReq,34204
UpdateRouteReq,21630
UpdateRouteReq,21300
UpdateRouteReq,52638
UpdateRouteReq,40506
UpdateRouteReq,33903
UpdateRouteReq,23374
UpdateRouteReq,21059
UpdateRouteReq,21290
UpdateRouteReq,20468
UpdateRouteReq,20688
UpdateRouteReq,20939
UpdateRouteReq,21179
UpdateRouteReq,24756
UpdateRouteReq,23153
UpdateRouteReq,20789
UpdateRouteReq,24496
UpdateRouteReq,23594
UpdateRouteReq,21109
UpdateRouteReq,21811
UpdateRouteReq,21380
UpdateRouteReq,189083
UpdateRouteReq,171030
UpdateRouteReq,155601
UpdateRouteReq,69010
UpdateRouteReq,60222
UpdateRouteReq,32741
UpdateRouteReq,22753
UpdateRouteReq,21941
UpdateRouteReq,20328
UpdateRouteReq,20669
UpdateRouteReq,21951
UpdateRouteReq,21550
UpdateRouteReq,21771
UpdateRouteReq,27041
UpdateRouteReq,20890
UpdateRouteReq,21851
UpdateRouteReq,21180
UpdateRouteReq,21370
UpdateRouteReq,24076
UpdateRouteReq,23384
UpdateRouteReq,23625
UpdateRouteReq,24495
UpdateRouteReq,33022
UpdateRouteReq,21681
UpdateRouteReq,22102
UpdateRouteReq,21430
UpdateRouteReq,21791
UpdateRouteReq,22852
UpdateRouteReq,20930
UpdateRouteReq,24296
UpdateRouteReq,24136
UpdateRouteReq,24165
UpdateRouteReq,23354
UpdateRouteReq,23504
UpdateRouteReq,22793
UpdateRouteReq,21370
UpdateRouteReq,20949
UpdateRouteReq,23253
UpdateRouteReq,21190
UpdateRouteReq,23003
UpdateRouteReq,24415
UpdateRouteReq,24326
UpdateRouteReq,23224
UpdateRouteReq,23855
UpdateRouteReq,23294
UpdateRouteReq,20799
UpdateRouteReq,22291
UpdateRouteReq,21340
UpdateRouteReq,25187
UpdateRouteReq,25257
UpdateRouteReq,24737
UpdateRouteReq,23193
UpdateRouteReq,23895
UpdateRouteReq,21350
UpdateRouteReq,21590
UpdateRouteReq,21000
UpdateRouteReq,21820
UpdateRouteReq,21130
UpdateRouteReq,30187
UpdateRouteReq,20368
UpdateRouteReq,21601
UpdateRouteReq,19988
UpdateRouteReq,20929
UpdateRouteReq,19597
UpdateRouteReq,23134
UpdateRouteReq,20518
UpdateRouteReq,21891
UpdateRouteReq,21430
UpdateRouteReq,20709
UpdateRouteReq,23033
UpdateRouteReq,25467
UpdateRouteReq,23985
UpdateRouteReq,27882
UpdateRouteReq,37871
UpdateRouteReq,26399
UpdateRouteReq,21239
UpdateRouteReq,22232
UpdateRouteReq,21530
UpdateRouteReq,20509
UpdateRouteReq,19817
UpdateRouteReq,21861
UpdateRouteReq,22052
UpdateRouteReq,24897
UpdateRouteReq,24216
UpdateRouteReq,32360
UpdateRouteReq,25668
UpdateRouteReq,20939
UpdateRouteReq,26980
UpdateRouteReq,25358
UpdateRouteReq,20899
UpdateRouteReq,24896
UpdateRouteReq,22422
UpdateRouteReq,24136
UpdateRouteReq,31569
UpdateRouteReq,23945
UpdateRouteReq,22833
UpdateRouteReq,23223
UpdateRouteReq,22222
UpdateRouteReq,19887
UpdateRouteReq,21150
UpdateRouteReq,25367
UpdateRouteReq,23534
UpdateRouteReq,23995
UpdateRouteReq,20809
UpdateRouteReq,21220
UpdateRouteReq,39393
UpdateRouteReq,29385
UpdateRouteReq,41879
UpdateRouteReq,23444
UpdateRouteReq,22372
UpdateRouteReq,21461
UpdateRouteReq,21269
UpdateRouteReq,25468
UpdateRouteReq,23234
UpdateRouteReq,25918
UpdateRouteReq,20940
UpdateRouteReq,20228
UpdateRouteReq,42018
UpdateRouteReq,39995
UpdateRouteReq,25909
UpdateRouteReq,23565
UpdateRouteReq,22953
UpdateRouteReq,22402
UpdateRouteReq,21551
UpdateRouteReq,21370
UpdateRouteReq,22031
UpdateRouteReq,20428
UpdateRouteReq,30948
UpdateRouteReq,22623
UpdateRouteReq,21531
UpdateRouteReq,21821
UpdateRouteReq,22041
UpdateRouteReq,24255
UpdateRouteReq,23273
UpdateRouteReq,22723
UpdateRouteReq,21119
UpdateRouteReq,21040
UpdateRouteReq,21891
UpdateRouteReq,20999
UpdateRouteReq,20238
UpdateRouteReq,21380
UpdateRouteReq,25678
UpdateRouteReq,27601
UpdateRouteReq,24636
UpdateRouteReq,26440
UpdateRouteReq,28233
UpdateRouteReq,22642
UpdateRouteReq,21630
UpdateRouteReq,22261
UpdateRouteReq,20929
UpdateRouteReq,21239
UpdateRouteReq,27752
UpdateRouteReq,24175
UpdateRouteReq,22833
UpdateRouteReq,22973
UpdateRouteReq,20829
UpdateRouteReq,20909
UpdateRouteReq,21190
UpdateRouteReq,21971
UpdateRouteReq,20338
UpdateRouteReq,19867
UpdateRouteReq,36478
UpdateRouteReq,43742
UpdateRouteReq,28824
UpdateRouteReq,21901
UpdateRouteReq,21911
UpdateRouteReq,21440
UpdateRouteReq,21220
UpdateRouteReq,29395
UpdateRouteReq,26870
UpdateRouteReq,22673
UpdateRouteReq,21470
UpdateRouteReq,23073
UpdateRouteReq,20448
UpdateRouteReq,21551
UpdateRouteReq,20098
UpdateRouteReq,23514
UpdateRouteReq,20709
UpdateRouteReq,25628
UpdateRouteReq,20278
UpdateRouteReq,21641
UpdateRouteReq,22151
UpdateRouteReq,20960
UpdateRouteReq,19918
UpdateRouteReq,41478
UpdateRouteReq,32160
UpdateRouteReq,19877
UpdateRouteReq,27181
UpdateRouteReq,22242
UpdateRouteReq,21851
UpdateRouteReq,22663
UpdateRouteReq,60784
UpdateRouteReq,37029
UpdateRouteReq,22933
UpdateRouteReq,23414
UpdateRouteReq,24265
UpdateRouteReq,31659
UpdateRouteReq,43221
UpdateRouteReq,29095
UpdateRouteReq,24936
UpdateRouteReq,46046
UpdateRouteReq,21430
UpdateRouteReq,25538
UpdateRouteReq,25037
UpdateRouteReq,22472
UpdateRouteReq,20709
UpdateRouteReq,20268
UpdateRouteReq,24055
UpdateRouteReq,21270
UpdateRouteReq,21049
UpdateRouteReq,21760
UpdateRouteReq,22562
UpdateRouteReq,23615
UpdateRouteReq,23624
UpdateRouteReq,33823
UpdateRouteReq,22021
UpdateRouteReq,43472
UpdateRouteReq,76112
UpdateRouteReq,31298
UpdateRouteReq,23985
UpdateRouteReq,24185
UpdateRouteReq,24446
UpdateRouteReq,26750
UpdateRouteReq,23865
UpdateRouteReq,21591
UpdateRouteReq,27081
UpdateRouteReq,22542
UpdateRouteReq,21279
UpdateRouteReq,22111
UpdateRouteReq,22923
UpdateRouteReq,20559
UpdateRouteReq,21040
UpdateRouteReq,20969
UpdateRouteReq,21050
UpdateRouteReq,21190
UpdateRouteReq,22482
UpdateRouteReq,21020
UpdateRouteReq,20789
UpdateRouteReq,21189
UpdateRouteReq,21790
UpdateRouteReq,24596
UpdateRouteReq,20879
UpdateRouteReq,21280
UpdateRouteReq,41257
UpdateRouteReq,33883
UpdateRouteReq,26841
UpdateRouteReq,20709
UpdateRouteReq,21530
UpdateRouteReq,20248
UpdateRouteReq,22282
UpdateRouteReq,21911
UpdateRouteReq,21640
UpdateRouteReq,20949
UpdateRouteReq,20558
UpdateRouteReq,21130
UpdateRouteReq,21820
UpdateRouteReq,23745
UpdateRouteReq,24005
UpdateRouteReq,26079
UpdateRouteReq,21290
UpdateRouteReq,20308
UpdateRouteReq,23995
UpdateRouteReq,20929
UpdateRouteReq,21710
UpdateRouteReq,25288
UpdateRouteReq,21871
UpdateRouteReq,24265
UpdateRouteReq,23303
UpdateRouteReq,23995
UpdateRouteReq,23934
UpdateRouteReq,24055
UpdateRouteReq,23564
UpdateRouteReq,20248
UpdateRouteReq,20488
UpdateRouteReq,21360
UpdateRouteReq,20849
UpdateRouteReq,21500
UpdateRouteReq,23824
UpdateRouteReq,25368
UpdateRouteReq,22693
UpdateRouteReq,24536
UpdateRouteReq,20468
UpdateRouteReq,20548
UpdateRouteReq,24586
UpdateRouteReq,22702
UpdateRouteReq,26700
UpdateRouteReq,21400
UpdateRouteReq,21310
UpdateRouteReq,24396
UpdateRouteReq,21961
UpdateRouteReq,24807
UpdateRouteReq,24145
UpdateRouteReq,22983
UpdateRouteReq,22622
UpdateRouteReq,23033
UpdateRouteReq,23524
UpdateRouteReq,20759
UpdateRouteReq,21610
UpdateRouteReq,20368
UpdateRouteReq,21380
UpdateRouteReq,21250
UpdateRouteReq,24105
UpdateRouteReq,25437
UpdateRouteReq,32110
UpdateRouteReq,23804
UpdateRouteReq,22582
UpdateRouteReq,21339
UpdateRouteReq,22422
UpdateRouteReq,22532
UpdateRouteReq,22983
UpdateRouteReq,20569
UpdateRouteReq,21401
UpdateRouteReq,24666
UpdateRouteReq,24766
UpdateRouteReq,24416
UpdateRouteReq,23784
UpdateRouteReq,24166
UpdateRouteReq,21671
UpdateRouteReq,23123
UpdateRouteReq,24025
UpdateRouteReq,21510
UpdateRouteReq,20649
UpdateRouteReq,23123
UpdateRouteReq,20669
UpdateRouteReq,20929
UpdateRouteReq,21109
UpdateRouteReq,23934
UpdateRouteReq,22602
UpdateRouteReq,23855
UpdateRouteReq,20188
UpdateRouteReq,20648
UpdateRouteReq,21400
UpdateRouteReq,40035
UpdateRouteReq,30246
UpdateRouteReq,26229
UpdateRouteReq,25127
UpdateRouteReq,44023
UpdateRouteReq,43461
UpdateRouteReq,27772
UpdateRouteReq,24435
UpdateRouteReq,33393
UpdateRouteReq,23965
UpdateRouteReq,21019
UpdateRouteReq,20128
UpdateRouteReq,23955
UpdateRouteReq,22703
UpdateRouteReq,47279
UpdateRouteReq,24075
UpdateRouteReq,21500
UpdateRouteReq,22952
UpdateRouteReq,22852
UpdateRouteReq,26109
UpdateRouteReq,24806
UpdateRouteReq,22663
UpdateRouteReq,22642
UpdateRouteReq,23534
UpdateRouteReq,21681
UpdateRouteReq,21741
UpdateRouteReq,23704
UpdateRouteReq,45095
UpdateRouteReq,25998
UpdateRouteReq,26319
UpdateRouteReq,26129
UpdateRouteReq,26249
UpdateRouteReq,24416
UpdateRouteReq,21841
UpdateRouteReq,22332
UpdateRouteReq,21100
UpdateRouteReq,22412
UpdateRouteReq,21630
UpdateRouteReq,24456
UpdateRouteReq,21621
UpdateRouteReq,24526
UpdateRouteReq,21551
UpdateRouteReq,30076
UpdateRouteReq,27391
UpdateRouteReq,25618
UpdateRouteReq,24686
UpdateRouteReq,40586
UpdateRouteReq,38872
UpdateRouteReq,24716
UpdateRouteReq,38733
UpdateRouteReq,35527
UpdateRouteReq,21420
UpdateRouteReq,27331
UpdateRouteReq,25828
UpdateRouteReq,51967
UpdateRouteReq,27912
UpdateRouteReq,28744
UpdateRouteReq,25908
UpdateRouteReq,27361
UpdateRouteReq,23304
UpdateRouteReq,20167
UpdateRouteReq,20558
UpdateRouteReq,21310
UpdateRouteReq,21631
UpdateRouteReq,20498
UpdateRouteReq,32170
UpdateRouteReq,25067
UpdateRouteReq,22392
UpdateRouteReq,23374
UpdateRouteReq,21701
UpdateRouteReq,21300
UpdateRouteReq,23654
UpdateRouteReq,23303
UpdateRouteReq,39483
UpdateRouteReq,26058
UpdateRouteReq,21329
UpdateRouteReq,27181
UpdateRouteReq,41597
UpdateRouteReq,26279
UpdateRouteReq,25127
UpdateRouteReq,24045
UpdateRouteReq,27141
UpdateRouteReq,23123
UpdateRouteReq,26049
UpdateRouteReq,25368
UpdateRouteReq,25488
UpdateRouteReq,25438
UpdateRouteReq,20909
UpdateRouteReq,28955
UpdateRouteReq,29455
UpdateRouteReq,24146
UpdateRouteReq,21149
UpdateRouteReq,22422
UpdateRouteReq,21590
UpdateRouteReq,39794
UpdateRouteReq,32911
UpdateRouteReq,26320
UpdateRouteReq,20638
UpdateRouteReq,24716
UpdateRouteReq,23203
UpdateRouteReq,24165
UpdateRouteReq,24406
UpdateRouteReq,20187
UpdateRouteReq,21851
UpdateRouteReq,24957
UpdateRouteReq,21851
UpdateRouteReq,20849
UpdateRouteReq,20488
UpdateRouteReq,20408
UpdateRouteReq,24306
UpdateRouteReq,23033
UpdateRouteReq,30136
UpdateRouteReq,21771
UpdateRouteReq,34684
UpdateRouteReq,30217
UpdateRouteReq,22322
UpdateRouteReq,23333
UpdateRouteReq,21450
UpdateRouteReq,21821
UpdateRouteReq,21130
UpdateRouteReq,21390
UpdateRouteReq,39303
UpdateRouteReq,34785
UpdateRouteReq,23484
UpdateRouteReq,22132
UpdateRouteReq,22792
UpdateRouteReq,20479
UpdateRouteReq,21911
UpdateRouteReq,31098
UpdateRouteReq,21630
UpdateRouteReq,22742
UpdateRouteReq,27992
UpdateRouteReq,20839
UpdateRouteReq,21400
UpdateRouteReq,22272
UpdateRouteReq,21811
UpdateRouteReq,21260
UpdateRouteReq,23985
UpdateRouteReq,23664
UpdateRouteReq,24676
UpdateRouteReq,23975
UpdateRouteReq,21380
UpdateRouteReq,21139
UpdateRouteReq,21179
UpdateRouteReq,20749
UpdateRouteReq,21650
UpdateRouteReq,22883
UpdateRouteReq,20539
UpdateRouteReq,20358
UpdateRouteReq,20388
UpdateRouteReq,26399
UpdateRouteReq,21861
UpdateRouteReq,24345
UpdateRouteReq,24346
UpdateRouteReq,41247
UpdateRouteReq,35206
UpdateRouteReq,20929
UpdateRouteReq,29946
UpdateRouteReq,28653
UpdateRouteReq,23484
UpdateRouteReq,26129
UpdateRouteReq,22362
UpdateRouteReq,26459
UpdateRouteReq,23954
UpdateRouteReq,23083
UpdateRouteReq,22692
UpdateRouteReq,23224
UpdateRouteReq,22492
UpdateRouteReq,20308
UpdateRouteReq,24716
UpdateRouteReq,23374
UpdateRouteReq,21971
UpdateRouteReq,20419
UpdateRouteReq,26279
UpdateRouteReq,21470
UpdateRouteReq,21510
UpdateRouteReq,22061
UpdateRouteReq,21550
UpdateRouteReq,23253
UpdateRouteReq,23614
UpdateRouteReq,22793
UpdateRouteReq,21620
UpdateRouteReq,21681
UpdateRouteReq,20920
UpdateRouteReq,21179
UpdateRouteReq,24786
UpdateRouteReq,21119
UpdateRouteReq,25117
UpdateRouteReq,26570
UpdateRouteReq,23524
UpdateRouteReq,24106
UpdateRouteReq,22512
UpdateRouteReq,20448
UpdateRouteReq,22472
UpdateRouteReq,29816
UpdateRouteReq,24065
UpdateRouteReq,23414
UpdateRouteReq,20919
UpdateRouteReq,20268
UpdateRouteReq,24245
UpdateRouteReq,24386
UpdateRouteReq,21851
UpdateRouteReq,21921
UpdateRouteReq,46848
UpdateRouteReq,23434
UpdateRouteReq,23344
UpdateRouteReq,24697
UpdateRouteReq,21069
UpdateRouteReq,21410
UpdateRouteReq,20929
UpdateRouteReq,22372
UpdateRouteReq,26650
UpdateRouteReq,30908
UpdateRouteReq,19456
UpdateRouteReq,23053
UpdateRouteReq,23454
UpdateRouteReq,20368
UpdateRouteReq,21090
UpdateRouteReq,29074
UpdateRouteReq,21700
UpdateRouteReq,20839
UpdateRouteReq,23955
UpdateRouteReq,21060
UpdateRouteReq,21620
UpdateRouteReq,20939
UpdateRouteReq,21981
UpdateRouteReq,37841
UpdateRouteReq,31088
UpdateRouteReq,21520
UpdateRouteReq,21821
UpdateRouteReq,23815
UpdateRouteReq,20439
UpdateRouteReq,21841
UpdateRouteReq,20338
UpdateRouteReq,27972
UpdateRouteReq,20669
UpdateRouteReq,27020
UpdateRouteReq,20408
UpdateRouteReq,21240
UpdateRouteReq,22052
UpdateRouteReq,24285
UpdateRouteReq,20779
UpdateRouteReq,23073
UpdateRouteReq,20218
UpdateRouteReq,21090
UpdateRouteReq,21881
UpdateRouteReq,21400
UpdateRouteReq,25518
UpdateRouteReq,22813
UpdateRouteReq,31008
UpdateRouteReq,26019
UpdateRouteReq,23484
UpdateRouteReq,22792
UpdateRouteReq,22592
UpdateRouteReq,22492
UpdateRouteReq,22632
UpdateRouteReq,23594
UpdateRouteReq,21841
UpdateRouteReq,20638
UpdateRouteReq,20508
UpdateRouteReq,28172
UpdateRouteReq,26289
UpdateRouteReq,21511
UpdateRouteReq,22682
UpdateRouteReq,20688
UpdateRouteReq,21750
UpdateRouteReq,20218
UpdateRouteReq,23174
UpdateRouteReq,20188
UpdateRouteReq,24556
UpdateRouteReq,20528
UpdateRouteReq,21360
UpdateRouteReq,22552
UpdateRouteReq,22823
UpdateRouteReq,20588
UpdateRouteReq,23474
UpdateRouteReq,21119
UpdateRouteReq,24716
UpdateRouteReq,23394
UpdateRouteReq,21079
UpdateRouteReq,24586
UpdateRouteReq,23404
UpdateRouteReq,25318
UpdateRouteReq,24145
UpdateRouteReq,23023
UpdateRouteReq,23454
UpdateRouteReq,23353
UpdateRouteReq,25387
UpdateRouteReq,28644
UpdateRouteReq,21540
UpdateRouteReq,25117
UpdateRouteReq,34866
UpdateRouteReq,21199
UpdateRouteReq,25588
UpdateRouteReq,23955
UpdateRouteReq,23674
UpdateRouteReq,25257
UpdateRouteReq,21981
UpdateRouteReq,21671
UpdateRouteReq,20759
UpdateRouteReq,21390
UpdateRouteReq,24355
UpdateRouteReq,28443
UpdateRouteReq,22361
UpdateRouteReq,24536
UpdateRouteReq,21941
UpdateRouteReq,20488
UpdateRouteReq,22031
UpdateRouteReq,28854
UpdateRouteReq,22352
UpdateRouteReq,21981
UpdateRouteReq,19647
UpdateRouteReq,21080
UpdateRouteReq,24295
UpdateRouteReq,22202
UpdateRouteReq,20829
UpdateRouteReq,21110
UpdateRouteReq,33563
UpdateRouteReq,21180
UpdateRouteReq,21260
UpdateRouteReq,44543
UpdateRouteReq,20077
UpdateRouteReq,22071
UpdateRouteReq,20288
UpdateRouteReq,20539
UpdateRouteReq,28063
UpdateRouteReq,20639
UpdateRouteReq,22091
UpdateRouteReq,23534
UpdateRouteReq,22331
UpdateRouteReq,20218
UpdateRouteReq,20849
UpdateRouteReq,26048
UpdateRouteReq,20639
UpdateRouteReq,21160
UpdateRouteReq,20509
UpdateRouteReq,20869
UpdateRouteReq,24967
UpdateRouteReq,20869
UpdateRouteReq,21180
UpdateRouteReq,20358
UpdateRouteReq,20328
UpdateRouteReq,30126
UpdateRouteReq,20769
UpdateRouteReq,22072
UpdateRouteReq,20539
UpdateRouteReq,22141
UpdateRouteReq,25027
UpdateRouteReq,23303
UpdateRouteReq,21881
UpdateRouteReq,20799
UpdateRouteReq,21200
UpdateRouteReq,28523
UpdateRouteReq,30006
UpdateRouteReq,19166
UpdateRouteReq,51426
UpdateRouteReq,22472
UpdateRouteReq,23915
UpdateRouteReq,24907
UpdateRouteReq,23083
UpdateRouteReq,23504
UpdateRouteReq,22441
UpdateRouteReq,24716
UpdateRouteReq,20849
UpdateRouteReq,23805
UpdateRouteReq,25067
UpdateRouteReq,54412
UpdateRouteReq,35626
UpdateRouteReq,26369
UpdateRouteReq,25598
UpdateRouteReq,23694
UpdateRouteReq,22171
UpdateRouteReq,22932
UpdateRouteReq,40005
UpdateRouteReq,39744
UpdateRouteReq,24657
UpdateRouteReq,24446
UpdateRouteReq,34124
UpdateRouteReq,23304
UpdateRouteReq,23584
UpdateRouteReq,21831
UpdateRouteReq,20769
UpdateRouteReq,21420
UpdateRouteReq,23714
UpdateRouteReq,24786
UpdateRouteReq,25037
UpdateRouteReq,31969
UpdateRouteReq,21701
UpdateRouteReq,22151
UpdateRouteReq,25628
UpdateRouteReq,29986
UpdateRouteReq,25137
UpdateRouteReq,22181
UpdateRouteReq,23664
UpdateRouteReq,23193
UpdateRouteReq,24035
UpdateRouteReq,20188
UpdateRouteReq,22151
UpdateRouteReq,25328
UpdateRouteReq,24636
UpdateRouteReq,23574
UpdateRouteReq,22482
UpdateRouteReq,23775
UpdateRouteReq,24255
UpdateRouteReq,23003
UpdateRouteReq,20539
UpdateRouteReq,20628
UpdateRouteReq,39554
UpdateRouteReq,45154
UpdateRouteReq,29014
UpdateRouteReq,56305
UpdateRouteReq,32310
UpdateRouteReq,26659
UpdateRouteReq,25929
UpdateRouteReq,21921
UpdateRouteReq,21080
UpdateRouteReq,30417
UpdateRouteReq,23604
UpdateRouteReq,28503
UpdateRouteReq,23444
UpdateRouteReq,21049
UpdateRouteReq,35907
UpdateRouteReq,30817
UpdateRouteReq,30718
UpdateRouteReq,37640
UpdateRouteReq,33532
UpdateRouteReq,24826
UpdateRouteReq,28673
UpdateRouteReq,33433
UpdateRouteReq,21641
UpdateRouteReq,20739
UpdateRouteReq,38111
UpdateRouteReq,20368
UpdateRouteReq,48030
UpdateRouteReq,29755
UpdateRouteReq,38712
UpdateRouteReq,22281
UpdateRouteReq,36709
UpdateRouteReq,48560
UpdateRouteReq,32691
UpdateRouteReq,30026
UpdateRouteReq,23244
UpdateRouteReq,25819
UpdateRouteReq,35506
UpdateRouteReq,25097
UpdateRouteReq,24315
UpdateRouteReq,21310
UpdateRouteReq,27371
UpdateRouteReq,26740
UpdateRouteReq,21841
UpdateRouteReq,32221
UpdateRouteReq,32721
UpdateRouteReq,35466
UpdateRouteReq,41338
UpdateRouteReq,21350
UpdateRouteReq,29795
UpdateRouteReq,23263
UpdateRouteReq,21730
UpdateRouteReq,44723
UpdateRouteReq,34335
UpdateRouteReq,31750
UpdateRouteReq,25487
UpdateRouteReq,27952
UpdateRouteReq,29566
UpdateRouteReq,26349
UpdateRouteReq,21581
UpdateRouteReq,24175
UpdateRouteReq,23684
UpdateRouteReq,42840
UpdateRouteReq,28543
UpdateRouteReq,23374
UpdateRouteReq,25177
UpdateRouteReq,23885
UpdateRouteReq,40355
UpdateRouteReq,27211
UpdateRouteReq,42890
UpdateRouteReq,29755
UpdateRouteReq,27421
UpdateRouteReq,21440
UpdateRouteReq,21350
UpdateRouteReq,44233
UpdateRouteReq,26349
UpdateRouteReq,27853
UpdateRouteReq,32782
UpdateRouteReq,27732
UpdateRouteReq,21270
UpdateRouteReq,25308
UpdateRouteReq,41377
UpdateRouteReq,35386
UpdateRouteReq,20739
UpdateRouteReq,30638
UpdateRouteReq,35536
UpdateRouteReq,42640
UpdateRouteReq,19246
UpdateRouteReq,47238
UpdateRouteReq,36608
UpdateRouteReq,26409
UpdateRouteReq,47739
UpdateRouteReq,26800
UpdateRouteReq,25849
UpdateRouteReq,24566
UpdateRouteReq,22832
UpdateRouteReq,24306
UpdateRouteReq,22051
UpdateRouteReq,20879
UpdateRouteReq,31599
UpdateRouteReq,33884
UpdateRouteReq,21791
UpdateRouteReq,20880
UpdateRouteReq,23093
UpdateRouteReq,20529
UpdateRouteReq,20619
UpdateRouteReq,19827
UpdateRouteReq,23464
UpdateRouteReq,20128
UpdateRouteReq,23073
UpdateRouteReq,20488
UpdateRouteReq,22392
UpdateRouteReq,20679
UpdateRouteReq,20358
UpdateRouteReq,20469
UpdateRouteReq,20669
UpdateRouteReq,19867
UpdateRouteReq,24656
UpdateRouteReq,20889
UpdateRouteReq,20879
UpdateRouteReq,21100
UpdateRouteReq,21531
UpdateRouteReq,20127
UpdateRouteReq,20719
UpdateRouteReq,19356
UpdateRouteReq,21139
UpdateRouteReq,22783
UpdateRouteReq,33512
UpdateRouteReq,21701
UpdateRouteReq,20458
UpdateRouteReq,21269
UpdateRouteReq,20999
UpdateRouteReq,22372
UpdateRouteReq,23775
UpdateRouteReq,23955
UpdateRouteReq,21841
UpdateRouteReq,37580
UpdateRouteReq,41157
UpdateRouteReq,22412
UpdateRouteReq,22161
UpdateRouteReq,20539
UpdateRouteReq,25407
UpdateRouteReq,37840
UpdateRouteReq,26990
UpdateRouteReq,23744
UpdateRouteReq,23754
UpdateRouteReq,26931
UpdateRouteReq,21821
UpdateRouteReq,25628
UpdateRouteReq,24576
UpdateRouteReq,27912
UpdateRouteReq,32230
UpdateRouteReq,25999
UpdateRouteReq,21831
UpdateRouteReq,21701
UpdateRouteReq,22993
UpdateRouteReq,21410
UpdateRouteReq,23915
UpdateRouteReq,34785
UpdateRouteReq,22762
UpdateRouteReq,25127
UpdateRouteReq,22893
UpdateRouteReq,22492
UpdateRouteReq,21480
UpdateRouteReq,21320
UpdateRouteReq,38572
UpdateRouteReq,34114
UpdateRouteReq,19887
UpdateRouteReq,22231
UpdateRouteReq,21971
UpdateRouteReq,21700
UpdateRouteReq,22422
UpdateRouteReq,23694
UpdateRouteReq,46627
UpdateRouteReq,26479
UpdateRouteReq,38161
UpdateRouteReq,19346
UpdateRouteReq,23985
UpdateRouteReq,23764
UpdateRouteReq,23875
UpdateRouteReq,24155
UpdateRouteReq,41247
UpdateRouteReq,22993
UpdateRouteReq,25157
UpdateRouteReq,24055
UpdateRouteReq,24165
UpdateRouteReq,26570
UpdateRouteReq,24125
UpdateRouteReq,20899
UpdateRouteReq,22432
UpdateRouteReq,22662
UpdateRouteReq,21370
UpdateRouteReq,20719
UpdateRouteReq,20749
UpdateRouteReq,25708
UpdateRouteReq,25388
UpdateRouteReq,23293
UpdateRouteReq,23284
UpdateRouteReq,24285
UpdateRouteReq,20338
UpdateRouteReq,20238
UpdateRouteReq,27031
UpdateRouteReq,27562
UpdateRouteReq,44132
UpdateRouteReq,21671
UpdateRouteReq,26990
UpdateRouteReq,24445
UpdateRouteReq,24215
UpdateRouteReq,24856
UpdateRouteReq,22111
UpdateRouteReq,29956
UpdateRouteReq,29395
UpdateRouteReq,19566
UpdateRouteReq,21921
UpdateRouteReq,22723
UpdateRouteReq,20879
UpdateRouteReq,21791
UpdateRouteReq,20839
UpdateRouteReq,21661
UpdateRouteReq,25678
UpdateRouteReq,30577
UpdateRouteReq,23144
UpdateRouteReq,21250
UpdateRouteReq,22823
UpdateRouteReq,21180
UpdateRouteReq,24636
UpdateRouteReq,46988
UpdateRouteReq,72987
UpdateRouteReq,64220
UpdateRouteReq,77375
UpdateRouteReq,69199
UpdateRouteReq,35046
UpdateRouteReq,21831
UpdateRouteReq,63529
UpdateRouteReq,49533
UpdateRouteReq,42480
UpdateRouteReq,26710
UpdateRouteReq,25898
UpdateRouteReq,29946
UpdateRouteReq,25648
UpdateRouteReq,24917
UpdateRouteReq,32831
UpdateRouteReq,20699
UpdateRouteReq,25347
UpdateRouteReq,25107
UpdateRouteReq,24766
UpdateRouteReq,22812
UpdateRouteReq,23644
UpdateRouteReq,20459
UpdateRouteReq,20869
UpdateRouteReq,20168
UpdateRouteReq,21620
UpdateRouteReq,19777
UpdateRouteReq,25187
UpdateRouteReq,45094
UpdateRouteReq,21310
UpdateRouteReq,24215
UpdateRouteReq,22422
UpdateRouteReq,22512
UpdateRouteReq,21590
UpdateRouteReq,22011
UpdateRouteReq,27963
UpdateRouteReq,234919
UpdateRouteReq,223338
UpdateRouteReq,110066
UpdateRouteReq,24837
UpdateRouteReq,22282
UpdateRouteReq,21520
UpdateRouteReq,21731
UpdateRouteReq,21160
UpdateRouteReq,21961
UpdateRouteReq,24386
UpdateRouteReq,20900
UpdateRouteReq,21781
UpdateRouteReq,21971
UpdateRouteReq,22161
UpdateRouteReq,24847
UpdateRouteReq,25247
UpdateRouteReq,22112
UpdateRouteReq,22372
UpdateRouteReq,23073
UpdateRouteReq,22222
UpdateRouteReq,22131
UpdateRouteReq,22652
UpdateRouteReq,21450
UpdateRouteReq,21771
UpdateRouteReq,22232
UpdateRouteReq,21129
UpdateRouteReq,21250
UpdateRouteReq,20518
UpdateRouteReq,21299
UpdateRouteReq,21781
UpdateRouteReq,25337
UpdateRouteReq,29144
UpdateRouteReq,41277
UpdateRouteReq,23704
UpdateRouteReq,20709
UpdateRouteReq,30116
UpdateRouteReq,18415
UpdateRouteReq,22302
UpdateRouteReq,26349
UpdateRouteReq,21320
UpdateRouteReq,25538
UpdateRouteReq,25257
UpdateRouteReq,24676
UpdateRouteReq,23765
UpdateRouteReq,24826
UpdateRouteReq,24015
UpdateRouteReq,21020
UpdateRouteReq,21670
UpdateRouteReq,22151
UpdateRouteReq,21180
UpdateRouteReq,21230
UpdateRouteReq,24446
UpdateRouteReq,25648
UpdateRouteReq,24285
UpdateRouteReq,24897
UpdateRouteReq,33944
UpdateRouteReq,22853
UpdateRouteReq,28934
UpdateRouteReq,21159
UpdateRouteReq,25679
UpdateRouteReq,25878
UpdateRouteReq,24546
UpdateRouteReq,24345
UpdateRouteReq,24786
UpdateRouteReq,21670
UpdateRouteReq,22051
UpdateRouteReq,22291
UpdateRouteReq,21390
UpdateRouteReq,23094
UpdateRouteReq,23895
UpdateRouteReq,22352
UpdateRouteReq,21961
UpdateRouteReq,22321
UpdateRouteReq,21790
UpdateRouteReq,20559
UpdateRouteReq,26108
UpdateRouteReq,21430
UpdateRouteReq,21310
UpdateRouteReq,20328
UpdateRouteReq,22131
UpdateRouteReq,22232
UpdateRouteReq,21109
UpdateRouteReq,20649
UpdateRouteReq,39474
UpdateRouteReq,31979
UpdateRouteReq,20759
UpdateRouteReq,21070
UpdateRouteReq,22763
UpdateRouteReq,21230
UpdateRouteReq,21320
UpdateRouteReq,21149
UpdateRouteReq,25057
UpdateRouteReq,22352
UpdateRouteReq,23995
UpdateRouteReq,21941
UpdateRouteReq,21540
UpdateRouteReq,21741
UpdateRouteReq,21160
UpdateRouteReq,25678
UpdateRouteReq,21139
UpdateRouteReq,44754
UpdateRouteReq,23834
UpdateRouteReq,22723
UpdateRouteReq,22182
UpdateRouteReq,21921
UpdateRouteReq,25437
UpdateRouteReq,25187
UpdateRouteReq,23704
UpdateRouteReq,24355
UpdateRouteReq,22402
UpdateRouteReq,22322
UpdateRouteReq,22112
UpdateRouteReq,20919
UpdateRouteReq,21781
UpdateRouteReq,24726
UpdateRouteReq,23985
UpdateRouteReq,23083
UpdateRouteReq,22432
UpdateRouteReq,23814
UpdateRouteReq,21400
UpdateRouteReq,24576
UpdateRouteReq,20869
UpdateRouteReq,22683
UpdateRouteReq,22573
UpdateRouteReq,22292
UpdateRouteReq,33353
UpdateRouteReq,19567
UpdateRouteReq,21931
UpdateRouteReq,20999
UpdateRouteReq,25528
UpdateRouteReq,21580
UpdateRouteReq,21150
UpdateRouteReq,20598
UpdateRouteReq,21109
UpdateRouteReq,21120
UpdateRouteReq,24416
UpdateRouteReq,21430
UpdateRouteReq,22041
UpdateRouteReq,21470
UpdateRouteReq,22472
UpdateRouteReq,24356
UpdateRouteReq,25277
UpdateRouteReq,22312
UpdateRouteReq,23353
UpdateRouteReq,22241
UpdateRouteReq,22352
UpdateRouteReq,21070
UpdateRouteReq,21049
UpdateRouteReq,21100
UpdateRouteReq,23474
UpdateRouteReq,22993
UpdateRouteReq,21260
UpdateRouteReq,21109
UpdateRouteReq,25297
UpdateRouteReq,21951
UpdateRouteReq,22332
UpdateRouteReq,22352
UpdateRouteReq,22512
UpdateRouteReq,24436
UpdateRouteReq,24265
UpdateRouteReq,23574
UpdateRouteReq,30467
UpdateRouteReq,22462
UpdateRouteReq,22703
UpdateRouteReq,22111
UpdateRouteReq,22011
UpdateRouteReq,22091
UpdateRouteReq,21660
UpdateRouteReq,22281
UpdateRouteReq,21541
UpdateRouteReq,20879
UpdateRouteReq,24796
UpdateRouteReq,22793
UpdateRouteReq,22021
UpdateRouteReq,21821
UpdateRouteReq,21741
UpdateRouteReq,29315
UpdateRouteReq,24035
UpdateRouteReq,19066
UpdateRouteReq,22152
UpdateRouteReq,21661
UpdateRouteReq,21501
UpdateRouteReq,25227
UpdateRouteReq,22091
UpdateRouteReq,27511
UpdateRouteReq,25438
UpdateRouteReq,24816
UpdateRouteReq,23815
UpdateRouteReq,24646
UpdateRouteReq,23784
UpdateRouteReq,21700
UpdateRouteReq,22833
UpdateRouteReq,23494
UpdateRouteReq,22381
UpdateRouteReq,21330
UpdateRouteReq,27352
UpdateRouteReq,24877
UpdateRouteReq,24676
UpdateRouteReq,53450
UpdateRouteReq,54091
UpdateRouteReq,56185
UpdateRouteReq,22592
UpdateRouteReq,21200
UpdateRouteReq,25037
UpdateRouteReq,26149
UpdateRouteReq,24576
UpdateRouteReq,25268
UpdateRouteReq,24156
UpdateRouteReq,22001
UpdateRouteReq,22302
UpdateRouteReq,21540
UpdateRouteReq,20899
UpdateRouteReq,21080
UpdateRouteReq,22772
UpdateRouteReq,22582
UpdateRouteReq,21671
UpdateRouteReq,20899
UpdateRouteReq,22192
UpdateRouteReq,21290
UpdateRouteReq,24606
UpdateRouteReq,20989
UpdateRouteReq,21219
UpdateRouteReq,21681
UpdateRouteReq,21611
UpdateRouteReq,36008
UpdateRouteReq,20960
UpdateRouteReq,21581
UpdateRouteReq,22332
UpdateRouteReq,22292
UpdateRouteReq,22812
UpdateRouteReq,26639
UpdateRouteReq,20689
UpdateRouteReq,21249
UpdateRouteReq,20899
UpdateRouteReq,30968
UpdateRouteReq,21590
UpdateRouteReq,20839
UpdateRouteReq,23083
UpdateRouteReq,22493
UpdateRouteReq,27131
UpdateRouteReq,21741
UpdateRouteReq,22051
UpdateRouteReq,25487
UpdateRouteReq,22232
UpdateRouteReq,21520
UpdateRouteReq,22792
UpdateRouteReq,22332
UpdateRouteReq,21911
UpdateRouteReq,22121
UpdateRouteReq,20679
UpdateRouteReq,21380
UpdateRouteReq,21220
UpdateRouteReq,25207
UpdateRouteReq,24476
UpdateRouteReq,22752
UpdateRouteReq,21740
UpdateRouteReq,21400
UpdateRouteReq,24456
UpdateRouteReq,20909
UpdateRouteReq,21200
UpdateRouteReq,21040
UpdateRouteReq,23394
UpdateRouteReq,21821
UpdateRouteReq,21190
UpdateRouteReq,20618
UpdateRouteReq,21651
UpdateRouteReq,20789
UpdateRouteReq,23624
UpdateRouteReq,21741
UpdateRouteReq,22051
UpdateRouteReq,22021
UpdateRouteReq,21911
UpdateRouteReq,23574
UpdateRouteReq,24827
UpdateRouteReq,23664
UpdateRouteReq,21570
UpdateRouteReq,22162
UpdateRouteReq,21120
UpdateRouteReq,21090
UpdateRouteReq,21290
UpdateRouteReq,20839
UpdateRouteReq,24796
UpdateRouteReq,28153
UpdateRouteReq,24135
UpdateRouteReq,24135
UpdateRouteReq,21620
UpdateRouteReq,22332
UpdateRouteReq,21390
UpdateRouteReq,27782
UpdateRouteReq,23223
UpdateRouteReq,23193
UpdateRouteReq,25237
UpdateRouteReq,26330
UpdateRouteReq,23123
UpdateRouteReq,25017
UpdateRouteReq,21280
UpdateRouteReq,21521
UpdateRouteReq,20739
UpdateRouteReq,20779
UpdateRouteReq,20287
UpdateRouteReq,26168
UpdateRouteReq,21420
UpdateRouteReq,38111
UpdateRouteReq,25929
UpdateRouteReq,22643
UpdateRouteReq,22152
UpdateRouteReq,21150
UpdateRouteReq,23153
UpdateRouteReq,35146
UpdateRouteReq,20077
UpdateRouteReq,22011
UpdateRouteReq,23374
UpdateRouteReq,23705
UpdateRouteReq,25868
UpdateRouteReq,22552
UpdateRouteReq,21701
UpdateRouteReq,24035
UpdateRouteReq,21630
UpdateRouteReq,40776
UpdateRouteReq,29465
UpdateRouteReq,23133
UpdateRouteReq,22412
UpdateRouteReq,22372
UpdateRouteReq,22172
UpdateRouteReq,25218
UpdateRouteReq,22583
UpdateRouteReq,21801
UpdateRouteReq,22602
UpdateRouteReq,21952
UpdateRouteReq,23133
UpdateRouteReq,23063
UpdateRouteReq,22131
UpdateRouteReq,22462
UpdateRouteReq,21611
UpdateRouteReq,21941
UpdateRouteReq,21661
UpdateRouteReq,40436
UpdateRouteReq,21160
UpdateRouteReq,22973
UpdateRouteReq,29085
UpdateRouteReq,19226
UpdateRouteReq,25328
UpdateRouteReq,22162
UpdateRouteReq,21040
UpdateRouteReq,26801
UpdateRouteReq,23063
UpdateRouteReq,30437
UpdateRouteReq,27321
UpdateRouteReq,28423
UpdateRouteReq,24366
UpdateRouteReq,25728
UpdateRouteReq,25498
UpdateRouteReq,23915
UpdateRouteReq,23925
UpdateRouteReq,25097
UpdateRouteReq,23834
UpdateRouteReq,22182
UpdateRouteReq,25879
UpdateRouteReq,27481
UpdateRouteReq,25096
UpdateRouteReq,26039
UpdateRouteReq,21701
UpdateRouteReq,22612
UpdateRouteReq,21851
UpdateRouteReq,21520
UpdateRouteReq,26710
UpdateRouteReq,41337
UpdateRouteReq,25708
UpdateRouteReq,24466
UpdateRouteReq,24586
UpdateRouteReq,24346
UpdateRouteReq,23093
UpdateRouteReq,29264
UpdateRouteReq,25598
UpdateRouteReq,25007
UpdateRouteReq,24275
UpdateRouteReq,23254
UpdateRouteReq,22882
UpdateRouteReq,22302
UpdateRouteReq,21981
UpdateRouteReq,22202
UpdateRouteReq,25278
UpdateRouteReq,25247
UpdateRouteReq,22122
UpdateRouteReq,24706
UpdateRouteReq,22732
UpdateRouteReq,22502
UpdateRouteReq,21991
UpdateRouteReq,22162
UpdateRouteReq,43561
UpdateRouteReq,32451
UpdateRouteReq,25558
UpdateRouteReq,23454
UpdateRouteReq,27131
UpdateRouteReq,24947
UpdateRouteReq,27782
UpdateRouteReq,25047
UpdateRouteReq,24436
UpdateRouteReq,22923
UpdateRouteReq,29545
UpdateRouteReq,22462
UpdateRouteReq,22302
UpdateRouteReq,23154
UpdateRouteReq,22862
UpdateRouteReq,22221
UpdateRouteReq,25007
UpdateRouteReq,21951
UpdateRouteReq,21140
UpdateRouteReq,21790
UpdateRouteReq,21230
UpdateRouteReq,21881
UpdateRouteReq,24706
UpdateRouteReq,24847
UpdateRouteReq,26750
UpdateRouteReq,23083
UpdateRouteReq,21530
UpdateRouteReq,23023
UpdateRouteReq,31589
UpdateRouteReq,24105
UpdateRouteReq,22111
UpdateRouteReq,25197
UpdateRouteReq,26320
UpdateRouteReq,27782
UpdateRouteReq,24476
UpdateRouteReq,38362
UpdateRouteReq,40446
UpdateRouteReq,38993
UpdateRouteReq,24025
UpdateRouteReq,28564
UpdateRouteReq,23644
UpdateRouteReq,22072
UpdateRouteReq,22101
UpdateRouteReq,21641
UpdateRouteReq,23805
UpdateRouteReq,22051
UpdateRouteReq,25277
UpdateRouteReq,21670
UpdateRouteReq,21691
UpdateRouteReq,23764
UpdateRouteReq,22823
UpdateRouteReq,38702
UpdateRouteReq,26009
UpdateRouteReq,23003
UpdateRouteReq,22652
UpdateRouteReq,23304
UpdateRouteReq,22211
UpdateRouteReq,21630
UpdateRouteReq,21560
UpdateRouteReq,27772
UpdateRouteReq,22713
UpdateRouteReq,25408
UpdateRouteReq,21660
UpdateRouteReq,21520
UpdateRouteReq,23234
UpdateRouteReq,22632
UpdateRouteReq,34154
UpdateRouteReq,25838
UpdateRouteReq,21501
UpdateRouteReq,19517
UpdateRouteReq,22572
UpdateRouteReq,21320
UpdateRouteReq,21541
UpdateRouteReq,21781
UpdateRouteReq,20718
UpdateRouteReq,28664
UpdateRouteReq,26250
UpdateRouteReq,24676
UpdateRouteReq,24336
UpdateRouteReq,23313
UpdateRouteReq,22151
UpdateRouteReq,24145
UpdateRouteReq,29695
UpdateRouteReq,21501
UpdateRouteReq,20679
UpdateRouteReq,25819
UpdateRouteReq,25207
UpdateRouteReq,24385
UpdateRouteReq,24556
UpdateRouteReq,23013
UpdateRouteReq,21851
UpdateRouteReq,24996
UpdateRouteReq,24186
UpdateRouteReq,25728
UpdateRouteReq,21761
UpdateRouteReq,22702
UpdateRouteReq,21340
UpdateRouteReq,20178
UpdateRouteReq,22322
UpdateRouteReq,22543
UpdateRouteReq,35958
UpdateRouteReq,37129
UpdateRouteReq,21530
UpdateRouteReq,25418
UpdateRouteReq,26199
UpdateRouteReq,24295
UpdateRouteReq,22221
UpdateRouteReq,20598
UpdateRouteReq,22002
UpdateRouteReq,22873
UpdateRouteReq,30317
UpdateRouteReq,25447
UpdateRouteReq,24376
UpdateRouteReq,25488
UpdateRouteReq,25768
UpdateRouteReq,25408
UpdateRouteReq,21310
UpdateRouteReq,22532
UpdateRouteReq,25658
UpdateRouteReq,24776
UpdateRouteReq,23614
UpdateRouteReq,21921
UpdateRouteReq,20829
UpdateRouteReq,31429
UpdateRouteReq,28874
UpdateRouteReq,21089
UpdateRouteReq,22853
UpdateRouteReq,23965
UpdateRouteReq,21370
UpdateRouteReq,23434
UpdateRouteReq,21340
UpdateRouteReq,22532
UpdateRouteReq,21240
UpdateRouteReq,29094
UpdateRouteReq,22211
UpdateRouteReq,22041
UpdateRouteReq,22021
UpdateRouteReq,22643
UpdateRouteReq,24757
UpdateRouteReq,25207
UpdateRouteReq,22391
UpdateRouteReq,22522
UpdateRouteReq,22452
UpdateRouteReq,24065
UpdateRouteReq,21860
UpdateRouteReq,22933
UpdateRouteReq,22472
UpdateRouteReq,23033
UpdateRouteReq,25067
UpdateRouteReq,22041
UpdateRouteReq,21420
UpdateRouteReq,24726
UpdateRouteReq,26349
UpdateRouteReq,22082
UpdateRouteReq,44163
UpdateRouteReq,30707
UpdateRouteReq,30527
UpdateRouteReq,24947
UpdateRouteReq,21981
UpdateRouteReq,21760
UpdateRouteReq,22482
UpdateRouteReq,31449
UpdateRouteReq,23514
UpdateRouteReq,26960
UpdateRouteReq,25688
UpdateRouteReq,25027
UpdateRouteReq,25097
UpdateRouteReq,22973
UpdateRouteReq,32471
UpdateRouteReq,22231
UpdateRouteReq,25257
UpdateRouteReq,24726
UpdateRouteReq,20890
UpdateRouteReq,24286
UpdateRouteReq,23394
UpdateRouteReq,45655
UpdateRouteReq,26019
UpdateRouteReq,24596
UpdateRouteReq,22563
UpdateRouteReq,21621
UpdateRouteReq,25237
UpdateRouteReq,22532
UpdateRouteReq,21490
UpdateRouteReq,22512
UpdateRouteReq,23654
UpdateRouteReq,21680
UpdateRouteReq,22021
UpdateRouteReq,21159
UpdateRouteReq,24206
UpdateRouteReq,22502
UpdateRouteReq,24987
UpdateRouteReq,20849
UpdateRouteReq,21571
UpdateRouteReq,28803
UpdateRouteReq,27261
UpdateRouteReq,25748
UpdateRouteReq,24996
UpdateRouteReq,22282
UpdateRouteReq,22412
UpdateRouteReq,22732
UpdateRouteReq,26309
UpdateRouteReq,22492
UpdateRouteReq,21701
UpdateRouteReq,22212
UpdateRouteReq,22442
UpdateRouteReq,23534
UpdateRouteReq,22141
UpdateRouteReq,22022
UpdateRouteReq,21180
UpdateRouteReq,23814
UpdateRouteReq,21771
UpdateRouteReq,25978
UpdateRouteReq,25888
UpdateRouteReq,29536
UpdateRouteReq,21820
UpdateRouteReq,21140
UpdateRouteReq,28623
UpdateRouteReq,30047
UpdateRouteReq,18865
UpdateRouteReq,25878
UpdateRouteReq,23143
UpdateRouteReq,26259
UpdateRouteReq,25507
UpdateRouteReq,24976
UpdateRouteReq,23423
UpdateRouteReq,25447
UpdateRouteReq,27101
UpdateRouteReq,23183
UpdateRouteReq,23344
UpdateRouteReq,22973
UpdateRouteReq,29034
UpdateRouteReq,23284
UpdateRouteReq,27131
UpdateRouteReq,26089
UpdateRouteReq,24887
UpdateRouteReq,24186
UpdateRouteReq,24757
UpdateRouteReq,22573
UpdateRouteReq,20969
UpdateRouteReq,21811
UpdateRouteReq,26109
UpdateRouteReq,27421
UpdateRouteReq,25517
UpdateRouteReq,24856
UpdateRouteReq,24776
UpdateRouteReq,23364
UpdateRouteReq,23114
UpdateRouteReq,21841
UpdateRouteReq,22993
UpdateRouteReq,28242
UpdateRouteReq,24977
UpdateRouteReq,21891
UpdateRouteReq,21891
UpdateRouteReq,24265
UpdateRouteReq,31789
UpdateRouteReq,25378
UpdateRouteReq,23794
UpdateRouteReq,23964
UpdateRouteReq,31288
UpdateRouteReq,49342
UpdateRouteReq,24786
UpdateRouteReq,23314
UpdateRouteReq,32421
UpdateRouteReq,22813
UpdateRouteReq,22763
UpdateRouteReq,23384
UpdateRouteReq,24496
UpdateRouteReq,40015
UpdateRouteReq,35226
UpdateRouteReq,20559
UpdateRouteReq,25087
UpdateRouteReq,25938
UpdateRouteReq,23413
UpdateRouteReq,24486
UpdateRouteReq,26199
UpdateRouteReq,25477
UpdateRouteReq,23734
UpdateRouteReq,43592
UpdateRouteReq,31910
UpdateRouteReq,24105
UpdateRouteReq,26229
UpdateRouteReq,24706
UpdateRouteReq,27282
UpdateRouteReq,24195
UpdateRouteReq,27722
UpdateRouteReq,27352
UpdateRouteReq,29455
UpdateRouteReq,35717
UpdateRouteReq,22792
UpdateRouteReq,34505
UpdateRouteReq,26580
UpdateRouteReq,23364
UpdateRouteReq,24266
UpdateRouteReq,27171
UpdateRouteReq,25228
UpdateRouteReq,26400
UpdateRouteReq,24426
UpdateRouteReq,25768
UpdateRouteReq,35917
UpdateRouteReq,30036
UpdateRouteReq,21991
UpdateRouteReq,23675
UpdateRouteReq,23764
UpdateRouteReq,22512
UpdateRouteReq,36829
UpdateRouteReq,23223
UpdateRouteReq,42099
UpdateRouteReq,36539
UpdateRouteReq,26700
UpdateRouteReq,26820
UpdateRouteReq,23113
UpdateRouteReq,27962
UpdateRouteReq,24827
UpdateRouteReq,24335
UpdateRouteReq,24846
UpdateRouteReq,24536
UpdateRouteReq,23685
UpdateRouteReq,20378
UpdateRouteReq,20318
UpdateRouteReq,21611
UpdateRouteReq,24526
UpdateRouteReq,22222
UpdateRouteReq,29075
UpdateRouteReq,25267
UpdateRouteReq,23835
UpdateRouteReq,24666
UpdateRouteReq,33202
UpdateRouteReq,17833
UpdateRouteReq,20849
UpdateRouteReq,20088
UpdateRouteReq,25538
UpdateRouteReq,24786
UpdateRouteReq,32250
UpdateRouteReq,25287
UpdateRouteReq,24596
UpdateRouteReq,23134
UpdateRouteReq,23464
UpdateRouteReq,21360
UpdateRouteReq,21240
UpdateRouteReq,21290
UpdateRouteReq,22782
UpdateRouteReq,22041
UpdateRouteReq,22092
UpdateRouteReq,21811
UpdateRouteReq,22201
UpdateRouteReq,20869
UpdateRouteReq,23073
UpdateRouteReq,20128
UpdateRouteReq,20979
UpdateRouteReq,21370
UpdateRouteReq,21600
UpdateRouteReq,33262
UpdateRouteReq,30657
UpdateRouteReq,20778
UpdateRouteReq,22141
UpdateRouteReq,22592
UpdateRouteReq,22973
UpdateRouteReq,21260
UpdateRouteReq,21650
UpdateRouteReq,22713
UpdateRouteReq,21721
UpdateRouteReq,25067
UpdateRouteReq,31168
UpdateRouteReq,23594
UpdateRouteReq,33313
UpdateRouteReq,30097
UpdateRouteReq,24275
UpdateRouteReq,22011
UpdateRouteReq,21420
UpdateRouteReq,35306
UpdateRouteReq,21431
UpdateRouteReq,22052
UpdateRouteReq,21280
UpdateRouteReq,22613
UpdateRouteReq,21059
UpdateRouteReq,20428
UpdateRouteReq,20628
UpdateRouteReq,26009
UpdateRouteReq,24426
UpdateRouteReq,24115
UpdateRouteReq,24075
UpdateRouteReq,23885
UpdateRouteReq,19987
UpdateRouteReq,21040
UpdateRouteReq,40285
UpdateRouteReq,40205
UpdateRouteReq,23925
UpdateRouteReq,22903
UpdateRouteReq,23434
UpdateRouteReq,20047
UpdateRouteReq,20979
UpdateRouteReq,20398
UpdateRouteReq,21821
UpdateRouteReq,21079
UpdateRouteReq,29225
UpdateRouteReq,21700
UpdateRouteReq,21090
UpdateRouteReq,22312
UpdateRouteReq,22522
UpdateRouteReq,23494
UpdateRouteReq,23534
UpdateRouteReq,23013
UpdateRouteReq,21120
UpdateRouteReq,22332
UpdateRouteReq,20969
UpdateRouteReq,20969
UpdateRouteReq,20308
UpdateRouteReq,21300
UpdateRouteReq,27571
UpdateRouteReq,25157
UpdateRouteReq,24666
UpdateRouteReq,24576
UpdateRouteReq,23424
UpdateRouteReq,20489
UpdateRouteReq,20809
UpdateRouteReq,21660
UpdateRouteReq,24466
UpdateRouteReq,23013
UpdateRouteReq,24556
UpdateRouteReq,24976
UpdateRouteReq,24596
UpdateRouteReq,27141
UpdateRouteReq,21941
UpdateRouteReq,21821
UpdateRouteReq,20598
UpdateRouteReq,21490
UpdateRouteReq,20919
UpdateRouteReq,23404
UpdateRouteReq,22572
UpdateRouteReq,22983
UpdateRouteReq,39785
UpdateRouteReq,22171
UpdateRouteReq,21280
UpdateRouteReq,21791
UpdateRouteReq,20658
UpdateRouteReq,23413
UpdateRouteReq,25448
UpdateRouteReq,24366
UpdateRouteReq,22833
UpdateRouteReq,22763
UpdateRouteReq,21860
UpdateRouteReq,22331
UpdateRouteReq,20789
UpdateRouteReq,22973
UpdateRouteReq,20388
UpdateRouteReq,48150
UpdateRouteReq,29795
UpdateRouteReq,21531
UpdateRouteReq,24656
UpdateRouteReq,21560
UpdateRouteReq,24105
UpdateRouteReq,23635
UpdateRouteReq,20939
UpdateRouteReq,20940
UpdateRouteReq,26911
UpdateRouteReq,30127
UpdateRouteReq,19617
UpdateRouteReq,24376
UpdateRouteReq,21120
UpdateRouteReq,21550
UpdateRouteReq,22572
UpdateRouteReq,21310
UpdateRouteReq,20959
UpdateRouteReq,20038
UpdateRouteReq,21610
UpdateRouteReq,21600
UpdateRouteReq,24205
UpdateRouteReq,26820
UpdateRouteReq,24346
UpdateRouteReq,21841
UpdateRouteReq,20709
UpdateRouteReq,29586
UpdateRouteReq,22522
UpdateRouteReq,21310
UpdateRouteReq,24165
UpdateRouteReq,22031
UpdateRouteReq,24256
UpdateRouteReq,23645
UpdateRouteReq,23494
UpdateRouteReq,23114
UpdateRouteReq,22502
UpdateRouteReq,22713
UpdateRouteReq,20689
UpdateRouteReq,20518
UpdateRouteReq,21050
UpdateRouteReq,23704
UpdateRouteReq,23684
UpdateRouteReq,24837
UpdateRouteReq,24105
UpdateRouteReq,23805
UpdateRouteReq,25338
UpdateRouteReq,21741
UpdateRouteReq,21400
UpdateRouteReq,19948
UpdateRouteReq,21230
UpdateRouteReq,27191
UpdateRouteReq,25568
UpdateRouteReq,24025
UpdateRouteReq,24696
UpdateRouteReq,23444
UpdateRouteReq,30016
UpdateRouteReq,24516
UpdateRouteReq,26871
UpdateRouteReq,23874
UpdateRouteReq,23234
UpdateRouteReq,22382
UpdateRouteReq,21851
UpdateRouteReq,23123
UpdateRouteReq,27061
UpdateRouteReq,25047
UpdateRouteReq,21761
UpdateRouteReq,20819
UpdateRouteReq,20669
UpdateRouteReq,24546
UpdateRouteReq,21069
UpdateRouteReq,20999
UpdateRouteReq,21921
UpdateRouteReq,21480
UpdateRouteReq,21099
UpdateRouteReq,22041
UpdateRouteReq,24396
UpdateRouteReq,21259
UpdateRouteReq,23614
UpdateRouteReq,24766
UpdateRouteReq,22852
UpdateRouteReq,20989
UpdateRouteReq,21901
UpdateRouteReq,21080
UpdateRouteReq,24105
UpdateRouteReq,21570
UpdateRouteReq,21460
UpdateRouteReq,22803
UpdateRouteReq,23273
UpdateRouteReq,20388
UpdateRouteReq,22462
UpdateRouteReq,20709
UpdateRouteReq,23033
UpdateRouteReq,21540
UpdateRouteReq,25597
UpdateRouteReq,21300
UpdateRouteReq,20788
UpdateRouteReq,22071
UpdateRouteReq,23344
UpdateRouteReq,23664
UpdateRouteReq,23263
UpdateRouteReq,21080
UpdateRouteReq,21259
UpdateRouteReq,22853
UpdateRouteReq,21340
UpdateRouteReq,21690
UpdateRouteReq,21881
UpdateRouteReq,20779
UpdateRouteReq,21971
UpdateRouteReq,22643
UpdateRouteReq,21040
UpdateRouteReq,21009
UpdateRouteReq,20067
UpdateRouteReq,21841
UpdateRouteReq,20990
UpdateRouteReq,24746
UpdateRouteReq,24065
UpdateRouteReq,39324
UpdateRouteReq,26981
UpdateRouteReq,20769
UpdateRouteReq,28804
UpdateRouteReq,27351
UpdateRouteReq,22532
UpdateRouteReq,24436
UpdateRouteReq,22162
UpdateRouteReq,25458
UpdateRouteReq,24476
UpdateRouteReq,23333
UpdateRouteReq,24265
UpdateRouteReq,21971
UpdateRouteReq,24156
UpdateRouteReq,20489
UpdateRouteReq,21159
UpdateRouteReq,20167
UpdateRouteReq,25528
UpdateRouteReq,22232
UpdateRouteReq,24806
UpdateRouteReq,23685
UpdateRouteReq,23975
UpdateRouteReq,25648
UpdateRouteReq,22612
UpdateRouteReq,21530
UpdateRouteReq,19847
UpdateRouteReq,20829
UpdateRouteReq,25087
UpdateRouteReq,25257
UpdateRouteReq,25117
UpdateRouteReq,23314
UpdateRouteReq,23113
UpdateRouteReq,21320
UpdateRouteReq,20789
UpdateRouteReq,20889
UpdateRouteReq,21340
UpdateRouteReq,21290
UpdateRouteReq,22111
UpdateRouteReq,22181
UpdateRouteReq,21640
UpdateRouteReq,25107
UpdateRouteReq,21641
UpdateRouteReq,21591
UpdateRouteReq,20298
UpdateRouteReq,20809
UpdateRouteReq,23855
UpdateRouteReq,21921
UpdateRouteReq,22862
UpdateRouteReq,23674
UpdateRouteReq,23093
UpdateRouteReq,146384
UpdateRouteReq,135845
UpdateRouteReq,72456
UpdateRouteReq,61415
UpdateRouteReq,32551
UpdateRouteReq,32701
UpdateRouteReq,26439
UpdateRouteReq,22091
UpdateRouteReq,36949
UpdateRouteReq,24326
UpdateRouteReq,26420
UpdateRouteReq,26380
UpdateRouteReq,21250
UpdateRouteReq,22011
UpdateRouteReq,22923
UpdateRouteReq,20719
UpdateRouteReq,21300
UpdateRouteReq,21841
UpdateRouteReq,26650
UpdateRouteReq,26059
UpdateRouteReq,47880
UpdateRouteReq,48310
UpdateRouteReq,25017
UpdateRouteReq,32841
UpdateRouteReq,29876
UpdateRouteReq,24435
UpdateRouteReq,20849
UpdateRouteReq,21971
UpdateRouteReq,27051
UpdateRouteReq,26771
UpdateRouteReq,26369
UpdateRouteReq,51777
UpdateRouteReq,53039
UpdateRouteReq,32892
UpdateRouteReq,22963
UpdateRouteReq,23323
UpdateRouteReq,20578
UpdateRouteReq,23073
UpdateRouteReq,20749
UpdateRouteReq,21601
UpdateRouteReq,20869
UpdateRouteReq,23815
UpdateRouteReq,26579
UpdateRouteReq,23253
UpdateRouteReq,37079
UpdateRouteReq,20098
UpdateRouteReq,21561
UpdateRouteReq,22542
UpdateRouteReq,20829
UpdateRouteReq,29415
UpdateRouteReq,40806
UpdateRouteReq,38663
UpdateRouteReq,22111
UpdateRouteReq,22833
UpdateRouteReq,21841
UpdateRouteReq,21460
UpdateRouteReq,28253
UpdateRouteReq,21881
UpdateRouteReq,20528
UpdateRouteReq,26169
UpdateRouteReq,25838
UpdateRouteReq,24465
UpdateRouteReq,22402
UpdateRouteReq,21320
UpdateRouteReq,22042
UpdateRouteReq,23043
UpdateRouteReq,22502
UpdateRouteReq,23413
UpdateRouteReq,21691
UpdateRouteReq,24766
UpdateRouteReq,24285
UpdateRouteReq,41427
UpdateRouteReq,20638
UpdateRouteReq,21711
UpdateRouteReq,21380
UpdateRouteReq,21500
UpdateRouteReq,30206
UpdateRouteReq,25137
UpdateRouteReq,23253
UpdateRouteReq,22642
UpdateRouteReq,21370
UpdateRouteReq,20589
UpdateRouteReq,20979
UpdateRouteReq,20528
UpdateRouteReq,21911
UpdateRouteReq,26279
UpdateRouteReq,25989
UpdateRouteReq,24435
UpdateRouteReq,23985
UpdateRouteReq,23474
UpdateRouteReq,20518
UpdateRouteReq,21400
UpdateRouteReq,26159
UpdateRouteReq,21891
UpdateRouteReq,20788
UpdateRouteReq,24776
UpdateRouteReq,25327
UpdateRouteReq,23304
UpdateRouteReq,23434
UpdateRouteReq,20979
UpdateRouteReq,21551
UpdateRouteReq,21070
UpdateRouteReq,21561
UpdateRouteReq,21601
UpdateRouteReq,23514
UpdateRouteReq,29285
UpdateRouteReq,22692
UpdateRouteReq,49082
UpdateRouteReq,22923
UpdateRouteReq,21530
UpdateRouteReq,21450
UpdateRouteReq,21480
UpdateRouteReq,25618
UpdateRouteReq,21460
UpdateRouteReq,20990
UpdateRouteReq,21820
UpdateRouteReq,26179
UpdateRouteReq,22943
UpdateRouteReq,21280
UpdateRouteReq,25708
UpdateRouteReq,21591
UpdateRouteReq,46026
UpdateRouteReq,49933
UpdateRouteReq,51617
UpdateRouteReq,52408
UpdateRouteReq,41879
UpdateRouteReq,25467
UpdateRouteReq,24857
UpdateRouteReq,25087
UpdateRouteReq,21851
UpdateRouteReq,21289
UpdateRouteReq,22021
UpdateRouteReq,20409
UpdateRouteReq,21740
UpdateRouteReq,20519
UpdateRouteReq,20318
UpdateRouteReq,21420
UpdateRouteReq,20808
UpdateRouteReq,25567
UpdateRouteReq,21671
UpdateRouteReq,24316
UpdateRouteReq,21300
UpdateRouteReq,21480
UpdateRouteReq,19747
UpdateRouteReq,21561
UpdateRouteReq,24977
UpdateRouteReq,23344
UpdateRouteReq,23754
UpdateRouteReq,23494
UpdateRouteReq,20248
UpdateRouteReq,20648
UpdateRouteReq,21631
UpdateRouteReq,19817
UpdateRouteReq,20598
UpdateRouteReq,23885
UpdateRouteReq,22703
UpdateRouteReq,24686
UpdateRouteReq,24125
UpdateRouteReq,23294
UpdateRouteReq,22562
UpdateRouteReq,24646
UpdateRouteReq,23724
UpdateRouteReq,20979
UpdateRouteReq,21330
UpdateRouteReq,21471
UpdateRouteReq,20738
UpdateRouteReq,20438
UpdateRouteReq,24165
UpdateRouteReq,23744
UpdateRouteReq,23584
UpdateRouteReq,22662
UpdateRouteReq,22322
UpdateRouteReq,21130
UpdateRouteReq,19857
UpdateRouteReq,20428
UpdateRouteReq,26459
UpdateRouteReq,26609
UpdateRouteReq,25758
UpdateRouteReq,25598
UpdateRouteReq,24125
UpdateRouteReq,20609
UpdateRouteReq,20859
UpdateRouteReq,21250
UpdateRouteReq,21360
UpdateRouteReq,21610
UpdateRouteReq,24135
UpdateRouteReq,20228
UpdateRouteReq,21571
UpdateRouteReq,21881
UpdateRouteReq,22432
UpdateRouteReq,20408
UpdateRouteReq,23504
UpdateRouteReq,20789
UpdateRouteReq,20027
UpdateRouteReq,21130
UpdateRouteReq,21030
UpdateRouteReq,25437
UpdateRouteReq,20228
UpdateRouteReq,21229
UpdateRouteReq,20478
UpdateRouteReq,28904
UpdateRouteReq,21750
UpdateRouteReq,20238
UpdateRouteReq,30988
UpdateRouteReq,23073
UpdateRouteReq,20208
UpdateRouteReq,20929
UpdateRouteReq,23073
UpdateRouteReq,21791
UpdateRouteReq,24315
UpdateRouteReq,22442
UpdateRouteReq,22673
UpdateRouteReq,21561
UpdateRouteReq,25318
UpdateRouteReq,20769
UpdateRouteReq,24836
UpdateRouteReq,23554
UpdateRouteReq,23374
UpdateRouteReq,24286
UpdateRouteReq,20338
UpdateRouteReq,24065
UpdateRouteReq,30657
UpdateRouteReq,26139
UpdateRouteReq,24526
UpdateRouteReq,23183
UpdateRouteReq,21259
UpdateRouteReq,20889
UpdateRouteReq,20238
UpdateRouteReq,19877
UpdateRouteReq,20148
UpdateRouteReq,21530
UpdateRouteReq,25077
UpdateRouteReq,24135
UpdateRouteReq,22572
UpdateRouteReq,20438
UpdateRouteReq,23284
UpdateRouteReq,23243
UpdateRouteReq,24035
UpdateRouteReq,25027
UpdateRouteReq,20508
UpdateRouteReq,20578
UpdateRouteReq,20769
UpdateRouteReq,21279
UpdateRouteReq,22132
UpdateRouteReq,23434
UpdateRouteReq,25167
UpdateRouteReq,23935
UpdateRouteReq,19797
UpdateRouteReq,24476
UpdateRouteReq,56095
UpdateRouteReq,22402
UpdateRouteReq,23184
UpdateRouteReq,20508
UpdateRouteReq,24526
UpdateRouteReq,21621
UpdateRouteReq,21360
UpdateRouteReq,23314
UpdateRouteReq,21080
UpdateRouteReq,21039
UpdateRouteReq,21460
UpdateRouteReq,22072
UpdateRouteReq,23104
UpdateRouteReq,22833
UpdateRouteReq,23935
UpdateRouteReq,20729
UpdateRouteReq,20558
UpdateRouteReq,20819
UpdateRouteReq,20348
UpdateRouteReq,22742
UpdateRouteReq,28773
UpdateRouteReq,19787
UpdateRouteReq,20979
UpdateRouteReq,21059
UpdateRouteReq,21180
UpdateRouteReq,20439
UpdateRouteReq,21911
UpdateRouteReq,20358
UpdateRouteReq,19847
UpdateRouteReq,19767
UpdateRouteReq,20649
UpdateRouteReq,19797
UpdateRouteReq,22442
UpdateRouteReq,19687
UpdateRouteReq,20008
UpdateRouteReq,21059
UpdateRouteReq,20488
UpdateRouteReq,28292
UpdateRouteReq,24566
UpdateRouteReq,24165
UpdateRouteReq,22112
UpdateRouteReq,21110
UpdateRouteReq,21299
UpdateRouteReq,22371
UpdateRouteReq,20679
UpdateRouteReq,21180
UpdateRouteReq,20829
UpdateRouteReq,21520
UpdateRouteReq,21520
UpdateRouteReq,21140
UpdateRouteReq,20799
UpdateRouteReq,21099
UpdateRouteReq,20889
UpdateRouteReq,26490
UpdateRouteReq,24486
UpdateRouteReq,24045
UpdateRouteReq,21100
UpdateRouteReq,21200
UpdateRouteReq,24896
UpdateRouteReq,21490
UpdateRouteReq,21710
UpdateRouteReq,21129
UpdateRouteReq,48701
UpdateRouteReq,24496
UpdateRouteReq,21901
UpdateRouteReq,52218
UpdateRouteReq,24907
UpdateRouteReq,30978
UpdateRouteReq,28894
UpdateRouteReq,30287
UpdateRouteReq,26619
UpdateRouteReq,30928
UpdateRouteReq,33112
UpdateRouteReq,25438
UpdateRouteReq,30687
UpdateRouteReq,25407
UpdateRouteReq,23815
UpdateRouteReq,31509
UpdateRouteReq,48531
UpdateRouteReq,31128
UpdateRouteReq,27351
UpdateRouteReq,27772
UpdateRouteReq,20638
FindNodeReq,37169
UpdateRouteReq,27051
FindNodeReq,35877
UpdateRouteReq,22242
UpdateRouteReq,21901
UpdateRouteReq,24345
UpdateRouteReq,21500
FindNodeRsp,28724
UpdateRouteReq,20959
UpdateRouteReq,20789
UpdateRouteReq,23544
UpdateRouteReq,17734
UpdateRouteReq,14607
UpdateRouteReq,25007
UpdateRouteReq,28764
UpdateRouteReq,24286
UpdateRouteReq,25779
UpdateRouteReq,25487
UpdateRouteReq,23023
UpdateRouteReq,22081
UpdateRouteReq,23013
UpdateRouteReq,20598
UpdateRouteReq,21520
UpdateRouteReq,22733
UpdateRouteReq,21470
UpdateRouteReq,25698
UpdateRouteReq,22271
UpdateRouteReq,20308
UpdateRouteReq,22472
UpdateRouteReq,21721
UpdateRouteReq,19807
UpdateRouteReq,20829
UpdateRouteReq,22261
UpdateRouteReq,22512
UpdateRouteReq,19797
UpdateRouteReq,21370
UpdateRouteReq,20097
UpdateRouteReq,20468
UpdateRouteReq,21790
UpdateRouteReq,19958
UpdateRouteReq,19627
UpdateRouteReq,24976
UpdateRouteReq,24827
UpdateRouteReq,25447
UpdateRouteReq,23514
UpdateRouteReq,21961
UpdateRouteReq,22392
UpdateRouteReq,23574
UpdateRouteReq,19977
UpdateRouteReq,18054
UpdateRouteReq,27341
UpdateRouteReq,24005
UpdateRouteReq,22693
UpdateRouteReq,26089
UpdateRouteReq,19948
UpdateRouteReq,19447
UpdateRouteReq,25658
UpdateRouteReq,24176
UpdateRouteReq,25297
UpdateRouteReq,23524
UpdateRouteReq,22482
UpdateRouteReq,21751
UpdateRouteReq,23805
UpdateRouteReq,21260
UpdateRouteReq,24345
UpdateRouteReq,22763
UpdateRouteReq,21069
UpdateRouteReq,21370
UpdateRouteReq,22592
UpdateRouteReq,19717
UpdateRouteReq,23434
UpdateRouteReq,22542
UpdateRouteReq,21630
UpdateRouteReq,21240
UpdateRouteReq,23223
UpdateRouteReq,23353
UpdateRouteReq,20999
UpdateRouteReq,22602
UpdateRouteReq,21190
UpdateRouteReq,21110
UpdateRouteReq,22742
UpdateRouteReq,20478
UpdateRouteReq,22002
UpdateRouteReq,26850
UpdateRouteReq,26840
UpdateRouteReq,27241
UpdateRouteReq,26119
UpdateRouteReq,23354
UpdateRouteReq,22151
UpdateRouteReq,23474
UpdateRouteReq,22212
UpdateRouteReq,22041
UpdateRouteReq,22362
UpdateRouteReq,21530
UpdateRouteReq,21360
UpdateRouteReq,35016
UpdateRouteReq,34805
UpdateRouteReq,25187
UpdateRouteReq,22352
UpdateRouteReq,19366
UpdateRouteReq,21831
UpdateRouteReq,22953
UpdateRouteReq,21250
UpdateRouteReq,20097
UpdateRouteReq,27992
UpdateRouteReq,25618
UpdateRouteReq,26360
UpdateRouteReq,27942
UpdateRouteReq,24295
UpdateRouteReq,23854
UpdateRouteReq,26439
UpdateRouteReq,22802
UpdateRouteReq,22983
UpdateRouteReq,24486
UpdateRouteReq,20889
UpdateRouteReq,20639
UpdateRouteReq,21921
UpdateRouteReq,20118
UpdateRouteReq,24126
UpdateRouteReq,23273
UpdateRouteReq,21510
UpdateRouteReq,22142
UpdateRouteReq,22502
UpdateRouteReq,21981
UpdateRouteReq,20238
UpdateRouteReq,22872
UpdateRouteReq,21080
UpdateRouteReq,23003
UpdateRouteReq,28132
UpdateRouteReq,25949
UpdateRouteReq,26620
UpdateRouteReq,25929
UpdateRouteReq,23514
UpdateRouteReq,24666
UpdateRouteReq,22782
UpdateRouteReq,21860
UpdateRouteReq,23113
UpdateRouteReq,21981
UpdateRouteReq,20558
UpdateRouteReq,36017
UpdateRouteReq,24055
UpdateRouteReq,23204
UpdateRouteReq,21941
UpdateRouteReq,22653
UpdateRouteReq,21781
UpdateRouteReq,23494
UpdateRouteReq,23013
UpdateRouteReq,22292
UpdateRouteReq,22412
UpdateRouteReq,21640
UpdateRouteReq,21741
UpdateRouteReq,20930
UpdateRouteReq,25398
UpdateRouteReq,23785
UpdateRouteReq,21320
UpdateRouteReq,22401
UpdateRouteReq,22212
UpdateRouteReq,26059
UpdateRouteReq,23073
UpdateRouteReq,21480
UpdateRouteReq,21390
UpdateRouteReq,27011
UpdateRouteReq,20228
UpdateRouteReq,30928
UpdateRouteReq,26219
UpdateRouteReq,22382
UpdateRouteReq,21510
UpdateRouteReq,22462
UpdateRouteReq,25026
UpdateRouteReq,23454
UpdateRouteReq,27441
UpdateRouteReq,23905
UpdateRouteReq,25828
UpdateRouteReq,24757
UpdateRouteReq,32651
UpdateRouteReq,26690
UpdateRouteReq,23274
UpdateRouteReq,19507
UpdateRouteReq,21851
UpdateRouteReq,22382
UpdateRouteReq,20869
UpdateRouteReq,22623
UpdateRouteReq,20990
UpdateRouteReq,20047
UpdateRouteReq,22833
UpdateRouteReq,21690
UpdateRouteReq,23383
UpdateRouteReq,19366
UpdateRouteReq,22442
UpdateRouteReq,23814
UpdateRouteReq,26109
UpdateRouteReq,27792
UpdateRouteReq,24536
UpdateRouteReq,24796
UpdateRouteReq,20738
UpdateRouteReq,19065
UpdateRouteReq,25538
UpdateRouteReq,22602
UpdateRouteReq,23073
UpdateRouteReq,21270
UpdateRouteReq,23604
UpdateRouteReq,20318
UpdateRouteReq,22372
UpdateRouteReq,23443
UpdateRouteReq,21841
UpdateRouteReq,22512
UpdateRouteReq,21961
UpdateRouteReq,21400
UpdateRouteReq,22532
UpdateRouteReq,22222
UpdateRouteReq,22141
UpdateRouteReq,25357
UpdateRouteReq,22292
UpdateRouteReq,22612
UpdateRouteReq,21790
UpdateRouteReq,21911
UpdateRouteReq,22011
UpdateRouteReq,21230
UpdateRouteReq,38021
UpdateRouteReq,23574
UpdateRouteReq,24205
UpdateRouteReq,26560
UpdateRouteReq,21460
UpdateRouteReq,23163
UpdateRouteReq,15770
UpdateRouteReq,20248
UpdateRouteReq,24376
UpdateRouteReq,33042
UpdateRouteReq,23364
UpdateRouteReq,20609
UpdateRouteReq,22583
UpdateRouteReq,25868
UpdateRouteReq,22753
UpdateRouteReq,26400
UpdateRouteReq,23964
UpdateRouteReq,26740
UpdateRouteReq,25578
UpdateRouteReq,22662
UpdateRouteReq,22392
UpdateRouteReq,23344
UpdateRouteReq,21330
UpdateRouteReq,22392
UpdateRouteReq,23253
UpdateRouteReq,21721
UpdateRouteReq,22712
UpdateRouteReq,23453
UpdateRouteReq,20398
UpdateRouteReq,22983
UpdateRouteReq,21821
UpdateRouteReq,20659
UpdateRouteReq,21631
UpdateRouteReq,23524
UpdateRouteReq,21630
UpdateRouteReq,21069
UpdateRouteReq,22142
UpdateRouteReq,27982
UpdateRouteReq,21700
UpdateRouteReq,21771
UpdateRouteReq,24296
UpdateRouteReq,19005
UpdateRouteReq,19998
UpdateRouteReq,17583
UpdateRouteReq,24115
UpdateRouteReq,25378
UpdateRouteReq,23244
UpdateRouteReq,21010
UpdateRouteReq,27371
UpdateRouteReq,24305
UpdateRouteReq,25007
UpdateRouteReq,25899
UpdateRouteReq,23814
UpdateRouteReq,27581
UpdateRouteReq,24696
UpdateRouteReq,21801
UpdateRouteReq,25397
UpdateRouteReq,22442
UpdateRouteReq,15699
UpdateRouteReq,25358
UpdateRouteReq,21540
UpdateRouteReq,21260
UpdateRouteReq,21380
UpdateRouteReq,27261
UpdateRouteReq,23835
UpdateRouteReq,26229
UpdateRouteReq,26650
UpdateRouteReq,25578
UpdateRouteReq,22082
UpdateRouteReq,23193
UpdateRouteReq,21770
UpdateRouteReq,26079
UpdateRouteReq,22562
UpdateRouteReq,21801
UpdateRouteReq,23103
UpdateRouteReq,23434
UpdateRouteReq,21300
UpdateRouteReq,21650
UpdateRouteReq,22702
UpdateRouteReq,21009
UpdateRouteReq,21550
UpdateRouteReq,23043
UpdateRouteReq,22772
UpdateRouteReq,21780
UpdateRouteReq,22893
UpdateRouteReq,20408
UpdateRouteReq,20959
UpdateRouteReq,21631
UpdateRouteReq,21250
UpdateRouteReq,20268
UpdateRouteReq,28514
UpdateRouteReq,25157
UpdateRouteReq,24085
UpdateRouteReq,40876
UpdateRouteReq,24045
UpdateRouteReq,22311
UpdateRouteReq,21660
UpdateRouteReq,20348
UpdateRouteReq,22221
UpdateRouteReq,22201
UpdateRouteReq,20889
UpdateRouteReq,23243
UpdateRouteReq,25267
UpdateRouteReq,23544
UpdateRouteReq,24425
UpdateRouteReq,27050
UpdateRouteReq,27181
UpdateRouteReq,23975
UpdateRouteReq,27972
UpdateRouteReq,24626
UpdateRouteReq,22552
UpdateRouteReq,22192
UpdateRouteReq,20087
UpdateRouteReq,23203
UpdateRouteReq,20528
UpdateRouteReq,21450
UpdateRouteReq,25518
UpdateRouteReq,26008
UpdateRouteReq,22502
UpdateRouteReq,22021
UpdateRouteReq,22201
UpdateRouteReq,21901
UpdateRouteReq,22652
UpdateRouteReq,26159
UpdateRouteReq,22873
UpdateRouteReq,20789
UpdateRouteReq,21160
UpdateRouteReq,23424
UpdateRouteReq,20328
UpdateRouteReq,44994
UpdateRouteReq,39423
UpdateRouteReq,29836
UpdateRouteReq,24215
UpdateRouteReq,22532
UpdateRouteReq,27351
UpdateRouteReq,26750
UpdateRouteReq,24075
UpdateRouteReq,25167
UpdateRouteReq,22663
UpdateRouteReq,21270
UpdateRouteReq,23894
UpdateRouteReq,25227
UpdateRouteReq,22803
UpdateRouteReq,21120
UpdateRouteReq,22803
UpdateRouteReq,20088
UpdateRouteReq,20709
UpdateRouteReq,25278
UpdateRouteReq,21901
UpdateRouteReq,21811
UpdateRouteReq,23454
UpdateRouteReq,22031
UpdateRouteReq,23824
UpdateRouteReq,21780
UpdateRouteReq,23103
UpdateRouteReq,22803
UpdateRouteReq,23434
UpdateRouteReq,20729
UpdateRouteReq,24406
UpdateRouteReq,23484
UpdateRouteReq,22613
UpdateRouteReq,22081
UpdateRouteReq,21630
UpdateRouteReq,22181
UpdateRouteReq,20558
UpdateRouteReq,37359
UpdateRouteReq,21751
UpdateRouteReq,17883
UpdateRouteReq,25558
UpdateRouteReq,20879
UpdateRouteReq,22663
UpdateRouteReq,15880
UpdateRouteReq,20658
UpdateRouteReq,23935
UpdateRouteReq,24986
UpdateRouteReq,23023
UpdateRouteReq,24235
UpdateRouteReq,22051
UpdateRouteReq,22312
UpdateRouteReq,21029
UpdateRouteReq,25448
UpdateRouteReq,20819
UpdateRouteReq,20839
UpdateRouteReq,23263
UpdateRouteReq,22512
UpdateRouteReq,25297
UpdateRouteReq,21220
UpdateRouteReq,22923
UpdateRouteReq,22151
UpdateRouteReq,24366
UpdateRouteReq,20609
UpdateRouteReq,25678
UpdateRouteReq,28493
UpdateRouteReq,22742
UpdateRouteReq,20819
UpdateRouteReq,21741
UpdateRouteReq,23414
UpdateRouteReq,23735
UpdateRouteReq,36919
UpdateRouteReq,29154
UpdateRouteReq,19526
UpdateRouteReq,21781
UpdateRouteReq,21220
UpdateRouteReq,21691
UpdateRouteReq,19957
UpdateRouteReq,21711
UpdateRouteReq,23824
UpdateRouteReq,24486
UpdateRouteReq,22572
UpdateRouteReq,20067
UpdateRouteReq,23404
UpdateRouteReq,25237
UpdateRouteReq,23554
UpdateRouteReq,23804
UpdateRouteReq,24355
UpdateRouteReq,22883
UpdateRouteReq,23625
UpdateRouteReq,20348
UpdateRouteReq,25017
UpdateRouteReq,23444
UpdateRouteReq,22773
UpdateRouteReq,23134
UpdateRouteReq,22832
UpdateRouteReq,24255
UpdateRouteReq,29005
UpdateRouteReq,22803
UpdateRouteReq,23754
UpdateRouteReq,22442
UpdateRouteReq,23704
UpdateRouteReq,22211
UpdateRouteReq,22993
UpdateRouteReq,22392
UpdateRouteReq,21269
UpdateRouteReq,20759
UpdateRouteReq,22883
UpdateRouteReq,21720
UpdateRouteReq,21791
UpdateRouteReq,22442
UpdateRouteReq,25978
UpdateRouteReq,21470
UpdateRouteReq,33342
UpdateRouteReq,25518
UpdateRouteReq,21330
UpdateRouteReq,21340
UpdateRouteReq,17323
UpdateRouteReq,24596
UpdateRouteReq,26790
UpdateRouteReq,23434
UpdateRouteReq,20469
UpdateRouteReq,27671
UpdateRouteReq,26119
UpdateRouteReq,27131
UpdateRouteReq,19407
UpdateRouteReq,21030
UpdateRouteReq,25418
UpdateRouteReq,22592
UpdateRouteReq,20889
UpdateRouteReq,23433
UpdateRouteReq,34524
UpdateRouteReq,17743
UpdateRouteReq,23685
UpdateRouteReq,28133
UpdateRouteReq,26159
UpdateRouteReq,24776
UpdateRouteReq,24055
UpdateRouteReq,25808
UpdateRouteReq,25738
UpdateRouteReq,26770
UpdateRouteReq,24446
UpdateRouteReq,27432
UpdateRouteReq,25177
UpdateRouteReq,21360
UpdateRouteReq,28463
UpdateRouteReq,35356
UpdateRouteReq,21390
UpdateRouteReq,26389
UpdateRouteReq,25167
UpdateRouteReq,21801
UpdateRouteReq,30928
UpdateRouteReq,23584
UpdateRouteReq,23153
UpdateRouteReq,23284
UpdateRouteReq,22843
UpdateRouteReq,22181
UpdateRouteReq,23043
UpdateRouteReq,22743
UpdateRouteReq,22072
UpdateRouteReq,22783
UpdateRouteReq,24155
UpdateRouteReq,23394
UpdateRouteReq,21110
UpdateRouteReq,23353
UpdateRouteReq,19707
UpdateRouteReq,20278
UpdateRouteReq,22091
UpdateRouteReq,29175
UpdateRouteReq,24787
UpdateRouteReq,28343
UpdateRouteReq,24355
UpdateRouteReq,26600
UpdateRouteReq,26930
UpdateRouteReq,22873
UpdateRouteReq,25297
UpdateRouteReq,23354
UpdateRouteReq,25688
UpdateRouteReq,23874
UpdateRouteReq,23043
UpdateRouteReq,23895
UpdateRouteReq,23805
UpdateRouteReq,25778
UpdateRouteReq,23293
UpdateRouteReq,21120
UpdateRouteReq,22572
UpdateRouteReq,21740
UpdateRouteReq,22231
UpdateRouteReq,26138
UpdateRouteReq,25387
UpdateRouteReq,21340
UpdateRouteReq,25388
UpdateRouteReq,25087
UpdateRouteReq,37299
UpdateRouteReq,20408
UpdateRouteReq,17693
UpdateRouteReq,24886
UpdateRouteReq,24867
UpdateRouteReq,23885
UpdateRouteReq,22682
UpdateRouteReq,23644
UpdateRouteReq,34885
UpdateRouteReq,26490
UpdateRouteReq,47288
UpdateRouteReq,33923
UpdateRouteReq,27402
UpdateRouteReq,51566
UpdateRouteReq,25608
UpdateRouteReq,25498
UpdateRouteReq,53049
UpdateRouteReq,52578
UpdateRouteReq,45706
UpdateRouteReq,22482
UpdateRouteReq,20789
UpdateRouteReq,22121
UpdateRouteReq,24877
UpdateRouteReq,22282
UpdateRouteReq,20238
UpdateRouteReq,22332
UpdateRouteReq,25027
UpdateRouteReq,24235
UpdateRouteReq,53591
UpdateRouteReq,24355
UpdateRouteReq,22653
UpdateRouteReq,22892
UpdateRouteReq,22332
UpdateRouteReq,26309
UpdateRouteReq,22342
UpdateRouteReq,24396
UpdateRouteReq,34425
UpdateRouteReq,37510
UpdateRouteReq,23193
UpdateRouteReq,25688
UpdateRouteReq,31529
UpdateRouteReq,34034
UpdateRouteReq,25779
UpdateRouteReq,33794
UpdateRouteReq,25718
UpdateRouteReq,24156
UpdateRouteReq,23804
UpdateRouteReq,24816
UpdateRouteReq,24045
UpdateRouteReq,25347
UpdateRouteReq,26219
UpdateRouteReq,23694
UpdateRouteReq,26009
UpdateRouteReq,25648
UpdateRouteReq,21461
UpdateRouteReq,23654
UpdateRouteReq,22782
UpdateRouteReq,25468
UpdateRouteReq,28253
UpdateRouteReq,22341
UpdateRouteReq,22712
UpdateRouteReq,23143
UpdateRouteReq,22592
UpdateRouteReq,22722
UpdateRouteReq,22222
UpdateRouteReq,21460
UpdateRouteReq,28834
UpdateRouteReq,24726
UpdateRouteReq,28744
UpdateRouteReq,27472
UpdateRouteReq,27121
UpdateRouteReq,23715
UpdateRouteReq,25157
UpdateRouteReq,25317
UpdateRouteReq,22682
UpdateRouteReq,21400
UpdateRouteReq,30367
UpdateRouteReq,26169
UpdateRouteReq,22612
UpdateRouteReq,27422
UpdateRouteReq,26179
UpdateRouteReq,25208
UpdateRouteReq,28173
UpdateRouteReq,23303
UpdateRouteReq,22232
UpdateRouteReq,21480
UpdateRouteReq,20688
UpdateRouteReq,34855
UpdateRouteReq,25157
UpdateRouteReq,27421
UpdateRouteReq,24806
UpdateRouteReq,27542
UpdateRouteReq,23715
UpdateRouteReq,25257
UpdateRouteReq,28003
UpdateRouteReq,25548
UpdateRouteReq,23214
UpdateRouteReq,39704
UpdateRouteReq,21369
UpdateRouteReq,23394
UpdateRouteReq,31799
UpdateRouteReq,26439
UpdateRouteReq,23595
UpdateRouteReq,29174
UpdateRouteReq,22793
UpdateRouteReq,22181
UpdateRouteReq,21881
UpdateRouteReq,20639
UpdateRouteReq,28283
UpdateRouteReq,24035
UpdateRouteReq,27352
UpdateRouteReq,25668
UpdateRouteReq,30618
UpdateRouteReq,24276
UpdateRouteReq,24857
UpdateRouteReq,24746
UpdateRouteReq,22973
UpdateRouteReq,21410
UpdateRouteReq,26680
UpdateRouteReq,25157
UpdateRouteReq,22603
UpdateRouteReq,26490
UpdateRouteReq,24606
UpdateRouteReq,25598
UpdateRouteReq,28183
UpdateRouteReq,22642
UpdateRouteReq,22673
UpdateRouteReq,21710
UpdateRouteReq,20889
UpdateRouteReq,27511
UpdateRouteReq,121848
UpdateRouteReq,101520
UpdateRouteReq,27612
UpdateRouteReq,25648
UpdateRouteReq,22492
UpdateRouteReq,23073
UpdateRouteReq,24145
UpdateRouteReq,22953
UpdateRouteReq,21690
UpdateRouteReq,20659
UpdateRouteReq,21600
UpdateRouteReq,21531
UpdateRouteReq,23244
UpdateRouteReq,23143
UpdateRouteReq,20629
UpdateRouteReq,27281
UpdateRouteReq,22613
UpdateRouteReq,20789
UpdateRouteReq,23975
UpdateRouteReq,21510
UpdateRouteReq,20308
UpdateRouteReq,22993
UpdateRouteReq,21750
UpdateRouteReq,38251
UpdateRouteReq,23494
UpdateRouteReq,22292
UpdateRouteReq,20648
UpdateRouteReq,23264
UpdateRouteReq,22702
UpdateRouteReq,22261
UpdateRouteReq,23394
UpdateRouteReq,21901
UpdateRouteReq,20939
UpdateRouteReq,33863
UpdateRouteReq,22482
UpdateRouteReq,20318
UpdateRouteReq,22512
UpdateRouteReq,22372
UpdateRouteReq,28112
UpdateRouteReq,21580
UpdateRouteReq,22291
UpdateRouteReq,38672
UpdateRouteReq,23744
UpdateRouteReq,22692
UpdateRouteReq,21580
UpdateRouteReq,22863
UpdateRouteReq,22191
UpdateRouteReq,24916
UpdateRouteReq,22051
UpdateRouteReq,24105
UpdateRouteReq,24526
UpdateRouteReq,26539
UpdateRouteReq,24145
UpdateRouteReq,24475
UpdateRouteReq,20729
UpdateRouteReq,20669
UpdateRouteReq,27562
UpdateRouteReq,21440
UpdateRouteReq,21661
UpdateRouteReq,21821
UpdateRouteReq,24015
UpdateRouteReq,25218
UpdateRouteReq,20950
UpdateRouteReq,27271
UpdateRouteReq,25818
UpdateRouteReq,22181
UpdateRouteReq,25367
UpdateRouteReq,21390
UpdateRouteReq,21941
UpdateRouteReq,23534
UpdateRouteReq,23664
UpdateRouteReq,25187
UpdateRouteReq,31288
UpdateRouteReq,23945
UpdateRouteReq,23584
UpdateRouteReq,22813
UpdateRouteReq,22582
UpdateRouteReq,22272
UpdateRouteReq,22282
UpdateRouteReq,30888
UpdateRouteReq,26490
UpdateRouteReq,24646
UpdateRouteReq,27682
UpdateRouteReq,26911
UpdateRouteReq,25347
UpdateRouteReq,23985
UpdateRouteReq,24986
UpdateRouteReq,24065
UpdateRouteReq,27421
UpdateRouteReq,22101
UpdateRouteReq,30607
UpdateRouteReq,24045
UpdateRouteReq,23113
UpdateRouteReq,22652
UpdateRouteReq,22011
UpdateRouteReq,37891
UpdateRouteReq,45475
UpdateRouteReq,25407
UpdateRouteReq,22091
UpdateRouteReq,23474
UpdateRouteReq,22682
UpdateRouteReq,21430
UpdateRouteReq,24296
UpdateRouteReq,28353
UpdateRouteReq,24576
UpdateRouteReq,32831
UpdateRouteReq,23815
UpdateRouteReq,23795
UpdateRouteReq,25588
UpdateRouteReq,34314
UpdateRouteReq,26310
UpdateRouteReq,28293
UpdateRouteReq,21861
UpdateRouteReq,22251
UpdateRouteReq,41337
UpdateRouteReq,43491
UpdateRouteReq,27992
UpdateRouteReq,24105
UpdateRouteReq,22071
UpdateRouteReq,21310
UpdateRouteReq,24406
UpdateRouteReq,24055
UpdateRouteReq,21130
UpdateRouteReq,27422
UpdateRouteReq,25127
UpdateRouteReq,25779
UpdateRouteReq,25347
UpdateRouteReq,23013
UpdateRouteReq,22432
UpdateRouteReq,22863
UpdateRouteReq,21280
UpdateRouteReq,22532
UpdateRouteReq,23864
UpdateRouteReq,22392
UpdateRouteReq,21240
UpdateRouteReq,23544
UpdateRouteReq,23124
UpdateRouteReq,22112
UpdateRouteReq,41728
UpdateRouteReq,33423
UpdateRouteReq,23985
UpdateRouteReq,24315
UpdateRouteReq,21791
UpdateRouteReq,39394
UpdateRouteReq,28643
UpdateRouteReq,19356
UpdateRouteReq,24917
UpdateRouteReq,23303
UpdateRouteReq,36037
UpdateRouteReq,18605
UpdateRouteReq,27442
UpdateRouteReq,25628
UpdateRouteReq,25007
UpdateRouteReq,25267
UpdateRouteReq,22983
UpdateRouteReq,22402
UpdateRouteReq,21830
UpdateRouteReq,20799
UpdateRouteReq,22572
UpdateRouteReq,23554
UpdateRouteReq,22131
UpdateRouteReq,20929
UpdateRouteReq,26980
UpdateRouteReq,21881
UpdateRouteReq,21690
UpdateRouteReq,37731
UpdateRouteReq,26870
UpdateRouteReq,20769
UpdateRouteReq,23374
UpdateRouteReq,22432
UpdateRouteReq,21189
UpdateRouteReq,25568
UpdateRouteReq,20879
UpdateRouteReq,22652
UpdateRouteReq,22051
UpdateRouteReq,20478
UpdateRouteReq,29806
UpdateRouteReq,27261
UpdateRouteReq,25538
UpdateRouteReq,26490
UpdateRouteReq,24736
UpdateRouteReq,23024
UpdateRouteReq,22773
UpdateRouteReq,21610
UpdateRouteReq,20899
UpdateRouteReq,22371
UpdateRouteReq,22953
UpdateRouteReq,21901
UpdateRouteReq,20999
UpdateRouteReq,23084
UpdateRouteReq,25618
UpdateRouteReq,21931
UpdateRouteReq,25478
UpdateRouteReq,22292
UpdateRouteReq,21220
UpdateRouteReq,21941
UpdateRouteReq,22422
UpdateRouteReq,22441
UpdateRouteReq,22843
UpdateRouteReq,21019
UpdateRouteReq,25698
UpdateRouteReq,23294
UpdateRouteReq,21430
UpdateRouteReq,21350
UpdateRouteReq,21380
UpdateRouteReq,21430
UpdateRouteReq,21770
UpdateRouteReq,24947
UpdateRouteReq,26479
UpdateRouteReq,20668
UpdateRouteReq,25658
UpdateRouteReq,22793
UpdateRouteReq,23584
UpdateRouteReq,37891
UpdateRouteReq,53560
UpdateRouteReq,59532
UpdateRouteReq,50414
UpdateRouteReq,56496
UpdateRouteReq,26460
UpdateRouteReq,26640
UpdateRouteReq,24856
UpdateRouteReq,21460
UpdateRouteReq,25097
UpdateRouteReq,21720
UpdateRouteReq,21991
UpdateRouteReq,26610
UpdateRouteReq,25207
UpdateRouteReq,24236
UpdateRouteReq,25588
UpdateRouteReq,22452
UpdateRouteReq,22492
UpdateRouteReq,22472
UpdateRouteReq,20759
UpdateRouteReq,22262
FindNodeReq,62947
UpdateRouteReq,26049
UpdateRouteReq,24235
UpdateRouteReq,20919
UpdateRouteReq,22171
UpdateRouteReq,24616
UpdateRouteReq,22221
UpdateRouteReq,21239
UpdateRouteReq,19987
UpdateRouteReq,25748
UpdateRouteReq,20659
UpdateRouteReq,23093
UpdateRouteReq,22532
UpdateRouteReq,21310
UpdateRouteReq,25046
UpdateRouteReq,22031
UpdateRouteReq,21069
UpdateRouteReq,24176
UpdateRouteReq,22462
UpdateRouteReq,27692
UpdateRouteReq,24716
UpdateRouteReq,27822
UpdateRouteReq,25568
UpdateRouteReq,36167
UpdateRouteReq,20097
UpdateRouteReq,21340
UpdateRouteReq,24606
UpdateRouteReq,21461
UpdateRouteReq,21150
UpdateRouteReq,21981
UpdateRouteReq,22903
UpdateRouteReq,21650
UpdateRouteReq,21520
UpdateRouteReq,26109
UpdateRouteReq,24256
UpdateRouteReq,21070
UpdateRouteReq,25047
UpdateRouteReq,21871
UpdateRouteReq,21861
UpdateRouteReq,23374
UpdateRouteReq,22652
UpdateRouteReq,24316
UpdateRouteReq,26099
UpdateRouteReq,26500
UpdateRouteReq,23063
UpdateRouteReq,23414
UpdateRouteReq,22562
UpdateRouteReq,22913
UpdateRouteReq,39294
UpdateRouteReq,20348
UpdateRouteReq,27742
UpdateRouteReq,26259
UpdateRouteReq,27241
UpdateRouteReq,26470
UpdateRouteReq,25247
UpdateRouteReq,22322
UpdateRouteReq,22061
UpdateRouteReq,21300
UpdateRouteReq,21551
UpdateRouteReq,21751
UpdateRouteReq,22272
UpdateRouteReq,21230
UpdateRouteReq,21631
UpdateRouteReq,24556
UpdateRouteReq,23394
UpdateRouteReq,21109
UpdateRouteReq,24806
UpdateRouteReq,21320
UpdateRouteReq,20889
UpdateRouteReq,22812
UpdateRouteReq,21711
UpdateRouteReq,39403
UpdateRouteReq,32781
UpdateRouteReq,19888
UpdateRouteReq,21831
UpdateRouteReq,22993
UpdateRouteReq,21160
UpdateRouteReq,21300
UpdateRouteReq,26319
UpdateRouteReq,24566
UpdateRouteReq,19537
UpdateRouteReq,24877
UpdateRouteReq,20579
UpdateRouteReq,21600
UpdateRouteReq,24647
UpdateRouteReq,21330
UpdateRouteReq,36698
UpdateRouteReq,40085
UpdateRouteReq,25097
UpdateRouteReq,22482
UpdateRouteReq,23294
UpdateRouteReq,20799
UpdateRouteReq,22362
UpdateRouteReq,26519
UpdateRouteReq,22593
UpdateRouteReq,21760
UpdateRouteReq,27812
UpdateRouteReq,23674
UpdateRouteReq,21139
UpdateRouteReq,22923
UpdateRouteReq,24215
UpdateRouteReq,33603
UpdateRouteReq,20107
UpdateRouteReq,21270
UpdateRouteReq,21180
UpdateRouteReq,22803
UpdateRouteReq,22161
UpdateRouteReq,22652
UpdateRouteReq,25017
UpdateRouteReq,24777
UpdateRouteReq,26830
UpdateRouteReq,29966
UpdateRouteReq,35276
UpdateRouteReq,21801
UpdateRouteReq,45194
UpdateRouteReq,28232
UpdateRouteReq,26670
UpdateRouteReq,22151
UpdateRouteReq,24697
UpdateRouteReq,21891
UpdateRouteReq,39494
UpdateRouteReq,27131
UpdateRouteReq,38853
UpdateRouteReq,35556
UpdateRouteReq,22863
UpdateRouteReq,37620
UpdateRouteReq,35366
UpdateRouteReq,32881
UpdateRouteReq,38402
UpdateRouteReq,30998
UpdateRouteReq,25447
UpdateRouteReq,29415
UpdateRouteReq,30277
UpdateRouteReq,28653
UpdateRouteReq,30628
UpdateRouteReq,35576
UpdateRouteReq,23865
UpdateRouteReq,28553
UpdateRouteReq,33223
UpdateRouteReq,55944
UpdateRouteReq,35607
UpdateRouteReq,37851
UpdateRouteReq,24285
UpdateRouteReq,35286
UpdateRouteReq,30226
UpdateRouteReq,39513
UpdateRouteReq,27822
UpdateRouteReq,59341
UpdateRouteReq,29295
UpdateRouteReq,40526
UpdateRouteReq,36688
UpdateRouteReq,43271
UpdateRouteReq,27982
UpdateRouteReq,38923
UpdateRouteReq,35205
UpdateRouteReq,42930
UpdateRouteReq,50444
UpdateRouteReq,42089
UpdateRouteReq,31649
UpdateRouteReq,26660
UpdateRouteReq,29716
UpdateRouteReq,34254
UpdateRouteReq,26550
UpdateRouteReq,27642
UpdateRouteReq,33543
UpdateRouteReq,46076
UpdateRouteReq,33442
UpdateRouteReq,26069
UpdateRouteReq,27882
UpdateRouteReq,46467
UpdateRouteReq,41007
UpdateRouteReq,19837
UpdateRouteReq,23484
UpdateRouteReq,24847
UpdateRouteReq,41808
UpdateRouteReq,43361
UpdateRouteReq,27271
UpdateRouteReq,37560
UpdateRouteReq,31970
UpdateRouteReq,35596
UpdateRouteReq,30647
UpdateRouteReq,25367
UpdateRouteReq,26249
UpdateRouteReq,25618
UpdateRouteReq,22593
UpdateRouteReq,27311
UpdateRouteReq,35466
UpdateRouteReq,26019
UpdateRouteReq,36428
UpdateRouteReq,28142
UpdateRouteReq,20798
UpdateRouteReq,39203
UpdateRouteReq,36669
UpdateRouteReq,28574
UpdateRouteReq,26189
UpdateRouteReq,23664
UpdateRouteReq,23935
UpdateRouteReq,23254
UpdateRouteReq,25328
UpdateRouteReq,21060
UpdateRouteReq,22503
UpdateRouteReq,23093
UpdateRouteReq,23454
UpdateRouteReq,34665
UpdateRouteReq,23664
UpdateRouteReq,23965
UpdateRouteReq,43702
UpdateRouteReq,27161
UpdateRouteReq,23293
UpdateRouteReq,45065
UpdateRouteReq,60504
UpdateRouteReq,72746
UpdateRouteReq,69059
UpdateRouteReq,63248
UpdateRouteReq,50635
UpdateRouteReq,22533
UpdateRouteReq,21961
UpdateRouteReq,23053
UpdateRouteReq,23825
UpdateRouteReq,23955
UpdateRouteReq,34405
UpdateRouteReq,27952
UpdateRouteReq,50043
UpdateRouteReq,43952
UpdateRouteReq,37410
UpdateRouteReq,36859
UpdateRouteReq,27422
UpdateRouteReq,22061
UpdateRouteReq,22232
UpdateRouteReq,37991
UpdateRouteReq,28092
UpdateRouteReq,40746
UpdateRouteReq,26399
UpdateRouteReq,24386
UpdateRouteReq,35617
UpdateRouteReq,22221
UpdateRouteReq,30227
UpdateRouteReq,22071
UpdateRouteReq,31619
UpdateRouteReq,28533
UpdateRouteReq,34154
UpdateRouteReq,24897
UpdateRouteReq,22612
UpdateRouteReq,26690
UpdateRouteReq,25998
UpdateRouteReq,33783
UpdateRouteReq,31950
UpdateRouteReq,30036
UpdateRouteReq,20198
UpdateRouteReq,32311
UpdateRouteReq,28583
UpdateRouteReq,28804
UpdateRouteReq,54803
UpdateRouteReq,29114
UpdateRouteReq,26820
UpdateRouteReq,27161
UpdateRouteReq,24576
UpdateRouteReq,29355
UpdateRouteReq,27471
UpdateRouteReq,24917
UpdateRouteReq,38162
UpdateRouteReq,27201
UpdateRouteReq,23804
UpdateRouteReq,36067
UpdateRouteReq,29335
UpdateRouteReq,32641
UpdateRouteReq,27561
UpdateRouteReq,23844
UpdateRouteReq,27171
UpdateRouteReq,27161
UpdateRouteReq,26299
UpdateRouteReq,30958
UpdateRouteReq,29736
UpdateRouteReq,23975
UpdateRouteReq,22111
UpdateRouteReq,31779
UpdateRouteReq,24175
UpdateRouteReq,21560
UpdateRouteReq,38082
UpdateRouteReq,21741
UpdateRouteReq,22542
UpdateRouteReq,33714
UpdateRouteReq,37710
UpdateRouteReq,25187
UpdateRouteReq,22412
UpdateRouteReq,35366
UpdateRouteReq,30977
UpdateRouteReq,24185
UpdateRouteReq,29234
UpdateRouteReq,23164
UpdateRouteReq,21821
UpdateRouteReq,23695
UpdateRouteReq,22853
UpdateRouteReq,33002
UpdateRouteReq,23875
UpdateRouteReq,22041
UpdateRouteReq,37800
UpdateRouteReq,27081
UpdateRouteReq,23083
UpdateRouteReq,23073
UpdateRouteReq,23504
UpdateRouteReq,23073
UpdateRouteReq,22472
UpdateRouteReq,21771
UpdateRouteReq,23393
UpdateRouteReq,25457
UpdateRouteReq,29976
UpdateRouteReq,22813
UpdateRouteReq,22051
UpdateRouteReq,23093
UpdateRouteReq,22352
UpdateRouteReq,29546
UpdateRouteReq,22232
UpdateRouteReq,23224
UpdateRouteReq,22682
UpdateRouteReq,38672
UpdateRouteReq,22552
UpdateRouteReq,22312
UpdateRouteReq,22402
UpdateRouteReq,48691
UpdateRouteReq,30327
UpdateRouteReq,35647
UpdateRouteReq,22012
UpdateRouteReq,32711
UpdateRouteReq,34866
UpdateRouteReq,28173
UpdateRouteReq,34745
UpdateRouteReq,33923
UpdateRouteReq,24386
UpdateRouteReq,23303
UpdateRouteReq,28173
UpdateRouteReq,29025
UpdateRouteReq,23163
UpdateRouteReq,26459
UpdateRouteReq,35556
UpdateRouteReq,36739
UpdateRouteReq,43041
UpdateRouteReq,30126
UpdateRouteReq,28052
UpdateRouteReq,25558
UpdateRouteReq,28563
UpdateRouteReq,30978
UpdateRouteReq,31529
UpdateRouteReq,29154
UpdateRouteReq,35005
UpdateRouteReq,38181
UpdateRouteReq,28082
UpdateRouteReq,27471
UpdateRouteReq,33142
UpdateRouteReq,52799
UpdateRouteReq,33383
UpdateRouteReq,42109
UpdateRouteReq,27451
UpdateRouteReq,35736
UpdateRouteReq,48451
UpdateRouteReq,41447
UpdateRouteReq,29385
UpdateRouteReq,49924
UpdateRouteReq,35486
UpdateRouteReq,38271
UpdateRouteReq,30417
UpdateRouteReq,40967
UpdateRouteReq,46758
UpdateRouteReq,81081
UpdateRouteReq,61154
UpdateRouteReq,39033
UpdateRouteReq,36388
UpdateRouteReq,24827
UpdateRouteReq,33703
UpdateRouteReq,54382
UpdateRouteReq,37920
UpdateRouteReq,33222
UpdateRouteReq,37009
UpdateRouteReq,35947
UpdateRouteReq,20839
UpdateRouteReq,17653
UpdateRouteReq,17613
UpdateRouteReq,18315
UpdateRouteReq,18755
UpdateRouteReq,17132
UpdateRouteReq,18174
UpdateRouteReq,21911
UpdateRouteReq,45425
UpdateRouteReq,32421
UpdateRouteReq,47599
UpdateRouteReq,30557
UpdateRouteReq,27591
UpdateRouteReq,29555
UpdateRouteReq,31508
UpdateRouteReq,25127
UpdateRouteReq,27081
UpdateRouteReq,27111
UpdateRouteReq,24225
UpdateRouteReq,24596
UpdateRouteReq,22172
UpdateRouteReq,22422
UpdateRouteReq,21681
UpdateRouteReq,23985
UpdateRouteReq,22081
UpdateRouteReq,23494
UpdateRouteReq,21611
UpdateRouteReq,21720
UpdateRouteReq,21651
UpdateRouteReq,22442
UpdateRouteReq,21029
UpdateRouteReq,25258
UpdateRouteReq,21921
UpdateRouteReq,22212
UpdateRouteReq,22412
UpdateRouteReq,21951
UpdateRouteReq,53069
UpdateRouteReq,45075
UpdateRouteReq,34625
UpdateRouteReq,32380
UpdateRouteReq,24856
UpdateRouteReq,24115
UpdateRouteReq,21600
UpdateRouteReq,28784
UpdateRouteReq,25087
UpdateRouteReq,21250
UpdateRouteReq,26780
UpdateRouteReq,21841
UpdateRouteReq,22332
UpdateRouteReq,22161
UpdateRouteReq,22923
UpdateRouteReq,35877
UpdateRouteReq,39855
UpdateRouteReq,26149
UpdateRouteReq,29736
UpdateRouteReq,25578
UpdateRouteReq,23243
UpdateRouteReq,21460
UpdateRouteReq,23484
UpdateRouteReq,21520
UpdateRouteReq,21360
UpdateRouteReq,21901
UpdateRouteReq,22472
UpdateRouteReq,22131
UpdateRouteReq,25197
UpdateRouteReq,21259
UpdateRouteReq,22582
UpdateRouteReq,22421
UpdateRouteReq,21891
UpdateRouteReq,25057
UpdateRouteReq,31429
UpdateRouteReq,21009
UpdateRouteReq,23604
UpdateRouteReq,23323
UpdateRouteReq,22563
UpdateRouteReq,22351
UpdateRouteReq,21871
UpdateRouteReq,23905
UpdateRouteReq,21881
UpdateRouteReq,26068
UpdateRouteReq,22432
UpdateRouteReq,21520
UpdateRouteReq,23724
UpdateRouteReq,22642
UpdateRouteReq,25548
UpdateRouteReq,29315
UpdateRouteReq,24326
UpdateRouteReq,22331
UpdateRouteReq,23413
UpdateRouteReq,23003
UpdateRouteReq,21972
UpdateRouteReq,27091
UpdateRouteReq,21621
UpdateRouteReq,28363
UpdateRouteReq,28243
UpdateRouteReq,25398
UpdateRouteReq,24466
UpdateRouteReq,26920
UpdateRouteReq,23434
UpdateRouteReq,23825
UpdateRouteReq,22702
UpdateRouteReq,23173
UpdateRouteReq,21520
UpdateRouteReq,22913
UpdateRouteReq,21380
UpdateRouteReq,21881
UpdateRouteReq,24476
UpdateRouteReq,24165
UpdateRouteReq,23624
UpdateRouteReq,23104
UpdateRouteReq,22572
UpdateRouteReq,27431
UpdateRouteReq,23053
UpdateRouteReq,21961
UpdateRouteReq,23133
UpdateRouteReq,24446
UpdateRouteReq,23254
UpdateRouteReq,23404
UpdateRouteReq,25287
UpdateRouteReq,30847
UpdateRouteReq,22021
UpdateRouteReq,35817
UpdateRouteReq,18565
UpdateRouteReq,21701
UpdateRouteReq,23564
UpdateRouteReq,23043
UpdateRouteReq,28844
UpdateRouteReq,22412
UpdateRouteReq,21911
UpdateRouteReq,40155
UpdateRouteReq,26449
UpdateRouteReq,23644
UpdateRouteReq,23283
UpdateRouteReq,23413
UpdateRouteReq,22492
UpdateRouteReq,22612
UpdateRouteReq,22622
UpdateRouteReq,23574
UpdateRouteReq,22562
UpdateRouteReq,38723
UpdateRouteReq,34905
UpdateRouteReq,23284
UpdateRouteReq,22622
UpdateRouteReq,23063
UpdateRouteReq,30627
UpdateRouteReq,22102
UpdateRouteReq,22933
UpdateRouteReq,26089
UpdateRouteReq,22172
UpdateRouteReq,23935
UpdateRouteReq,22912
UpdateRouteReq,22421
UpdateRouteReq,21951
UpdateRouteReq,22562
UpdateRouteReq,22673
UpdateRouteReq,22252
UpdateRouteReq,24566
UpdateRouteReq,29154
UpdateRouteReq,33562
UpdateRouteReq,26500
UpdateRouteReq,33142
UpdateRouteReq,23243
UpdateRouteReq,22562
UpdateRouteReq,25598
UpdateRouteReq,22062
UpdateRouteReq,25909
UpdateRouteReq,30497
UpdateRouteReq,54011
UpdateRouteReq,27902
UpdateRouteReq,26790
UpdateRouteReq,25117
UpdateRouteReq,24666
UpdateRouteReq,22993
UpdateRouteReq,20709
UpdateRouteReq,25037
UpdateRouteReq,22282
UpdateRouteReq,21110
UpdateRouteReq,22052
UpdateRouteReq,23013
UpdateRouteReq,22041
UpdateRouteReq,22532
UpdateRouteReq,40636
UpdateRouteReq,28152
UpdateRouteReq,27973
UpdateRouteReq,27511
UpdateRouteReq,25798
UpdateRouteReq,36058
UpdateRouteReq,21190
UpdateRouteReq,23634
UpdateRouteReq,30277
UpdateRouteReq,29986
UpdateRouteReq,26280
UpdateRouteReq,36348
UpdateRouteReq,31189
UpdateRouteReq,22762
UpdateRouteReq,27221
UpdateRouteReq,22743
UpdateRouteReq,22041
UpdateRouteReq,21280
UpdateRouteReq,23413
UpdateRouteReq,22562
UpdateRouteReq,23374
UpdateRouteReq,21981
UpdateRouteReq,31950
UpdateRouteReq,22402
UpdateRouteReq,36538
UpdateRouteReq,33633
UpdateRouteReq,23114
UpdateRouteReq,22713
UpdateRouteReq,22692
UpdateRouteReq,22351
UpdateRouteReq,33433
UpdateRouteReq,24125
UpdateRouteReq,22232
UpdateRouteReq,22652
UpdateRouteReq,21830
UpdateRouteReq,24486
UpdateRouteReq,29946
UpdateRouteReq,24726
UpdateRouteReq,24346
UpdateRouteReq,24425
UpdateRouteReq,21290
UpdateRouteReq,22231
UpdateRouteReq,21349
UpdateRouteReq,21671
UpdateRouteReq,20398
UpdateRouteReq,22402
UpdateRouteReq,21109
UpdateRouteReq,21220
UpdateRouteReq,20778
UpdateRouteReq,22713
UpdateRouteReq,20939
UpdateRouteReq,25147
UpdateRouteReq,20569
UpdateRouteReq,20849
UpdateRouteReq,22182
UpdateRouteReq,21972
UpdateRouteReq,25527
UpdateRouteReq,22642
UpdateRouteReq,21400
UpdateRouteReq,21340
UpdateRouteReq,22272
UpdateRouteReq,20738
UpdateRouteReq,22162
UpdateRouteReq,25337
UpdateRouteReq,25959
UpdateRouteReq,22462
UpdateRouteReq,25708
UpdateRouteReq,21631
UpdateRouteReq,20408
UpdateRouteReq,21690
UpdateRouteReq,22122
UpdateRouteReq,27371
UpdateRouteReq,21901
UpdateRouteReq,21971
UpdateRouteReq,28543
UpdateRouteReq,25839
UpdateRouteReq,21961
UpdateRouteReq,20869
UpdateRouteReq,21891
UpdateRouteReq,21220
UpdateRouteReq,21050
UpdateRouteReq,31539
UpdateRouteReq,20718
UpdateRouteReq,23084
UpdateRouteReq,26179
UpdateRouteReq,25458
UpdateRouteReq,22552
UpdateRouteReq,21310
UpdateRouteReq,20708
UpdateRouteReq,24606
UpdateRouteReq,21810
UpdateRouteReq,21660
UpdateRouteReq,20899
UpdateRouteReq,23725
UpdateRouteReq,21671
UpdateRouteReq,21600
UpdateRouteReq,20639
UpdateRouteReq,22292
UpdateRouteReq,21049
UpdateRouteReq,23133
UpdateRouteReq,21029
UpdateRouteReq,21230
UpdateRouteReq,21711
UpdateRouteReq,21891
UpdateRouteReq,23464
UpdateRouteReq,24616
UpdateRouteReq,21110
UpdateRouteReq,23334
UpdateRouteReq,22151
UpdateRouteReq,21270
UpdateRouteReq,21931
UpdateRouteReq,28684
UpdateRouteReq,22752
UpdateRouteReq,29035
UpdateRouteReq,26409
UpdateRouteReq,24736
UpdateRouteReq,24435
UpdateRouteReq,24856
UpdateRouteReq,22612
UpdateRouteReq,21971
UpdateRouteReq,21319
UpdateRouteReq,21891
UpdateRouteReq,21370
UpdateRouteReq,23184
UpdateRouteReq,21530
UpdateRouteReq,21891
UpdateRouteReq,21120
UpdateRouteReq,27331
UpdateRouteReq,26159
UpdateRouteReq,26069
UpdateRouteReq,21070
UpdateRouteReq,21751
UpdateRouteReq,20939
UpdateRouteReq,21891
UpdateRouteReq,22001
UpdateRouteReq,20729
UpdateRouteReq,21360
UpdateRouteReq,23244
UpdateRouteReq,22021
UpdateRouteReq,21820
UpdateRouteReq,21420
UpdateRouteReq,21260
UpdateRouteReq,31158
UpdateRouteReq,20699
UpdateRouteReq,25708
UpdateRouteReq,22091
UpdateRouteReq,29305
UpdateRouteReq,34464
UpdateRouteReq,21561
UpdateRouteReq,23274
UpdateRouteReq,21841
UpdateRouteReq,24336
UpdateRouteReq,25568
UpdateRouteReq,22061
UpdateRouteReq,21660
UpdateRouteReq,21480
UpdateRouteReq,26349
UpdateRouteReq,34695
UpdateRouteReq,24927
UpdateRouteReq,20808
UpdateRouteReq,21681
UpdateRouteReq,22902
UpdateRouteReq,24926
UpdateRouteReq,21641
UpdateRouteReq,22762
UpdateRouteReq,22402
UpdateRouteReq,22903
UpdateRouteReq,24997
UpdateRouteReq,24836
UpdateRouteReq,22362
UpdateRouteReq,21911
UpdateRouteReq,22843
UpdateRouteReq,22662
UpdateRouteReq,23113
UpdateRouteReq,24346
UpdateRouteReq,22212
UpdateRouteReq,22011
UpdateRouteReq,22472
UpdateRouteReq,21591
UpdateRouteReq,21640
UpdateRouteReq,21450
UpdateRouteReq,22552
UpdateRouteReq,21931
UpdateRouteReq,27181
UpdateRouteReq,25788
UpdateRouteReq,24065
UpdateRouteReq,21951
UpdateRouteReq,21120
UpdateRouteReq,44213
UpdateRouteReq,38231
UpdateRouteReq,23705
UpdateRouteReq,23844
UpdateRouteReq,24045
UpdateRouteReq,21129
UpdateRouteReq,22552
UpdateRouteReq,25718
UpdateRouteReq,25217
UpdateRouteReq,23353
UpdateRouteReq,23674
UpdateRouteReq,33993
UpdateRouteReq,25718
UpdateRouteReq,23524
UpdateRouteReq,22662
UpdateRouteReq,31740
UpdateRouteReq,23864
UpdateRouteReq,22252
UpdateRouteReq,22281
UpdateRouteReq,20418
UpdateRouteReq,28193
UpdateRouteReq,21360
UpdateRouteReq,24085
UpdateRouteReq,207628
UpdateRouteReq,188572
UpdateRouteReq,135022
UpdateRouteReq,113332
UpdateRouteReq,24395
UpdateRouteReq,22442
UpdateRouteReq,25147
UpdateRouteReq,22322
UpdateRouteReq,21981
UpdateRouteReq,20959
UpdateRouteReq,32430
UpdateRouteReq,29405
UpdateRouteReq,26480
UpdateRouteReq,25769
UpdateRouteReq,25458
UpdateRouteReq,21961
UpdateRouteReq,25307
UpdateRouteReq,22552
UpdateRouteReq,22041
UpdateRouteReq,30107
UpdateRouteReq,23755
UpdateRouteReq,21962
UpdateRouteReq,21811
UpdateRouteReq,21300
UpdateRouteReq,22813
UpdateRouteReq,22602
UpdateRouteReq,22021
UpdateRouteReq,21490
UpdateRouteReq,22302
UpdateRouteReq,21299
UpdateRouteReq,21710
UpdateRouteReq,23685
UpdateRouteReq,22622
UpdateRouteReq,20989
UpdateRouteReq,23053
UpdateRouteReq,26941
UpdateRouteReq,34174
UpdateRouteReq,23935
UpdateRouteReq,27972
UpdateRouteReq,27992
UpdateRouteReq,25288
UpdateRouteReq,23183
UpdateRouteReq,21870
UpdateRouteReq,24817
UpdateRouteReq,23304
UpdateRouteReq,23334
UpdateRouteReq,23804
UpdateRouteReq,21711
UpdateRouteReq,21751
UpdateRouteReq,20718
UpdateRouteReq,30798
UpdateRouteReq,22812
UpdateRouteReq,23034
UpdateRouteReq,22552
UpdateRouteReq,21771
UpdateRouteReq,29214
UpdateRouteReq,29204
UpdateRouteReq,27231
UpdateRouteReq,22171
UpdateRouteReq,26830
UpdateRouteReq,25487
UpdateRouteReq,25718
UpdateRouteReq,22833
UpdateRouteReq,21090
UpdateRouteReq,27812
UpdateRouteReq,28874
UpdateRouteReq,26299
UpdateRouteReq,24616
UpdateRouteReq,24125
UpdateRouteReq,22522
UpdateRouteReq,22261
UpdateRouteReq,20969
UpdateRouteReq,22181
UpdateRouteReq,22102
UpdateRouteReq,21831
UpdateRouteReq,34534
UpdateRouteReq,19005
UpdateRouteReq,21760
UpdateRouteReq,41077
UpdateRouteReq,28984
UpdateRouteReq,44633
UpdateRouteReq,27642
UpdateRouteReq,26349
UpdateRouteReq,23624
UpdateRouteReq,21350
UpdateRouteReq,22833
UpdateRouteReq,26300
UpdateRouteReq,24906
UpdateRouteReq,39954
UpdateRouteReq,24747
UpdateRouteReq,22181
UpdateRouteReq,25367
UpdateRouteReq,25487
UpdateRouteReq,22462
UpdateRouteReq,21861
UpdateRouteReq,25809
UpdateRouteReq,21159
UpdateRouteReq,21641
UpdateRouteReq,24656
UpdateRouteReq,21190
UpdateRouteReq,20979
UpdateRouteReq,25358
UpdateRouteReq,22392
UpdateRouteReq,21189
UpdateRouteReq,22411
UpdateRouteReq,21320
UpdateRouteReq,24285
UpdateRouteReq,24646
UpdateRouteReq,21771
UpdateRouteReq,22081
UpdateRouteReq,21530
UpdateRouteReq,21841
UpdateRouteReq,21800
UpdateRouteReq,21290
UpdateRouteReq,21821
UpdateRouteReq,21050
UpdateRouteReq,22432
UpdateRouteReq,21099
UpdateRouteReq,23144
UpdateRouteReq,37100
UpdateRouteReq,19186
UpdateRouteReq,21390
UpdateRouteReq,25508
UpdateRouteReq,25067
UpdateRouteReq,26770
UpdateRouteReq,21901
UpdateRouteReq,20519
UpdateRouteReq,24536
UpdateRouteReq,21651
UpdateRouteReq,21320
UpdateRouteReq,21160
UpdateRouteReq,22091
UpdateRouteReq,25317
UpdateRouteReq,26840
UpdateRouteReq,74880
UpdateRouteReq,49923
UpdateRouteReq,26019
UpdateRouteReq,29956
UpdateRouteReq,24796
UpdateRouteReq,23083
UpdateRouteReq,27371
UpdateRouteReq,24727
UpdateRouteReq,28373
UpdateRouteReq,25187
UpdateRouteReq,24296
UpdateRouteReq,23494
UpdateRouteReq,22412
UpdateRouteReq,20348
UpdateRouteReq,31709
UpdateRouteReq,23654
UpdateRouteReq,19707
UpdateRouteReq,19727
UpdateRouteReq,21650
UpdateRouteReq,18815
UpdateRouteReq,20529
UpdateRouteReq,20088
UpdateRouteReq,19777
UpdateRouteReq,19256
UpdateRouteReq,19827
UpdateRouteReq,18114
UpdateRouteReq,17202
UpdateRouteReq,17924
UpdateRouteReq,17513
UpdateRouteReq,17353
UpdateRouteReq,16992
UpdateRouteReq,18054
UpdateRouteReq,17403
UpdateRouteReq,22121
UpdateRouteReq,17413
UpdateRouteReq,22452
UpdateRouteReq,17633
UpdateRouteReq,18093
UpdateRouteReq,17403
UpdateRouteReq,19396
UpdateRouteReq,19026
UpdateRouteReq,20007
UpdateRouteReq,17102
UpdateRouteReq,16531
UpdateRouteReq,24746
UpdateRouteReq,17603
UpdateRouteReq,17833
UpdateRouteReq,20548
UpdateRouteReq,19356
UpdateRouteReq,20188
UpdateRouteReq,19567
UpdateRouteReq,19526
UpdateRouteReq,18715
UpdateRouteReq,19136
UpdateRouteReq,18564
UpdateRouteReq,16881
UpdateRouteReq,17152
UpdateRouteReq,17072
UpdateRouteReq,55384
UpdateRouteReq,30778
UpdateRouteReq,31068
UpdateRouteReq,29114
UpdateRouteReq,26931
UpdateRouteReq,27271
UpdateRouteReq,43501
UpdateRouteReq,26850
UpdateRouteReq,24526
UpdateRouteReq,23233
UpdateRouteReq,27221
UpdateRouteReq,30668
UpdateRouteReq,27862
UpdateRouteReq,26429
UpdateRouteReq,23174
UpdateRouteReq,26369
UpdateRouteReq,23213
UpdateRouteReq,26119
UpdateRouteReq,25117
UpdateRouteReq,53240
UpdateRouteReq,42880
UpdateRouteReq,21260
UpdateRouteReq,30667
UpdateRouteReq,22342
UpdateRouteReq,22111
UpdateRouteReq,21621
UpdateRouteReq,25959
UpdateRouteReq,24586
UpdateRouteReq,27682
UpdateRouteReq,21681
UpdateRouteReq,21390
UpdateRouteReq,20969
UpdateRouteReq,25177
UpdateRouteReq,25077
UpdateRouteReq,24857
UpdateRouteReq,22221
UpdateRouteReq,20748
UpdateRouteReq,24336
UpdateRouteReq,21660
UpdateRouteReq,24466
UpdateRouteReq,23464
UpdateRouteReq,24917
UpdateRouteReq,25097
UpdateRouteReq,24826
UpdateRouteReq,34204
UpdateRouteReq,22041
UpdateRouteReq,22292
UpdateRouteReq,21440
UpdateRouteReq,22372
UpdateRouteReq,21250
UpdateRouteReq,23875
UpdateRouteReq,25889
UpdateRouteReq,21671
UpdateRouteReq,324276
UpdateRouteReq,52017
UpdateRouteReq,75020
UpdateRouteReq,72235
UpdateRouteReq,64832
UpdateRouteReq,58008
UpdateRouteReq,23304
UpdateRouteReq,21320
UpdateRouteReq,21531
UpdateRouteReq,24366
UpdateRouteReq,19647
UpdateRouteReq,18635
UpdateRouteReq,22332
UpdateRouteReq,22643
UpdateRouteReq,21431
UpdateRouteReq,20799
UpdateRouteReq,28253
UpdateRouteReq,20448
UpdateRouteReq,37420
UpdateRouteReq,21861
UpdateRouteReq,20318
UpdateRouteReq,21239
UpdateRouteReq,18003
UpdateRouteReq,20378
UpdateRouteReq,22692
UpdateRouteReq,19306
UpdateRouteReq,31749
UpdateRouteReq,29736
UpdateRouteReq,17903
UpdateRouteReq,21140
UpdateRouteReq,17472
UpdateRouteReq,17132
UpdateRouteReq,27401
UpdateRouteReq,18905
UpdateRouteReq,16090
UpdateRouteReq,18765
UpdateRouteReq,18494
UpdateRouteReq,17052
UpdateRouteReq,16571
UpdateRouteReq,18704
UpdateRouteReq,19677
UpdateRouteReq,19256
UpdateRouteReq,19686
UpdateRouteReq,17502
UpdateRouteReq,16812
UpdateRouteReq,16891
UpdateRouteReq,16631
UpdateRouteReq,19917
UpdateRouteReq,18224
UpdateRouteReq,17292
UpdateRouteReq,16291
UpdateRouteReq,19526
UpdateRouteReq,18595
UpdateRouteReq,18134
UpdateRouteReq,17754
UpdateRouteReq,17964
UpdateRouteReq,18335
UpdateRouteReq,18945
UpdateRouteReq,19427
UpdateRouteReq,20759
UpdateRouteReq,22693
UpdateRouteReq,18455
UpdateRouteReq,18334
UpdateRouteReq,25588
UpdateRouteReq,18275
UpdateRouteReq,21931
UpdateRouteReq,18224
UpdateRouteReq,21921
UpdateRouteReq,20228
UpdateRouteReq,19656
UpdateRouteReq,18775
UpdateRouteReq,21951
UpdateRouteReq,22352
UpdateRouteReq,17873
UpdateRouteReq,17743
UpdateRouteReq,23845
UpdateRouteReq,18154
UpdateRouteReq,17052
UpdateRouteReq,21821
UpdateRouteReq,19857
UpdateRouteReq,20979
UpdateRouteReq,22993
UpdateRouteReq,18014
UpdateRouteReq,18274
UpdateRouteReq,31970
UpdateRouteReq,36188
UpdateRouteReq,24186
UpdateRouteReq,18444
UpdateRouteReq,21580
UpdateRouteReq,20929
UpdateRouteReq,19286
UpdateRouteReq,19506
UpdateRouteReq,17864
UpdateRouteReq,22352
UpdateRouteReq,18836
UpdateRouteReq,18685
UpdateRouteReq,19045
UpdateRouteReq,18906
UpdateRouteReq,18635
UpdateRouteReq,19667
UpdateRouteReq,19006
UpdateRouteReq,19506
UpdateRouteReq,21139
UpdateRouteReq,17443
UpdateRouteReq,17263
UpdateRouteReq,17824
UpdateRouteReq,21069
UpdateRouteReq,20077
UpdateRouteReq,20629
UpdateRouteReq,19888
UpdateRouteReq,20068
UpdateRouteReq,20158
UpdateRouteReq,17533
UpdateRouteReq,19337
UpdateRouteReq,20248
UpdateRouteReq,17312
UpdateRouteReq,17402
UpdateRouteReq,17813
UpdateRouteReq,17172
UpdateRouteReq,20989
UpdateRouteReq,20739
UpdateRouteReq,17493
UpdateRouteReq,16961
UpdateRouteReq,17753
UpdateRouteReq,21761
UpdateRouteReq,20638
UpdateRouteReq,20117
UpdateRouteReq,20087
UpdateRouteReq,19828
UpdateRouteReq,20969
UpdateRouteReq,19397
UpdateRouteReq,18685
UpdateRouteReq,20899
UpdateRouteReq,18845
UpdateRouteReq,18554
UpdateRouteReq,23995
UpdateRouteReq,18866
UpdateRouteReq,16801
UpdateRouteReq,20688
UpdateRouteReq,19697
UpdateRouteReq,20358
UpdateRouteReq,20779
UpdateRouteReq,17433
UpdateRouteReq,17292
UpdateRouteReq,17783
UpdateRouteReq,17142
UpdateRouteReq,19036
UpdateRouteReq,19617
UpdateRouteReq,20869
UpdateRouteReq,20849
UpdateRouteReq,19667
UpdateRouteReq,19005
UpdateRouteReq,19347
UpdateRouteReq,19206
UpdateRouteReq,17563
UpdateRouteReq,17252
UpdateRouteReq,21430
UpdateRouteReq,16921
UpdateRouteReq,17062
UpdateRouteReq,20588
UpdateRouteReq,20608
UpdateRouteReq,19446
UpdateRouteReq,21410
UpdateRouteReq,18595
UpdateRouteReq,17463
UpdateRouteReq,18785
UpdateRouteReq,16702
UpdateRouteReq,20118
UpdateRouteReq,19857
UpdateRouteReq,20268
UpdateRouteReq,20298
UpdateRouteReq,20889
UpdateRouteReq,18765
UpdateRouteReq,18955
UpdateRouteReq,18314
UpdateRouteReq,17453
UpdateRouteReq,18926
UpdateRouteReq,20078
UpdateRouteReq,19466
UpdateRouteReq,19276
UpdateRouteReq,19627
UpdateRouteReq,19576
UpdateRouteReq,18194
UpdateRouteReq,21109
UpdateRouteReq,16902
UpdateRouteReq,23203
UpdateRouteReq,17573
UpdateRouteReq,20769
UpdateRouteReq,17042
UpdateRouteReq,19507
UpdateRouteReq,16882
UpdateRouteReq,17503
UpdateRouteReq,17122
UpdateRouteReq,17473
UpdateRouteReq,20278
UpdateRouteReq,17403
UpdateRouteReq,17723
UpdateRouteReq,17873
UpdateRouteReq,16942
UpdateRouteReq,17783
UpdateRouteReq,17082
UpdateRouteReq,23434
UpdateRouteReq,18264
UpdateRouteReq,21640
UpdateRouteReq,17854
UpdateRouteReq,19537
UpdateRouteReq,19356
UpdateRouteReq,20628
UpdateRouteReq,19467
UpdateRouteReq,19115
UpdateRouteReq,16922
UpdateRouteReq,16410
UpdateRouteReq,18906
UpdateRouteReq,17122
UpdateRouteReq,17562
UpdateRouteReq,16772
UpdateRouteReq,19797
UpdateRouteReq,17803
UpdateRouteReq,17783
UpdateRouteReq,19306
UpdateRouteReq,17212
UpdateRouteReq,17703
UpdateRouteReq,20418
UpdateRouteReq,19036
UpdateRouteReq,19146
UpdateRouteReq,20668
UpdateRouteReq,18134
UpdateRouteReq,17613
UpdateRouteReq,17322
UpdateRouteReq,17092
UpdateRouteReq,19246
UpdateRouteReq,17292
UpdateRouteReq,17302
UpdateRouteReq,17503
UpdateRouteReq,18955
UpdateRouteReq,19206
UpdateRouteReq,18154
UpdateRouteReq,19857
UpdateRouteReq,18374
UpdateRouteReq,17453
UpdateRouteReq,16802
UpdateRouteReq,17122
UpdateRouteReq,16812
UpdateRouteReq,17453
UpdateRouteReq,16030
UpdateRouteReq,24536
UpdateRouteReq,17112
UpdateRouteReq,17353
UpdateRouteReq,17794
UpdateRouteReq,18966
UpdateRouteReq,47448
UpdateRouteReq,24516
UpdateRouteReq,18304
UpdateRouteReq,19266
UpdateRouteReq,18625
UpdateRouteReq,26459
UpdateRouteReq,20067
UpdateRouteReq,19096
UpdateRouteReq,18815
UpdateRouteReq,17383
UpdateRouteReq,17452
UpdateRouteReq,21511
UpdateRouteReq,17253
UpdateRouteReq,17192
UpdateRouteReq,20038
UpdateRouteReq,19356
UpdateRouteReq,20017
UpdateRouteReq,19686
UpdateRouteReq,17803
UpdateRouteReq,18134
UpdateRouteReq,18093
UpdateRouteReq,16861
UpdateRouteReq,17563
UpdateRouteReq,20578
UpdateRouteReq,22813
UpdateRouteReq,17383
UpdateRouteReq,19195
UpdateRouteReq,16831
UpdateRouteReq,16060
UpdateRouteReq,19687
UpdateRouteReq,29575
UpdateRouteReq,27451
UpdateRouteReq,20849
UpdateRouteReq,18234
UpdateRouteReq,23344
UpdateRouteReq,25668
UpdateRouteReq,21440
UpdateRouteReq,20227
UpdateRouteReq,22352
UpdateRouteReq,18425
UpdateRouteReq,16962
UpdateRouteReq,23805
UpdateRouteReq,17212
UpdateRouteReq,17873
UpdateRouteReq,16170
UpdateRouteReq,17372
UpdateRouteReq,19958
UpdateRouteReq,17062
UpdateRouteReq,17173
UpdateRouteReq,17282
UpdateRouteReq,17463
UpdateRouteReq,16641
UpdateRouteReq,17142
UpdateRouteReq,16490
UpdateRouteReq,16962
UpdateRouteReq,17503
UpdateRouteReq,19927
UpdateRouteReq,16251
UpdateRouteReq,16661
UpdateRouteReq,16310
UpdateRouteReq,16360
UpdateRouteReq,17362
UpdateRouteReq,22743
UpdateRouteReq,19537
UpdateRouteReq,19526
UpdateRouteReq,16761
UpdateRouteReq,17102
UpdateRouteReq,34745
UpdateRouteReq,26069
UpdateRouteReq,19086
UpdateRouteReq,33633
UpdateRouteReq,24295
UpdateRouteReq,17061
UpdateRouteReq,17413
UpdateRouteReq,18144
UpdateRouteReq,31759
UpdateRouteReq,21350
UpdateRouteReq,26750
UpdateRouteReq,19797
UpdateRouteReq,19115
UpdateRouteReq,16480
UpdateRouteReq,16271
UpdateRouteReq,26179
UpdateRouteReq,17082
UpdateRouteReq,16360
UpdateRouteReq,16721
UpdateRouteReq,16491
UpdateRouteReq,15689
UpdateRouteReq,16631
UpdateRouteReq,18314
UpdateRouteReq,16411
UpdateRouteReq,16641
UpdateRouteReq,16420
UpdateRouteReq,21170
UpdateRouteReq,18224
UpdateRouteReq,34795
UpdateRouteReq,39414
UpdateRouteReq,18614
UpdateRouteReq,17091
UpdateRouteReq,17543
UpdateRouteReq,20207
UpdateRouteReq,16812
UpdateRouteReq,19036
UpdateRouteReq,17062
UpdateRouteReq,17162
UpdateRouteReq,16431
UpdateRouteReq,15900
UpdateRouteReq,41958
UpdateRouteReq,51907
UpdateRouteReq,35416
UpdateRouteReq,46828
UpdateRouteReq,32010
UpdateRouteReq,28634
UpdateRouteReq,28954
UpdateRouteReq,26480
UpdateRouteReq,23614
UpdateRouteReq,31860
UpdateRouteReq,22512
UpdateRouteReq,23845
UpdateRouteReq,35456
UpdateRouteReq,27702
UpdateRouteReq,22983
UpdateRouteReq,30307
UpdateRouteReq,17313
UpdateRouteReq,39113
UpdateRouteReq,32961
UpdateRouteReq,44183
UpdateRouteReq,22051
UpdateRouteReq,38843
UpdateRouteReq,26359
UpdateRouteReq,24876
UpdateRouteReq,22683
UpdateRouteReq,34093
UpdateRouteReq,21090
UpdateRouteReq,21561
UpdateRouteReq,23063
UpdateRouteReq,23774
UpdateRouteReq,28513
UpdateRouteReq,25397
UpdateRouteReq,24766
UpdateRouteReq,25417
UpdateRouteReq,21420
UpdateRouteReq,23975
UpdateRouteReq,32681
UpdateRouteReq,17202
UpdateRouteReq,21870
UpdateRouteReq,34124
UpdateRouteReq,42660
UpdateRouteReq,24185
UpdateRouteReq,27471
UpdateRouteReq,33453
UpdateRouteReq,21470
UpdateRouteReq,27281
UpdateRouteReq,18835
UpdateRouteReq,20399
UpdateRouteReq,42891
UpdateRouteReq,25889
UpdateRouteReq,25878
UpdateRouteReq,31339
UpdateRouteReq,18013
UpdateRouteReq,38211
UpdateRouteReq,28033
UpdateRouteReq,17433
UpdateRouteReq,21730
UpdateRouteReq,19036
UpdateRouteReq,18044
UpdateRouteReq,17152
UpdateRouteReq,26369
UpdateRouteReq,13135
UpdateRouteReq,23924
UpdateRouteReq,23805
UpdateRouteReq,16561
UpdateRouteReq,18855
UpdateRouteReq,16832
UpdateRouteReq,17242
UpdateRouteReq,27592
UpdateRouteReq,25237
UpdateRouteReq,18264
UpdateRouteReq,21360
UpdateRouteReq,27942
UpdateRouteReq,35417
UpdateRouteReq,17793
UpdateRouteReq,20379
UpdateRouteReq,17323
UpdateRouteReq,17993
UpdateRouteReq,18485
UpdateRouteReq,26029
UpdateRouteReq,40867
UpdateRouteReq,30508
UpdateRouteReq,23554
UpdateRouteReq,25749
UpdateRouteReq,19626
UpdateRouteReq,17001
UpdateRouteReq,16020
UpdateRouteReq,27943
UpdateRouteReq,19807
UpdateRouteReq,19827
UpdateRouteReq,22933
UpdateRouteReq,31289
UpdateRouteReq,17302
UpdateRouteReq,18385
UpdateRouteReq,15850
UpdateRouteReq,19326
UpdateRouteReq,38212
UpdateRouteReq,20559
UpdateRouteReq,18284
UpdateRouteReq,16401
UpdateRouteReq,16210
UpdateRouteReq,39924
UpdateRouteReq,33092
UpdateRouteReq,24867
UpdateRouteReq,16972
UpdateRouteReq,18124
UpdateRouteReq,21060
UpdateRouteReq,17983
UpdateRouteReq,17863
UpdateRouteReq,19166
UpdateRouteReq,19797
UpdateRouteReq,36088
UpdateRouteReq,23123
UpdateRouteReq,18735
UpdateRouteReq,19105
UpdateRouteReq,15939
UpdateRouteReq,20278
UpdateRouteReq,19877
UpdateRouteReq,17883
UpdateRouteReq,16571
UpdateRouteReq,19577
UpdateRouteReq,17713
UpdateRouteReq,21280
UpdateRouteReq,18955
UpdateRouteReq,16341
UpdateRouteReq,17162
UpdateRouteReq,23744
UpdateRouteReq,16681
UpdateRouteReq,18945
UpdateRouteReq,28734
UpdateRouteReq,20398
UpdateRouteReq,19195
UpdateRouteReq,19837
UpdateRouteReq,17332
UpdateRouteReq,17012
UpdateRouteReq,19867
UpdateRouteReq,17362
UpdateRouteReq,16581
UpdateRouteReq,21861
UpdateRouteReq,17062
UpdateRouteReq,17253
UpdateRouteReq,21730
UpdateRouteReq,15870
UpdateRouteReq,16711
UpdateRouteReq,17903
UpdateRouteReq,19216
UpdateRouteReq,19096
UpdateRouteReq,26850
UpdateRouteReq,20498
UpdateRouteReq,20739
UpdateRouteReq,16832
UpdateRouteReq,17713
UpdateRouteReq,93815
UpdateRouteReq,122058
UpdateRouteReq,158706
UpdateRouteReq,192450
UpdateRouteReq,230311
UpdateRouteReq,265307
UpdateRouteReq,307946
UpdateRouteReq,334325
UpdateRouteReq,331350
UpdateRouteReq,328024
UpdateRouteReq,322393
UpdateRouteReq,318185
UpdateRouteReq,314388
UpdateRouteReq,310191
UpdateRouteReq,308977
UpdateRouteReq,307826
UpdateRouteReq,307014
UpdateRouteReq,302917
UpdateRouteReq,301063
UpdateRouteReq,300362
UpdateRouteReq,295303
UpdateRouteReq,292727
UpdateRouteReq,285313
UpdateRouteReq,278060
UpdateRouteReq,27742
UpdateRouteReq,27912
UpdateRouteReq,36358
UpdateRouteReq,73358
FindNodeReq,83907
FindNodeReq,81111
FindNodeReq,76563
UpdateRouteReq,27452
FindNodeRsp,54412
UpdateRouteReq,80221
FindNodeReq,347009
FindNodeReq,107050
FindNodeReq,40335
FindNodeReq,44273
UpdateRouteReq,24045
UpdateRouteReq,34414
FindNodeReq,91210
FindNodeReq,45775
FindNodeReq,41127
FindNodeReq,40436
UpdateRouteReq,24977
FindNodeRsp,47118
UpdateRouteReq,23124
FindNodeReq,73808
FindNodeReq,45506
FindNodeReq,42178
FindNodeReq,75401
UpdateRouteReq,25738
FindNodeRsp,48080
UpdateRouteReq,31118
FindNodeReq,51847
FindNodeReq,33493
FindNodeReq,30337
UpdateRouteReq,17643
UpdateRouteReq,42379
FindNodeReq,83286
FindNodeReq,41798
FindNodeReq,34795
UpdateRouteReq,26991
FindNodeRsp,62507
UpdateRouteReq,158696
FindNodeReq,76133
FindNodeRsp,39574
FindNodeReq,87604
FindNodeReq,43832
FindNodeReq,41117
FindNodeReq,40616
UpdateRouteReq,26189
FindNodeRsp,58089
UpdateRouteReq,33353
FindNodeReq,76704
FindNodeReq,69940
FindNodeReq,66695
FindNodeReq,51115
FindNodeReq,49853
FindNodeReq,50465
UpdateRouteReq,36789
FindNodeRsp,53279
UpdateRouteReq,37711
FindNodeReq,64822
UpdateRouteReq,33714
UpdateRouteReq,30707
FindNodeReq,94687
FindNodeReq,75732
FindNodeReq,44884
FindNodeReq,42149
FindNodeReq,40977
UpdateRouteReq,21921
UpdateRouteReq,32220
FindNodeReq,74109
FindNodeReq,71273
FindNodeReq,45445
FindNodeReq,41668
FindNodeReq,42119
UpdateRouteReq,20678
FindNodeRsp,49032
UpdateRouteReq,24987
FindNodeReq,89057
FindNodeReq,44403
FindNodeReq,42380
FindNodeReq,41808
UpdateRouteReq,24887
UpdateRouteReq,31008
FindNodeReq,97012
FindNodeReq,49573
FindNodeReq,42830
FindNodeReq,41036
UpdateRouteReq,24756
UpdateRouteReq,28713
FindNodeReq,89397
FindNodeReq,87283
FindNodeReq,61154
FindNodeReq,31069
FindNodeReq,28093
FindNodeReq,25258
UpdateRouteReq,15950
UpdateRouteReq,108623
FindNodeReq,137778
FindNodeReq,205805
FindNodeRsp,28193
FindNodeReq,62637
FindNodeReq,31359
FindNodeReq,28524
UpdateRouteReq,17693
UpdateRouteReq,27572
UpdateRouteReq,36558
FindNodeRsp,38352
UpdateRouteReq,13295
FindNodeReq,73457
FindNodeRsp,28153
FindNodeReq,62527
FindNodeReq,30747
FindNodeReq,29024
FindNodeReq,26179
UpdateRouteReq,14718
FindNodeRsp,31218
UpdateRouteReq,17472
FindNodeRsp,48702
FindNodeReq,75902
FindNodeReq,71033
FindNodeReq,80430
FindNodeReq,52088
FindNodeReq,50384
FindNodeReq,52799
UpdateRouteReq,34755
FindNodeRsp,60563
UpdateRouteReq,44142
FindNodeReq,68818
FindNodeReq,65202
FindNodeReq,50244
FindNodeReq,49412
FindNodeReq,48691
UpdateRouteReq,36188
UpdateRouteReq,44863
FindNodeReq,87464
FindNodeRsp,41107
FindNodeReq,83366
FindNodeRsp,46778
FindNodeReq,66905
FindNodeReq,50194
FindNodeReq,49342
UpdateRouteReq,35576
UpdateRouteReq,47168
FindNodeReq,79749
FindNodeReq,70131
FindNodeReq,50665
FindNodeReq,49192
UpdateRouteReq,33102
FindNodeRsp,59621
UpdateRouteReq,44733
FindNodeReq,84598
FindNodeReq,71133
FindNodeRsp,38983
FindNodeReq,86742
FindNodeReq,42370
FindNodeReq,38643
FindNodeReq,36959
UpdateRouteReq,22272
UpdateRouteReq,44383
FindNodeReq,92333
FindNodeReq,71123
FindNodeRsp,49072
PathSetupReq,36238
FindNodeRsp,21140
FindNodeReq,82183
FindNodeReq,104055
FindNodeReq,68729
FindNodeReq,41227
FindNodeReq,38371
FindNodeReq,37450
UpdateRouteReq,22983
FindNodeRsp,50003
UpdateRouteReq,32761
FindNodeReq,69229
FindNodeReq,28804
FindNodeReq,26409
FindNodeReq,25217
UpdateRouteReq,16971
UpdateRouteReq,44153
FindNodeReq,92974
FindNodeReq,47309
FindNodeReq,38582
FindNodeReq,37030
UpdateRouteReq,23995
UpdateRouteReq,34605
FindNodeReq,98113
FindNodeReq,54111
FindNodeReq,52599
UpdateRouteReq,26991
UpdateRouteReq,35997
FindNodeReq,97112
FindNodeReq,53270
FindNodeReq,50865
FindNodeReq,45595
UpdateRouteReq,24646
UpdateRouteReq,39444
FindNodeRsp,41768
FindNodeReq,107782
FindNodeReq,102442
FindNodeReq,96300
FindNodeRsp,43511
FindNodeReq,93435
FindNodeReq,43732
FindNodeReq,40075
FindNodeReq,39664
UpdateRouteReq,28223
FindNodeRsp,61094
UpdateRouteReq,41027
FindNodeReq,78457
FindNodeReq,78116
FindNodeReq,51667
FindNodeReq,49333
UpdateRouteReq,34024
UpdateRouteReq,38993
FindNodeReq,86131
FindNodeReq,82724
FindNodeReq,51316
FindNodeReq,50334
FindNodeReq,50264
UpdateRouteReq,34435
PNHello,61836
PNDiscRsp,48050
UpdateRouteReq,253915
FindNodeRsp,35927
FindNodeRsp,48100
FindNodeReq,77315
FindNodeReq,51897
FindNodeReq,49252
FindNodeReq,49032
UpdateRouteReq,33382
FindNodeRsp,54873
UpdateRouteReq,25998
FindNodeReq,66835
FindNodeReq,66835
FindNodeRsp,39895
FindNodeReq,87092
FindNodeReq,43131
FindNodeReq,39134
FindNodeReq,38152
UpdateRouteReq,21571
FindNodeRsp,54091
UpdateRouteReq,31789
FindNodeReq,104896
FindNodeReq,45125
FindNodeReq,40385
UpdateRouteReq,23544
FindNodeRsp,53490
UpdateRouteReq,38181
FindNodeReq,92573
FindNodeRsp,44152
FindNodeReq,114845
FindNodeReq,95729
FindNodeReq,52418
FindNodeReq,50374
FindNodeReq,43942
UpdateRouteReq,22382
UpdateRouteReq,29466
FindNodeReq,71744
FindNodeReq,44904
FindNodeRsp,27321
FindNodeReq,69310
FindNodeReq,66414
FindNodeReq,35076
FindNodeReq,30717
FindNodeReq,29426
UpdateRouteReq,16691
FindNodeRsp,41488
UpdateRouteReq,20458
FindNodeRsp,32331
FindNodeReq,91942
FindNodeReq,46797
FindNodeRsp,32070
FindNodeReq,99456
FindNodeReq,77074
FindNodeReq,31850
FindNodeReq,35477
FindNodeReq,29756
UpdateRouteReq,17833
UpdateRouteReq,26369
FindNodeReq,56025
FindNodeRsp,38772
FindNodeRsp,25648
FindNodeReq,75822
FindNodeRsp,42279
FindNodeReq,84768
FindNodeReq,68458
FindNodeReq,31499
FindNodeReq,29976
UpdateRouteReq,17403
UpdateRouteReq,26349
FindNodeReq,46748
FindNodeReq,50695
FindNodeReq,75581
FindNodeReq,84919
FindNodeRsp,32782
FindNodeReq,68228
FindNodeRsp,32531
FindNodeRsp,31890
FindNodeRsp,30918
FindNodeReq,64511
FindNodeReq,33383
FindNodeReq,30127
FindNodeReq,29165
UpdateRouteReq,17152
UpdateRouteReq,23724
FindNodeReq,68488
FindNodeReq,31980
FindNodeReq,29785
FindNodeReq,29234
UpdateRouteReq,17874
FindNodeRsp,34465
UpdateRouteReq,20499
FindNodeReq,56165
FindNodeReq,51867
FindNodeReq,37210
FindNodeReq,30267
FindNodeReq,29575
UpdateRouteReq,16471
FindNodeRsp,37941
UpdateRouteReq,23163
FindNodeReq,55934
FindNodeRsp,28223
FindNodeRsp,31649
FindNodeReq,68788
FindNodeReq,91692
FindNodeReq,45124
FindNodeReq,41398
FindNodeReq,40095
UpdateRouteReq,23273
FindNodeRsp,42028
UpdateRouteReq,19998
FindNodeReq,109675
FindNodeRsp,37701
FindNodeReq,109836
FindNodeReq,112421
FindNodeRsp,42048
FindNodeReq,185236
FindNodeReq,45315
FindNodeReq,41007
FindNodeReq,40486
UpdateRouteReq,22572
FindNodeRsp,49793
UpdateRouteReq,35426
FindNodeReq,247684
FindNodeReq,45795
FindNodeReq,39003
FindNodeReq,38372
UpdateRouteReq,22021
UpdateRouteReq,65152
FindNodeRsp,43421
FindNodeReq,93335
FindNodeReq,109264
FindNodeRsp,37911
FindNodeRsp,35467
FindNodeReq,117099
FindNodeReq,43451
FindNodeReq,39334
FindNodeReq,38622
UpdateRouteReq,22853
UpdateRouteReq,38372
FindNodeRsp,43542
PathSetupReq,48080
FindNodeReq,72916
FindNodeRsp,42399
FindNodeRsp,40897
FindNodeReq,84277
FindNodeRsp,43531
FindNodeReq,76493
FindNodeReq,74560
FindNodeReq,99035
FindNodeRsp,42359
FindNodeReq,107351
FindNodeReq,82114
FindNodeRsp,34945
FindNodeRsp,36759
FindNodeReq,85530
FindNodeReq,81873
FindNodeReq,55474
FindNodeReq,52177
UpdateRouteReq,26539
UpdateRouteReq,40205
FindNodeRsp,41958
FindNodeRsp,50976
FindNodeReq,95969
FindNodeReq,81102
FindNodeReq,244898
FindNodeReq,47118
FindNodeReq,42309
FindNodeReq,41207
UpdateRouteReq,27432
FindNodeRsp,45976
UpdateRouteReq,42860
FindNodeRsp,37089
FindNodeReq,52788
FindNodeReq,87704
FindNodeRsp,38973
FindNodeReq,73087
FindNodeReq,45104
FindNodeReq,43281
FindNodeReq,40526
UpdateRouteReq,49553
UpdateRouteReq,33082
FindNodeRsp,41848
FindNodeReq,67406
FindNodeRsp,36438
FindNodeReq,96330
FindNodeReq,91021
FindNodeReq,45866
FindNodeReq,41658
FindNodeReq,40365
UpdateRouteReq,24656
FindNodeRsp,50555
UpdateRouteReq,42610
FindNodeRsp,37490
FindNodeReq,95719
FindNodeRsp,37230
FindNodeReq,123210
FindNodeReq,47800
FindNodeReq,37490
FindNodeReq,41598
UpdateRouteReq,23444
FindNodeRsp,46447
UpdateRouteReq,38131
FindNodeRsp,46497
FindNodeReq,76974
PNDiscReq,97312
PathSetupReq,22162
QueryRouteRsp,100027
QueryRouteReq,122008
PathSetupReq,225171
UpdateRouteReq,176059
QueryRouteRsp,40015
QueryRouteReq,42169
PathSetupReq,19066
UpdateRouteReq,26740
UpdateRouteReq,23734
PathSetupReq,18895
FindNodeReq,147656
FindNodeRsp,50515
FindNodeReq,98915
UpdateRouteReq,50825
UpdateRouteReq,37109
UpdateRouteReq,35276
UpdateRouteReq,42549
UpdateRouteReq,69209
UpdateRouteReq,34124
FindNodeReq,158917
FindNodeReq,119333
UpdateRouteReq,30938
FindNodeReq,105718
UpdateRouteReq,96561
FindNodeReq,107591
UpdateRouteReq,41417
UpdateRouteReq,29184
UpdateRouteReq,42440
FindNodeRsp,55674
UpdateRouteReq,148487
UpdateRouteReq,62176
UpdateRouteReq,24446
UpdateRouteReq,20389
UpdateRouteReq,20979
FindNodeRsp,55423
FindNodeReq,68148
FindNodeRsp,38242
UpdateRouteReq,18806
UpdateRouteReq,48481
UpdateRouteReq,34464
UpdateRouteReq,39364
UpdateRouteReq,46537
UpdateRouteReq,30387
UpdateRouteReq,50795
UpdateRouteReq,34975
UpdateRouteReq,29775
UpdateRouteReq,44113
UpdateRouteReq,27812
FindNodeReq,103343
FindNodeReq,86201
UpdateRouteReq,157985
UpdateRouteReq,38181
UpdateRouteReq,33903
UpdateRouteReq,48531
FindNodeRsp,56876
FindNodeReq,88325
FindNodeReq,115155
FindNodeReq,99186
FindNodeRsp,62888
FindNodeRsp,33492
UpdateRouteReq,42048
UpdateRouteReq,47208
PNHello,78958
PNDiscRsp,29495
FindNodeRsp,56225
FindNodeRsp,54752
FindNodeReq,117229
UpdateRouteReq,30467
UpdateRouteReq,49091
UpdateRouteReq,34665
UpdateRouteReq,36298
UpdateRouteReq,36418
UpdateRouteReq,44593
FindNodeReq,79608
UpdateRouteReq,32861
FindNodeRsp,49302
UpdateRouteReq,31739
FindNodeRsp,43161
UpdateRouteReq,29926
UpdateRouteReq,29115
FindNodeReq,87304
FindNodeReq,96059
UpdateRouteReq,45976
UpdateRouteReq,27321
FindNodeReq,86121
UpdateRouteReq,99496
UpdateRouteReq,29084
UpdateRouteReq,38923
UpdateRouteReq,54362
FindNodeRsp,51225
FindNodeRsp,53210
UpdateRouteReq,30157
UpdateRouteReq,40886
UpdateRouteReq,25257
UpdateRouteReq,29305
UpdateRouteReq,43862
UpdateRouteReq,94918
UpdateRouteReq,92954
UpdateRouteReq,90099
UpdateRouteReq,31790
FindNodeReq,48000
UpdateRouteReq,29175
FindNodeReq,79308
FindNodeRsp,54422
FindNodeReq,51777
FindNodeReq,57107
FindNodeRsp,38582
FindNodeRsp,50835
UpdateRouteReq,28212
UpdateRouteReq,35225
FindNodeReq,49683
UpdateRouteReq,41488
FindNodeRsp,28994
UpdateRouteReq,24165
FindNodeRsp,29034
UpdateRouteReq,60543
FindNodeRsp,31078
FindNodeReq,65834
Error,69720
Error,35577
Error,37780
Error,18855
UpdateRouteReq,21340
UpdateRouteReq,60353
UpdateRouteReq,35407
UpdateRouteReq,143448
UpdateRouteReq,107752
FindNodeRsp,39374
UpdateRouteReq,25167
PathSetupReq,27321
UpdateRouteReq,58108
UpdateRouteReq,40726
UpdateRouteReq,36328
UpdateRouteReq,42329
UpdateRouteReq,55474
PathSetupReq,25678
PathSetupReq,38232
UpdateRouteReq,33653
FindNodeRsp,38742
PathSetupReq,46637
FindNodeReq,81883
UpdateRouteReq,34214
FindNodeRsp,34584
FindNodeReq,91952
FindNodeReq,61114
FindNodeRsp,35226
FindNodeReq,47739
FindNodeRsp,27231
FindNodeReq,79229
FindNodeRsp,50184
FindNodeReq,62687
UpdateRouteReq,53340
FindNodeReq,36629
PathTeardownReq,14578
PathSetupReq,33492
FindNodeRsp,36298
UpdateRouteReq,33873
UpdateRouteReq,19587
UpdateRouteReq,105858
UpdateRouteReq,60564
UpdateRouteReq,22372
UpdateRouteReq,18645
UpdateRouteReq,49413
PathSetupReq,22111
UpdateRouteReq,28373
UpdateRouteReq,30086
UpdateRouteReq,37249
FindNodeRsp,45746
FindNodeRsp,53290
FindNodeReq,65542
FindNodeReq,75121
FindNodeReq,69340
FindNodeReq,65693
FindNodeRsp,62948
UpdateRouteReq,74540
UpdateRouteReq,29815
FindNodeReq,54782
FindNodeRsp,52979
UpdateRouteReq,37059
UpdateRouteReq,29926
UpdateRouteReq,39033
UpdateRouteReq,33272
UpdateRouteReq,27972
FindNodeReq,130995
FindNodeRsp,65643
UpdateRouteReq,32931
UpdateRouteReq,209592
UpdateRouteReq,33032
FindNodeRsp,51196
Error,23503
Error,20138
UpdateRouteReq,23184
UpdateRouteReq,29054
UpdateRouteReq,32441
UpdateRouteReq,27331
UpdateRouteReq,25297
UpdateRouteReq,43071
UpdateRouteReq,27552
UpdateRouteReq,16872
FindNodeRsp,31850
FindNodeRsp,22432
FindNodeReq,77154
Error,30577
Error,348462
Error,176611
Error,13114
FindNodeReq,100307
FindNodeRsp,27622
FindNodeReq,95799
FindNodeRsp,33383
FindNodeRsp,37089
Error,29535
Error,114544
Error,14968
Error,35366
Error,34184
Error,33422
Error,33262
Error,16832
Error,12824
FindNodeRsp,32411
FindNodeRsp,27642
FindNodeRsp,68117
FindNodeRsp,54622
FindNodeReq,90298
FindNodeReq,102732
FindNodeRsp,53099
FindNodeRsp,46808
FindNodeRsp,48891
FindNodeReq,101179
FindNodeRsp,50845
FindNodeRsp,40666
FindNodeReq,130244
FindNodeRsp,41808
FindNodeRsp,54852
FindNodeRsp,39654
FindNodeRsp,53059
FindNodeReq,110357
FindNodeRsp,57508
FindNodeReq,120635
FindNodeReq,79409
FindNodeRsp,28994
FindNodeRsp,40916
FindNodeReq,73578
FindNodeReq,128740
FindNodeRsp,34004
FindNodeReq,94366
FindNodeReq,89347
FindNodeRsp,35226
FindNodeReq,105627
FindNodeReq,106980
FindNodeRsp,49523
FindNodeReq,91532
FindNodeRsp,46256
FindNodeRsp,53520
FindNodeReq,75220
FindNodeRsp,34013
FindNodeReq,109394
FindNodeRsp,53850
FindNodeRsp,50574
FindNodeReq,86021
PathSetupReq,44202
FindNodeRsp,46307
PathSetupReq,65683
FindNodeReq,90019
PNDiscReq,102241
PathSetupReq,47830
FindNodeRsp,55073
FindNodeRsp,55894
FindNodeRsp,46607
FindNodeRsp,53009
FindNodeRsp,47529
FindNodeReq,117189
FindNodeRsp,37950
PNHello,174326
PNDiscRsp,48190
FindNodeRsp,39614
FindNodeReq,68377
FindNodeRsp,29656
FindNodeRsp,45174
FindNodeRsp,54262
FindNodeReq,184786
FindNodeRsp,54131
FindNodeRsp,46347
FindNodeReq,101219
FindNodeRsp,56606
FindNodeRsp,58219
FindNodeRsp,36848
FindNodeRsp,57267
FindNodeReq,231483
FindNodeReq,104175
FindNodeRsp,55574
FindNodeRsp,40145
FindNodeReq,256570
FindNodeRsp,52348
UpdateRouteReq,67497
UpdateRouteReq,18275
UpdateRouteReq,20068
UpdateRouteReq,18665
UpdateRouteReq,29204
FindNodeRsp,34034
UpdateRouteReq,32711
FindNodeRsp,53180
FindNodeReq,116247
FindNodeRsp,51356
FindNodeRsp,32832
FindNodeRsp,41377
FindNodeRsp,53730
FindNodeReq,73237
FindNodeRsp,54251
FindNodeReq,69911
FindNodeRsp,35917
FindNodeRsp,45265
FindNodeReq,79158
FindNodeReq,71815
FindNodeRsp,41228
FindNodeReq,102962
FindNodeRsp,34174
UpdateRouteReq,36999
UpdateRouteReq,23223
UpdateRouteReq,27321
UpdateRouteReq,18746
UpdateRouteReq,23153
UpdateRouteReq,18816
UpdateRouteReq,16721
UpdateRouteReq,32100
UpdateRouteReq,56295
FindNodeRsp,46968
FindNodeReq,207338
FindNodeRsp,52799
FindNodeReq,94356
FindNodeReq,224169
FindNodeRsp,44063
FindNodeReq,132287
FindNodeReq,95329
FindNodeRsp,39133
FindNodeRsp,50936
FindNodeRsp,45304
FindNodeRsp,54612
PathSetupReq,45245
FindNodeRsp,50244
PathSetupReq,40976
FindNodeReq,71163
Error,76122
Error,111549
Error,82936
UpdateRouteReq,36548
FindNodeRsp,56837
FindNodeReq,129462
FindNodeRsp,54201
PathSetupReq,47700
FindNodeRsp,51877
FindNodeReq,54772
FindNodeRsp,49423
UpdateRouteReq,37029
UpdateRouteReq,39233
UpdateRouteReq,63368
UpdateRouteReq,44183
FindNodeRsp,52298
FindNodeRsp,44664
FindNodeReq,90068
FindNodeRsp,45345
FindNodeReq,91701
FindNodeRsp,42680
FindNodeRsp,50404
FindNodeReq,71513
Error,39133
Error,269524
Error,22632
UpdateRouteReq,31919
UpdateRouteReq,23864
UpdateRouteReq,20318
UpdateRouteReq,27281
UpdateRouteReq,21239
UpdateRouteReq,23704
UpdateRouteReq,14447
UpdateRouteReq,58149
UpdateRouteReq,25187
UpdateRouteReq,20127
UpdateRouteReq,40135
UpdateRouteReq,24175
UpdateRouteReq,22983
UpdateRouteReq,21891
UpdateRouteReq,196858
UpdateRouteReq,195446
UpdateRouteReq,209351
UpdateRouteReq,96671
UpdateRouteReq,247423
UpdateRouteReq,23274
UpdateRouteReq,22973
UpdateRouteReq,21481
UpdateRouteReq,21299
UpdateRouteReq,36999
UpdateRouteReq,29174
UpdateRouteReq,36348
UpdateRouteReq,34024
UpdateRouteReq,215964
UpdateRouteReq,25076
UpdateRouteReq,23975
UpdateRouteReq,21210
UpdateRouteReq,41678
UpdateRouteReq,51357
UpdateRouteReq,30787
UpdateRouteReq,22311
UpdateRouteReq,20288
UpdateRouteReq,53670
UpdateRouteReq,24295
UpdateRouteReq,20108
UpdateRouteReq,21440
UpdateRouteReq,21641
UpdateRouteReq,25648
UpdateRouteReq,22883
UpdateRouteReq,20668
UpdateRouteReq,27271
UpdateRouteReq,20959
UpdateRouteReq,33502
UpdateRouteReq,36999
UpdateRouteReq,24546
UpdateRouteReq,22311
UpdateRouteReq,20218
UpdateRouteReq,26500
UpdateRouteReq,22952
UpdateRouteReq,22783
UpdateRouteReq,19767
UpdateRouteReq,32420
UpdateRouteReq,24155
UpdateRouteReq,20178
UpdateRouteReq,22873
UpdateRouteReq,25177
UpdateRouteReq,34144
UpdateRouteReq,34083
UpdateRouteReq,20819
UpdateRouteReq,121708
UpdateRouteReq,76153
UpdateRouteReq,143358
UpdateRouteReq,22512
UpdateRouteReq,22642
UpdateRouteReq,23123
UpdateRouteReq,22201
UpdateRouteReq,21440
UpdateRouteReq,25157
UpdateRouteReq,166973
UpdateRouteReq,118201
UpdateRouteReq,24606
UpdateRouteReq,19276
UpdateRouteReq,20879
UpdateRouteReq,21029
UpdateRouteReq,22442
UpdateRouteReq,20248
UpdateRouteReq,48801
UpdateRouteReq,200645
UpdateRouteReq,34384
UpdateRouteReq,24044
UpdateRouteReq,21240
UpdateRouteReq,33292
UpdateRouteReq,24466
UpdateRouteReq,27341
UpdateRouteReq,20688
UpdateRouteReq,22722
UpdateRouteReq,23194
UpdateRouteReq,22281
UpdateRouteReq,26610
UpdateRouteReq,22361
UpdateRouteReq,100328
UpdateRouteReq,25207
UpdateRouteReq,23253
UpdateRouteReq,31880
UpdateRouteReq,31769
UpdateRouteReq,21120
UpdateRouteReq,18665
UpdateRouteReq,16481
UpdateRouteReq,20148
UpdateRouteReq,20889
UpdateRouteReq,31690
UpdateRouteReq,27342
UpdateRouteReq,16381
UpdateRouteReq,18825
UpdateRouteReq,18545
UpdateRouteReq,20980
UpdateRouteReq,18234
UpdateRouteReq,42881
UpdateRouteReq,40105
UpdateRouteReq,34795
UpdateRouteReq,18064
UpdateRouteReq,18084
UpdateRouteReq,128229
UpdateRouteReq,19967
UpdateRouteReq,19046
UpdateRouteReq,18785
UpdateRouteReq,40265
UpdateRouteReq,39023
UpdateRouteReq,30818
UpdateRouteReq,17132
UpdateRouteReq,110957
UpdateRouteReq,20539
UpdateRouteReq,18896
UpdateRouteReq,18615
UpdateRouteReq,19085
UpdateRouteReq,17272
UpdateRouteReq,27501
UpdateRouteReq,23083
UpdateRouteReq,19987
UpdateRouteReq,34946
UpdateRouteReq,19687
UpdateRouteReq,22863
UpdateRouteReq,28513
UpdateRouteReq,23905
UpdateRouteReq,23484
UpdateRouteReq,23423
UpdateRouteReq,22221
UpdateRouteReq,26670
UpdateRouteReq,24335
UpdateRouteReq,21840
UpdateRouteReq,24105
UpdateRouteReq,26860
UpdateRouteReq,29735
UpdateRouteReq,33954
UpdateRouteReq,22211
UpdateRouteReq,29144
UpdateRouteReq,25217
UpdateRouteReq,23905
UpdateRouteReq,23744
UpdateRouteReq,35066
UpdateRouteReq,34103
UpdateRouteReq,21140
UpdateRouteReq,26239
UpdateRouteReq,23574
UpdateRouteReq,22642
UpdateRouteReq,22742
UpdateRouteReq,20759
UpdateRouteReq,33192
UpdateRouteReq,33814
UpdateRouteReq,22582
UpdateRouteReq,26579
UpdateRouteReq,22362
UpdateRouteReq,20990
UpdateRouteReq,27491
UpdateRouteReq,30958
UpdateRouteReq,34494
UpdateRouteReq,22362
UpdateRouteReq,23474
UpdateRouteReq,23885
UpdateRouteReq,27481
UpdateRouteReq,24305
UpdateRouteReq,21801
UpdateRouteReq,26900
UpdateRouteReq,25668
UpdateRouteReq,22051
UpdateRouteReq,27702
UpdateRouteReq,24766
UpdateRouteReq,33473
UpdateRouteReq,35336
UpdateRouteReq,22172
UpdateRouteReq,115536
UpdateRouteReq,65783
UpdateRouteReq,89588
UpdateRouteReq,23905
UpdateRouteReq,23344
UpdateRouteReq,44182
UpdateRouteReq,28373
UpdateRouteReq,21139
UpdateRouteReq,29606
UpdateRouteReq,24155
UpdateRouteReq,22502
UpdateRouteReq,27411
UpdateRouteReq,24025
UpdateRouteReq,22111
UpdateRouteReq,22913
UpdateRouteReq,27131
UpdateRouteReq,22633
UpdateRouteReq,22913
UpdateRouteReq,20338
UpdateRouteReq,105568
UpdateRouteReq,67867
UpdateRouteReq,105067
UpdateRouteReq,23344
UpdateRouteReq,23204
UpdateRouteReq,32411
UpdateRouteReq,33082
UpdateRouteReq,195595
UpdateRouteReq,26269
UpdateRouteReq,21400
UpdateRouteReq,19938
UpdateRouteReq,19847
UpdateRouteReq,38312
UpdateRouteReq,25989
UpdateRouteReq,23654
UpdateRouteReq,22142
UpdateRouteReq,32912
UpdateRouteReq,31288
UpdateRouteReq,29164
UpdateRouteReq,23644
UpdateRouteReq,22572
UpdateRouteReq,25066
UpdateRouteReq,123100
UpdateRouteReq,84598
UpdateRouteReq,24175
UpdateRouteReq,21871
UpdateRouteReq,22222
UpdateRouteReq,24956
UpdateRouteReq,19396
UpdateRouteReq,13436
UpdateRouteReq,15198
UpdateRouteReq,15018
UpdateRouteReq,12594
UpdateRouteReq,20899
UpdateRouteReq,18555
UpdateRouteReq,18083
UpdateRouteReq,18736
UpdateRouteReq,23303
UpdateRouteReq,23023
UpdateRouteReq,20188
UpdateRouteReq,17302
UpdateRouteReq,184084
UpdateRouteReq,17492
UpdateRouteReq,16190
UpdateRouteReq,21079
UpdateRouteReq,20048
UpdateRouteReq,23564
UpdateRouteReq,20509
UpdateRouteReq,17212
UpdateRouteReq,28113
UpdateRouteReq,19306
UpdateRouteReq,15368
UpdateRouteReq,50615
UpdateRouteReq,150863
UpdateRouteReq,15830
UpdateRouteReq,15489
UpdateRouteReq,15168
UpdateRouteReq,15660
UpdateRouteReq,20017
UpdateRouteReq,68748
UpdateRouteReq,34074
UpdateRouteReq,20698
UpdateRouteReq,22272
UpdateRouteReq,21520
UpdateRouteReq,21620
UpdateRouteReq,21881
UpdateRouteReq,18665
UpdateRouteReq,16020
UpdateRouteReq,23895
UpdateRouteReq,20418
UpdateRouteReq,17313
UpdateRouteReq,23343
UpdateRouteReq,20498
UpdateRouteReq,24376
UpdateRouteReq,25998
UpdateRouteReq,17533
UpdateRouteReq,22301
UpdateRouteReq,18845
UpdateRouteReq,15819
UpdateRouteReq,83716
UpdateRouteReq,197459
UpdateRouteReq,19035
UpdateRouteReq,16962
UpdateRouteReq,19085
UpdateRouteReq,18184
UpdateRouteReq,22041
UpdateRouteReq,19888
UpdateRouteReq,17342
UpdateRouteReq,190647
UpdateRouteReq,17492
UpdateRouteReq,18365
UpdateRouteReq,17483
UpdateRouteReq,22482
UpdateRouteReq,17743
UpdateRouteReq,23174
UpdateRouteReq,25097
UpdateRouteReq,23694
UpdateRouteReq,20418
UpdateRouteReq,17242
UpdateRouteReq,175478
UpdateRouteReq,18335
UpdateRouteReq,17092
UpdateRouteReq,19777
UpdateRouteReq,17893
UpdateRouteReq,67586
UpdateRouteReq,188563
UpdateRouteReq,17163
UpdateRouteReq,22181
UpdateRouteReq,78116
UpdateRouteReq,24816
UpdateRouteReq,26419
UpdateRouteReq,17563
UpdateRouteReq,20949
UpdateRouteReq,22432
UpdateRouteReq,21169
UpdateRouteReq,20398
UpdateRouteReq,14467
UpdateRouteReq,14336
UpdateRouteReq,14207
UpdateRouteReq,102722
UpdateRouteReq,14618
UpdateRouteReq,14437
UpdateRouteReq,14427
UpdateRouteReq,14828
UpdateRouteReq,12533
UpdateRouteReq,17653
UpdateRouteReq,14788
UpdateRouteReq,12603
UpdateRouteReq,15169
UpdateRouteReq,114353
UpdateRouteReq,25527
UpdateRouteReq,13636
UpdateRouteReq,14397
UpdateRouteReq,14107
UpdateRouteReq,14578
UpdateRouteReq,12723
UpdateRouteReq,14767
UpdateRouteReq,14788
UpdateRouteReq,15149
UpdateRouteReq,37801
UpdateRouteReq,15048
UpdateRouteReq,14988
UpdateRouteReq,14367
UpdateRouteReq,14777
UpdateRouteReq,20237
UpdateRouteReq,17473
UpdateRouteReq,12925
UpdateRouteReq,18064
UpdateRouteReq,14757
UpdateRouteReq,12844
UpdateRouteReq,14497
UpdateRouteReq,12333
UpdateRouteReq,29756
UpdateRouteReq,112991
UpdateRouteReq,14758
UpdateRouteReq,16080
UpdateRouteReq,15689
UpdateRouteReq,23053
UpdateRouteReq,24746
UpdateRouteReq,21590
UpdateRouteReq,14397
UpdateRouteReq,14697
UpdateRouteReq,94768
UpdateRouteReq,44844
UpdateRouteReq,24185
UpdateRouteReq,25568
UpdateRouteReq,23093
UpdateRouteReq,32470
UpdateRouteReq,26330
UpdateRouteReq,21320
UpdateRouteReq,18745
UpdateRouteReq,26880
UpdateRouteReq,27161
UpdateRouteReq,23414
UpdateRouteReq,21400
UpdateRouteReq,19486
UpdateRouteReq,70142
UpdateRouteReq,193311
UpdateRouteReq,26740
UpdateRouteReq,23674
UpdateRouteReq,21490
UpdateRouteReq,21891
UpdateRouteReq,18835
UpdateRouteReq,34174
UpdateRouteReq,17393
UpdateRouteReq,27932
UpdateRouteReq,25999
UpdateRouteReq,19777
UpdateRouteReq,26830
UpdateRouteReq,22602
UpdateRouteReq,18715
UpdateRouteReq,27321
UpdateRouteReq,24015
UpdateRouteReq,22392
UpdateRouteReq,24085
UpdateRouteReq,23184
UpdateRouteReq,24125
UpdateRouteReq,20278
UpdateRouteReq,23554
UpdateRouteReq,23234
UpdateRouteReq,22763
UpdateRouteReq,21690
UpdateRouteReq,18695
UpdateRouteReq,27351
UpdateRouteReq,22862
UpdateRouteReq,18715
UpdateRouteReq,27140
UpdateRouteReq,22913
UpdateRouteReq,18975
UpdateRouteReq,27351
UpdateRouteReq,21791
UpdateRouteReq,27100
UpdateRouteReq,22552
UpdateRouteReq,21941
UpdateRouteReq,18925
UpdateRouteReq,23764
UpdateRouteReq,22743
UpdateRouteReq,19025
UpdateRouteReq,23534
UpdateRouteReq,23013
UpdateRouteReq,18906
UpdateRouteReq,22362
UpdateRouteReq,49422
UpdateRouteReq,63789
UpdateRouteReq,36518
UpdateRouteReq,27551
UpdateRouteReq,20709
UpdateRouteReq,32711
UpdateRouteReq,124844
UpdateRouteReq,23875
UpdateRouteReq,25357
UpdateRouteReq,23083
UpdateRouteReq,23344
UpdateRouteReq,24085
UpdateRouteReq,20378
UpdateRouteReq,27111
UpdateRouteReq,24335
UpdateRouteReq,20278
UpdateRouteReq,26460
UpdateRouteReq,26219
UpdateRouteReq,141324
UpdateRouteReq,98765
UpdateRouteReq,23634
UpdateRouteReq,21801
UpdateRouteReq,20439
UpdateRouteReq,21560
UpdateRouteReq,20929
UpdateRouteReq,256590
UpdateRouteReq,22052
UpdateRouteReq,22352
UpdateRouteReq,18735
UpdateRouteReq,52107
UpdateRouteReq,23734
UpdateRouteReq,22743
UpdateRouteReq,19186
UpdateRouteReq,50544
UpdateRouteReq,22071
UpdateRouteReq,17202
UpdateRouteReq,20148
UpdateRouteReq,60162
UpdateRouteReq,205695
UpdateRouteReq,63839
UpdateRouteReq,18755
UpdateRouteReq,19297
UpdateRouteReq,19516
UpdateRouteReq,214672
UpdateRouteReq,62386
UpdateRouteReq,41317
UpdateRouteReq,19126
UpdateRouteReq,21220
UpdateRouteReq,20769
UpdateRouteReq,28844
FindNodeReq,79258
FindNodeReq,91892
UpdateRouteReq,44053
FindNodeRsp,39053
UpdateRouteReq,60974
UpdateRouteReq,22823
UpdateRouteReq,17573
UpdateRouteReq,19296
UpdateRouteReq,17633
UpdateRouteReq,17092
PathTeardownReq,27121
UpdateRouteReq,153076
PathSetupReq,350225
UpdateRouteReq,346318
UpdateRouteReq,292707
UpdateRouteReq,500656
UpdateRouteReq,347810
UpdateRouteReq,161873
UpdateRouteReq,56686
UpdateRouteReq,22823
UpdateRouteReq,27121
UpdateRouteReq,22172
FindNodeReq,63989
UpdateRouteReq,56366
UpdateRouteReq,38001
FindNodeReq,133199
UpdateRouteReq,116929
UpdateRouteReq,313356
UpdateRouteReq,145161
UpdateRouteReq,237625
UpdateRouteReq,25237
UpdateRouteReq,24786
UpdateRouteReq,25137
UpdateRouteReq,17563
UpdateRouteReq,118622
UpdateRouteReq,81382
UpdateRouteReq,23093
UpdateRouteReq,17523
UpdateRouteReq,15889
UpdateRouteReq,15549
UpdateRouteReq,22122
UpdateRouteReq,64050
UpdateRouteReq,95790
UpdateRouteReq,18855
UpdateRouteReq,17693
FindNodeReq,49763
UpdateRouteReq,38221
UpdateRouteReq,18204
UpdateRouteReq,17793
UpdateRouteReq,17924
UpdateRouteReq,199574
UpdateRouteReq,20919
UpdateRouteReq,15810
UpdateRouteReq,15529
UpdateRouteReq,16751
UpdateRouteReq,213099
UpdateRouteReq,16741
UpdateRouteReq,17052
UpdateRouteReq,15600
PathTeardownReq,21019
UpdateRouteReq,238736
UpdateRouteReq,222145
PathSetupReq,98845
UpdateRouteReq,125826
UpdateRouteReq,17042
UpdateRouteReq,16260
UpdateRouteReq,15509
UpdateRouteReq,15679
UpdateRouteReq,13876
UpdateRouteReq,19516
UpdateRouteReq,184825
UpdateRouteReq,16110
UpdateRouteReq,15650
UpdateRouteReq,14216
UpdateRouteReq,22783
UpdateRouteReq,228527
UpdateRouteReq,36729
UpdateRouteReq,17263
FindNodeReq,36769
UpdateRouteReq,24857
UpdateRouteReq,18014
UpdateRouteReq,20819
UpdateRouteReq,30236
UpdateRouteReq,24105
UpdateRouteReq,23374
FindNodeReq,44773
UpdateRouteReq,34655
UpdateRouteReq,24756
FindNodeReq,95609
UpdateRouteReq,33933
UpdateRouteReq,30307
UpdateRouteReq,72075
UpdateRouteReq,113412
UpdateRouteReq,23134
UpdateRouteReq,20759
UpdateRouteReq,21099
FindNodeReq,52568
UpdateRouteReq,39294
UpdateRouteReq,20167
UpdateRouteReq,50664
FindNodeReq,52388
UpdateRouteReq,56024
UpdateRouteReq,194825
UpdateRouteReq,29596
UpdateRouteReq,22151
UpdateRouteReq,20147
UpdateRouteReq,31559
FindNodeReq,105477
FindNodeReq,123280
UpdateRouteReq,42830
UpdateRouteReq,142837
UpdateRouteReq,21099
UpdateRouteReq,17783
UpdateRouteReq,18735
UpdateRouteReq,17342
UpdateRouteReq,32460
UpdateRouteReq,180007
UpdateRouteReq,56826
UpdateRouteReq,23784
UpdateRouteReq,20659
UpdateRouteReq,21060
UpdateRouteReq,21290
UpdateRouteReq,30146
UpdateRouteReq,51055
UpdateRouteReq,233166
UpdateRouteReq,28894
UpdateRouteReq,69510
UpdateRouteReq,26990
UpdateRouteReq,24646
UpdateRouteReq,23444
UpdateRouteReq,21911
UpdateRouteReq,31769
FindNodeReq,53540
UpdateRouteReq,52799
UpdateRouteReq,100678
UpdateRouteReq,145922
UpdateRouteReq,79278
UpdateRouteReq,23554
UpdateRouteReq,20518
UpdateRouteReq,20389
UpdateRouteReq,20048
UpdateRouteReq,31049
UpdateRouteReq,62276
UpdateRouteReq,32020
UpdateRouteReq,176671
UpdateRouteReq,50765
UpdateRouteReq,22903
UpdateRouteReq,20168
UpdateRouteReq,20478
UpdateRouteReq,20548
UpdateRouteReq,30457
UpdateRouteReq,52798
UpdateRouteReq,27151
UpdateRouteReq,218228
UpdateRouteReq,71894
UpdateRouteReq,23945
UpdateRouteReq,20979
UpdateRouteReq,21060
UpdateRouteReq,20118
UpdateRouteReq,28062
UpdateRouteReq,29194
UpdateRouteReq,126757
UpdateRouteReq,13936
UpdateRouteReq,27041
UpdateRouteReq,22612
UpdateRouteReq,22442
FindNodeReq,58530
UpdateRouteReq,44984
UpdateRouteReq,31369
UpdateRouteReq,89577
UpdateRouteReq,29896
UpdateRouteReq,75461
UpdateRouteReq,31659
UpdateRouteReq,21070
UpdateRouteReq,20147
UpdateRouteReq,22242
FindNodeReq,96981
UpdateRouteReq,35978
UpdateRouteReq,122199
UpdateRouteReq,275015
UpdateRouteReq,91651
UpdateRouteReq,172894
UpdateRouteReq,22291
UpdateRouteReq,20669
UpdateRouteReq,35437
UpdateRouteReq,36358
UpdateRouteReq,197850
UpdateRouteReq,71133
FindNodeReq,372908
UpdateRouteReq,363439
UpdateRouteReq,164267
UpdateRouteReq,369421
UpdateRouteReq,159298
UpdateRouteReq,24857
UpdateRouteReq,23975
UpdateRouteReq,23985
UpdateRouteReq,158577
UpdateRouteReq,158447
UpdateRouteReq,288379
UpdateRouteReq,113162
UpdateRouteReq,297907
UpdateRouteReq,97703
UpdateRouteReq,25297
UpdateRouteReq,23925
UpdateRouteReq,23765
UpdateRouteReq,157324
UpdateRouteReq,355275
UpdateRouteReq,283109
UpdateRouteReq,122068
UpdateRouteReq,315119
UpdateRouteReq,115997
UpdateRouteReq,24826
UpdateRouteReq,24395
UpdateRouteReq,23624
UpdateRouteReq,165109
UpdateRouteReq,131425
UpdateRouteReq,308908
UpdateRouteReq,144661
UpdateRouteReq,329546
UpdateRouteReq,167123
UpdateRouteReq,22813
UpdateRouteReq,22582
UpdateRouteReq,23114
UpdateRouteReq,28162
UpdateRouteReq,98394
UpdateRouteReq,194083
UpdateRouteReq,20509
UpdateRouteReq,15278
UpdateRouteReq,17763
UpdateRouteReq,17473
UpdateRouteReq,46277
UpdateRouteReq,19416
UpdateRouteReq,252442
UpdateRouteReq,17993
UpdateRouteReq,19316
UpdateRouteReq,19036
UpdateRouteReq,24786
UpdateRouteReq,30758
UpdateRouteReq,25588
UpdateRouteReq,144150
UpdateRouteReq,20949
UpdateRouteReq,17884
UpdateRouteReq,19396
UpdateRouteReq,16772
UpdateRouteReq,25728
FindNodeReq,70863
UpdateRouteReq,29916
UpdateRouteReq,23224
UpdateRouteReq,47149
UpdateRouteReq,169748
UpdateRouteReq,19997
UpdateRouteReq,21921
UpdateRouteReq,17543
UpdateRouteReq,17092
UpdateRouteReq,19416
PathTeardownReq,35456
UpdateRouteReq,15439
UpdateRouteReq,90058
PathSetupReq,346578
UpdateRouteReq,495186
UpdateRouteReq,282508
UpdateRouteReq,16221
UpdateRouteReq,18484
UpdateRouteReq,17393
UpdateRouteReq,14848
FindNodeReq,49152
UpdateRouteReq,51997
UpdateRouteReq,17763
UpdateRouteReq,15029
UpdateRouteReq,32841
UpdateRouteReq,21450
UpdateRouteReq,33332
UpdateRouteReq,128020
UpdateRouteReq,129863
UpdateRouteReq,26139
UpdateRouteReq,21229
UpdateRouteReq,22522
UpdateRouteReq,31128
FindNodeReq,92453
UpdateRouteReq,54101
UpdateRouteReq,34364
UpdateRouteReq,84598
UpdateRouteReq,154399
UpdateRouteReq,23384
UpdateRouteReq,19086
UpdateRouteReq,18104
PathTeardownReq,47509
PathSetupReq,31519
UpdateRouteReq,50895
UpdateRouteReq,228617
UpdateRouteReq,182661
UpdateRouteReq,316462
UpdateRouteReq,206516
UpdateRouteReq,67386
UpdateRouteReq,22342
UpdateRouteReq,18745
UpdateRouteReq,18826
UpdateRouteReq,24696
UpdateRouteReq,28053
FindNodeReq,56977
UpdateRouteReq,50325
UpdateRouteReq,22381
UpdateRouteReq,99186
UpdateRouteReq,142517
UpdateRouteReq,27071
UpdateRouteReq,21700
UpdateRouteReq,18985
UpdateRouteReq,31479
FindNodeReq,92633
UpdateRouteReq,52158
UpdateRouteReq,28223
UpdateRouteReq,84588
UpdateRouteReq,23043
UpdateRouteReq,29074
UpdateRouteReq,45996
UpdateRouteReq,99176
UpdateRouteReq,125976
UpdateRouteReq,23204
UpdateRouteReq,22863
UpdateRouteReq,21380
UpdateRouteReq,20709
UpdateRouteReq,19957
UpdateRouteReq,32290
FindNodeReq,98414
UpdateRouteReq,50294
UpdateRouteReq,35406
UpdateRouteReq,82474
UpdateRouteReq,98864
UpdateRouteReq,23504
UpdateRouteReq,21431
UpdateRouteReq,19737
UpdateRouteReq,30147
UpdateRouteReq,87574
UpdateRouteReq,218358
UpdateRouteReq,98003
UpdateRouteReq,55624
UpdateRouteReq,21050
UpdateRouteReq,18735
UpdateRouteReq,21761
UpdateRouteReq,32150
FindNodeReq,108643
UpdateRouteReq,48491
UpdateRouteReq,54812
UpdateRouteReq,187611
UpdateRouteReq,154499
FindNodeReq,50675
UpdateRouteReq,22993
UpdateRouteReq,19165
UpdateRouteReq,18835
UpdateRouteReq,29946
FindNodeReq,97432
UpdateRouteReq,48571
UpdateRouteReq,35927
UpdateRouteReq,339665
UpdateRouteReq,204382
UpdateRouteReq,34815
UpdateRouteReq,19908
UpdateRouteReq,19677
UpdateRouteReq,32480
UpdateRouteReq,288640
UpdateRouteReq,27852
UpdateRouteReq,22993
UpdateRouteReq,21340
UpdateRouteReq,29696
FindNodeReq,79599
UpdateRouteReq,27392
UpdateRouteReq,22762
UpdateRouteReq,150592
UpdateRouteReq,17533
UpdateRouteReq,16060
FindNodeReq,44383
UpdateRouteReq,16842
UpdateRouteReq,15198
UpdateRouteReq,21611
UpdateRouteReq,18625
UpdateRouteReq,82153
UpdateRouteReq,296214
UpdateRouteReq,75051
UpdateRouteReq,29034
UpdateRouteReq,23665
UpdateRouteReq,23433
UpdateRouteReq,29535
UpdateRouteReq,90399
UpdateRouteReq,72716
UpdateRouteReq,311422
UpdateRouteReq,98143
UpdateRouteReq,51666
UpdateRouteReq,261559
UpdateRouteReq,27111
UpdateRouteReq,22282
UpdateRouteReq,23253
UpdateRouteReq,24025
UpdateRouteReq,28614
UpdateRouteReq,50855
UpdateRouteReq,181700
UpdateRouteReq,146614
UpdateRouteReq,17493
UpdateRouteReq,16020
UpdateRouteReq,15549
UpdateRouteReq,24085
UpdateRouteReq,28283
UpdateRouteReq,18905
UpdateRouteReq,93184
UpdateRouteReq,18324
UpdateRouteReq,17112
FindNodeReq,64350
UpdateRouteReq,50644
UpdateRouteReq,29725
UpdateRouteReq,18354
UpdateRouteReq,194193
UpdateRouteReq,16461
UpdateRouteReq,15359
UpdateRouteReq,15409
UpdateRouteReq,16771
UpdateRouteReq,111197
UpdateRouteReq,14998
UpdateRouteReq,14627
UpdateRouteReq,25648
UpdateRouteReq,58028
UpdateRouteReq,252081
UpdateRouteReq,136736
UpdateRouteReq,28483
UpdateRouteReq,24907
UpdateRouteReq,24005
UpdateRouteReq,30407
FindNodeReq,77715
FindNodeReq,61966
FindNodeReq,56235
FindNodeReq,47579
UpdateRouteReq,24255
UpdateRouteReq,140163
UpdateRouteReq,21260
UpdateRouteReq,242344
UpdateRouteReq,82224
UpdateRouteReq,278181
UpdateRouteReq,20157
UpdateRouteReq,21410
UpdateRouteReq,20708
UpdateRouteReq,20138
UpdateRouteReq,17823
UpdateRouteReq,15269
UpdateRouteReq,21049
UpdateRouteReq,57327
UpdateRouteReq,18024
UpdateRouteReq,15840
UpdateRouteReq,16090
UpdateRouteReq,14357
UpdateRouteReq,25448
FindNodeReq,39504
UpdateRouteReq,26419
UpdateRouteReq,17603
UpdateRouteReq,34835
UpdateRouteReq,17052
UpdateRouteReq,17983
UpdateRouteReq,16200
UpdateRouteReq,24616
FindNodeReq,70081
Error,25698
Error,100748
Error,74870
UpdateRouteReq,27311
UpdateRouteReq,19997
UpdateRouteReq,23885
UpdateRouteReq,32070
UpdateRouteReq,37780
UpdateRouteReq,37710
Error,40486
FindNodeReq,80631
Error,65532
Error,42629
UpdateRouteReq,50445
UpdateRouteReq,33713
FindNodeReq,86071
UpdateRouteReq,39003
UpdateRouteReq,32822
FindNodeReq,69600
Error,46537
Error,147667
Error,112200
UpdateRouteReq,34415
UpdateRouteReq,30537
FindNodeReq,81302
UpdateRouteReq,26129
UpdateRouteReq,30507
FindNodeReq,80130
UpdateRouteReq,39604
FindNodeRsp,52628
UpdateRouteReq,49853
FindNodeReq,87774
UpdateRouteReq,36588
UpdateRouteReq,30387
Error,32971
Error,156953
Error,137157
UpdateRouteReq,36759
UpdateRouteReq,30447
UpdateRouteReq,31730
UpdateRouteReq,64741
FindNodeReq,79839
Error,34315
Error,158507
Error,138770
UpdateRouteReq,74749
UpdateRouteReq,30818
FindNodeReq,88556
UpdateRouteReq,171251
UpdateRouteReq,29795
Error,35767
Error,128450
Error,96481
FindNodeReq,88135
UpdateRouteReq,50655
UpdateRouteReq,30638
FindNodeReq,95459
UpdateRouteReq,48200
UpdateRouteReq,49172
UpdateRouteReq,66956
UpdateRouteReq,30467
FindNodeReq,102171
UpdateRouteReq,50975
Error,37319
UpdateRouteReq,37330
Error,127449
Error,94266
FindNodeReq,89207
UpdateRouteReq,88636
UpdateRouteReq,30497
UpdateRouteReq,49934
UpdateRouteReq,30236
FindNodeReq,81833
UpdateRouteReq,53110
UpdateRouteReq,53720
UpdateRouteReq,74819
UpdateRouteReq,36819
Error,32641
Error,136595
Error,105858
FindNodeReq,79559
UpdateRouteReq,50996
PathTeardownReq,26440
PathSetupReq,28744
UpdateRouteReq,52097
UpdateRouteReq,29134
UpdateRouteReq,104986
UpdateRouteReq,115936
UpdateRouteReq,340096
UpdateRouteReq,314218
UpdateRouteReq,80650
UpdateRouteReq,22102
UpdateRouteReq,17853
UpdateRouteReq,20839
UpdateRouteReq,17052
UpdateRouteReq,16741
UpdateRouteReq,28253
PathTeardownReq,30998
UpdateRouteReq,136906
PathSetupReq,117009
UpdateRouteReq,112681
UpdateRouteReq,329958
UpdateRouteReq,318055
UpdateRouteReq,319598
UpdateRouteReq,255738
UpdateRouteReq,191057
UpdateRouteReq,156262
UpdateRouteReq,54532
UpdateRouteReq,20228
UpdateRouteReq,49632
UpdateRouteReq,22212
UpdateRouteReq,21440
UpdateRouteReq,18955
UpdateRouteReq,28002
FindNodeReq,76573
UpdateRouteReq,52088
UpdateRouteReq,71624
UpdateRouteReq,209071
UpdateRouteReq,87964
UpdateRouteReq,23904
UpdateRouteReq,181991
UpdateRouteReq,70702
UpdateRouteReq,23574
UpdateRouteReq,19727
UpdateRouteReq,19447
FindNodeReq,59401
UpdateRouteReq,59552
UpdateRouteReq,47990
UpdateRouteReq,153688
UpdateRouteReq,46136
UpdateRouteReq,33824
UpdateRouteReq,195005
UpdateRouteReq,150181
UpdateRouteReq,153367
UpdateRouteReq,22122
UpdateRouteReq,19076
UpdateRouteReq,19046
UpdateRouteReq,18554
UpdateRouteReq,25918
FindNodeReq,96931
UpdateRouteReq,50474
UpdateRouteReq,128941
UpdateRouteReq,30537
UpdateRouteReq,248755
UpdateRouteReq,153196
UpdateRouteReq,116819
UpdateRouteReq,136585
UpdateRouteReq,36959
UpdateRouteReq,22221
UpdateRouteReq,20288
UpdateRouteReq,137357
UpdateRouteReq,41839
UpdateRouteReq,33953
UpdateRouteReq,191057
UpdateRouteReq,144971
UpdateRouteReq,134080
UpdateRouteReq,20909
UpdateRouteReq,18955
UpdateRouteReq,18645
UpdateRouteReq,18404
UpdateRouteReq,27852
FindNodeReq,91671
UpdateRouteReq,35507
UpdateRouteReq,138950
UpdateRouteReq,29104
UpdateRouteReq,52639
UpdateRouteReq,187281
UpdateRouteReq,163656
UpdateRouteReq,154148
UpdateRouteReq,21851
UpdateRouteReq,19306
UpdateRouteReq,19446
UpdateRouteReq,18896
UpdateRouteReq,29244
FindNodeReq,99006
UpdateRouteReq,34415
UpdateRouteReq,113623
UpdateRouteReq,36298
UpdateRouteReq,200135
UpdateRouteReq,119052
UpdateRouteReq,98143
UpdateRouteReq,185858
UpdateRouteReq,65332
UpdateRouteReq,20198
UpdateRouteReq,20438
UpdateRouteReq,19326
UpdateRouteReq,18936
UpdateRouteReq,23203
UpdateRouteReq,121037
UpdateRouteReq,38001
UpdateRouteReq,194815
UpdateRouteReq,168956
UpdateRouteReq,189184
UpdateRouteReq,18515
UpdateRouteReq,20598
UpdateRouteReq,20278
UpdateRouteReq,20308
UpdateRouteReq,30537
FindNodeReq,96140
UpdateRouteReq,66915
UpdateRouteReq,150922
Error,168655
UpdateRouteReq,161672
UpdateRouteReq,242383
Error,208440
UpdateRouteReq,190716
Error,184886
UpdateRouteReq,112741
UpdateRouteReq,73859
UpdateRouteReq,21771
UpdateRouteReq,17232
UpdateRouteReq,30257
FindNodeReq,96150
UpdateRouteReq,50464
UpdateRouteReq,28253
FindNodeReq,137016
Error,36368
Error,150883
Error,114925
UpdateRouteReq,33693
UpdateRouteReq,28163
UpdateRouteReq,49593
UpdateRouteReq,26360
FindNodeReq,95318
Error,22552
UpdateRouteReq,49603
Error,63869
Error,43682
UpdateRouteReq,16350
UpdateRouteReq,14887
FindNodeReq,58910
UpdateRouteReq,58018
UpdateRouteReq,27872
UpdateRouteReq,32240
Error,36148
Error,81412
Error,37199
FindNodeReq,87935
UpdateRouteReq,86752
UpdateRouteReq,34344
UpdateRouteReq,72936
UpdateRouteReq,24866
FindNodeReq,75171
Error,27171
Error,26058
Error,17663
UpdateRouteReq,29245
UpdateRouteReq,29906
FindNodeReq,93225
UpdateRouteReq,40986
UpdateRouteReq,22692
FindNodeReq,99225
Error,34254
Error,123681
Error,99726
UpdateRouteReq,50735
FindNodeReq,58780
UpdateRouteReq,62978
UpdateRouteReq,51657
UpdateRouteReq,28764
FindNodeReq,49392
UpdateRouteReq,48360
UpdateRouteReq,28543
Error,26950
Error,52698
Error,20178
UpdateRouteReq,39624
UpdateRouteReq,24195
FindNodeReq,45565
FindNodeReq,100328
UpdateRouteReq,44834
UpdateRouteReq,26450
Error,32631
Error,149360
Error,126927
UpdateRouteReq,37229
UpdateRouteReq,58460
UpdateRouteReq,30607
FindNodeReq,81192
UpdateRouteReq,30988
UpdateRouteReq,30947
Error,32992
Error,78908
Error,37871
FindNodeReq,57448
UpdateRouteReq,41227
UpdateRouteReq,23975
UpdateRouteReq,40516
UpdateRouteReq,23063
Error,204453
UpdateRouteReq,115306
Error,102482
Error,55013
UpdateRouteReq,23233
UpdateRouteReq,15278
UpdateRouteReq,13476
UpdateRouteReq,31950
FindNodeReq,97332
UpdateRouteReq,51086
UpdateRouteReq,24295
FindNodeReq,99656
UpdateRouteReq,53460
UpdateRouteReq,22442
Error,27141
UpdateRouteReq,186308
UpdateRouteReq,156983
Error,130614
Error,85890
UpdateRouteReq,23544
UpdateRouteReq,49843
UpdateRouteReq,49924
UpdateRouteReq,51005
FindNodeReq,89678
Error,46697
Error,73317
Error,32762
UpdateRouteReq,67796
UpdateRouteReq,24806
FindNodeReq,42770
FindNodeReq,44303
Error,44103
FindNodeReq,112901
Error,54622
Error,9778
FindNodeReq,32621
FindNodeReq,30397
UpdateRouteReq,17493
UpdateRouteReq,19917
UpdateRouteReq,23454
UpdateRouteReq,25808
Error,30597
Error,33744
Error,24566
FindNodeReq,93505
FindNodeReq,115946
Error,33292
Error,80872
Error,36859
UpdateRouteReq,49342
FindNodeReq,43702
UpdateRouteReq,60494
Error,26920
Error,26389
Error,16681
UpdateRouteReq,29014
UpdateRouteReq,31109
FindNodeReq,93605
Error,33282
Error,100778
Error,43291
UpdateRouteReq,40636
UpdateRouteReq,26119
Error,27822
Error,32661
Error,17262
FindNodeReq,75441
UpdateRouteReq,40656
UpdateRouteReq,22853
Error,20859
Error,15499
Error,10530
FindNodeReq,67887
UpdateRouteReq,44383
UpdateRouteReq,19797
FindNodeReq,33432
FindNodeRsp,40676
Error,25067
Error,11571
Error,12904
UpdateRouteReq,55233
UpdateRouteReq,110106
UpdateRouteReq,18535
UpdateRouteReq,87494
UpdateRouteReq,32982
UpdateRouteReq,15439
UpdateRouteReq,13726
UpdateRouteReq,13315
UpdateRouteReq,22081
FindNodeReq,73978
Error,27531
Error,33763
Error,22703
Error,25438
Error,50044
Error,15319
UpdateRouteReq,35376
UpdateRouteReq,21851
FindNodeReq,74158
Error,24205
Error,10820
Error,13405
FindNodeReq,64230
FindNodeReq,34214
FindNodeReq,31629
FindNodeReq,30287
UpdateRouteReq,16912
UpdateRouteReq,30287
Error,27972
Error,110296
Error,80471
FindNodeReq,94206
UpdateRouteReq,42961
UpdateRouteReq,21420
Error,25768
Error,25628
Error,17412
FindNodeReq,75361
FindNodeReq,88826
Error,39173
Error,67195
Error,27401
Error,33513
Error,108593
Error,58941
UpdateRouteReq,81732
UpdateRouteReq,25297
Error,30578
Error,88365
Error,65773
FindNodeReq,94567
Error,29445
Error,85650
Error,63299
UpdateRouteReq,37770
Error,25267
UpdateRouteReq,154058
Error,97593
Error,71905
FindNodeReq,97623
FindNodeReq,73888
FindNodeReq,40195
FindNodeReq,37360
FindNodeReq,36318
UpdateRouteReq,22652
UpdateRouteReq,23584
FindNodeReq,92743
Error,28423
Error,100779
Error,72816
UpdateRouteReq,36177
UpdateRouteReq,39023
FindNodeReq,81152
Error,77655
Error,98735
Error,74219
Error,29004
Error,98023
Error,60052
UpdateRouteReq,89397
UpdateRouteReq,26209
FindNodeReq,77826
Error,28964
Error,102371
Error,73107
Error,35146
Error,137387
Error,106439
UpdateRouteReq,40916
UpdateRouteReq,23113
FindNodeReq,130785
Error,40917
Error,103113
Error,83566
UpdateRouteReq,37510
UpdateRouteReq,25338
FindNodeReq,98344
Error,34505
Error,124753
Error,114525
UpdateRouteReq,55063
UpdateRouteReq,93955
UpdateRouteReq,260407
UpdateRouteReq,130293
UpdateRouteReq,67947
UpdateRouteReq,260488
UpdateRouteReq,127579
UpdateRouteReq,138549
UpdateRouteReq,26340
UpdateRouteReq,23323
UpdateRouteReq,21200
UpdateRouteReq,20819
UpdateRouteReq,28573
FindNodeReq,93154
FindNodeReq,75261
FindNodeReq,48360
FindNodeReq,44633
FindNodeReq,43081
UpdateRouteReq,22592
UpdateRouteReq,30277
Error,32771
Error,91582
Error,75140
FindNodeReq,80440
UpdateRouteReq,49473
FindNodeReq,81723
UpdateRouteReq,29625
FindNodeReq,93245
FindNodeReq,101379
Error,100027
Error,145112
Error,127509
FindNodeRsp,57217
Error,40515
Error,146454
Error,125455
UpdateRouteReq,109334
UpdateRouteReq,258393
UpdateRouteReq,146554
UpdateRouteReq,68358
UpdateRouteReq,50805
UpdateRouteReq,164768
UpdateRouteReq,198251
UpdateRouteReq,49493
UpdateRouteReq,25047
UpdateRouteReq,29074
UpdateRouteReq,23263
PNDiscReq,67546
UpdateRouteReq,31258
UpdateRouteReq,51566
UpdateRouteReq,141514
UpdateRouteReq,36839
UpdateRouteReq,26289
UpdateRouteReq,186409
UpdateRouteReq,152735
UpdateRouteReq,153567
UpdateRouteReq,25067
UpdateRouteReq,24045
UpdateRouteReq,29766
UpdateRouteReq,20578
UpdateRouteReq,32831
FindNodeReq,97603
UpdateRouteReq,41347
UpdateRouteReq,87725
UpdateRouteReq,301704
UpdateRouteReq,199553
UpdateRouteReq,137336
UpdateRouteReq,38492
UpdateRouteReq,199944
UpdateRouteReq,82414
UpdateRouteReq,47038
UpdateRouteReq,23955
UpdateRouteReq,21110
UpdateRouteReq,31188
FindNodeReq,99947
Error,34134
Error,65062
Error,51226
UpdateRouteReq,41738
UpdateRouteReq,74359
UpdateRouteReq,32131
UpdateRouteReq,87032
UpdateRouteReq,79469
UpdateRouteReq,34735
UpdateRouteReq,45215
UpdateRouteReq,23674
UpdateRouteReq,23234
UpdateRouteReq,31909
FindNodeReq,71784
FindNodeReq,64451
FindNodeReq,48901
FindNodeReq,43782
FindNodeReq,42389
UpdateRouteReq,21019
UpdateRouteReq,22783
UpdateRouteReq,40295
UpdateRouteReq,23664
UpdateRouteReq,44603
Error,41177
UpdateRouteReq,40736
Error,157504
Error,119383
FindNodeReq,80731
UpdateRouteReq,109204
UpdateRouteReq,50214
UpdateRouteReq,124673
UpdateRouteReq,22582
UpdateRouteReq,22553
UpdateRouteReq,22612
PathTeardownReq,42379
FindNodeRsp,65713
PathSetupReq,122509
FindNodeReq,158968
FindNodeReq,52187
FindNodeReq,59711
FindNodeReq,45085
UpdateRouteReq,23403
UpdateRouteReq,34394
UpdateRouteReq,18916
FindNodeReq,74289
UpdateRouteReq,178423
UpdateRouteReq,278150
UpdateRouteReq,72215
UpdateRouteReq,217516
UpdateRouteReq,189284
UpdateRouteReq,37189
UpdateRouteReq,23154
UpdateRouteReq,21230
UpdateRouteReq,23494
FindNodeReq,57167
Error,36979
Error,153887
Error,115817
FindNodeReq,93094
FindNodeReq,50945
FindNodeReq,46477
FindNodeReq,47679
UpdateRouteReq,23584
FindNodeRsp,41087
UpdateRouteReq,41027
UpdateRouteReq,54011
UpdateRouteReq,31328
FindNodeReq,96220
Error,117449
Error,127769
Error,105107
UpdateRouteReq,87494
FindNodeRsp,47358
UpdateRouteReq,52699
FindNodeReq,77344
FindNodeReq,73498
UpdateRouteReq,49603
UpdateRouteReq,258353
UpdateRouteReq,62267
UpdateRouteReq,32732
UpdateRouteReq,135824
UpdateRouteReq,151974
UpdateRouteReq,22562
UpdateRouteReq,20028
UpdateRouteReq,18605
UpdateRouteReq,37571
FindNodeReq,155170
FindNodeReq,145602
UpdateRouteReq,54832
UpdateRouteReq,183053
UpdateRouteReq,61826
UpdateRouteReq,26570
UpdateRouteReq,248645
UpdateRouteReq,216285
UpdateRouteReq,223898
UpdateRouteReq,40125
UpdateRouteReq,21360
UpdateRouteReq,20027
UpdateRouteReq,19627
UpdateRouteReq,30567
FindNodeReq,79328
UpdateRouteReq,48731
UpdateRouteReq,142737
UpdateRouteReq,24776
UpdateRouteReq,240480
UpdateRouteReq,164838
UpdateRouteReq,142206
UpdateRouteReq,231854
UpdateRouteReq,137567
UpdateRouteReq,23755
UpdateRouteReq,20849
UpdateRouteReq,19055
UpdateRouteReq,18956
UpdateRouteReq,41418
UpdateRouteReq,36278
FindNodeReq,81783
UpdateRouteReq,80361
UpdateRouteReq,250659
UpdateRouteReq,135884
UpdateRouteReq,50254
UpdateRouteReq,222707
UpdateRouteReq,117560
UpdateRouteReq,93765
UpdateRouteReq,24726
UpdateRouteReq,22903
UpdateRouteReq,21800
UpdateRouteReq,32962
UpdateRouteReq,30277
FindNodeReq,138810
UpdateRouteReq,35296
FindNodeRsp,39474
UpdateRouteReq,80491
UpdateRouteReq,308718
UpdateRouteReq,191649
UpdateRouteReq,108442
UpdateRouteReq,223569
UpdateRouteReq,139711
UpdateRouteReq,249627
UpdateRouteReq,150982
UpdateRouteReq,23574
UpdateRouteReq,20439
UpdateRouteReq,19897
UpdateRouteReq,19677
UpdateRouteReq,30377
FindNodeReq,85921
UpdateRouteReq,50244
UpdateRouteReq,137046
UpdateRouteReq,30086
UpdateRouteReq,260598
UpdateRouteReq,170309
UpdateRouteReq,123862
UpdateRouteReq,214151
UpdateRouteReq,81112
UpdateRouteReq,35767
UpdateRouteReq,23153
UpdateRouteReq,20579
UpdateRouteReq,19988
FindNodeRsp,45556
UpdateRouteReq,49062
FindNodeReq,136034
UpdateRouteReq,79769
UpdateRouteReq,138118
UpdateRouteReq,55895
UpdateRouteReq,94757
UpdateRouteReq,156372
UpdateRouteReq,25848
UpdateRouteReq,23063
UpdateRouteReq,23244
UpdateRouteReq,35056
FindNodeReq,112340
FindNodeReq,115335
FindNodeReq,110196
FindNodeReq,67827
FindNodeReq,59061
FindNodeReq,57167
UpdateRouteReq,26129
UpdateRouteReq,25508
FindNodeReq,73027
Error,29515
Error,105677
Error,66254
Error,36679
Error,110778
Error,100808
PNHello,59502
PNDiscRsp,43551
FindNodeRsp,40095
FindNodeRsp,39765
UpdateRouteReq,78948
UpdateRouteReq,284402
UpdateRouteReq,39935
UpdateRouteReq,267200
UpdateRouteReq,280475
UpdateRouteReq,58360
UpdateRouteReq,22502
UpdateRouteReq,20899
UpdateRouteReq,21169
UpdateRouteReq,21070
FindNodeRsp,43732
UpdateRouteReq,34364
UpdateRouteReq,58640
FindNodeReq,85399
FindNodeReq,114474
FindNodeRsp,41257
UpdateRouteReq,63329
FindNodeReq,51467
UpdateRouteReq,139561
UpdateRouteReq,317794
UpdateRouteReq,103824
UpdateRouteReq,17833
UpdateRouteReq,23654
UpdateRouteReq,27191
UpdateRouteReq,25788
UpdateRouteReq,28554
FindNodeReq,107632
FindNodeRsp,46847
FindNodeRsp,30356
Error,32771
Error,149410
Error,129242
FindNodeReq,79168
FindNodeRsp,39985
FindNodeReq,89648
FindNodeRsp,32881
FindNodeRsp,29756
Error,37059
Error,69691
Error,42941
Error,38512
Error,41508
Error,29846
Error,74910
Error,69200
Error,64892
Error,25678
Error,30607
Error,21140
Error,16471
FindNodeReq,79308
FindNodeRsp,38722
FindNodeReq,77014
FindNodeReq,99276
FindNodeReq,58629
FindNodeReq,54883
FindNodeReq,53821
FindNodeReq,95839
FindNodeRsp,28162
FindNodeRsp,44333
FindNodeReq,68168
FindNodeRsp,44613
Error,74850
Error,59962
Error,59231
Error,28343
FindNodeRsp,36739
FindNodeRsp,29836
PathSetupReq,34665
FindNodeRsp,43822
FindNodeReq,99907
FindNodeRsp,33724
FindNodeRsp,58951
FindNodeReq,97012
FindNodeRsp,32431
PathSetupReq,33854
FindNodeReq,101370
FindNodeRsp,33172
FindNodeRsp,31659
FindNodeRsp,34895
FindNodeReq,83175
FindNodeRsp,29826
FindNodeReq,77815
FindNodeReq,101760
FindNodeRsp,55224
FindNodeRsp,33192
FindNodeReq,99826
FindNodeReq,93735
FindNodeRsp,28343
FindNodeReq,80881
FindNodeReq,98925
FindNodeReq,91621
FindNodeReq,80661
FindNodeReq,90639
FindNodeReq,73338
FindNodeRsp,34274
FindNodeReq,80931
FindNodeReq,90529
FindNodeRsp,37811
FindNodeReq,97893
FindNodeRsp,29696
FindNodeRsp,35055
FindNodeRsp,41788
FindNodeRsp,28694
FindNodeRsp,40345
FindNodeReq,101460
FindNodeReq,59602
FindNodeRsp,37561
FindNodeReq,102983
FindNodeReq,81422
FindNodeRsp,31239
FindNodeReq,101691
FindNodeRsp,43461
FindNodeReq,73567
FindNodeRsp,27542
FindNodeRsp,30437
FindNodeReq,79038
FindNodeReq,82895
FindNodeRsp,31349
Error,184856
UpdateRouteReq,186458
Error,186939
Error,202839
UpdateRouteReq,207728
Error,206265
Error,124533
Error,117590
Error,52919
Error,63870
Error,57818
Error,55824
Error,27502
Error,59782
Error,31178
Error,67015
Error,78437
UpdateRouteReq,87894
Error,180628
UpdateRouteReq,118502
Error,59621
Error,58730
Error,58049
Error,21691
Error,16180
Error,33122
Error,21540
Error,17112
Error,25768
FindNodeRsp,35306
FindNodeReq,84678
FindNodeRsp,34795
FindNodeReq,97062
Error,32931
Error,101039
Error,55053
Error,51085
Error,49222
Error,50295
Error,49152
Error,20198
Error,16641
FindNodeReq,76613
FindNodeRsp,30477
FindNodeRsp,29656
FindNodeReq,111098
FindNodeRsp,26730
FindNodeReq,77054
FindNodeRsp,35917
FindNodeReq,96380
FindNodeRsp,36048
FindNodeReq,101510
FindNodeReq,80040
FindNodeReq,76684
FindNodeRsp,30276
FindNodeRsp,32731
FindNodeReq,84688
FindNodeRsp,30538
FindNodeRsp,32030
FindNodeReq,76343
FindNodeReq,96971
FindNodeRsp,30668
FindNodeReq,110336
UpdateRouteReq,95889
UpdateRouteReq,83376
Error,62607
UpdateRouteReq,21269
Error,59061
UpdateRouteReq,41047
UpdateRouteReq,58329
Error,67396
UpdateRouteReq,48811
Error,50103
UpdateRouteReq,40085
Error,37260
UpdateRouteReq,24766
Error,40566
UpdateRouteReq,33903
Error,32371
UpdateRouteReq,24235
Error,44383
UpdateRouteReq,37480
Error,20478
UpdateRouteReq,65172
Error,51356
UpdateRouteReq,37090
UpdateRouteReq,34605
UpdateRouteReq,23263
Error,24325
Error,16030
UpdateRouteReq,25487
Error,16881
Error,75391
UpdateRouteReq,75521
Error,53360
Error,41378
Error,39313
Error,19937
Error,15849
FindNodeRsp,31028
FindNodeReq,377877
FindNodeRsp,36528
FindNodeRsp,29294
FindNodeReq,91280
FindNodeRsp,33443
FindNodeReq,243516
FindNodeRsp,29615
UpdateRouteReq,177372
FindNodeRsp,24235
FindNodeRsp,28784
FindNodeReq,79469
FindNodeReq,79709
FindNodeRsp,34885
PathSetupReq,184365
FindNodeRsp,36849
FindNodeReq,89608
FindNodeReq,111128
FindNodeRsp,29826
PNDiscReq,70702
FindNodeReq,89567
FindNodeRsp,29445
UpdateRouteReq,23203
FindNodeReq,74950
UpdateRouteReq,20318
PathSetupReq,32020
FindNodeRsp,32961
FindNodeReq,62277
