PNDiscReq,167440
QueryRouteRsp,88489
QueryRouteReq,125458
FindNodeRsp,73210
PNHello,210014
PNDiscRsp,91478
UpdateRouteReq,45587
QueryRouteRsp,124630
QueryRouteReq,75684
UpdateRouteReq,157826
UpdateRouteReq,136029
UpdateRouteReq,76864
UpdateRouteReq,68986
QueryRouteReq,158152
UpdateRouteReq,203491
UpdateRouteReq,232847
UpdateRouteReq,90561
QueryRouteRsp,50484
UpdateRouteReq,54948
PathSetupReq,74200
UpdateRouteReq,297299
UpdateRouteReq,406213
UpdateRouteReq,170332
UpdateRouteReq,168546
QueryRouteReq,135027
UpdateRouteReq,88643
UpdateRouteReq,309596
UpdateRouteReq,442262
UpdateRouteReq,510674
UpdateRouteReq,641706
UpdateRouteReq,812679
UpdateRouteReq,979254
QueryRouteRsp,1035066
UpdateRouteReq,1213615
UpdateRouteReq,1202184
UpdateRouteReq,1244405
UpdateRouteReq,498421
PathSetupReq,583895
UpdateRouteReq,649560
PNDiscReq,203852
FindNodeRsp,96202
PathSetupReq,66497
PNHello,119921
PNDiscRsp,65598
FindNodeRsp,121474
FindNodeReq,181182
FindNodeReq,198083
FindNodeRsp,133017
PNDiscReq,133884
FindNodeRsp,130227
PNHello,201132
PNDiscRsp,68603
FindNodeRsp,104731
FindNodeRsp,140170
FindNodeRsp,122658
FindNodeRsp,137353
PNDiscReq,132077
FindNodeRsp,128974
PNHello,120404
PNDiscRsp,66567
FindNodeRsp,132015
FindNodeReq,173064
FindNodeRsp,133204
FindNodeReq,217726
FindNodeReq,168105
FindNodeRsp,140367
FindNodeRsp,143533
FindNodeRsp,128905
FindNodeReq,283661
FindNodeRsp,112593
FindNodeRsp,115694
FindNodeRsp,124018
FindNodeRsp,138335
FindNodeReq,151856
FindNodeRsp,110718
FindNodeReq,152683
FindNodeRsp,122769
PNDiscReq,130364
FindNodeRsp,133635
FindNodeReq,194496
FindNodeRsp,110642
PNHello,119533
PNDiscRsp,64210
FindNodeRsp,132837
FindNodeRsp,125963
FindNodeRsp,127148
FindNodeReq,152711
FindNodeReq,120658
FindNodeRsp,149066
FindNodeRsp,132804
FindNodeRsp,162190
FindNodeRsp,118955
FindNodeRsp,109694
FindNodeReq,169483
FindNodeRsp,129455
FindNodeRsp,117601
FindNodeRsp,101322
FindNodeRsp,130813
FindNodeRsp,137499
FindNodeReq,203726
FindNodeRsp,122985
FindNodeRsp,128021
FindNodeRsp,133207
FindNodeReq,166835
FindNodeRsp,118666
FindNodeReq,172318
FindNodeReq,169882
FindNodeRsp,125611
FindNodeRsp,175676
FindNodeRsp,132285
FindNodeRsp,121877
FindNodeReq,169284
FindNodeRsp,114582
FindNodeReq,157587
FindNodeRsp,115918
PNDiscReq,131073
FindNodeRsp,127594
FindNodeRsp,129339
FindNodeReq,193898
FindNodeReq,117425
FindNodeRsp,132117
PNHello,117833
PNDiscRsp,90605
FindNodeRsp,121093
FindNodeRsp,118238
FindNodeReq,203647
FindNodeReq,174789
FindNodeRsp,113097
FindNodeRsp,143548
PathSetupReq,84914
PathSetupReq,85510
FindNodeRsp,111254
FindNodeRsp,137277
PathSetupReq,75950
PathSetupReq,179787
PathSetupReq,83711
FindNodeReq,171592
FindNodeReq,168800
FindNodeRsp,138292
FindNodeRsp,129641
FindNodeRsp,117612
PathSetupReq,113263
PathSetupReq,85542
PathSetupReq,88590
PathSetupReq,95673
FindNodeReq,167900
FindNodeRsp,126923
FindNodeRsp,108997
FindNodeReq,155768
FindNodeRsp,115187
FindNodeRsp,137349
FindNodeReq,170168
FindNodeReq,129077
FindNodeRsp,121337
FindNodeRsp,138082
FindNodeRsp,124824
FindNodeRsp,121510
FindNodeRsp,119441
FindNodeRsp,133879
FindNodeRsp,114587
FindNodeReq,171433
FindNodeReq,169376
FindNodeRsp,131942
FindNodeRsp,143549
FindNodeRsp,133617
FindNodeRsp,126257
FindNodeReq,168682
FindNodeRsp,131593
FindNodeReq,164125
FindNodeReq,171564
FindNodeRsp,130581
FindNodeRsp,119725
FindNodeRsp,125215
FindNodeRsp,148849
FindNodeRsp,122530
FindNodeRsp,121116
FindNodeRsp,120197
FindNodeRsp,122351
FindNodeRsp,116872
FindNodeRsp,140920
FindNodeReq,150524
FindNodeRsp,145879
FindNodeRsp,133823
FindNodeRsp,124069
FindNodeReq,128395
FindNodeRsp,135029
FindNodeRsp,134077
FindNodeReq,153157
FindNodeRsp,125594
FindNodeRsp,123659
FindNodeReq,154969
FindNodeRsp,157485
FindNodeRsp,117278
FindNodeRsp,123816
PNDiscReq,134321
FindNodeRsp,129846
FindNodeRsp,129409
FindNodeRsp,133801
FindNodeReq,170418
FindNodeRsp,135101
FindNodeReq,172341
FindNodeReq,172637
PNHello,118865
PNDiscRsp,66075
FindNodeRsp,139940
FindNodeRsp,139605
FindNodeRsp,143297
FindNodeReq,168569
FindNodeReq,221008
FindNodeRsp,112943
FindNodeReq,170240
FindNodeRsp,126369
FindNodeRsp,116932
FindNodeReq,230607
FindNodeRsp,126518
FindNodeRsp,138330
FindNodeReq,121289
FindNodeRsp,120362
FindNodeReq,173487
FindNodeReq,152499
FindNodeRsp,128891
FindNodeReq,167333
FindNodeRsp,130084
FindNodeReq,172948
FindNodeRsp,127512
PathSetupReq,85903
FindNodeRsp,114959
PathSetupReq,70399
FindNodeReq,156923
FindNodeRsp,106726
FindNodeRsp,138357
PathSetupReq,74356
PathSetupReq,117815
PathSetupReq,65499
FindNodeReq,173433
FindNodeReq,171898
FindNodeReq,124168
FindNodeRsp,148745
FindNodeRsp,139555
FindNodeRsp,124017
PathSetupReq,111630
PathSetupReq,82026
PathSetupReq,72127
PathSetupReq,62517
FindNodeRsp,125882
FindNodeRsp,121467
FindNodeRsp,126822
FindNodeRsp,126942
FindNodeReq,153086
FindNodeRsp,136040
FindNodeReq,163254
FindNodeRsp,136433
FindNodeRsp,128989
FindNodeReq,170720
FindNodeRsp,110158
FindNodeRsp,131473
FindNodeReq,168147
FindNodeRsp,112338
FindNodeRsp,126469
FindNodeReq,223276
FindNodeReq,171120
FindNodeReq,168695
FindNodeRsp,126752
FindNodeRsp,151197
FindNodeRsp,130515
FindNodeRsp,117858
FindNodeRsp,123964
FindNodeReq,170121
FindNodeRsp,122212
FindNodeRsp,119273
FindNodeRsp,141948
FindNodeReq,171820
FindNodeReq,171063
FindNodeRsp,127834
FindNodeRsp,138626
FindNodeRsp,124925
FindNodeRsp,124938
FindNodeRsp,106529
FindNodeRsp,147050
FindNodeRsp,116850
FindNodeReq,195085
FindNodeReq,170117
FindNodeRsp,145095
FindNodeRsp,131116
FindNodeRsp,127713
FindNodeReq,185594
FindNodeRsp,122945
FindNodeReq,275634
FindNodeRsp,135037
FindNodeReq,161066
FindNodeRsp,119397
FindNodeRsp,123592
FindNodeRsp,130962
FindNodeRsp,127124
FindNodeRsp,121517
FindNodeRsp,125314
FindNodeRsp,125477
FindNodeRsp,120870
FindNodeRsp,120101
FindNodeReq,175156
FindNodeReq,171406
FindNodeReq,169407
FindNodeRsp,138087
FindNodeRsp,156907
FindNodeRsp,130708
FindNodeReq,176964
FindNodeReq,168007
FindNodeRsp,137517
FindNodeReq,167627
FindNodeRsp,114448
FindNodeReq,162910
FindNodeRsp,135642
FindNodeRsp,124450
FindNodeRsp,115539
FindNodeRsp,133209
FindNodeRsp,121255
FindNodeReq,167965
FindNodeRsp,125657
FindNodeRsp,133792
PathSetupReq,65460
PathSetupReq,81969
FindNodeRsp,135013
FindNodeReq,174715
FindNodeRsp,130406
FindNodeRsp,132073
PathSetupReq,109437
PathSetupReq,122334
PathSetupReq,46771
FindNodeReq,169855
FindNodeReq,168257
FindNodeRsp,141788
FindNodeRsp,140795
PathSetupReq,111833
PathSetupReq,62925
FindNodeRsp,124357
PathSetupReq,88582
PathSetupReq,62532
FindNodeReq,200959
FindNodeRsp,126350
FindNodeRsp,123945
FindNodeReq,168132
FindNodeReq,171983
FindNodeRsp,114265
FindNodeRsp,129315
PNDiscReq,128307
FindNodeReq,168224
FindNodeReq,166864
FindNodeReq,184297
FindNodeReq,236317
PNHello,116563
PNDiscRsp,71244
FindNodeReq,168624
FindNodeRsp,135611
FindNodeRsp,132521
FindNodeRsp,140997
FindNodeRsp,128175
FindNodeRsp,133074
FindNodeRsp,126722
FindNodeRsp,121967
FindNodeReq,145896
FindNodeRsp,123522
FindNodeRsp,141509
FindNodeRsp,123922
FindNodeRsp,118181
FindNodeReq,171333
FindNodeReq,170020
FindNodeReq,169668
FindNodeRsp,141915
FindNodeRsp,137842
FindNodeRsp,128584
FindNodeReq,168933
FindNodeReq,170683
FindNodeRsp,133181
FindNodeReq,172465
FindNodeRsp,115376
FindNodeReq,166349
FindNodeReq,170877
FindNodeRsp,126839
FindNodeReq,163190
FindNodeRsp,122193
FindNodeRsp,121322
FindNodeRsp,134684
FindNodeReq,167557
FindNodeReq,168132
FindNodeRsp,145492
FindNodeRsp,131776
FindNodeReq,191196
FindNodeRsp,136446
FindNodeRsp,142732
FindNodeRsp,134652
FindNodeRsp,123826
FindNodeReq,168589
PathSetupReq,64673
FindNodeReq,173624
FindNodeRsp,115346
FindNodeRsp,133672
PathSetupReq,120370
PathSetupReq,45142
FindNodeReq,170649
FindNodeReq,197436
FindNodeRsp,139088
FindNodeRsp,140321
PathSetupReq,109449
PathSetupReq,111588
PathSetupReq,61591
FindNodeRsp,132654
FindNodeRsp,119838
FindNodeRsp,121377
FindNodeRsp,136805
FindNodeReq,167136
FindNodeRsp,133522
FindNodeRsp,144207
FindNodeRsp,138940
FindNodeReq,170637
FindNodeReq,169709
FindNodeRsp,120690
FindNodeRsp,138705
FindNodeRsp,128775
FindNodeRsp,134141
FindNodeReq,193478
FindNodeRsp,114825
FindNodeReq,155301
FindNodeRsp,144976
FindNodeRsp,126410
FindNodeReq,170702
FindNodeRsp,126894
FindNodeReq,186220
FindNodeRsp,126783
FindNodeReq,174000
FindNodeReq,175002
FindNodeRsp,143312
FindNodeRsp,141589
FindNodeReq,156908
FindNodeRsp,125227
FindNodeRsp,139377
FindNodeReq,178823
FindNodeReq,259494
FindNodeRsp,126158
FindNodeRsp,133941
FindNodeRsp,123453
FindNodeRsp,137417
FindNodeReq,202190
PNDiscReq,129810
FindNodeRsp,132999
FindNodeReq,172638
FindNodeReq,168140
FindNodeReq,175816
FindNodeReq,173716
FindNodeReq,238380
FindNodeRsp,131898
FindNodeReq,175604
FindNodeReq,173414
PNHello,123048
PNDiscRsp,67537
FindNodeRsp,135545
FindNodeRsp,140825
FindNodeRsp,126617
FindNodeReq,174655
FindNodeReq,167285
FindNodeRsp,127514
FindNodeRsp,125005
FindNodeRsp,140079
FindNodeReq,161674
PathSetupReq,64763
FindNodeRsp,138340
FindNodeReq,162341
FindNodeRsp,126166
FindNodeReq,169460
PathSetupReq,140761
PathSetupReq,63194
FindNodeRsp,129416
FindNodeReq,174162
FindNodeReq,173240
FindNodeRsp,182233
FindNodeRsp,135565
PathSetupReq,108219
PathSetupReq,86581
PathSetupReq,94690
FindNodeRsp,131101
FindNodeRsp,119426
FindNodeRsp,132953
FindNodeReq,164281
FindNodeRsp,134580
FindNodeRsp,115487
FindNodeReq,175408
FindNodeReq,177120
FindNodeRsp,135788
FindNodeRsp,119703
FindNodeRsp,122162
FindNodeReq,170232
FindNodeReq,172540
FindNodeReq,171391
FindNodeRsp,132005
FindNodeRsp,137861
FindNodeRsp,128973
FindNodeRsp,120046
FindNodeRsp,117880
FindNodeRsp,121638
FindNodeReq,168936
FindNodeRsp,131607
FindNodeRsp,124994
FindNodeReq,189997
FindNodeReq,162871
FindNodeRsp,133602
FindNodeRsp,116530
FindNodeReq,170389
FindNodeReq,244926
FindNodeRsp,118428
FindNodeReq,169896
FindNodeReq,171604
FindNodeRsp,118414
FindNodeRsp,146045
UpdateRouteReq,66064
UpdateRouteReq,91126
UpdateRouteReq,89077
UpdateRouteReq,75883
PathTeardownReq,42201
UpdateRouteReq,187980
PathTeardownReq,41271
PathTeardownReq,39843
UpdateRouteReq,63203
QueryRouteReq,169340
UpdateRouteReq,52889
PathSetupReq,43119
UpdateRouteReq,46153
UpdateRouteReq,47532
FindNodeRsp,68338
UpdateRouteReq,47887
PathSetupReq,56892
UpdateRouteReq,61439
UpdateRouteReq,88805
UpdateRouteReq,45150
UpdateRouteReq,45826
UpdateRouteReq,177976
UpdateRouteReq,51046
UpdateRouteReq,48601
UpdateRouteReq,76972
FindNodeRsp,132046
UpdateRouteReq,69329
UpdateRouteReq,75074
FindNodeReq,171638
UpdateRouteReq,111654
UpdateRouteReq,103120
UpdateRouteReq,75467
UpdateRouteReq,103601
PathTeardownReq,132417
UpdateRouteReq,298267
UpdateRouteReq,428963
UpdateRouteReq,588102
UpdateRouteReq,707781
UpdateRouteReq,335092
UpdateRouteReq,485497
UpdateRouteReq,79943
FindNodeReq,162288
UpdateRouteReq,71411
PathSetupReq,58858
Error,169184
Error,174970
Error,123121
FindNodeRsp,105695
Error,167977
Error,82406
UpdateRouteReq,73067
UpdateRouteReq,47577
UpdateRouteReq,44631
UpdateRouteReq,66893
UpdateRouteReq,57823
UpdateRouteReq,95333
UpdateRouteReq,76972
PathTeardownReq,84825
UpdateRouteReq,45429
UpdateRouteReq,52712
UpdateRouteReq,45172
FindNodeRsp,129901
UpdateRouteReq,125979
PathSetupReq,39161
UpdateRouteReq,101122
UpdateRouteReq,51544
FindNodeRsp,114181
FindNodeReq,154678
FindNodeRsp,77986
UpdateRouteReq,78458
FindNodeReq,166252
Error,84506
Error,79142
UpdateRouteReq,94574
UpdateRouteReq,42545
Error,107301
Error,34991
UpdateRouteReq,192521
UpdateRouteReq,98338
UpdateRouteReq,48747
UpdateRouteReq,51801
UpdateRouteReq,47350
Error,142385
Error,210360
Error,179364
UpdateRouteReq,54466
UpdateRouteReq,51153
UpdateRouteReq,42425
UpdateRouteReq,66927
Error,128829
UpdateRouteReq,45673
UpdateRouteReq,75358
Error,57803
Error,41061
FindNodeRsp,67366
UpdateRouteReq,47846
UpdateRouteReq,66082
UpdateRouteReq,76065
UpdateRouteReq,71287
PathTeardownReq,89007
UpdateRouteReq,108676
UpdateRouteReq,140771
UpdateRouteReq,97527
UpdateRouteReq,106197
UpdateRouteReq,60806
UpdateRouteReq,56742
UpdateRouteReq,83702
UpdateRouteReq,67633
UpdateRouteReq,40250
Error,146209
Error,102074
UpdateRouteReq,98582
Error,150110
FindNodeReq,98022
UpdateRouteReq,47599
UpdateRouteReq,42999
UpdateRouteReq,40730
Error,90631
UpdateRouteReq,75970
UpdateRouteReq,76716
UpdateRouteReq,38561
Error,85384
Error,102287
UpdateRouteReq,53518
PathSetupReq,38904
UpdateRouteReq,43485
UpdateRouteReq,42066
UpdateRouteReq,40783
UpdateRouteReq,43941
Error,140381
UpdateRouteReq,44199
Error,189662
Error,258555
UpdateRouteReq,69497
UpdateRouteReq,69610
Error,109312
Error,110863
UpdateRouteReq,91460
UpdateRouteReq,130933
UpdateRouteReq,44444
Error,152057
Error,175681
UpdateRouteReq,70526
UpdateRouteReq,73450
UpdateRouteReq,38573
Error,171042
Error,102034
Error,159247
Error,71214
UpdateRouteReq,70472
Error,84478
Error,125412
Error,129443
UpdateRouteReq,126791
UpdateRouteReq,170577
Error,56890
Error,54784
Error,33459
UpdateRouteReq,127133
UpdateRouteReq,63487
Error,59257
UpdateRouteReq,48228
Error,37731
Error,34180
UpdateRouteReq,45174
Error,35855
UpdateRouteReq,84959
UpdateRouteReq,46088
Error,80149
Error,72175
UpdateRouteReq,56506
UpdateRouteReq,47455
UpdateRouteReq,46235
Error,39359
Error,52595
Error,52023
Error,33979
UpdateRouteReq,119916
UpdateRouteReq,190424
Error,184758
UpdateRouteReq,83658
Error,90054
UpdateRouteReq,51124
UpdateRouteReq,45479
UpdateRouteReq,44751
UpdateRouteReq,67600
UpdateRouteReq,40372
UpdateRouteReq,112363
Error,118686
Error,232148
UpdateRouteReq,62550
UpdateRouteReq,50727
UpdateRouteReq,42610
Error,111197
UpdateRouteReq,73578
UpdateRouteReq,76744
UpdateRouteReq,47601
UpdateRouteReq,44423
UpdateRouteReq,43546
UpdateRouteReq,92614
Error,103611
UpdateRouteReq,49760
UpdateRouteReq,47022
UpdateRouteReq,45142
UpdateRouteReq,105086
UpdateRouteReq,99092
UpdateRouteReq,146861
Error,76830
UpdateRouteReq,46339
UpdateRouteReq,41315
UpdateRouteReq,39741
UpdateRouteReq,110020
PathTeardownReq,175876
UpdateRouteReq,97752
UpdateRouteReq,93065
UpdateRouteReq,44795
UpdateRouteReq,131572
UpdateRouteReq,69939
PathSetupReq,38330
UpdateRouteReq,74118
UpdateRouteReq,46322
PathTeardownReq,37948
UpdateRouteReq,47612
UpdateRouteReq,42509
PathTeardownReq,34629
PathTeardownReq,40784
UpdateRouteReq,48399
UpdateRouteReq,41553
UpdateRouteReq,53259
UpdateRouteReq,71944
UpdateRouteReq,42555
UpdateRouteReq,55134
PathSetupReq,37092
UpdateRouteReq,87823
UpdateRouteReq,42375
PathTeardownReq,36874
UpdateRouteReq,48139
UpdateRouteReq,40127
PathSetupReq,51827
UpdateRouteReq,54198
UpdateRouteReq,39651
UpdateRouteReq,43961
UpdateRouteReq,42415
UpdateRouteReq,42895
UpdateRouteReq,42432
UpdateRouteReq,57199
PathSetupReq,60691
UpdateRouteReq,69693
UpdateRouteReq,76194
UpdateRouteReq,66539
PathTeardownReq,37335
UpdateRouteReq,48855
PathTeardownReq,37810
PathSetupReq,86123
PathTeardownReq,35612
PathTeardownReq,38413
UpdateRouteReq,48392
UpdateRouteReq,36085
QueryRouteReq,142053
UpdateRouteReq,85733
UpdateRouteReq,76999
UpdateRouteReq,52856
QueryRouteReq,96824
UpdateRouteReq,69321
UpdateRouteReq,88979
UpdateRouteReq,83802
UpdateRouteReq,53883
PathSetupReq,115337
PathTeardownReq,34860
UpdateRouteReq,71687
PathSetupReq,61206
UpdateRouteReq,61154
UpdateRouteReq,41303
FindNodeReq,126490
UpdateRouteReq,51772
UpdateRouteReq,90141
PathTeardownReq,36677
UpdateRouteReq,41771
UpdateRouteReq,42402
UpdateRouteReq,34977
UpdateRouteReq,46247
UpdateRouteReq,58493
UpdateRouteReq,69677
UpdateRouteReq,70083
UpdateRouteReq,89207
PathSetupReq,87673
PathTeardownReq,93323
UpdateRouteReq,72127
UpdateRouteReq,64640
UpdateRouteReq,68012
UpdateRouteReq,39637
UpdateRouteReq,59378
UpdateRouteReq,535494
QueryRouteReq,633486
UpdateRouteReq,698917
UpdateRouteReq,860501
UpdateRouteReq,395732
UpdateRouteReq,557049
UpdateRouteReq,404991
UpdateRouteReq,428652
UpdateRouteReq,282414
UpdateRouteReq,81840
UpdateRouteReq,80076
QueryRouteReq,126118
UpdateRouteReq,56219
UpdateRouteReq,62539
UpdateRouteReq,81927
FindNodeRsp,92178
UpdateRouteReq,84488
UpdateRouteReq,59987
QueryRouteReq,148321
UpdateRouteReq,59043
QueryRouteReq,70526
UpdateRouteReq,73999
UpdateRouteReq,41231
FindNodeReq,148785
UpdateRouteReq,85922
UpdateRouteReq,87197
PathSetupReq,89382
UpdateRouteReq,48183
UpdateRouteReq,41235
UpdateRouteReq,40029
UpdateRouteReq,42871
UpdateRouteReq,61373
UpdateRouteReq,213223
UpdateRouteReq,48099
PathSetupReq,34413
UpdateRouteReq,49205
Error,152206
UpdateRouteReq,185471
Error,212419
UpdateRouteReq,70479
UpdateRouteReq,74172
UpdateRouteReq,55368
UpdateRouteReq,140673
Error,103094
UpdateRouteReq,48830
Error,90425
UpdateRouteReq,56035
UpdateRouteReq,51297
Error,113441
Error,83585
PathTeardownReq,43084
FindNodeReq,87580
Error,85176
FindNodeReq,108874
Error,79218
UpdateRouteReq,49474
Error,123988
UpdateRouteReq,51064
UpdateRouteReq,39007
UpdateRouteReq,79278
PathSetupReq,43507
UpdateRouteReq,49163
UpdateRouteReq,96474
UpdateRouteReq,53099
Error,91382
UpdateRouteReq,49193
UpdateRouteReq,45708
Error,80042
Error,41993
Error,53374
UpdateRouteReq,72269
PathTeardownReq,39105
UpdateRouteReq,45686
UpdateRouteReq,95196
UpdateRouteReq,46204
UpdateRouteReq,47809
PathSetupReq,34856
UpdateRouteReq,74326
UpdateRouteReq,45949
UpdateRouteReq,75430
UpdateRouteReq,66370
PathTeardownReq,37103
PathTeardownReq,35687
PathTeardownReq,42768
QueryRouteReq,72890
UpdateRouteReq,92440
UpdateRouteReq,62777
UpdateRouteReq,43244
QueryRouteReq,104071
UpdateRouteReq,43497
UpdateRouteReq,44973
UpdateRouteReq,39386
UpdateRouteReq,73175
UpdateRouteReq,77063
UpdateRouteReq,45223
UpdateRouteReq,37354
UpdateRouteReq,79779
UpdateRouteReq,79359
UpdateRouteReq,86286
UpdateRouteReq,78638
PathSetupReq,35279
UpdateRouteReq,96428
UpdateRouteReq,92045
UpdateRouteReq,46226
UpdateRouteReq,123493
UpdateRouteReq,45152
UpdateRouteReq,44609
UpdateRouteReq,36735
UpdateRouteReq,45714
PathSetupReq,101648
PathTeardownReq,95176
PathTeardownReq,59669
UpdateRouteReq,111095
FindNodeReq,151999
UpdateRouteReq,57287
UpdateRouteReq,40175
UpdateRouteReq,47443
UpdateRouteReq,45159
PathSetupReq,101624
UpdateRouteReq,109213
UpdateRouteReq,46010
UpdateRouteReq,76793
FindNodeReq,127207
PathSetupReq,106442
FindNodeReq,152964
FindNodeReq,196031
UpdateRouteReq,221671
FindNodeReq,92829
FindNodeReq,128107
UpdateRouteReq,43663
PathTeardownReq,36059
UpdateRouteReq,41190
UpdateRouteReq,36193
UpdateRouteReq,99050
PathTeardownReq,90834
UpdateRouteReq,139717
UpdateRouteReq,82939
UpdateRouteReq,124467
PathSetupReq,114838
UpdateRouteReq,50821
UpdateRouteReq,44595
PathSetupReq,76866
FindNodeReq,164710
UpdateRouteReq,48581
PathTeardownReq,40659
UpdateRouteReq,41106
FindNodeReq,91504
PathTeardownReq,39064
UpdateRouteReq,48990
UpdateRouteReq,49179
UpdateRouteReq,42768
UpdateRouteReq,44937
UpdateRouteReq,39028
UpdateRouteReq,59054
UpdateRouteReq,45707
UpdateRouteReq,49862
PathSetupReq,51279
UpdateRouteReq,55585
UpdateRouteReq,54873
UpdateRouteReq,104841
UpdateRouteReq,118375
PathTeardownReq,74188
UpdateRouteReq,59867
PathSetupReq,55964
UpdateRouteReq,42112
UpdateRouteReq,44127
UpdateRouteReq,45241
UpdateRouteReq,47915
UpdateRouteReq,47701
UpdateRouteReq,48826
UpdateRouteReq,43671
UpdateRouteReq,82182
PathSetupReq,32519
PathTeardownReq,32181
PathTeardownReq,34401
PathTeardownReq,60375
QueryRouteReq,74391
UpdateRouteReq,43730
UpdateRouteReq,74947
QueryRouteReq,71462
UpdateRouteReq,44555
UpdateRouteReq,44415
UpdateRouteReq,37027
UpdateRouteReq,93190
UpdateRouteReq,123861
PathSetupReq,82582
UpdateRouteReq,47795
UpdateRouteReq,44439
UpdateRouteReq,36853
UpdateRouteReq,57671
PathSetupReq,54987
UpdateRouteReq,46447
UpdateRouteReq,88142
PathTeardownReq,74691
FindNodeRsp,108898
PathTeardownReq,195448
UpdateRouteReq,1429314
FindNodeReq,139192
UpdateRouteReq,53075
FindNodeReq,91514
FindNodeReq,80192
UpdateRouteReq,40545
FindNodeReq,116942
FindNodeReq,159705
UpdateRouteReq,46079
UpdateRouteReq,43404
UpdateRouteReq,36494
UpdateRouteReq,59223
UpdateRouteReq,52626
PathSetupReq,32671
UpdateRouteReq,57065
PathTeardownReq,102551
UpdateRouteReq,51770
PathSetupReq,32976
PathTeardownReq,96589
UpdateRouteReq,72851
UpdateRouteReq,77112
QueryRouteReq,80273
UpdateRouteReq,46984
PathTeardownReq,77109
UpdateRouteReq,60079
QueryRouteReq,68262
UpdateRouteReq,45174
UpdateRouteReq,61044
UpdateRouteReq,62465
UpdateRouteReq,134957
UpdateRouteReq,132510
PathSetupReq,73902
UpdateRouteReq,78022
UpdateRouteReq,55403
UpdateRouteReq,49035
PathTeardownReq,103292
PathTeardownReq,40704
UpdateRouteReq,252624
UpdateRouteReq,418232
UpdateRouteReq,40076
UpdateRouteReq,82158
UpdateRouteReq,41555
UpdateRouteReq,92265
UpdateRouteReq,46956
UpdateRouteReq,61535
UpdateRouteReq,64813
QueryRouteReq,137808
UpdateRouteReq,146468
UpdateRouteReq,40866
QueryRouteReq,93454
UpdateRouteReq,97302
UpdateRouteReq,36780
UpdateRouteReq,123286
UpdateRouteReq,38052
UpdateRouteReq,94192
UpdateRouteReq,64544
UpdateRouteReq,70487
UpdateRouteReq,69538
UpdateRouteReq,46435
PathSetupReq,32335
UpdateRouteReq,44787
QueryRouteReq,178580
UpdateRouteReq,173398
QueryRouteReq,235003
UpdateRouteReq,242798
UpdateRouteReq,282113
UpdateRouteReq,285693
PathSetupReq,80590
FindNodeRsp,198001
UpdateRouteReq,266620
UpdateRouteReq,48690
PathSetupReq,33778
UpdateRouteReq,47227
UpdateRouteReq,48735
UpdateRouteReq,230006
UpdateRouteReq,77404
UpdateRouteReq,47666
UpdateRouteReq,74298
UpdateRouteReq,70271
Error,76482
UpdateRouteReq,91860
UpdateRouteReq,97833
UpdateRouteReq,147562
UpdateRouteReq,79818
Error,157018
UpdateRouteReq,165941
Error,93380
UpdateRouteReq,49649
UpdateRouteReq,45172
UpdateRouteReq,37848
UpdateRouteReq,187320
UpdateRouteReq,83756
UpdateRouteReq,119694
UpdateRouteReq,54879
UpdateRouteReq,95969
UpdateRouteReq,123581
UpdateRouteReq,138605
UpdateRouteReq,81338
Error,157686
Error,227439
UpdateRouteReq,262108
UpdateRouteReq,48407
UpdateRouteReq,117962
Error,222303
Error,271902
Error,341984
UpdateRouteReq,196645
UpdateRouteReq,263460
UpdateRouteReq,272592
UpdateRouteReq,299498
UpdateRouteReq,49612
UpdateRouteReq,71842
UpdateRouteReq,91889
UpdateRouteReq,69655
UpdateRouteReq,41030
UpdateRouteReq,98057
UpdateRouteReq,95698
UpdateRouteReq,170393
UpdateRouteReq,203028
UpdateRouteReq,104312
UpdateRouteReq,110233
UpdateRouteReq,116304
UpdateRouteReq,49338
Error,145273
Error,132237
UpdateRouteReq,49999
UpdateRouteReq,62518
UpdateRouteReq,46132
UpdateRouteReq,43819
UpdateRouteReq,90795
UpdateRouteReq,71678
UpdateRouteReq,65806
UpdateRouteReq,63649
UpdateRouteReq,43936
UpdateRouteReq,54229
UpdateRouteReq,39940
UpdateRouteReq,39237
UpdateRouteReq,85588
Error,228609
UpdateRouteReq,252280
Error,347429
UpdateRouteReq,358790
UpdateRouteReq,389252
Error,187175
Error,251070
Error,320653
UpdateRouteReq,354401
Error,88354
Error,140358
Error,50397
Error,38285
Error,62419
Error,62233
Error,123812
UpdateRouteReq,60317
UpdateRouteReq,154412
UpdateRouteReq,51968
UpdateRouteReq,62488
Error,60875
Error,113321
UpdateRouteReq,172327
UpdateRouteReq,277861
UpdateRouteReq,201421
UpdateRouteReq,102670
UpdateRouteReq,135314
PathTeardownReq,80518
UpdateRouteReq,56704
UpdateRouteReq,67077
UpdateRouteReq,123978
UpdateRouteReq,181384
UpdateRouteReq,49128
UpdateRouteReq,41838
PathSetupReq,35169
UpdateRouteReq,41371
UpdateRouteReq,45830
UpdateRouteReq,44126
UpdateRouteReq,45228
UpdateRouteReq,41923
UpdateRouteReq,41066
UpdateRouteReq,40103
UpdateRouteReq,139308
UpdateRouteReq,239091
Error,319199
Error,361093
Error,402406
Error,540114
UpdateRouteReq,547359
UpdateRouteReq,139197
UpdateRouteReq,300540
UpdateRouteReq,310508
UpdateRouteReq,317708
UpdateRouteReq,352425
UpdateRouteReq,357419
UpdateRouteReq,386417
FindNodeReq,329656
PathTeardownReq,331292
Error,525884
Error,591485
Error,635958
Error,695219
UpdateRouteReq,702197
UpdateRouteReq,707037
UpdateRouteReq,715872
PathSetupReq,408314
UpdateRouteReq,443351
UpdateRouteReq,556328
UpdateRouteReq,610356
UpdateRouteReq,618055
UpdateRouteReq,720357
UpdateRouteReq,371250
UpdateRouteReq,429786
UpdateRouteReq,439930
UpdateRouteReq,448919
UpdateRouteReq,512421
Error,619086
PathTeardownReq,334203
Error,469618
UpdateRouteReq,530394
FindNodeRsp,542468
Error,543549
UpdateRouteReq,552021
UpdateRouteReq,559688
UpdateRouteReq,590377
UpdateRouteReq,641350
Error,412194
PathTeardownReq,419723
FindNodeReq,492205
UpdateRouteReq,366685
UpdateRouteReq,402840
Error,471255
UpdateRouteReq,552576
UpdateRouteReq,579196
PathSetupReq,581525
PathTeardownReq,585788
UpdateRouteReq,596167
PathSetupReq,598294
UpdateRouteReq,604031
PathTeardownReq,605783
Error,667847
PathSetupReq,673010
Error,200079
Error,236738
Error,276741
Error,360141
Error,250684
Error,230737
Error,265927
Error,269490
Error,327201
UpdateRouteReq,340272
UpdateRouteReq,373484
Error,374948
Error,372094
UpdateRouteReq,398158
Error,387028
UpdateRouteReq,392125
PathSetupReq,394669
UpdateRouteReq,400542
FindNodeReq,446097
FindNodeReq,486951
FindNodeReq,521879
UpdateRouteReq,531470
UpdateRouteReq,561621
UpdateRouteReq,602864
UpdateRouteReq,606649
FindNodeReq,289140
Error,288400
FindNodeReq,373488
UpdateRouteReq,381545
Error,430485
Error,434093
Error,437258
UpdateRouteReq,455801
UpdateRouteReq,461864
UpdateRouteReq,327333
UpdateRouteReq,369439
Error,370736
FindNodeReq,402935
UpdateRouteReq,91932
UpdateRouteReq,39025
UpdateRouteReq,67580
UpdateRouteReq,66831
UpdateRouteReq,57873
PathTeardownReq,179089
PathSetupReq,208745
PathTeardownReq,231695
UpdateRouteReq,245233
PathSetupReq,224904
Error,212483
Error,254924
Error,257942
PathTeardownReq,262680
UpdateRouteReq,304433
UpdateRouteReq,309800
UpdateRouteReq,314613
UpdateRouteReq,342750
Error,92127
Error,26569
UpdateRouteReq,42099
UpdateRouteReq,84244
UpdateRouteReq,114618
Error,115987
UpdateRouteReq,123718
UpdateRouteReq,66645
UpdateRouteReq,95190
UpdateRouteReq,38643
PathSetupReq,74448
UpdateRouteReq,151086
UpdateRouteReq,180596
UpdateRouteReq,226952
UpdateRouteReq,275113
PathTeardownReq,167698
PathSetupReq,165420
UpdateRouteReq,205887
PathTeardownReq,208482
PathSetupReq,210345
PathTeardownReq,232245
UpdateRouteReq,240953
Error,204847
UpdateRouteReq,233817
Error,207904
UpdateRouteReq,213030
PathSetupReq,214795
UpdateRouteReq,220779
Error,254114
PathTeardownReq,307157
PathSetupReq,294594
UpdateRouteReq,298743
UpdateRouteReq,290800
UpdateRouteReq,319304
UpdateRouteReq,347883
UpdateRouteReq,372520
UpdateRouteReq,416938
UpdateRouteReq,442658
UpdateRouteReq,472396
Error,509133
FindNodeRsp,202479
UpdateRouteReq,228765
UpdateRouteReq,119859
Error,182792
UpdateRouteReq,186136
UpdateRouteReq,193141
UpdateRouteReq,199610
UpdateRouteReq,203833
UpdateRouteReq,234215
UpdateRouteReq,160253
Error,159739
UpdateRouteReq,195506
PathTeardownReq,219967
Error,255843
PathSetupReq,259881
Error,121408
PathTeardownReq,111462
FindNodeReq,147853
FindNodeReq,181397
UpdateRouteReq,87007
UpdateRouteReq,94240
UpdateRouteReq,51090
UpdateRouteReq,97286
UpdateRouteReq,148757
UpdateRouteReq,127222
Error,78007
UpdateRouteReq,66098
UpdateRouteReq,69047
PathTeardownReq,83249
PathSetupReq,106536
Error,109457
UpdateRouteReq,115116
PathSetupReq,127245
Error,161967
UpdateRouteReq,169329
Error,187335
Error,188758
Error,221879
UpdateRouteReq,290873
UpdateRouteReq,112424
UpdateRouteReq,115017
UpdateRouteReq,147045
Error,45120
Error,42616
UpdateRouteReq,71475
UpdateRouteReq,75142
UpdateRouteReq,87631
UpdateRouteReq,135037
Error,175811
Error,167053
UpdateRouteReq,170026
UpdateRouteReq,258449
PathTeardownReq,72466
Error,105683
PathSetupReq,109971
Error,123679
UpdateRouteReq,53669
Error,37857
Error,76576
Error,117011
UpdateRouteReq,224556
UpdateRouteReq,277844
UpdateRouteReq,349260
UpdateRouteReq,376564
UpdateRouteReq,239911
UpdateRouteReq,291127
PathTeardownReq,295478
FindNodeReq,337611
PathSetupReq,340793
FindNodeReq,427044
UpdateRouteReq,148949
UpdateRouteReq,421268
Error,444132
UpdateRouteReq,453527
UpdateRouteReq,480096
UpdateRouteReq,524963
Error,524139
Error,267656
UpdateRouteReq,298185
UpdateRouteReq,397372
UpdateRouteReq,426083
UpdateRouteReq,231446
Error,256635
Error,303953
Error,307840
Error,346189
Error,427437
UpdateRouteReq,438044
PathTeardownReq,439863
PathSetupReq,442090
Error,396875
UpdateRouteReq,402292
Error,450814
FindNodeRsp,464074
PathTeardownReq,467939
UpdateRouteReq,474914
UpdateRouteReq,503175
FindNodeRsp,507140
UpdateRouteReq,547598
FindNodeRsp,593217
PathSetupReq,595889
PathTeardownReq,599602
UpdateRouteReq,622819
UpdateRouteReq,645662
UpdateRouteReq,242060
PathSetupReq,246797
UpdateRouteReq,278343
UpdateRouteReq,325568
UpdateRouteReq,329807
UpdateRouteReq,328094
UpdateRouteReq,302572
UpdateRouteReq,323573
UpdateRouteReq,342198
UpdateRouteReq,361452
UpdateRouteReq,116472
UpdateRouteReq,139100
Error,37749
Error,63010
Error,64408
UpdateRouteReq,68945
UpdateRouteReq,45995
UpdateRouteReq,173247
UpdateRouteReq,195567
UpdateRouteReq,200144
UpdateRouteReq,239761
UpdateRouteReq,75511
UpdateRouteReq,91530
Error,111317
Error,42475
UpdateRouteReq,61311
Error,65350
UpdateRouteReq,79212
UpdateRouteReq,28759
UpdateRouteReq,33173
UpdateRouteReq,54121
UpdateRouteReq,40192
Error,86399
UpdateRouteReq,75547
UpdateRouteReq,101881
UpdateRouteReq,97463
UpdateRouteReq,206980
UpdateRouteReq,297373
Error,315383
UpdateRouteReq,338927
Error,373041
UpdateRouteReq,189390
UpdateRouteReq,218527
Error,102452
Error,133379
UpdateRouteReq,141124
UpdateRouteReq,145527
UpdateRouteReq,47767
UpdateRouteReq,33349
Error,69282
Error,83117
UpdateRouteReq,31810
UpdateRouteReq,51907
Error,92378
UpdateRouteReq,94056
Error,72769
Error,77618
Error,37868
Error,40099
Error,42421
Error,75787
Error,75210
Error,76644
Error,77444
Error,78658
Error,24928
UpdateRouteReq,56256
UpdateRouteReq,42701
UpdateRouteReq,149883
UpdateRouteReq,175183
Error,193364
UpdateRouteReq,213451
Error,243046
UpdateRouteReq,57815
Error,60762
UpdateRouteReq,31244
UpdateRouteReq,42255
UpdateRouteReq,52545
UpdateRouteReq,69166
UpdateRouteReq,89385
UpdateRouteReq,61179
UpdateRouteReq,85829
Error,105752
UpdateRouteReq,110732
Error,56525
Error,57901
UpdateRouteReq,27922
Error,69673
UpdateRouteReq,62544
UpdateRouteReq,33829
UpdateRouteReq,64091
Error,65579
Error,62495
UpdateRouteReq,40805
UpdateRouteReq,41745
Error,110706
Error,138104
Error,46561
UpdateRouteReq,47664
UpdateRouteReq,97685
UpdateRouteReq,101434
Error,27052
UpdateRouteReq,58414
Error,60465
Error,55297
UpdateRouteReq,44345
UpdateRouteReq,44862
Error,36738
Error,45405
UpdateRouteReq,44812
UpdateRouteReq,45131
UpdateRouteReq,27759
UpdateRouteReq,26606
Error,73060
Error,73769
UpdateRouteReq,51048
UpdateRouteReq,31452
UpdateRouteReq,27752
Error,60829
UpdateRouteReq,32859
PathTeardownReq,26486
UpdateRouteReq,31163
UpdateRouteReq,30102
Error,33637
UpdateRouteReq,60788
UpdateRouteReq,36081
PathSetupReq,24568
UpdateRouteReq,34313
PathTeardownReq,50009
UpdateRouteReq,118170
UpdateRouteReq,111691
UpdateRouteReq,47963
UpdateRouteReq,41356
PathSetupReq,49442
FindNodeRsp,142583
UpdateRouteReq,135417
UpdateRouteReq,138472
UpdateRouteReq,90035
UpdateRouteReq,48671
QueryRouteReq,78276
UpdateRouteReq,43902
FindNodeReq,166980
UpdateRouteReq,160353
UpdateRouteReq,79726
UpdateRouteReq,55425
UpdateRouteReq,43240
UpdateRouteReq,87031
UpdateRouteReq,79451
UpdateRouteReq,94971
UpdateRouteReq,86166
PathSetupReq,118817
UpdateRouteReq,67219
UpdateRouteReq,56195
UpdateRouteReq,105106
PathTeardownReq,97598
PathSetupReq,98342
PathTeardownReq,32414
UpdateRouteReq,44267
PathSetupReq,32257
UpdateRouteReq,46678
PathSetupReq,33715
UpdateRouteReq,40091
UpdateRouteReq,42507
UpdateRouteReq,90582
UpdateRouteReq,40810
PathTeardownReq,80091
PathSetupReq,70604
PathTeardownReq,32768
UpdateRouteReq,42894
PathSetupReq,31376
UpdateRouteReq,40109
UpdateRouteReq,39223
UpdateRouteReq,38680
UpdateRouteReq,42347
UpdateRouteReq,39029
UpdateRouteReq,37773
UpdateRouteReq,37739
UpdateRouteReq,73716
UpdateRouteReq,78239
UpdateRouteReq,117512
UpdateRouteReq,116299
UpdateRouteReq,180092
PathTeardownReq,166363
UpdateRouteReq,62186
PathTeardownReq,44463
UpdateRouteReq,52206
UpdateRouteReq,38573
UpdateRouteReq,64166
UpdateRouteReq,50733
FindNodeReq,96198
UpdateRouteReq,86312
UpdateRouteReq,79078
UpdateRouteReq,36877
UpdateRouteReq,79742
UpdateRouteReq,85050
PathSetupReq,81191
UpdateRouteReq,89474
UpdateRouteReq,42924
PathSetupReq,32211
UpdateRouteReq,38063
UpdateRouteReq,40159
PathTeardownReq,51793
FindNodeReq,93629
UpdateRouteReq,44528
UpdateRouteReq,35356
UpdateRouteReq,73164
UpdateRouteReq,59127
UpdateRouteReq,156575
UpdateRouteReq,69260
PathSetupReq,66927
UpdateRouteReq,41619
UpdateRouteReq,39254
UpdateRouteReq,57923
UpdateRouteReq,92126
UpdateRouteReq,52369
UpdateRouteReq,92398
UpdateRouteReq,86434
UpdateRouteReq,71288
UpdateRouteReq,73099
UpdateRouteReq,39105
UpdateRouteReq,49031
UpdateRouteReq,41735
PathTeardownReq,42367
PathSetupReq,63282
PathTeardownReq,49297
UpdateRouteReq,48507
PathTeardownReq,44103
UpdateRouteReq,40484
UpdateRouteReq,34598
UpdateRouteReq,46660
UpdateRouteReq,46366
FindNodeReq,167920
FindNodeReq,88930
FindNodeReq,77336
UpdateRouteReq,39465
UpdateRouteReq,93686
PathSetupReq,84292
UpdateRouteReq,45683
PathSetupReq,31936
UpdateRouteReq,47805
QueryRouteReq,109534
UpdateRouteReq,43565
UpdateRouteReq,67711
UpdateRouteReq,49083
UpdateRouteReq,47905
UpdateRouteReq,37131
UpdateRouteReq,49626
UpdateRouteReq,55577
UpdateRouteReq,50279
UpdateRouteReq,47530
PathTeardownReq,41081
PathTeardownReq,37838
PathTeardownReq,60711
UpdateRouteReq,217063
UpdateRouteReq,262402
UpdateRouteReq,254765
UpdateRouteReq,342713
UpdateRouteReq,247423
UpdateRouteReq,117848
UpdateRouteReq,81162
UpdateRouteReq,94888
UpdateRouteReq,93963
PathSetupReq,84885
UpdateRouteReq,41301
UpdateRouteReq,89725
PathSetupReq,46719
UpdateRouteReq,45809
PathTeardownReq,35683
UpdateRouteReq,103958
UpdateRouteReq,45627
UpdateRouteReq,98145
UpdateRouteReq,39117
UpdateRouteReq,36517
UpdateRouteReq,37414
PathTeardownReq,38481
FindNodeReq,79964
UpdateRouteReq,35979
UpdateRouteReq,85106
UpdateRouteReq,111472
UpdateRouteReq,161109
QueryRouteReq,133377
UpdateRouteReq,101094
UpdateRouteReq,61011
UpdateRouteReq,39403
UpdateRouteReq,36171
UpdateRouteReq,50259
PathSetupReq,35845
UpdateRouteReq,44037
PathSetupReq,34581
PathTeardownReq,79151
UpdateRouteReq,50548
FindNodeReq,162326
UpdateRouteReq,46859
UpdateRouteReq,45196
UpdateRouteReq,98357
UpdateRouteReq,58666
FindNodeReq,85335
FindNodeReq,80846
UpdateRouteReq,41913
PathSetupReq,80025
UpdateRouteReq,42566
UpdateRouteReq,42946
UpdateRouteReq,40576
UpdateRouteReq,44223
PathTeardownReq,34401
UpdateRouteReq,67233
UpdateRouteReq,43815
FindNodeReq,138445
FindNodeReq,76185
UpdateRouteReq,67895
UpdateRouteReq,43815
UpdateRouteReq,39928
UpdateRouteReq,40264
PathTeardownReq,62410
FindNodeReq,155352
QueryRouteReq,134457
UpdateRouteReq,49006
UpdateRouteReq,67444
QueryRouteReq,165111
UpdateRouteReq,159434
FindNodeRsp,92008
QueryRouteReq,129017
UpdateRouteReq,58397
UpdateRouteReq,39024
UpdateRouteReq,117397
UpdateRouteReq,43281
UpdateRouteReq,37286
UpdateRouteReq,38921
UpdateRouteReq,50143
PathSetupReq,36769
UpdateRouteReq,165573
UpdateRouteReq,116687
PathTeardownReq,60970
PathTeardownReq,78813
FindNodeReq,157607
FindNodeReq,150319
UpdateRouteReq,57109
UpdateRouteReq,40357
UpdateRouteReq,40251
UpdateRouteReq,76706
UpdateRouteReq,66619
UpdateRouteReq,69307
PathSetupReq,34163
UpdateRouteReq,68586
PathSetupReq,38133
UpdateRouteReq,80070
UpdateRouteReq,73582
FindNodeRsp,98868
FindNodeReq,164051
FindNodeReq,187762
Error,86654
Error,108660
UpdateRouteReq,138675
UpdateRouteReq,234970
UpdateRouteReq,48327
UpdateRouteReq,129341
UpdateRouteReq,96574
Error,152517
UpdateRouteReq,48275
Error,86186
UpdateRouteReq,70199
UpdateRouteReq,48497
UpdateRouteReq,50116
Error,155062
Error,99190
UpdateRouteReq,59758
UpdateRouteReq,41855
UpdateRouteReq,79054
UpdateRouteReq,92843
PathTeardownReq,75199
PathSetupReq,107211
PathTeardownReq,58133
Error,87624
Error,81604
UpdateRouteReq,44775
PathTeardownReq,40697
FindNodeReq,94316
UpdateRouteReq,47235
PathSetupReq,37310
UpdateRouteReq,46364
UpdateRouteReq,45409
UpdateRouteReq,42939
UpdateRouteReq,45999
FindNodeReq,90386
Error,84864
Error,77779
UpdateRouteReq,105768
UpdateRouteReq,99611
Error,57103
Error,116283
UpdateRouteReq,113671
Error,58334
UpdateRouteReq,231213
Error,230975
UpdateRouteReq,318118
Error,359740
UpdateRouteReq,50970
PathSetupReq,37919
UpdateRouteReq,88967
UpdateRouteReq,84546
FindNodeReq,141188
Error,99526
Error,87023
UpdateRouteReq,42739
Error,89569
UpdateRouteReq,41263
FindNodeReq,101954
Error,76842
UpdateRouteReq,40205
UpdateRouteReq,39152
Error,47088
Error,79674
UpdateRouteReq,116866
UpdateRouteReq,47306
UpdateRouteReq,44199
UpdateRouteReq,41276
PathTeardownReq,36579
UpdateRouteReq,83782
Error,79039
PathSetupReq,81366
Error,112531
UpdateRouteReq,172000
UpdateRouteReq,79352
UpdateRouteReq,147235
UpdateRouteReq,197259
UpdateRouteReq,275121
Error,247426
UpdateRouteReq,253394
UpdateRouteReq,45561
PathTeardownReq,35229
Error,87171
FindNodeReq,93184
FindNodeReq,136557
UpdateRouteReq,42297
UpdateRouteReq,42278
UpdateRouteReq,44223
UpdateRouteReq,59801
Error,106810
UpdateRouteReq,96938
UpdateRouteReq,99343
UpdateRouteReq,140024
UpdateRouteReq,41452
Error,116182
UpdateRouteReq,41591
PathSetupReq,34254
Error,82783
UpdateRouteReq,42524
Error,76917
UpdateRouteReq,41328
Error,83142
PathTeardownReq,34803
UpdateRouteReq,44369
PathSetupReq,33006
Error,47617
PathTeardownReq,66809
Error,33423
UpdateRouteReq,58471
UpdateRouteReq,86257
Error,94803
Error,47307
UpdateRouteReq,48399
UpdateRouteReq,106816
Error,133237
Error,130123
Error,84625
UpdateRouteReq,45683
PathSetupReq,34927
UpdateRouteReq,42699
UpdateRouteReq,41875
Error,81407
UpdateRouteReq,84153
UpdateRouteReq,171197
UpdateRouteReq,194762
UpdateRouteReq,200986
UpdateRouteReq,125530
UpdateRouteReq,273494
UpdateRouteReq,328524
Error,117646
Error,98224
Error,104628
Error,151752
FindNodeReq,202306
PathTeardownReq,206871
UpdateRouteReq,216739
UpdateRouteReq,96702
UpdateRouteReq,45167
Error,84445
UpdateRouteReq,43027
UpdateRouteReq,47203
UpdateRouteReq,42853
UpdateRouteReq,40560
PathSetupReq,35284
UpdateRouteReq,45097
Error,81838
UpdateRouteReq,58919
Error,106241
Error,81229
Error,45066
Error,157697
FindNodeRsp,167958
Error,207416
Error,246822
UpdateRouteReq,284186
Error,284506
UpdateRouteReq,318958
UpdateRouteReq,351652
UpdateRouteReq,138622
Error,172344
Error,72210
Error,98037
Error,30576
UpdateRouteReq,135057
Error,102797
Error,132253
UpdateRouteReq,52475
FindNodeRsp,241664
Error,226656
UpdateRouteReq,262270
Error,261504
Error,64417
Error,59979
Error,32394
Error,67025
Error,62603
FindNodeReq,113728
UpdateRouteReq,45843
UpdateRouteReq,40996
UpdateRouteReq,41098
FindNodeReq,78117
UpdateRouteReq,50539
PathTeardownReq,42566
Error,78275
Error,33955
UpdateRouteReq,42528
UpdateRouteReq,39344
UpdateRouteReq,41835
Error,86092
UpdateRouteReq,48414
UpdateRouteReq,45464
UpdateRouteReq,42580
PathSetupReq,36070
UpdateRouteReq,45739
PathTeardownReq,38628
PathSetupReq,37302
PathTeardownReq,37491
FindNodeReq,87378
UpdateRouteReq,86024
UpdateRouteReq,65688
Error,65079
UpdateRouteReq,84174
PathSetupReq,203552
Error,274514
FindNodeReq,347305
Error,389194
UpdateRouteReq,382265
Error,382612
Error,382482
UpdateRouteReq,155326
UpdateRouteReq,162288
UpdateRouteReq,202115
UpdateRouteReq,986122
UpdateRouteReq,382644
UpdateRouteReq,390133
UpdateRouteReq,433172
UpdateRouteReq,492118
Error,589391
UpdateRouteReq,600717
PathTeardownReq,634573
UpdateRouteReq,648118
PathSetupReq,650345
UpdateRouteReq,207215
UpdateRouteReq,258376
Error,220369
Error,323429
Error,352916
Error,353074
UpdateRouteReq,334827
UpdateRouteReq,372628
UpdateRouteReq,462560
UpdateRouteReq,484198
UpdateRouteReq,517702
UpdateRouteReq,552440
UpdateRouteReq,591331
UpdateRouteReq,275614
UpdateRouteReq,337461
Error,409619
Error,576006
Error,593339
Error,627430
UpdateRouteReq,235520
UpdateRouteReq,321491
UpdateRouteReq,398587
Error,421087
Error,132602
Error,131833
UpdateRouteReq,93165
UpdateRouteReq,249724
UpdateRouteReq,283608
PathTeardownReq,288975
PathSetupReq,319743
PathTeardownReq,324160
UpdateRouteReq,355212
UpdateRouteReq,410784
UpdateRouteReq,268908
UpdateRouteReq,304001
Error,359020
UpdateRouteReq,394324
UpdateRouteReq,426510
Error,459234
UpdateRouteReq,292940
UpdateRouteReq,346193
UpdateRouteReq,375737
Error,377225
Error,404302
PathSetupReq,71911
Error,102174
UpdateRouteReq,111646
Error,235064
UpdateRouteReq,289370
UpdateRouteReq,351217
UpdateRouteReq,387466
FindNodeRsp,453263
UpdateRouteReq,348216
FindNodeRsp,371147
FindNodeRsp,393840
Error,443015
FindNodeRsp,467288
Error,557739
UpdateRouteReq,567433
UpdateRouteReq,622954
UpdateRouteReq,680929
Error,683217
Error,685124
FindNodeRsp,200988
FindNodeRsp,189352
UpdateRouteReq,440462
UpdateRouteReq,480214
UpdateRouteReq,516356
UpdateRouteReq,575143
Error,575583
UpdateRouteReq,611327
Error,700493
UpdateRouteReq,708694
Error,762639
UpdateRouteReq,771107
UpdateRouteReq,856749
UpdateRouteReq,395420
UpdateRouteReq,405226
UpdateRouteReq,441239
Error,584915
Error,392506
Error,392012
UpdateRouteReq,679771
UpdateRouteReq,713504
UpdateRouteReq,769938
UpdateRouteReq,535508
Error,574762
UpdateRouteReq,612145
Error,694833
UpdateRouteReq,768437
Error,896169
FindNodeRsp,923878
Error,969854
Error,1001771
UpdateRouteReq,1052843
UpdateRouteReq,1099484
UpdateRouteReq,512169
UpdateRouteReq,593552
UpdateRouteReq,645063
UpdateRouteReq,750903
Error,807574
Error,861415
PathTeardownReq,895934
UpdateRouteReq,946903
UpdateRouteReq,999456
Error,999809
Error,1044135
Error,1085256
Error,617825
Error,649215
PathSetupReq,654236
UpdateRouteReq,660232
Error,734689
Error,815669
PathTeardownReq,822044
UpdateRouteReq,851151
FindNodeReq,957601
UpdateRouteReq,963756
PathSetupReq,966713
UpdateRouteReq,973879
FindNodeRsp,980887
FindNodeRsp,983643
Error,1019775
UpdateRouteReq,1066670
Error,1142259
Error,1153035
Error,1150769
UpdateRouteReq,1174132
Error,1192741
UpdateRouteReq,391713
Error,389638
FindNodeReq,429486
Error,472510
UpdateRouteReq,482203
Error,483750
Error,485424
Error,487220
Error,509999
UpdateRouteReq,534946
UpdateRouteReq,539741
Error,541028
Error,625281
Error,624521
UpdateRouteReq,634286
Error,633140
UpdateRouteReq,640162
UpdateRouteReq,646936
UpdateRouteReq,267320
Error,289581
UpdateRouteReq,295395
Error,325590
UpdateRouteReq,372791
Error,392158
UpdateRouteReq,418761
UpdateRouteReq,246445
Error,339772
UpdateRouteReq,438475
UpdateRouteReq,441615
Error,518243
FindNodeReq,562079
Error,184492
Error,220307
Error,220031
UpdateRouteReq,226300
FindNodeRsp,233504
UpdateRouteReq,279585
Error,179280
UpdateRouteReq,255795
FindNodeRsp,259822
Error,283285
UpdateRouteReq,332673
UpdateRouteReq,388312
Error,406349
UpdateRouteReq,412537
Error,446027
Error,445906
Error,131313
Error,203575
Error,239749
Error,279178
FindNodeRsp,310307
UpdateRouteReq,336747
UpdateRouteReq,362324
Error,361325
Error,360125
FindNodeReq,247141
UpdateRouteReq,269287
Error,333881
UpdateRouteReq,356845
UpdateRouteReq,395723
UpdateRouteReq,430493
UpdateRouteReq,109131
Error,152941
Error,226979
Error,268261
UpdateRouteReq,337211
Error,354564
UpdateRouteReq,360136
Error,359065
UpdateRouteReq,33262
PathTeardownReq,27319
PathSetupReq,60358
Error,69857
PathTeardownReq,41125
UpdateRouteReq,46850
Error,244693
UpdateRouteReq,247042
UpdateRouteReq,273624
UpdateRouteReq,296166
UpdateRouteReq,333478
Error,333327
UpdateRouteReq,355237
UpdateRouteReq,375737
Error,390008
Error,417291
Error,444132
UpdateRouteReq,69452
Error,83468
UpdateRouteReq,88776
Error,106984
UpdateRouteReq,27390
UpdateRouteReq,26784
Error,31702
UpdateRouteReq,65817
UpdateRouteReq,86538
UpdateRouteReq,90029
Error,90713
UpdateRouteReq,112654
UpdateRouteReq,273089
UpdateRouteReq,321127
Error,334975
Error,337623
UpdateRouteReq,343805
Error,343169
Error,373136
UpdateRouteReq,131882
Error,137514
Error,153374
Error,155113
Error,157042
FindNodeRsp,171359
Error,63389
UpdateRouteReq,66114
UpdateRouteReq,53537
UpdateRouteReq,55048
UpdateRouteReq,41297
FindNodeReq,94528
Error,172432
UpdateRouteReq,72716
UpdateRouteReq,66040
Error,60156
FindNodeReq,134405
Error,178299
UpdateRouteReq,183040
Error,210773
FindNodeRsp,220967
Error,237808
Error,253186
UpdateRouteReq,115162
UpdateRouteReq,139505
Error,193642
UpdateRouteReq,215474
PathSetupReq,73105
UpdateRouteReq,78505
Error,33991
Error,30333
UpdateRouteReq,64924
UpdateRouteReq,82737
UpdateRouteReq,52997
UpdateRouteReq,85423
UpdateRouteReq,108225
Error,107870
UpdateRouteReq,112062
Error,130351
Error,129150
Error,21397
Error,65471
Error,92988
UpdateRouteReq,54199
UpdateRouteReq,27927
UpdateRouteReq,41154
UpdateRouteReq,42626
UpdateRouteReq,26779
Error,54645
Error,61301
UpdateRouteReq,27847
Error,49238
FindNodeReq,104154
UpdateRouteReq,124125
UpdateRouteReq,147274
UpdateRouteReq,181145
UpdateRouteReq,64367
Error,47922
Error,69666
Error,77873
Error,131883
UpdateRouteReq,135925
FindNodeRsp,156393
Error,167427
Error,167201
Error,169139
Error,176458
Error,212146
Error,229242
UpdateRouteReq,248327
Error,247781
UpdateRouteReq,266581
Error,166946
Error,89013
UpdateRouteReq,111714
UpdateRouteReq,117380
Error,81913
Error,53276
Error,99997
PathTeardownReq,55483
UpdateRouteReq,27150
UpdateRouteReq,27442
UpdateRouteReq,27011
UpdateRouteReq,41732
UpdateRouteReq,35315
UpdateRouteReq,52903
UpdateRouteReq,123352
Error,162145
UpdateRouteReq,180480
Error,199058
PathSetupReq,216972
Error,232087
UpdateRouteReq,65846
Error,137046
UpdateRouteReq,132686
UpdateRouteReq,39496
FindNodeRsp,63212
UpdateRouteReq,64446
UpdateRouteReq,77451
UpdateRouteReq,68946
UpdateRouteReq,105394
UpdateRouteReq,70486
Error,99303
Error,107658
Error,116126
Error,395708
UpdateRouteReq,401801
Error,399425
Error,397780
Error,20817
Error,17604
Error,83924
Error,99480
Error,101801
Error,35439
UpdateRouteReq,40899
UpdateRouteReq,26880
UpdateRouteReq,25159
UpdateRouteReq,25315
Error,109677
Error,55904
UpdateRouteReq,39596
Error,133689
Error,134124
Error,160695
Error,201529
Error,218546
UpdateRouteReq,83776
UpdateRouteReq,103945
UpdateRouteReq,112746
UpdateRouteReq,84536
Error,100288
Error,101106
Error,100767
Error,135609
Error,80732
Error,114551
Error,140832
UpdateRouteReq,71053
UpdateRouteReq,68296
UpdateRouteReq,101125
Error,148152
Error,172875
Error,199454
Error,225665
Error,261284
Error,286864
Error,322125
Error,321513
Error,124484
UpdateRouteReq,145887
UpdateRouteReq,179404
UpdateRouteReq,38703
Error,53849
Error,53408
Error,60301
Error,59547
Error,60748
Error,61422
Error,41341
Error,40372
Error,41649
UpdateRouteReq,38704
Error,36495
Error,59348
UpdateRouteReq,60624
UpdateRouteReq,140720
UpdateRouteReq,161730
Error,185511
UpdateRouteReq,190230
UpdateRouteReq,257637
UpdateRouteReq,106221
Error,107219
UpdateRouteReq,133736
Error,52633
UpdateRouteReq,27329
Error,52174
PathTeardownReq,23004
Error,62422
Error,50734
UpdateRouteReq,35854
UpdateRouteReq,26529
Error,27245
UpdateRouteReq,65229
UpdateRouteReq,102474
UpdateRouteReq,115601
Error,113794
UpdateRouteReq,150774
UpdateRouteReq,44044
PathSetupReq,42110
UpdateRouteReq,47015
UpdateRouteReq,24717
UpdateRouteReq,23856
UpdateRouteReq,38603
UpdateRouteReq,25740
UpdateRouteReq,25839
PathTeardownReq,21728
UpdateRouteReq,24556
UpdateRouteReq,26107
UpdateRouteReq,25178
PathSetupReq,20632
UpdateRouteReq,25333
UpdateRouteReq,26032
FindNodeReq,51580
UpdateRouteReq,65898
UpdateRouteReq,25596
PathTeardownReq,21560
PathSetupReq,30447
PathTeardownReq,20448
FindNodeReq,51969
UpdateRouteReq,25267
PathSetupReq,19555
FindNodeRsp,66838
FindNodeReq,156221
FindNodeReq,103325
FindNodeRsp,97622
FindNodeReq,147898
UpdateRouteReq,74558
UpdateRouteReq,46501
UpdateRouteReq,41996
UpdateRouteReq,43395
UpdateRouteReq,42121
UpdateRouteReq,62979
PathTeardownReq,39959
Error,58339
Error,53170
UpdateRouteReq,46872
UpdateRouteReq,53937
UpdateRouteReq,91244
UpdateRouteReq,96733
Error,91192
Error,80198
UpdateRouteReq,46785
UpdateRouteReq,41106
Error,83134
Error,75912
FindNodeReq,148106
UpdateRouteReq,157352
UpdateRouteReq,61558
UpdateRouteReq,64341
FindNodeReq,78966
Error,79109
UpdateRouteReq,48719
UpdateRouteReq,60344
Error,102542
Error,49871
PathSetupReq,77063
Error,43823
Error,96623
UpdateRouteReq,44555
UpdateRouteReq,46755
UpdateRouteReq,41633
Error,109362
UpdateRouteReq,103305
Error,91772
UpdateRouteReq,90152
Error,160100
UpdateRouteReq,245868
Error,288650
UpdateRouteReq,45325
UpdateRouteReq,48930
UpdateRouteReq,42133
UpdateRouteReq,43866
UpdateRouteReq,36834
UpdateRouteReq,50510
Error,128094
UpdateRouteReq,43527
UpdateRouteReq,40128
UpdateRouteReq,41331
UpdateRouteReq,40458
UpdateRouteReq,39099
UpdateRouteReq,47183
Error,86620
UpdateRouteReq,43923
UpdateRouteReq,112296
UpdateRouteReq,62858
UpdateRouteReq,85096
UpdateRouteReq,41535
PathTeardownReq,86978
UpdateRouteReq,43934
UpdateRouteReq,61491
Error,88979
UpdateRouteReq,43623
UpdateRouteReq,42279
UpdateRouteReq,43359
Error,181309
UpdateRouteReq,59122
UpdateRouteReq,46790
UpdateRouteReq,48199
PathSetupReq,36548
UpdateRouteReq,40659
UpdateRouteReq,42535
UpdateRouteReq,46299
Error,51313
UpdateRouteReq,91054
Error,55473
UpdateRouteReq,58039
UpdateRouteReq,52317
Error,144112
Error,96530
UpdateRouteReq,63562
UpdateRouteReq,44444
UpdateRouteReq,44213
UpdateRouteReq,39555
Error,45155
UpdateRouteReq,150671
Error,202760
UpdateRouteReq,206709
Error,136969
UpdateRouteReq,51315
UpdateRouteReq,38797
UpdateRouteReq,99285
UpdateRouteReq,92864
UpdateRouteReq,41198
UpdateRouteReq,40705
UpdateRouteReq,44244
UpdateRouteReq,44843
UpdateRouteReq,46726
PathTeardownReq,61815
PathTeardownReq,85665
PathTeardownReq,38675
UpdateRouteReq,86857
FindNodeReq,119781
UpdateRouteReq,166880
UpdateRouteReq,216765
QueryRouteReq,74615
UpdateRouteReq,42811
UpdateRouteReq,36452
UpdateRouteReq,244394
UpdateRouteReq,246269
UpdateRouteReq,283552
UpdateRouteReq,332863
UpdateRouteReq,359659
UpdateRouteReq,386049
QueryRouteReq,67639
UpdateRouteReq,79352
UpdateRouteReq,54635
UpdateRouteReq,41561
UpdateRouteReq,57797
UpdateRouteReq,81421
UpdateRouteReq,160904
UpdateRouteReq,70855
UpdateRouteReq,100826
UpdateRouteReq,74447
UpdateRouteReq,40555
UpdateRouteReq,38634
UpdateRouteReq,38011
UpdateRouteReq,39568
UpdateRouteReq,55719
UpdateRouteReq,39324
UpdateRouteReq,106497
UpdateRouteReq,38287
UpdateRouteReq,38879
UpdateRouteReq,473717
UpdateRouteReq,481504
Error,655306
FindNodeReq,695109
UpdateRouteReq,686914
Error,726420
UpdateRouteReq,734073
UpdateRouteReq,723873
UpdateRouteReq,468186
UpdateRouteReq,475208
UpdateRouteReq,480029
Error,543503
Error,582791
Error,642743
UpdateRouteReq,694983
UpdateRouteReq,763878
UpdateRouteReq,771265
UpdateRouteReq,816321
UpdateRouteReq,212956
UpdateRouteReq,216383
UpdateRouteReq,312940
FindNodeRsp,360138
UpdateRouteReq,144191
UpdateRouteReq,173024
UpdateRouteReq,182665
UpdateRouteReq,44123
PathSetupReq,110520
UpdateRouteReq,115069
UpdateRouteReq,49632
FindNodeReq,83038
FindNodeReq,202616
UpdateRouteReq,228203
UpdateRouteReq,254762
UpdateRouteReq,260098
UpdateRouteReq,119632
FindNodeReq,177904
UpdateRouteReq,172712
UpdateRouteReq,78409
UpdateRouteReq,80513
UpdateRouteReq,85119
UpdateRouteReq,96568
UpdateRouteReq,37713
FindNodeReq,86011
PathSetupReq,38489
UpdateRouteReq,41532
UpdateRouteReq,83738
UpdateRouteReq,40194
UpdateRouteReq,37781
PathTeardownReq,95286
UpdateRouteReq,52791
Error,116018
FindNodeRsp,134741
UpdateRouteReq,237523
UpdateRouteReq,221517
UpdateRouteReq,263154
UpdateRouteReq,312869
UpdateRouteReq,345121
UpdateRouteReq,825060
FindNodeReq,881600
UpdateRouteReq,922714
PathTeardownReq,956384
UpdateRouteReq,960967
PathSetupReq,988627
FindNodeReq,1038579
UpdateRouteReq,1045332
UpdateRouteReq,1106251
UpdateRouteReq,1133115
UpdateRouteReq,1191618
FindNodeRsp,1241094
FindNodeReq,1283740
UpdateRouteReq,1316483
UpdateRouteReq,1344596
FindNodeRsp,1436794
UpdateRouteReq,1466098
UpdateRouteReq,1466876
PathSetupReq,1524653
FindNodeReq,1623581
FindNodeRsp,1632729
UpdateRouteReq,1640223
PathTeardownReq,297205
PathSetupReq,350432
FindNodeReq,395585
FindNodeReq,435087
FindNodeReq,502196
PathTeardownReq,535443
UpdateRouteReq,80144
UpdateRouteReq,87342
PathSetupReq,78758
UpdateRouteReq,40007
UpdateRouteReq,59698
FindNodeReq,162226
FindNodeRsp,97092
UpdateRouteReq,68907
Error,144059
UpdateRouteReq,176012
Error,200075
UpdateRouteReq,53159
UpdateRouteReq,45591
Error,165973
Error,101870
Error,172893
Error,215656
FindNodeReq,93552
FindNodeReq,84230
UpdateRouteReq,51973
Error,84531
Error,75108
UpdateRouteReq,46101
FindNodeReq,85688
UpdateRouteReq,45200
Error,87351
Error,102197
UpdateRouteReq,59365
UpdateRouteReq,60228
UpdateRouteReq,39981
Error,51815
Error,48029
Error,56567
UpdateRouteReq,187563
Error,182230
UpdateRouteReq,271753
Error,313347
UpdateRouteReq,41675
Error,152984
UpdateRouteReq,63295
Error,121056
UpdateRouteReq,78366
UpdateRouteReq,72751
UpdateRouteReq,56959
Error,132577
UpdateRouteReq,146793
UpdateRouteReq,177469
PathTeardownReq,88512
UpdateRouteReq,204616
UpdateRouteReq,263382
UpdateRouteReq,89902
UpdateRouteReq,89067
UpdateRouteReq,156408
UpdateRouteReq,150000
PathSetupReq,152244
UpdateRouteReq,231554
UpdateRouteReq,273794
Error,371520
UpdateRouteReq,64438
UpdateRouteReq,66214
UpdateRouteReq,70257
Error,71963
Error,96934
UpdateRouteReq,57486
FindNodeRsp,66709
FindNodeReq,164782
Error,131067
UpdateRouteReq,194372
UpdateRouteReq,212383
UpdateRouteReq,109085
UpdateRouteReq,154756
UpdateRouteReq,110598
FindNodeReq,176890
UpdateRouteReq,160185
UpdateRouteReq,238438
Error,394590
UpdateRouteReq,449954
FindNodeRsp,462312
UpdateRouteReq,567037
UpdateRouteReq,588287
UpdateRouteReq,696408
PathTeardownReq,698670
UpdateRouteReq,747836
UpdateRouteReq,338772
UpdateRouteReq,352277
UpdateRouteReq,336435
PathTeardownReq,103946
FindNodeReq,172353
UpdateRouteReq,66163
UpdateRouteReq,60092
UpdateRouteReq,89124
UpdateRouteReq,155730
UpdateRouteReq,55569
UpdateRouteReq,69183
FindNodeReq,124066
FindNodeReq,90827
UpdateRouteReq,89838
UpdateRouteReq,127915
UpdateRouteReq,108444
UpdateRouteReq,199848
FindNodeReq,236171
UpdateRouteReq,288405
UpdateRouteReq,480140
UpdateRouteReq,496687
UpdateRouteReq,511737
UpdateRouteReq,527449
PathSetupReq,532956
PathTeardownReq,539019
UpdateRouteReq,601075
UpdateRouteReq,678914
FindNodeReq,174532
UpdateRouteReq,98645
UpdateRouteReq,96400
FindNodeReq,133869
UpdateRouteReq,75646
UpdateRouteReq,414183
Error,568002
UpdateRouteReq,332565
UpdateRouteReq,469966
FindNodeRsp,591999
FindNodeReq,434011
UpdateRouteReq,440211
UpdateRouteReq,490969
PathSetupReq,497829
UpdateRouteReq,512285
UpdateRouteReq,615710
UpdateRouteReq,624554
PathSetupReq,169526
UpdateRouteReq,179391
UpdateRouteReq,242427
UpdateRouteReq,294545
UpdateRouteReq,393672
UpdateRouteReq,441668
UpdateRouteReq,157653
Error,389195
UpdateRouteReq,451519
UpdateRouteReq,189171
UpdateRouteReq,100186
UpdateRouteReq,84058
PathTeardownReq,61535
PathSetupReq,170159
PathTeardownReq,118066
Error,399192
UpdateRouteReq,421007
UpdateRouteReq,499836
UpdateRouteReq,309714
UpdateRouteReq,315245
UpdateRouteReq,340010
PathSetupReq,346290
UpdateRouteReq,376827
UpdateRouteReq,76146
UpdateRouteReq,66859
UpdateRouteReq,102558
UpdateRouteReq,70218
UpdateRouteReq,41664
Error,129277
UpdateRouteReq,129611
FindNodeReq,173515
FindNodeReq,405029
PathTeardownReq,418152
UpdateRouteReq,413523
UpdateRouteReq,479822
UpdateRouteReq,512105
UpdateRouteReq,172218
Error,321317
FindNodeReq,304814
UpdateRouteReq,348631
UpdateRouteReq,130566
UpdateRouteReq,71778
PathSetupReq,95531
UpdateRouteReq,104192
Error,161704
UpdateRouteReq,201999
UpdateRouteReq,292615
UpdateRouteReq,90790
Error,286319
Error,112833
Error,183138
UpdateRouteReq,554990
PathTeardownReq,623406
UpdateRouteReq,671027
UpdateRouteReq,677518
UpdateRouteReq,768541
FindNodeReq,992966
UpdateRouteReq,461575
Error,636046
UpdateRouteReq,651210
UpdateRouteReq,703337
PathSetupReq,732203
UpdateRouteReq,742038
UpdateRouteReq,751098
UpdateRouteReq,208682
Error,281295
UpdateRouteReq,296329
UpdateRouteReq,304498
Error,59137
UpdateRouteReq,66089
UpdateRouteReq,63057
UpdateRouteReq,67050
UpdateRouteReq,59931
Error,56239
Error,76055
Error,74590
Error,128808
Error,59189
Error,69577
UpdateRouteReq,70727
UpdateRouteReq,69370
PathTeardownReq,37975
UpdateRouteReq,137469
UpdateRouteReq,88976
UpdateRouteReq,81986
UpdateRouteReq,64565
PathTeardownReq,124917
UpdateRouteReq,58057
PathTeardownReq,45406
UpdateRouteReq,61610
UpdateRouteReq,59896
QueryRouteReq,53802
UpdateRouteReq,32452
UpdateRouteReq,38804
UpdateRouteReq,56970
PathSetupReq,31595
PathTeardownReq,29346
UpdateRouteReq,36086
PathSetupReq,29071
PathTeardownReq,24610
UpdateRouteReq,73866
UpdateRouteReq,52147
FindNodeReq,50763
PathTeardownReq,68092
QueryRouteReq,27407
UpdateRouteReq,44941
QueryRouteReq,51982
UpdateRouteReq,54261
PathSetupReq,19083
UpdateRouteReq,25139
UpdateRouteReq,22348
UpdateRouteReq,25665
UpdateRouteReq,39108
UpdateRouteReq,53765
Error,140086
UpdateRouteReq,207007
UpdateRouteReq,215793
Error,297112
Error,142719
Error,142282
UpdateRouteReq,162556
UpdateRouteReq,49887
UpdateRouteReq,51795
Error,107791
Error,123826
UpdateRouteReq,190886
UpdateRouteReq,63191
UpdateRouteReq,70254
UpdateRouteReq,81592
Error,155881
UpdateRouteReq,177031
UpdateRouteReq,290269
UpdateRouteReq,84000
UpdateRouteReq,81085
PathSetupReq,34432
UpdateRouteReq,153549
UpdateRouteReq,233348
UpdateRouteReq,161812
UpdateRouteReq,517162
UpdateRouteReq,625871
Error,625566
UpdateRouteReq,670386
Error,700793
Error,475776
Error,538964
Error,596535
UpdateRouteReq,537732
UpdateRouteReq,621012
UpdateRouteReq,664609
FindNodeRsp,671773
UpdateRouteReq,758263
UpdateRouteReq,453005
Error,473469
UpdateRouteReq,488423
UpdateRouteReq,506049
Error,502409
Error,276821
UpdateRouteReq,327193
FindNodeReq,96652
Error,47916
Error,108692
Error,168533
UpdateRouteReq,98528
UpdateRouteReq,56775
UpdateRouteReq,56119
UpdateRouteReq,92439
Error,74832
Error,363986
FindNodeReq,433591
Error,435267
UpdateRouteReq,466364
UpdateRouteReq,563901
Error,608701
UpdateRouteReq,282801
UpdateRouteReq,323908
UpdateRouteReq,503643
Error,471609
Error,476674
Error,475016
Error,485444
UpdateRouteReq,537399
UpdateRouteReq,579204
UpdateRouteReq,616268
UpdateRouteReq,625585
UpdateRouteReq,667040
UpdateRouteReq,308058
Error,395575
Error,393778
UpdateRouteReq,194162
Error,187800
Error,1176314
UpdateRouteReq,456065
UpdateRouteReq,517768
Error,649833
Error,713911
UpdateRouteReq,725996
UpdateRouteReq,213082
UpdateRouteReq,260261
Error,199056
UpdateRouteReq,244096
UpdateRouteReq,353308
Error,281749
UpdateRouteReq,285668
UpdateRouteReq,311280
UpdateRouteReq,366695
Error,831789
Error,815188
UpdateRouteReq,824957
UpdateRouteReq,859106
Error,889395
Error,494946
UpdateRouteReq,497885
FindNodeReq,634863
UpdateRouteReq,671847
UpdateRouteReq,778807
UpdateRouteReq,797008
UpdateRouteReq,892574
Error,469863
UpdateRouteReq,538876
UpdateRouteReq,580858
Error,429001
UpdateRouteReq,437778
UpdateRouteReq,474901
Error,474944
Error,503223
UpdateRouteReq,353010
UpdateRouteReq,412917
Error,561704
Error,617365
Error,670184
UpdateRouteReq,741358
UpdateRouteReq,458694
UpdateRouteReq,558968
UpdateRouteReq,599225
UpdateRouteReq,664156
UpdateRouteReq,746975
Error,839010
UpdateRouteReq,845863
UpdateRouteReq,522738
UpdateRouteReq,522467
Error,651600
Error,760304
UpdateRouteReq,830591
Error,859708
UpdateRouteReq,868639
UpdateRouteReq,936354
Error,988688
UpdateRouteReq,618937
Error,740101
Error,812264
Error,849561
Error,921886
Error,990778
Error,1046557
UpdateRouteReq,1073681
UpdateRouteReq,1126416
Error,1171358
UpdateRouteReq,1230647
Error,1260123
UpdateRouteReq,1270964
UpdateRouteReq,1305999
UpdateRouteReq,1311801
Error,803828
Error,879714
UpdateRouteReq,884905
UpdateRouteReq,891374
FindNodeRsp,897743
FindNodeRsp,893850
FindNodeRsp,892710
FindNodeRsp,906827
Error,933816
Error,935428
UpdateRouteReq,1092601
UpdateRouteReq,1118444
UpdateRouteReq,1160459
UpdateRouteReq,1221263
UpdateRouteReq,1245608
UpdateRouteReq,1291282
Error,436657
Error,477670
UpdateRouteReq,482731
Error,534537
Error,566806
UpdateRouteReq,573487
UpdateRouteReq,632781
Error,697199
Error,696105
Error,697385
Error,415853
Error,418276
UpdateRouteReq,442926
UpdateRouteReq,496162
Error,612777
UpdateRouteReq,276871
UpdateRouteReq,317144
UpdateRouteReq,350397
UpdateRouteReq,359512
FindNodeRsp,458175
Error,457330
Error,460016
UpdateRouteReq,316602
Error,375788
Error,395646
UpdateRouteReq,399637
UpdateRouteReq,413673
Error,449323
Error,298874
Error,298061
Error,320627
UpdateRouteReq,325957
UpdateRouteReq,116441
UpdateRouteReq,145544
Error,63355
Error,67422
UpdateRouteReq,38754
Error,69066
Error,66313
Error,70340
UpdateRouteReq,39528
UpdateRouteReq,38007
UpdateRouteReq,57482
Error,180783
Error,243189
Error,244255
UpdateRouteReq,284186
UpdateRouteReq,118259
Error,158646
Error,196505
UpdateRouteReq,202406
Error,227104
UpdateRouteReq,87843
UpdateRouteReq,120236
UpdateRouteReq,154846
UpdateRouteReq,29017
Error,72117
Error,68865
Error,66771
FindNodeReq,48821
Error,66884
UpdateRouteReq,48525
UpdateRouteReq,29038
UpdateRouteReq,58874
FindNodeRsp,240375
Error,244612
Error,274375
Error,313101
Error,368604
Error,409497
Error,408668
UpdateRouteReq,438678
UpdateRouteReq,260623
UpdateRouteReq,324130
Error,338510
Error,341547
UpdateRouteReq,347224
Error,215510
UpdateRouteReq,216505
Error,216958
Error,219325
UpdateRouteReq,257203
UpdateRouteReq,282013
Error,283678
Error,304959
UpdateRouteReq,175802
UpdateRouteReq,198790
Error,217673
Error,214832
Error,185865
Error,182156
UpdateRouteReq,194435
Error,190839
Error,103037
Error,105016
Error,60876
Error,59986
Error,164293
Error,165380
Error,164068
UpdateRouteReq,91034
Error,71627
Error,31679
Error,76227
UpdateRouteReq,79597
Error,92062
FindNodeReq,71521
UpdateRouteReq,77893
UpdateRouteReq,73346
Error,86215
UpdateRouteReq,37482
UpdateRouteReq,40973
Error,173449
UpdateRouteReq,182507
UpdateRouteReq,219122
UpdateRouteReq,267086
Error,348067
UpdateRouteReq,356405
Error,326000
Error,385146
UpdateRouteReq,393666
UpdateRouteReq,399181
Error,411048
UpdateRouteReq,416446
UpdateRouteReq,460988
UpdateRouteReq,517474
FindNodeRsp,385411
FindNodeRsp,382367
Error,404077
Error,401184
Error,402666
Error,403537
Error,404977
Error,406284
UpdateRouteReq,433084
UpdateRouteReq,437230
Error,433207
Error,429356
UpdateRouteReq,436897
UpdateRouteReq,437671
UpdateRouteReq,183107
Error,256371
Error,258047
UpdateRouteReq,374042
UpdateRouteReq,421122
FindNodeReq,520766
UpdateRouteReq,584187
UpdateRouteReq,589790
Error,269512
UpdateRouteReq,298022
UpdateRouteReq,331368
Error,404807
Error,400583
UpdateRouteReq,402717
UpdateRouteReq,408573
UpdateRouteReq,413608
UpdateRouteReq,229861
Error,255218
Error,251786
UpdateRouteReq,257535
UpdateRouteReq,257854
UpdateRouteReq,315085
Error,313687
UpdateRouteReq,75368
Error,72169
UpdateRouteReq,107177
UpdateRouteReq,209892
UpdateRouteReq,233563
UpdateRouteReq,272559
Error,175042
Error,237543
Error,293566
Error,294636
UpdateRouteReq,337509
UpdateRouteReq,344196
UpdateRouteReq,371541
UpdateRouteReq,390546
UpdateRouteReq,428152
Error,159525
Error,222851
UpdateRouteReq,228014
UpdateRouteReq,362663
Error,421083
Error,461615
Error,500554
Error,552149
Error,553423
UpdateRouteReq,559703
UpdateRouteReq,586439
UpdateRouteReq,154321
UpdateRouteReq,199079
Error,245254
Error,305355
UpdateRouteReq,389393
UpdateRouteReq,429722
UpdateRouteReq,330955
UpdateRouteReq,330738
UpdateRouteReq,366894
Error,477801
Error,505843
UpdateRouteReq,511902
UpdateRouteReq,556397
Error,576001
Error,587929
UpdateRouteReq,251417
UpdateRouteReq,327759
UpdateRouteReq,371665
Error,437433
Error,446516
UpdateRouteReq,300020
UpdateRouteReq,294539
UpdateRouteReq,307309
Error,384181
Error,384317
UpdateRouteReq,388272
Error,382904
Error,400934
UpdateRouteReq,68846
Error,127534
Error,129483
UpdateRouteReq,56005
Error,75301
Error,94441
UpdateRouteReq,55490
UpdateRouteReq,64370
UpdateRouteReq,92850
Error,29081
UpdateRouteReq,56474
UpdateRouteReq,112684
UpdateRouteReq,87724
UpdateRouteReq,179822
PathTeardownReq,253540
PathSetupReq,276651
PathTeardownReq,278641
FindNodeReq,310975
FindNodeReq,342481
UpdateRouteReq,372331
UpdateRouteReq,375991
UpdateRouteReq,436113
Error,489076
Error,488089
UpdateRouteReq,140350
FindNodeReq,173382
UpdateRouteReq,179928
UpdateRouteReq,103443
UpdateRouteReq,102639
PathSetupReq,106581
UpdateRouteReq,103611
Error,160650
UpdateRouteReq,38268
Error,85477
UpdateRouteReq,83015
UpdateRouteReq,38522
UpdateRouteReq,52320
Error,67834
Error,175960
UpdateRouteReq,215155
UpdateRouteReq,241535
UpdateRouteReq,107985
Error,123062
UpdateRouteReq,129096
Error,59742
UpdateRouteReq,34390
PathTeardownReq,31639
Error,67912
Error,75792
UpdateRouteReq,38063
UpdateRouteReq,74652
PathSetupReq,52296
UpdateRouteReq,56502
UpdateRouteReq,51489
Error,61577
Error,29086
Error,46212
Error,143873
UpdateRouteReq,173716
UpdateRouteReq,206990
Error,86219
UpdateRouteReq,69770
Error,73830
UpdateRouteReq,34337
Error,80244
UpdateRouteReq,59675
UpdateRouteReq,62039
Error,72492
UpdateRouteReq,81733
UpdateRouteReq,62750
UpdateRouteReq,83085
UpdateRouteReq,67972
Error,159780
Error,39966
UpdateRouteReq,81388
UpdateRouteReq,105005
Error,111990
FindNodeReq,144155
UpdateRouteReq,147506
Error,99301
Error,91374
PathTeardownReq,53600
UpdateRouteReq,34662
Error,80880
PathTeardownReq,52249
PathSetupReq,51290
FindNodeReq,153422
UpdateRouteReq,158023
UpdateRouteReq,180425
PathTeardownReq,59721
UpdateRouteReq,166874
Error,202285
UpdateRouteReq,228029
Error,64600
FindNodeReq,60260
UpdateRouteReq,31350
UpdateRouteReq,33958
UpdateRouteReq,32130
UpdateRouteReq,30587
UpdateRouteReq,31993
PathSetupReq,25452
UpdateRouteReq,35114
UpdateRouteReq,51045
UpdateRouteReq,35373
UpdateRouteReq,32294
UpdateRouteReq,30033
UpdateRouteReq,29339
UpdateRouteReq,28905
PathSetupReq,26316
FindNodeRsp,47192
UpdateRouteReq,56658
PathTeardownReq,26887
UpdateRouteReq,38910
UpdateRouteReq,64984
UpdateRouteReq,41583
PathTeardownReq,32392
UpdateRouteReq,37145
QueryRouteReq,55149
UpdateRouteReq,34019
QueryRouteReq,54015
UpdateRouteReq,37480
UpdateRouteReq,68609
UpdateRouteReq,38344
UpdateRouteReq,36921
UpdateRouteReq,33041
PathSetupReq,36344
UpdateRouteReq,46573
PathSetupReq,45835
UpdateRouteReq,34156
UpdateRouteReq,28626
UpdateRouteReq,29622
UpdateRouteReq,28370
UpdateRouteReq,29284
UpdateRouteReq,32564
UpdateRouteReq,43283
UpdateRouteReq,38472
UpdateRouteReq,57602
UpdateRouteReq,69717
QueryRouteReq,150765
UpdateRouteReq,52541
QueryRouteReq,92064
PathSetupReq,46497
UpdateRouteReq,46907
PathSetupReq,54033
UpdateRouteReq,47743
UpdateRouteReq,89939
PathTeardownReq,60783
UpdateRouteReq,78299
UpdateRouteReq,141765
UpdateRouteReq,197459
UpdateRouteReq,224647
UpdateRouteReq,312833
UpdateRouteReq,324725
UpdateRouteReq,534961
UpdateRouteReq,714384
QueryRouteReq,139751
QueryRouteReq,190954
UpdateRouteReq,61963
UpdateRouteReq,128855
UpdateRouteReq,61832
PathSetupReq,43483
UpdateRouteReq,72819
UpdateRouteReq,242624
UpdateRouteReq,73456
UpdateRouteReq,90012
UpdateRouteReq,86323
UpdateRouteReq,59401
UpdateRouteReq,90962
PathSetupReq,120613
UpdateRouteReq,115428
UpdateRouteReq,75840
FindNodeReq,137201
UpdateRouteReq,59039
UpdateRouteReq,65394
UpdateRouteReq,59100
UpdateRouteReq,42697
UpdateRouteReq,64806
UpdateRouteReq,68610
PathTeardownReq,55670
PathSetupReq,50513
PathTeardownReq,54668
QueryRouteReq,129937
UpdateRouteReq,92149
FindNodeReq,130737
UpdateRouteReq,68604
UpdateRouteReq,71131
UpdateRouteReq,61799
PathTeardownReq,68761
UpdateRouteReq,189144
UpdateRouteReq,70284
UpdateRouteReq,41656
PathSetupReq,33131
UpdateRouteReq,40259
UpdateRouteReq,88103
UpdateRouteReq,77989
PathTeardownReq,52430
PathTeardownReq,79355
FindNodeRsp,119593
QueryRouteReq,196676
UpdateRouteReq,54009
UpdateRouteReq,143828
UpdateRouteReq,157969
UpdateRouteReq,134558
QueryRouteReq,127050
UpdateRouteReq,61182
PathSetupReq,64586
UpdateRouteReq,67339
UpdateRouteReq,90413
PathSetupReq,88900
UpdateRouteReq,41871
UpdateRouteReq,67962
UpdateRouteReq,307957
UpdateRouteReq,394759
UpdateRouteReq,185982
UpdateRouteReq,247702
UpdateRouteReq,64046
UpdateRouteReq,69147
UpdateRouteReq,64594
UpdateRouteReq,63515
PathTeardownReq,56825
PathTeardownReq,169222
FindNodeReq,160157
UpdateRouteReq,107468
UpdateRouteReq,394317
UpdateRouteReq,525576
QueryRouteReq,446064
UpdateRouteReq,565229
UpdateRouteReq,247503
UpdateRouteReq,534655
UpdateRouteReq,686576
UpdateRouteReq,157215
UpdateRouteReq,204568
UpdateRouteReq,251003
UpdateRouteReq,222700
UpdateRouteReq,65362
UpdateRouteReq,69945
UpdateRouteReq,69684
QueryRouteReq,134257
UpdateRouteReq,142128
UpdateRouteReq,82286
UpdateRouteReq,90069
UpdateRouteReq,84594
PathSetupReq,148609
PathTeardownReq,154973
FindNodeReq,185189
UpdateRouteReq,110273
UpdateRouteReq,62671
PathSetupReq,52198
UpdateRouteReq,58511
UpdateRouteReq,87075
UpdateRouteReq,88218
UpdateRouteReq,55847
UpdateRouteReq,66015
UpdateRouteReq,129281
UpdateRouteReq,116866
PathSetupReq,49511
UpdateRouteReq,45772
FindNodeReq,147778
FindNodeReq,203621
UpdateRouteReq,64391
UpdateRouteReq,139560
UpdateRouteReq,66075
UpdateRouteReq,186716
UpdateRouteReq,103017
PathTeardownReq,78524
UpdateRouteReq,73386
UpdateRouteReq,140895
UpdateRouteReq,67838
UpdateRouteReq,136833
PathSetupReq,117332
UpdateRouteReq,66533
UpdateRouteReq,115332
UpdateRouteReq,125939
UpdateRouteReq,132253
UpdateRouteReq,70968
PathTeardownReq,54952
UpdateRouteReq,86436
UpdateRouteReq,87422
UpdateRouteReq,59973
UpdateRouteReq,62973
FindNodeReq,171420
UpdateRouteReq,126201
UpdateRouteReq,142473
UpdateRouteReq,41459
PathSetupReq,36473
UpdateRouteReq,43330
UpdateRouteReq,73747
UpdateRouteReq,67661
UpdateRouteReq,57454
PathTeardownReq,56882
FindNodeRsp,71435
UpdateRouteReq,94608
UpdateRouteReq,88006
UpdateRouteReq,45514
QueryRouteReq,149415
UpdateRouteReq,58579
PathSetupReq,419334
UpdateRouteReq,428647
UpdateRouteReq,105970
PathSetupReq,103978
UpdateRouteReq,94744
UpdateRouteReq,186048
PathTeardownReq,110537
PathTeardownReq,60700
PathTeardownReq,46569
UpdateRouteReq,119417
QueryRouteReq,127105
UpdateRouteReq,152964
UpdateRouteReq,218584
UpdateRouteReq,238176
PathSetupReq,57081
UpdateRouteReq,94445
UpdateRouteReq,271270
UpdateRouteReq,384561
UpdateRouteReq,204228
UpdateRouteReq,250730
UpdateRouteReq,302417
UpdateRouteReq,310271
UpdateRouteReq,180851
UpdateRouteReq,234689
UpdateRouteReq,440336
PathSetupReq,61087
UpdateRouteReq,98790
UpdateRouteReq,96846
UpdateRouteReq,66766
FindNodeReq,121866
UpdateRouteReq,120315
UpdateRouteReq,88466
UpdateRouteReq,81925
UpdateRouteReq,65373
UpdateRouteReq,62584
UpdateRouteReq,91381
UpdateRouteReq,87759
UpdateRouteReq,81164
PathTeardownReq,84047
UpdateRouteReq,53892
UpdateRouteReq,42431
PathSetupReq,32008
UpdateRouteReq,40825
UpdateRouteReq,67557
UpdateRouteReq,62719
UpdateRouteReq,50591
UpdateRouteReq,61902
UpdateRouteReq,63502
UpdateRouteReq,64142
UpdateRouteReq,65042
UpdateRouteReq,250723
UpdateRouteReq,365176
QueryRouteReq,114165
PathSetupReq,52176
PathTeardownReq,47871
UpdateRouteReq,95780
UpdateRouteReq,83390
UpdateRouteReq,58284
PathSetupReq,78742
PathTeardownReq,277017
QueryRouteReq,329741
UpdateRouteReq,212971
UpdateRouteReq,199292
PathSetupReq,140106
PathTeardownReq,140777
PathSetupReq,811564
PathTeardownReq,819010
UpdateRouteReq,922294
FindNodeReq,1043795
FindNodeReq,1109036
UpdateRouteReq,1246196
UpdateRouteReq,1338622
UpdateRouteReq,1436385
UpdateRouteReq,1441164
Error,1508688
PathSetupReq,1509587
Error,1574792
Error,1614665
UpdateRouteReq,435712
UpdateRouteReq,442254
UpdateRouteReq,453979
UpdateRouteReq,455994
UpdateRouteReq,583103
UpdateRouteReq,627353
UpdateRouteReq,675954
Error,751791
Error,821533
Error,880379
FindNodeRsp,847442
UpdateRouteReq,899734
UpdateRouteReq,945407
UpdateRouteReq,1017153
UpdateRouteReq,1053997
FindNodeReq,1072828
Error,1131621
FindNodeReq,1189122
FindNodeReq,1257477
FindNodeReq,1283492
FindNodeReq,1341378
PathTeardownReq,1389768
UpdateRouteReq,1381166
UpdateRouteReq,1415070
UpdateRouteReq,449312
PathSetupReq,481640
UpdateRouteReq,489473
UpdateRouteReq,580984
UpdateRouteReq,711939
UpdateRouteReq,793538
UpdateRouteReq,320820
UpdateRouteReq,135028
UpdateRouteReq,139188
UpdateRouteReq,138076
FindNodeRsp,95662
PathSetupReq,70759
UpdateRouteReq,134975
PathTeardownReq,134759
UpdateRouteReq,186195
UpdateRouteReq,143704
UpdateRouteReq,58225
PathSetupReq,43086
UpdateRouteReq,93152
UpdateRouteReq,95769
PathTeardownReq,66724
PathSetupReq,66457
PathTeardownReq,44446
FindNodeRsp,78733
UpdateRouteReq,53309
PathSetupReq,41798
UpdateRouteReq,55087
UpdateRouteReq,122905
UpdateRouteReq,58867
UpdateRouteReq,55601
UpdateRouteReq,54946
UpdateRouteReq,57052
UpdateRouteReq,125572
UpdateRouteReq,103100
UpdateRouteReq,66935
FindNodeReq,115688
FindNodeRsp,104023
FindNodeRsp,92171
UpdateRouteReq,49356
FindNodeRsp,77155
FindNodeRsp,85219
UpdateRouteReq,52677
FindNodeRsp,68346
UpdateRouteReq,135972
UpdateRouteReq,126186
QueryRouteReq,163666
UpdateRouteReq,91103
QueryRouteReq,110789
PathSetupReq,82018
UpdateRouteReq,287063
UpdateRouteReq,68550
UpdateRouteReq,326942
UpdateRouteReq,438888
UpdateRouteReq,471970
UpdateRouteReq,95582
PathSetupReq,94036
UpdateRouteReq,115772
UpdateRouteReq,53491
UpdateRouteReq,70641
UpdateRouteReq,58952
UpdateRouteReq,60592
UpdateRouteReq,73606
FindNodeReq,130473
UpdateRouteReq,264731
UpdateRouteReq,414006
PathTeardownReq,187264
PathSetupReq,182404
UpdateRouteReq,267294
UpdateRouteReq,150329
UpdateRouteReq,258961
UpdateRouteReq,363719
PathTeardownReq,401171
UpdateRouteReq,136657
UpdateRouteReq,301840
UpdateRouteReq,314120
Error,577691
Error,643687
Error,704928
Error,756754
UpdateRouteReq,761711
Error,508216
UpdateRouteReq,523853
Error,648694
Error,761383
Error,880734
Error,943366
Error,1058628
UpdateRouteReq,1192716
UpdateRouteReq,431130
Error,492113
Error,620171
FindNodeReq,931433
UpdateRouteReq,254148
UpdateRouteReq,306648
FindNodeRsp,459104
PathSetupReq,1123122
PathTeardownReq,1198818
UpdateRouteReq,1210203
Error,1279292
Error,1336410
UpdateRouteReq,1343516
Error,1399687
Error,1527605
Error,1594890
Error,1649524
Error,1706310
PathTeardownReq,571883
Error,645074
Error,752440
UpdateRouteReq,793014
UpdateRouteReq,838483
UpdateRouteReq,879289
UpdateRouteReq,887193
UpdateRouteReq,937355
PathSetupReq,569740
UpdateRouteReq,617514
UpdateRouteReq,679134
UpdateRouteReq,677759
Error,700317
FindNodeReq,768283
Error,774943
UpdateRouteReq,840676
FindNodeRsp,887615
FindNodeReq,980168
FindNodeRsp,1058409
PathSetupReq,1059569
PathTeardownReq,284503
UpdateRouteReq,469834
UpdateRouteReq,479838
UpdateRouteReq,488426
FindNodeReq,788206
UpdateRouteReq,886991
QueryRouteRsp,913184
UpdateRouteReq,829165
UpdateRouteReq,840032
UpdateRouteReq,892840
UpdateRouteReq,422691
UpdateRouteReq,537945
PathSetupReq,137550
FindNodeRsp,173831
UpdateRouteReq,184528
FindNodeRsp,301121
UpdateRouteReq,309049
UpdateRouteReq,381216
UpdateRouteReq,183344
UpdateRouteReq,247926
FindNodeRsp,155391
UpdateRouteReq,162516
FindNodeRsp,111178
FindNodeRsp,139175
UpdateRouteReq,141081
UpdateRouteReq,126863
UpdateRouteReq,76807
FindNodeReq,124627
UpdateRouteReq,69109
PathTeardownReq,54014
PathSetupReq,51524
PathTeardownReq,50319
UpdateRouteReq,62267
UpdateRouteReq,134522
UpdateRouteReq,58824
UpdateRouteReq,58088
UpdateRouteReq,72944
UpdateRouteReq,84746
PathSetupReq,81874
UpdateRouteReq,86451
UpdateRouteReq,92122
UpdateRouteReq,70406
UpdateRouteReq,135357
PathTeardownReq,54995
UpdateRouteReq,87238
UpdateRouteReq,152511
FindNodeRsp,238374
PathSetupReq,620975
PathTeardownReq,623263
UpdateRouteReq,695437
UpdateRouteReq,684881
UpdateRouteReq,716452
QueryRouteReq,794958
UpdateRouteReq,782942
UpdateRouteReq,792877
FindNodeReq,895419
FindNodeReq,951652
FindNodeReq,996270
UpdateRouteReq,1084888
UpdateRouteReq,1088790
UpdateRouteReq,1123038
UpdateRouteReq,1123737
PathSetupReq,1126452
UpdateRouteReq,1134107
UpdateRouteReq,1143182
UpdateRouteReq,598139
UpdateRouteReq,651059
UpdateRouteReq,699218
PathTeardownReq,712030
PathSetupReq,691940
FindNodeReq,699517
FindNodeReq,756731
FindNodeReq,787263
UpdateRouteReq,772563
PathTeardownReq,732697
PathSetupReq,737426
PathTeardownReq,739873
UpdateRouteReq,99861
UpdateRouteReq,101058
UpdateRouteReq,108099
UpdateRouteReq,115778
FindNodeReq,103881
UpdateRouteReq,162061
UpdateRouteReq,57836
UpdateRouteReq,97507
PathSetupReq,82540
UpdateRouteReq,59547
UpdateRouteReq,52289
PathSetupReq,41420
UpdateRouteReq,53243
FindNodeReq,111831
UpdateRouteReq,59232
UpdateRouteReq,51477
FindNodeReq,107445
UpdateRouteReq,84872
UpdateRouteReq,102245
UpdateRouteReq,143377
UpdateRouteReq,84636
UpdateRouteReq,49396
UpdateRouteReq,52911
UpdateRouteReq,46194
PathTeardownReq,69784
PathSetupReq,65422
PathTeardownReq,69546
UpdateRouteReq,71949
UpdateRouteReq,126443
UpdateRouteReq,123530
PathSetupReq,123785
UpdateRouteReq,128496
UpdateRouteReq,77166
UpdateRouteReq,79566
UpdateRouteReq,109623
UpdateRouteReq,153656
UpdateRouteReq,133523
FindNodeReq,104166
UpdateRouteReq,43279
UpdateRouteReq,54419
UpdateRouteReq,45645
QueryRouteReq,185936
UpdateRouteReq,210219
QueryRouteReq,168765
UpdateRouteReq,166075
PathSetupReq,212504
UpdateRouteReq,313059
FindNodeRsp,106052
UpdateRouteReq,66262
UpdateRouteReq,39787
PathSetupReq,54246
UpdateRouteReq,46039
UpdateRouteReq,65846
UpdateRouteReq,39846
UpdateRouteReq,151800
UpdateRouteReq,135990
UpdateRouteReq,125943
UpdateRouteReq,65939
FindNodeReq,184417
UpdateRouteReq,564829
UpdateRouteReq,666080
UpdateRouteReq,708919
UpdateRouteReq,789930
UpdateRouteReq,175156
UpdateRouteReq,74869
UpdateRouteReq,139808
UpdateRouteReq,187135
UpdateRouteReq,121057
UpdateRouteReq,128381
UpdateRouteReq,43338
UpdateRouteReq,91900
UpdateRouteReq,44355
UpdateRouteReq,63654
UpdateRouteReq,137579
UpdateRouteReq,93058
UpdateRouteReq,60015
UpdateRouteReq,50177
UpdateRouteReq,47774
UpdateRouteReq,111245
UpdateRouteReq,73193
PathTeardownReq,53383
PathTeardownReq,114657
QueryRouteReq,147196
UpdateRouteReq,82488
UpdateRouteReq,50144
UpdateRouteReq,71085
FindNodeReq,205340
UpdateRouteReq,158240
UpdateRouteReq,197101
UpdateRouteReq,197572
UpdateRouteReq,484182
UpdateRouteReq,670545
QueryRouteReq,1054505
Error,1227201
Error,2242491
Error,2294130
Error,525152
UpdateRouteReq,530485
UpdateRouteReq,595966
UpdateRouteReq,638833
UpdateRouteReq,639836
QueryRouteReq,683625
Error,751919
FindNodeRsp,783013
Error,844574
Error,904394
Error,970588
Error,1029436
Error,1090991
PathSetupReq,1097701
Error,1095025
Error,244958
UpdateRouteReq,292494
FindNodeReq,366984
UpdateRouteReq,81842
UpdateRouteReq,61055
UpdateRouteReq,58269
UpdateRouteReq,96710
PathSetupReq,95250
UpdateRouteReq,114117
UpdateRouteReq,190323
UpdateRouteReq,239903
UpdateRouteReq,114041
UpdateRouteReq,159821
UpdateRouteReq,99194
FindNodeRsp,140322
Error,121569
FindNodeRsp,155392
UpdateRouteReq,265058
UpdateRouteReq,398915
PathTeardownReq,498259
UpdateRouteReq,65950
UpdateRouteReq,80387
UpdateRouteReq,62788
FindNodeReq,113472
UpdateRouteReq,85214
PathSetupReq,84278
UpdateRouteReq,59944
FindNodeRsp,154841
Error,183002
FindNodeRsp,62065
FindNodeRsp,80820
UpdateRouteReq,63983
UpdateRouteReq,59348
FindNodeRsp,74112
UpdateRouteReq,40711
UpdateRouteReq,66383
UpdateRouteReq,70959
FindNodeReq,144532
UpdateRouteReq,59519
UpdateRouteReq,52734
UpdateRouteReq,59603
UpdateRouteReq,61086
FindNodeReq,154556
UpdateRouteReq,67415
UpdateRouteReq,56826
PathTeardownReq,44150
FindNodeRsp,77354
UpdateRouteReq,71030
UpdateRouteReq,51140
UpdateRouteReq,43647
QueryRouteReq,87823
QueryRouteReq,121981
PathSetupReq,69799
UpdateRouteReq,69250
UpdateRouteReq,95085
UpdateRouteReq,307736
UpdateRouteReq,325224
UpdateRouteReq,87088
PathSetupReq,81963
UpdateRouteReq,92990
UpdateRouteReq,63115
UpdateRouteReq,300534
UpdateRouteReq,169320
UpdateRouteReq,226704
UpdateRouteReq,48894
UpdateRouteReq,216782
UpdateRouteReq,115983
FindNodeRsp,123453
UpdateRouteReq,183927
UpdateRouteReq,95540
QueryRouteReq,141474
UpdateRouteReq,113777
UpdateRouteReq,39068
FindNodeRsp,79557
UpdateRouteReq,81247
UpdateRouteReq,240540
QueryRouteReq,83902
UpdateRouteReq,156421
FindNodeReq,158978
UpdateRouteReq,48125
UpdateRouteReq,59211
UpdateRouteReq,72458
UpdateRouteReq,96658
QueryRouteReq,78144
PathSetupReq,118736
UpdateRouteReq,94070
UpdateRouteReq,89204
FindNodeReq,167884
UpdateRouteReq,48355
PathSetupReq,60196
UpdateRouteReq,67802
FindNodeReq,159810
UpdateRouteReq,179057
UpdateRouteReq,158444
FindNodeReq,156364
UpdateRouteReq,49423
FindNodeRsp,64295
FindNodeReq,163461
UpdateRouteReq,182916
FindNodeReq,157080
UpdateRouteReq,50530
FindNodeRsp,110197
UpdateRouteReq,143974
UpdateRouteReq,119106
FindNodeReq,158689
FindNodeRsp,74104
UpdateRouteReq,66746
UpdateRouteReq,42675
UpdateRouteReq,60633
UpdateRouteReq,69402
FindNodeReq,157528
FindNodeRsp,74323
UpdateRouteReq,92471
UpdateRouteReq,63551
UpdateRouteReq,82653
FindNodeReq,157651
UpdateRouteReq,113443
UpdateRouteReq,160578
UpdateRouteReq,51646
FindNodeReq,158698
PNDiscReq,155063
FindNodeRsp,90965
UpdateRouteReq,162308
UpdateRouteReq,160353
UpdateRouteReq,58505
UpdateRouteReq,164364
UpdateRouteReq,44130
UpdateRouteReq,43091
UpdateRouteReq,50867
UpdateRouteReq,110513
FindNodeReq,174836
UpdateRouteReq,70179
UpdateRouteReq,68586
UpdateRouteReq,202005
UpdateRouteReq,175393
UpdateRouteReq,49352
UpdateRouteReq,46664
FindNodeReq,169007
UpdateRouteReq,52893
FindNodeRsp,95710
PNHello,122459
PNDiscRsp,71727
UpdateRouteReq,174340
FindNodeReq,169252
UpdateRouteReq,46533
UpdateRouteReq,163848
FindNodeReq,160720
UpdateRouteReq,50215
UpdateRouteReq,67546
FindNodeReq,164411
UpdateRouteReq,71191
UpdateRouteReq,44090
FindNodeReq,165644
UpdateRouteReq,70258
UpdateRouteReq,45035
FindNodeRsp,95662
UpdateRouteReq,46774
FindNodeReq,160211
UpdateRouteReq,164641
UpdateRouteReq,101298
FindNodeReq,160444
UpdateRouteReq,168104
FindNodeRsp,111852
UpdateRouteReq,167769
FindNodeRsp,128957
UpdateRouteReq,128269
FindNodeReq,162333
UpdateRouteReq,74811
UpdateRouteReq,49099
UpdateRouteReq,109391
FindNodeReq,163021
FindNodeRsp,80238
UpdateRouteReq,69251
UpdateRouteReq,45019
FindNodeReq,162852
FindNodeRsp,79966
UpdateRouteReq,110783
FindNodeReq,160637
FindNodeRsp,77780
UpdateRouteReq,68373
UpdateRouteReq,45015
FindNodeRsp,114754
FindNodeReq,160593
UpdateRouteReq,52919
FindNodeRsp,79046
UpdateRouteReq,47858
FindNodeRsp,115986
UpdateRouteReq,69270
UpdateRouteReq,164685
FindNodeReq,163297
UpdateRouteReq,51255
UpdateRouteReq,67895
QueryRouteReq,153406
UpdateRouteReq,90942
UpdateRouteReq,142383
FindNodeReq,161930
UpdateRouteReq,61148
FindNodeRsp,72838
UpdateRouteReq,70133
UpdateRouteReq,44575
FindNodeRsp,78873
FindNodeReq,141489
UpdateRouteReq,50592
FindNodeRsp,96378
FindNodeReq,139924
UpdateRouteReq,92770
UpdateRouteReq,44595
UpdateRouteReq,92754
UpdateRouteReq,45774
UpdateRouteReq,62221
FindNodeReq,140661
UpdateRouteReq,69799
UpdateRouteReq,46141
UpdateRouteReq,99938
FindNodeReq,140077
FindNodeRsp,78259
UpdateRouteReq,112642
UpdateRouteReq,86887
UpdateRouteReq,46073
FindNodeReq,140379
UpdateRouteReq,66313
UpdateRouteReq,100225
FindNodeRsp,102612
UpdateRouteReq,46955
FindNodeReq,141775
UpdateRouteReq,70567
UpdateRouteReq,47855
UpdateRouteReq,52618
FindNodeReq,140005
FindNodeRsp,111118
UpdateRouteReq,94625
UpdateRouteReq,46054
FindNodeRsp,100438
UpdateRouteReq,47931
UpdateRouteReq,102385
FindNodeReq,140449
UpdateRouteReq,90251
UpdateRouteReq,43557
FindNodeRsp,82504
UpdateRouteReq,49138
FindNodeReq,142953
UpdateRouteReq,47503
FindNodeReq,139661
UpdateRouteReq,49695
FindNodeRsp,95429
UpdateRouteReq,50380
FindNodeReq,138464
FindNodeRsp,102446
UpdateRouteReq,93522
UpdateRouteReq,44597
FindNodeRsp,83772
FindNodeReq,141497
UpdateRouteReq,51575
UpdateRouteReq,61197
UpdateRouteReq,101472
FindNodeRsp,79932
FindNodeReq,142042
FindNodeReq,140886
FindNodeRsp,95274
UpdateRouteReq,93374
UpdateRouteReq,44778
UpdateRouteReq,100791
FindNodeRsp,100446
FindNodeReq,140959
UpdateRouteReq,49039
FindNodeRsp,110525
FindNodeRsp,108366
UpdateRouteReq,92631
UpdateRouteReq,43586
FindNodeRsp,108506
FindNodeReq,141935
PathSetupReq,182612
UpdateRouteReq,93670
UpdateRouteReq,43815
FindNodeReq,139811
FindNodeRsp,80993
UpdateRouteReq,63933
FindNodeReq,142150
UpdateRouteReq,70950
UpdateRouteReq,48926
PathSetupReq,86730
UpdateRouteReq,51200
FindNodeReq,142644
FindNodeReq,161796
UpdateRouteReq,49517
UpdateRouteReq,49543
UpdateRouteReq,47483
FindNodeReq,141765
UpdateRouteReq,85190
UpdateRouteReq,83405
FindNodeReq,153425
FindNodeReq,197193
UpdateRouteReq,46919
UpdateRouteReq,251810
FindNodeReq,179112
UpdateRouteReq,70087
UpdateRouteReq,45091
UpdateRouteReq,44267
FindNodeRsp,102652
UpdateRouteReq,48057
FindNodeReq,139619
UpdateRouteReq,62730
FindNodeReq,141375
UpdateRouteReq,48285
UpdateRouteReq,61591
FindNodeReq,138923
UpdateRouteReq,67162
UpdateRouteReq,45135
UpdateRouteReq,123721
FindNodeReq,139177
UpdateRouteReq,73034
UpdateRouteReq,107446
UpdateRouteReq,44775
UpdateRouteReq,93673
UpdateRouteReq,44711
FindNodeReq,139302
FindNodeRsp,84210
UpdateRouteReq,47789
FindNodeRsp,83684
UpdateRouteReq,46924
UpdateRouteReq,59799
FindNodeReq,138177
UpdateRouteReq,48009
FindNodeReq,158221
UpdateRouteReq,101042
FindNodeReq,140993
FindNodeRsp,97934
UpdateRouteReq,73511
UpdateRouteReq,106189
UpdateRouteReq,45053
FindNodeRsp,100174
UpdateRouteReq,61934
QueryRouteReq,95109
FindNodeRsp,97585
UpdateRouteReq,46483
FindNodeReq,139748
UpdateRouteReq,49355
UpdateRouteReq,62316
FindNodeReq,136693
UpdateRouteReq,68928
UpdateRouteReq,66837
UpdateRouteReq,49975
FindNodeRsp,124076
UpdateRouteReq,47079
UpdateRouteReq,48619
FindNodeRsp,89451
UpdateRouteReq,46840
UpdateRouteReq,69535
FindNodeReq,165183
UpdateRouteReq,45900
FindNodeReq,160222
UpdateRouteReq,47812
FindNodeRsp,94662
UpdateRouteReq,117792
FindNodeReq,139699
UpdateRouteReq,48069
FindNodeReq,164911
UpdateRouteReq,69895
UpdateRouteReq,65022
FindNodeRsp,98949
UpdateRouteReq,74994
UpdateRouteReq,47064
UpdateRouteReq,42965
UpdateRouteReq,88905
UpdateRouteReq,45122
FindNodeReq,147065
FindNodeReq,138315
UpdateRouteReq,61305
UpdateRouteReq,114691
UpdateRouteReq,45705
FindNodeReq,159065
FindNodeReq,183617
UpdateRouteReq,53281
FindNodeRsp,96658
FindNodeReq,182290
UpdateRouteReq,72638
UpdateRouteReq,90720
UpdateRouteReq,45100
FindNodeReq,140496
UpdateRouteReq,75927
UpdateRouteReq,44427
FindNodeRsp,103430
FindNodeReq,140607
UpdateRouteReq,71147
UpdateRouteReq,43275
UpdateRouteReq,70957
UpdateRouteReq,42150
FindNodeReq,139004
UpdateRouteReq,100188
FindNodeReq,138810
FindNodeRsp,101010
PNDiscReq,119362
UpdateRouteReq,49303
FindNodeReq,138777
UpdateRouteReq,47399
FindNodeReq,112475
FindNodeRsp,98378
UpdateRouteReq,47774
FindNodeRsp,115255
UpdateRouteReq,103165
FindNodeReq,138623
FindNodeRsp,96136
UpdateRouteReq,72986
UpdateRouteReq,43575
PNHello,124516
PNDiscRsp,69339
FindNodeReq,140097
UpdateRouteReq,74619
UpdateRouteReq,86223
UpdateRouteReq,44999
UpdateRouteReq,65435
UpdateRouteReq,44453
FindNodeRsp,79591
UpdateRouteReq,63086
FindNodeRsp,102306
FindNodeReq,137729
UpdateRouteReq,48899
UpdateRouteReq,70039
UpdateRouteReq,44526
FindNodeRsp,81837
FindNodeRsp,80631
FindNodeRsp,111252
UpdateRouteReq,56179
FindNodeReq,141225
UpdateRouteReq,67915
UpdateRouteReq,44687
UpdateRouteReq,75939
UpdateRouteReq,87642
UpdateRouteReq,44790
UpdateRouteReq,70419
UpdateRouteReq,43366
UpdateRouteReq,63388
UpdateRouteReq,101360
FindNodeReq,137860
UpdateRouteReq,192350
FindNodeRsp,122538
UpdateRouteReq,117140
UpdateRouteReq,129192
FindNodeReq,139610
UpdateRouteReq,49003
UpdateRouteReq,287750
UpdateRouteReq,73403
UpdateRouteReq,44808
FindNodeRsp,101849
FindNodeReq,139825
FindNodeRsp,105850
FindNodeReq,139929
UpdateRouteReq,47702
UpdateRouteReq,70726
UpdateRouteReq,47081
FindNodeReq,142028
UpdateRouteReq,70526
FindNodeReq,171242
UpdateRouteReq,47779
FindNodeReq,178010
UpdateRouteReq,102922
UpdateRouteReq,130525
UpdateRouteReq,67694
PathSetupReq,134629
FindNodeRsp,144529
UpdateRouteReq,72610
UpdateRouteReq,69375
UpdateRouteReq,62434
FindNodeRsp,98318
UpdateRouteReq,103581
UpdateRouteReq,50473
FindNodeReq,140286
UpdateRouteReq,61955
PathSetupReq,86533
FindNodeReq,134473
UpdateRouteReq,62125
FindNodeRsp,106014
FindNodeReq,142002
UpdateRouteReq,48590
UpdateRouteReq,100833
FindNodeReq,139597
UpdateRouteReq,72199
UpdateRouteReq,84454
UpdateRouteReq,43242
FindNodeReq,147904
FindNodeReq,162338
FindNodeRsp,95689
FindNodeRsp,106462
FindNodeReq,161339
FindNodeRsp,72573
UpdateRouteReq,76171
UpdateRouteReq,163747
FindNodeRsp,131615
UpdateRouteReq,61930
UpdateRouteReq,46981
UpdateRouteReq,61911
UpdateRouteReq,44239
QueryRouteReq,99334
UpdateRouteReq,52257
UpdateRouteReq,42530
UpdateRouteReq,119957
UpdateRouteReq,45104
UpdateRouteReq,43247
UpdateRouteReq,58255
UpdateRouteReq,41748
UpdateRouteReq,164491
FindNodeRsp,79584
UpdateRouteReq,50159
FindNodeRsp,75022
FindNodeRsp,75255
FindNodeReq,139978
FindNodeReq,89925
FindNodeReq,82350
FindNodeReq,77791
UpdateRouteReq,54499
UpdateRouteReq,336221
FindNodeRsp,367616
FindNodeRsp,77700
FindNodeRsp,103932
FindNodeRsp,78020
FindNodeRsp,76075
FindNodeRsp,93356
FindNodeRsp,74186
UpdateRouteReq,98656
UpdateRouteReq,91146
FindNodeReq,170572
UpdateRouteReq,171826
UpdateRouteReq,174595
FindNodeReq,185382
UpdateRouteReq,187200
UpdateRouteReq,190864
FindNodeReq,241003
UpdateRouteReq,249708
UpdateRouteReq,67739
FindNodeReq,109648
FindNodeReq,153415
FindNodeRsp,59130
FindNodeReq,154146
FindNodeReq,152247
FindNodeRsp,73578
FindNodeReq,161978
FindNodeRsp,64154
FindNodeReq,149477
FindNodeReq,145959
FindNodeReq,95163
FindNodeReq,79437
FindNodeReq,76209
UpdateRouteReq,50179
FindNodeReq,149909
FindNodeReq,145206
FindNodeReq,92104
FindNodeReq,79871
FindNodeReq,74996
UpdateRouteReq,50321
FindNodeReq,147113
FindNodeReq,92470
FindNodeReq,77246
FindNodeReq,76378
UpdateRouteReq,51035
FindNodeRsp,60306
FindNodeRsp,59504
UpdateRouteReq,180918
FindNodeReq,148521
FindNodeRsp,58499
Error,114950
Error,89526
Error,81430
Error,48955
Error,74598
UpdateRouteReq,40241
Error,76839
Error,73050
Error,79271
Error,41548
FindNodeReq,161152
UpdateRouteReq,60460
FindNodeReq,148279
FindNodeReq,86132
FindNodeReq,77146
UpdateRouteReq,50883
FindNodeReq,140449
UpdateRouteReq,65442
FindNodeRsp,58880
UpdateRouteReq,47042
FindNodeReq,148895
UpdateRouteReq,178932
UpdateRouteReq,206806
Error,119578
Error,111332
UpdateRouteReq,44463
Error,76540
Error,72106
UpdateRouteReq,42130
Error,78086
Error,71006
Error,71462
Error,74196
Error,44592
Error,43723
FindNodeRsp,56118
Error,70966
Error,40328
UpdateRouteReq,56010
Error,39129
Error,87897
UpdateRouteReq,44374
Error,86830
Error,84005
Error,83939
Error,48033
Error,36977
Error,83391
Error,83058
Error,84528
Error,80798
Error,42861
FindNodeReq,155963
UpdateRouteReq,50610
FindNodeReq,146297
UpdateRouteReq,122297
UpdateRouteReq,189979
FindNodeRsp,56802
Error,103722
Error,80642
Error,76614
Error,40710
FindNodeReq,149589
FindNodeReq,140509
FindNodeRsp,53280
Error,154641
UpdateRouteReq,152224
Error,146907
UpdateRouteReq,207165
Error,113540
Error,132072
UpdateRouteReq,140069
Error,77730
Error,70892
UpdateRouteReq,42406
Error,72199
Error,70587
Error,71458
Error,72086
Error,42246
Error,44139
Error,53581
Error,36274
UpdateRouteReq,50087
Error,123063
Error,116901
UpdateRouteReq,125133
Error,83832
Error,81650
Error,108528
Error,43648
Error,35867
Error,83787
Error,81105
Error,79122
Error,79398
Error,42032
FindNodeReq,154996
UpdateRouteReq,49780
FindNodeReq,145070
UpdateRouteReq,71624
UpdateRouteReq,63003
FindNodeRsp,55913
FindNodeReq,145676
FindNodeRsp,48890
FindNodeReq,146842
Error,141479
UpdateRouteReq,139802
Error,134157
UpdateRouteReq,87579
Error,111956
Error,130537
UpdateRouteReq,137137
Error,77359
Error,71311
UpdateRouteReq,42130
Error,77198
Error,69923
Error,70567
Error,72670
Error,43190
Error,42635
Error,54961
Error,77178
UpdateRouteReq,79658
UpdateRouteReq,94447
Error,49672
Error,99538
Error,86119
Error,82158
Error,80814
Error,43891
Error,34999
Error,81253
Error,79997
Error,78798
Error,80864
Error,41174
FindNodeRsp,54245
FindNodeReq,153637
UpdateRouteReq,49849
FindNodeReq,143631
UpdateRouteReq,70352
UpdateRouteReq,53154
FindNodeRsp,49559
FindNodeReq,143826
FindNodeRsp,55604
FindNodeReq,144167
FindNodeReq,141745
FindNodeRsp,49155
FindNodeRsp,59320
FindNodeReq,143963
FindNodeReq,144453
FindNodeReq,136629
FindNodeRsp,49224
FindNodeReq,143865
FindNodeRsp,54057
FindNodeReq,144337
FindNodeReq,140146
FindNodeRsp,48615
FindNodeReq,146802
FindNodeRsp,55225
FindNodeReq,144384
FindNodeRsp,55504
FindNodeReq,144433
FindNodeReq,136826
FindNodeRsp,54959
FindNodeReq,143706
FindNodeRsp,48919
FindNodeReq,145093
FindNodeReq,138195
FindNodeRsp,53304
FindNodeReq,145563
FindNodeRsp,55315
FindNodeReq,146157
FindNodeRsp,55242
FindNodeReq,145850
FindNodeRsp,49213
PathSetupReq,66303
FindNodeReq,143997
FindNodeRsp,49385
FindNodeReq,137718
PathSetupReq,69800
FindNodeReq,145157
FindNodeRsp,57744
FindNodeReq,146713
FindNodeRsp,55011
FindNodeReq,146404
FindNodeRsp,54111
FindNodeReq,176480
FindNodeRsp,64859
FindNodeReq,150446
FindNodeReq,132164
FindNodeRsp,49591
FindNodeReq,143013
FindNodeReq,138096
FindNodeRsp,55239
FindNodeReq,145366
FindNodeReq,140666
FindNodeRsp,49660
FindNodeReq,146437
FindNodeRsp,56583
PNDiscReq,112461
FindNodeReq,144595
FindNodeRsp,54806
FindNodeReq,146202
FindNodeRsp,52529
FindNodeReq,147379
FindNodeReq,138555
FindNodeRsp,57550
FindNodeReq,148683
FindNodeReq,142624
FindNodeRsp,57299
FindNodeReq,146178
PNHello,127044
PNDiscRsp,91720
FindNodeRsp,56359
FindNodeReq,147641
FindNodeReq,140513
FindNodeRsp,64601
FindNodeRsp,60298
FindNodeReq,154693
FindNodeReq,144676
FindNodeRsp,56245
FindNodeReq,145890
FindNodeRsp,56687
FindNodeReq,149240
FindNodeReq,142279
FindNodeRsp,56770
FindNodeReq,146031
QueryRouteReq,148892
UpdateRouteReq,79307
QueryRouteRsp,161181
UpdateRouteReq,121013
QueryRouteRsp,86830
UpdateRouteReq,55300
UpdateRouteReq,55027
QueryRouteReq,137129
UpdateRouteReq,52658
UpdateRouteReq,168904
UpdateRouteReq,74471
PathSetupReq,40883
FindNodeRsp,62135
UpdateRouteReq,62493
FindNodeReq,160515
FindNodeRsp,106686
UpdateRouteReq,166893
UpdateRouteReq,53806
UpdateRouteReq,71021
PathTeardownReq,51779
PathSetupReq,54795
PathTeardownReq,49673
FindNodeReq,110830
FindNodeReq,151623
FindNodeRsp,62251
FindNodeReq,155917
UpdateRouteReq,60803
UpdateRouteReq,57519
FindNodeRsp,89394
UpdateRouteReq,66381
PathSetupReq,46004
UpdateRouteReq,134409
FindNodeReq,132713
FindNodeReq,113233
FindNodeReq,135653
FindNodeRsp,92898
UpdateRouteReq,203076
FindNodeReq,152813
FindNodeRsp,116163
FindNodeReq,176592
UpdateRouteReq,63146
FindNodeReq,100434
UpdateRouteReq,196844
UpdateRouteReq,207142
UpdateRouteReq,260218
FindNodeRsp,92007
FindNodeReq,157559
FindNodeReq,140850
FindNodeReq,170533
UpdateRouteReq,212795
FindNodeRsp,61900
UpdateRouteReq,211848
UpdateRouteReq,216990
UpdateRouteReq,286526
FindNodeReq,158090
FindNodeReq,146079
FindNodeReq,157886
FindNodeReq,154433
UpdateRouteReq,208743
FindNodeRsp,89822
UpdateRouteReq,238685
UpdateRouteReq,163389
FindNodeReq,140886
FindNodeReq,157055
UpdateRouteReq,163387
UpdateRouteReq,176114
FindNodeRsp,64360
FindNodeReq,156656
FindNodeRsp,92660
UpdateRouteReq,209599
UpdateRouteReq,171245
UpdateRouteReq,48434
UpdateRouteReq,64344
FindNodeReq,150797
FindNodeReq,159293
FindNodeRsp,61144
UpdateRouteReq,211670
FindNodeReq,157044
FindNodeRsp,123401
UpdateRouteReq,77239
UpdateRouteReq,185268
UpdateRouteReq,174267
FindNodeReq,136535
UpdateRouteReq,211921
UpdateRouteReq,163100
UpdateRouteReq,47939
UpdateRouteReq,46822
FindNodeRsp,88154
FindNodeReq,158700
UpdateRouteReq,81818
UpdateRouteReq,70102
UpdateRouteReq,71240
UpdateRouteReq,72227
PathTeardownReq,65377
FindNodeRsp,86278
FindNodeReq,154942
UpdateRouteReq,101545
PathSetupReq,102825
UpdateRouteReq,69511
UpdateRouteReq,47939
FindNodeReq,163792
UpdateRouteReq,210311
UpdateRouteReq,77684
UpdateRouteReq,93965
FindNodeRsp,97238
FindNodeReq,132157
UpdateRouteReq,211076
FindNodeReq,161592
UpdateRouteReq,154708
UpdateRouteReq,136316
UpdateRouteReq,147002
FindNodeReq,157362
FindNodeReq,155085
FindNodeRsp,62432
UpdateRouteReq,210990
FindNodeReq,193528
UpdateRouteReq,160268
UpdateRouteReq,141546
UpdateRouteReq,211031
UpdateRouteReq,175792
FindNodeReq,154055
QueryRouteReq,153989
FindNodeRsp,79960
UpdateRouteReq,172188
UpdateRouteReq,168560
QueryRouteReq,239393
UpdateRouteReq,77108
UpdateRouteReq,59522
UpdateRouteReq,56411
FindNodeReq,152392
FindNodeReq,154366
FindNodeReq,150892
UpdateRouteReq,213515
UpdateRouteReq,90883
FindNodeRsp,82012
FindNodeReq,156376
UpdateRouteReq,165509
UpdateRouteReq,204975
FindNodeReq,151593
UpdateRouteReq,213809
UpdateRouteReq,215699
UpdateRouteReq,213469
UpdateRouteReq,288107
FindNodeRsp,89718
UpdateRouteReq,212137
UpdateRouteReq,209790
UpdateRouteReq,219421
UpdateRouteReq,286970
FindNodeReq,133381
FindNodeReq,119024
UpdateRouteReq,215031
UpdateRouteReq,108074
FindNodeRsp,122729
UpdateRouteReq,67546
UpdateRouteReq,205968
UpdateRouteReq,156051
UpdateRouteReq,166528
UpdateRouteReq,150108
UpdateRouteReq,49473
FindNodeReq,155384
FindNodeReq,180245
FindNodeReq,136554
UpdateRouteReq,210188
FindNodeRsp,91642
UpdateRouteReq,207723
UpdateRouteReq,146628
UpdateRouteReq,102366
UpdateRouteReq,72558
PathTeardownReq,64677
PathSetupReq,54377
PathTeardownReq,53957
UpdateRouteReq,184152
FindNodeReq,155829
QueryRouteReq,117505
UpdateRouteReq,160600
UpdateRouteReq,157209
UpdateRouteReq,137837
UpdateRouteReq,139077
QueryRouteReq,153213
UpdateRouteReq,68539
FindNodeReq,152225
FindNodeReq,140902
FindNodeReq,137924
UpdateRouteReq,61349
PathSetupReq,60399
FindNodeReq,106661
FindNodeReq,101128
FindNodeReq,103990
UpdateRouteReq,64038
UpdateRouteReq,107894
FindNodeReq,157207
UpdateRouteReq,213956
UpdateRouteReq,72714
FindNodeRsp,66431
FindNodeRsp,61712
FindNodeReq,157031
FindNodeReq,168372
UpdateRouteReq,171791
UpdateRouteReq,142266
UpdateRouteReq,77935
UpdateRouteReq,80213
UpdateRouteReq,218902
FindNodeReq,139214
FindNodeReq,104622
UpdateRouteReq,157660
UpdateRouteReq,140893
FindNodeReq,152200
UpdateRouteReq,184948
FindNodeRsp,94465
FindNodeReq,159009
FindNodeReq,155118
UpdateRouteReq,212740
UpdateRouteReq,87132
UpdateRouteReq,81835
UpdateRouteReq,85163
FindNodeReq,144716
UpdateRouteReq,66644
UpdateRouteReq,78566
PathTeardownReq,71841
FindNodeReq,150288
UpdateRouteReq,84914
PathSetupReq,65314
UpdateRouteReq,77262
FindNodeReq,105741
FindNodeReq,104007
FindNodeReq,157195
UpdateRouteReq,69934
FindNodeRsp,60151
UpdateRouteReq,114238
FindNodeReq,139250
QueryRouteReq,131923
QueryRouteReq,132292
FindNodeRsp,103786
UpdateRouteReq,217055
UpdateRouteReq,64050
PathSetupReq,37945
FindNodeReq,137571
FindNodeRsp,89794
FindNodeReq,141347
UpdateRouteReq,164976
UpdateRouteReq,152464
FindNodeReq,175823
UpdateRouteReq,114306
UpdateRouteReq,80100
UpdateRouteReq,84622
UpdateRouteReq,106449
PathTeardownReq,72534
FindNodeReq,156409
FindNodeRsp,91770
UpdateRouteReq,53852
PathSetupReq,43543
FindNodeReq,160388
UpdateRouteReq,217752
UpdateRouteReq,177252
UpdateRouteReq,75519
PathTeardownReq,67726
PathSetupReq,65642
PathTeardownReq,64335
FindNodeReq,152770
UpdateRouteReq,101701
FindNodeReq,139493
UpdateRouteReq,153732
UpdateRouteReq,76333
FindNodeRsp,121929
UpdateRouteReq,72786
FindNodeReq,165303
UpdateRouteReq,173436
UpdateRouteReq,73593
PathSetupReq,62214
UpdateRouteReq,71539
UpdateRouteReq,201106
FindNodeReq,154382
UpdateRouteReq,219079
UpdateRouteReq,87463
FindNodeRsp,92252
FindNodeReq,153505
UpdateRouteReq,164156
FindNodeReq,159302
UpdateRouteReq,213123
FindNodeReq,156301
UpdateRouteReq,215348
UpdateRouteReq,211229
UpdateRouteReq,155961
UpdateRouteReq,218055
FindNodeRsp,128409
UpdateRouteReq,208591
UpdateRouteReq,209729
UpdateRouteReq,281072
UpdateRouteReq,241391
FindNodeReq,155177
FindNodeReq,116836
PathSetupReq,60620
FindNodeReq,108483
FindNodeRsp,95558
UpdateRouteReq,220934
FindNodeReq,149533
FindNodeReq,112414
UpdateRouteReq,210082
FindNodeReq,173042
UpdateRouteReq,159834
UpdateRouteReq,85743
FindNodeRsp,91026
FindNodeReq,156239
UpdateRouteReq,164232
UpdateRouteReq,202203
FindNodeReq,152885
UpdateRouteReq,218655
UpdateRouteReq,245539
UpdateRouteReq,49787
FindNodeReq,155877
FindNodeRsp,115603
UpdateRouteReq,173958
PathSetupReq,85988
FindNodeReq,210644
UpdateRouteReq,174925
FindNodeReq,155025
UpdateRouteReq,79858
UpdateRouteReq,74982
UpdateRouteReq,73582
UpdateRouteReq,77157
PathTeardownReq,74209
FindNodeRsp,90271
PathSetupReq,124490
PathSetupReq,61413
FindNodeReq,159218
FindNodeRsp,66926
UpdateRouteReq,209642
FindNodeReq,158767
FindNodeRsp,63949
UpdateRouteReq,181580
FindNodeReq,161345
FindNodeRsp,60190
FindNodeReq,138879
UpdateRouteReq,157088
UpdateRouteReq,151940
FindNodeReq,151417
UpdateRouteReq,90639
UpdateRouteReq,93426
FindNodeRsp,122310
UpdateRouteReq,182429
PathSetupReq,45731
FindNodeReq,153877
UpdateRouteReq,219151
FindNodeReq,159253
FindNodeReq,112116
UpdateRouteReq,186978
FindNodeRsp,96582
UpdateRouteReq,224677
FindNodeReq,158344
FindNodeReq,110337
FindNodeReq,114005
UpdateRouteReq,212613
FindNodeRsp,99290
UpdateRouteReq,214764
FindNodeReq,157737
UpdateRouteReq,162432
UpdateRouteReq,217296
FindNodeRsp,90611
UpdateRouteReq,211159
UpdateRouteReq,215753
UpdateRouteReq,289935
FindNodeReq,159633
UpdateRouteReq,213277
FindNodeReq,149856
FindNodeRsp,94143
FindNodeReq,160453
FindNodeReq,113273
FindNodeReq,111077
UpdateRouteReq,164956
UpdateRouteReq,217895
FindNodeRsp,62883
FindNodeReq,141591
UpdateRouteReq,170866
UpdateRouteReq,150977
FindNodeReq,155268
UpdateRouteReq,212581
FindNodeReq,154742
FindNodeRsp,59660
UpdateRouteReq,210419
UpdateRouteReq,166969
FindNodeReq,156112
FindNodeReq,219900
UpdateRouteReq,166555
FindNodeRsp,63100
UpdateRouteReq,218467
UpdateRouteReq,151117
FindNodeReq,153619
UpdateRouteReq,219612
FindNodeRsp,94022
FindNodeReq,157856
UpdateRouteReq,176086
FindNodeReq,151037
UpdateRouteReq,242010
UpdateRouteReq,83790
FindNodeRsp,97809
FindNodeReq,150366
UpdateRouteReq,212092
UpdateRouteReq,208843
UpdateRouteReq,216955
UpdateRouteReq,291350
FindNodeReq,157506
UpdateRouteReq,212463
FindNodeRsp,65182
FindNodeRsp,62386
FindNodeReq,159084
FindNodeReq,158158
FindNodeRsp,96393
UpdateRouteReq,217791
QueryRouteReq,197010
UpdateRouteReq,262950
UpdateRouteReq,72148
UpdateRouteReq,152077
UpdateRouteReq,183081
UpdateRouteReq,171387
UpdateRouteReq,168737
UpdateRouteReq,138161
FindNodeReq,273179
UpdateRouteReq,280487
FindNodeReq,154312
UpdateRouteReq,207348
Error,48064
Error,88066
Error,130850
Error,132330
Error,118685
UpdateRouteReq,76910
Error,68755
Error,150984
Error,154857
Error,138253
Error,106597
Error,75799
UpdateRouteReq,80629
PathTeardownReq,57524
UpdateRouteReq,82687
UpdateRouteReq,72906
FindNodeRsp,114122
UpdateRouteReq,86718
UpdateRouteReq,80838
PathSetupReq,55759
UpdateRouteReq,113834
QueryRouteReq,206974
UpdateRouteReq,78452
UpdateRouteReq,54465
FindNodeReq,167584
UpdateRouteReq,190263
UpdateRouteReq,54106
UpdateRouteReq,148389
UpdateRouteReq,162791
UpdateRouteReq,209767
FindNodeReq,149616
UpdateRouteReq,87511
FindNodeRsp,87345
UpdateRouteReq,46852
FindNodeReq,156113
UpdateRouteReq,195925
FindNodeReq,152749
UpdateRouteReq,213867
UpdateRouteReq,174204
UpdateRouteReq,69514
PathTeardownReq,58290
PathSetupReq,53450
PathTeardownReq,56893
FindNodeReq,152011
QueryRouteReq,167911
UpdateRouteReq,165652
UpdateRouteReq,71255
UpdateRouteReq,75498
FindNodeRsp,87969
UpdateRouteReq,213131
FindNodeReq,155809
UpdateRouteReq,173257
UpdateRouteReq,145775
UpdateRouteReq,215811
UpdateRouteReq,100224
UpdateRouteReq,73371
UpdateRouteReq,70031
PathSetupReq,59473
FindNodeReq,152524
FindNodeReq,149389
FindNodeReq,112518
FindNodeReq,110137
FindNodeRsp,86076
FindNodeReq,107366
UpdateRouteReq,174600
UpdateRouteReq,176373
UpdateRouteReq,74264
PathTeardownReq,38679
FindNodeReq,137099
QueryRouteReq,145412
FindNodeRsp,137585
Error,353624
Error,423162
Error,492014
Error,549995
Error,608635
Error,670845
Error,271031
FindNodeRsp,348164
Error,430027
Error,150184
UpdateRouteReq,234950
Error,153140
Error,209759
Error,176718
Error,223983
Error,280990
Error,201548
UpdateRouteReq,219895
Error,292312
Error,352065
Error,124349
FindNodeRsp,114546
FindNodeRsp,146960
FindNodeRsp,172635
Error,364656
Error,419273
Error,476196
FindNodeReq,572934
UpdateRouteReq,579627
Error,661287
Error,729479
Error,789691
Error,849184
PathSetupReq,231015
Error,292706
Error,355321
Error,414761
UpdateRouteReq,486343
FindNodeRsp,110931
UpdateRouteReq,150925
FindNodeRsp,118946
Error,307445
Error,363450
UpdateRouteReq,382488
Error,450422
Error,517169
Error,578679
Error,646674
Error,208636
Error,262671
Error,331571
Error,390575
FindNodeRsp,154418
Error,168476
Error,169493
FindNodeRsp,117253
Error,265232
Error,323965
Error,362572
Error,419950
Error,480321
Error,225236
Error,279376
Error,340544
Error,401664
Error,458828
Error,177665
Error,185759
Error,186668
Error,186416
Error,258194
Error,122791
Error,69939
UpdateRouteReq,80923
FindNodeRsp,96705
FindNodeRsp,77610
QueryRouteRsp,89354
FindNodeRsp,75612
FindNodeRsp,118113
PathTeardownReq,61587
UpdateRouteReq,57945
UpdateRouteReq,131343
FindNodeRsp,70459
FindNodeRsp,60856
QueryRouteReq,112901
UpdateRouteReq,79740
PathSetupReq,75200
FindNodeRsp,47972
FindNodeRsp,47929
QueryRouteRsp,62128
FindNodeRsp,47793
UpdateRouteReq,55400
UpdateRouteReq,54878
UpdateRouteReq,50851
UpdateRouteReq,54265
FindNodeReq,140277
FindNodeReq,148928
FindNodeReq,150781
UpdateRouteReq,206838
FindNodeRsp,57590
FindNodeReq,160776
FindNodeRsp,86402
UpdateRouteReq,206356
UpdateRouteReq,147136
FindNodeReq,149355
UpdateRouteReq,203123
UpdateRouteReq,271030
UpdateRouteReq,298619
FindNodeRsp,86917
UpdateRouteReq,207243
FindNodeRsp,58289
UpdateRouteReq,205875
UpdateRouteReq,211292
UpdateRouteReq,272968
FindNodeReq,152326
FindNodeReq,136380
FindNodeReq,155186
UpdateRouteReq,212534
UpdateRouteReq,212295
UpdateRouteReq,211388
UpdateRouteReq,274274
FindNodeReq,152311
FindNodeRsp,86938
UpdateRouteReq,230577
UpdateRouteReq,205921
UpdateRouteReq,238195
UpdateRouteReq,273762
FindNodeReq,153572
FindNodeReq,151879
FindNodeRsp,82957
FindNodeReq,152243
UpdateRouteReq,209755
UpdateRouteReq,174618
UpdateRouteReq,68110
PathTeardownReq,56227
PathSetupReq,51911
PathTeardownReq,51915
FindNodeReq,155409
UpdateRouteReq,95264
UpdateRouteReq,60094
UpdateRouteReq,44903
FindNodeReq,152612
UpdateRouteReq,209220
UpdateRouteReq,81722
FindNodeRsp,75149
FindNodeReq,152737
UpdateRouteReq,182553
UpdateRouteReq,208167
UpdateRouteReq,208559
UpdateRouteReq,206614
UpdateRouteReq,276294
UpdateRouteReq,67467
PathSetupReq,57435
UpdateRouteReq,66977
FindNodeRsp,62847
FindNodeReq,103397
UpdateRouteReq,210219
FindNodeReq,148853
FindNodeReq,177304
FindNodeRsp,123145
UpdateRouteReq,72343
FindNodeReq,148422
UpdateRouteReq,210743
FindNodeReq,155479
UpdateRouteReq,175155
UpdateRouteReq,138937
FindNodeReq,150526
FindNodeReq,176120
UpdateRouteReq,181910
UpdateRouteReq,218303
FindNodeRsp,113694
UpdateRouteReq,206731
UpdateRouteReq,204071
UpdateRouteReq,273750
FindNodeReq,155778
FindNodeReq,135869
FindNodeReq,151268
FindNodeRsp,89410
UpdateRouteReq,207169
FindNodeReq,154118
UpdateRouteReq,156981
UpdateRouteReq,130233
FindNodeReq,152788
UpdateRouteReq,203736
FindNodeRsp,57938
FindNodeReq,144799
UpdateRouteReq,168201
UpdateRouteReq,141368
FindNodeReq,152152
FindNodeReq,154333
Error,46699
Error,123785
Error,136825
Error,132364
Error,233453
UpdateRouteReq,247247
Error,71933
UpdateRouteReq,69995
FindNodeReq,151322
FindNodeRsp,89843
UpdateRouteReq,203818
UpdateRouteReq,214637
FindNodeReq,160469
FindNodeRsp,57609
FindNodeReq,155415
FindNodeReq,148646
FindNodeRsp,90336
FindNodeRsp,58629
Error,70106
Error,64653
Error,136785
Error,135691
Error,131487
Error,125961
Error,69978
Error,69330
PNDiscReq,155433
FindNodeReq,85038
UpdateRouteReq,157904
UpdateRouteReq,170944
UpdateRouteReq,205853
UpdateRouteReq,154809
UpdateRouteReq,44887
UpdateRouteReq,61634
UpdateRouteReq,210719
UpdateRouteReq,83447
FindNodeRsp,77772
FindNodeReq,146013
UpdateRouteReq,203551
UpdateRouteReq,201600
UpdateRouteReq,235551
UpdateRouteReq,313289
FindNodeReq,183600
UpdateRouteReq,207329
FindNodeReq,146448
FindNodeRsp,57203
FindNodeReq,145545
FindNodeReq,149061
FindNodeRsp,77602
Error,69320
Error,63118
Error,133253
QueryRouteReq,117788
UpdateRouteReq,70972
Error,121285
Error,119975
Error,130441
Error,74398
Error,59971
FindNodeRsp,103265
UpdateRouteReq,203744
FindNodeReq,149857
UpdateRouteReq,159009
UpdateRouteReq,164049
UpdateRouteReq,81462
PathTeardownReq,58019
QueryRouteReq,157648
UpdateRouteReq,154808
FindNodeRsp,56321
FindNodeReq,151213
UpdateRouteReq,150339
QueryRouteReq,109421
UpdateRouteReq,129473
UpdateRouteReq,189661
UpdateRouteReq,249343
UpdateRouteReq,208250
FindNodeReq,147344
PNHello,123663
PNDiscRsp,99349
FindNodeRsp,61482
FindNodeRsp,131426
UpdateRouteReq,70975
FindNodeReq,147531
UpdateRouteReq,233850
FindNodeReq,303897
FindNodeReq,116058
FindNodeReq,105266
FindNodeReq,104054
Error,153185
FindNodeReq,110162
FindNodeReq,108654
Error,125712
FindNodeReq,140444
UpdateRouteReq,146952
FindNodeReq,118988
Error,125144
FindNodeReq,110869
Error,119359
Error,127578
Error,68675
UpdateRouteReq,176038
UpdateRouteReq,70435
PathSetupReq,44389
UpdateRouteReq,212145
UpdateRouteReq,181288
UpdateRouteReq,71520
PathTeardownReq,57991
PathSetupReq,52235
PathTeardownReq,52833
FindNodeReq,154213
FindNodeReq,146205
UpdateRouteReq,216647
FindNodeRsp,61295
QueryRouteReq,144720
UpdateRouteReq,141206
UpdateRouteReq,112893
UpdateRouteReq,154331
FindNodeRsp,105549
UpdateRouteReq,94924
PathSetupReq,94638
FindNodeReq,156167
FindNodeReq,138663
UpdateRouteReq,169774
UpdateRouteReq,150149
FindNodeReq,150858
FindNodeReq,170839
FindNodeReq,139659
FindNodeReq,84874
FindNodeReq,72987
FindNodeReq,72789
UpdateRouteReq,289558
Error,290628
Error,362234
Error,138506
Error,129864
Error,122246
Error,129950
Error,78715
Error,61763
FindNodeReq,153043
FindNodeReq,151125
UpdateRouteReq,210384
UpdateRouteReq,89892
FindNodeRsp,95274
FindNodeReq,151645
UpdateRouteReq,137117
UpdateRouteReq,199728
UpdateRouteReq,71024
FindNodeReq,176718
UpdateRouteReq,195294
UpdateRouteReq,124694
UpdateRouteReq,191624
UpdateRouteReq,168181
UpdateRouteReq,208624
FindNodeReq,154351
FindNodeRsp,58548
UpdateRouteReq,195872
UpdateRouteReq,208063
UpdateRouteReq,46908
FindNodeRsp,102902
FindNodeReq,136208
FindNodeReq,149986
FindNodeReq,113054
FindNodeReq,155277
FindNodeRsp,92680
FindNodeReq,139982
FindNodeReq,88074
FindNodeReq,71725
FindNodeReq,68031
Error,162744
Error,230437
Error,136901
Error,129302
Error,132335
Error,134557
Error,73273
Error,64704
FindNodeReq,159458
FindNodeRsp,87324
FindNodeReq,148800
FindNodeReq,153837
FindNodeRsp,58219
FindNodeRsp,88652
FindNodeReq,152304
UpdateRouteReq,157116
UpdateRouteReq,186245
UpdateRouteReq,174502
UpdateRouteReq,143616
UpdateRouteReq,208368
FindNodeReq,146689
UpdateRouteReq,149185
UpdateRouteReq,160072
UpdateRouteReq,67683
PathTeardownReq,35196
FindNodeRsp,57350
QueryRouteReq,159989
UpdateRouteReq,164407
FindNodeReq,150793
UpdateRouteReq,156958
QueryRouteReq,116277
UpdateRouteReq,143441
UpdateRouteReq,168870
UpdateRouteReq,67710
UpdateRouteReq,156145
UpdateRouteReq,171424
FindNodeRsp,57559
FindNodeReq,156780
QueryRouteReq,158761
UpdateRouteReq,157540
QueryRouteReq,172424
UpdateRouteReq,141481
QueryRouteReq,167152
UpdateRouteReq,152545
FindNodeRsp,109099
UpdateRouteReq,97813
PathSetupReq,94842
UpdateRouteReq,209989
UpdateRouteReq,209739
UpdateRouteReq,284107
UpdateRouteReq,209867
UpdateRouteReq,207194
UpdateRouteReq,209561
UpdateRouteReq,285007
UpdateRouteReq,73876
FindNodeReq,151069
UpdateRouteReq,206216
PathSetupReq,58931
UpdateRouteReq,85078
FindNodeRsp,78622
FindNodeReq,152061
UpdateRouteReq,67300
FindNodeReq,156973
FindNodeRsp,92138
FindNodeReq,139639
FindNodeReq,88338
FindNodeReq,75172
FindNodeReq,69824
Error,169057
Error,236571
Error,133424
Error,127385
Error,125455
Error,132472
Error,73515
Error,64776
UpdateRouteReq,207451
FindNodeReq,156944
UpdateRouteReq,167182
FindNodeReq,150593
FindNodeRsp,90888
PathSetupReq,66807
FindNodeReq,170275
FindNodeReq,156662
UpdateRouteReq,211023
PathSetupReq,60090
PathSetupReq,59178
FindNodeRsp,128697
UpdateRouteReq,67507
FindNodeReq,152749
UpdateRouteReq,163612
FindNodeRsp,62086
FindNodeReq,152373
UpdateRouteReq,206070
FindNodeReq,176487
UpdateRouteReq,85722
FindNodeRsp,133024
FindNodeReq,148695
UpdateRouteReq,211948
UpdateRouteReq,207633
UpdateRouteReq,219600
UpdateRouteReq,290092
FindNodeReq,147926
FindNodeReq,153769
FindNodeReq,152333
UpdateRouteReq,212562
FindNodeReq,156019
FindNodeRsp,51633
FindNodeRsp,56948
UpdateRouteReq,206591
UpdateRouteReq,209945
UpdateRouteReq,282134
FindNodeReq,152583
UpdateRouteReq,213442
FindNodeRsp,87414
UpdateRouteReq,271156
UpdateRouteReq,311634
UpdateRouteReq,211342
FindNodeReq,133657
FindNodeReq,150819
FindNodeReq,111213
FindNodeReq,139477
UpdateRouteReq,198091
FindNodeRsp,119902
QueryRouteReq,199240
UpdateRouteReq,182607
PathSetupReq,99010
UpdateRouteReq,210856
FindNodeReq,156060
FindNodeReq,159306
UpdateRouteReq,179592
UpdateRouteReq,149785
UpdateRouteReq,241743
FindNodeRsp,91010
UpdateRouteReq,271698
UpdateRouteReq,323088
FindNodeReq,153035
UpdateRouteReq,214795
FindNodeReq,139188
FindNodeReq,87518
FindNodeReq,73338
FindNodeReq,72325
Error,205783
Error,234302
FindNodeReq,115357
FindNodeReq,151603
UpdateRouteReq,161230
Error,160923
FindNodeReq,209154
FindNodeReq,115822
Error,122041
FindNodeReq,117389
Error,118779
Error,138673
Error,77162
Error,64384
FindNodeReq,113637
FindNodeReq,153792
FindNodeReq,147149
FindNodeReq,97110
FindNodeReq,81702
FindNodeReq,77773
UpdateRouteReq,72394
UpdateRouteReq,85960
FindNodeRsp,82471
UpdateRouteReq,88342
UpdateRouteReq,66302
UpdateRouteReq,83724
UpdateRouteReq,73312
UpdateRouteReq,48319
FindNodeReq,160740
UpdateRouteReq,163896
UpdateRouteReq,158926
UpdateRouteReq,160523
UpdateRouteReq,203949
UpdateRouteReq,261856
FindNodeReq,153105
FindNodeRsp,90034
UpdateRouteReq,207800
FindNodeReq,147837
UpdateRouteReq,208728
UpdateRouteReq,209207
UpdateRouteReq,278723
FindNodeReq,156393
UpdateRouteReq,211269
UpdateRouteReq,212097
PathTeardownReq,62657
FindNodeRsp,110786
QueryRouteReq,187695
UpdateRouteReq,154588
UpdateRouteReq,160508
FindNodeReq,153863
QueryRouteReq,136731
UpdateRouteReq,152141
UpdateRouteReq,133482
UpdateRouteReq,203903
UpdateRouteReq,142125
UpdateRouteReq,173503
QueryRouteReq,159698
UpdateRouteReq,69282
FindNodeRsp,62473
FindNodeRsp,60764
FindNodeReq,180232
UpdateRouteReq,80853
UpdateRouteReq,67630
PathSetupReq,43319
FindNodeReq,156885
UpdateRouteReq,215225
UpdateRouteReq,80714
FindNodeRsp,81518
UpdateRouteReq,212275
UpdateRouteReq,214401
FindNodeReq,150184
UpdateRouteReq,255480
UpdateRouteReq,165495
FindNodeRsp,104122
UpdateRouteReq,171263
UpdateRouteReq,205933
UpdateRouteReq,207495
UpdateRouteReq,281699
FindNodeReq,153020
UpdateRouteReq,213487
FindNodeReq,158713
FindNodeReq,131457
UpdateRouteReq,215675
FindNodeRsp,87898
UpdateRouteReq,212600
UpdateRouteReq,150120
UpdateRouteReq,172607
UpdateRouteReq,70301
PathTeardownReq,62553
PathSetupReq,55693
PathTeardownReq,59039
FindNodeReq,158658
UpdateRouteReq,184416
QueryRouteReq,152186
UpdateRouteReq,222539
FindNodeRsp,61859
FindNodeRsp,57670
FindNodeReq,155869
FindNodeReq,155613
UpdateRouteReq,212107
UpdateRouteReq,268006
UpdateRouteReq,319516
FindNodeReq,153622
UpdateRouteReq,208803
FindNodeRsp,58333
FindNodeReq,156117
FindNodeReq,149749
UpdateRouteReq,161004
UpdateRouteReq,217707
FindNodeRsp,57387
UpdateRouteReq,218116
UpdateRouteReq,155047
UpdateRouteReq,70268
UpdateRouteReq,74929
PathSetupReq,57231
PathTeardownReq,57330
FindNodeReq,149441
UpdateRouteReq,165601
UpdateRouteReq,146637
QueryRouteReq,136584
UpdateRouteReq,218484
UpdateRouteReq,184450
UpdateRouteReq,271671
UpdateRouteReq,325156
UpdateRouteReq,89930
FindNodeRsp,111414
UpdateRouteReq,68019
PathSetupReq,38296
FindNodeReq,152835
UpdateRouteReq,82069
FindNodeReq,153433
UpdateRouteReq,213449
FindNodeReq,158337
UpdateRouteReq,179299
UpdateRouteReq,155296
UpdateRouteReq,216231
FindNodeRsp,122457
UpdateRouteReq,79140
FindNodeReq,142548
UpdateRouteReq,176908
FindNodeReq,155968
FindNodeReq,155338
UpdateRouteReq,200576
FindNodeReq,147416
FindNodeRsp,86710
UpdateRouteReq,217376
UpdateRouteReq,170928
UpdateRouteReq,136721
UpdateRouteReq,181210
UpdateRouteReq,71258
PathTeardownReq,64667
PathSetupReq,58035
PathTeardownReq,55135
FindNodeReq,148901
FindNodeReq,154964
UpdateRouteReq,144877
UpdateRouteReq,220524
FindNodeRsp,95418
QueryRouteReq,111497
UpdateRouteReq,69907
UpdateRouteReq,68324
QueryRouteReq,140345
UpdateRouteReq,159498
UpdateRouteReq,176583
UpdateRouteReq,63671
FindNodeReq,154411
UpdateRouteReq,82423
PathSetupReq,63894
UpdateRouteReq,74477
UpdateRouteReq,69777
UpdateRouteReq,208865
FindNodeReq,147055
FindNodeReq,108961
FindNodeReq,108457
FindNodeRsp,89118
FindNodeReq,111078
FindNodeReq,142426
UpdateRouteReq,173025
FindNodeReq,151577
FindNodeReq,136439
UpdateRouteReq,170875
FindNodeRsp,59401
FindNodeReq,157093
FindNodeRsp,58852
UpdateRouteReq,222795
UpdateRouteReq,154082
UpdateRouteReq,75274
UpdateRouteReq,74346
PathTeardownReq,62972
PathSetupReq,58147
PathTeardownReq,56877
FindNodeReq,154404
UpdateRouteReq,101634
QueryRouteReq,133941
UpdateRouteReq,83996
UpdateRouteReq,68482
PathSetupReq,61179
UpdateRouteReq,74782
UpdateRouteReq,90374
FindNodeRsp,89668
UpdateRouteReq,230191
UpdateRouteReq,137283
UpdateRouteReq,166212
FindNodeReq,158426
UpdateRouteReq,192421
UpdateRouteReq,131245
UpdateRouteReq,169054
UpdateRouteReq,198681
UpdateRouteReq,213451
PathTeardownReq,65514
QueryRouteReq,150403
UpdateRouteReq,139712
UpdateRouteReq,72374
UpdateRouteReq,65703
FindNodeRsp,134583
UpdateRouteReq,137643
PathSetupReq,59595
FindNodeReq,166642
QueryRouteReq,163002
UpdateRouteReq,75397
QueryRouteReq,139686
UpdateRouteReq,111414
FindNodeRsp,92492
FindNodeRsp,72882
UpdateRouteReq,82242
UpdateRouteReq,72623
UpdateRouteReq,66566
PathSetupReq,43795
FindNodeReq,151277
UpdateRouteReq,167909
FindNodeReq,182592
FindNodeRsp,87571
UpdateRouteReq,212322
UpdateRouteReq,158159
FindNodeReq,155465
FindNodeReq,178333
FindNodeRsp,100649
FindNodeReq,152336
FindNodeReq,153761
FindNodeRsp,102710
FindNodeReq,159422
UpdateRouteReq,210533
FindNodeRsp,60226
FindNodeReq,159438
UpdateRouteReq,178838
UpdateRouteReq,153125
FindNodeReq,153748
UpdateRouteReq,205228
FindNodeReq,153197
FindNodeRsp,105664
UpdateRouteReq,210261
FindNodeReq,154947
FindNodeReq,150022
FindNodeRsp,93318
UpdateRouteReq,215555
UpdateRouteReq,209950
UpdateRouteReq,209797
UpdateRouteReq,282342
FindNodeReq,147938
FindNodeReq,157363
UpdateRouteReq,210495
FindNodeRsp,88312
FindNodeReq,158689
UpdateRouteReq,177336
UpdateRouteReq,156646
FindNodeReq,149145
FindNodeReq,154977
FindNodeRsp,62671
UpdateRouteReq,217190
UpdateRouteReq,81363
UpdateRouteReq,75979
PathTeardownReq,61782
PathSetupReq,57451
PathTeardownReq,57594
FindNodeReq,154974
UpdateRouteReq,100973
UpdateRouteReq,81133
UpdateRouteReq,74922
FindNodeReq,157248
UpdateRouteReq,143309
FindNodeRsp,57328
FindNodeReq,154917
FindNodeReq,137177
UpdateRouteReq,171170
FindNodeReq,153567
UpdateRouteReq,198327
FindNodeReq,96988
UpdateRouteReq,157140
UpdateRouteReq,155573
UpdateRouteReq,133283
FindNodeRsp,86062
UpdateRouteReq,203317
UpdateRouteReq,73223
PathSetupReq,62144
FindNodeReq,154917
FindNodeRsp,105127
FindNodeReq,160357
UpdateRouteReq,208811
FindNodeRsp,91864
FindNodeReq,154682
FindNodeReq,127142
UpdateRouteReq,212836
FindNodeReq,150286
FindNodeRsp,64402
FindNodeRsp,118681
UpdateRouteReq,65331
FindNodeReq,159011
UpdateRouteReq,210253
UpdateRouteReq,159361
FindNodeReq,156209
UpdateRouteReq,205243
UpdateRouteReq,82618
FindNodeRsp,79982
FindNodeReq,150291
UpdateRouteReq,210850
UpdateRouteReq,210150
UpdateRouteReq,209341
UpdateRouteReq,277529
FindNodeReq,156416
FindNodeReq,160001
UpdateRouteReq,156797
UpdateRouteReq,169498
PathTeardownReq,62926
QueryRouteReq,161793
UpdateRouteReq,158341
QueryRouteReq,184305
QueryRouteReq,158383
FindNodeRsp,103334
UpdateRouteReq,77786
UpdateRouteReq,61530
PathSetupReq,67949
UpdateRouteReq,72754
UpdateRouteReq,74031
UpdateRouteReq,197935
UpdateRouteReq,62502
UpdateRouteReq,57351
FindNodeReq,153338
UpdateRouteReq,244156
UpdateRouteReq,153241
UpdateRouteReq,69743
UpdateRouteReq,70108
PathTeardownReq,62375
PathSetupReq,52279
PathTeardownReq,57209
FindNodeReq,150888
FindNodeReq,154115
UpdateRouteReq,210601
QueryRouteReq,147820
QueryRouteReq,96586
UpdateRouteReq,70460
UpdateRouteReq,164760
UpdateRouteReq,154583
UpdateRouteReq,139823
FindNodeReq,156574
FindNodeRsp,95553
UpdateRouteReq,79506
UpdateRouteReq,68991
PathSetupReq,62322
UpdateRouteReq,70820
FindNodeReq,156340
FindNodeReq,151581
FindNodeRsp,90408
FindNodeReq,155397
UpdateRouteReq,213355
FindNodeRsp,61641
FindNodeReq,156266
UpdateRouteReq,239123
UpdateRouteReq,175934
UpdateRouteReq,62977
PathTeardownReq,40199
UpdateRouteReq,206156
UpdateRouteReq,162357
UpdateRouteReq,164357
UpdateRouteReq,180916
UpdateRouteReq,88020
FindNodeRsp,111168
UpdateRouteReq,69227
PathSetupReq,40071
FindNodeReq,155771
UpdateRouteReq,168549
UpdateRouteReq,210556
UpdateRouteReq,72695
UpdateRouteReq,66273
FindNodeReq,176743
FindNodeReq,137817
FindNodeReq,151004
UpdateRouteReq,212486
UpdateRouteReq,84999
FindNodeRsp,100030
FindNodeReq,154461
UpdateRouteReq,189188
FindNodeReq,138589
UpdateRouteReq,201198
FindNodeReq,161089
UpdateRouteReq,215157
FindNodeRsp,93058
UpdateRouteReq,221235
UpdateRouteReq,150547
UpdateRouteReq,164807
UpdateRouteReq,212935
UpdateRouteReq,91639
PathTeardownReq,60149
FindNodeReq,168821
QueryRouteReq,162024
UpdateRouteReq,162300
QueryRouteReq,178623
FindNodeRsp,89082
UpdateRouteReq,146730
QueryRouteReq,185251
UpdateRouteReq,155940
UpdateRouteReq,150937
UpdateRouteReq,216070
UpdateRouteReq,220081
UpdateRouteReq,291353
UpdateRouteReq,75493
UpdateRouteReq,67430
PathSetupReq,43538
FindNodeReq,156559
FindNodeReq,156538
UpdateRouteReq,213560
UpdateRouteReq,213245
UpdateRouteReq,216928
UpdateRouteReq,292094
UpdateRouteReq,174272
UpdateRouteReq,97631
FindNodeRsp,110808
FindNodeReq,158582
UpdateRouteReq,213341
UpdateRouteReq,170064
PathTeardownReq,63899
PathSetupReq,69213
FindNodeRsp,98668
QueryRouteReq,149300
QueryRouteReq,81014
UpdateRouteReq,160557
UpdateRouteReq,175325
UpdateRouteReq,87485
UpdateRouteReq,61726
PathSetupReq,38763
UpdateRouteReq,168732
UpdateRouteReq,152046
UpdateRouteReq,72141
UpdateRouteReq,69051
FindNodeReq,151413
FindNodeReq,155609
FindNodeReq,156632
PathSetupReq,78018
PathSetupReq,59373
UpdateRouteReq,212939
UpdateRouteReq,96637
FindNodeRsp,103185
FindNodeReq,157687
UpdateRouteReq,162044
UpdateRouteReq,210656
FindNodeRsp,68999
UpdateRouteReq,248264
UpdateRouteReq,155564
UpdateRouteReq,168265
UpdateRouteReq,73703
PathTeardownReq,65382
PathSetupReq,56479
PathTeardownReq,62675
FindNodeReq,155468
UpdateRouteReq,220181
FindNodeReq,159176
QueryRouteReq,142059
QueryRouteReq,136997
UpdateRouteReq,151954
UpdateRouteReq,145710
UpdateRouteReq,197998
UpdateRouteReq,270227
UpdateRouteReq,220999
FindNodeRsp,63748
UpdateRouteReq,211384
UpdateRouteReq,221747
UpdateRouteReq,290779
UpdateRouteReq,72275
UpdateRouteReq,68730
PathSetupReq,60730
UpdateRouteReq,71106
FindNodeReq,157005
FindNodeReq,140028
UpdateRouteReq,240733
UpdateRouteReq,84380
FindNodeRsp,84446
FindNodeReq,156277
UpdateRouteReq,169096
FindNodeReq,154003
UpdateRouteReq,206373
UpdateRouteReq,216555
FindNodeRsp,152437
FindNodeReq,263577
UpdateRouteReq,73626
UpdateRouteReq,145032
UpdateRouteReq,208865
UpdateRouteReq,205315
FindNodeReq,153985
FindNodeReq,155104
UpdateRouteReq,210811
UpdateRouteReq,81763
FindNodeRsp,83369
PathSetupReq,73843
FindNodeReq,151881
UpdateRouteReq,215880
UpdateRouteReq,212284
UpdateRouteReq,211516
UpdateRouteReq,285542
FindNodeReq,157156
FindNodeReq,156124
UpdateRouteReq,214392
UpdateRouteReq,87150
FindNodeRsp,103698
FindNodeReq,155015
UpdateRouteReq,208850
FindNodeReq,157339
FindNodeReq,150885
FindNodeReq,110048
UpdateRouteReq,222732
FindNodeReq,151582
FindNodeRsp,59811
PathTeardownReq,96020
FindNodeReq,158809
QueryRouteReq,155344
QueryRouteReq,136116
UpdateRouteReq,154422
UpdateRouteReq,151327
UpdateRouteReq,202487
UpdateRouteReq,269554
FindNodeReq,155641
FindNodeRsp,59742
PNDiscReq,124857
FindNodeReq,139485
UpdateRouteReq,77012
PathSetupReq,60432
UpdateRouteReq,70177
UpdateRouteReq,67364
FindNodeReq,151313
FindNodeReq,139489
FindNodeReq,92634
UpdateRouteReq,159058
FindNodeRsp,126506
UpdateRouteReq,73174
FindNodeReq,148397
UpdateRouteReq,208977
FindNodeReq,150804
UpdateRouteReq,219379
UpdateRouteReq,151147
UpdateRouteReq,165309
UpdateRouteReq,183928
FindNodeReq,154170
UpdateRouteReq,211704
UpdateRouteReq,97910
PathTeardownReq,40285
QueryRouteReq,178822
FindNodeRsp,139161
UpdateRouteReq,144140
UpdateRouteReq,135895
UpdateRouteReq,158924
FindNodeReq,155335
UpdateRouteReq,146980
UpdateRouteReq,103942
UpdateRouteReq,71910
UpdateRouteReq,213968
UpdateRouteReq,173844
UpdateRouteReq,215911
UpdateRouteReq,270488
FindNodeReq,154765
FindNodeRsp,103825
UpdateRouteReq,81998
UpdateRouteReq,72214
PathSetupReq,44356
UpdateRouteReq,266558
UpdateRouteReq,239207
UpdateRouteReq,214262
UpdateRouteReq,287835
UpdateRouteReq,162538
UpdateRouteReq,170800
FindNodeReq,141526
UpdateRouteReq,89018
PathTeardownReq,41119
FindNodeRsp,63915
PNHello,123245
PNDiscRsp,61467
FindNodeReq,152857
QueryRouteReq,209203
UpdateRouteReq,157332
UpdateRouteReq,164955
UpdateRouteReq,181694
UpdateRouteReq,98276
UpdateRouteReq,78991
FindNodeRsp,95544
UpdateRouteReq,48307
PathSetupReq,38221
FindNodeReq,149131
UpdateRouteReq,212092
UpdateRouteReq,171208
UpdateRouteReq,142521
UpdateRouteReq,166542
UpdateRouteReq,174620
FindNodeReq,134381
QueryRouteReq,250543
UpdateRouteReq,160524
UpdateRouteReq,168402
UpdateRouteReq,232237
UpdateRouteReq,69959
PathTeardownReq,64046
PathSetupReq,58664
PathTeardownReq,62627
FindNodeReq,147156
UpdateRouteReq,165089
UpdateRouteReq,71287
FindNodeReq,153517
FindNodeRsp,65659
FindNodeReq,155693
FindNodeRsp,58858
FindNodeReq,156434
UpdateRouteReq,219780
UpdateRouteReq,178562
FindNodeReq,157267
FindNodeRsp,61926
FindNodeReq,155709
QueryRouteReq,187576
UpdateRouteReq,77004
UpdateRouteReq,153315
UpdateRouteReq,86882
FindNodeReq,151873
UpdateRouteReq,216463
UpdateRouteReq,147779
UpdateRouteReq,161351
FindNodeReq,154397
UpdateRouteReq,212005
FindNodeRsp,88442
FindNodeReq,149309
FindNodeReq,150293
FindNodeRsp,111337
FindNodeReq,155089
UpdateRouteReq,169118
QueryRouteReq,115722
UpdateRouteReq,151163
UpdateRouteReq,195042
UpdateRouteReq,267755
UpdateRouteReq,162535
UpdateRouteReq,87405
QueryRouteReq,152174
UpdateRouteReq,157384
QueryRouteReq,199287
UpdateRouteReq,164760
QueryRouteReq,130329
UpdateRouteReq,146425
UpdateRouteReq,177050
UpdateRouteReq,62499
UpdateRouteReq,210497
UpdateRouteReq,82250
FindNodeRsp,82346
UpdateRouteReq,51190
PathSetupReq,38948
FindNodeReq,154116
UpdateRouteReq,163768
UpdateRouteReq,200762
UpdateRouteReq,73989
UpdateRouteReq,203422
FindNodeReq,156218
UpdateRouteReq,208614
FindNodeReq,164517
UpdateRouteReq,163591
UpdateRouteReq,145997
UpdateRouteReq,185448
FindNodeReq,203474
UpdateRouteReq,153625
UpdateRouteReq,81326
FindNodeRsp,92116
FindNodeReq,150940
UpdateRouteReq,207595
UpdateRouteReq,206808
UpdateRouteReq,205328
UpdateRouteReq,277382
FindNodeReq,152655
UpdateRouteReq,208443
UpdateRouteReq,257674
UpdateRouteReq,287932
FindNodeRsp,90769
UpdateRouteReq,205612
FindNodeReq,152493
UpdateRouteReq,212655
UpdateRouteReq,165956
UpdateRouteReq,131889
UpdateRouteReq,71084
UpdateRouteReq,208767
UpdateRouteReq,91370
PathTeardownReq,41627
QueryRouteReq,159308
UpdateRouteReq,158877
FindNodeRsp,89653
UpdateRouteReq,236117
QueryRouteReq,121897
UpdateRouteReq,162125
UpdateRouteReq,172788
UpdateRouteReq,216297
UpdateRouteReq,77867
UpdateRouteReq,68107
PathSetupReq,61677
UpdateRouteReq,73154
FindNodeReq,153678
FindNodeReq,109058
FindNodeReq,109428
FindNodeReq,110102
UpdateRouteReq,211389
FindNodeRsp,60339
FindNodeReq,141106
UpdateRouteReq,160678
UpdateRouteReq,173425
FindNodeReq,247790
UpdateRouteReq,212847
FindNodeReq,151026
UpdateRouteReq,212137
FindNodeReq,156709
UpdateRouteReq,176656
UpdateRouteReq,143661
FindNodeReq,154469
FindNodeRsp,94454
UpdateRouteReq,210435
UpdateRouteReq,210433
UpdateRouteReq,203870
UpdateRouteReq,278300
FindNodeReq,154117
FindNodeReq,155050
FindNodeReq,136000
UpdateRouteReq,215211
FindNodeReq,187520
UpdateRouteReq,166122
UpdateRouteReq,78983
FindNodeRsp,78787
UpdateRouteReq,56755
UpdateRouteReq,46155
FindNodeReq,152464
UpdateRouteReq,211147
UpdateRouteReq,172688
UpdateRouteReq,241965
QueryRouteReq,316327
UpdateRouteReq,154924
UpdateRouteReq,98047
UpdateRouteReq,67954
UpdateRouteReq,70087
PathTeardownReq,60712
PathSetupReq,54379
PathTeardownReq,45439
UpdateRouteReq,220674
FindNodeReq,159012
QueryRouteReq,165821
UpdateRouteReq,109859
QueryRouteReq,104885
FindNodeRsp,124517
UpdateRouteReq,52584
PathSetupReq,37809
UpdateRouteReq,247311
UpdateRouteReq,187910
UpdateRouteReq,210248
UpdateRouteReq,277318
UpdateRouteReq,68679
UpdateRouteReq,68111
UpdateRouteReq,201437
FindNodeReq,159280
FindNodeReq,139025
UpdateRouteReq,172418
UpdateRouteReq,147462
FindNodeReq,154626
UpdateRouteReq,208304
UpdateRouteReq,243229
FindNodeRsp,60138
FindNodeRsp,64084
FindNodeReq,140459
UpdateRouteReq,158838
UpdateRouteReq,183710
UpdateRouteReq,209835
FindNodeReq,154119
FindNodeReq,123769
FindNodeReq,158585
UpdateRouteReq,190234
FindNodeReq,154509
FindNodeRsp,94845
UpdateRouteReq,216259
FindNodeReq,152269
UpdateRouteReq,94054
PathTeardownReq,41679
FindNodeRsp,86359
UpdateRouteReq,217356
UpdateRouteReq,217859
FindNodeReq,111615
FindNodeReq,110774
FindNodeReq,150115
FindNodeReq,129911
UpdateRouteReq,159117
UpdateRouteReq,213043
FindNodeRsp,88996
UpdateRouteReq,210628
UpdateRouteReq,209471
UpdateRouteReq,281154
FindNodeReq,153772
UpdateRouteReq,76029
PathSetupReq,44263
FindNodeReq,150230
FindNodeReq,152256
FindNodeRsp,95387
UpdateRouteReq,219177
UpdateRouteReq,213379
UpdateRouteReq,208780
UpdateRouteReq,281675
FindNodeReq,153071
UpdateRouteReq,212563
FindNodeRsp,122737
UpdateRouteReq,71227
FindNodeReq,152885
UpdateRouteReq,160921
UpdateRouteReq,215145
UpdateRouteReq,262394
UpdateRouteReq,216759
UpdateRouteReq,292215
FindNodeReq,153355
FindNodeReq,155260
UpdateRouteReq,168903
UpdateRouteReq,208367
UpdateRouteReq,156362
FindNodeRsp,95116
FindNodeReq,153852
UpdateRouteReq,216682
UpdateRouteReq,169830
UpdateRouteReq,200407
UpdateRouteReq,257667
FindNodeReq,158397
UpdateRouteReq,215543
FindNodeReq,156000
FindNodeReq,132942
UpdateRouteReq,64202
UpdateRouteReq,146599
UpdateRouteReq,213888
FindNodeRsp,130779
UpdateRouteReq,68526
UpdateRouteReq,208431
FindNodeReq,150349
UpdateRouteReq,213323
UpdateRouteReq,168117
UpdateRouteReq,168410
UpdateRouteReq,62479
UpdateRouteReq,217603
FindNodeRsp,95144
UpdateRouteReq,210006
UpdateRouteReq,217327
UpdateRouteReq,286952
FindNodeReq,156336
FindNodeReq,155163
FindNodeReq,151957
UpdateRouteReq,214330
FindNodeRsp,60581
UpdateRouteReq,208851
UpdateRouteReq,209644
UpdateRouteReq,285890
FindNodeReq,151959
FindNodeRsp,95625
FindNodeReq,156089
UpdateRouteReq,215201
UpdateRouteReq,207697
UpdateRouteReq,183743
UpdateRouteReq,69430
UpdateRouteReq,215341
FindNodeReq,153579
UpdateRouteReq,157214
UpdateRouteReq,144075
UpdateRouteReq,146253
FindNodeRsp,134093
UpdateRouteReq,71206
FindNodeReq,155623
UpdateRouteReq,160569
UpdateRouteReq,212153
FindNodeReq,152685
UpdateRouteReq,231741
UpdateRouteReq,143147
FindNodeRsp,92672
UpdateRouteReq,217431
UpdateRouteReq,210465
UpdateRouteReq,192230
FindNodeReq,155349
FindNodeReq,156560
UpdateRouteReq,216507
UpdateRouteReq,73268
PathTeardownReq,63274
FindNodeReq,147019
FindNodeRsp,65577
FindNodeReq,158760
FindNodeRsp,90615
FindNodeReq,151860
QueryRouteReq,119894
UpdateRouteReq,161446
UpdateRouteReq,147371
UpdateRouteReq,172081
UpdateRouteReq,69474
UpdateRouteReq,82094
UpdateRouteReq,69253
FindNodeReq,110071
UpdateRouteReq,142299
UpdateRouteReq,216215
FindNodeRsp,69298
UpdateRouteReq,217492
UpdateRouteReq,216723
UpdateRouteReq,295651
UpdateRouteReq,218911
UpdateRouteReq,73188
UpdateRouteReq,76131
UpdateRouteReq,70090
PathSetupReq,55980
UpdateRouteReq,66387
FindNodeReq,154268
UpdateRouteReq,217699
UpdateRouteReq,177076
FindNodeRsp,107726
QueryRouteReq,187431
UpdateRouteReq,176104
UpdateRouteReq,165566
FindNodeReq,158256
UpdateRouteReq,47911
UpdateRouteReq,62465
FindNodeReq,87678
UpdateRouteReq,75890
UpdateRouteReq,76453
QueryRouteReq,173833
FindNodeRsp,80379
UpdateRouteReq,136125
UpdateRouteReq,114470
UpdateRouteReq,64128
UpdateRouteReq,210532
UpdateRouteReq,213851
UpdateRouteReq,284448
UpdateRouteReq,48051
FindNodeReq,150716
FindNodeReq,155821
FindNodeReq,152573
UpdateRouteReq,178609
FindNodeRsp,125857
UpdateRouteReq,74431
FindNodeReq,153364
UpdateRouteReq,192151
UpdateRouteReq,209443
UpdateRouteReq,165720
UpdateRouteReq,134529
UpdateRouteReq,74292
UpdateRouteReq,207411
UpdateRouteReq,71614
PathTeardownReq,39375
FindNodeReq,158729
QueryRouteReq,162318
UpdateRouteReq,199586
QueryRouteReq,177551
UpdateRouteReq,138951
UpdateRouteReq,117302
UpdateRouteReq,151968
FindNodeRsp,109969
UpdateRouteReq,96243
PathSetupReq,98693
FindNodeReq,154859
UpdateRouteReq,215179
UpdateRouteReq,150415
UpdateRouteReq,172054
UpdateRouteReq,58981
FindNodeReq,153751
UpdateRouteReq,208639
FindNodeReq,161482
FindNodeRsp,110636
QueryRouteReq,188192
UpdateRouteReq,157861
UpdateRouteReq,158841
PathTeardownReq,60034
FindNodeReq,153798
QueryRouteReq,111102
UpdateRouteReq,162925
UpdateRouteReq,149633
QueryRouteReq,130271
UpdateRouteReq,73526
UpdateRouteReq,162938
UpdateRouteReq,203702
UpdateRouteReq,279454
FindNodeReq,155952
FindNodeRsp,63468
FindNodeReq,155971
UpdateRouteReq,213548
FindNodeRsp,58554
UpdateRouteReq,222570
UpdateRouteReq,157042
UpdateRouteReq,196430
UpdateRouteReq,74554
PathSetupReq,55466
PathTeardownReq,60000
FindNodeReq,195312
UpdateRouteReq,173032
QueryRouteReq,163792
QueryRouteReq,133129
UpdateRouteReq,71120
UpdateRouteReq,150145
UpdateRouteReq,66711
UpdateRouteReq,88291
FindNodeRsp,90888
UpdateRouteReq,51117
PathSetupReq,37457
FindNodeReq,154443
UpdateRouteReq,209435
UpdateRouteReq,203668
UpdateRouteReq,75620
UpdateRouteReq,73331
FindNodeReq,153711
UpdateRouteReq,209419
UpdateRouteReq,86319
FindNodeRsp,101366
FindNodeReq,153778
UpdateRouteReq,212308
UpdateRouteReq,210747
UpdateRouteReq,267285
UpdateRouteReq,219347
UpdateRouteReq,292557
FindNodeReq,158727
UpdateRouteReq,213500
UpdateRouteReq,217117
UpdateRouteReq,244047
UpdateRouteReq,49734
FindNodeReq,153443
PathSetupReq,69185
FindNodeRsp,100686
FindNodeReq,156633
PathSetupReq,76076
PathSetupReq,61355
FindNodeRsp,96591
FindNodeRsp,65323
UpdateRouteReq,209730
UpdateRouteReq,209148
UpdateRouteReq,208977
UpdateRouteReq,278579
FindNodeReq,158985
FindNodeReq,153044
FindNodeReq,153649
FindNodeReq,155836
UpdateRouteReq,211617
FindNodeRsp,61824
FindNodeReq,139428
UpdateRouteReq,162391
UpdateRouteReq,143800
FindNodeReq,155336
UpdateRouteReq,214400
FindNodeRsp,60195
UpdateRouteReq,206945
UpdateRouteReq,188363
QueryRouteReq,255940
FindNodeReq,155104
UpdateRouteReq,214868
UpdateRouteReq,164196
UpdateRouteReq,134639
UpdateRouteReq,199293
FindNodeRsp,61648
FindNodeReq,159540
UpdateRouteReq,211136
FindNodeReq,138130
UpdateRouteReq,168992
UpdateRouteReq,151116
UpdateRouteReq,207371
FindNodeReq,150295
UpdateRouteReq,86738
FindNodeRsp,81327
FindNodeReq,151833
UpdateRouteReq,212250
UpdateRouteReq,213197
UpdateRouteReq,153215
UpdateRouteReq,165237
UpdateRouteReq,69107
PathTeardownReq,61208
PathSetupReq,54873
PathTeardownReq,56704
UpdateRouteReq,212352
FindNodeReq,152012
UpdateRouteReq,72760
QueryRouteReq,106870
UpdateRouteReq,151708
UpdateRouteReq,145244
UpdateRouteReq,176578
UpdateRouteReq,101912
QueryRouteReq,207752
UpdateRouteReq,161779
FindNodeRsp,59987
UpdateRouteReq,211916
UpdateRouteReq,164225
UpdateRouteReq,74566
PathSetupReq,61546
UpdateRouteReq,69642
FindNodeReq,152129
UpdateRouteReq,211679
UpdateRouteReq,219839
UpdateRouteReq,148244
UpdateRouteReq,162272
FindNodeReq,156495
UpdateRouteReq,183969
UpdateRouteReq,82664
FindNodeRsp,105211
UpdateRouteReq,245327
FindNodeReq,156404
UpdateRouteReq,179632
UpdateRouteReq,155015
UpdateRouteReq,69873
UpdateRouteReq,239307
UpdateRouteReq,178912
FindNodeReq,141401
FindNodeRsp,88259
UpdateRouteReq,102967
PathTeardownReq,44253
FindNodeReq,151225
QueryRouteReq,153246
UpdateRouteReq,158928
QueryRouteReq,137457
UpdateRouteReq,77269
UpdateRouteReq,146873
UpdateRouteReq,172360
UpdateRouteReq,69313
UpdateRouteReq,169201
UpdateRouteReq,260005
FindNodeRsp,95029
UpdateRouteReq,235561
UpdateRouteReq,217175
UpdateRouteReq,293044
UpdateRouteReq,76366
UpdateRouteReq,70019
PathSetupReq,43174
FindNodeReq,154786
FindNodeReq,150933
UpdateRouteReq,175366
UpdateRouteReq,164475
UpdateRouteReq,65049
PathTeardownReq,38747
FindNodeReq,153864
FindNodeRsp,109506
QueryRouteReq,186004
UpdateRouteReq,158019
UpdateRouteReq,162553
FindNodeReq,153483
QueryRouteReq,266035
UpdateRouteReq,163645
UpdateRouteReq,169062
QueryRouteReq,182734
UpdateRouteReq,142962
UpdateRouteReq,134125
UpdateRouteReq,165726
UpdateRouteReq,78493
UpdateRouteReq,76203
PathSetupReq,62038
UpdateRouteReq,161760
UpdateRouteReq,73471
FindNodeReq,154157
FindNodeRsp,60805
UpdateRouteReq,220536
FindNodeReq,140910
UpdateRouteReq,163494
UpdateRouteReq,152588
FindNodeReq,152429
FindNodeRsp,97093
FindNodeReq,153836
FindNodeReq,152370
FindNodeReq,156525
UpdateRouteReq,188576
FindNodeRsp,86998
UpdateRouteReq,214837
FindNodeReq,159996
UpdateRouteReq,171970
UpdateRouteReq,144048
FindNodeReq,155884
UpdateRouteReq,218495
UpdateRouteReq,216331
UpdateRouteReq,144332
UpdateRouteReq,196836
FindNodeRsp,66782
UpdateRouteReq,181277
FindNodeReq,141127
UpdateRouteReq,49479
UpdateRouteReq,62814
FindNodeReq,158153
FindNodeRsp,112092
UpdateRouteReq,217463
UpdateRouteReq,214524
UpdateRouteReq,148132
UpdateRouteReq,176111
UpdateRouteReq,219995
UpdateRouteReq,90472
PathTeardownReq,64066
FindNodeReq,158986
FindNodeReq,151191
FindNodeRsp,62893
FindNodeReq,161048
FindNodeRsp,62846
QueryRouteReq,162723
UpdateRouteReq,162232
FindNodeReq,151440
QueryRouteReq,139301
FindNodeRsp,72774
QueryRouteReq,80583
UpdateRouteReq,161481
UpdateRouteReq,66883
UpdateRouteReq,46257
UpdateRouteReq,48312
FindNodeReq,158892
UpdateRouteReq,170332
UpdateRouteReq,55287
UpdateRouteReq,45954
PathSetupReq,36123
FindNodeReq,157744
UpdateRouteReq,164433
UpdateRouteReq,166625
UpdateRouteReq,46113
UpdateRouteReq,161669
FindNodeReq,150759
UpdateRouteReq,68396
FindNodeRsp,95323
FindNodeReq,150725
UpdateRouteReq,167267
UpdateRouteReq,166749
UpdateRouteReq,55137
PathTeardownReq,40714
PathSetupReq,35981
PathTeardownReq,34209
FindNodeReq,160046
QueryRouteReq,134968
UpdateRouteReq,53193
UpdateRouteReq,44663
UpdateRouteReq,69599
FindNodeRsp,90125
UpdateRouteReq,163373
UpdateRouteReq,102061
UpdateRouteReq,55550
PathSetupReq,38510
UpdateRouteReq,56144
FindNodeReq,156252
UpdateRouteReq,162842
UpdateRouteReq,167915
FindNodeRsp,89582
UpdateRouteReq,72853
PathTeardownReq,42113
FindNodeReq,154011
QueryRouteReq,75582
UpdateRouteReq,45582
UpdateRouteReq,45644
UpdateRouteReq,43328
UpdateRouteReq,41851
FindNodeReq,153711
UpdateRouteReq,165622
QueryRouteReq,92591
UpdateRouteReq,167904
UpdateRouteReq,165043
UpdateRouteReq,93940
UpdateRouteReq,165472
FindNodeRsp,62610
UpdateRouteReq,169229
UpdateRouteReq,42923
UpdateRouteReq,43275
UpdateRouteReq,53074
PathSetupReq,37656
UpdateRouteReq,53979
FindNodeReq,150040
FindNodeReq,153468
FindNodeReq,154451
FindNodeRsp,61530
FindNodeReq,158704
UpdateRouteReq,164016
FindNodeRsp,89883
UpdateRouteReq,164544
UpdateRouteReq,62973
UpdateRouteReq,40799
FindNodeReq,153856
FindNodeReq,157932
UpdateRouteReq,163024
FindNodeRsp,89549
FindNodeReq,199616
FindNodeReq,110365
UpdateRouteReq,163804
QueryRouteReq,144923
UpdateRouteReq,164778
UpdateRouteReq,44461
UpdateRouteReq,162873
FindNodeRsp,106480
UpdateRouteReq,165789
UpdateRouteReq,72423
PathTeardownReq,41671
FindNodeReq,158267
FindNodeRsp,85915
FindNodeRsp,65751
QueryRouteReq,163213
UpdateRouteReq,160210
UpdateRouteReq,177617
QueryRouteReq,277488
UpdateRouteReq,154710
UpdateRouteReq,206343
FindNodeReq,256672
UpdateRouteReq,64120
UpdateRouteReq,52577
PathSetupReq,60351
UpdateRouteReq,53277
UpdateRouteReq,159606
UpdateRouteReq,96038
FindNodeReq,208296
UpdateRouteReq,248673
UpdateRouteReq,162053
UpdateRouteReq,165073
UpdateRouteReq,94029
UpdateRouteReq,54797
FindNodeReq,155405
FindNodeRsp,92660
UpdateRouteReq,166300
UpdateRouteReq,166189
UpdateRouteReq,44926
UpdateRouteReq,41779
FindNodeReq,160480
FindNodeRsp,96805
UpdateRouteReq,161049
UpdateRouteReq,165800
UpdateRouteReq,43532
UpdateRouteReq,162910
FindNodeReq,158149
FindNodeReq,155497
UpdateRouteReq,185628
UpdateRouteReq,44808
UpdateRouteReq,161144
UpdateRouteReq,166529
FindNodeReq,156582
FindNodeRsp,90096
UpdateRouteReq,162043
UpdateRouteReq,164812
UpdateRouteReq,163936
UpdateRouteReq,103644
UpdateRouteReq,44226
UpdateRouteReq,46227
UpdateRouteReq,92031
UpdateRouteReq,51783
UpdateRouteReq,42583
UpdateRouteReq,164713
UpdateRouteReq,96769
UpdateRouteReq,164333
FindNodeReq,154371
FindNodeReq,155517
UpdateRouteReq,164729
UpdateRouteReq,163357
UpdateRouteReq,50994
UpdateRouteReq,160053
UpdateRouteReq,95734
FindNodeReq,153297
FindNodeReq,156603
UpdateRouteReq,165614
UpdateRouteReq,44768
FindNodeRsp,88358
UpdateRouteReq,161487
UpdateRouteReq,163416
UpdateRouteReq,63662
UpdateRouteReq,42655
FindNodeReq,152097
FindNodeReq,154461
UpdateRouteReq,159672
FindNodeRsp,96610
FindNodeReq,185952
UpdateRouteReq,161758
UpdateRouteReq,98825
FindNodeReq,174645
FindNodeReq,153484
UpdateRouteReq,161109
UpdateRouteReq,164486
UpdateRouteReq,74017
PathTeardownReq,42506
FindNodeRsp,88178
FindNodeReq,156153
QueryRouteReq,83727
UpdateRouteReq,46823
UpdateRouteReq,163985
UpdateRouteReq,101667
UpdateRouteReq,44751
FindNodeReq,88518
UpdateRouteReq,124101
UpdateRouteReq,158033
UpdateRouteReq,42485
UpdateRouteReq,48423
PNDiscReq,126325
FindNodeRsp,92509
FindNodeReq,158538
FindNodeReq,152704
FindNodeRsp,60759
FindNodeReq,156624
QueryRouteReq,82216
UpdateRouteReq,43554
UpdateRouteReq,161212
UpdateRouteReq,132914
UpdateRouteReq,170952
QueryRouteReq,135605
UpdateRouteReq,51955
UpdateRouteReq,164854
UpdateRouteReq,66412
FindNodeReq,155757
FindNodeRsp,103574
UpdateRouteReq,47703
UpdateRouteReq,47844
PathSetupReq,38795
FindNodeReq,153917
UpdateRouteReq,163140
UpdateRouteReq,168785
UpdateRouteReq,53632
PathTeardownReq,40951
PathSetupReq,37896
PathTeardownReq,33750
FindNodeReq,182696
UpdateRouteReq,73572
FindNodeReq,151824
UpdateRouteReq,162398
UpdateRouteReq,70879
UpdateRouteReq,48170
QueryRouteReq,96336
UpdateRouteReq,162184
UpdateRouteReq,102560
UpdateRouteReq,41995
FindNodeReq,154544
UpdateRouteReq,167776
FindNodeRsp,61031
FindNodeReq,150691
QueryRouteReq,153257
QueryRouteReq,80860
UpdateRouteReq,48927
UpdateRouteReq,42155
UpdateRouteReq,162997
UpdateRouteReq,99193
UpdateRouteReq,91012
UpdateRouteReq,162940
FindNodeRsp,61091
PNHello,123392
PNDiscRsp,58895
FindNodeReq,156897
FindNodeReq,111438
UpdateRouteReq,167764
UpdateRouteReq,65767
FindNodeRsp,101310
UpdateRouteReq,54155
PathSetupReq,39399
FindNodeReq,149905
UpdateRouteReq,161713
UpdateRouteReq,165145
UpdateRouteReq,43565
FindNodeReq,162285
UpdateRouteReq,52260
UpdateRouteReq,160054
FindNodeReq,154756
FindNodeRsp,65990
FindNodeReq,110861
UpdateRouteReq,167817
FindNodeReq,160004
FindNodeRsp,87686
FindNodeReq,196130
UpdateRouteReq,164168
FindNodeRsp,98046
UpdateRouteReq,52994
Error,113370
Error,145697
Error,80406
Error,103254
PathSetupReq,111390
Error,154575
PathTeardownReq,166055
Error,205921
Error,241502
Error,276001
Error,155448
Error,188815
Error,201143
Error,236411
Error,271050
Error,127201
Error,123964
Error,157608
Error,192147
Error,73635
Error,89718
Error,96867
Error,91662
Error,123732
Error,78999
FindNodeReq,126777
Error,135514
