PNHello,199215
PNDiscRsp,66825
PNDiscReq,162171
QueryRouteReq,83494
QueryRouteRsp,77831
FindNodeReq,140295
QueryRouteReq,92974
UpdateRouteReq,46423
QueryRouteRsp,123601
PathSetupReq,61954
FindNodeReq,147188
FindNodeRsp,109729
QueryRouteReq,156715
QueryRouteRsp,247536
QueryRouteReq,72048
QueryRouteRsp,111711
PathSetupReq,82778
PathSetupReq,60528
FindNodeReq,207727
PNHello,67010
PNDiscRsp,113382
UpdateRouteReq,110497
UpdateRouteReq,49697
UpdateRouteReq,59923
FindNodeRsp,149022
PNDiscReq,195496
FindNodeRsp,224306
FindNodeReq,173018
FindNodeRsp,117795
PNHello,212383
PNDiscRsp,70427
FindNodeRsp,133486
FindNodeReq,145160
PNDiscReq,134985
FindNodeReq,169154
FindNodeRsp,130306
FindNodeReq,177469
FindNodeRsp,120093
FindNodeReq,168755
FindNodeRsp,242089
FindNodeReq,168080
FindNodeReq,163268
FindNodeRsp,104189
PNHello,124581
PNDiscRsp,69674
FindNodeRsp,135677
FindNodeReq,171334
FindNodeReq,152645
PNDiscReq,127797
FindNodeReq,160253
FindNodeRsp,122607
FindNodeReq,184587
FindNodeReq,168288
FindNodeRsp,111013
FindNodeReq,126834
FindNodeRsp,126978
FindNodeRsp,133517
FindNodeReq,169351
FindNodeReq,169901
FindNodeRsp,138347
FindNodeReq,178129
FindNodeReq,170900
FindNodeRsp,119225
FindNodeReq,176323
FindNodeRsp,130186
FindNodeReq,179871
FindNodeReq,173500
FindNodeRsp,225579
FindNodeRsp,129719
FindNodeReq,179808
FindNodeRsp,282353
FindNodeReq,177347
FindNodeRsp,134874
FindNodeReq,174440
PNHello,126252
PNDiscRsp,69534
FindNodeReq,179327
FindNodeRsp,123321
FindNodeReq,204076
FindNodeRsp,129722
FindNodeReq,168716
PNDiscReq,127017
FindNodeRsp,134477
FindNodeReq,144945
FindNodeReq,172872
FindNodeReq,173772
FindNodeReq,193111
FindNodeReq,170480
FindNodeRsp,126032
FindNodeRsp,134799
FindNodeReq,181128
FindNodeReq,168160
FindNodeRsp,133486
FindNodeRsp,129061
FindNodeRsp,134243
FindNodeReq,171847
FindNodeRsp,131297
FindNodeReq,172033
FindNodeRsp,130365
FindNodeRsp,115061
FindNodeRsp,134208
FindNodeRsp,114787
FindNodeReq,171449
FindNodeReq,167792
FindNodeRsp,129268
FindNodeRsp,135121
FindNodeReq,208440
FindNodeRsp,136125
FindNodeRsp,122465
FindNodeRsp,126663
FindNodeReq,173100
FindNodeReq,171518
FindNodeRsp,131073
FindNodeRsp,132151
FindNodeReq,182189
FindNodeReq,179538
FindNodeRsp,148408
FindNodeRsp,147873
FindNodeRsp,141241
PNHello,124537
PNDiscRsp,70362
FindNodeRsp,148273
FindNodeRsp,131464
FindNodeReq,169567
FindNodeRsp,157770
FindNodeReq,250378
FindNodeReq,178149
FindNodeReq,166128
FindNodeRsp,163418
FindNodeRsp,133233
FindNodeRsp,145117
FindNodeReq,173254
PNDiscReq,126787
FindNodeRsp,137670
FindNodeReq,147820
PathSetupReq,80201
FindNodeRsp,132917
FindNodeReq,181583
FindNodeRsp,136782
PathSetupReq,83951
FindNodeReq,150073
FindNodeReq,119025
FindNodeReq,166581
FindNodeRsp,120506
PathSetupReq,77582
FindNodeReq,150202
PathSetupReq,71358
FindNodeRsp,180693
PathSetupReq,65315
PathSetupReq,84475
FindNodeReq,180018
FindNodeReq,177752
FindNodeReq,176460
PathSetupReq,102012
PathSetupReq,196421
FindNodeRsp,147097
FindNodeRsp,129930
PathSetupReq,79216
FindNodeRsp,134461
FindNodeReq,174348
FindNodeRsp,128115
FindNodeRsp,115311
FindNodeReq,178998
FindNodeRsp,126483
FindNodeReq,151018
FindNodeRsp,132422
FindNodeReq,148014
FindNodeRsp,138979
FindNodeRsp,134353
FindNodeRsp,135411
FindNodeReq,173838
FindNodeRsp,117716
FindNodeReq,171764
FindNodeRsp,138289
FindNodeRsp,122813
FindNodeReq,149978
FindNodeReq,147909
FindNodeRsp,115293
FindNodeRsp,127361
FindNodeReq,177112
FindNodeReq,175923
FindNodeRsp,125544
FindNodeRsp,139605
FindNodeReq,180525
FindNodeRsp,138338
FindNodeRsp,120153
FindNodeReq,161107
FindNodeReq,144147
FindNodeRsp,139697
FindNodeRsp,135079
FindNodeReq,146678
FindNodeRsp,127481
FindNodeRsp,115666
FindNodeRsp,112032
FindNodeReq,168703
FindNodeRsp,117589
FindNodeRsp,119930
FindNodeRsp,118349
FindNodeReq,148260
FindNodeReq,150973
FindNodeReq,120217
FindNodeReq,151106
FindNodeRsp,138929
FindNodeReq,162015
FindNodeRsp,140969
FindNodeReq,179605
FindNodeReq,178709
FindNodeReq,148556
FindNodeRsp,142895
FindNodeRsp,137765
FindNodeRsp,138680
FindNodeReq,132084
FindNodeRsp,129536
FindNodeReq,161854
FindNodeReq,173811
FindNodeReq,182091
FindNodeRsp,131462
FindNodeReq,199692
FindNodeReq,170120
FindNodeRsp,126972
PNHello,125453
PNDiscRsp,68270
FindNodeRsp,132839
FindNodeReq,173047
FindNodeReq,146221
FindNodeRsp,127419
FindNodeRsp,134783
FindNodeReq,164548
FindNodeReq,171153
FindNodeRsp,134212
FindNodeReq,162068
FindNodeRsp,125309
FindNodeReq,180807
FindNodeReq,177336
FindNodeRsp,132049
FindNodeReq,150290
FindNodeRsp,138841
FindNodeReq,151238
FindNodeReq,123600
FindNodeReq,151951
FindNodeReq,149852
FindNodeRsp,136412
FindNodeRsp,128378
FindNodeReq,176880
FindNodeRsp,137851
FindNodeRsp,148717
FindNodeRsp,113046
FindNodeReq,175478
FindNodeRsp,133437
PNDiscReq,125488
FindNodeRsp,137973
FindNodeReq,178858
FindNodeReq,145557
FindNodeRsp,136233
FindNodeRsp,135248
FindNodeRsp,127773
FindNodeReq,146877
FindNodeReq,179843
FindNodeReq,177388
FindNodeReq,150800
FindNodeRsp,116201
FindNodeReq,148456
FindNodeRsp,136974
PathSetupReq,77614
FindNodeRsp,130869
FindNodeReq,173716
FindNodeReq,179452
FindNodeRsp,136717
PathSetupReq,98142
FindNodeReq,177596
FindNodeReq,113083
FindNodeReq,118353
FindNodeRsp,141973
PathSetupReq,77978
PathSetupReq,110793
FindNodeRsp,134965
PathSetupReq,65978
PathSetupReq,83824
FindNodeReq,177631
FindNodeReq,175954
PathSetupReq,119698
PathSetupReq,199300
PathSetupReq,74355
FindNodeRsp,133865
FindNodeRsp,136263
FindNodeReq,181604
FindNodeRsp,125585
FindNodeRsp,135881
FindNodeReq,175785
FindNodeReq,145462
FindNodeReq,148452
FindNodeRsp,136487
FindNodeReq,179376
FindNodeRsp,133434
FindNodeRsp,135625
FindNodeReq,175916
FindNodeRsp,122029
FindNodeReq,160156
FindNodeRsp,125876
FindNodeRsp,125068
FindNodeReq,143547
FindNodeRsp,134172
FindNodeReq,168979
FindNodeRsp,128768
FindNodeReq,151082
FindNodeReq,150212
FindNodeRsp,115100
FindNodeReq,148053
FindNodeRsp,106372
FindNodeReq,161148
FindNodeReq,176636
FindNodeReq,179336
FindNodeRsp,144947
FindNodeRsp,141825
FindNodeReq,145797
FindNodeRsp,137593
FindNodeReq,174716
FindNodeReq,178756
FindNodeRsp,131082
FindNodeRsp,138319
FindNodeRsp,138514
FindNodeReq,174024
FindNodeReq,158578
FindNodeRsp,136197
FindNodeReq,175736
FindNodeReq,176691
FindNodeRsp,125725
FindNodeRsp,158616
FindNodeReq,148320
FindNodeRsp,190996
FindNodeReq,177494
FindNodeRsp,139235
FindNodeReq,165589
FindNodeRsp,126441
FindNodeReq,150593
FindNodeReq,167565
FindNodeReq,216382
FindNodeReq,179465
FindNodeRsp,140388
FindNodeRsp,131842
FindNodeReq,180016
FindNodeRsp,145153
FindNodeRsp,134086
FindNodeRsp,132225
FindNodeRsp,139690
FindNodeRsp,119092
FindNodeReq,176216
FindNodeReq,221489
FindNodeReq,179072
FindNodeRsp,125389
FindNodeReq,144117
FindNodeReq,136361
FindNodeRsp,113741
FindNodeReq,165421
FindNodeRsp,136950
FindNodeReq,168736
FindNodeRsp,122157
FindNodeReq,166691
FindNodeReq,116279
FindNodeRsp,135639
FindNodeRsp,130113
FindNodeReq,147306
FindNodeReq,179698
FindNodeReq,147769
FindNodeRsp,143239
FindNodeReq,160889
FindNodeRsp,134738
FindNodeReq,173414
FindNodeReq,149382
FindNodeReq,149757
FindNodeReq,182608
FindNodeRsp,123848
FindNodeReq,178497
FindNodeRsp,148321
FindNodeReq,172398
FindNodeRsp,148153
FindNodeRsp,143136
FindNodeRsp,166500
FindNodeRsp,117952
FindNodeRsp,160729
FindNodeReq,179799
FindNodeRsp,133731
FindNodeRsp,123410
FindNodeReq,175251
FindNodeReq,181963
FindNodeReq,169498
FindNodeRsp,119127
FindNodeReq,153684
FindNodeRsp,161695
FindNodeReq,138463
FindNodeRsp,133905
PathSetupReq,210027
FindNodeRsp,119643
FindNodeReq,145446
FindNodeRsp,102123
PathSetupReq,56264
FindNodeReq,206492
FindNodeReq,173148
FindNodeRsp,123665
PathSetupReq,111966
PathSetupReq,111132
FindNodeRsp,123922
FindNodeReq,165148
PathSetupReq,66089
PathSetupReq,69103
FindNodeReq,178830
FindNodeReq,179568
PathSetupReq,121367
PathSetupReq,122747
PathSetupReq,84807
FindNodeRsp,141637
FindNodeRsp,139337
FindNodeRsp,56328
FindNodeReq,123417
FindNodeRsp,71559
FindNodeReq,172564
PNHello,117741
PNDiscRsp,65530
FindNodeReq,161791
FindNodeRsp,131521
FindNodeReq,167844
FindNodeRsp,111759
FindNodeReq,158262
FindNodeRsp,133908
FindNodeRsp,191674
FindNodeReq,169400
FindNodeRsp,133863
FindNodeReq,167569
FindNodeReq,159331
FindNodeRsp,111670
FindNodeReq,168756
FindNodeReq,170080
FindNodeReq,172568
FindNodeRsp,137985
FindNodeRsp,148399
FindNodeRsp,132793
FindNodeReq,172924
FindNodeReq,161091
PNDiscReq,122385
FindNodeRsp,138575
FindNodeRsp,154710
FindNodeRsp,137317
FindNodeRsp,134147
FindNodeRsp,135565
FindNodeReq,176040
FindNodeRsp,133057
FindNodeReq,167565
FindNodeRsp,138333
FindNodeRsp,115733
FindNodeRsp,132906
FindNodeReq,167556
FindNodeReq,178104
FindNodeReq,176474
FindNodeRsp,149902
FindNodeRsp,117737
FindNodeRsp,138381
FindNodeReq,177905
FindNodeRsp,128178
FindNodeReq,165933
FindNodeRsp,127333
FindNodeReq,178209
FindNodeRsp,138649
FindNodeReq,175389
FindNodeRsp,135437
FindNodeRsp,132377
FindNodeReq,162170
FindNodeRsp,135338
FindNodeReq,165715
FindNodeRsp,134847
FindNodeRsp,132768
FindNodeRsp,110990
FindNodeReq,203761
FindNodeReq,177298
FindNodeRsp,135326
FindNodeRsp,143006
FindNodeRsp,119837
FindNodeRsp,130602
FindNodeReq,165700
FindNodeRsp,129749
FindNodeRsp,129869
FindNodeRsp,134593
FindNodeRsp,137493
FindNodeReq,168404
FindNodeReq,179284
PathSetupReq,80194
FindNodeRsp,134227
FindNodeReq,177531
PathSetupReq,109321
FindNodeRsp,161076
PathSetupReq,79973
PathSetupReq,43550
FindNodeReq,177818
FindNodeReq,178025
PathSetupReq,104097
PathSetupReq,40337
FindNodeRsp,173090
FindNodeRsp,110735
FindNodeRsp,121973
FindNodeRsp,134076
FindNodeRsp,129049
FindNodeReq,165460
FindNodeReq,177060
FindNodeReq,195444
FindNodeReq,252529
FindNodeRsp,134243
FindNodeRsp,139331
FindNodeRsp,128926
FindNodeReq,175519
FindNodeRsp,133195
FindNodeReq,160980
FindNodeReq,176631
FindNodeReq,174953
FindNodeRsp,107418
FindNodeRsp,146817
FindNodeRsp,134002
FindNodeRsp,130716
FindNodeRsp,145417
FindNodeReq,172396
FindNodeRsp,122701
FindNodeRsp,132308
FindNodeReq,174073
FindNodeRsp,109547
FindNodeReq,180952
FindNodeReq,176227
FindNodeReq,174211
FindNodeRsp,141876
FindNodeRsp,139949
FindNodeReq,172614
FindNodeReq,177549
FindNodeRsp,133267
FindNodeReq,171400
FindNodeReq,176300
FindNodeReq,232606
FindNodeRsp,142984
FindNodeRsp,138352
FindNodeReq,179276
FindNodeReq,173780
FindNodeRsp,138350
FindNodeRsp,131225
FindNodeReq,164861
FindNodeReq,200304
PNHello,124438
PNDiscRsp,66902
FindNodeReq,177327
FindNodeReq,175438
FindNodeRsp,133438
FindNodeReq,176104
FindNodeRsp,132709
FindNodeReq,172390
FindNodeRsp,110478
FindNodeReq,174876
FindNodeRsp,133028
FindNodeReq,166657
FindNodeReq,177004
FindNodeRsp,125561
FindNodeReq,176945
FindNodeRsp,139636
FindNodeRsp,138533
PNDiscReq,125274
FindNodeReq,166028
FindNodeReq,168497
FindNodeReq,173252
FindNodeRsp,139119
FindNodeRsp,140027
FindNodeReq,179541
FindNodeRsp,145630
FindNodeReq,177601
PathSetupReq,113582
FindNodeRsp,114628
FindNodeReq,166910
FindNodeRsp,115057
FindNodeReq,173864
FindNodeRsp,150627
PathSetupReq,117481
FindNodeRsp,117541
PathSetupReq,76854
PathSetupReq,40960
PathSetupReq,103591
FindNodeReq,177046
FindNodeReq,108359
PathSetupReq,123873
FindNodeRsp,192643
FindNodeRsp,147265
FindNodeRsp,132001
FindNodeRsp,132389
FindNodeRsp,135637
FindNodeReq,174832
FindNodeRsp,128506
FindNodeReq,173888
FindNodeRsp,108903
FindNodeReq,172337
FindNodeRsp,135595
FindNodeRsp,131775
FindNodeReq,166924
FindNodeRsp,131916
FindNodeRsp,117609
FindNodeReq,176652
FindNodeReq,218255
FindNodeReq,155320
FindNodeRsp,197440
FindNodeRsp,128502
FindNodeReq,165147
FindNodeRsp,134521
FindNodeRsp,120283
FindNodeRsp,131437
FindNodeRsp,130423
FindNodeRsp,110659
FindNodeReq,178143
FindNodeReq,163752
FindNodeReq,173380
FindNodeRsp,114966
FindNodeRsp,131929
FindNodeReq,198934
FindNodeRsp,134953
FindNodeRsp,131057
FindNodeReq,175476
FindNodeRsp,136456
FindNodeRsp,130124
UpdateRouteReq,291672
UpdateRouteReq,381344
UpdateRouteReq,528993
UpdateRouteReq,355937
UpdateRouteReq,179363
UpdateRouteReq,307520
FindNodeReq,383741
FindNodeReq,220811
FindNodeRsp,122913
FindNodeReq,173928
FindNodeRsp,134837
FindNodeReq,176268
UpdateRouteReq,96736
UpdateRouteReq,97719
FindNodeRsp,134417
FindNodeReq,163288
FindNodeReq,155121
FindNodeRsp,76118
FindNodeRsp,130421
FindNodeReq,152071
FindNodeRsp,134303
FindNodeReq,167020
FindNodeReq,141717
FindNodeReq,88753
FindNodeReq,72594
FindNodeReq,70858
UpdateRouteReq,143390
FindNodeRsp,123138
UpdateRouteReq,65518
FindNodeReq,141513
FindNodeReq,87996
FindNodeReq,76698
FindNodeReq,71894
UpdateRouteReq,45131
UpdateRouteReq,149369
UpdateRouteReq,40915
FindNodeReq,167835
FindNodeReq,147669
FindNodeReq,146247
FindNodeReq,93434
FindNodeReq,79125
UpdateRouteReq,43238
FindNodeRsp,128175
UpdateRouteReq,161757
FindNodeReq,153025
FindNodeRsp,108620
FindNodeReq,155411
FindNodeReq,166386
FindNodeReq,182331
FindNodeReq,159268
FindNodeReq,165796
FindNodeReq,164655
FindNodeReq,97964
UpdateRouteReq,190178
UpdateRouteReq,102426
PathTeardownReq,39776
UpdateRouteReq,80402
FindNodeRsp,57097
UpdateRouteReq,48749
PathSetupReq,37287
UpdateRouteReq,45147
FindNodeRsp,47845
UpdateRouteReq,71507
UpdateRouteReq,50007
FindNodeRsp,96899
UpdateRouteReq,92284
FindNodeReq,158657
FindNodeReq,165716
FindNodeReq,152804
UpdateRouteReq,53290
FindNodeReq,165132
UpdateRouteReq,74106
UpdateRouteReq,74495
FindNodeRsp,111911
FindNodeReq,163365
FindNodeRsp,110132
FindNodeReq,164700
FindNodeRsp,114841
FindNodeReq,153894
FindNodeReq,162882
FindNodeRsp,107558
FindNodeReq,160432
FindNodeReq,167022
FindNodeReq,153484
FindNodeReq,132266
FindNodeReq,154692
FindNodeReq,152853
UpdateRouteReq,76649
PathTeardownReq,37847
FindNodeRsp,112337
FindNodeReq,151561
FindNodeReq,152197
FindNodeReq,152791
FindNodeReq,150797
UpdateRouteReq,77779
PathTeardownReq,42611
UpdateRouteReq,72417
UpdateRouteReq,94766
UpdateRouteReq,46395
QueryRouteReq,72935
UpdateRouteReq,49519
UpdateRouteReq,45116
UpdateRouteReq,45228
PathSetupReq,35049
FindNodeRsp,119069
UpdateRouteReq,70187
PathSetupReq,68794
UpdateRouteReq,74622
UpdateRouteReq,55761
UpdateRouteReq,46315
FindNodeRsp,112109
UpdateRouteReq,71442
PathSetupReq,45388
FindNodeRsp,119009
UpdateRouteReq,161506
UpdateRouteReq,147076
UpdateRouteReq,97411
FindNodeRsp,116757
UpdateRouteReq,111118
FindNodeReq,153070
UpdateRouteReq,72391
Error,167700
Error,83638
UpdateRouteReq,94378
UpdateRouteReq,62755
FindNodeReq,180302
FindNodeRsp,117396
Error,166762
Error,83889
UpdateRouteReq,67267
UpdateRouteReq,44543
FindNodeReq,189765
UpdateRouteReq,207009
FindNodeReq,163638
FindNodeReq,151717
FindNodeRsp,115613
UpdateRouteReq,41599
UpdateRouteReq,99028
PathTeardownReq,89193
PathSetupReq,73626
Error,154953
UpdateRouteReq,69371
PathSetupReq,65467
Error,112030
UpdateRouteReq,71555
UpdateRouteReq,62759
PathSetupReq,59791
PathSetupReq,35368
UpdateRouteReq,49354
FindNodeRsp,113934
UpdateRouteReq,147040
PathSetupReq,66099
FindNodeReq,162112
FindNodeReq,156804
UpdateRouteReq,63863
PathSetupReq,136857
FindNodeRsp,106763
FindNodeRsp,109562
FindNodeReq,187383
FindNodeReq,162161
FindNodeReq,140667
FindNodeRsp,110642
FindNodeReq,149940
FindNodeReq,155461
FindNodeRsp,70880
FindNodeReq,167116
FindNodeRsp,112426
FindNodeReq,157285
UpdateRouteReq,134305
UpdateRouteReq,130406
UpdateRouteReq,74547
UpdateRouteReq,79460
UpdateRouteReq,59627
FindNodeReq,145642
UpdateRouteReq,121398
PathTeardownReq,83514
UpdateRouteReq,83804
PathSetupReq,78774
FindNodeRsp,93728
UpdateRouteReq,91865
FindNodeReq,158285
FindNodeReq,158263
UpdateRouteReq,70492
UpdateRouteReq,46027
FindNodeReq,142473
FindNodeReq,142727
UpdateRouteReq,61178
FindNodeRsp,118306
PNHello,123462
PNDiscRsp,61589
FindNodeRsp,111052
FindNodeReq,164436
FindNodeRsp,113478
FindNodeReq,167916
FindNodeReq,152100
FindNodeRsp,108303
FindNodeReq,151836
FindNodeRsp,108657
FindNodeReq,162873
FindNodeReq,143487
FindNodeRsp,107626
FindNodeReq,140182
FindNodeReq,163629
FindNodeRsp,115542
FindNodeRsp,109429
FindNodeReq,153845
UpdateRouteReq,137573
FindNodeRsp,116848
FindNodeReq,162066
FindNodeReq,119219
FindNodeReq,145356
FindNodeRsp,127887
FindNodeRsp,105150
FindNodeReq,140180
Error,234295
Error,139573
Error,136737
UpdateRouteReq,192966
Error,174840
Error,196506
Error,78130
UpdateRouteReq,147413
UpdateRouteReq,98786
UpdateRouteReq,133965
PathTeardownReq,71723
PathTeardownReq,60097
FindNodeReq,156081
FindNodeReq,141297
UpdateRouteReq,80024
PathSetupReq,67498
UpdateRouteReq,104077
PathSetupReq,102303
UpdateRouteReq,104426
Error,135221
FindNodeReq,117181
PathTeardownReq,69087
UpdateRouteReq,142233
UpdateRouteReq,115537
PathTeardownReq,75620
PathSetupReq,68008
PathTeardownReq,61638
PathSetupReq,83071
PathTeardownReq,66493
UpdateRouteReq,118950
UpdateRouteReq,85139
PathSetupReq,98514
UpdateRouteReq,113509
UpdateRouteReq,76671
UpdateRouteReq,73615
PathTeardownReq,87030
PathSetupReq,87793
Error,159329
UpdateRouteReq,118760
PathSetupReq,117356
PathTeardownReq,65457
FindNodeReq,148529
UpdateRouteReq,111958
UpdateRouteReq,128466
UpdateRouteReq,71245
UpdateRouteReq,94782
PathSetupReq,95267
FindNodeReq,104064
PathTeardownReq,56960
PathTeardownReq,61979
QueryRouteReq,106451
FindNodeReq,121398
FindNodeReq,109867
UpdateRouteReq,61331
UpdateRouteReq,60049
UpdateRouteReq,53641
UpdateRouteReq,51588
UpdateRouteReq,71688
PathSetupReq,46335
Error,119928
UpdateRouteReq,79589
PathSetupReq,79714
UpdateRouteReq,54452
UpdateRouteReq,79219
UpdateRouteReq,51762
PathTeardownReq,43317
PathSetupReq,38920
PathTeardownReq,37073
FindNodeReq,104126
FindNodeReq,88240
UpdateRouteReq,60899
UpdateRouteReq,73428
PathSetupReq,72241
UpdateRouteReq,48262
UpdateRouteReq,47661
UpdateRouteReq,46592
UpdateRouteReq,62537
Error,89059
PathTeardownReq,39640
FindNodeReq,77564
FindNodeReq,78392
UpdateRouteReq,111390
UpdateRouteReq,114030
UpdateRouteReq,129642
PathSetupReq,125159
PathTeardownReq,132682
Error,59944
PathSetupReq,42217
PathTeardownReq,39360
PathTeardownReq,49328
UpdateRouteReq,52042
PathSetupReq,36444
PathSetupReq,42238
PathTeardownReq,44611
PathTeardownReq,37851
PathTeardownReq,32159
PNDiscReq,102824
UpdateRouteReq,64476
UpdateRouteReq,96231
Error,73953
Error,78490
Error,70060
UpdateRouteReq,37388
UpdateRouteReq,37850
Error,52412
PathSetupReq,19324
UpdateRouteReq,36846
UpdateRouteReq,47594
PathSetupReq,33325
UpdateRouteReq,45640
Error,98635
UpdateRouteReq,68724
Error,124611
Error,42169
UpdateRouteReq,35819
Error,85681
UpdateRouteReq,32939
PathTeardownReq,38688
UpdateRouteReq,38947
PathSetupReq,28054
Error,93770
PathTeardownReq,78277
UpdateRouteReq,53951
UpdateRouteReq,41290
UpdateRouteReq,43305
FindNodeRsp,75919
UpdateRouteReq,44790
PathSetupReq,29762
Error,87886
PathTeardownReq,35613
FindNodeReq,69769
UpdateRouteReq,48429
UpdateRouteReq,37537
UpdateRouteReq,44736
UpdateRouteReq,47669
PathSetupReq,48150
UpdateRouteReq,48827
UpdateRouteReq,51796
Error,41805
FindNodeReq,77778
UpdateRouteReq,128434
PathTeardownReq,30867
UpdateRouteReq,29811
UpdateRouteReq,49227
UpdateRouteReq,44909
UpdateRouteReq,44426
UpdateRouteReq,28869
FindNodeReq,93050
UpdateRouteReq,33745
UpdateRouteReq,29906
UpdateRouteReq,29690
UpdateRouteReq,55353
UpdateRouteReq,26512
UpdateRouteReq,71971
UpdateRouteReq,28427
UpdateRouteReq,32048
PathSetupReq,24447
UpdateRouteReq,32577
UpdateRouteReq,30171
FindNodeReq,50058
UpdateRouteReq,32604
UpdateRouteReq,35537
PathTeardownReq,26737
PathTeardownReq,26125
UpdateRouteReq,43269
FindNodeReq,61677
FindNodeReq,65860
QueryRouteReq,47392
UpdateRouteReq,89546
UpdateRouteReq,108403
PathTeardownReq,26568
FindNodeRsp,89028
QueryRouteReq,145681
PathSetupReq,58722
UpdateRouteReq,49614
PathSetupReq,36019
FindNodeReq,161044
FindNodeRsp,116082
Error,55995
Error,54231
FindNodeReq,134948
Error,131758
Error,199808
UpdateRouteReq,182756
Error,216857
Error,122357
Error,72986
Error,263064
UpdateRouteReq,449156
Error,496234
UpdateRouteReq,154313
UpdateRouteReq,231977
Error,232749
Error,78781
Error,186284
UpdateRouteReq,122701
UpdateRouteReq,66634
FindNodeReq,177716
UpdateRouteReq,183564
Error,231793
PathTeardownReq,147896
PathTeardownReq,127997
Error,250387
UpdateRouteReq,194867
Error,153040
Error,72442
FindNodeReq,139068
UpdateRouteReq,124301
PathSetupReq,121072
FindNodeReq,147153
UpdateRouteReq,79214
UpdateRouteReq,71215
UpdateRouteReq,77742
UpdateRouteReq,71027
FindNodeReq,115327
UpdateRouteReq,114432
PathSetupReq,112998
UpdateRouteReq,77885
PathTeardownReq,134785
FindNodeReq,121033
Error,184767
UpdateRouteReq,187824
FindNodeReq,142268
PathSetupReq,96670
FindNodeReq,155120
UpdateRouteReq,77883
UpdateRouteReq,77849
UpdateRouteReq,81362
UpdateRouteReq,86996
FindNodeReq,121307
Error,138922
UpdateRouteReq,85194
UpdateRouteReq,109326
UpdateRouteReq,122177
UpdateRouteReq,76061
UpdateRouteReq,77022
UpdateRouteReq,72107
UpdateRouteReq,74751
UpdateRouteReq,117030
UpdateRouteReq,134644
UpdateRouteReq,70512
PathTeardownReq,58530
PathTeardownReq,58752
PathSetupReq,55847
PathTeardownReq,51317
UpdateRouteReq,82628
UpdateRouteReq,97474
UpdateRouteReq,64264
PathTeardownReq,58999
UpdateRouteReq,64199
Error,118525
UpdateRouteReq,60400
UpdateRouteReq,54445
PathSetupReq,49025
UpdateRouteReq,52655
UpdateRouteReq,67458
PathTeardownReq,40903
PathTeardownReq,44052
Error,101592
UpdateRouteReq,54105
UpdateRouteReq,46191
UpdateRouteReq,55808
PathSetupReq,55315
FindNodeReq,85712
FindNodeReq,74740
FindNodeReq,66261
Error,50994
UpdateRouteReq,54796
Error,72390
UpdateRouteReq,72513
PathTeardownReq,77555
Error,139447
UpdateRouteReq,221859
Error,41366
PathSetupReq,63097
PathTeardownReq,24117
UpdateRouteReq,40540
Error,66744
FindNodeReq,69927
FindNodeReq,65056
FindNodeReq,99058
UpdateRouteReq,75881
UpdateRouteReq,82841
FindNodeReq,65901
FindNodeReq,56170
Error,63482
FindNodeReq,50703
Error,66677
FindNodeReq,53561
FindNodeReq,57565
FindNodeReq,55712
FindNodeReq,54266
UpdateRouteReq,46889
UpdateRouteReq,27559
UpdateRouteReq,36788
Error,59442
FindNodeReq,63498
FindNodeReq,48416
Error,36229
FindNodeReq,93317
UpdateRouteReq,89373
UpdateRouteReq,49696
PathSetupReq,22593
FindNodeReq,51217
FindNodeReq,68369
FindNodeReq,62953
UpdateRouteReq,30011
PathTeardownReq,26677
FindNodeReq,52358
UpdateRouteReq,26630
UpdateRouteReq,23702
UpdateRouteReq,25247
UpdateRouteReq,38285
UpdateRouteReq,30421
UpdateRouteReq,28846
UpdateRouteReq,28874
PathSetupReq,23178
UpdateRouteReq,24610
FindNodeReq,54252
PathTeardownReq,36548
PathSetupReq,34119
PathTeardownReq,33606
PathSetupReq,22312
UpdateRouteReq,37611
FindNodeReq,47536
FindNodeReq,52891
Error,49380
UpdateRouteReq,40952
PathSetupReq,40148
UpdateRouteReq,25419
UpdateRouteReq,35428
FindNodeReq,52939
PathTeardownReq,24549
PathSetupReq,19149
FindNodeReq,47432
UpdateRouteReq,30180
FindNodeReq,47873
FindNodeReq,49936
FindNodeReq,50226
UpdateRouteReq,29244
PathTeardownReq,23569
FindNodeReq,50596
FindNodeReq,49208
FindNodeReq,76854
UpdateRouteReq,60632
UpdateRouteReq,32291
PathTeardownReq,36523
PathSetupReq,35116
PathTeardownReq,22233
UpdateRouteReq,31402
PathSetupReq,22179
FindNodeReq,46820
UpdateRouteReq,28000
UpdateRouteReq,25796
Error,56997
PathSetupReq,38148
PathTeardownReq,25026
PathSetupReq,43416
PathTeardownReq,22656
UpdateRouteReq,34426
FindNodeReq,61648
UpdateRouteReq,30573
UpdateRouteReq,27054
FindNodeReq,45184
FindNodeReq,65878
UpdateRouteReq,64756
UpdateRouteReq,28137
UpdateRouteReq,24553
FindNodeReq,50458
PathSetupReq,20868
PathTeardownReq,23622
PathSetupReq,20849
PathTeardownReq,28135
UpdateRouteReq,25662
UpdateRouteReq,22805
UpdateRouteReq,23804
FindNodeReq,53514
PathTeardownReq,26900
FindNodeReq,43231
Error,57488
UpdateRouteReq,41014
PathSetupReq,20720
FindNodeReq,46133
FindNodeReq,49424
FindNodeReq,46510
FindNodeReq,58452
PathTeardownReq,21660
FindNodeReq,74419
FindNodeReq,55949
FindNodeReq,53467
PathSetupReq,21231
PathTeardownReq,23352
FindNodeReq,66353
FindNodeReq,88029
FindNodeReq,41767
FindNodeReq,59118
UpdateRouteReq,33699
FindNodeReq,50995
PathSetupReq,23467
PathTeardownReq,21693
FindNodeReq,46250
Error,56507
UpdateRouteReq,39950
PathSetupReq,39067
PathTeardownReq,21980
UpdateRouteReq,32760
UpdateRouteReq,39010
UpdateRouteReq,40798
PathSetupReq,21946
UpdateRouteReq,24776
FindNodeReq,69170
FindNodeReq,51262
PathSetupReq,28313
PathTeardownReq,32541
UpdateRouteReq,30872
UpdateRouteReq,30272
PathSetupReq,21506
PathTeardownReq,27416
PathTeardownReq,24882
QueryRouteReq,53517
UpdateRouteReq,36771
UpdateRouteReq,30517
UpdateRouteReq,28798
QueryRouteReq,48877
FindNodeReq,40847
FindNodeReq,46576
FindNodeReq,46459
UpdateRouteReq,30823
PathSetupReq,28719
UpdateRouteReq,31572
FindNodeReq,44502
UpdateRouteReq,29564
UpdateRouteReq,27953
FindNodeReq,40164
UpdateRouteReq,27744
PathSetupReq,19237
FindNodeReq,41254
FindNodeReq,46942
PathTeardownReq,28433
FindNodeReq,44548
FindNodeReq,42551
FindNodeReq,41814
FindNodeReq,39529
FindNodeReq,43762
FindNodeReq,42583
FindNodeReq,43551
FindNodeReq,41869
FindNodeReq,37976
FindNodeReq,35915
FindNodeReq,41514
FindNodeReq,45837
FindNodeReq,62989
FindNodeReq,44030
FindNodeReq,37450
FindNodeReq,38559
FindNodeReq,48707
FindNodeRsp,101929
QueryRouteReq,102998
PathSetupReq,95637
QueryRouteReq,150429
UpdateRouteReq,67143
PathTeardownReq,62278
UpdateRouteReq,65395
PathSetupReq,78694
PathTeardownReq,73194
FindNodeReq,137172
UpdateRouteReq,70669
UpdateRouteReq,115469
PathSetupReq,103270
UpdateRouteReq,63233
UpdateRouteReq,62395
UpdateRouteReq,57319
UpdateRouteReq,68985
UpdateRouteReq,516253
UpdateRouteReq,597994
UpdateRouteReq,699684
UpdateRouteReq,970635
UpdateRouteReq,1018994
UpdateRouteReq,1075242
UpdateRouteReq,155327
PathSetupReq,164461
UpdateRouteReq,69351
UpdateRouteReq,111497
UpdateRouteReq,69640
UpdateRouteReq,63367
UpdateRouteReq,46337
FindNodeRsp,114254
FindNodeRsp,101865
FindNodeReq,176141
Error,69280
Error,95618
Error,60361
Error,153002
Error,108637
Error,103822
Error,104617
Error,55658
Error,54832
FindNodeReq,159380
FindNodeRsp,141379
FindNodeRsp,101559
FindNodeReq,175845
FindNodeRsp,111262
FindNodeReq,154433
FindNodeRsp,110687
FindNodeReq,194766
FindNodeRsp,110898
FindNodeReq,149772
FindNodeReq,112968
FindNodeRsp,118913
FindNodeReq,164445
FindNodeRsp,110357
FindNodeRsp,74832
FindNodeReq,144521
FindNodeRsp,111317
FindNodeReq,125734
FindNodeRsp,110126
FindNodeReq,132434
FindNodeRsp,112201
FindNodeReq,156932
FindNodeRsp,111353
FindNodeReq,179836
FindNodeRsp,105878
FindNodeReq,147367
FindNodeReq,142625
FindNodeReq,152249
FindNodeRsp,113674
FindNodeReq,138829
FindNodeRsp,110917
FindNodeRsp,112194
FindNodeReq,170373
FindNodeRsp,115925
FindNodeReq,166325
FindNodeReq,137734
FindNodeRsp,115043
FindNodeReq,140113
FindNodeReq,151589
FindNodeRsp,114069
FindNodeReq,150051
FindNodeReq,116110
FindNodeRsp,113502
FindNodeRsp,98031
FindNodeRsp,112446
FindNodeReq,163656
FindNodeReq,122777
FindNodeRsp,117029
FindNodeReq,162211
FindNodeRsp,112090
FindNodeRsp,113213
FindNodeReq,157073
FindNodeReq,177572
FindNodeRsp,117693
FindNodeReq,152737
FindNodeRsp,109376
FindNodeReq,155779
FindNodeReq,142766
FindNodeRsp,112709
FindNodeReq,158511
FindNodeReq,164272
FindNodeRsp,111498
FindNodeReq,208222
FindNodeReq,164940
PathSetupReq,126165
FindNodeReq,155133
FindNodeReq,194064
FindNodeRsp,119505
FindNodeReq,164389
FindNodeReq,150893
FindNodeRsp,111842
FindNodeReq,156691
FindNodeRsp,111722
FindNodeRsp,113229
PathSetupReq,73938
PathSetupReq,58233
PathSetupReq,36748
PathSetupReq,70366
FindNodeRsp,107687
FindNodeReq,112697
FindNodeReq,108578
PathSetupReq,61872
FindNodeRsp,123269
FindNodeRsp,85978
FindNodeReq,140185
FindNodeReq,117933
FindNodeRsp,112730
FindNodeReq,160386
FindNodeReq,163091
FindNodeRsp,117103
FindNodeRsp,113112
FindNodeRsp,117251
FindNodeReq,145057
FindNodeRsp,102546
FindNodeReq,150736
FindNodeRsp,107247
FindNodeReq,155966
FindNodeRsp,76322
FindNodeRsp,119892
FindNodeRsp,117379
FindNodeReq,159457
FindNodeRsp,103922
FindNodeReq,170049
FindNodeReq,150720
FindNodeRsp,119082
FindNodeRsp,116273
FindNodeReq,145230
FindNodeRsp,115693
FindNodeRsp,120056
FindNodeReq,161344
FindNodeRsp,69626
FindNodeReq,163635
FindNodeReq,121533
FindNodeRsp,117326
FindNodeReq,158228
FindNodeRsp,99350
FindNodeReq,141097
FindNodeRsp,113542
FindNodeReq,141495
FindNodeRsp,114922
FindNodeReq,157736
FindNodeReq,165021
FindNodeRsp,101296
FindNodeReq,160876
FindNodeRsp,113189
FindNodeRsp,69981
FindNodeReq,161000
FindNodeRsp,117681
FindNodeReq,158457
FindNodeRsp,101305
FindNodeReq,160105
FindNodeRsp,114728
FindNodeReq,161677
FindNodeRsp,113279
FindNodeReq,157576
FindNodeReq,197865
FindNodeReq,162916
FindNodeReq,163560
FindNodeRsp,138613
FindNodeRsp,128778
FindNodeReq,163773
FindNodeReq,164320
FindNodeReq,165215
FindNodeRsp,118610
FindNodeReq,166296
FindNodeRsp,116674
FindNodeReq,154978
FindNodeRsp,116172
PNHello,122410
PNDiscRsp,86525
FindNodeReq,163044
FindNodeRsp,123754
FindNodeReq,162045
FindNodeRsp,70626
FindNodeReq,158842
FindNodeReq,165655
FindNodeRsp,115962
FindNodeReq,165783
FindNodeRsp,121281
FindNodeRsp,74686
FindNodeReq,163636
FindNodeRsp,105320
FindNodeRsp,114990
FindNodeRsp,118450
FindNodeReq,151000
FindNodeReq,162304
FindNodeRsp,117834
FindNodeReq,161199
FindNodeRsp,115445
FindNodeRsp,95148
FindNodeReq,161683
FindNodeRsp,115784
FindNodeReq,151951
FindNodeReq,103314
FindNodeReq,161108
PNDiscReq,160708
FindNodeReq,154796
FindNodeRsp,116032
FindNodeRsp,112718
FindNodeReq,157756
FindNodeRsp,114434
FindNodeRsp,113444
FindNodeReq,155020
FindNodeRsp,112397
FindNodeRsp,119079
FindNodeReq,157879
FindNodeReq,162277
FindNodeReq,150753
FindNodeRsp,116261
PathSetupReq,155401
FindNodeReq,162800
FindNodeRsp,117181
FindNodeReq,151679
FindNodeRsp,99413
FindNodeReq,163869
FindNodeReq,161676
FindNodeRsp,110823
FindNodeReq,163888
FindNodeRsp,114780
PathSetupReq,43141
PathSetupReq,58327
PathSetupReq,36430
FindNodeReq,160046
PathSetupReq,67979
PathSetupReq,138436
FindNodeReq,162435
FindNodeReq,160931
FindNodeRsp,110034
FindNodeRsp,126317
FindNodeReq,160822
FindNodeReq,159920
FindNodeRsp,112861
FindNodeReq,157331
FindNodeRsp,114870
FindNodeReq,159331
FindNodeRsp,113796
FindNodeRsp,113608
FindNodeRsp,114898
FindNodeReq,158576
FindNodeReq,161788
FindNodeRsp,116249
FindNodeRsp,116398
FindNodeReq,155256
FindNodeRsp,70271
FindNodeReq,160593
FindNodeRsp,145177
FindNodeReq,164375
FindNodeReq,155086
FindNodeRsp,114357
FindNodeReq,187036
FindNodeRsp,74284
FindNodeReq,161256
FindNodeRsp,110310
FindNodeReq,151236
FindNodeReq,162412
FindNodeRsp,127259
FindNodeRsp,80413
FindNodeReq,163985
FindNodeReq,160824
FindNodeReq,159358
FindNodeRsp,112967
Error,84416
Error,94663
Error,233963
UpdateRouteReq,54146
Error,87091
Error,92798
Error,48344
UpdateRouteReq,198472
UpdateRouteReq,79434
UpdateRouteReq,51701
UpdateRouteReq,53031
PathTeardownReq,64015
UpdateRouteReq,77342
PathTeardownReq,43755
PathSetupReq,40228
PathTeardownReq,67712
UpdateRouteReq,72278
PathSetupReq,60452
UpdateRouteReq,64443
UpdateRouteReq,77260
UpdateRouteReq,51559
PathSetupReq,37632
UpdateRouteReq,48155
UpdateRouteReq,51219
Error,153241
UpdateRouteReq,84696
UpdateRouteReq,54997
PathTeardownReq,70964
UpdateRouteReq,57220
PathTeardownReq,69755
UpdateRouteReq,102988
PathSetupReq,96747
PathTeardownReq,71281
PathSetupReq,61003
PathTeardownReq,39227
Error,160728
PathSetupReq,45839
PathTeardownReq,41855
UpdateRouteReq,71652
UpdateRouteReq,97901
PathSetupReq,90788
Error,141335
UpdateRouteReq,56442
PathSetupReq,41891
PathTeardownReq,68222
QueryRouteReq,72082
FindNodeReq,127458
UpdateRouteReq,128941
UpdateRouteReq,63977
UpdateRouteReq,67321
UpdateRouteReq,42363
PathSetupReq,34085
FindNodeReq,90231
Error,168566
PathTeardownReq,110705
UpdateRouteReq,54423
UpdateRouteReq,47263
UpdateRouteReq,45599
UpdateRouteReq,61940
UpdateRouteReq,49054
UpdateRouteReq,42216
FindNodeReq,88178
PathSetupReq,61030
PathTeardownReq,39470
Error,86547
UpdateRouteReq,55478
UpdateRouteReq,73057
UpdateRouteReq,52252
PathSetupReq,35229
PathTeardownReq,34367
QueryRouteReq,139532
FindNodeRsp,115028
QueryRouteReq,147699
UpdateRouteReq,101800
PathSetupReq,93286
UpdateRouteReq,223476
UpdateRouteReq,168884
UpdateRouteReq,318329
UpdateRouteReq,345466
UpdateRouteReq,432550
UpdateRouteReq,71607
UpdateRouteReq,44874
UpdateRouteReq,77858
UpdateRouteReq,48403
UpdateRouteReq,77889
UpdateRouteReq,70610
PathTeardownReq,41741
FindNodeRsp,124162
QueryRouteReq,199371
UpdateRouteReq,137613
UpdateRouteReq,90980
QueryRouteReq,131250
UpdateRouteReq,67358
UpdateRouteReq,42610
UpdateRouteReq,46717
PathSetupReq,36306
UpdateRouteReq,41859
UpdateRouteReq,43275
UpdateRouteReq,51197
UpdateRouteReq,44447
UpdateRouteReq,57559
UpdateRouteReq,39283
FindNodeRsp,69478
UpdateRouteReq,159877
QueryRouteReq,88050
UpdateRouteReq,100798
QueryRouteReq,193316
UpdateRouteReq,42863
UpdateRouteReq,41544
UpdateRouteReq,40396
UpdateRouteReq,43633
PathTeardownReq,62772
QueryRouteReq,162913
UpdateRouteReq,45546
QueryRouteReq,74603
FindNodeRsp,99078
UpdateRouteReq,74049
UpdateRouteReq,166952
UpdateRouteReq,110572
UpdateRouteReq,82874
UpdateRouteReq,141717
UpdateRouteReq,40528
UpdateRouteReq,77336
PathSetupReq,83598
UpdateRouteReq,121737
UpdateRouteReq,93116
UpdateRouteReq,91006
UpdateRouteReq,44163
UpdateRouteReq,42984
UpdateRouteReq,61036
PathTeardownReq,41970
FindNodeReq,94946
UpdateRouteReq,86588
UpdateRouteReq,90508
PathSetupReq,83104
UpdateRouteReq,48969
UpdateRouteReq,89018
UpdateRouteReq,85942
QueryRouteReq,127358
UpdateRouteReq,40125
UpdateRouteReq,58363
UpdateRouteReq,42040
UpdateRouteReq,43005
FindNodeReq,142669
UpdateRouteReq,150936
UpdateRouteReq,90328
UpdateRouteReq,95054
PathTeardownReq,43435
QueryRouteReq,149117
UpdateRouteReq,177740
FindNodeRsp,90474
PathSetupReq,36405
UpdateRouteReq,46507
UpdateRouteReq,184432
QueryRouteReq,71543
UpdateRouteReq,71234
UpdateRouteReq,42377
PathTeardownReq,40445
UpdateRouteReq,46441
PathSetupReq,37563
PathTeardownReq,54997
FindNodeReq,94810
UpdateRouteReq,48550
PathSetupReq,34479
UpdateRouteReq,63274
UpdateRouteReq,150329
UpdateRouteReq,41117
PathSetupReq,34572
UpdateRouteReq,41899
Error,39332
Error,31587
Error,92012
Error,83497
UpdateRouteReq,55158
Error,82951
Error,78342
Error,49260
UpdateRouteReq,98814
UpdateRouteReq,83927
UpdateRouteReq,77554
PathTeardownReq,87640
UpdateRouteReq,51542
PathTeardownReq,59411
UpdateRouteReq,68836
UpdateRouteReq,52767
UpdateRouteReq,49155
UpdateRouteReq,49830
PathSetupReq,39332
UpdateRouteReq,50551
FindNodeReq,106786
UpdateRouteReq,81774
UpdateRouteReq,53763
PathSetupReq,44139
UpdateRouteReq,71983
UpdateRouteReq,79482
UpdateRouteReq,50858
PathTeardownReq,59238
PathSetupReq,60677
PathTeardownReq,70000
Error,131872
UpdateRouteReq,79248
PathSetupReq,44055
UpdateRouteReq,54747
UpdateRouteReq,49598
UpdateRouteReq,49348
UpdateRouteReq,55472
UpdateRouteReq,52297
FindNodeReq,141644
PathTeardownReq,56366
UpdateRouteReq,81093
UpdateRouteReq,50990
UpdateRouteReq,51047
PathTeardownReq,93993
FindNodeReq,138321
UpdateRouteReq,48988
Error,219382
UpdateRouteReq,218127
UpdateRouteReq,224751
PathSetupReq,87234
UpdateRouteReq,92946
UpdateRouteReq,80662
UpdateRouteReq,71312
Error,173471
UpdateRouteReq,80507
PathTeardownReq,46585
UpdateRouteReq,47190
Error,156266
UpdateRouteReq,103603
PathSetupReq,97365
FindNodeReq,159249
UpdateRouteReq,164593
UpdateRouteReq,45951
UpdateRouteReq,90609
PathTeardownReq,85646
Error,81378
FindNodeReq,157221
UpdateRouteReq,159956
UpdateRouteReq,167672
PathSetupReq,171261
UpdateRouteReq,64474
Error,82410
UpdateRouteReq,195216
Error,190888
UpdateRouteReq,315009
Error,337113
UpdateRouteReq,63118
UpdateRouteReq,41555
UpdateRouteReq,43091
UpdateRouteReq,39872
UpdateRouteReq,44053
UpdateRouteReq,63712
UpdateRouteReq,44658
UpdateRouteReq,45661
PathTeardownReq,64729
UpdateRouteReq,79038
UpdateRouteReq,41969
UpdateRouteReq,60471
UpdateRouteReq,50179
UpdateRouteReq,63983
UpdateRouteReq,46859
FindNodeReq,141926
UpdateRouteReq,85397
PathSetupReq,85587
UpdateRouteReq,95402
PathTeardownReq,38383
UpdateRouteReq,40607
Error,196301
UpdateRouteReq,192209
PathSetupReq,45826
UpdateRouteReq,46852
UpdateRouteReq,41677
UpdateRouteReq,96301
UpdateRouteReq,91997
UpdateRouteReq,49818
PathSetupReq,57533
UpdateRouteReq,61557
UpdateRouteReq,137167
UpdateRouteReq,134172
UpdateRouteReq,176278
UpdateRouteReq,54991
UpdateRouteReq,50909
FindNodeReq,89583
UpdateRouteReq,49200
PathTeardownReq,39476
FindNodeReq,81522
UpdateRouteReq,38445
UpdateRouteReq,46519
UpdateRouteReq,45783
PathTeardownReq,54873
FindNodeReq,89100
PathSetupReq,34677
PathTeardownReq,34972
FindNodeReq,77263
Error,86958
UpdateRouteReq,47704
UpdateRouteReq,45518
UpdateRouteReq,45157
UpdateRouteReq,42117
PathSetupReq,32810
PathTeardownReq,35038
PathTeardownReq,34491
PathSetupReq,33929
UpdateRouteReq,43023
UpdateRouteReq,46212
UpdateRouteReq,45823
Error,89736
Error,162563
Error,80305
Error,65699
Error,55066
Error,33500
UpdateRouteReq,53035
PathSetupReq,37569
Error,96550
Error,165985
Error,165720
Error,167097
Error,80134
Error,40783
FindNodeReq,167498
FindNodeReq,161864
FindNodeReq,152337
FindNodeRsp,114170
FindNodeReq,184343
FindNodeRsp,102122
UpdateRouteReq,73400
FindNodeRsp,117997
FindNodeRsp,114204
FindNodeRsp,114772
FindNodeRsp,116661
FindNodeReq,142401
FindNodeReq,90418
FindNodeReq,73091
FindNodeReq,70143
UpdateRouteReq,40183
Error,37248
Error,31173
Error,86680
Error,81566
Error,77326
Error,101297
Error,85170
Error,46358
Error,162401
Error,161676
Error,161145
Error,76998
Error,69719
Error,167560
UpdateRouteReq,277756
Error,300784
UpdateRouteReq,43753
UpdateRouteReq,47399
UpdateRouteReq,68264
UpdateRouteReq,47059
UpdateRouteReq,46403
Error,92134
Error,87616
Error,85460
Error,145164
Error,80082
Error,39480
FindNodeReq,153873
FindNodeRsp,114012
FindNodeRsp,62065
FindNodeReq,143451
FindNodeReq,92498
UpdateRouteReq,40952
Error,59562
Error,51690
Error,174532
Error,147425
Error,112344
Error,121605
Error,49838
Error,163732
UpdateRouteReq,77419
UpdateRouteReq,46019
UpdateRouteReq,42805
UpdateRouteReq,70314
UpdateRouteReq,46275
PathTeardownReq,39159
PathSetupReq,47031
PathTeardownReq,45756
UpdateRouteReq,77558
Error,89018
PathTeardownReq,84687
FindNodeReq,204736
UpdateRouteReq,51684
UpdateRouteReq,127408
PathSetupReq,119067
UpdateRouteReq,126509
FindNodeReq,215883
PathTeardownReq,59817
Error,206118
UpdateRouteReq,60443
PathSetupReq,190459
PathTeardownReq,37864
UpdateRouteReq,55341
UpdateRouteReq,47373
UpdateRouteReq,41954
UpdateRouteReq,95244
UpdateRouteReq,90197
PathSetupReq,34847
PathTeardownReq,57822
Error,150198
PathSetupReq,75238
PathTeardownReq,63308
FindNodeReq,177337
PathTeardownReq,87452
Error,52597
PathSetupReq,44908
Error,59597
Error,219613
UpdateRouteReq,304766
Error,327349
PathTeardownReq,364888
FindNodeReq,183470
Error,183776
FindNodeReq,129857
FindNodeReq,171842
FindNodeRsp,181067
UpdateRouteReq,78885
UpdateRouteReq,117601
UpdateRouteReq,128437
UpdateRouteReq,40445
FindNodeReq,146938
FindNodeReq,103389
FindNodeReq,148348
FindNodeReq,181122
UpdateRouteReq,39743
UpdateRouteReq,113484
UpdateRouteReq,53439
UpdateRouteReq,40939
UpdateRouteReq,123569
UpdateRouteReq,121637
UpdateRouteReq,139353
PathSetupReq,181072
PathTeardownReq,182585
PathSetupReq,184178
PathTeardownReq,186281
Error,244659
UpdateRouteReq,104212
UpdateRouteReq,86704
PathSetupReq,89918
UpdateRouteReq,60123
PathSetupReq,57506
UpdateRouteReq,56819
UpdateRouteReq,58798
UpdateRouteReq,42832
UpdateRouteReq,62085
UpdateRouteReq,74534
PathTeardownReq,72904
PathSetupReq,75058
PathTeardownReq,31279
FindNodeReq,86379
UpdateRouteReq,62683
UpdateRouteReq,80778
FindNodeReq,80188
UpdateRouteReq,38396
PathTeardownReq,37403
PathSetupReq,31246
PathTeardownReq,33974
FindNodeReq,82224
FindNodeReq,73107
UpdateRouteReq,38651
UpdateRouteReq,37185
UpdateRouteReq,48868
PathSetupReq,87703
UpdateRouteReq,79270
UpdateRouteReq,43454
UpdateRouteReq,42091
Error,84595
UpdateRouteReq,43339
FindNodeReq,97350
PathTeardownReq,71182
UpdateRouteReq,77322
UpdateRouteReq,61166
UpdateRouteReq,60131
UpdateRouteReq,61565
FindNodeReq,93569
FindNodeReq,133853
Error,76795
UpdateRouteReq,45528
UpdateRouteReq,42906
PathSetupReq,32037
UpdateRouteReq,43665
Error,84538
Error,81117
Error,58627
Error,50565
Error,31059
UpdateRouteReq,51180
PathSetupReq,34948
Error,104556
Error,85397
Error,100853
Error,105488
Error,78369
Error,38930
FindNodeRsp,113628
FindNodeReq,159384
UpdateRouteReq,72744
FindNodeReq,159629
FindNodeReq,161715
FindNodeRsp,111274
FindNodeRsp,72888
FindNodeReq,138533
FindNodeReq,86377
FindNodeReq,76626
FindNodeReq,71208
UpdateRouteReq,38779
Error,36740
Error,49379
Error,101678
Error,196165
Error,120583
Error,91382
Error,49015
Error,87614
UpdateRouteReq,67532
UpdateRouteReq,107380
UpdateRouteReq,187832
PathTeardownReq,104514
UpdateRouteReq,51550
UpdateRouteReq,39699
PathSetupReq,31997
PathTeardownReq,62066
UpdateRouteReq,54392
PathTeardownReq,38587
Error,134629
FindNodeReq,87078
UpdateRouteReq,112192
UpdateRouteReq,105403
PathSetupReq,106306
UpdateRouteReq,42723
UpdateRouteReq,40699
PathTeardownReq,156733
FindNodeReq,187567
FindNodeReq,233275
Error,160449
UpdateRouteReq,70714
PathSetupReq,67319
PathTeardownReq,34247
UpdateRouteReq,94398
UpdateRouteReq,88085
UpdateRouteReq,79974
PathSetupReq,58725
UpdateRouteReq,42892
FindNodeReq,133892
PathTeardownReq,41841
Error,149012
PathSetupReq,41307
PathTeardownReq,50763
UpdateRouteReq,79976
UpdateRouteReq,49287
UpdateRouteReq,43980
UpdateRouteReq,97902
PathSetupReq,37788
PathTeardownReq,32791
FindNodeReq,149529
FindNodeReq,96462
Error,54626
Error,62351
Error,161824
UpdateRouteReq,272012
Error,293982
Error,162439
PathSetupReq,91838
PathTeardownReq,96800
Error,93872
Error,123222
Error,178632
Error,50192
PathTeardownReq,95133
UpdateRouteReq,92878
UpdateRouteReq,67117
QueryRouteReq,138500
UpdateRouteReq,48839
UpdateRouteReq,71594
UpdateRouteReq,75607
UpdateRouteReq,110407
UpdateRouteReq,173940
UpdateRouteReq,104530
UpdateRouteReq,44935
PathSetupReq,80091
PathTeardownReq,71958
UpdateRouteReq,65784
PathSetupReq,61554
Error,121446
UpdateRouteReq,64143
UpdateRouteReq,64388
PathSetupReq,35771
UpdateRouteReq,41968
QueryRouteReq,77399
UpdateRouteReq,66415
UpdateRouteReq,40823
UpdateRouteReq,61926
UpdateRouteReq,96513
PathTeardownReq,62119
UpdateRouteReq,45519
PathTeardownReq,45934
UpdateRouteReq,137971
UpdateRouteReq,204497
FindNodeReq,165943
FindNodeReq,208737
Error,102690
UpdateRouteReq,69541
PathSetupReq,66261
PathTeardownReq,35503
UpdateRouteReq,77813
UpdateRouteReq,124234
UpdateRouteReq,119381
UpdateRouteReq,74721
PathSetupReq,107240
QueryRouteReq,129635
PathSetupReq,59707
FindNodeRsp,83431
PathTeardownReq,42483
FindNodeReq,157790
UpdateRouteReq,155575
PathSetupReq,144304
UpdateRouteReq,151928
UpdateRouteReq,225815
PathSetupReq,94629
QueryRouteReq,115720
PathTeardownReq,121043
FindNodeReq,83806
FindNodeReq,157892
UpdateRouteReq,89538
PathSetupReq,86494
UpdateRouteReq,93858
PathTeardownReq,49746
UpdateRouteReq,77284
UpdateRouteReq,175754
UpdateRouteReq,37711
PathSetupReq,54783
PathTeardownReq,35863
FindNodeReq,116814
PathSetupReq,165214
UpdateRouteReq,193608
PathTeardownReq,218028
UpdateRouteReq,155561
PathSetupReq,35831
PathTeardownReq,68304
FindNodeReq,114292
QueryRouteReq,148030
UpdateRouteReq,244375
UpdateRouteReq,178384
PathSetupReq,104473
PathTeardownReq,97054
FindNodeRsp,99698
UpdateRouteReq,46805
UpdateRouteReq,56843
PathTeardownReq,55604
PathSetupReq,103742
FindNodeReq,201912
FindNodeReq,246622
UpdateRouteReq,84026
UpdateRouteReq,129933
UpdateRouteReq,124297
PathTeardownReq,37307
UpdateRouteReq,42044
UpdateRouteReq,59813
UpdateRouteReq,62863
PathSetupReq,48495
FindNodeReq,100290
UpdateRouteReq,44474
UpdateRouteReq,84094
UpdateRouteReq,92836
PathSetupReq,89886
UpdateRouteReq,50173
QueryRouteReq,114778
UpdateRouteReq,119933
UpdateRouteReq,153405
UpdateRouteReq,189615
UpdateRouteReq,41923
UpdateRouteReq,43825
UpdateRouteReq,60223
UpdateRouteReq,43370
FindNodeReq,148290
FindNodeRsp,120079
FindNodeReq,158957
FindNodeReq,186223
UpdateRouteReq,52891
FindNodeReq,162220
FindNodeReq,160422
FindNodeRsp,115458
FindNodeReq,151129
FindNodeReq,167833
FindNodeRsp,116112
FindNodeReq,164244
FindNodeRsp,118821
FindNodeReq,163796
FindNodeRsp,114561
FindNodeReq,161954
FindNodeReq,141517
FindNodeReq,88618
FindNodeReq,75059
FindNodeReq,73487
UpdateRouteReq,43423
Error,37156
Error,33035
Error,148181
Error,88058
Error,152308
Error,92626
Error,150931
Error,53538
Error,106430
Error,149788
UpdateRouteReq,77189
PathTeardownReq,37965
Error,162686
PathTeardownReq,93292
Error,120733
UpdateRouteReq,112478
PathSetupReq,39832
Error,60811
Error,163064
UpdateRouteReq,273874
Error,294333
UpdateRouteReq,47062
FindNodeReq,105314
PathTeardownReq,53244
UpdateRouteReq,43468
UpdateRouteReq,52610
UpdateRouteReq,42714
FindNodeReq,104547
FindNodeReq,79840
UpdateRouteReq,90456
UpdateRouteReq,43539
UpdateRouteReq,40404
UpdateRouteReq,38406
UpdateRouteReq,39013
UpdateRouteReq,89542
UpdateRouteReq,86454
UpdateRouteReq,60055
UpdateRouteReq,63278
PathSetupReq,54070
Error,157197
UpdateRouteReq,43383
UpdateRouteReq,41094
UpdateRouteReq,41766
PathTeardownReq,36039
UpdateRouteReq,42759
UpdateRouteReq,44469
UpdateRouteReq,45373
UpdateRouteReq,43681
FindNodeReq,88547
UpdateRouteReq,44759
FindNodeReq,81003
PathSetupReq,37417
PathTeardownReq,34767
UpdateRouteReq,39804
UpdateRouteReq,46113
PathSetupReq,101368
UpdateRouteReq,62495
UpdateRouteReq,46094
UpdateRouteReq,63094
UpdateRouteReq,45059
UpdateRouteReq,41527
UpdateRouteReq,41279
UpdateRouteReq,90025
UpdateRouteReq,38827
PathSetupReq,60918
UpdateRouteReq,44923
UpdateRouteReq,41403
UpdateRouteReq,48539
UpdateRouteReq,44267
UpdateRouteReq,42346
Error,97348
UpdateRouteReq,41131
UpdateRouteReq,88598
UpdateRouteReq,66644
PathTeardownReq,57503
FindNodeReq,93973
UpdateRouteReq,45914
UpdateRouteReq,70593
UpdateRouteReq,46787
UpdateRouteReq,64046
UpdateRouteReq,67810
UpdateRouteReq,41773
Error,185032
UpdateRouteReq,178752
UpdateRouteReq,44492
PathSetupReq,33956
UpdateRouteReq,43572
Error,183997
Error,58698
FindNodeReq,85074
Error,114399
UpdateRouteReq,66916
Error,61865
Error,30768
Error,91030
Error,86851
Error,88805
Error,93890
FindNodeRsp,172836
Error,172213
UpdateRouteReq,50719
Error,34528
FindNodeReq,163256
FindNodeReq,158628
UpdateRouteReq,73104
FindNodeRsp,73877
FindNodeReq,153779
FindNodeReq,160732
FindNodeReq,162033
FindNodeRsp,73486
FindNodeRsp,75280
FindNodeReq,165563
FindNodeReq,161067
FindNodeRsp,111668
FindNodeReq,162965
FindNodeReq,88878
FindNodeReq,74486
FindNodeReq,70670
UpdateRouteReq,38800
Error,37335
Error,33699
Error,96291
Error,94859
Error,90576
Error,148503
Error,96624
Error,49487
Error,86602
UpdateRouteReq,68260
UpdateRouteReq,89282
UpdateRouteReq,45963
PathTeardownReq,61601
UpdateRouteReq,93074
UpdateRouteReq,85898
PathSetupReq,53103
UpdateRouteReq,55627
Error,123046
UpdateRouteReq,95106
UpdateRouteReq,91005
PathTeardownReq,62689
PathTeardownReq,44233
FindNodeReq,157456
Error,150638
UpdateRouteReq,70582
PathSetupReq,66649
PathTeardownReq,44210
UpdateRouteReq,70319
PathSetupReq,35065
UpdateRouteReq,41987
Error,76628
Error,65328
Error,161892
UpdateRouteReq,266674
Error,288941
PathTeardownReq,105572
FindNodeReq,97225
FindNodeReq,75624
UpdateRouteReq,162183
FindNodeReq,133273
UpdateRouteReq,40463
UpdateRouteReq,38859
FindNodeReq,80940
FindNodeReq,76154
FindNodeReq,78920
UpdateRouteReq,46350
UpdateRouteReq,38971
UpdateRouteReq,39487
Error,149731
UpdateRouteReq,51804
UpdateRouteReq,42529
UpdateRouteReq,179460
UpdateRouteReq,84382
PathSetupReq,113630
UpdateRouteReq,101173
UpdateRouteReq,62557
UpdateRouteReq,44716
UpdateRouteReq,59886
UpdateRouteReq,37818
UpdateRouteReq,44303
UpdateRouteReq,130506
PathSetupReq,133153
UpdateRouteReq,152869
UpdateRouteReq,62527
UpdateRouteReq,62432
UpdateRouteReq,60957
UpdateRouteReq,84595
UpdateRouteReq,104950
Error,93518
UpdateRouteReq,60524
UpdateRouteReq,38681
UpdateRouteReq,38110
Error,93067
Error,162618
Error,97285
FindNodeReq,184802
Error,62941
Error,35149
Error,34187
Error,162196
Error,161073
Error,165520
Error,163863
Error,78993
Error,37989
FindNodeReq,160037
FindNodeReq,160588
FindNodeReq,159669
FindNodeReq,156370
FindNodeRsp,89754
FindNodeReq,155553
FindNodeRsp,72023
FindNodeReq,163569
FindNodeRsp,109661
FindNodeReq,150921
FindNodeReq,140440
FindNodeReq,88827
FindNodeReq,71650
FindNodeReq,71866
UpdateRouteReq,38861
Error,37139
Error,32887
Error,88775
Error,149633
Error,99510
Error,166133
Error,215316
Error,57738
Error,160893
UpdateRouteReq,70655
PathTeardownReq,37671
Error,161916
PathTeardownReq,89632
UpdateRouteReq,79707
UpdateRouteReq,82998
UpdateRouteReq,46415
Error,156766
FindNodeReq,103136
UpdateRouteReq,76237
PathSetupReq,35101
PathTeardownReq,43308
UpdateRouteReq,59042
FindNodeReq,155927
Error,63231
UpdateRouteReq,65218
PathSetupReq,61331
Error,56555
Error,207574
UpdateRouteReq,316303
Error,337313
PathTeardownReq,61888
Error,149517
Error,97122
UpdateRouteReq,48341
UpdateRouteReq,39343
PathSetupReq,32004
UpdateRouteReq,42803
UpdateRouteReq,39884
UpdateRouteReq,178174
Error,105798
Error,80714
FindNodeReq,84884
Error,43486
PathTeardownReq,57435
UpdateRouteReq,57783
UpdateRouteReq,39991
PathSetupReq,60118
PathTeardownReq,54032
UpdateRouteReq,90773
PathSetupReq,39035
PathTeardownReq,32972
UpdateRouteReq,39435
UpdateRouteReq,38099
Error,172183
FindNodeReq,216090
UpdateRouteReq,122934
UpdateRouteReq,122797
PathSetupReq,123928
UpdateRouteReq,125323
UpdateRouteReq,94894
UpdateRouteReq,98316
UpdateRouteReq,101114
PathTeardownReq,45394
UpdateRouteReq,44331
FindNodeRsp,112646
PathSetupReq,103537
UpdateRouteReq,42520
UpdateRouteReq,69626
UpdateRouteReq,45257
UpdateRouteReq,42996
PathSetupReq,32540
PathTeardownReq,33519
UpdateRouteReq,76893
UpdateRouteReq,71378
Error,105371
PathSetupReq,38809
PathTeardownReq,33696
PathTeardownReq,56420
FindNodeReq,203861
UpdateRouteReq,72468
QueryRouteReq,91162
UpdateRouteReq,60444
UpdateRouteReq,38319
UpdateRouteReq,125297
QueryRouteReq,89346
FindNodeReq,133959
Error,84230
UpdateRouteReq,38574
UpdateRouteReq,38399
PathSetupReq,36590
PathTeardownReq,50920
UpdateRouteReq,34654
QueryRouteReq,57215
UpdateRouteReq,20066
UpdateRouteReq,19265
FindNodeReq,42362
FindNodeReq,57234
UpdateRouteReq,78359
UpdateRouteReq,85530
UpdateRouteReq,127327
FindNodeReq,418530
FindNodeReq,501761
FindNodeReq,560730
UpdateRouteReq,571854
UpdateRouteReq,626649
UpdateRouteReq,684579
UpdateRouteReq,492896
UpdateRouteReq,567356
UpdateRouteReq,709198
UpdateRouteReq,758776
UpdateRouteReq,810059
UpdateRouteReq,210171
PathSetupReq,256749
UpdateRouteReq,267184
Error,413091
UpdateRouteReq,65185
UpdateRouteReq,107938
FindNodeReq,207384
UpdateRouteReq,104510
UpdateRouteReq,162914
Error,45979
Error,72949
Error,49261
Error,39759
UpdateRouteReq,56745
PathSetupReq,69678
Error,94135
Error,77920
Error,75380
Error,75152
Error,41563
Error,33264
FindNodeRsp,111090
FindNodeReq,164651
FindNodeRsp,122779
FindNodeRsp,72514
FindNodeReq,169105
FindNodeReq,160513
FindNodeReq,106734
FindNodeRsp,87355
FindNodeReq,161149
FindNodeReq,163488
FindNodeRsp,108151
FindNodeReq,161262
FindNodeRsp,110377
FindNodeReq,191031
FindNodeRsp,113654
FindNodeReq,156261
FindNodeReq,153721
FindNodeRsp,107525
FindNodeReq,140502
FindNodeReq,87316
FindNodeReq,75085
FindNodeReq,70684
UpdateRouteReq,39665
Error,59407
Error,116078
Error,34419
Error,129786
Error,91969
Error,144645
Error,148385
Error,77812
Error,112725
UpdateRouteReq,67575
UpdateRouteReq,113503
UpdateRouteReq,73471
PathTeardownReq,44329
UpdateRouteReq,67030
Error,125521
FindNodeReq,145193
UpdateRouteReq,66937
PathSetupReq,87871
UpdateRouteReq,93178
UpdateRouteReq,60351
PathTeardownReq,49025
PathTeardownReq,61828
PathSetupReq,45309
PathTeardownReq,55503
Error,194992
UpdateRouteReq,198956
PathSetupReq,78068
PathTeardownReq,77691
Error,80864
Error,93412
Error,252126
UpdateRouteReq,425315
Error,460796
UpdateRouteReq,135097
PathSetupReq,61411
PathTeardownReq,140890
UpdateRouteReq,247975
FindNodeReq,139409
FindNodeReq,120949
FindNodeReq,120274
FindNodeReq,160235
FindNodeReq,230824
UpdateRouteReq,74003
QueryRouteReq,111683
Error,156223
UpdateRouteReq,109557
UpdateRouteReq,92945
PathSetupReq,78011
UpdateRouteReq,88485
UpdateRouteReq,78656
PathSetupReq,56752
UpdateRouteReq,63117
UpdateRouteReq,70750
UpdateRouteReq,108921
PathTeardownReq,83070
PathTeardownReq,53509
UpdateRouteReq,65088
FindNodeReq,143108
UpdateRouteReq,93634
UpdateRouteReq,89330
UpdateRouteReq,96449
UpdateRouteReq,102989
PathSetupReq,151572
PathTeardownReq,160111
PathSetupReq,57486
UpdateRouteReq,69374
Error,128783
UpdateRouteReq,65917
UpdateRouteReq,61126
UpdateRouteReq,64923
UpdateRouteReq,63035
PathSetupReq,49983
UpdateRouteReq,63542
UpdateRouteReq,61159
UpdateRouteReq,66106
Error,146650
UpdateRouteReq,74450
PathTeardownReq,55204
Error,121601
UpdateRouteReq,67319
UpdateRouteReq,64350
PathSetupReq,53595
Error,61710
Error,41764
UpdateRouteReq,80605
UpdateRouteReq,80846
FindNodeReq,125338
UpdateRouteReq,90796
UpdateRouteReq,65022
UpdateRouteReq,62118
UpdateRouteReq,50979
FindNodeReq,163820
FindNodeReq,153697
FindNodeRsp,104374
UpdateRouteReq,150964
UpdateRouteReq,60306
FindNodeReq,89003
FindNodeReq,158415
UpdateRouteReq,53723
FindNodeReq,208056
FindNodeReq,162429
FindNodeRsp,109906
FindNodeReq,162324
FindNodeReq,162890
FindNodeRsp,109654
FindNodeReq,163585
FindNodeRsp,72972
PathSetupReq,144622
FindNodeReq,161152
FindNodeRsp,107783
FindNodeRsp,114794
FindNodeRsp,112574
FindNodeReq,139637
FindNodeReq,135141
FindNodeReq,78736
FindNodeReq,70936
UpdateRouteReq,39036
Error,51695
Error,153580
Error,141612
Error,164974
Error,101736
Error,109298
Error,50764
Error,133404
UpdateRouteReq,74991
PathTeardownReq,66192
Error,106054
UpdateRouteReq,64168
PathSetupReq,59879
PathTeardownReq,99142
UpdateRouteReq,83512
PathTeardownReq,55383
Error,151375
PathSetupReq,61175
PathTeardownReq,79174
Error,143843
FindNodeReq,129743
QueryRouteReq,124645
PathSetupReq,60811
PathTeardownReq,83211
FindNodeReq,152281
QueryRouteReq,67079
PathTeardownReq,114231
Error,177615
Error,86685
Error,241542
UpdateRouteReq,436870
Error,476228
UpdateRouteReq,87478
PathSetupReq,52801
PathTeardownReq,78141
Error,151332
FindNodeReq,175316
Error,123961
Error,121591
Error,125259
Error,70265
PathSetupReq,57609
PathTeardownReq,60855
FindNodeReq,127253
FindNodeReq,112098
UpdateRouteReq,70885
PathSetupReq,138323
PathTeardownReq,144756
FindNodeReq,98250
Error,111274
UpdateRouteReq,83372
UpdateRouteReq,85970
UpdateRouteReq,68319
PathSetupReq,67717
UpdateRouteReq,49845
UpdateRouteReq,53233
FindNodeReq,108742
UpdateRouteReq,53859
PathTeardownReq,44303
FindNodeReq,97329
UpdateRouteReq,49801
UpdateRouteReq,46279
PathSetupReq,37121
UpdateRouteReq,51583
FindNodeReq,106552
PathTeardownReq,56658
UpdateRouteReq,81622
UpdateRouteReq,48993
PathSetupReq,52741
PathTeardownReq,54301
PathSetupReq,41175
Error,86891
PathSetupReq,47179
PathTeardownReq,35557
UpdateRouteReq,46985
PathTeardownReq,50051
PathSetupReq,48625
UpdateRouteReq,39964
UpdateRouteReq,51480
UpdateRouteReq,53870
UpdateRouteReq,36116
PathSetupReq,26733
UpdateRouteReq,38419
UpdateRouteReq,80712
PathTeardownReq,28962
PathSetupReq,28977
UpdateRouteReq,42919
PathTeardownReq,29830
PathSetupReq,31272
PathTeardownReq,32053
UpdateRouteReq,43904
PathTeardownReq,33879
Error,69003
PathSetupReq,43900
PathTeardownReq,31696
QueryRouteReq,150097
QueryRouteReq,78410
FindNodeRsp,51307
UpdateRouteReq,77862
PathSetupReq,53631
UpdateRouteReq,76946
UpdateRouteReq,71687
UpdateRouteReq,72053
PathSetupReq,39868
FindNodeReq,168885
UpdateRouteReq,211803
UpdateRouteReq,328869
UpdateRouteReq,235667
UpdateRouteReq,521681
UpdateRouteReq,274686
UpdateRouteReq,394619
UpdateRouteReq,139513
UpdateRouteReq,144331
UpdateRouteReq,111332
UpdateRouteReq,101093
UpdateRouteReq,101952
UpdateRouteReq,86678
UpdateRouteReq,86584
UpdateRouteReq,44651
PathSetupReq,59108
PathSetupReq,33071
PathSetupReq,68766
FindNodeReq,165160
PathSetupReq,137933
FindNodeReq,166118
FindNodeReq,187096
FindNodeRsp,110083
FindNodeRsp,128030
FindNodeRsp,88249
FindNodeReq,162770
FindNodeReq,161855
FindNodeRsp,110184
FindNodeReq,141212
FindNodeReq,90946
FindNodeReq,74153
FindNodeReq,70880
UpdateRouteReq,62299
Error,126512
Error,52967
Error,90976
Error,80616
Error,87662
Error,85787
Error,47703
Error,162361
UpdateRouteReq,68275
UpdateRouteReq,70058
PathTeardownReq,41266
UpdateRouteReq,43788
UpdateRouteReq,39907
UpdateRouteReq,89694
PathSetupReq,79792
UpdateRouteReq,42251
Error,123006
UpdateRouteReq,71135
UpdateRouteReq,47364
PathTeardownReq,66180
UpdateRouteReq,73105
PathTeardownReq,63732
UpdateRouteReq,67979
Error,208092
UpdateRouteReq,89405
PathSetupReq,79730
UpdateRouteReq,42828
FindNodeReq,150607
PathTeardownReq,158462
PathTeardownReq,40162
UpdateRouteReq,46825
Error,137005
PathSetupReq,60211
UpdateRouteReq,46919
PathTeardownReq,153411
UpdateRouteReq,75337
UpdateRouteReq,127917
Error,62626
Error,67387
Error,245459
UpdateRouteReq,309157
Error,306644
FindNodeReq,160768
UpdateRouteReq,168902
PathSetupReq,53430
PathTeardownReq,46194
FindNodeReq,95913
Error,115649
FindNodeRsp,66298
FindNodeReq,107354
UpdateRouteReq,63710
UpdateRouteReq,62542
PathTeardownReq,43255
FindNodeReq,204272
QueryRouteReq,76866
UpdateRouteReq,60732
UpdateRouteReq,63024
UpdateRouteReq,62354
Error,348752
UpdateRouteReq,337443
PathSetupReq,412677
PathTeardownReq,423237
UpdateRouteReq,68275
PathSetupReq,64421
UpdateRouteReq,116839
UpdateRouteReq,224265
UpdateRouteReq,48935
FindNodeReq,84209
UpdateRouteReq,100107
UpdateRouteReq,188955
PathSetupReq,121893
UpdateRouteReq,145477
UpdateRouteReq,102172
UpdateRouteReq,145392
UpdateRouteReq,103030
UpdateRouteReq,83182
UpdateRouteReq,98324
UpdateRouteReq,137379
UpdateRouteReq,229777
UpdateRouteReq,286413
UpdateRouteReq,344013
UpdateRouteReq,241017
UpdateRouteReq,56997
UpdateRouteReq,50975
UpdateRouteReq,49194
UpdateRouteReq,113277
Error,250163
UpdateRouteReq,213783
UpdateRouteReq,284298
UpdateRouteReq,160756
FindNodeReq,175908
UpdateRouteReq,112341
PathTeardownReq,158517
PathTeardownReq,103498
FindNodeReq,203315
PathTeardownReq,37632
Error,83799
PathSetupReq,34024
UpdateRouteReq,45143
UpdateRouteReq,126179
UpdateRouteReq,193188
UpdateRouteReq,266829
Error,404071
Error,54207
Error,58882
Error,79935
Error,38830
UpdateRouteReq,48765
PathSetupReq,34888
Error,96276
Error,91777
Error,88104
Error,87754
Error,54847
Error,39639
FindNodeReq,162269
FindNodeReq,169508
FindNodeRsp,82578
UpdateRouteReq,88360
FindNodeReq,160232
FindNodeRsp,112582
PNHello,118658
PNDiscRsp,71139
UpdateRouteReq,203121
FindNodeRsp,44504
FindNodeReq,158864
FindNodeRsp,70595
FindNodeReq,167436
FindNodeReq,140197
FindNodeRsp,69569
FindNodeReq,163346
FindNodeReq,157551
FindNodeReq,150806
FindNodeRsp,108412
FindNodeRsp,106642
FindNodeReq,142045
FindNodeReq,90149
FindNodeReq,72843
FindNodeReq,70131
UpdateRouteReq,39546
Error,94946
Error,114898
Error,133861
Error,135301
Error,131507
Error,128881
Error,74306
Error,112629
Error,106983
Error,100842
Error,100002
Error,55073
Error,88070
Error,255992
UpdateRouteReq,436339
Error,472990
UpdateRouteReq,203309
UpdateRouteReq,268476
UpdateRouteReq,101220
UpdateRouteReq,108803
Error,90243
UpdateRouteReq,42901
Error,104450
Error,103696
Error,100822
Error,54952
Error,35352
FindNodeRsp,106613
FindNodeRsp,72143
FindNodeReq,152629
FindNodeRsp,114322
FindNodeReq,139357
FindNodeReq,87409
FindNodeReq,76237
FindNodeReq,70222
UpdateRouteReq,38863
Error,121309
Error,52865
Error,131630
Error,150100
Error,140612
Error,130068
Error,78363
Error,147991
Error,106463
Error,105802
Error,100834
Error,55742
Error,58002
Error,259169
UpdateRouteReq,420620
Error,466146
UpdateRouteReq,208955
UpdateRouteReq,256369
UpdateRouteReq,65802
UpdateRouteReq,110269
Error,105361
UpdateRouteReq,44465
Error,106087
Error,130392
Error,105374
Error,84778
Error,35678
FindNodeReq,143193
FindNodeRsp,99805
FindNodeReq,192196
FindNodeRsp,101319
FindNodeReq,142268
FindNodeRsp,111551
FindNodeRsp,71149
FindNodeReq,107932
FindNodeReq,63788
FindNodeReq,32609
FindNodeReq,30116
UpdateRouteReq,15832
Error,25360
Error,22297
Error,56075
Error,56859
Error,58392
Error,58150
Error,31206
Error,52876
UpdateRouteReq,33501
UpdateRouteReq,33760
UpdateRouteReq,29248
UpdateRouteReq,25561
PathTeardownReq,27526
Error,65599
UpdateRouteReq,33915
PathSetupReq,22914
UpdateRouteReq,28315
UpdateRouteReq,25781
UpdateRouteReq,26589
UpdateRouteReq,32248
PathTeardownReq,24374
Error,70939
UpdateRouteReq,37736
UpdateRouteReq,27989
UpdateRouteReq,28188
UpdateRouteReq,27498
UpdateRouteReq,25708
PathTeardownReq,26327
PathSetupReq,21287
PathTeardownReq,48585
Error,96373
FindNodeReq,90263
FindNodeReq,85053
UpdateRouteReq,42112
PathSetupReq,32264
UpdateRouteReq,44998
UpdateRouteReq,40391
UpdateRouteReq,44343
Error,52194
Error,46642
Error,146121
UpdateRouteReq,224155
Error,238786
UpdateRouteReq,46150
PathTeardownReq,46015
UpdateRouteReq,40483
UpdateRouteReq,38812
UpdateRouteReq,34034
UpdateRouteReq,29363
UpdateRouteReq,36586
UpdateRouteReq,32324
FindNodeReq,62642
UpdateRouteReq,28452
UpdateRouteReq,47689
FindNodeReq,79641
UpdateRouteReq,32549
UpdateRouteReq,30831
UpdateRouteReq,30078
UpdateRouteReq,32561
PathSetupReq,42119
UpdateRouteReq,29502
PathTeardownReq,23700
PathSetupReq,25500
UpdateRouteReq,21189
Error,47765
FindNodeReq,59429
FindNodeReq,56196
UpdateRouteReq,49374
PathSetupReq,31769
UpdateRouteReq,43537
UpdateRouteReq,43007
Error,76919
UpdateRouteReq,41457
PathTeardownReq,32520
PathSetupReq,28710
PathTeardownReq,45716
UpdateRouteReq,39887
PathSetupReq,30555
UpdateRouteReq,37190
UpdateRouteReq,40292
UpdateRouteReq,39761
UpdateRouteReq,32236
Error,60599
Error,61911
Error,38856
Error,47074
Error,22025
Error,18680
Error,87703
Error,69326
Error,79238
Error,77150
Error,34473
Error,21796
FindNodeReq,152795
FindNodeRsp,98336
FindNodeReq,142512
FindNodeReq,139447
FindNodeReq,160432
FindNodeReq,181592
FindNodeRsp,109589
QueryRouteReq,187157
UpdateRouteReq,147140
QueryRouteRsp,184648
UpdateRouteReq,63923
UpdateRouteReq,171926
UpdateRouteReq,110478
UpdateRouteReq,109066
UpdateRouteReq,46281
QueryRouteRsp,71271
QueryRouteReq,136457
UpdateRouteReq,53963
UpdateRouteReq,70084
PathSetupReq,40839
UpdateRouteReq,49052
PNDiscReq,183958
FindNodeRsp,110010
UpdateRouteReq,126397
UpdateRouteReq,150562
UpdateRouteReq,46791
UpdateRouteReq,74136
UpdateRouteReq,234791
UpdateRouteReq,50379
UpdateRouteReq,68957
UpdateRouteReq,74918
FindNodeRsp,109144
FindNodeReq,168549
FindNodeReq,175020
FindNodeRsp,103215
FindNodeReq,176346
FindNodeRsp,175097
FindNodeReq,163688
FindNodeReq,160688
FindNodeRsp,117289
FindNodeReq,164203
FindNodeReq,177785
FindNodeReq,154341
FindNodeRsp,128531
FindNodeReq,215994
FindNodeRsp,121513
FindNodeRsp,126383
FindNodeReq,169664
FindNodeRsp,111757
FindNodeRsp,162697
FindNodeReq,162376
FindNodeRsp,129443
FindNodeReq,155842
FindNodeReq,173851
FindNodeReq,174788
FindNodeReq,175800
FindNodeReq,209563
FindNodeReq,181520
FindNodeRsp,121037
FindNodeReq,159768
FindNodeReq,133173
FindNodeReq,169096
FindNodeRsp,141542
FindNodeRsp,129018
FindNodeRsp,122403
FindNodeReq,155100
FindNodeReq,158504
FindNodeRsp,130786
FindNodeReq,139064
FindNodeRsp,153096
FindNodeRsp,177944
FindNodeRsp,123321
FindNodeRsp,127107
UpdateRouteReq,79142
UpdateRouteReq,59233
UpdateRouteReq,68122
UpdateRouteReq,62283
PathTeardownReq,47611
FindNodeRsp,177972
FindNodeReq,159666
UpdateRouteReq,72100
UpdateRouteReq,54932
UpdateRouteReq,57005
UpdateRouteReq,58079
UpdateRouteReq,56655
UpdateRouteReq,54750
UpdateRouteReq,59203
PathSetupReq,45071
FindNodeRsp,152237
FindNodeRsp,124637
FindNodeRsp,139673
FindNodeReq,165749
FindNodeReq,165112
FindNodeRsp,123650
FindNodeReq,175700
FindNodeReq,176107
FindNodeReq,174230
FindNodeRsp,176439
FindNodeReq,156896
FindNodeRsp,180210
FindNodeReq,161469
FindNodeReq,131641
FindNodeRsp,139273
FindNodeRsp,123497
FindNodeReq,161328
FindNodeReq,148461
FindNodeRsp,140961
FindNodeReq,155917
FindNodeReq,167913
FindNodeReq,142372
FindNodeRsp,139192
FindNodeReq,159892
FindNodeRsp,131978
FindNodeRsp,188847
FindNodeRsp,130019
FindNodeRsp,134401
FindNodeRsp,108570
FindNodeRsp,122617
PathSetupReq,70740
FindNodeRsp,136537
FindNodeRsp,129047
PathSetupReq,62878
FindNodeRsp,129265
FindNodeReq,176238
FindNodeReq,173926
FindNodeReq,174665
PathSetupReq,104298
FindNodeRsp,127528
PathSetupReq,81318
PathSetupReq,130923
PathSetupReq,72465
PathSetupReq,79011
PathSetupReq,61883
FindNodeReq,161042
FindNodeReq,161098
FindNodeReq,160110
FindNodeRsp,134902
FindNodeRsp,128588
FindNodeRsp,147846
FindNodeReq,147256
FindNodeRsp,122101
FindNodeRsp,130947
FindNodeRsp,128787
PathSetupReq,106439
FindNodeRsp,151928
FindNodeRsp,133555
FindNodeRsp,125612
FindNodeRsp,128281
FindNodeReq,172276
FindNodeReq,158433
FindNodeRsp,134055
FindNodeRsp,142075
FindNodeRsp,114125
FindNodeReq,175535
FindNodeReq,175084
FindNodeReq,175673
FindNodeRsp,124383
FindNodeReq,169557
FindNodeRsp,177538
FindNodeReq,155465
FindNodeReq,159792
FindNodeRsp,135510
FindNodeRsp,140977
FindNodeRsp,122482
FindNodeReq,165292
Error,246440
UpdateRouteReq,412138
Error,142289
UpdateRouteReq,78774
Error,135079
UpdateRouteReq,81743
UpdateRouteReq,127441
Error,249782
Error,198388
UpdateRouteReq,87178
UpdateRouteReq,165607
PathTeardownReq,125210
Error,222300
PathTeardownReq,163321
Error,138382
FindNodeReq,146013
FindNodeReq,135234
FindNodeReq,166964
FindNodeReq,228537
Error,154478
Error,224575
FindNodeReq,144952
UpdateRouteReq,92094
UpdateRouteReq,81638
UpdateRouteReq,80298
FindNodeReq,128623
FindNodeReq,122998
FindNodeReq,111462
Error,80927
Error,82790
Error,138388
UpdateRouteReq,85747
PathSetupReq,86534
Error,169856
Error,127697
UpdateRouteReq,86339
UpdateRouteReq,77854
PathSetupReq,70609
UpdateRouteReq,78435
FindNodeReq,106954
UpdateRouteReq,116113
FindNodeReq,180022
UpdateRouteReq,75994
UpdateRouteReq,86818
UpdateRouteReq,84629
UpdateRouteReq,158550
PathTeardownReq,57903
FindNodeReq,131097
FindNodeReq,109337
PathTeardownReq,77378
FindNodeReq,104601
FindNodeReq,126013
UpdateRouteReq,71939
UpdateRouteReq,68930
PathSetupReq,57994
UpdateRouteReq,67318
UpdateRouteReq,68805
UpdateRouteReq,65255
PathTeardownReq,61147
PathSetupReq,67942
PathTeardownReq,63790
FindNodeReq,128465
FindNodeReq,132683
FindNodeReq,151389
Error,211868
UpdateRouteReq,104866
UpdateRouteReq,141971
UpdateRouteReq,94814
PathSetupReq,115754
UpdateRouteReq,74657
FindNodeReq,134602
UpdateRouteReq,77758
PathSetupReq,84945
Error,162522
Error,126443
FindNodeReq,122129
PathTeardownReq,61076
FindNodeReq,118029
FindNodeReq,134283
PathTeardownReq,62152
FindNodeReq,124263
UpdateRouteReq,77836
FindNodeReq,143310
UpdateRouteReq,165957
PathSetupReq,166267
UpdateRouteReq,168490
PathTeardownReq,76397
FindNodeReq,121951
UpdateRouteReq,88834
UpdateRouteReq,111507
PathSetupReq,149453
PathTeardownReq,158578
Error,145213
UpdateRouteReq,75914
UpdateRouteReq,80455
UpdateRouteReq,69303
PathSetupReq,56708
UpdateRouteReq,65635
FindNodeReq,155513
Error,150632
Error,134798
UpdateRouteReq,80447
PathSetupReq,54077
PathTeardownReq,65435
PathTeardownReq,72766
FindNodeReq,148212
FindNodeReq,136206
FindNodeReq,112884
FindNodeReq,101579
FindNodeReq,117154
FindNodeReq,109289
PathSetupReq,73547
PathTeardownReq,63368
Error,151462
UpdateRouteReq,82092
UpdateRouteReq,84285
UpdateRouteReq,113427
UpdateRouteReq,112011
PathSetupReq,55471
UpdateRouteReq,82833
PathTeardownReq,59411
UpdateRouteReq,80842
UpdateRouteReq,69208
PathSetupReq,60426
UpdateRouteReq,70714
UpdateRouteReq,79034
UpdateRouteReq,93121
PathTeardownReq,99853
PathSetupReq,94456
PathTeardownReq,78497
Error,147371
Error,138901
UpdateRouteReq,79344
PathSetupReq,56835
PathTeardownReq,74233
PathSetupReq,59237
PathTeardownReq,115056
Error,86303
PathSetupReq,66585
PathTeardownReq,68159
UpdateRouteReq,80359
UpdateRouteReq,63458
UpdateRouteReq,74695
UpdateRouteReq,69324
FindNodeReq,114422
FindNodeReq,108194
UpdateRouteReq,63812
UpdateRouteReq,64216
UpdateRouteReq,60645
UpdateRouteReq,77906
PathSetupReq,75199
Error,71624
Error,88844
UpdateRouteReq,152270
PathSetupReq,155518
UpdateRouteReq,174198
QueryRouteReq,82314
PathTeardownReq,46523
UpdateRouteReq,64524
UpdateRouteReq,55619
UpdateRouteReq,53444
UpdateRouteReq,53244
PathSetupReq,34875
PathTeardownReq,46820
PathTeardownReq,43777
UpdateRouteReq,51444
UpdateRouteReq,47792
UpdateRouteReq,41884
UpdateRouteReq,51072
FindNodeReq,88603
PathSetupReq,69710
FindNodeReq,98462
PathTeardownReq,52255
FindNodeReq,86938
UpdateRouteReq,49084
QueryRouteReq,93326
UpdateRouteReq,51481
FindNodeReq,82030
UpdateRouteReq,59613
UpdateRouteReq,61418
UpdateRouteReq,52419
UpdateRouteReq,78163
UpdateRouteReq,68675
PathSetupReq,67843
UpdateRouteReq,68446
UpdateRouteReq,78189
UpdateRouteReq,71813
UpdateRouteReq,109701
PathTeardownReq,52943
PathSetupReq,51351
PathTeardownReq,54585
UpdateRouteReq,39614
PathSetupReq,30239
UpdateRouteReq,51332
PathSetupReq,51327
UpdateRouteReq,43261
PathTeardownReq,82084
FindNodeReq,105540
FindNodeReq,85669
FindNodeReq,121327
FindNodeReq,71979
UpdateRouteReq,39729
UpdateRouteReq,47330
UpdateRouteReq,44568
UpdateRouteReq,38300
UpdateRouteReq,38462
UpdateRouteReq,46250
UpdateRouteReq,44057
PathSetupReq,29219
UpdateRouteReq,41030
UpdateRouteReq,40263
UpdateRouteReq,48885
PathTeardownReq,49001
PathTeardownReq,39856
PathSetupReq,33937
PathTeardownReq,34422
UpdateRouteReq,42790
QueryRouteReq,95294
PathSetupReq,48504
PathTeardownReq,43519
UpdateRouteReq,55888
FindNodeReq,99812
FindNodeReq,110979
FindNodeReq,94843
UpdateRouteReq,57671
UpdateRouteReq,56619
UpdateRouteReq,53923
UpdateRouteReq,50693
PathSetupReq,40729
UpdateRouteReq,44827
UpdateRouteReq,48886
UpdateRouteReq,60057
PathSetupReq,36807
PathTeardownReq,45217
UpdateRouteReq,69512
UpdateRouteReq,51816
UpdateRouteReq,47830
UpdateRouteReq,55392
UpdateRouteReq,47869
PathSetupReq,37569
UpdateRouteReq,43697
UpdateRouteReq,44087
UpdateRouteReq,46774
UpdateRouteReq,57232
PathTeardownReq,56179
PathSetupReq,38218
PathTeardownReq,33412
PathTeardownReq,47008
FindNodeRsp,115656
QueryRouteReq,94665
QueryRouteReq,105090
UpdateRouteReq,86835
PathSetupReq,41377
UpdateRouteReq,75287
PathSetupReq,41059
UpdateRouteReq,92827
UpdateRouteReq,77842
UpdateRouteReq,92337
UpdateRouteReq,101642
QueryRouteRsp,152709
QueryRouteRsp,256989
UpdateRouteReq,176987
UpdateRouteReq,183908
UpdateRouteReq,232316
UpdateRouteReq,183936
UpdateRouteReq,187089
UpdateRouteReq,72759
UpdateRouteReq,84419
PathTeardownReq,122188
UpdateRouteReq,138846
UpdateRouteReq,168880
UpdateRouteReq,100521
UpdateRouteReq,114665
PathSetupReq,88653
UpdateRouteReq,102330
UpdateRouteReq,76679
UpdateRouteReq,183528
UpdateRouteReq,307008
UpdateRouteReq,192860
UpdateRouteReq,222658
UpdateRouteReq,70700
PathTeardownReq,133267
FindNodeReq,136837
UpdateRouteReq,232613
FindNodeRsp,167700
UpdateRouteReq,109486
UpdateRouteReq,69470
UpdateRouteReq,138783
UpdateRouteReq,104091
UpdateRouteReq,71044
UpdateRouteReq,242571
UpdateRouteReq,81198
PathTeardownReq,62813
PathSetupReq,42399
PathTeardownReq,49899
UpdateRouteReq,259408
UpdateRouteReq,382518
UpdateRouteReq,367033
PathTeardownReq,501817
UpdateRouteReq,73788
UpdateRouteReq,194148
FindNodeReq,595615
UpdateRouteReq,897322
UpdateRouteReq,1007747
PathSetupReq,1020684
UpdateRouteReq,194415
UpdateRouteReq,108544
UpdateRouteReq,126192
PathSetupReq,98764
UpdateRouteReq,171788
UpdateRouteReq,198352
PathTeardownReq,205236
PathTeardownReq,147116
UpdateRouteReq,242394
UpdateRouteReq,127753
PathSetupReq,60180
FindNodeReq,186907
UpdateRouteReq,120020
UpdateRouteReq,78951
UpdateRouteReq,128126
PathSetupReq,49981
UpdateRouteReq,43961
UpdateRouteReq,452810
UpdateRouteReq,596065
UpdateRouteReq,79675
UpdateRouteReq,495849
UpdateRouteReq,818717
UpdateRouteReq,960475
UpdateRouteReq,1077605
UpdateRouteReq,574040
UpdateRouteReq,602133
UpdateRouteReq,609947
UpdateRouteReq,528473
UpdateRouteReq,1387336
UpdateRouteReq,1637136
UpdateRouteReq,1882410
UpdateRouteReq,1638668
UpdateRouteReq,1825815
UpdateRouteReq,2086623
UpdateRouteReq,2348670
UpdateRouteReq,220872
UpdateRouteReq,110061
UpdateRouteReq,151007
PathTeardownReq,67061
PathSetupReq,90437
PathTeardownReq,46157
UpdateRouteReq,42937
PathTeardownReq,33503
PathTeardownReq,34343
UpdateRouteReq,86507
FindNodeReq,179614
QueryRouteReq,134317
QueryRouteReq,100398
QueryRouteReq,121583
PathSetupReq,77917
QueryRouteReq,216567
UpdateRouteReq,149402
FindNodeRsp,162305
UpdateRouteReq,175463
UpdateRouteReq,210044
PathSetupReq,220897
UpdateRouteReq,176567
UpdateRouteReq,191090
UpdateRouteReq,264103
UpdateRouteReq,162996
PathSetupReq,186099
UpdateRouteReq,44727
UpdateRouteReq,82887
UpdateRouteReq,171549
UpdateRouteReq,192036
UpdateRouteReq,209503
UpdateRouteReq,166063
UpdateRouteReq,180515
UpdateRouteReq,255614
UpdateRouteReq,376333
UpdateRouteReq,230587
UpdateRouteReq,396883
UpdateRouteReq,269187
UpdateRouteReq,126457
UpdateRouteReq,74190
UpdateRouteReq,117772
UpdateRouteReq,449228
UpdateRouteReq,77143
UpdateRouteReq,113322
UpdateRouteReq,206466
UpdateRouteReq,607579
UpdateRouteReq,662502
UpdateRouteReq,678159
UpdateRouteReq,596946
UpdateRouteReq,351650
UpdateRouteReq,81652
UpdateRouteReq,154735
UpdateRouteReq,54734
UpdateRouteReq,162285
UpdateRouteReq,180528
UpdateRouteReq,107221
UpdateRouteReq,60594
PathTeardownReq,38924
UpdateRouteReq,66623
UpdateRouteReq,315511
FindNodeReq,153402
UpdateRouteReq,103508
QueryRouteReq,121199
UpdateRouteReq,48213
UpdateRouteReq,64347
UpdateRouteReq,85636
PathTeardownReq,65299
QueryRouteReq,114080
UpdateRouteReq,47683
UpdateRouteReq,45879
UpdateRouteReq,62455
UpdateRouteReq,105786
UpdateRouteReq,60448
UpdateRouteReq,161361
UpdateRouteReq,41608
UpdateRouteReq,91063
PathSetupReq,62809
PathTeardownReq,58413
PathSetupReq,56859
PathTeardownReq,36672
UpdateRouteReq,208697
UpdateRouteReq,202845
FindNodeReq,583780
UpdateRouteReq,157488
Error,147173
UpdateRouteReq,49887
UpdateRouteReq,45711
UpdateRouteReq,47999
UpdateRouteReq,44333
Error,116814
PathSetupReq,48930
PathTeardownReq,51503
FindNodeReq,89198
FindNodeReq,83114
FindNodeReq,93738
FindNodeReq,79481
FindNodeReq,93785
UpdateRouteReq,45527
UpdateRouteReq,39765
UpdateRouteReq,42428
UpdateRouteReq,39710
UpdateRouteReq,91507
UpdateRouteReq,44599
PathSetupReq,35667
UpdateRouteReq,42800
UpdateRouteReq,90426
UpdateRouteReq,70235
FindNodeRsp,117141
UpdateRouteReq,164478
UpdateRouteReq,48326
Error,167200
UpdateRouteReq,180318
UpdateRouteReq,225440
UpdateRouteReq,256500
UpdateRouteReq,263168
UpdateRouteReq,266813
FindNodeRsp,445035
Error,270848
Error,321768
UpdateRouteReq,44349
UpdateRouteReq,48379
UpdateRouteReq,46497
PathTeardownReq,53919
PathSetupReq,54714
UpdateRouteReq,88086
UpdateRouteReq,123143
UpdateRouteReq,86188
UpdateRouteReq,163832
UpdateRouteReq,279494
UpdateRouteReq,327516
UpdateRouteReq,201196
UpdateRouteReq,352532
UpdateRouteReq,344491
UpdateRouteReq,444252
UpdateRouteReq,377664
PathSetupReq,524629
UpdateRouteReq,533552
UpdateRouteReq,149553
UpdateRouteReq,133785
Error,249417
UpdateRouteReq,258495
UpdateRouteReq,265082
UpdateRouteReq,298694
FindNodeReq,191356
UpdateRouteReq,231178
UpdateRouteReq,49569
UpdateRouteReq,59899
PathTeardownReq,60156
PathSetupReq,47028
PathTeardownReq,48204
UpdateRouteReq,45549
UpdateRouteReq,161916
UpdateRouteReq,284289
UpdateRouteReq,436221
UpdateRouteReq,368780
UpdateRouteReq,505596
UpdateRouteReq,643015
UpdateRouteReq,153228
UpdateRouteReq,201908
UpdateRouteReq,232831
UpdateRouteReq,384248
UpdateRouteReq,446489
PathTeardownReq,644626
UpdateRouteReq,680569
UpdateRouteReq,255416
PathSetupReq,103500
UpdateRouteReq,108507
UpdateRouteReq,63389
UpdateRouteReq,152769
UpdateRouteReq,117452
UpdateRouteReq,147875
UpdateRouteReq,274076
UpdateRouteReq,325117
UpdateRouteReq,46955
UpdateRouteReq,65119
UpdateRouteReq,49291
UpdateRouteReq,64621
PathSetupReq,65495
UpdateRouteReq,138772
FindNodeRsp,84976
FindNodeRsp,111641
UpdateRouteReq,118154
UpdateRouteReq,179447
UpdateRouteReq,176912
UpdateRouteReq,355498
FindNodeRsp,129019
UpdateRouteReq,116610
UpdateRouteReq,418105
UpdateRouteReq,251087
UpdateRouteReq,134235
UpdateRouteReq,249292
UpdateRouteReq,212891
UpdateRouteReq,163725
UpdateRouteReq,89093
UpdateRouteReq,98043
UpdateRouteReq,58729
UpdateRouteReq,501545
UpdateRouteReq,614427
UpdateRouteReq,730497
UpdateRouteReq,172541
UpdateRouteReq,164940
UpdateRouteReq,206011
UpdateRouteReq,84198
UpdateRouteReq,93671
UpdateRouteReq,118675
UpdateRouteReq,150065
UpdateRouteReq,253003
UpdateRouteReq,45545
UpdateRouteReq,153179
UpdateRouteReq,268488
UpdateRouteReq,229702
UpdateRouteReq,62947
UpdateRouteReq,242835
UpdateRouteReq,181085
PathTeardownReq,130595
UpdateRouteReq,139605
UpdateRouteReq,140117
UpdateRouteReq,80323
UpdateRouteReq,190469
UpdateRouteReq,217002
UpdateRouteReq,322253
UpdateRouteReq,443543
UpdateRouteReq,232919
FindNodeReq,308624
FindNodeReq,93738
UpdateRouteReq,111389
UpdateRouteReq,121471
UpdateRouteReq,190070
UpdateRouteReq,310026
UpdateRouteReq,327536
UpdateRouteReq,233744
UpdateRouteReq,342444
PathSetupReq,442370
PathTeardownReq,33411
UpdateRouteReq,57005
PathSetupReq,135855
PathTeardownReq,236346
FindNodeReq,379175
UpdateRouteReq,436629
UpdateRouteReq,174472
UpdateRouteReq,318311
UpdateRouteReq,406717
UpdateRouteReq,538062
PathSetupReq,644614
UpdateRouteReq,653013
UpdateRouteReq,50246
UpdateRouteReq,101368
UpdateRouteReq,287801
UpdateRouteReq,86632
UpdateRouteReq,181835
UpdateRouteReq,284549
UpdateRouteReq,228335
UpdateRouteReq,109770
UpdateRouteReq,185744
PathTeardownReq,70229
PathTeardownReq,90136
UpdateRouteReq,159530
UpdateRouteReq,446364
QueryRouteReq,157731
UpdateRouteReq,460772
UpdateRouteReq,558114
QueryRouteReq,782528
UpdateRouteReq,794270
PathSetupReq,600252
FindNodeRsp,616149
UpdateRouteReq,765655
PathSetupReq,771946
UpdateRouteReq,781566
UpdateRouteReq,1008227
UpdateRouteReq,536221
UpdateRouteReq,1175199
UpdateRouteReq,562087
UpdateRouteReq,868003
UpdateRouteReq,916136
UpdateRouteReq,975179
UpdateRouteReq,989743
UpdateRouteReq,665546
UpdateRouteReq,720772
UpdateRouteReq,851749
UpdateRouteReq,992994
PathTeardownReq,1004747
UpdateRouteReq,1028454
PathSetupReq,647547
PathTeardownReq,658654
PathTeardownReq,674227
FindNodeReq,886468
UpdateRouteReq,2159398
UpdateRouteReq,2175855
UpdateRouteReq,2198068
UpdateRouteReq,2212466
PathSetupReq,2222300
UpdateRouteReq,2234833
FindNodeReq,731712
UpdateRouteReq,769724
PathSetupReq,778850
UpdateRouteReq,827942
UpdateRouteReq,879456
UpdateRouteReq,926066
UpdateRouteReq,1104513
UpdateRouteReq,923375
UpdateRouteReq,1142852
UpdateRouteReq,1291031
UpdateRouteReq,1328411
UpdateRouteReq,1374530
FindNodeReq,1512367
UpdateRouteReq,1604879
FindNodeReq,1121830
UpdateRouteReq,1168598
UpdateRouteReq,1316532
UpdateRouteReq,1494234
UpdateRouteReq,1613858
UpdateRouteReq,1766031
UpdateRouteReq,1920625
UpdateRouteReq,2089227
PathTeardownReq,1062622
FindNodeReq,1125877
UpdateRouteReq,1143763
UpdateRouteReq,1216484
UpdateRouteReq,1257151
UpdateRouteReq,1297757
PathSetupReq,1323677
UpdateRouteReq,1322451
UpdateRouteReq,1361410
UpdateRouteReq,778939
UpdateRouteReq,970535
UpdateRouteReq,1120183
PathTeardownReq,1293713
UpdateRouteReq,1413416
PathSetupReq,1490862
UpdateRouteReq,1496589
UpdateRouteReq,1554340
UpdateRouteReq,736310
UpdateRouteReq,864624
UpdateRouteReq,941197
UpdateRouteReq,1093358
UpdateRouteReq,1195451
UpdateRouteReq,42513
UpdateRouteReq,277723
UpdateRouteReq,334624
UpdateRouteReq,368148
UpdateRouteReq,111410
UpdateRouteReq,167196
UpdateRouteReq,363886
UpdateRouteReq,468296
UpdateRouteReq,465490
UpdateRouteReq,580856
UpdateRouteReq,116292
UpdateRouteReq,90820
FindNodeReq,179376
PathTeardownReq,187567
FindNodeReq,104738
UpdateRouteReq,121772
UpdateRouteReq,88410
UpdateRouteReq,147561
UpdateRouteReq,269394
UpdateRouteReq,44605
UpdateRouteReq,110434
UpdateRouteReq,120642
UpdateRouteReq,63644
UpdateRouteReq,193909
UpdateRouteReq,61923
FindNodeReq,132833
FindNodeReq,150869
UpdateRouteReq,155502
UpdateRouteReq,128401
UpdateRouteReq,134272
UpdateRouteReq,155879
UpdateRouteReq,354976
UpdateRouteReq,454222
UpdateRouteReq,278281
FindNodeReq,119653
UpdateRouteReq,76391
PathSetupReq,38915
UpdateRouteReq,47485
UpdateRouteReq,46144
UpdateRouteReq,151336
UpdateRouteReq,87743
UpdateRouteReq,43927
UpdateRouteReq,94002
UpdateRouteReq,51725
PathTeardownReq,51455
PathTeardownReq,43387
UpdateRouteReq,452794
UpdateRouteReq,544359
QueryRouteReq,620379
UpdateRouteReq,687699
QueryRouteReq,86532
UpdateRouteReq,92220
UpdateRouteReq,54186
PathSetupReq,36170
UpdateRouteReq,49082
UpdateRouteReq,52171
PathSetupReq,58546
UpdateRouteReq,64678
UpdateRouteReq,47703
UpdateRouteReq,45792
Error,95290
FindNodeRsp,151985
UpdateRouteReq,137389
UpdateRouteReq,45067
UpdateRouteReq,46731
UpdateRouteReq,132457
UpdateRouteReq,253915
Error,245220
UpdateRouteReq,301650
FindNodeRsp,179429
UpdateRouteReq,74000
UpdateRouteReq,191292
UpdateRouteReq,202728
UpdateRouteReq,319129
UpdateRouteReq,331740
UpdateRouteReq,174409
UpdateRouteReq,392684
UpdateRouteReq,141723
UpdateRouteReq,59163
UpdateRouteReq,107387
PathTeardownReq,65285
PathTeardownReq,131561
UpdateRouteReq,46323
UpdateRouteReq,47907
PathTeardownReq,53123
UpdateRouteReq,159608
UpdateRouteReq,321255
UpdateRouteReq,691211
UpdateRouteReq,520210
UpdateRouteReq,777150
QueryRouteReq,875139
UpdateRouteReq,926952
UpdateRouteReq,135791
UpdateRouteReq,163648
UpdateRouteReq,56164
UpdateRouteReq,268088
UpdateRouteReq,337511
UpdateRouteReq,589458
UpdateRouteReq,206237
UpdateRouteReq,148264
UpdateRouteReq,202952
UpdateRouteReq,239107
FindNodeRsp,223893
UpdateRouteReq,147209
UpdateRouteReq,239077
QueryRouteReq,229327
UpdateRouteReq,158617
UpdateRouteReq,72851
UpdateRouteReq,110533
UpdateRouteReq,111489
UpdateRouteReq,59161
UpdateRouteReq,183864
UpdateRouteReq,351124
UpdateRouteReq,256886
UpdateRouteReq,252011
PathSetupReq,77546
UpdateRouteReq,232019
UpdateRouteReq,61055
UpdateRouteReq,131303
UpdateRouteReq,333086
UpdateRouteReq,154360
UpdateRouteReq,275274
UpdateRouteReq,356132
UpdateRouteReq,549212
UpdateRouteReq,189740
PathTeardownReq,45421
FindNodeReq,97784
FindNodeReq,126665
UpdateRouteReq,182996
UpdateRouteReq,79597
UpdateRouteReq,258139
UpdateRouteReq,329293
UpdateRouteReq,223171
UpdateRouteReq,158452
UpdateRouteReq,63026
UpdateRouteReq,56406
UpdateRouteReq,100404
UpdateRouteReq,80093
PathSetupReq,84806
PathTeardownReq,107127
FindNodeReq,136822
UpdateRouteReq,45729
PathTeardownReq,89384
UpdateRouteReq,109378
QueryRouteReq,170376
UpdateRouteReq,192822
QueryRouteReq,507758
UpdateRouteReq,714047
UpdateRouteReq,769579
UpdateRouteReq,961267
UpdateRouteReq,1086377
FindNodeReq,457272
FindNodeReq,540490
FindNodeReq,833745
UpdateRouteReq,328051
UpdateRouteReq,427655
UpdateRouteReq,554178
UpdateRouteReq,790687
UpdateRouteReq,982693
UpdateRouteReq,1145110
UpdateRouteReq,885041
UpdateRouteReq,1009893
UpdateRouteReq,1080031
QueryRouteReq,694392
UpdateRouteReq,703031
UpdateRouteReq,746700
UpdateRouteReq,826831
FindNodeReq,183296
FindNodeReq,221136
UpdateRouteReq,54103
UpdateRouteReq,239490
UpdateRouteReq,136287
UpdateRouteReq,253335
UpdateRouteReq,245034
UpdateRouteReq,280098
UpdateRouteReq,115986
FindNodeReq,90902
UpdateRouteReq,179852
UpdateRouteReq,266170
UpdateRouteReq,60470
UpdateRouteReq,100030
UpdateRouteReq,226037
UpdateRouteReq,424197
UpdateRouteReq,559500
UpdateRouteReq,688156
UpdateRouteReq,251190
UpdateRouteReq,230724
UpdateRouteReq,44095
UpdateRouteReq,155583
UpdateRouteReq,286552
UpdateRouteReq,312204
UpdateRouteReq,286710
UpdateRouteReq,396860
UpdateRouteReq,102041
FindNodeReq,142224
UpdateRouteReq,177180
FindNodeReq,81245
FindNodeReq,72949
UpdateRouteReq,38153
UpdateRouteReq,133211
UpdateRouteReq,248040
UpdateRouteReq,305308
UpdateRouteReq,282487
UpdateRouteReq,209820
UpdateRouteReq,42514
UpdateRouteReq,220178
UpdateRouteReq,277969
FindNodeReq,170456
FindNodeReq,250070
FindNodeReq,322472
FindNodeReq,152333
UpdateRouteReq,128121
UpdateRouteReq,175626
UpdateRouteReq,271027
UpdateRouteReq,121182
UpdateRouteReq,85136
UpdateRouteReq,192112
UpdateRouteReq,356012
UpdateRouteReq,363429
UpdateRouteReq,582977
UpdateRouteReq,700250
FindNodeReq,259431
UpdateRouteReq,84538
UpdateRouteReq,55877
UpdateRouteReq,173810
UpdateRouteReq,249815
UpdateRouteReq,242659
UpdateRouteReq,370254
UpdateRouteReq,82867
UpdateRouteReq,141463
UpdateRouteReq,181925
UpdateRouteReq,298041
UpdateRouteReq,177650
UpdateRouteReq,114331
FindNodeReq,162656
UpdateRouteReq,44012
QueryRouteReq,65667
UpdateRouteReq,111224
FindNodeReq,155050
UpdateRouteReq,212864
UpdateRouteReq,207931
UpdateRouteReq,227588
UpdateRouteReq,91294
UpdateRouteReq,187776
UpdateRouteReq,281827
UpdateRouteReq,211214
FindNodeReq,307777
UpdateRouteReq,446101
FindNodeReq,105984
UpdateRouteReq,37985
UpdateRouteReq,289395
UpdateRouteReq,446021
UpdateRouteReq,214880
UpdateRouteReq,275507
UpdateRouteReq,437345
FindNodeReq,476277
FindNodeReq,522295
UpdateRouteReq,222713
UpdateRouteReq,82723
UpdateRouteReq,182469
UpdateRouteReq,291581
UpdateRouteReq,420444
UpdateRouteReq,233542
UpdateRouteReq,302333
FindNodeReq,350498
UpdateRouteReq,154648
UpdateRouteReq,43319
UpdateRouteReq,42470
PathSetupReq,47769
FindNodeReq,89771
PathTeardownReq,73977
FindNodeReq,154693
FindNodeReq,81571
UpdateRouteReq,154705
UpdateRouteReq,365554
UpdateRouteReq,543989
UpdateRouteReq,170356
UpdateRouteReq,265980
UpdateRouteReq,363806
FindNodeReq,273514
UpdateRouteReq,413041
PathTeardownReq,230229
UpdateRouteReq,241250
QueryRouteReq,280229
UpdateRouteReq,129397
UpdateRouteReq,179744
UpdateRouteReq,207389
FindNodeReq,78019
UpdateRouteReq,38294
UpdateRouteReq,150150
UpdateRouteReq,208356
UpdateRouteReq,300527
FindNodeReq,350227
UpdateRouteReq,359226
FindNodeReq,454144
UpdateRouteReq,234113
UpdateRouteReq,153324
PathSetupReq,214196
UpdateRouteReq,222835
UpdateRouteReq,165631
UpdateRouteReq,285706
UpdateRouteReq,335155
UpdateRouteReq,424271
UpdateRouteReq,524032
UpdateRouteReq,375141
UpdateRouteReq,502519
UpdateRouteReq,219926
UpdateRouteReq,304396
UpdateRouteReq,379134
UpdateRouteReq,843977
UpdateRouteReq,965591
UpdateRouteReq,1097263
UpdateRouteReq,1309115
UpdateRouteReq,1526961
PathTeardownReq,1589478
FindNodeReq,1783957
PathTeardownReq,349921
UpdateRouteReq,506686
UpdateRouteReq,91107
UpdateRouteReq,181178
UpdateRouteReq,294156
UpdateRouteReq,328339
UpdateRouteReq,445428
UpdateRouteReq,254787
UpdateRouteReq,339350
UpdateRouteReq,210989
QueryRouteReq,240715
UpdateRouteReq,103544
FindNodeReq,140973
UpdateRouteReq,136866
UpdateRouteReq,180062
UpdateRouteReq,293405
UpdateRouteReq,202339
UpdateRouteReq,311959
UpdateRouteReq,172142
FindNodeReq,214328
UpdateRouteReq,221768
UpdateRouteReq,275992
UpdateRouteReq,77770
UpdateRouteReq,309263
QueryRouteReq,342696
UpdateRouteReq,101154
QueryRouteReq,80283
UpdateRouteReq,95150
UpdateRouteReq,137168
UpdateRouteReq,316571
UpdateRouteReq,275365
QueryRouteReq,400075
UpdateRouteReq,487389
UpdateRouteReq,48608
PathSetupReq,104399
UpdateRouteReq,96749
PathSetupReq,82022
PathSetupReq,76698
UpdateRouteReq,136886
UpdateRouteReq,63500
UpdateRouteReq,43827
UpdateRouteReq,82043
UpdateRouteReq,78370
UpdateRouteReq,109983
UpdateRouteReq,158724
UpdateRouteReq,256674
UpdateRouteReq,139805
UpdateRouteReq,85013
UpdateRouteReq,92109
UpdateRouteReq,157257
UpdateRouteReq,234602
UpdateRouteReq,157650
UpdateRouteReq,191307
UpdateRouteReq,300646
UpdateRouteReq,238031
FindNodeReq,165029
UpdateRouteReq,94285
FindNodeReq,160771
UpdateRouteReq,154345
UpdateRouteReq,73352
UpdateRouteReq,73618
UpdateRouteReq,356863
UpdateRouteReq,462644
UpdateRouteReq,251966
UpdateRouteReq,327155
UpdateRouteReq,389139
UpdateRouteReq,450025
UpdateRouteReq,593541
UpdateRouteReq,706112
UpdateRouteReq,881881
UpdateRouteReq,268108
UpdateRouteReq,54831
UpdateRouteReq,72403
PathTeardownReq,63786
UpdateRouteReq,48224
PathTeardownReq,96620
UpdateRouteReq,260666
PathTeardownReq,159573
UpdateRouteReq,114326
FindNodeReq,127854
QueryRouteReq,126521
FindNodeRsp,103986
QueryRouteReq,89200
UpdateRouteReq,102823
UpdateRouteReq,76965
UpdateRouteReq,71762
UpdateRouteReq,50793
UpdateRouteReq,46985
UpdateRouteReq,49027
UpdateRouteReq,89251
QueryRouteReq,83185
UpdateRouteReq,46478
QueryRouteReq,91886
UpdateRouteReq,45917
UpdateRouteReq,51490
UpdateRouteReq,44139
UpdateRouteReq,66098
UpdateRouteReq,45269
PathSetupReq,42060
UpdateRouteReq,48028
UpdateRouteReq,44487
UpdateRouteReq,85616
UpdateRouteReq,58974
UpdateRouteReq,149977
UpdateRouteReq,286819
UpdateRouteReq,173198
UpdateRouteReq,56171
UpdateRouteReq,103274
UpdateRouteReq,108469
UpdateRouteReq,59088
UpdateRouteReq,396545
UpdateRouteReq,56424
Error,82294
UpdateRouteReq,68186
Error,114550
FindNodeRsp,96950
FindNodeReq,84600
PathTeardownReq,51018
UpdateRouteReq,50162
Error,85307
UpdateRouteReq,124250
UpdateRouteReq,172330
FindNodeReq,236325
UpdateRouteReq,301978
UpdateRouteReq,391241
PathSetupReq,442007
UpdateRouteReq,449539
FindNodeReq,549720
UpdateRouteReq,215283
Error,303467
Error,113086
Error,64810
UpdateRouteReq,250845
UpdateRouteReq,295801
PathSetupReq,299208
UpdateRouteReq,331558
UpdateRouteReq,364093
UpdateRouteReq,229994
UpdateRouteReq,362816
UpdateRouteReq,391808
UpdateRouteReq,194808
UpdateRouteReq,259794
PathTeardownReq,305533
UpdateRouteReq,449778
PathSetupReq,452698
PathTeardownReq,479082
UpdateRouteReq,537100
UpdateRouteReq,334930
UpdateRouteReq,516103
FindNodeReq,220464
UpdateRouteReq,300516
PathSetupReq,302882
UpdateRouteReq,313565
UpdateRouteReq,350712
UpdateRouteReq,354301
UpdateRouteReq,457890
UpdateRouteReq,646484
UpdateRouteReq,861692
UpdateRouteReq,941308
UpdateRouteReq,996817
UpdateRouteReq,637986
UpdateRouteReq,769741
UpdateRouteReq,906614
UpdateRouteReq,913524
UpdateRouteReq,388199
FindNodeReq,597603
UpdateRouteReq,605811
Error,869605
UpdateRouteReq,525183
UpdateRouteReq,532775
UpdateRouteReq,602127
UpdateRouteReq,629450
UpdateRouteReq,760479
UpdateRouteReq,794387
UpdateRouteReq,799322
UpdateRouteReq,327258
PathTeardownReq,331575
PathSetupReq,505317
PathTeardownReq,578566
PathTeardownReq,179476
UpdateRouteReq,115809
UpdateRouteReq,39590
PathTeardownReq,71874
PathSetupReq,64704
PathTeardownReq,63903
UpdateRouteReq,80266
UpdateRouteReq,134600
UpdateRouteReq,185300
UpdateRouteReq,231615
UpdateRouteReq,93965
UpdateRouteReq,73416
UpdateRouteReq,150343
UpdateRouteReq,223461
UpdateRouteReq,347259
FindNodeReq,237235
UpdateRouteReq,44067
PathSetupReq,32255
Error,272379
Error,343209
UpdateRouteReq,369422
UpdateRouteReq,377130
FindNodeReq,460370
UpdateRouteReq,619722
UpdateRouteReq,432371
UpdateRouteReq,463290
UpdateRouteReq,467834
PathSetupReq,491754
UpdateRouteReq,156971
UpdateRouteReq,191310
UpdateRouteReq,224270
UpdateRouteReq,101170
UpdateRouteReq,495131
PathSetupReq,498021
UpdateRouteReq,528375
UpdateRouteReq,528704
UpdateRouteReq,559340
UpdateRouteReq,720631
UpdateRouteReq,764128
UpdateRouteReq,927311
UpdateRouteReq,1125350
UpdateRouteReq,1208635
UpdateRouteReq,1239119
UpdateRouteReq,1318271
UpdateRouteReq,423240
UpdateRouteReq,633530
UpdateRouteReq,789205
UpdateRouteReq,817058
FindNodeRsp,851742
UpdateRouteReq,914012
UpdateRouteReq,1078027
UpdateRouteReq,311142
UpdateRouteReq,505289
UpdateRouteReq,551387
UpdateRouteReq,39393
UpdateRouteReq,128124
FindNodeRsp,79432
UpdateRouteReq,81145
UpdateRouteReq,53488
FindNodeRsp,101581
UpdateRouteReq,45402
UpdateRouteReq,80940
UpdateRouteReq,160272
UpdateRouteReq,87498
UpdateRouteReq,163506
UpdateRouteReq,198169
PathTeardownReq,255980
UpdateRouteReq,265505
UpdateRouteReq,92962
PathSetupReq,207607
PathTeardownReq,195187
UpdateRouteReq,331640
UpdateRouteReq,335615
UpdateRouteReq,550417
UpdateRouteReq,763571
UpdateRouteReq,906520
UpdateRouteReq,1045309
UpdateRouteReq,714405
UpdateRouteReq,870792
UpdateRouteReq,1020078
UpdateRouteReq,1132715
UpdateRouteReq,1383804
PathTeardownReq,313287
FindNodeReq,507155
UpdateRouteReq,649153
UpdateRouteReq,166837
UpdateRouteReq,173243
UpdateRouteReq,85552
UpdateRouteReq,102804
UpdateRouteReq,288087
UpdateRouteReq,335993
UpdateRouteReq,471275
UpdateRouteReq,127115
PathSetupReq,33086
PathTeardownReq,34866
UpdateRouteReq,179289
UpdateRouteReq,235506
UpdateRouteReq,242371
PathSetupReq,246993
UpdateRouteReq,256623
UpdateRouteReq,111718
UpdateRouteReq,101564
UpdateRouteReq,276370
UpdateRouteReq,352159
UpdateRouteReq,402249
FindNodeReq,529535
FindNodeReq,653298
FindNodeReq,770498
UpdateRouteReq,234146
UpdateRouteReq,80170
PathTeardownReq,95805
PathSetupReq,124109
UpdateRouteReq,117319
UpdateRouteReq,121544
PathTeardownReq,31059
PathSetupReq,58451
UpdateRouteReq,52831
UpdateRouteReq,200142
FindNodeReq,93191
FindNodeReq,138917
UpdateRouteReq,142603
PathTeardownReq,185935
PathSetupReq,338716
PathTeardownReq,387141
UpdateRouteReq,628065
UpdateRouteReq,368550
UpdateRouteReq,308940
UpdateRouteReq,441891
UpdateRouteReq,717091
UpdateRouteReq,825669
UpdateRouteReq,975803
UpdateRouteReq,1069803
FindNodeReq,1204566
UpdateRouteReq,1235380
UpdateRouteReq,1331183
FindNodeReq,1411130
UpdateRouteReq,1420354
PathSetupReq,482543
UpdateRouteReq,492150
UpdateRouteReq,640774
UpdateRouteReq,766109
FindNodeReq,919632
UpdateRouteReq,227026
UpdateRouteReq,68743
UpdateRouteReq,78041
UpdateRouteReq,78165
UpdateRouteReq,67708
UpdateRouteReq,77967
UpdateRouteReq,44161
PathTeardownReq,32495
PathTeardownReq,46952
UpdateRouteReq,128904
UpdateRouteReq,164173
UpdateRouteReq,99528
QueryRouteReq,66909
UpdateRouteReq,267378
UpdateRouteReq,265049
UpdateRouteReq,390388
UpdateRouteReq,45645
QueryRouteReq,81346
UpdateRouteReq,43671
UpdateRouteReq,41356
UpdateRouteReq,73610
UpdateRouteReq,46653
PathSetupReq,37831
UpdateRouteReq,106850
UpdateRouteReq,48959
UpdateRouteReq,65941
PathSetupReq,65560
UpdateRouteReq,46213
UpdateRouteReq,65231
UpdateRouteReq,99830
UpdateRouteReq,66417
UpdateRouteReq,68033
UpdateRouteReq,49287
FindNodeReq,114746
UpdateRouteReq,64471
UpdateRouteReq,108518
UpdateRouteReq,111365
UpdateRouteReq,182985
UpdateRouteReq,103223
UpdateRouteReq,79444
PathTeardownReq,38571
FindNodeReq,276162
UpdateRouteReq,167096
UpdateRouteReq,165992
UpdateRouteReq,96589
UpdateRouteReq,44279
UpdateRouteReq,65510
UpdateRouteReq,42855
UpdateRouteReq,44724
UpdateRouteReq,83423
FindNodeReq,192500
UpdateRouteReq,189432
PathSetupReq,38698
UpdateRouteReq,47057
UpdateRouteReq,89528
UpdateRouteReq,94318
UpdateRouteReq,137441
UpdateRouteReq,47178
UpdateRouteReq,92978
UpdateRouteReq,129372
UpdateRouteReq,66048
UpdateRouteReq,62458
UpdateRouteReq,49328
UpdateRouteReq,43619
UpdateRouteReq,45939
UpdateRouteReq,104415
UpdateRouteReq,188511
UpdateRouteReq,92300
UpdateRouteReq,82454
PathTeardownReq,40411
PathTeardownReq,90458
UpdateRouteReq,100440
UpdateRouteReq,138661
UpdateRouteReq,251126
UpdateRouteReq,81483
QueryRouteReq,84638
UpdateRouteReq,150117
UpdateRouteReq,248683
UpdateRouteReq,197213
UpdateRouteReq,84607
UpdateRouteReq,531493
UpdateRouteReq,766423
UpdateRouteReq,266496
UpdateRouteReq,42543
Error,80749
UpdateRouteReq,126739
QueryRouteReq,67445
UpdateRouteReq,86521
FindNodeReq,96906
UpdateRouteReq,130777
Error,207064
UpdateRouteReq,164140
UpdateRouteReq,43019
FindNodeRsp,167077
UpdateRouteReq,228939
UpdateRouteReq,129363
UpdateRouteReq,199896
UpdateRouteReq,106785
UpdateRouteReq,80612
UpdateRouteReq,42633
UpdateRouteReq,56587
FindNodeRsp,78338
UpdateRouteReq,44626
PathSetupReq,36055
UpdateRouteReq,41628
UpdateRouteReq,44031
UpdateRouteReq,48027
UpdateRouteReq,109958
UpdateRouteReq,297866
UpdateRouteReq,430838
UpdateRouteReq,488310
UpdateRouteReq,218288
UpdateRouteReq,46991
UpdateRouteReq,44303
PathTeardownReq,113622
PathSetupReq,70150
FindNodeReq,80449
PathSetupReq,127763
FindNodeReq,212228
PathTeardownReq,158973
FindNodeReq,212862
UpdateRouteReq,216541
UpdateRouteReq,251462
UpdateRouteReq,284446
UpdateRouteReq,290480
UpdateRouteReq,366472
UpdateRouteReq,450260
UpdateRouteReq,204470
UpdateRouteReq,244931
UpdateRouteReq,633979
UpdateRouteReq,765483
UpdateRouteReq,841611
UpdateRouteReq,974735
UpdateRouteReq,1050258
UpdateRouteReq,751838
UpdateRouteReq,784076
UpdateRouteReq,918707
UpdateRouteReq,1040187
UpdateRouteReq,1121871
UpdateRouteReq,1233127
UpdateRouteReq,387733
UpdateRouteReq,392047
UpdateRouteReq,428877
PathSetupReq,432392
UpdateRouteReq,245904
UpdateRouteReq,251221
PathTeardownReq,335167
FindNodeReq,438418
UpdateRouteReq,372943
PathSetupReq,133797
UpdateRouteReq,105830
UpdateRouteReq,241660
UpdateRouteReq,228467
UpdateRouteReq,241595
PathTeardownReq,373544
PathSetupReq,403359
PathTeardownReq,220811
UpdateRouteReq,179440
UpdateRouteReq,352973
UpdateRouteReq,516535
UpdateRouteReq,682436
UpdateRouteReq,787549
UpdateRouteReq,1041083
UpdateRouteReq,1126354
UpdateRouteReq,1308458
FindNodeReq,233875
UpdateRouteReq,62500
UpdateRouteReq,83303
UpdateRouteReq,45015
UpdateRouteReq,93735
UpdateRouteReq,44545
UpdateRouteReq,89502
UpdateRouteReq,60659
UpdateRouteReq,65277
UpdateRouteReq,99401
PathSetupReq,144225
UpdateRouteReq,71683
UpdateRouteReq,86589
UpdateRouteReq,138733
UpdateRouteReq,64396
PathTeardownReq,115083
UpdateRouteReq,316765
UpdateRouteReq,374296
UpdateRouteReq,490687
PathSetupReq,500297
UpdateRouteReq,504619
UpdateRouteReq,594928
UpdateRouteReq,546452
UpdateRouteReq,806927
UpdateRouteReq,490805
UpdateRouteReq,655429
UpdateRouteReq,376364
UpdateRouteReq,209247
UpdateRouteReq,165013
UpdateRouteReq,111881
UpdateRouteReq,247371
UpdateRouteReq,200637
UpdateRouteReq,178505
UpdateRouteReq,281562
UpdateRouteReq,218531
UpdateRouteReq,152705
UpdateRouteReq,224786
UpdateRouteReq,201028
UpdateRouteReq,317318
UpdateRouteReq,128637
UpdateRouteReq,91078
UpdateRouteReq,244119
UpdateRouteReq,153295
UpdateRouteReq,225243
UpdateRouteReq,203410
FindNodeReq,178413
UpdateRouteReq,49521
UpdateRouteReq,62484
PathTeardownReq,81231
PathTeardownReq,179572
UpdateRouteReq,98027
PathTeardownReq,121172
UpdateRouteReq,276623
QueryRouteReq,343709
QueryRouteReq,251370
UpdateRouteReq,315918
UpdateRouteReq,651470
UpdateRouteReq,772823
PathSetupReq,867605
UpdateRouteReq,1137088
UpdateRouteReq,1321791
PathSetupReq,1349521
Error,513387
UpdateRouteReq,744223
UpdateRouteReq,861781
Error,1090786
PathTeardownReq,534714
PathTeardownReq,606933
FindNodeReq,697496
FindNodeRsp,638916
Error,688263
FindNodeReq,261286
Error,296346
UpdateRouteReq,519037
UpdateRouteReq,524127
UpdateRouteReq,528670
Error,276579
UpdateRouteReq,288660
UpdateRouteReq,352738
UpdateRouteReq,378167
UpdateRouteReq,221847
FindNodeReq,286555
FindNodeReq,369492
UpdateRouteReq,134828
UpdateRouteReq,49211
UpdateRouteReq,69495
UpdateRouteReq,73352
UpdateRouteReq,78663
UpdateRouteReq,58441
UpdateRouteReq,68188
UpdateRouteReq,113826
FindNodeRsp,137737
Error,215761
FindNodeReq,267309
UpdateRouteReq,196348
UpdateRouteReq,223299
UpdateRouteReq,229687
PathSetupReq,232528
UpdateRouteReq,317157
UpdateRouteReq,209777
UpdateRouteReq,222566
UpdateRouteReq,310585
UpdateRouteReq,372899
UpdateRouteReq,483720
Error,579851
UpdateRouteReq,586252
UpdateRouteReq,650250
UpdateRouteReq,695962
UpdateRouteReq,626230
UpdateRouteReq,814394
UpdateRouteReq,878244
UpdateRouteReq,922934
PathSetupReq,947810
PathTeardownReq,968898
UpdateRouteReq,1112537
Error,1269732
UpdateRouteReq,1278996
UpdateRouteReq,501963
UpdateRouteReq,706465
UpdateRouteReq,750742
UpdateRouteReq,1000295
UpdateRouteReq,385368
UpdateRouteReq,486226
UpdateRouteReq,592677
UpdateRouteReq,675447
UpdateRouteReq,815414
UpdateRouteReq,822833
PathTeardownReq,885495
PathSetupReq,905994
Error,1033112
UpdateRouteReq,1186666
UpdateRouteReq,1297932
Error,1423470
UpdateRouteReq,1466586
UpdateRouteReq,1473005
UpdateRouteReq,578177
UpdateRouteReq,784718
Error,918571
Error,951870
Error,991415
UpdateRouteReq,1034379
UpdateRouteReq,1061263
PathSetupReq,1063692
UpdateRouteReq,1112986
PathTeardownReq,1136048
UpdateRouteReq,1160580
UpdateRouteReq,355008
PathSetupReq,356294
UpdateRouteReq,896598
PathSetupReq,943948
PathTeardownReq,947003
UpdateRouteReq,1020799
UpdateRouteReq,1088318
PathTeardownReq,1107296
PathSetupReq,1127861
UpdateRouteReq,1295171
Error,1334611
UpdateRouteReq,1337192
UpdateRouteReq,1394108
UpdateRouteReq,1470637
Error,760634
UpdateRouteReq,778206
UpdateRouteReq,836871
UpdateRouteReq,837207
Error,892628
UpdateRouteReq,894868
UpdateRouteReq,905249
FindNodeRsp,992066
UpdateRouteReq,994862
UpdateRouteReq,1074743
FindNodeRsp,1209696
PathTeardownReq,1211541
PathSetupReq,374645
Error,457246
FindNodeReq,510716
UpdateRouteReq,572347
FindNodeReq,671308
FindNodeRsp,718065
UpdateRouteReq,792952
UpdateRouteReq,807073
UpdateRouteReq,26700
UpdateRouteReq,550454
FindNodeRsp,1319508
UpdateRouteReq,1570097
UpdateRouteReq,1774507
UpdateRouteReq,1822742
UpdateRouteReq,1857248
UpdateRouteReq,1915438
UpdateRouteReq,2213056
UpdateRouteReq,2307592
UpdateRouteReq,2386407
UpdateRouteReq,2549031
UpdateRouteReq,2636767
UpdateRouteReq,2698992
Error,2863539
UpdateRouteReq,2872520
UpdateRouteReq,2985463
UpdateRouteReq,3102672
UpdateRouteReq,3160143
UpdateRouteReq,3253874
UpdateRouteReq,3404426
UpdateRouteReq,3411993
UpdateRouteReq,3554343
UpdateRouteReq,3668958
UpdateRouteReq,3676279
UpdateRouteReq,3761041
UpdateRouteReq,3917327
PathTeardownReq,3948403
PathSetupReq,1017064
Error,1431898
UpdateRouteReq,1456627
FindNodeRsp,1481260
UpdateRouteReq,1519377
PathTeardownReq,1709563
UpdateRouteReq,1759322
PathSetupReq,1764808
UpdateRouteReq,1777998
UpdateRouteReq,1795781
UpdateRouteReq,1809781
UpdateRouteReq,2001602
FindNodeReq,2079668
UpdateRouteReq,2285948
PathTeardownReq,2322377
FindNodeReq,2506138
UpdateRouteReq,2530356
UpdateRouteReq,2743250
UpdateRouteReq,2832326
UpdateRouteReq,2869320
UpdateRouteReq,2975727
UpdateRouteReq,3067568
PathTeardownReq,3156025
PathSetupReq,3208200
UpdateRouteReq,3308242
UpdateRouteReq,3588897
PathSetupReq,3588076
UpdateRouteReq,3618271
PathTeardownReq,3730596
PathSetupReq,5403318
UpdateRouteReq,1894388
UpdateRouteReq,1944595
UpdateRouteReq,2060172
FindNodeReq,2274899
UpdateRouteReq,2382987
UpdateRouteReq,2511532
UpdateRouteReq,2585867
UpdateRouteReq,2670088
UpdateRouteReq,2737418
UpdateRouteReq,2828223
UpdateRouteReq,2825857
UpdateRouteReq,2842019
UpdateRouteReq,2929708
PathTeardownReq,2968858
PathSetupReq,2980156
PathTeardownReq,3013501
UpdateRouteReq,734049
UpdateRouteReq,775399
UpdateRouteReq,832306
UpdateRouteReq,901918
UpdateRouteReq,973165
UpdateRouteReq,43590
PathTeardownReq,17477
PathSetupReq,25750
UpdateRouteReq,69574
UpdateRouteReq,88443
UpdateRouteReq,462478
UpdateRouteReq,266860
PathTeardownReq,296113
FindNodeReq,99806
FindNodeReq,60570
FindNodeReq,92680
UpdateRouteReq,43264
UpdateRouteReq,61739
UpdateRouteReq,58861
UpdateRouteReq,167209
UpdateRouteReq,216311
UpdateRouteReq,65637
UpdateRouteReq,141978
PathSetupReq,170121
UpdateRouteReq,253611
UpdateRouteReq,373741
UpdateRouteReq,221133
UpdateRouteReq,63075
UpdateRouteReq,118064
PathTeardownReq,151959
PathSetupReq,206883
UpdateRouteReq,114407
PathTeardownReq,33079
PathSetupReq,31039
QueryRouteRsp,140127
PathTeardownReq,304288
UpdateRouteReq,31607
UpdateRouteReq,65402
PathTeardownReq,65425
UpdateRouteReq,69255
UpdateRouteReq,389584
UpdateRouteReq,111499
QueryRouteReq,76704
FindNodeReq,62781
FindNodeReq,87536
QueryRouteReq,112490
UpdateRouteReq,79721
UpdateRouteReq,133964
UpdateRouteReq,54390
PathSetupReq,58510
UpdateRouteReq,101875
UpdateRouteReq,114333
UpdateRouteReq,124306
UpdateRouteReq,126972
UpdateRouteReq,198304
UpdateRouteReq,137300
PathSetupReq,140317
UpdateRouteReq,119601
UpdateRouteReq,242553
UpdateRouteReq,281228
UpdateRouteReq,306949
PathTeardownReq,245269
UpdateRouteReq,146712
UpdateRouteReq,128513
PathTeardownReq,48759
UpdateRouteReq,44179
QueryRouteReq,208505
UpdateRouteReq,144512
UpdateRouteReq,28917
QueryRouteReq,48639
UpdateRouteReq,83116
FindNodeRsp,65781
UpdateRouteReq,70128
UpdateRouteReq,30096
FindNodeRsp,123861
UpdateRouteReq,105308
UpdateRouteReq,46274
UpdateRouteReq,57890
PathSetupReq,20806
FindNodeRsp,52485
UpdateRouteReq,130012
PathSetupReq,172549
UpdateRouteReq,81312
UpdateRouteReq,134555
UpdateRouteReq,148563
UpdateRouteReq,96045
UpdateRouteReq,194942
UpdateRouteReq,237784
UpdateRouteReq,224128
UpdateRouteReq,365321
UpdateRouteReq,240404
UpdateRouteReq,49419
UpdateRouteReq,52978
FindNodeReq,161293
UpdateRouteReq,144460
UpdateRouteReq,400688
UpdateRouteReq,457106
UpdateRouteReq,660067
UpdateRouteReq,873368
UpdateRouteReq,186127
UpdateRouteReq,82414
UpdateRouteReq,131921
UpdateRouteReq,165108
UpdateRouteReq,295954
UpdateRouteReq,346618
UpdateRouteReq,383412
UpdateRouteReq,203695
UpdateRouteReq,386717
UpdateRouteReq,482601
FindNodeReq,713248
UpdateRouteReq,741629
UpdateRouteReq,450935
UpdateRouteReq,536308
UpdateRouteReq,131393
UpdateRouteReq,304891
PathTeardownReq,922393
FindNodeReq,977014
UpdateRouteReq,1057317
UpdateRouteReq,1163660
UpdateRouteReq,1232149
UpdateRouteReq,1300224
FindNodeReq,1383230
PathTeardownReq,62167
UpdateRouteReq,135095
UpdateRouteReq,137034
UpdateRouteReq,239411
UpdateRouteReq,230918
QueryRouteReq,392549
UpdateRouteReq,49022
UpdateRouteReq,62947
UpdateRouteReq,65846
UpdateRouteReq,260366
UpdateRouteReq,393039
UpdateRouteReq,573589
PathSetupReq,334532
UpdateRouteReq,108670
FindNodeReq,174723
UpdateRouteReq,58299
UpdateRouteReq,84709
PathTeardownReq,63919
PathTeardownReq,46194
QueryRouteReq,131233
UpdateRouteReq,247991
UpdateRouteReq,865253
UpdateRouteReq,1078841
FindNodeRsp,1297908
UpdateRouteReq,1340387
PathSetupReq,1331943
UpdateRouteReq,1377922
UpdateRouteReq,765788
UpdateRouteReq,796236
Error,870765
UpdateRouteReq,889008
FindNodeReq,925060
PathTeardownReq,1060342
QueryRouteReq,171869
UpdateRouteReq,174160
FindNodeRsp,204202
Error,375617
PathSetupReq,59593
UpdateRouteReq,70702
PathSetupReq,56882
UpdateRouteReq,64285
Error,232039
UpdateRouteReq,379063
UpdateRouteReq,258484
Error,122050
Error,204808
UpdateRouteReq,941784
UpdateRouteReq,1201602
UpdateRouteReq,1383850
UpdateRouteReq,1444452
FindNodeReq,1568986
Error,1760333
Error,1766842
UpdateRouteReq,801649
UpdateRouteReq,926031
UpdateRouteReq,957186
UpdateRouteReq,1053177
UpdateRouteReq,1106755
UpdateRouteReq,1159231
UpdateRouteReq,497862
Error,88004
UpdateRouteReq,69798
UpdateRouteReq,47067
Error,132337
FindNodeRsp,89446
UpdateRouteReq,219689
UpdateRouteReq,255323
FindNodeRsp,146503
UpdateRouteReq,139062
UpdateRouteReq,69922
UpdateRouteReq,95206
UpdateRouteReq,113101
UpdateRouteReq,99094
PathTeardownReq,104671
UpdateRouteReq,98998
UpdateRouteReq,43755
UpdateRouteReq,43899
UpdateRouteReq,179396
UpdateRouteReq,285852
UpdateRouteReq,58953
UpdateRouteReq,137906
UpdateRouteReq,122077
PathTeardownReq,78612
PathSetupReq,103298
UpdateRouteReq,91098
UpdateRouteReq,340521
PathTeardownReq,348268
UpdateRouteReq,420711
UpdateRouteReq,508614
UpdateRouteReq,596592
UpdateRouteReq,70367
PathSetupReq,115366
UpdateRouteReq,115883
UpdateRouteReq,121317
UpdateRouteReq,137490
UpdateRouteReq,60873
UpdateRouteReq,72507
UpdateRouteReq,214978
UpdateRouteReq,210368
PathTeardownReq,62688
UpdateRouteReq,387806
FindNodeReq,458736
UpdateRouteReq,684539
UpdateRouteReq,739032
PathSetupReq,761958
UpdateRouteReq,827282
UpdateRouteReq,840096
FindNodeReq,1029762
UpdateRouteReq,1152118
UpdateRouteReq,764367
UpdateRouteReq,785234
UpdateRouteReq,781498
UpdateRouteReq,1025101
UpdateRouteReq,1397099
UpdateRouteReq,1676403
UpdateRouteReq,1774681
UpdateRouteReq,1946865
UpdateRouteReq,2036656
UpdateRouteReq,609598
UpdateRouteReq,646224
UpdateRouteReq,674549
UpdateRouteReq,730114
PathSetupReq,742675
UpdateRouteReq,775023
PathTeardownReq,779479
UpdateRouteReq,887316
UpdateRouteReq,60966
UpdateRouteReq,47123
FindNodeReq,133621
UpdateRouteReq,188338
UpdateRouteReq,213015
UpdateRouteReq,330358
UpdateRouteReq,63147
UpdateRouteReq,42335
UpdateRouteReq,41791
UpdateRouteReq,90470
UpdateRouteReq,81787
PathSetupReq,656664
PathTeardownReq,732012
PathTeardownReq,789542
UpdateRouteReq,2527993
UpdateRouteReq,2923423
UpdateRouteReq,3026135
UpdateRouteReq,3172587
UpdateRouteReq,3302147
UpdateRouteReq,3454790
UpdateRouteReq,3489499
UpdateRouteReq,3584969
UpdateRouteReq,3727729
UpdateRouteReq,3047160
UpdateRouteReq,3137204
UpdateRouteReq,3317677
UpdateRouteReq,3341198
UpdateRouteReq,3358664
UpdateRouteReq,3368896
UpdateRouteReq,3413608
UpdateRouteReq,3483569
UpdateRouteReq,3624202
UpdateRouteReq,3648264
UpdateRouteReq,3648725
UpdateRouteReq,3693141
UpdateRouteReq,3786741
UpdateRouteReq,3865899
UpdateRouteReq,3895850
UpdateRouteReq,3984304
UpdateRouteReq,2225006
UpdateRouteReq,2424140
Error,2708506
UpdateRouteReq,2713407
UpdateRouteReq,2784003
UpdateRouteReq,2810458
UpdateRouteReq,2832127
UpdateRouteReq,2852570
UpdateRouteReq,2879571
UpdateRouteReq,2917141
UpdateRouteReq,2931178
UpdateRouteReq,2951303
Error,566424
UpdateRouteReq,615200
UpdateRouteReq,726798
UpdateRouteReq,122741
UpdateRouteReq,121556
UpdateRouteReq,116640
UpdateRouteReq,72988
UpdateRouteReq,53147
UpdateRouteReq,76200
UpdateRouteReq,101624
UpdateRouteReq,153372
UpdateRouteReq,155393
UpdateRouteReq,277082
UpdateRouteReq,327602
UpdateRouteReq,179339
UpdateRouteReq,63762
PathSetupReq,37977
UpdateRouteReq,42232
PathTeardownReq,125232
UpdateRouteReq,150262
PathSetupReq,65681
UpdateRouteReq,68777
PathTeardownReq,25218
FindNodeRsp,73595
FindNodeRsp,65022
Error,114705
FindNodeRsp,121905
UpdateRouteReq,124511
PathSetupReq,156708
UpdateRouteReq,90768
UpdateRouteReq,141401
UpdateRouteReq,220493
UpdateRouteReq,215583
FindNodeReq,347498
UpdateRouteReq,359436
FindNodeReq,225603
FindNodeReq,291088
UpdateRouteReq,95394
UpdateRouteReq,100024
UpdateRouteReq,154861
UpdateRouteReq,130377
UpdateRouteReq,147837
UpdateRouteReq,305533
UpdateRouteReq,604334
UpdateRouteReq,66197
UpdateRouteReq,63711
UpdateRouteReq,78123
UpdateRouteReq,40741
UpdateRouteReq,182170
UpdateRouteReq,45018
UpdateRouteReq,107062
UpdateRouteReq,107047
UpdateRouteReq,84294
UpdateRouteReq,58644
UpdateRouteReq,112266
UpdateRouteReq,115037
UpdateRouteReq,90706
UpdateRouteReq,141036
FindNodeReq,110309
UpdateRouteReq,49252
UpdateRouteReq,82838
UpdateRouteReq,58399
UpdateRouteReq,134844
UpdateRouteReq,173678
UpdateRouteReq,130291
UpdateRouteReq,40314
UpdateRouteReq,165522
UpdateRouteReq,297559
UpdateRouteReq,335457
UpdateRouteReq,128047
UpdateRouteReq,103346
UpdateRouteReq,108152
UpdateRouteReq,130141
FindNodeReq,171516
UpdateRouteReq,80016
UpdateRouteReq,74590
PathTeardownReq,45083
UpdateRouteReq,230748
UpdateRouteReq,83335
UpdateRouteReq,74543
UpdateRouteReq,167307
UpdateRouteReq,227233
PathTeardownReq,44892
UpdateRouteReq,105512
UpdateRouteReq,121561
UpdateRouteReq,117888
UpdateRouteReq,51748
FindNodeReq,105211
UpdateRouteReq,98822
UpdateRouteReq,47592
QueryRouteReq,109254
UpdateRouteReq,47865
UpdateRouteReq,41445
UpdateRouteReq,45488
PathSetupReq,34018
UpdateRouteReq,42047
UpdateRouteReq,279130
UpdateRouteReq,427454
UpdateRouteReq,324277
UpdateRouteReq,465422
UpdateRouteReq,207913
UpdateRouteReq,71770
PathSetupReq,42835
UpdateRouteReq,55707
PathSetupReq,40386
UpdateRouteReq,81018
UpdateRouteReq,107338
UpdateRouteReq,234117
UpdateRouteReq,403380
UpdateRouteReq,456722
UpdateRouteReq,700091
UpdateRouteReq,566984
UpdateRouteReq,650231
UpdateRouteReq,778145
UpdateRouteReq,1119991
FindNodeReq,506026
UpdateRouteReq,623631
UpdateRouteReq,183221
UpdateRouteReq,371230
UpdateRouteReq,509941
UpdateRouteReq,463414
UpdateRouteReq,656836
UpdateRouteReq,374040
UpdateRouteReq,187063
UpdateRouteReq,357360
UpdateRouteReq,531344
UpdateRouteReq,592448
UpdateRouteReq,860605
UpdateRouteReq,927460
UpdateRouteReq,460238
FindNodeReq,655076
FindNodeReq,755784
UpdateRouteReq,887982
UpdateRouteReq,32659
UpdateRouteReq,40649
UpdateRouteReq,69490
UpdateRouteReq,129363
UpdateRouteReq,188900
UpdateRouteReq,76588
UpdateRouteReq,99998
UpdateRouteReq,96123
UpdateRouteReq,36609
PathTeardownReq,62800
UpdateRouteReq,73528
UpdateRouteReq,48061
UpdateRouteReq,99812
UpdateRouteReq,69030
UpdateRouteReq,69264
UpdateRouteReq,49130
UpdateRouteReq,34779
FindNodeReq,94387
FindNodeReq,133671
FindNodeReq,170620
UpdateRouteReq,78551
UpdateRouteReq,43479
PathSetupReq,34452
UpdateRouteReq,42290
UpdateRouteReq,43705
UpdateRouteReq,42494
UpdateRouteReq,84856
UpdateRouteReq,83354
UpdateRouteReq,86571
UpdateRouteReq,111765
UpdateRouteReq,210434
UpdateRouteReq,183594
UpdateRouteReq,92038
UpdateRouteReq,127647
UpdateRouteReq,45246
UpdateRouteReq,106552
UpdateRouteReq,135105
UpdateRouteReq,40464
UpdateRouteReq,58084
UpdateRouteReq,39150
UpdateRouteReq,59033
FindNodeReq,99565
UpdateRouteReq,80274
UpdateRouteReq,175308
UpdateRouteReq,301971
UpdateRouteReq,230143
UpdateRouteReq,81212
UpdateRouteReq,40939
UpdateRouteReq,79778
UpdateRouteReq,196035
UpdateRouteReq,86382
UpdateRouteReq,40393
UpdateRouteReq,38900
UpdateRouteReq,59587
UpdateRouteReq,239373
UpdateRouteReq,41671
UpdateRouteReq,41539
UpdateRouteReq,155532
UpdateRouteReq,85386
UpdateRouteReq,42795
FindNodeReq,98557
UpdateRouteReq,41659
FindNodeReq,96031
UpdateRouteReq,71393
UpdateRouteReq,107093
UpdateRouteReq,115630
PathTeardownReq,40144
UpdateRouteReq,46636
UpdateRouteReq,49015
UpdateRouteReq,488381
UpdateRouteReq,153131
UpdateRouteReq,125436
UpdateRouteReq,79519
UpdateRouteReq,42079
UpdateRouteReq,56185
UpdateRouteReq,42914
QueryRouteReq,65598
UpdateRouteReq,41444
UpdateRouteReq,1538955
UpdateRouteReq,1676613
UpdateRouteReq,2371866
QueryRouteReq,2131634
Error,2184391
UpdateRouteReq,3053553
UpdateRouteReq,3123472
UpdateRouteReq,3253618
UpdateRouteReq,3327187
PathSetupReq,3332154
PathTeardownReq,3337581
FindNodeReq,3398782
Error,3485995
FindNodeReq,3629568
UpdateRouteReq,3789906
UpdateRouteReq,3895963
PathSetupReq,3960802
PathTeardownReq,3965910
UpdateRouteReq,4199573
UpdateRouteReq,5243127
UpdateRouteReq,1141166
UpdateRouteReq,1422833
UpdateRouteReq,1586841
UpdateRouteReq,1683668
FindNodeReq,1886402
FindNodeReq,1938535
FindNodeReq,1979537
UpdateRouteReq,2014463
Error,2132115
UpdateRouteReq,2255898
UpdateRouteReq,639224
Error,939023
Error,204315
FindNodeRsp,112321
UpdateRouteReq,99280
UpdateRouteReq,173941
PathSetupReq,58706
FindNodeRsp,76502
UpdateRouteReq,79525
Error,70753
FindNodeRsp,83925
UpdateRouteReq,76820
FindNodeRsp,87493
UpdateRouteReq,114256
FindNodeReq,156556
UpdateRouteReq,65980
UpdateRouteReq,91207
UpdateRouteReq,55339
UpdateRouteReq,35117
PathSetupReq,26579
UpdateRouteReq,119325
UpdateRouteReq,179315
UpdateRouteReq,343987
UpdateRouteReq,492900
UpdateRouteReq,495565
UpdateRouteReq,252787
UpdateRouteReq,373710
UpdateRouteReq,396866
Error,212213
UpdateRouteReq,232044
UpdateRouteReq,431415
UpdateRouteReq,535070
UpdateRouteReq,305496
FindNodeReq,407863
UpdateRouteReq,486299
UpdateRouteReq,129758
UpdateRouteReq,35607
UpdateRouteReq,63225
Error,129673
UpdateRouteReq,59375
UpdateRouteReq,29436
PathTeardownReq,75670
PathSetupReq,22988
UpdateRouteReq,28608
UpdateRouteReq,30287
UpdateRouteReq,29538
UpdateRouteReq,57285
Error,60984
UpdateRouteReq,324562
FindNodeReq,397160
FindNodeReq,442736
UpdateRouteReq,521108
UpdateRouteReq,588214
UpdateRouteReq,633317
UpdateRouteReq,682292
UpdateRouteReq,766329
UpdateRouteReq,825772
UpdateRouteReq,918397
FindNodeReq,397800
UpdateRouteReq,402224
UpdateRouteReq,500531
FindNodeReq,532874
UpdateRouteReq,595320
UpdateRouteReq,637647
UpdateRouteReq,172350
UpdateRouteReq,174878
UpdateRouteReq,180674
UpdateRouteReq,205439
PathTeardownReq,245293
UpdateRouteReq,185695
UpdateRouteReq,229502
PathSetupReq,108595
FindNodeReq,161573
FindNodeReq,110615
UpdateRouteReq,128402
UpdateRouteReq,24187
FindNodeReq,80968
UpdateRouteReq,29999
UpdateRouteReq,220828
UpdateRouteReq,224339
UpdateRouteReq,134035
PathTeardownReq,23934
UpdateRouteReq,28629
PathTeardownReq,21310
UpdateRouteReq,28279
UpdateRouteReq,50112
UpdateRouteReq,56682
PathSetupReq,36605
PathTeardownReq,20512
UpdateRouteReq,30635
UpdateRouteReq,18639
UpdateRouteReq,80236
UpdateRouteReq,122027
UpdateRouteReq,196164
UpdateRouteReq,181917
UpdateRouteReq,110037
UpdateRouteReq,172138
UpdateRouteReq,77663
PathSetupReq,155790
UpdateRouteReq,235870
UpdateRouteReq,243208
UpdateRouteReq,188902
UpdateRouteReq,189593
UpdateRouteReq,112909
UpdateRouteReq,85140
UpdateRouteReq,43838
UpdateRouteReq,69317
UpdateRouteReq,32391
UpdateRouteReq,39560
UpdateRouteReq,19896
FindNodeReq,69252
FindNodeReq,120270
PathTeardownReq,74053
FindNodeReq,99340
Error,39058
UpdateRouteReq,71225
Error,52909
UpdateRouteReq,61770
UpdateRouteReq,27119
FindNodeReq,78971
UpdateRouteReq,34574
UpdateRouteReq,164004
UpdateRouteReq,38101
UpdateRouteReq,81984
FindNodeRsp,66000
FindNodeRsp,49018
UpdateRouteReq,28575
FindNodeReq,56106
UpdateRouteReq,157950
UpdateRouteReq,157146
UpdateRouteReq,201954
UpdateRouteReq,57244
UpdateRouteReq,52065
UpdateRouteReq,51855
UpdateRouteReq,20470
UpdateRouteReq,30728
UpdateRouteReq,42399
Error,62042
FindNodeReq,44054
UpdateRouteReq,19801
UpdateRouteReq,107685
UpdateRouteReq,50747
UpdateRouteReq,124597
UpdateRouteReq,109168
UpdateRouteReq,111462
UpdateRouteReq,130995
UpdateRouteReq,144434
UpdateRouteReq,24336
PathSetupReq,44969
PathTeardownReq,45687
UpdateRouteReq,279203
UpdateRouteReq,284316
UpdateRouteReq,352063
UpdateRouteReq,356380
FindNodeReq,126888
FindNodeReq,152261
FindNodeReq,180180
FindNodeReq,208328
UpdateRouteReq,227222
UpdateRouteReq,60840
UpdateRouteReq,62471
UpdateRouteReq,65543
PathTeardownReq,24323
Error,66009
UpdateRouteReq,76276
UpdateRouteReq,24583
UpdateRouteReq,68568
Error,135714
UpdateRouteReq,139323
UpdateRouteReq,29094
Error,68429
UpdateRouteReq,64069
UpdateRouteReq,96766
UpdateRouteReq,69058
PathSetupReq,22674
UpdateRouteReq,27303
UpdateRouteReq,55792
UpdateRouteReq,55527
FindNodeReq,45620
FindNodeRsp,49585
FindNodeReq,55319
UpdateRouteReq,28197
UpdateRouteReq,46276
UpdateRouteReq,30002
FindNodeRsp,69338
UpdateRouteReq,69302
FindNodeReq,53517
UpdateRouteReq,54671
UpdateRouteReq,74477
UpdateRouteReq,24871
UpdateRouteReq,42106
UpdateRouteReq,85044
UpdateRouteReq,85111
UpdateRouteReq,87849
UpdateRouteReq,56788
UpdateRouteReq,39111
UpdateRouteReq,28872
PathSetupReq,48312
UpdateRouteReq,53637
UpdateRouteReq,37553
UpdateRouteReq,128445
UpdateRouteReq,161848
UpdateRouteReq,274218
UpdateRouteReq,305933
UpdateRouteReq,40635
UpdateRouteReq,78967
UpdateRouteReq,97595
FindNodeReq,126230
UpdateRouteReq,60268
UpdateRouteReq,33200
UpdateRouteReq,38055
FindNodeReq,71413
UpdateRouteReq,240662
UpdateRouteReq,245326
PathTeardownReq,45126
FindNodeReq,89333
FindNodeReq,115953
Error,55972
UpdateRouteReq,85544
UpdateRouteReq,77711
UpdateRouteReq,49394
UpdateRouteReq,102360
UpdateRouteReq,21303
UpdateRouteReq,34608
UpdateRouteReq,25046
PathSetupReq,56367
FindNodeRsp,71986
UpdateRouteReq,297723
UpdateRouteReq,153873
UpdateRouteReq,49159
UpdateRouteReq,121115
UpdateRouteReq,147978
UpdateRouteReq,27131
UpdateRouteReq,25323
UpdateRouteReq,26215
UpdateRouteReq,56442
PathTeardownReq,47317
UpdateRouteReq,52239
UpdateRouteReq,38408
FindNodeReq,56507
FindNodeReq,47351
UpdateRouteReq,28609
UpdateRouteReq,46877
FindNodeReq,70142
UpdateRouteReq,43547
UpdateRouteReq,81097
UpdateRouteReq,56024
UpdateRouteReq,108372
UpdateRouteReq,97783
UpdateRouteReq,118157
UpdateRouteReq,65793
UpdateRouteReq,114518
UpdateRouteReq,159467
UpdateRouteReq,155709
UpdateRouteReq,181933
UpdateRouteReq,100157
UpdateRouteReq,26428
PathSetupReq,31445
PathTeardownReq,36944
UpdateRouteReq,120686
FindNodeReq,274543
FindNodeReq,345807
PathTeardownReq,434027
UpdateRouteReq,73935
FindNodeReq,69372
UpdateRouteReq,70483
UpdateRouteReq,36894
PathSetupReq,21705
PathTeardownReq,30986
UpdateRouteReq,90252
UpdateRouteReq,33892
UpdateRouteReq,90493
UpdateRouteReq,128655
UpdateRouteReq,195025
UpdateRouteReq,171437
UpdateRouteReq,55924
UpdateRouteReq,27814
UpdateRouteReq,58235
UpdateRouteReq,97588
UpdateRouteReq,53468
UpdateRouteReq,92432
UpdateRouteReq,121296
UpdateRouteReq,208544
UpdateRouteReq,153498
UpdateRouteReq,85933
UpdateRouteReq,112846
UpdateRouteReq,204754
UpdateRouteReq,239844
PathSetupReq,83921
UpdateRouteReq,102393
UpdateRouteReq,225274
UpdateRouteReq,259340
FindNodeReq,203374
UpdateRouteReq,210175
UpdateRouteReq,71147
UpdateRouteReq,70166
UpdateRouteReq,52154
UpdateRouteReq,24322
UpdateRouteReq,26281
UpdateRouteReq,62382
UpdateRouteReq,58909
UpdateRouteReq,28828
UpdateRouteReq,73445
UpdateRouteReq,91694
UpdateRouteReq,169904
UpdateRouteReq,106672
Error,35657
UpdateRouteReq,84895
Error,116043
UpdateRouteReq,67894
UpdateRouteReq,66977
UpdateRouteReq,141474
UpdateRouteReq,45984
UpdateRouteReq,31196
UpdateRouteReq,59184
UpdateRouteReq,47968
UpdateRouteReq,24191
FindNodeRsp,49673
FindNodeReq,50325
UpdateRouteReq,55071
UpdateRouteReq,105369
UpdateRouteReq,37280
UpdateRouteReq,73359
UpdateRouteReq,106816
UpdateRouteReq,71014
UpdateRouteReq,109625
UpdateRouteReq,168249
UpdateRouteReq,25397
UpdateRouteReq,41356
FindNodeReq,53647
UpdateRouteReq,85792
UpdateRouteReq,53689
UpdateRouteReq,53461
UpdateRouteReq,107901
UpdateRouteReq,96626
UpdateRouteReq,46266
UpdateRouteReq,54442
UpdateRouteReq,131901
UpdateRouteReq,145764
UpdateRouteReq,46789
FindNodeReq,81542
UpdateRouteReq,34834
UpdateRouteReq,57306
UpdateRouteReq,290131
UpdateRouteReq,21683
UpdateRouteReq,33072
UpdateRouteReq,104517
FindNodeReq,79937
UpdateRouteReq,26513
UpdateRouteReq,201228
UpdateRouteReq,99852
UpdateRouteReq,151223
UpdateRouteReq,125470
UpdateRouteReq,185846
UpdateRouteReq,422061
UpdateRouteReq,606400
UpdateRouteReq,614778
UpdateRouteReq,666742
PathTeardownReq,690539
UpdateRouteReq,112749
UpdateRouteReq,217566
UpdateRouteReq,217247
UpdateRouteReq,225335
UpdateRouteReq,80354
UpdateRouteReq,108880
FindNodeReq,148348
FindNodeReq,70294
UpdateRouteReq,51962
UpdateRouteReq,186210
FindNodeReq,252861
FindNodeReq,71548
UpdateRouteReq,68492
UpdateRouteReq,34069
UpdateRouteReq,55632
UpdateRouteReq,93722
UpdateRouteReq,36312
UpdateRouteReq,84681
UpdateRouteReq,37935
UpdateRouteReq,44947
UpdateRouteReq,41517
UpdateRouteReq,38362
UpdateRouteReq,59509
PathSetupReq,29126
UpdateRouteReq,36492
UpdateRouteReq,36661
UpdateRouteReq,60968
UpdateRouteReq,73289
UpdateRouteReq,40669
PathSetupReq,40246
UpdateRouteReq,37337
UpdateRouteReq,53099
UpdateRouteReq,33933
PathSetupReq,27542
PathTeardownReq,33463
UpdateRouteReq,38238
PathTeardownReq,31118
PathSetupReq,29330
PathTeardownReq,34437
UpdateRouteReq,550822
FindNodeReq,153939
FindNodeReq,65159
UpdateRouteReq,63209
UpdateRouteReq,62415
UpdateRouteReq,29772
UpdateRouteReq,44944
UpdateRouteReq,73858
UpdateRouteReq,88063
UpdateRouteReq,32214
UpdateRouteReq,19716
Error,64566
UpdateRouteReq,36220
UpdateRouteReq,17239
UpdateRouteReq,24891
UpdateRouteReq,16450
UpdateRouteReq,18121
FindNodeReq,51825
FindNodeReq,35809
Error,36505
FindNodeReq,36495
FindNodeRsp,39439
UpdateRouteReq,67165
UpdateRouteReq,40119
UpdateRouteReq,37250
UpdateRouteReq,148537
UpdateRouteReq,39604
Error,94455
UpdateRouteReq,135922
UpdateRouteReq,214987
PathSetupReq,25964
UpdateRouteReq,32396
FindNodeReq,89342
PathSetupReq,112266
UpdateRouteReq,116674
UpdateRouteReq,140703
UpdateRouteReq,293965
UpdateRouteReq,297765
UpdateRouteReq,181164
UpdateRouteReq,243360
UpdateRouteReq,275516
UpdateRouteReq,337440
FindNodeReq,446570
UpdateRouteReq,252884
UpdateRouteReq,295612
UpdateRouteReq,79921
PathTeardownReq,80106
PathSetupReq,120196
PathTeardownReq,102333
UpdateRouteReq,29940
UpdateRouteReq,41814
UpdateRouteReq,64572
UpdateRouteReq,58026
UpdateRouteReq,136030
Error,98221
UpdateRouteReq,58358
UpdateRouteReq,55851
UpdateRouteReq,28982
UpdateRouteReq,32161
Error,62003
UpdateRouteReq,30912
UpdateRouteReq,112255
UpdateRouteReq,33577
FindNodeReq,156921
UpdateRouteReq,146637
UpdateRouteReq,402996
FindNodeReq,504795
UpdateRouteReq,511104
PathTeardownReq,27686
FindNodeReq,58607
UpdateRouteReq,30461
PathSetupReq,58273
UpdateRouteReq,43241
UpdateRouteReq,43624
UpdateRouteReq,32284
FindNodeReq,123522
Error,51960
UpdateRouteReq,698773
UpdateRouteReq,838268
UpdateRouteReq,905673
UpdateRouteReq,1043324
UpdateRouteReq,1163811
UpdateRouteReq,1250753
UpdateRouteReq,1354697
UpdateRouteReq,1411317
UpdateRouteReq,247475
UpdateRouteReq,417486
UpdateRouteReq,62657
FindNodeReq,91211
UpdateRouteReq,64158
UpdateRouteReq,71916
UpdateRouteReq,50750
PathSetupReq,49554
UpdateRouteReq,28237
UpdateRouteReq,28838
UpdateRouteReq,83391
UpdateRouteReq,52660
UpdateRouteReq,31680
Error,126151
UpdateRouteReq,128767
UpdateRouteReq,165495
UpdateRouteReq,181504
UpdateRouteReq,202439
UpdateRouteReq,105418
UpdateRouteReq,38784
UpdateRouteReq,27205
UpdateRouteReq,65173
PathTeardownReq,90547
UpdateRouteReq,47196
FindNodeReq,90812
FindNodeReq,51465
UpdateRouteReq,147669
UpdateRouteReq,151118
UpdateRouteReq,229360
UpdateRouteReq,42791
PathTeardownReq,23741
UpdateRouteReq,28951
UpdateRouteReq,27480
PathSetupReq,21287
UpdateRouteReq,209985
UpdateRouteReq,326450
UpdateRouteReq,358516
UpdateRouteReq,473754
UpdateRouteReq,341561
UpdateRouteReq,417426
UpdateRouteReq,27530
UpdateRouteReq,27521
UpdateRouteReq,29082
PathTeardownReq,24022
UpdateRouteReq,313420
UpdateRouteReq,180594
UpdateRouteReq,253974
UpdateRouteReq,353005
UpdateRouteReq,211135
UpdateRouteReq,226033
UpdateRouteReq,294437
FindNodeReq,170470
UpdateRouteReq,231766
PathSetupReq,233365
PathSetupReq,253604
PathTeardownReq,34012
UpdateRouteReq,64329
PathSetupReq,21975
FindNodeReq,79787
FindNodeReq,111295
UpdateRouteReq,121764
UpdateRouteReq,55603
UpdateRouteReq,136685
UpdateRouteReq,98905
UpdateRouteReq,188884
UpdateRouteReq,258892
UpdateRouteReq,331131
UpdateRouteReq,190448
UpdateRouteReq,264283
UpdateRouteReq,30574
PathTeardownReq,34830
PathTeardownReq,62341
FindNodeReq,96109
FindNodeReq,157180
UpdateRouteReq,183961
UpdateRouteReq,29787
PathSetupReq,52845
FindNodeReq,51855
UpdateRouteReq,38514
PathTeardownReq,37812
PathSetupReq,22049
PathTeardownReq,35895
FindNodeReq,91664
UpdateRouteReq,55076
PathSetupReq,37257
UpdateRouteReq,37209
UpdateRouteReq,54975
UpdateRouteReq,47085
UpdateRouteReq,46115
UpdateRouteReq,114713
UpdateRouteReq,99613
UpdateRouteReq,38804
UpdateRouteReq,82992
UpdateRouteReq,66555
UpdateRouteReq,30394
FindNodeReq,64770
FindNodeReq,47212
UpdateRouteReq,47954
PathTeardownReq,67353
FindNodeReq,64132
FindNodeReq,54955
UpdateRouteReq,29303
UpdateRouteReq,59988
UpdateRouteReq,82891
UpdateRouteReq,140877
UpdateRouteReq,131444
UpdateRouteReq,78488
PathSetupReq,98441
PathTeardownReq,63797
FindNodeRsp,77727
UpdateRouteReq,140689
PathSetupReq,142172
UpdateRouteReq,169283
UpdateRouteReq,239417
UpdateRouteReq,263427
UpdateRouteReq,381939
FindNodeRsp,54595
UpdateRouteReq,84672
UpdateRouteReq,39319
UpdateRouteReq,41300
UpdateRouteReq,72390
UpdateRouteReq,90581
UpdateRouteReq,167838
FindNodeReq,78345
UpdateRouteReq,30047
UpdateRouteReq,29510
FindNodeRsp,55522
UpdateRouteReq,117103
UpdateRouteReq,166745
UpdateRouteReq,84158
UpdateRouteReq,70555
UpdateRouteReq,38654
UpdateRouteReq,166941
UpdateRouteReq,266843
UpdateRouteReq,53429
UpdateRouteReq,28742
UpdateRouteReq,56254
UpdateRouteReq,29546
UpdateRouteReq,64834
PathTeardownReq,84696
UpdateRouteReq,104633
UpdateRouteReq,112299
UpdateRouteReq,79489
UpdateRouteReq,153552
FindNodeReq,143555
UpdateRouteReq,208624
FindNodeReq,59932
UpdateRouteReq,177476
UpdateRouteReq,241419
UpdateRouteReq,535114
FindNodeReq,257130
UpdateRouteReq,325821
FindNodeReq,405964
UpdateRouteReq,368351
UpdateRouteReq,441739
QueryRouteReq,537929
UpdateRouteReq,225872
UpdateRouteReq,375967
UpdateRouteReq,201217
UpdateRouteReq,149395
UpdateRouteReq,305045
UpdateRouteReq,324727
UpdateRouteReq,359152
UpdateRouteReq,395389
UpdateRouteReq,431094
UpdateRouteReq,441084
UpdateRouteReq,459904
PathSetupReq,181103
PathTeardownReq,185624
UpdateRouteReq,318180
UpdateRouteReq,625169
UpdateRouteReq,643010
PathSetupReq,687578
PathTeardownReq,717227
UpdateRouteReq,720438
Error,122067
UpdateRouteReq,157014
FindNodeReq,110665
UpdateRouteReq,32010
UpdateRouteReq,22129
Error,99977
FindNodeRsp,61302
Error,70627
UpdateRouteReq,283561
UpdateRouteReq,369124
UpdateRouteReq,460143
UpdateRouteReq,520064
FindNodeReq,592536
UpdateRouteReq,605614
FindNodeReq,687888
UpdateRouteReq,734524
UpdateRouteReq,330337
PathSetupReq,369145
UpdateRouteReq,385669
UpdateRouteReq,432050
UpdateRouteReq,512988
PathTeardownReq,514879
UpdateRouteReq,310844
FindNodeReq,373272
FindNodeReq,426656
UpdateRouteReq,459988
FindNodeReq,569159
FindNodeReq,669948
UpdateRouteReq,685709
FindNodeReq,46709
Error,43706
UpdateRouteReq,22605
PathSetupReq,47268
UpdateRouteReq,61154
UpdateRouteReq,23093
UpdateRouteReq,31563
UpdateRouteReq,60367
PathSetupReq,61465
UpdateRouteReq,44103
UpdateRouteReq,34148
Error,50844
UpdateRouteReq,125496
UpdateRouteReq,143694
UpdateRouteReq,214535
UpdateRouteReq,205929
UpdateRouteReq,322995
Error,26654
UpdateRouteReq,213314
UpdateRouteReq,244840
UpdateRouteReq,262948
UpdateRouteReq,137443
UpdateRouteReq,339965
UpdateRouteReq,373699
UpdateRouteReq,443077
UpdateRouteReq,324879
UpdateRouteReq,317417
FindNodeReq,355729
UpdateRouteReq,391885
UpdateRouteReq,197178
UpdateRouteReq,213589
UpdateRouteReq,282045
UpdateRouteReq,346015
UpdateRouteReq,398864
UpdateRouteReq,51918
UpdateRouteReq,151432
UpdateRouteReq,158547
UpdateRouteReq,117729
UpdateRouteReq,176774
UpdateRouteReq,49989
UpdateRouteReq,97000
UpdateRouteReq,80480
UpdateRouteReq,96358
Error,50592
Error,350646
FindNodeRsp,223668
PathTeardownReq,240649
FindNodeReq,346742
UpdateRouteReq,391389
UpdateRouteReq,438828
UpdateRouteReq,502233
UpdateRouteReq,55600
UpdateRouteReq,140901
PathSetupReq,193742
UpdateRouteReq,80349
UpdateRouteReq,134378
PathTeardownReq,43756
UpdateRouteReq,137866
UpdateRouteReq,180716
UpdateRouteReq,233655
PathSetupReq,255742
UpdateRouteReq,257988
UpdateRouteReq,322426
UpdateRouteReq,101675
FindNodeReq,167789
PathTeardownReq,170282
PathSetupReq,77519
FindNodeReq,117226
UpdateRouteReq,123841
FindNodeReq,43110
UpdateRouteReq,32643
PathSetupReq,31003
UpdateRouteReq,95887
UpdateRouteReq,137508
PathSetupReq,104393
UpdateRouteReq,120313
UpdateRouteReq,240314
Error,137044
UpdateRouteReq,24208
UpdateRouteReq,23778
UpdateRouteReq,23104
FindNodeRsp,56700
UpdateRouteReq,25160
FindNodeRsp,66536
UpdateRouteReq,165005
UpdateRouteReq,82896
UpdateRouteReq,24152
PathSetupReq,19856
UpdateRouteReq,22570
FindNodeRsp,82300
UpdateRouteReq,23191
UpdateRouteReq,50027
UpdateRouteReq,21251
UpdateRouteReq,22350
UpdateRouteReq,46384
UpdateRouteReq,45242
UpdateRouteReq,40273
UpdateRouteReq,67967
UpdateRouteReq,71401
UpdateRouteReq,89421
UpdateRouteReq,34374
UpdateRouteReq,88012
UpdateRouteReq,24131
UpdateRouteReq,34834
UpdateRouteReq,30180
UpdateRouteReq,96821
UpdateRouteReq,191408
UpdateRouteReq,30169
UpdateRouteReq,43251
UpdateRouteReq,25419
PathTeardownReq,43000
UpdateRouteReq,55438
UpdateRouteReq,30283
UpdateRouteReq,90663
UpdateRouteReq,125824
UpdateRouteReq,32237
UpdateRouteReq,96871
FindNodeReq,116786
UpdateRouteReq,164941
FindNodeReq,96985
UpdateRouteReq,55730
PathSetupReq,32598
UpdateRouteReq,31882
UpdateRouteReq,23204
UpdateRouteReq,23270
UpdateRouteReq,23610
UpdateRouteReq,72064
Error,20039
PathTeardownReq,20490
Error,50772
Error,44379
Error,58757
UpdateRouteReq,31053
UpdateRouteReq,48606
UpdateRouteReq,72009
UpdateRouteReq,76025
UpdateRouteReq,142448
UpdateRouteReq,218650
UpdateRouteReq,150861
FindNodeReq,180354
FindNodeReq,89425
FindNodeReq,42574
UpdateRouteReq,43748
FindNodeReq,49564
UpdateRouteReq,134489
UpdateRouteReq,86375
UpdateRouteReq,62113
UpdateRouteReq,111935
UpdateRouteReq,169873
UpdateRouteReq,188604
UpdateRouteReq,246909
UpdateRouteReq,65228
UpdateRouteReq,90094
UpdateRouteReq,163982
UpdateRouteReq,183507
UpdateRouteReq,269541
UpdateRouteReq,232430
FindNodeRsp,277160
UpdateRouteReq,280278
PathSetupReq,281434
FindNodeRsp,292292
FindNodeRsp,301977
UpdateRouteReq,323689
UpdateRouteReq,190846
Error,20429
UpdateRouteReq,36539
UpdateRouteReq,25541
PathTeardownReq,18775
UpdateRouteReq,23309
UpdateRouteReq,24013
UpdateRouteReq,23776
QueryRouteReq,39527
UpdateRouteReq,32747
PathTeardownReq,18999
FindNodeReq,45621
UpdateRouteReq,21413
UpdateRouteReq,21472
UpdateRouteReq,21015
FindNodeReq,41773
FindNodeReq,45839
UpdateRouteReq,31913
UpdateRouteReq,23138
UpdateRouteReq,22689
UpdateRouteReq,31685
UpdateRouteReq,23577
UpdateRouteReq,21079
PathSetupReq,19221
UpdateRouteReq,42596
UpdateRouteReq,23796
UpdateRouteReq,23112
UpdateRouteReq,40766
UpdateRouteReq,59943
UpdateRouteReq,21643
UpdateRouteReq,21925
PathTeardownReq,67110
FindNodeReq,96052
FindNodeReq,45110
FindNodeReq,47102
UpdateRouteReq,22305
UpdateRouteReq,23172
UpdateRouteReq,43526
UpdateRouteReq,28890
UpdateRouteReq,20334
UpdateRouteReq,20899
UpdateRouteReq,25367
FindNodeReq,46789
UpdateRouteReq,23339
UpdateRouteReq,57879
UpdateRouteReq,22237
UpdateRouteReq,22596
PathSetupReq,41330
UpdateRouteReq,49337
UpdateRouteReq,33374
UpdateRouteReq,36370
UpdateRouteReq,23941
UpdateRouteReq,22578
UpdateRouteReq,21524
UpdateRouteReq,180971
UpdateRouteReq,71130
UpdateRouteReq,46538
UpdateRouteReq,21442
UpdateRouteReq,42818
UpdateRouteReq,37672
FindNodeReq,97750
UpdateRouteReq,101656
UpdateRouteReq,21811
FindNodeReq,47810
UpdateRouteReq,137335
UpdateRouteReq,41363
UpdateRouteReq,38816
UpdateRouteReq,40502
UpdateRouteReq,78292
UpdateRouteReq,39132
UpdateRouteReq,20722
UpdateRouteReq,116449
FindNodeReq,56586
FindNodeReq,49812
UpdateRouteReq,21177
UpdateRouteReq,21037
FindNodeReq,54806
PathSetupReq,292249
PathTeardownReq,296653
UpdateRouteReq,368082
QueryRouteReq,402462
UpdateRouteReq,379915
Error,428334
UpdateRouteReq,433409
PathSetupReq,434842
UpdateRouteReq,437810
UpdateRouteReq,457768
FindNodeReq,484903
UpdateRouteReq,489726
UpdateRouteReq,509606
UpdateRouteReq,617771
UpdateRouteReq,726253
UpdateRouteReq,805335
UpdateRouteReq,256278
UpdateRouteReq,306796
UpdateRouteReq,310070
FindNodeReq,336293
FindNodeReq,361686
FindNodeReq,387698
UpdateRouteReq,391527
Error,444406
UpdateRouteReq,541206
FindNodeRsp,63222
UpdateRouteReq,81276
UpdateRouteReq,33405
UpdateRouteReq,96587
UpdateRouteReq,169992
UpdateRouteReq,264774
UpdateRouteReq,305841
UpdateRouteReq,320727
Error,46571
FindNodeReq,61032
Error,40691
UpdateRouteReq,109991
Error,60969
Error,77520
Error,63321
UpdateRouteReq,23520
UpdateRouteReq,75366
UpdateRouteReq,23616
Error,54369
UpdateRouteReq,25091
UpdateRouteReq,87274
UpdateRouteReq,89403
UpdateRouteReq,129649
PathSetupReq,76066
UpdateRouteReq,105822
PathTeardownReq,56345
Error,81873
UpdateRouteReq,79311
UpdateRouteReq,111521
Error,147316
UpdateRouteReq,206594
UpdateRouteReq,209623
PathSetupReq,224366
UpdateRouteReq,51217
UpdateRouteReq,47892
UpdateRouteReq,58952
UpdateRouteReq,63834
UpdateRouteReq,20927
UpdateRouteReq,66249
UpdateRouteReq,115051
UpdateRouteReq,159934
UpdateRouteReq,108641
FindNodeRsp,74904
UpdateRouteReq,32841
UpdateRouteReq,22026
UpdateRouteReq,32312
UpdateRouteReq,55741
UpdateRouteReq,24206
PathTeardownReq,74728
UpdateRouteReq,92309
FindNodeReq,66485
UpdateRouteReq,68072
FindNodeReq,84152
UpdateRouteReq,82431
UpdateRouteReq,23600
UpdateRouteReq,21818
UpdateRouteReq,24791
UpdateRouteReq,37750
PathSetupReq,53482
FindNodeReq,56729
PathTeardownReq,57299
UpdateRouteReq,79458
UpdateRouteReq,163758
UpdateRouteReq,37937
UpdateRouteReq,39483
UpdateRouteReq,26091
UpdateRouteReq,23228
UpdateRouteReq,22558
PathSetupReq,19682
UpdateRouteReq,33153
UpdateRouteReq,137267
UpdateRouteReq,83658
UpdateRouteReq,23656
UpdateRouteReq,23170
FindNodeReq,67105
UpdateRouteReq,31806
UpdateRouteReq,24056
UpdateRouteReq,89130
UpdateRouteReq,66008
UpdateRouteReq,30956
UpdateRouteReq,70547
UpdateRouteReq,23387
UpdateRouteReq,34281
PathTeardownReq,110311
PathTeardownReq,28126
UpdateRouteReq,45592
FindNodeReq,129117
PathTeardownReq,172093
UpdateRouteReq,44621
UpdateRouteReq,21520
QueryRouteReq,36405
QueryRouteReq,56843
UpdateRouteReq,34348
UpdateRouteReq,47779
UpdateRouteReq,22585
UpdateRouteReq,31494
UpdateRouteReq,22231
UpdateRouteReq,21784
UpdateRouteReq,24535
UpdateRouteReq,23624
UpdateRouteReq,23894
UpdateRouteReq,22202
UpdateRouteReq,32984
UpdateRouteReq,46808
UpdateRouteReq,22137
PathSetupReq,18981
UpdateRouteReq,23948
UpdateRouteReq,23526
UpdateRouteReq,45559
PathTeardownReq,20566
PathTeardownReq,45392
UpdateRouteReq,44487
UpdateRouteReq,43377
QueryRouteReq,57254
UpdateRouteReq,59252
PathSetupReq,39107
PathTeardownReq,39837
FindNodeReq,68953
UpdateRouteReq,96591
UpdateRouteReq,55777
UpdateRouteReq,61022
UpdateRouteReq,66820
UpdateRouteReq,66868
UpdateRouteReq,47712
UpdateRouteReq,99206
UpdateRouteReq,57331
PathSetupReq,28622
UpdateRouteReq,30373
UpdateRouteReq,43422
UpdateRouteReq,32716
UpdateRouteReq,90012
FindNodeReq,51757
UpdateRouteReq,113981
UpdateRouteReq,25103
UpdateRouteReq,21132
UpdateRouteReq,54172
UpdateRouteReq,58589
UpdateRouteReq,63969
UpdateRouteReq,29192
UpdateRouteReq,69229
UpdateRouteReq,23418
UpdateRouteReq,69071
PathTeardownReq,42714
FindNodeReq,47565
UpdateRouteReq,22306
UpdateRouteReq,75347
UpdateRouteReq,33597
PathSetupReq,46341
UpdateRouteReq,21021
UpdateRouteReq,48801
UpdateRouteReq,48745
UpdateRouteReq,23663
UpdateRouteReq,79735
UpdateRouteReq,61144
UpdateRouteReq,30333
UpdateRouteReq,66981
UpdateRouteReq,32341
PathTeardownReq,20633
FindNodeReq,54006
FindNodeReq,101786
FindNodeReq,64075
FindNodeReq,96936
FindNodeReq,138235
UpdateRouteReq,86261
UpdateRouteReq,149430
UpdateRouteReq,44713
UpdateRouteReq,44661
FindNodeReq,194411
UpdateRouteReq,107994
UpdateRouteReq,54682
PathTeardownReq,37451
PathTeardownReq,36527
UpdateRouteReq,217979
UpdateRouteReq,319281
UpdateRouteReq,60478
UpdateRouteReq,52930
UpdateRouteReq,100758
FindNodeRsp,91165
UpdateRouteReq,45933
UpdateRouteReq,230199
UpdateRouteReq,327774
UpdateRouteReq,119253
UpdateRouteReq,40872
UpdateRouteReq,297273
UpdateRouteReq,359740
QueryRouteReq,420474
UpdateRouteReq,73952
UpdateRouteReq,184525
FindNodeRsp,409379
QueryRouteReq,442760
UpdateRouteReq,475441
UpdateRouteReq,203636
UpdateRouteReq,367619
FindNodeRsp,81060
UpdateRouteReq,287529
UpdateRouteReq,101885
UpdateRouteReq,162730
UpdateRouteReq,183863
UpdateRouteReq,201261
UpdateRouteReq,147421
UpdateRouteReq,189969
UpdateRouteReq,294894
UpdateRouteReq,580285
UpdateRouteReq,45111
PathSetupReq,33787
UpdateRouteReq,139857
UpdateRouteReq,139272
PathSetupReq,141585
UpdateRouteReq,147713
UpdateRouteReq,43619
UpdateRouteReq,80002
UpdateRouteReq,193432
PathTeardownReq,37254
FindNodeReq,172401
UpdateRouteReq,42817
PathSetupReq,287269
UpdateRouteReq,292314
UpdateRouteReq,106987
UpdateRouteReq,234133
PathTeardownReq,159145
UpdateRouteReq,349220
UpdateRouteReq,454804
UpdateRouteReq,599447
UpdateRouteReq,100536
QueryRouteReq,129323
UpdateRouteReq,167534
PathTeardownReq,187334
UpdateRouteReq,280344
UpdateRouteReq,360904
UpdateRouteReq,284932
UpdateRouteReq,243067
UpdateRouteReq,59345
UpdateRouteReq,129773
FindNodeReq,196839
UpdateRouteReq,390066
UpdateRouteReq,293329
UpdateRouteReq,64953
UpdateRouteReq,228267
PathSetupReq,373972
UpdateRouteReq,408526
UpdateRouteReq,457210
UpdateRouteReq,565301
UpdateRouteReq,165828
UpdateRouteReq,203127
UpdateRouteReq,467279
UpdateRouteReq,644153
UpdateRouteReq,628354
UpdateRouteReq,737466
UpdateRouteReq,834696
UpdateRouteReq,1034569
UpdateRouteReq,1039153
UpdateRouteReq,212015
UpdateRouteReq,267654
UpdateRouteReq,202007
UpdateRouteReq,116938
UpdateRouteReq,126004
PathSetupReq,120439
UpdateRouteReq,83775
UpdateRouteReq,185321
UpdateRouteReq,347552
UpdateRouteReq,308909
FindNodeReq,82207
UpdateRouteReq,52471
UpdateRouteReq,94315
UpdateRouteReq,146417
UpdateRouteReq,181967
UpdateRouteReq,287846
UpdateRouteReq,421384
UpdateRouteReq,428619
UpdateRouteReq,132742
UpdateRouteReq,310201
UpdateRouteReq,384268
UpdateRouteReq,379845
UpdateRouteReq,497356
UpdateRouteReq,322046
FindNodeReq,260690
UpdateRouteReq,192810
UpdateRouteReq,96428
UpdateRouteReq,277419
UpdateRouteReq,412882
UpdateRouteReq,133512
UpdateRouteReq,251582
UpdateRouteReq,284128
UpdateRouteReq,107379
FindNodeReq,80381
UpdateRouteReq,38253
UpdateRouteReq,101364
UpdateRouteReq,99047
UpdateRouteReq,192645
UpdateRouteReq,310437
UpdateRouteReq,194114
UpdateRouteReq,205196
UpdateRouteReq,134024
UpdateRouteReq,38979
UpdateRouteReq,253597
UpdateRouteReq,268200
UpdateRouteReq,297880
UpdateRouteReq,105436
UpdateRouteReq,289920
UpdateRouteReq,264994
UpdateRouteReq,360684
UpdateRouteReq,494909
PathTeardownReq,163039
UpdateRouteReq,57086
UpdateRouteReq,161772
UpdateRouteReq,254377
UpdateRouteReq,325110
FindNodeReq,257314
FindNodeReq,302100
UpdateRouteReq,235385
UpdateRouteReq,375432
PathSetupReq,427463
UpdateRouteReq,434397
UpdateRouteReq,567495
UpdateRouteReq,768195
FindNodeReq,814269
FindNodeReq,340005
FindNodeReq,378786
UpdateRouteReq,457720
UpdateRouteReq,135806
UpdateRouteReq,195043
UpdateRouteReq,200300
UpdateRouteReq,534249
UpdateRouteReq,538532
UpdateRouteReq,637508
UpdateRouteReq,204494
UpdateRouteReq,308833
UpdateRouteReq,119196
UpdateRouteReq,123221
UpdateRouteReq,77205
UpdateRouteReq,140219
UpdateRouteReq,222427
UpdateRouteReq,298124
UpdateRouteReq,400743
UpdateRouteReq,209751
UpdateRouteReq,34039
UpdateRouteReq,114345
UpdateRouteReq,149942
UpdateRouteReq,250543
UpdateRouteReq,189810
UpdateRouteReq,33957
UpdateRouteReq,106041
UpdateRouteReq,137206
UpdateRouteReq,241602
UpdateRouteReq,87455
UpdateRouteReq,81998
UpdateRouteReq,31954
UpdateRouteReq,216681
FindNodeRsp,110364
QueryRouteReq,158280
UpdateRouteReq,568160
UpdateRouteReq,751282
UpdateRouteReq,133308
UpdateRouteReq,70922
PathSetupReq,38714
UpdateRouteReq,72027
FindNodeReq,173198
FindNodeRsp,102949
QueryRouteReq,161831
UpdateRouteReq,140309
QueryRouteReq,82886
UpdateRouteReq,43414
UpdateRouteReq,62619
UpdateRouteReq,70286
PathSetupReq,38875
UpdateRouteReq,80871
UpdateRouteReq,77326
Error,147263
Error,129729
UpdateRouteReq,55365
Error,139103
Error,84251
Error,59464
Error,134831
Error,54829
Error,109410
Error,100238
Error,51785
FindNodeRsp,86833
FindNodeReq,115977
FindNodeReq,159373
UpdateRouteReq,91010
FindNodeReq,173398
FindNodeReq,160442
Error,162603
Error,153411
Error,106757
Error,98416
Error,132725
Error,133464
Error,95074
Error,93500
Error,66426
Error,103463
Error,93469
Error,83657
Error,44891
Error,92726
Error,49667
PNHello,125114
PNDiscRsp,97506
FindNodeRsp,94768
FindNodeRsp,121881
UpdateRouteReq,285641
FindNodeReq,170938
UpdateRouteReq,104431
UpdateRouteReq,57983
UpdateRouteReq,51823
UpdateRouteReq,47830
UpdateRouteReq,47517
FindNodeRsp,108387
FindNodeReq,169122
FindNodeRsp,158037
FindNodeReq,169820
FindNodeReq,118381
FindNodeReq,167754
FindNodeRsp,130401
FindNodeReq,166361
PNDiscReq,165412
FindNodeRsp,123837
FindNodeRsp,130550
FindNodeRsp,182952
FindNodeRsp,107502
UpdateRouteReq,532866
UpdateRouteReq,456217
UpdateRouteReq,665838
UpdateRouteReq,789251
UpdateRouteReq,998186
UpdateRouteReq,1180641
UpdateRouteReq,483226
UpdateRouteReq,80907
PathTeardownReq,64779
PathSetupReq,54137
PathTeardownReq,58334
UpdateRouteReq,100798
UpdateRouteReq,363489
UpdateRouteReq,534868
UpdateRouteReq,697489
UpdateRouteReq,432673
UpdateRouteReq,454102
UpdateRouteReq,587593
FindNodeReq,126501
FindNodeReq,101487
FindNodeReq,100594
FindNodeReq,100692
UpdateRouteReq,89074
UpdateRouteReq,52459
UpdateRouteReq,55720
UpdateRouteReq,264482
UpdateRouteReq,105656
UpdateRouteReq,342291
UpdateRouteReq,478353
UpdateRouteReq,289130
UpdateRouteReq,185407
FindNodeReq,172692
PathSetupReq,61350
PathSetupReq,111517
QueryRouteReq,89289
UpdateRouteReq,240612
QueryRouteReq,75458
UpdateRouteReq,89104
UpdateRouteReq,77349
UpdateRouteReq,65422
PathSetupReq,58417
UpdateRouteReq,91500
PathSetupReq,80511
UpdateRouteReq,88542
UpdateRouteReq,494673
UpdateRouteReq,431291
UpdateRouteReq,418227
UpdateRouteReq,597995
UpdateRouteReq,896710
UpdateRouteReq,134535
UpdateRouteReq,104645
UpdateRouteReq,102821
PathSetupReq,83807
FindNodeReq,173860
QueryRouteReq,155897
FindNodeRsp,116582
FindNodeReq,155929
FindNodeReq,157527
UpdateRouteReq,142261
UpdateRouteReq,326256
UpdateRouteReq,445371
UpdateRouteReq,607471
UpdateRouteReq,314953
FindNodeReq,170668
UpdateRouteReq,90570
UpdateRouteReq,109108
UpdateRouteReq,152947
UpdateRouteReq,137949
UpdateRouteReq,166516
UpdateRouteReq,245253
UpdateRouteReq,167076
FindNodeReq,264559
FindNodeReq,171209
FindNodeReq,167720
UpdateRouteReq,187916
UpdateRouteReq,72494
FindNodeReq,150884
UpdateRouteReq,211796
UpdateRouteReq,160855
UpdateRouteReq,140613
UpdateRouteReq,229150
FindNodeRsp,149996
UpdateRouteReq,195836
FindNodeReq,192440
UpdateRouteReq,192421
FindNodeReq,173980
FindNodeRsp,123449
PathTeardownReq,46451
FindNodeReq,174243
FindNodeRsp,121609
UpdateRouteReq,64728
QueryRouteReq,233367
UpdateRouteReq,226520
QueryRouteReq,87803
UpdateRouteReq,75504
PathSetupReq,41766
UpdateRouteReq,97578
UpdateRouteReq,146390
UpdateRouteReq,310550
UpdateRouteReq,203700
UpdateRouteReq,65252
FindNodeReq,167237
UpdateRouteReq,47025
UpdateRouteReq,144405
UpdateRouteReq,65417
UpdateRouteReq,43903
UpdateRouteReq,42374
UpdateRouteReq,44410
UpdateRouteReq,76566
UpdateRouteReq,50227
UpdateRouteReq,48573
UpdateRouteReq,76616
UpdateRouteReq,48203
FindNodeRsp,133796
UpdateRouteReq,115531
FindNodeRsp,143917
UpdateRouteReq,140361
FindNodeReq,156413
UpdateRouteReq,73262
UpdateRouteReq,192728
UpdateRouteReq,136325
UpdateRouteReq,115680
UpdateRouteReq,183210
UpdateRouteReq,343220
UpdateRouteReq,175336
UpdateRouteReq,249763
UpdateRouteReq,195786
UpdateRouteReq,146009
UpdateRouteReq,75724
PathTeardownReq,44479
FindNodeRsp,118037
UpdateRouteReq,113037
UpdateRouteReq,69998
UpdateRouteReq,72976
UpdateRouteReq,48330
PathSetupReq,40675
UpdateRouteReq,94870
FindNodeReq,159600
UpdateRouteReq,70666
UpdateRouteReq,74162
FindNodeRsp,107764
UpdateRouteReq,73351
UpdateRouteReq,157504
UpdateRouteReq,203316
UpdateRouteReq,60304
UpdateRouteReq,45681
UpdateRouteReq,96725
UpdateRouteReq,52770
UpdateRouteReq,116561
UpdateRouteReq,134730
FindNodeReq,171953
UpdateRouteReq,94290
UpdateRouteReq,103458
UpdateRouteReq,255762
UpdateRouteReq,146349
UpdateRouteReq,139981
FindNodeReq,235082
UpdateRouteReq,80068
UpdateRouteReq,52998
UpdateRouteReq,49247
UpdateRouteReq,47347
UpdateRouteReq,50505
UpdateRouteReq,196405
UpdateRouteReq,85908
QueryRouteReq,192128
UpdateRouteReq,178732
FindNodeReq,251180
QueryRouteReq,95494
UpdateRouteReq,270178
FindNodeRsp,73890
UpdateRouteReq,47466
UpdateRouteReq,50650
PathSetupReq,37532
UpdateRouteReq,58174
UpdateRouteReq,74025
UpdateRouteReq,58750
UpdateRouteReq,94230
FindNodeReq,158189
FindNodeReq,167158
FindNodeReq,171560
UpdateRouteReq,150372
UpdateRouteReq,44956
UpdateRouteReq,43271
UpdateRouteReq,76610
UpdateRouteReq,49979
UpdateRouteReq,50821
UpdateRouteReq,48375
UpdateRouteReq,47606
FindNodeRsp,153892
UpdateRouteReq,72217
UpdateRouteReq,132713
UpdateRouteReq,140904
UpdateRouteReq,194740
UpdateRouteReq,107477
UpdateRouteReq,167997
UpdateRouteReq,308246
UpdateRouteReq,77871
PathTeardownReq,42543
FindNodeReq,104221
UpdateRouteReq,192585
QueryRouteReq,140456
FindNodeRsp,67244
UpdateRouteReq,53168
PathSetupReq,40303
FindNodeReq,163824
UpdateRouteReq,172297
UpdateRouteReq,135795
UpdateRouteReq,193903
FindNodeReq,172060
UpdateRouteReq,94908
UpdateRouteReq,197368
UpdateRouteReq,132736
UpdateRouteReq,147470
UpdateRouteReq,214347
UpdateRouteReq,102613
UpdateRouteReq,77950
UpdateRouteReq,52915
UpdateRouteReq,49157
UpdateRouteReq,50748
UpdateRouteReq,53175
UpdateRouteReq,49523
UpdateRouteReq,50044
FindNodeReq,96402
FindNodeReq,220286
UpdateRouteReq,93220
FindNodeReq,169672
UpdateRouteReq,90782
UpdateRouteReq,86222
UpdateRouteReq,239071
UpdateRouteReq,150390
UpdateRouteReq,191356
UpdateRouteReq,178650
UpdateRouteReq,320978
UpdateRouteReq,190740
FindNodeReq,215445
UpdateRouteReq,88578
UpdateRouteReq,119510
UpdateRouteReq,102746
UpdateRouteReq,146218
UpdateRouteReq,193592
UpdateRouteReq,235913
UpdateRouteReq,61337
UpdateRouteReq,74810
PathTeardownReq,41727
FindNodeReq,165605
FindNodeRsp,105803
UpdateRouteReq,158922
QueryRouteReq,144973
FindNodeRsp,73063
UpdateRouteReq,48266
UpdateRouteReq,98283
UpdateRouteReq,74967
PathSetupReq,42694
FindNodeReq,136044
UpdateRouteReq,76479
UpdateRouteReq,119139
UpdateRouteReq,137701
UpdateRouteReq,44898
UpdateRouteReq,195091
FindNodeReq,161002
UpdateRouteReq,115926
UpdateRouteReq,97011
UpdateRouteReq,165892
UpdateRouteReq,100739
UpdateRouteReq,193228
UpdateRouteReq,104590
UpdateRouteReq,109442
UpdateRouteReq,221088
UpdateRouteReq,108918
UpdateRouteReq,97779
FindNodeReq,165331
UpdateRouteReq,81242
UpdateRouteReq,52181
UpdateRouteReq,49724
UpdateRouteReq,51743
UpdateRouteReq,49032
UpdateRouteReq,92838
UpdateRouteReq,87133
UpdateRouteReq,142066
UpdateRouteReq,278492
UpdateRouteReq,143564
UpdateRouteReq,239244
UpdateRouteReq,374232
UpdateRouteReq,152477
FindNodeReq,173741
UpdateRouteReq,233564
UpdateRouteReq,144915
UpdateRouteReq,46519
UpdateRouteReq,43961
UpdateRouteReq,44118
UpdateRouteReq,45295
UpdateRouteReq,42765
UpdateRouteReq,44734
UpdateRouteReq,42914
FindNodeReq,113665
FindNodeRsp,134708
FindNodeReq,170931
FindNodeRsp,132971
FindNodeReq,161731
FindNodeReq,164427
UpdateRouteReq,189900
UpdateRouteReq,144741
FindNodeReq,169116
UpdateRouteReq,50959
UpdateRouteReq,149320
UpdateRouteReq,82485
UpdateRouteReq,131125
UpdateRouteReq,213701
UpdateRouteReq,86565
UpdateRouteReq,67057
UpdateRouteReq,48815
UpdateRouteReq,46933
FindNodeReq,168848
UpdateRouteReq,112605
UpdateRouteReq,115033
UpdateRouteReq,103998
UpdateRouteReq,47603
UpdateRouteReq,95445
UpdateRouteReq,73831
FindNodeRsp,104038
FindNodeReq,166292
UpdateRouteReq,49699
UpdateRouteReq,193651
UpdateRouteReq,143750
UpdateRouteReq,196218
UpdateRouteReq,233382
UpdateRouteReq,60429
UpdateRouteReq,97168
FindNodeReq,171158
UpdateRouteReq,89717
UpdateRouteReq,147739
UpdateRouteReq,202253
UpdateRouteReq,144269
UpdateRouteReq,193968
UpdateRouteReq,237637
UpdateRouteReq,62039
UpdateRouteReq,190556
UpdateRouteReq,82722
UpdateRouteReq,103482
UpdateRouteReq,65075
UpdateRouteReq,247149
QueryRouteReq,89250
UpdateRouteReq,223488
QueryRouteReq,92119
UpdateRouteReq,103034
PathSetupReq,44479
UpdateRouteReq,102659
UpdateRouteReq,127073
UpdateRouteReq,158977
FindNodeReq,165336
FindNodeReq,159576
UpdateRouteReq,189629
UpdateRouteReq,82597
UpdateRouteReq,75557
UpdateRouteReq,207184
QueryRouteReq,379488
UpdateRouteReq,309937
UpdateRouteReq,43546
UpdateRouteReq,163289
UpdateRouteReq,147765
QueryRouteReq,131041
UpdateRouteReq,98241
PathSetupReq,62147
UpdateRouteReq,75271
FindNodeRsp,108624
FindNodeReq,158599
FindNodeReq,156732
FindNodeReq,164725
UpdateRouteReq,253236
UpdateRouteReq,509465
UpdateRouteReq,663386
UpdateRouteReq,422206
UpdateRouteReq,534626
UpdateRouteReq,245760
UpdateRouteReq,102695
FindNodeRsp,132577
UpdateRouteReq,244627
UpdateRouteReq,316044
UpdateRouteReq,474202
UpdateRouteReq,707028
UpdateRouteReq,417876
UpdateRouteReq,87618
UpdateRouteReq,62039
UpdateRouteReq,58903
UpdateRouteReq,69658
UpdateRouteReq,58367
UpdateRouteReq,213760
FindNodeRsp,119417
UpdateRouteReq,130705
UpdateRouteReq,75206
UpdateRouteReq,529857
UpdateRouteReq,460903
UpdateRouteReq,685529
UpdateRouteReq,472306
UpdateRouteReq,626901
UpdateRouteReq,337433
UpdateRouteReq,99991
UpdateRouteReq,86220
UpdateRouteReq,176931
UpdateRouteReq,350860
FindNodeRsp,118868
QueryRouteReq,249138
UpdateRouteReq,72367
UpdateRouteReq,77271
UpdateRouteReq,89017
PathSetupReq,64799
UpdateRouteReq,134197
PathSetupReq,64785
FindNodeRsp,118088
UpdateRouteReq,115297
UpdateRouteReq,114827
FindNodeReq,161672
FindNodeReq,172928
UpdateRouteReq,296446
UpdateRouteReq,388001
FindNodeReq,110606
UpdateRouteReq,46967
UpdateRouteReq,230471
UpdateRouteReq,364881
UpdateRouteReq,484145
UpdateRouteReq,77109
UpdateRouteReq,65349
FindNodeReq,129071
UpdateRouteReq,61486
UpdateRouteReq,136013
UpdateRouteReq,257289
UpdateRouteReq,305664
UpdateRouteReq,262910
UpdateRouteReq,380293
UpdateRouteReq,342648
UpdateRouteReq,375439
UpdateRouteReq,61129
UpdateRouteReq,60015
FindNodeReq,219970
FindNodeReq,165913
UpdateRouteReq,523814
PathSetupReq,62756
PathSetupReq,120767
UpdateRouteReq,75318
PathSetupReq,128975
UpdateRouteReq,86036
UpdateRouteReq,112577
UpdateRouteReq,143136
UpdateRouteReq,93923
UpdateRouteReq,203529
UpdateRouteReq,111870
UpdateRouteReq,321245
UpdateRouteReq,403871
UpdateRouteReq,453960
UpdateRouteReq,708288
UpdateRouteReq,803708
UpdateRouteReq,890329
UpdateRouteReq,329817
FindNodeReq,172000
UpdateRouteReq,233350
UpdateRouteReq,601463
UpdateRouteReq,493296
UpdateRouteReq,653967
UpdateRouteReq,261742
UpdateRouteReq,377650
FindNodeReq,215347
UpdateRouteReq,70527
UpdateRouteReq,62746
UpdateRouteReq,92606
PathTeardownReq,50025
PNHello,124512
PNDiscRsp,70282
FindNodeRsp,120458
QueryRouteReq,172064
UpdateRouteReq,335465
UpdateRouteReq,75603
QueryRouteReq,124546
UpdateRouteReq,87938
PathSetupReq,65831
FindNodeReq,167339
UpdateRouteReq,186871
UpdateRouteReq,59612
UpdateRouteReq,115682
UpdateRouteReq,479044
UpdateRouteReq,576365
UpdateRouteReq,812169
UpdateRouteReq,654536
UpdateRouteReq,856220
UpdateRouteReq,297750
FindNodeReq,161251
FindNodeReq,183465
UpdateRouteReq,337592
UpdateRouteReq,103862
FindNodeRsp,108725
UpdateRouteReq,100652
FindNodeReq,157920
FindNodeReq,158691
FindNodeReq,168341
UpdateRouteReq,284913
UpdateRouteReq,396368
UpdateRouteReq,647617
UpdateRouteReq,342802
UpdateRouteReq,277401
UpdateRouteReq,95771
UpdateRouteReq,97767
FindNodeReq,185696
FindNodeRsp,100045
UpdateRouteReq,64451
UpdateRouteReq,72539
FindNodeReq,115898
UpdateRouteReq,68423
UpdateRouteReq,193658
UpdateRouteReq,207424
UpdateRouteReq,65029
UpdateRouteReq,91505
QueryRouteReq,102026
UpdateRouteReq,57979
UpdateRouteReq,52575
PathSetupReq,41085
UpdateRouteReq,44891
UpdateRouteReq,57156
UpdateRouteReq,97227
UpdateRouteReq,166278
UpdateRouteReq,242615
UpdateRouteReq,91651
FindNodeReq,119097
UpdateRouteReq,375097
UpdateRouteReq,237066
UpdateRouteReq,171600
UpdateRouteReq,157568
UpdateRouteReq,143596
UpdateRouteReq,171697
FindNodeRsp,145652
FindNodeReq,112234
UpdateRouteReq,163268
UpdateRouteReq,224619
UpdateRouteReq,343872
UpdateRouteReq,414887
UpdateRouteReq,329540
UpdateRouteReq,492653
UpdateRouteReq,625490
UpdateRouteReq,785474
UpdateRouteReq,502383
UpdateRouteReq,287354
UpdateRouteReq,228910
UpdateRouteReq,199478
UpdateRouteReq,265544
UpdateRouteReq,364376
UpdateRouteReq,107159
UpdateRouteReq,176049
UpdateRouteReq,129761
UpdateRouteReq,116725
UpdateRouteReq,59084
UpdateRouteReq,108358
UpdateRouteReq,52335
UpdateRouteReq,48912
UpdateRouteReq,51238
UpdateRouteReq,78077
PathTeardownReq,41050
QueryRouteReq,214032
UpdateRouteReq,195932
FindNodeRsp,121066
FindNodeReq,135529
UpdateRouteReq,68538
UpdateRouteReq,103528
PathSetupReq,106769
UpdateRouteReq,88538
UpdateRouteReq,80702
UpdateRouteReq,83033
UpdateRouteReq,130022
QueryRouteReq,144026
UpdateRouteReq,46994
UpdateRouteReq,76210
UpdateRouteReq,92702
UpdateRouteReq,103527
UpdateRouteReq,189245
UpdateRouteReq,126949
UpdateRouteReq,168969
FindNodeReq,160064
FindNodeReq,164738
UpdateRouteReq,188316
UpdateRouteReq,123290
PNDiscReq,125087
UpdateRouteReq,107873
QueryRouteReq,79626
UpdateRouteReq,46379
QueryRouteReq,145331
UpdateRouteReq,118868
UpdateRouteReq,49738
PathSetupReq,39334
FindNodeReq,160792
UpdateRouteReq,188797
FindNodeRsp,92433
FindNodeReq,161980
UpdateRouteReq,97034
FindNodeReq,163778
UpdateRouteReq,73125
UpdateRouteReq,79662
PathTeardownReq,41759
QueryRouteReq,193696
UpdateRouteReq,156917
QueryRouteReq,102429
UpdateRouteReq,199471
FindNodeRsp,67262
UpdateRouteReq,42552
UpdateRouteReq,46659
PathSetupReq,39038
UpdateRouteReq,57065
UpdateRouteReq,44679
UpdateRouteReq,73624
UpdateRouteReq,75774
UpdateRouteReq,53775
UpdateRouteReq,48526
FindNodeReq,168338
UpdateRouteReq,127111
UpdateRouteReq,101698
PathTeardownReq,44611
UpdateRouteReq,92390
UpdateRouteReq,181765
QueryRouteReq,219761
UpdateRouteReq,70420
UpdateRouteReq,110214
UpdateRouteReq,197362
UpdateRouteReq,149925
UpdateRouteReq,63598
UpdateRouteReq,175984
UpdateRouteReq,133265
UpdateRouteReq,129364
UpdateRouteReq,201289
FindNodeReq,166784
UpdateRouteReq,88782
UpdateRouteReq,45666
QueryRouteReq,83291
UpdateRouteReq,75924
UpdateRouteReq,110716
UpdateRouteReq,46545
UpdateRouteReq,152918
QueryRouteReq,168924
UpdateRouteReq,134413
UpdateRouteReq,95442
UpdateRouteReq,218517
UpdateRouteReq,153917
QueryRouteReq,245558
UpdateRouteReq,202685
UpdateRouteReq,154733
QueryRouteReq,212249
UpdateRouteReq,248891
FindNodeRsp,344186
UpdateRouteReq,449412
Error,113517
UpdateRouteReq,125629
Error,118669
UpdateRouteReq,124397
UpdateRouteReq,50623
Error,150876
Error,198324
PathSetupReq,40823
UpdateRouteReq,94033
Error,144800
QueryRouteReq,186669
UpdateRouteReq,67431
Error,115566
Error,137397
Error,54697
FindNodeRsp,174258
FindNodeRsp,193407
UpdateRouteReq,239893
UpdateRouteReq,273486
Error,144365
UpdateRouteReq,263929
UpdateRouteReq,44639
UpdateRouteReq,57494
UpdateRouteReq,79218
UpdateRouteReq,99858
FindNodeReq,166103
UpdateRouteReq,96734
UpdateRouteReq,236131
UpdateRouteReq,429507
UpdateRouteReq,591529
UpdateRouteReq,377124
UpdateRouteReq,670390
FindNodeReq,841905
UpdateRouteReq,419139
UpdateRouteReq,294322
FindNodeReq,161724
UpdateRouteReq,531283
UpdateRouteReq,176076
UpdateRouteReq,145676
UpdateRouteReq,61511
PathSetupReq,57363
UpdateRouteReq,81317
QueryRouteReq,189436
UpdateRouteReq,372200
FindNodeRsp,428194
QueryRouteReq,455066
UpdateRouteReq,136573
UpdateRouteReq,127052
UpdateRouteReq,72349
UpdateRouteReq,77739
PathSetupReq,62668
UpdateRouteReq,68131
UpdateRouteReq,261398
UpdateRouteReq,341804
UpdateRouteReq,551600
UpdateRouteReq,751392
UpdateRouteReq,311614
FindNodeReq,166316
UpdateRouteReq,323581
PathTeardownReq,49413
UpdateRouteReq,97042
QueryRouteReq,180379
FindNodeRsp,91318
FindNodeReq,239664
UpdateRouteReq,121764
PathSetupReq,159440
UpdateRouteReq,129271
UpdateRouteReq,112493
UpdateRouteReq,136657
UpdateRouteReq,223794
UpdateRouteReq,90822
UpdateRouteReq,74552
UpdateRouteReq,74046
UpdateRouteReq,82427
UpdateRouteReq,52945
UpdateRouteReq,296320
UpdateRouteReq,58379
UpdateRouteReq,57339
UpdateRouteReq,59442
FindNodeRsp,155941
FindNodeRsp,114306
UpdateRouteReq,110422
FindNodeReq,157260
FindNodeReq,158942
UpdateRouteReq,70589
UpdateRouteReq,91198
UpdateRouteReq,94506
UpdateRouteReq,190147
UpdateRouteReq,145493
FindNodeReq,167495
PathTeardownReq,100693
FindNodeReq,173793
UpdateRouteReq,187094
QueryRouteReq,167600
UpdateRouteReq,58663
QueryRouteReq,88265
UpdateRouteReq,54066
UpdateRouteReq,48720
UpdateRouteReq,76118
PathSetupReq,43921
UpdateRouteReq,72811
FindNodeReq,165921
UpdateRouteReq,109444
UpdateRouteReq,100808
PathTeardownReq,44554
UpdateRouteReq,181184
QueryRouteReq,76706
UpdateRouteReq,48030
UpdateRouteReq,59207
PathSetupReq,47751
UpdateRouteReq,77143
FindNodeReq,170688
UpdateRouteReq,107414
UpdateRouteReq,57682
UpdateRouteReq,142957
UpdateRouteReq,93579
UpdateRouteReq,74326
PathSetupReq,62414
UpdateRouteReq,76258
UpdateRouteReq,121198
QueryRouteReq,199832
UpdateRouteReq,152072
QueryRouteReq,86926
UpdateRouteReq,220103
UpdateRouteReq,52275
UpdateRouteReq,78818
PathSetupReq,39535
UpdateRouteReq,51568
UpdateRouteReq,200926
FindNodeReq,169368
UpdateRouteReq,66662
UpdateRouteReq,143253
UpdateRouteReq,73783
UpdateRouteReq,43057
UpdateRouteReq,89024
UpdateRouteReq,96478
UpdateRouteReq,166224
UpdateRouteReq,46865
UpdateRouteReq,90030
UpdateRouteReq,78134
UpdateRouteReq,49483
UpdateRouteReq,50203
UpdateRouteReq,48029
UpdateRouteReq,60387
PathTeardownReq,43424
FindNodeRsp,163856
QueryRouteReq,230128
UpdateRouteReq,258235
UpdateRouteReq,391400
UpdateRouteReq,215542
UpdateRouteReq,75809
PathSetupReq,39113
UpdateRouteReq,76530
UpdateRouteReq,138174
UpdateRouteReq,105657
QueryRouteReq,78224
UpdateRouteReq,49891
UpdateRouteReq,45050
UpdateRouteReq,76670
PathTeardownReq,44432
FindNodeRsp,101825
FindNodeRsp,159380
QueryRouteReq,227501
UpdateRouteReq,151185
UpdateRouteReq,210472
UpdateRouteReq,44371
QueryRouteReq,174043
UpdateRouteReq,134882
FindNodeReq,177743
FindNodeReq,96958
UpdateRouteReq,46155
FindNodeReq,95502
UpdateRouteReq,85034
UpdateRouteReq,135804
UpdateRouteReq,139253
UpdateRouteReq,193917
UpdateRouteReq,65809
UpdateRouteReq,167536
UpdateRouteReq,175349
UpdateRouteReq,308130
UpdateRouteReq,84599
PathSetupReq,87867
FindNodeReq,166960
UpdateRouteReq,186171
UpdateRouteReq,94752
UpdateRouteReq,133917
UpdateRouteReq,47952
UpdateRouteReq,43904
UpdateRouteReq,46428
UpdateRouteReq,53995
UpdateRouteReq,44780
UpdateRouteReq,55824
UpdateRouteReq,76022
PathTeardownReq,47406
UpdateRouteReq,233993
UpdateRouteReq,121526
UpdateRouteReq,46963
UpdateRouteReq,177689
UpdateRouteReq,275644
UpdateRouteReq,75786
UpdateRouteReq,51286
QueryRouteReq,120686
UpdateRouteReq,61135
PathSetupReq,42221
UpdateRouteReq,48211
UpdateRouteReq,46427
UpdateRouteReq,46339
UpdateRouteReq,48136
UpdateRouteReq,116802
UpdateRouteReq,154279
FindNodeRsp,75388
UpdateRouteReq,261914
UpdateRouteReq,296041
UpdateRouteReq,52871
PathSetupReq,41013
Error,170868
FindNodeRsp,102417
Error,108567
FindNodeRsp,100356
UpdateRouteReq,47017
UpdateRouteReq,46459
UpdateRouteReq,48983
UpdateRouteReq,97346
UpdateRouteReq,59006
FindNodeRsp,145551
UpdateRouteReq,265863
UpdateRouteReq,393288
QueryRouteReq,71440
UpdateRouteReq,51923
QueryRouteReq,94132
UpdateRouteReq,52686
PathSetupReq,39800
UpdateRouteReq,75226
FindNodeReq,117606
UpdateRouteReq,141610
UpdateRouteReq,46787
UpdateRouteReq,46247
UpdateRouteReq,45596
UpdateRouteReq,80266
UpdateRouteReq,44755
UpdateRouteReq,42279
UpdateRouteReq,68759
UpdateRouteReq,160812
FindNodeReq,139993
UpdateRouteReq,47523
PathTeardownReq,44921
UpdateRouteReq,46852
UpdateRouteReq,48187
QueryRouteReq,72662
UpdateRouteReq,43349
UpdateRouteReq,44807
UpdateRouteReq,46719
UpdateRouteReq,43419
QueryRouteReq,133581
FindNodeReq,158381
FindNodeReq,156430
FindNodeReq,127033
FindNodeReq,178325
UpdateRouteReq,47629
UpdateRouteReq,43303
UpdateRouteReq,266204
UpdateRouteReq,215963
UpdateRouteReq,47699
QueryRouteReq,140730
FindNodeRsp,111305
UpdateRouteReq,63279
UpdateRouteReq,152227
UpdateRouteReq,46741
FindNodeRsp,138328
UpdateRouteReq,174184
QueryRouteReq,233028
UpdateRouteReq,49335
QueryRouteReq,88234
UpdateRouteReq,54766
PathSetupReq,41134
UpdateRouteReq,46519
UpdateRouteReq,52581
UpdateRouteReq,73087
PathSetupReq,62047
UpdateRouteReq,44965
UpdateRouteReq,45134
UpdateRouteReq,225453
UpdateRouteReq,255696
UpdateRouteReq,393364
UpdateRouteReq,47431
UpdateRouteReq,49154
PathTeardownReq,44278
QueryRouteReq,189423
UpdateRouteReq,152480
FindNodeRsp,60642
QueryRouteReq,79190
UpdateRouteReq,47887
FindNodeReq,112298
UpdateRouteReq,50947
PathSetupReq,38496
UpdateRouteReq,74097
UpdateRouteReq,46295
UpdateRouteReq,60751
UpdateRouteReq,198032
FindNodeReq,167172
FindNodeReq,167027
FindNodeReq,111625
UpdateRouteReq,44152
FindNodeReq,212375
UpdateRouteReq,73758
UpdateRouteReq,45494
UpdateRouteReq,48668
UpdateRouteReq,47261
UpdateRouteReq,44765
FindNodeRsp,132124
UpdateRouteReq,48183
FindNodeReq,167167
UpdateRouteReq,47235
UpdateRouteReq,42757
UpdateRouteReq,253987
UpdateRouteReq,339200
UpdateRouteReq,529665
UpdateRouteReq,271519
PathSetupReq,61890
FindNodeReq,166036
PathSetupReq,69594
UpdateRouteReq,46735
PathSetupReq,58703
UpdateRouteReq,116277
UpdateRouteReq,113436
FindNodeReq,202391
UpdateRouteReq,171288
UpdateRouteReq,178376
FindNodeReq,237355
UpdateRouteReq,245340
UpdateRouteReq,253084
FindNodeReq,310569
UpdateRouteReq,318646
UpdateRouteReq,66493
FindNodeReq,118562
PathTeardownReq,65882
FindNodeReq,145893
FindNodeReq,153520
UpdateRouteReq,204412
QueryRouteReq,120688
FindNodeRsp,114708
UpdateRouteReq,58967
PathSetupReq,63363
UpdateRouteReq,62860
UpdateRouteReq,1565142
Error,1628456
UpdateRouteReq,1634616
Error,353193
UpdateRouteReq,375148
UpdateRouteReq,388305
FindNodeRsp,432443
QueryRouteReq,270263
FindNodeRsp,323885
UpdateRouteReq,78427
FindNodeReq,171382
FindNodeRsp,141392
UpdateRouteReq,264743
QueryRouteReq,371845
QueryRouteReq,101922
UpdateRouteReq,58933
PathSetupReq,47199
UpdateRouteReq,71119
FindNodeReq,159833
UpdateRouteReq,325689
UpdateRouteReq,156353
FindNodeReq,163632
FindNodeReq,158002
FindNodeReq,123472
UpdateRouteReq,68206
UpdateRouteReq,238580
UpdateRouteReq,138957
UpdateRouteReq,262283
PathTeardownReq,41039
UpdateRouteReq,51359
FindNodeReq,159676
QueryRouteReq,187792
UpdateRouteReq,197906
UpdateRouteReq,49730
FindNodeRsp,68520
UpdateRouteReq,47639
PathSetupReq,38605
UpdateRouteReq,68487
UpdateRouteReq,44911
UpdateRouteReq,92278
FindNodeReq,184848
UpdateRouteReq,242642
UpdateRouteReq,173180
PathSetupReq,46390
UpdateRouteReq,74282
UpdateRouteReq,77964
FindNodeReq,150281
UpdateRouteReq,263599
UpdateRouteReq,392712
QueryRouteReq,78720
UpdateRouteReq,71237
PathSetupReq,38677
FindNodeRsp,84678
UpdateRouteReq,108164
Error,148893
Error,129455
FindNodeRsp,92362
Error,43593
Error,88794
Error,90482
Error,108426
Error,82257
UpdateRouteReq,110505
Error,175515
Error,155192
UpdateRouteReq,309068
Error,426082
UpdateRouteReq,434052
UpdateRouteReq,145724
FindNodeReq,115455
UpdateRouteReq,63842
FindNodeRsp,79374
QueryRouteReq,81638
UpdateRouteReq,90291
UpdateRouteReq,43096
UpdateRouteReq,64158
UpdateRouteReq,58655
UpdateRouteReq,47805
UpdateRouteReq,71156
UpdateRouteReq,45008
UpdateRouteReq,42527
UpdateRouteReq,73098
FindNodeReq,110359
UpdateRouteReq,44979
UpdateRouteReq,49119
UpdateRouteReq,45111
UpdateRouteReq,46691
UpdateRouteReq,70622
FindNodeRsp,126098
UpdateRouteReq,45224
UpdateRouteReq,45811
UpdateRouteReq,117385
UpdateRouteReq,43695
UpdateRouteReq,42444
UpdateRouteReq,42203
PathTeardownReq,44973
UpdateRouteReq,55931
FindNodeReq,89987
FindNodeReq,141449
FindNodeReq,84926
FindNodeReq,76037
UpdateRouteReq,49687
FindNodeReq,151985
UpdateRouteReq,68729
FindNodeReq,127747
Error,95494
UpdateRouteReq,52779
UpdateRouteReq,44254
UpdateRouteReq,69866
UpdateRouteReq,47547
PathSetupReq,35232
FindNodeReq,139269
Error,97858
Error,85796
Error,84636
UpdateRouteReq,47995
FindNodeReq,143450
Error,109924
UpdateRouteReq,69211
FindNodeReq,155449
PathTeardownReq,81102
UpdateRouteReq,327595
Error,393223
Error,434195
Error,199568
UpdateRouteReq,209861
Error,277680
Error,314838
Error,125229
Error,161249
Error,202435
Error,242004
Error,161208
FindNodeRsp,194840
FindNodeRsp,202631
Error,249945
Error,264264
Error,91643
Error,129865
FindNodeRsp,183938
UpdateRouteReq,191707
Error,194600
Error,133085
Error,177046
Error,219511
UpdateRouteReq,226846
UpdateRouteReq,125507
UpdateRouteReq,55828
FindNodeRsp,72509
UpdateRouteReq,218265
UpdateRouteReq,276584
Error,320082
UpdateRouteReq,328126
PathSetupReq,335539
Error,262046
Error,318800
PathTeardownReq,330552
Error,370995
FindNodeRsp,387987
Error,390837
Error,434885
FindNodeRsp,458318
Error,501549
FindNodeRsp,517896
Error,521322
Error,221615
Error,221119
Error,261478
Error,300741
Error,303596
Error,395360
Error,267933
Error,295397
Error,328473
Error,389597
Error,429527
Error,466208
Error,505101
Error,204263
FindNodeReq,241602
Error,257901
Error,261594
Error,302535
FindNodeReq,348413
Error,366264
FindNodeRsp,402963
Error,419265
FindNodeReq,293235
Error,214955
Error,282843
FindNodeReq,605391
Error,717035
UpdateRouteReq,798797
Error,862133
Error,999145
FindNodeReq,351505
FindNodeReq,412383
UpdateRouteReq,423980
UpdateRouteReq,591835
UpdateRouteReq,237302
UpdateRouteReq,226863
PathSetupReq,221983
UpdateRouteReq,215332
FindNodeRsp,214991
UpdateRouteReq,209545
FindNodeRsp,149784
UpdateRouteReq,158777
QueryRouteReq,159876
FindNodeRsp,191092
UpdateRouteReq,71045
FindNodeRsp,108972
FindNodeRsp,87080
FindNodeRsp,95076
FindNodeRsp,100387
FindNodeRsp,118212
UpdateRouteReq,72337
UpdateRouteReq,73025
UpdateRouteReq,222773
UpdateRouteReq,152612
UpdateRouteReq,80875
FindNodeReq,152177
FindNodeReq,97282
FindNodeReq,79296
UpdateRouteReq,50793
FindNodeReq,149160
UpdateRouteReq,224301
FindNodeReq,88874
UpdateRouteReq,46141
UpdateRouteReq,37448
FindNodeReq,94526
UpdateRouteReq,64270
FindNodeReq,99734
FindNodeReq,95572
UpdateRouteReq,58115
UpdateRouteReq,57303
FindNodeRsp,82782
FindNodeReq,88296
FindNodeReq,80314
FindNodeReq,80060
Error,45882
Error,40583
Error,171321
UpdateRouteReq,82450
Error,137620
UpdateRouteReq,78263
Error,141513
Error,131959
Error,80664
Error,201955
UpdateRouteReq,76945
UpdateRouteReq,81907
PathTeardownReq,56050
FindNodeReq,148791
UpdateRouteReq,65205
Error,157749
UpdateRouteReq,51128
PathSetupReq,60646
UpdateRouteReq,47033
UpdateRouteReq,67243
UpdateRouteReq,110306
PathTeardownReq,66598
Error,142704
UpdateRouteReq,114498
PathSetupReq,61518
UpdateRouteReq,62035
PathTeardownReq,45403
UpdateRouteReq,118967
UpdateRouteReq,45297
Error,89478
UpdateRouteReq,91419
PathSetupReq,81488
UpdateRouteReq,45619
UpdateRouteReq,73797
UpdateRouteReq,99142
PathTeardownReq,85089
UpdateRouteReq,57832
Error,73421
UpdateRouteReq,63135
PathSetupReq,59151
Error,81711
UpdateRouteReq,84018
Error,57012
UpdateRouteReq,71465
Error,40123
UpdateRouteReq,42306
Error,128244
Error,128624
Error,83743
Error,69524
Error,40710
UpdateRouteReq,47308
UpdateRouteReq,54623
UpdateRouteReq,41819
PathTeardownReq,60206
UpdateRouteReq,76998
UpdateRouteReq,47774
UpdateRouteReq,70088
PathSetupReq,37990
Error,125766
UpdateRouteReq,46391
UpdateRouteReq,41607
PathTeardownReq,45479
UpdateRouteReq,50183
Error,103671
UpdateRouteReq,45293
PathSetupReq,91176
UpdateRouteReq,83018
UpdateRouteReq,50111
UpdateRouteReq,40460
UpdateRouteReq,75351
UpdateRouteReq,52212
PathTeardownReq,38537
Error,93838
UpdateRouteReq,48227
PathSetupReq,32549
PathTeardownReq,35446
UpdateRouteReq,72298
Error,105060
PathSetupReq,53603
PathTeardownReq,53892
FindNodeReq,177208
UpdateRouteReq,175017
UpdateRouteReq,63202
UpdateRouteReq,64619
Error,82602
UpdateRouteReq,57411
Error,62954
Error,65936
UpdateRouteReq,81251
UpdateRouteReq,67616
Error,73589
UpdateRouteReq,74238
PathSetupReq,34547
FindNodeReq,137353
Error,97434
Error,184291
UpdateRouteReq,182732
Error,100918
Error,84720
Error,43143
PathTeardownReq,49625
UpdateRouteReq,43295
UpdateRouteReq,42466
QueryRouteReq,72271
UpdateRouteReq,94114
UpdateRouteReq,90603
UpdateRouteReq,49748
PathSetupReq,60174
PathTeardownReq,38015
UpdateRouteReq,71855
PathSetupReq,36042
Error,135818
UpdateRouteReq,48055
UpdateRouteReq,42775
UpdateRouteReq,40029
PathTeardownReq,44878
FindNodeReq,188896
FindNodeReq,160663
UpdateRouteReq,51325
UpdateRouteReq,52862
Error,109182
UpdateRouteReq,50311
PathSetupReq,34034
UpdateRouteReq,50015
UpdateRouteReq,42259
PathTeardownReq,86808
FindNodeReq,204540
Error,105874
Error,99710
Error,95416
UpdateRouteReq,93474
FindNodeReq,153091
FindNodeRsp,73142
FindNodeReq,132050
Error,78290
Error,43203
Error,40147
FindNodeReq,161763
FindNodeRsp,60906
FindNodeReq,126921
Error,113331
Error,89136
Error,86823
Error,50097
FindNodeReq,132071
FindNodeReq,153084
FindNodeReq,127725
FindNodeReq,150651
FindNodeReq,126630
FindNodeRsp,58883
FindNodeReq,126046
Error,77337
Error,44056
Error,38079
FindNodeReq,134730
FindNodeReq,155746
FindNodeReq,151335
FindNodeRsp,59575
FindNodeReq,128188
FindNodeReq,136917
FindNodeReq,128413
FindNodeReq,129072
FindNodeReq,173953
FindNodeReq,152957
FindNodeReq,153695
FindNodeReq,153102
FindNodeReq,156313
FindNodeReq,127016
PNHello,118812
PNDiscRsp,86938
FindNodeReq,151721
FindNodeReq,152101
FindNodeReq,128056
FindNodeReq,127926
FindNodeReq,129354
FindNodeReq,145882
FindNodeReq,128354
FindNodeReq,127108
FindNodeReq,158280
FindNodeReq,130128
FindNodeReq,151115
FindNodeReq,155678
FindNodeReq,130469
FindNodeReq,127785
FindNodeRsp,62414
FindNodeReq,127990
FindNodeReq,154372
FindNodeReq,130086
FindNodeReq,128974
FindNodeReq,132113
FindNodeReq,156607
FindNodeReq,131192
FindNodeReq,157484
FindNodeReq,128881
FindNodeReq,130065
PathSetupReq,63955
FindNodeRsp,63659
FindNodeReq,180916
FindNodeReq,132601
FindNodeReq,130567
FindNodeReq,131404
FindNodeReq,130702
FindNodeReq,158067
FindNodeReq,131682
FindNodeReq,201255
FindNodeReq,156849
FindNodeRsp,65240
FindNodeReq,155231
FindNodeReq,154851
FindNodeReq,154716
FindNodeReq,131617
FindNodeReq,132606
FindNodeRsp,64072
FindNodeReq,157680
FindNodeReq,154579
FindNodeReq,133137
FindNodeReq,132659
FindNodeReq,154424
FindNodeReq,130359
FindNodeReq,155994
FindNodeReq,131830
FindNodeReq,131519
FindNodeReq,156736
FindNodeReq,131461
FindNodeReq,131102
FindNodeReq,131145
FindNodeReq,127119
FindNodeReq,156192
FindNodeReq,131565
FindNodeReq,170009
FindNodeReq,177988
FindNodeReq,129233
FindNodeReq,130588
FindNodeReq,129878
FindNodeReq,172346
FindNodeReq,162766
FindNodeReq,129403
FindNodeReq,162695
FindNodeReq,180650
FindNodeRsp,62782
FindNodeReq,112939
FindNodeReq,112438
FindNodeReq,164788
FindNodeReq,113347
FindNodeReq,140431
FindNodeReq,161743
FindNodeReq,160548
FindNodeReq,114056
FindNodeReq,158384
FindNodeReq,124849
FindNodeReq,162061
FindNodeReq,116100
FindNodeReq,112419
FindNodeReq,218140
PathSetupReq,61593
FindNodeReq,114190
FindNodeReq,124609
FindNodeReq,114725
FindNodeReq,159556
FindNodeReq,162252
PNHello,124366
PNDiscRsp,60419
FindNodeReq,161633
